Timestamp,Valid Ratio,Mean Range,Min Range
0.222,1.0,9.835409259237348,0.10000000149011612
0.271,1.0,9.835041430282097,0.10000000149011612
0.321,1.0,9.807612157488864,0.10000000149011612
0.371,1.0,9.697673997179502,0.10000000149011612
0.421,1.0,9.945000000008278,0.10000000149011612
0.471,1.0,9.670734049214257,0.10000000149011612
0.521,1.0,9.807760669311715,0.10000000149011612
0.571,1.0,9.780272162167563,0.10000000149011612
0.621,1.0,9.698013128754166,0.10000000149011612
0.671,1.0,9.91779619620906,0.1274217665195465
0.721,1.0,9.72533751440545,0.10000000149011612
0.771,1.0,9.725331204425958,0.10000000149011612
0.821,1.0,9.807607416622341,0.10000000149011612
0.871,1.0,9.780357913817797,0.10000000149011612
0.921,1.0,9.697829875639743,0.10000000149011612
0.971,1.0,9.670595978924798,0.10000000149011612
1.021,1.0,9.835170372720395,0.10000000149011612
1.071,1.0,9.780400290133224,0.10000000149011612
1.121,1.0,9.780300241439706,0.10000000149011612
1.171,1.0,9.780163919015063,0.10000000149011612
1.221,1.0,9.725162793282006,0.10000000149011612
1.271,1.0,9.780485134716663,0.10000000149011612
1.321,1.0,9.862500000020695,0.10000000149011612
1.371,1.0,9.752905760560598,0.10000000149011612
1.421,1.0,9.835104259062145,0.10000000149011612
1.471,1.0,9.752831755454341,0.10000000149011612
1.522,1.0,9.725256222010486,0.10000000149011612
1.571,1.0,9.807761356876128,0.10000000149011612
1.621,1.0,9.807699192460213,0.10000000149011612
1.671,1.0,9.807804323877725,0.10000000149011612
1.721,1.0,9.807838641914229,0.10000000149011612
1.771,1.0,9.835323920701112,0.10000000149011612
1.821,1.0,9.835144017450512,0.10000000149011612
1.8719999999999999,1.0,9.780092422622774,0.10000000149011612
1.923,1.0,9.752730482175119,0.10000000149011612
1.971,1.0,9.835202611775863,0.10000000149011612
2.021,1.0,9.835198725159797,0.10000000149011612
2.071,1.0,9.80750732196288,0.10000000149011612
2.121,1.0,9.945080106643339,0.10000000149011612
2.171,1.0,9.862655592502819,0.10000000149011612
2.221,1.0,9.725251689222123,0.10000000149011612
2.271,1.0,9.725187998058068,0.10000000149011612
2.322,1.0,9.807519049756229,0.10000000149011612
2.374,1.0,9.807735864176518,0.10000000149011612
2.422,1.0,9.862680040403372,0.10000000149011612
2.475,1.0,9.807847896859878,0.10000000149011612
2.525,1.0,9.752742637838754,0.10000000149011612
2.576,1.0,9.78032855434964,0.10000000149011612
2.625,1.0,9.807679850173493,0.10000000149011612
2.675,1.0,9.917605825886131,0.10000000149011612
2.724,1.0,9.725403191790813,0.10000000149011612
2.775,1.0,9.780556174636715,0.10000000149011612
2.825,1.0,9.835145515244868,0.10000000149011612
2.874,1.0,9.780211684935622,0.10000000149011612
2.924,1.0,9.780217820985449,0.10000000149011612
2.974,1.0,9.807835194737548,0.10000000149011612
3.024,1.0,9.862522832945817,0.10000000149011612
3.077,1.0,9.725166767773528,0.10000000149011612
3.118,1.0,9.890218608371086,0.10000000149011612
3.172,1.0,9.780331167682178,0.10000000149011612
3.225,1.0,9.945000000008278,0.10000000149011612
3.279,1.0,9.752570648739736,0.10000000149011612
3.334,1.0,9.862725961353217,0.10000000149011612
3.377,1.0,9.752746132906113,0.10000000149011612
3.429,1.0,9.835183356453975,0.10000000149011612
3.479,1.0,9.780569855082366,0.10000000149011612
3.536,1.0,9.670496597554948,0.10000000149011612
3.585,1.0,9.752669011470344,0.10000000149011612
3.6390000000000002,1.0,9.807776752797265,0.10000000149011612
3.682,1.0,9.890229119194878,0.10000000149011612
3.734,1.0,9.780344474377731,0.10000000149011612
3.787,1.0,9.69768245410588,0.10000000149011612
3.832,1.0,9.835294585323169,0.10000000149011612
3.886,1.0,9.862722242892616,0.10000000149011612
3.934,1.0,9.862694150602652,0.10000000149011612
3.982,1.0,9.972531029871769,0.11117075383663177
4.037,1.0,9.807831950485706,0.10000000149011612
4.086,1.0,9.752892716001305,0.10000000149011612
4.134,1.0,9.835049805603921,0.10000000149011612
4.184,1.0,9.725609952294164,0.10000000149011612
4.239,1.0,9.697842983156443,0.10000000149011612
4.286,1.0,9.780278895526296,0.10000000149011612
4.335,1.0,9.807649223278794,0.10000000149011612
4.3870000000000005,1.0,9.780288962709408,0.10000000149011612
4.439,1.0,9.835006752982736,0.10000000149011612
4.487,1.0,9.780396611326271,0.10000000149011612
4.537,1.0,9.807821586417655,0.10000000149011612
4.587,1.0,9.697855675799978,0.10000000149011612
4.639,1.0,9.89022941754924,0.10000000149011612
4.687,1.0,9.80765660583145,0.10000000149011612
4.736,1.0,9.752703224598534,0.10000000149011612
4.789,1.0,9.615467398365338,0.10000000149011612
4.839,1.0,9.75272221867409,0.10000000149011612
4.89,1.0,9.752992016470266,0.10000000149011612
4.943,1.0,9.780139973159466,0.10000000149011612
4.985,1.0,9.890000000016556,0.10000000149011612
5.039,1.0,9.780380241179632,0.10000000149011612
5.089,1.0,9.69785065477093,0.10000000149011612
5.138,1.0,9.752733966397743,0.10000000149011612
5.189,1.0,9.917597380570239,0.10000000149011612
5.239,1.0,9.862671438666682,0.10000000149011612
5.289,1.0,9.86254167041431,0.10000000149011612
5.342,1.0,9.917674427438113,0.10146400332450867
5.394,1.0,9.807868943673869,0.10000000149011612
5.439,1.0,9.670422227929036,0.10000000149011612
5.4879999999999995,1.0,9.862710150000122,0.10866100341081619
5.542,1.0,9.752635166193876,0.10000000149011612
5.588,1.0,9.835404546165632,0.10000000149011612
5.641,1.0,9.917578377574682,0.10000000149011612
5.689,1.0,9.862530106575125,0.10000000149011612
5.74,1.0,9.780264395868613,0.10000000149011612
5.795,1.0,9.80765275719265,0.10000000149011612
5.845,1.0,9.807733265890015,0.10000000149011612
5.892,1.0,9.835408947865169,0.10000000149011612
5.943,1.0,9.835341966980033,0.10000000149011612
5.994,1.0,9.835312154247529,0.10000000149011612
6.043,1.0,9.780238900995917,0.10000000149011612
6.091,1.0,9.780229381761616,0.10000000149011612
6.144,1.0,9.80777461917864,0.10000000149011612
6.198,1.0,9.807905807449586,0.10000000149011612
6.252,1.0,9.780346321728494,0.10000000149011612
6.293,1.0,9.725296942372289,0.10000000149011612
6.345,1.0,9.86271306524674,0.10000000149011612
6.394,1.0,9.890140066233775,0.10000000149011612
6.448,1.0,9.780551497265696,0.10000000149011612
6.493,1.0,9.862805783645147,0.10000000149011612
6.538,1.0,9.83536198006736,0.10000000149011612
6.592,1.0,9.835270179228651,0.10000000149011612
6.643,1.0,9.75283075744907,0.10000000149011612
6.692,1.0,9.862732317650483,0.10000000149011612
6.744,1.0,9.78025963149137,0.10000000149011612
6.793,1.0,9.780162133048806,0.10000000149011612
6.843,1.0,9.835127227815489,0.10000000149011612
6.894,1.0,9.807738553380801,0.10000000149011612
6.942,1.0,9.780226046074596,0.10000000149011612
6.992,1.0,9.780302505712543,0.10000000149011612
7.047,1.0,9.752811565643384,0.10000000149011612
7.093,1.0,9.862662910483778,0.10000000149011612
7.148,1.0,9.807694932859805,0.10000000149011612
7.193,1.0,9.835293694689042,0.10000000149011612
7.244,1.0,9.780421866993937,0.10000000149011612
7.294,1.0,9.752879369672801,0.10000000149011612
7.344,1.0,9.83534311103738,0.10000000149011612
7.394,1.0,9.615285097331636,0.10000000149011612
7.448,1.0,9.862638726954659,0.10000000149011612
7.501,1.0,9.917741430633598,0.11500120162963867
7.5440000000000005,1.0,9.752606389568085,0.10000000149011612
7.599,1.0,9.725305571200119,0.10000000149011612
7.6530000000000005,1.0,9.86258945076002,0.10000000149011612
7.701,1.0,9.890182266570628,0.10000000149011612
7.752,1.0,9.670372563745413,0.10000000149011612
7.795,1.0,9.725371833725108,0.10000000149011612
7.849,1.0,9.725159082416859,0.10000000149011612
7.901,1.0,9.86252966992971,0.10000000149011612
7.949,1.0,9.8077575068093,0.10000000149011612
8.005,1.0,9.835060800881022,0.10000000149011612
8.057,1.0,9.890340065914724,0.1120283454656601
8.099,1.0,9.807630422380235,0.10000000149011612
8.149,1.0,9.780280190499292,0.10000000149011612
8.201,1.0,9.862697897251282,0.10000000149011612
8.258,1.0,9.780292097934419,0.10000000149011612
8.309,1.0,9.862541189769075,0.10000000149011612
8.356,1.0,9.83509036143207,0.10000000149011612
8.409,1.0,9.83502281844202,0.10000000149011612
8.456,1.0,9.780198227821124,0.10000000149011612
8.509,1.0,9.643200135127538,0.10000000149011612
8.563,1.0,9.780418841499422,0.10000000149011612
8.614,1.0,9.835247720488244,0.10000000149011612
8.666,1.0,9.670414388966229,0.10000000149011612
8.717,1.0,9.835129306279123,0.10000000149011612
8.774000000000001,1.0,9.752796129447718,0.10000000149011612
8.818,1.0,9.862809065770772,0.10000000149011612
8.868,1.0,9.752775675637855,0.10000000149011612
8.918,1.0,9.917611337266862,0.10000000149011612
8.968,1.0,9.835160036819676,0.10000000149011612
9.023,1.0,9.64276565261599,0.10000000149011612
9.068,1.0,9.835092786099349,0.10000000149011612
9.118,1.0,9.67028916331215,0.10000000149011612
9.167,1.0,9.78035477447427,0.10000000149011612
9.219,1.0,9.890342168075342,0.10000000149011612
9.261,1.0,9.78013059536202,0.10000000149011612
9.316,1.0,9.862643790928026,0.10000000149011612
9.368,1.0,9.67019781799366,0.10000000149011612
9.417,1.0,9.643169273311893,0.10000000149011612
9.469,1.0,9.780289201873044,0.10000000149011612
9.526,1.0,9.8079237918266,0.10000000149011612
9.571,1.0,9.862598417326808,0.10000000149011612
9.624,1.0,9.917696870180468,0.10000000149011612
9.675,1.0,9.890041623016199,0.10000000149011612
9.722,1.0,9.835256871022285,0.10000000149011612
9.774000000000001,1.0,9.752815357678466,0.10000000149011612
9.822,1.0,9.807668810586135,0.10000000149011612
9.877,1.0,9.807629207687246,0.10000000149011612
9.922,1.0,9.725300641502772,0.10000000149011612
9.973,1.0,9.807720509212878,0.10000000149011612
10.027,1.0,9.697701168722576,0.10000000149011612
10.074,1.0,9.697711176404523,0.10000000149011612
10.127,1.0,9.862616422772408,0.10000000149011612
10.172,1.0,9.807642459082935,0.10000000149011612
10.222,1.0,9.725442409432597,0.10000000149011612
10.285,1.0,9.80766648641891,0.10000000149011612
10.322,1.0,9.80753776760151,0.10000000149011612
10.379,1.0,9.780180833405918,0.10000000149011612
10.428,1.0,9.807585873827339,0.10000000149011612
10.477,1.0,9.670495973941353,0.10000000149011612
10.527,1.0,9.725192480596403,0.10000000149011612
10.576,1.0,9.7529816178398,0.10000000149011612
10.626,1.0,9.91765757339696,0.10000000149011612
10.675,1.0,9.670352741599912,0.10000000149011612
10.725999999999999,1.0,9.862687079836096,0.10000000149011612
10.776,1.0,9.69776646339645,0.10000000149011612
10.83,1.0,9.670348238282733,0.10000000149011612
10.882,1.0,9.780220894784563,0.10000000149011612
10.926,1.0,9.752794160735275,0.10000000149011612
10.975,1.0,9.697751909163262,0.10000000149011612
11.029,1.0,9.725520837824378,0.10000000149011612
11.07,1.0,9.78031282996138,0.10000000149011612
11.127,1.0,9.780321043336556,0.10000000149011612
11.174,1.0,9.807834062932265,0.10000000149011612
11.228,1.0,9.752861578886707,0.10000000149011612
11.276,1.0,9.835185640491545,0.10000000149011612
11.328,1.0,9.670290114316675,0.10000000149011612
11.376,1.0,9.917620463917652,0.10000000149011612
11.428,1.0,9.807679725190004,0.10000000149011612
11.475999999999999,1.0,9.890000000016556,0.10000000149011612
11.532,1.0,9.890171388288339,0.10000000149011612
11.577,1.0,9.890114166608287,0.10000000149011612
11.637,1.0,9.862712174074517,0.10000000149011612
11.684,1.0,9.86258182991296,0.10000000149011612
11.728,1.0,9.862941909933255,0.10000000149011612
11.78,1.0,9.890136464085016,0.10000000149011612
11.834,1.0,9.83520011148519,0.10000000149011612
11.878,1.0,9.752679239710172,0.10000000149011612
11.935,1.0,9.835012522546782,0.10000000149011612
11.983,1.0,9.835228994447323,0.10000000149011612
12.03,1.0,9.752908423749936,0.10000000149011612
12.08,1.0,9.615416992269456,0.10000000149011612
12.135,1.0,9.862619766862029,0.10000000149011612
12.184,1.0,9.862682927399874,0.10000000149011612
12.231,1.0,9.780279743050535,0.10000000149011612
12.282,1.0,9.835112917692298,0.10000000149011612
12.333,1.0,9.780168447871175,0.10000000149011612
12.383,1.0,9.835329186564518,0.10000000149011612
12.433,1.0,9.890082375518977,0.10000000149011612
12.483,1.0,9.890308820435571,0.10000000149011612
12.533,1.0,9.835056888601846,0.10000000149011612
12.581,1.0,9.725530294453105,0.10000000149011612
12.639,1.0,9.752775423145957,0.10000000149011612
12.683,1.0,9.835167909310096,0.10000000149011612
12.735,1.0,9.945000000008278,0.10000000149011612
12.788,1.0,9.780552327694993,0.10000000149011612
12.835,1.0,9.587791523233884,0.10000000149011612
12.889,1.0,9.807500000028975,0.10000000149011612
12.934,1.0,9.752802768246168,0.10000000149011612
12.987,1.0,9.807605918972856,0.10000000149011612
13.039,1.0,9.588471241895522,0.10000000149011612
13.093,1.0,9.780160450873275,0.10000000149011612
13.139,1.0,9.752928568050265,0.10000000149011612
13.189,1.0,9.698035554794801,0.10000000149011612
13.239,1.0,9.862624387049841,0.10000000149011612
13.291,1.0,9.862686813560625,0.10000000149011612
13.341,1.0,9.890094090232418,0.10000000149011612
13.39,1.0,9.835025415010751,0.10000000149011612
13.441,1.0,9.780452276642125,0.10000000149011612
13.492,1.0,9.67006907771445,0.10000000149011612
13.54,1.0,9.807630791225368,0.10000000149011612
13.589,1.0,9.78031659755442,0.10000000149011612
13.64,1.0,9.890172483026982,0.10000000149011612
13.701,1.0,9.780327629111706,0.10000000149011612
13.744,1.0,9.862652950030235,0.10000000149011612
13.797,1.0,9.72524088209288,0.10000000149011612
13.848,1.0,9.780400216413868,0.10000000149011612
13.899000000000001,1.0,9.807774120858975,0.10000000149011612
13.951,1.0,9.862669094734722,0.10000000149011612
13.996,1.0,9.83522274930858,0.10000000149011612
14.051,1.0,9.642827371983893,0.10000000149011612
14.102,1.0,9.807679349763525,0.10000000149011612
14.153,1.0,9.72525758439054,0.10000000149011612
14.201,1.0,9.752572533653842,0.10000000149011612
14.25,1.0,9.917636264902022,0.10000000149011612
14.301,1.0,9.780351089168754,0.10000000149011612
14.350999999999999,1.0,9.835221505247885,0.10000000149011612
14.4,1.0,10.0,10.0
14.45,1.0,9.835236280411483,0.10000000149011612
14.5,1.0,9.862757570317221,0.10000000149011612
14.553,1.0,9.780057421699166,0.10000000149011612
14.607,1.0,9.917598978243769,0.10000000149011612
14.655,1.0,9.835242397462329,0.10000000149011612
14.703,1.0,9.835297378959755,0.10000000149011612
14.753,1.0,9.807628891078963,0.10000000149011612
14.804,1.0,9.862770839242472,0.10946733504533768
14.857,1.0,9.835304689158995,0.10000000149011612
14.901,1.0,9.780293452781107,0.10000000149011612
14.954,1.0,9.835125791716079,0.10000000149011612
15.003,1.0,9.587998962919745,0.10000000149011612
15.056,1.0,9.835045864122609,0.10000000149011612
15.11,1.0,9.89005241609282,0.10000000149011612
15.151,1.0,9.945159971983069,0.12393730133771896
15.21,1.0,9.917500000012417,0.10000000149011612
15.254,1.0,9.752915505257745,0.10000000149011612
15.31,1.0,9.69791472291367,0.10000000149011612
15.358,1.0,9.670598191850715,0.10000000149011612
15.408,1.0,9.83503887616098,0.10000000149011612
15.459,1.0,9.835345933772624,0.10000000149011612
15.505,1.0,9.890076739237541,0.10000000149011612
15.559,1.0,9.697655676139725,0.10000000149011612
15.612,1.0,9.78022683536013,0.10000000149011612
15.658,1.0,9.917500000012417,0.10000000149011612
15.708,1.0,9.670278211372594,0.10000000149011612
15.759,1.0,9.725792687945068,0.10000000149011612
15.809,1.0,9.945000000008278,0.10000000149011612
15.861,1.0,9.89030086296714,0.10000000149011612
15.909,1.0,9.670259564059476,0.10000000149011612
15.958,1.0,9.560714356394278,0.10000000149011612
16.008,1.0,9.862583266902302,0.10000000149011612
16.057,1.0,9.807638813099928,0.10000000149011612
16.11,1.0,9.752890140459769,0.10000000149011612
16.158,1.0,9.72541812914941,0.10000000149011612
16.208,1.0,9.752777047476007,0.10000000149011612
16.262,1.0,9.752816873830225,0.10000000149011612
16.31,1.0,9.670421435704661,0.10000000149011612
16.358,1.0,9.86266785611709,0.10000000149011612
16.408,1.0,9.697770969072979,0.10000000149011612
16.458,1.0,9.752819100539718,0.10000000149011612
16.51,1.0,9.835198920385706,0.10000000149011612
16.554,1.0,9.862740032167899,0.10000000149011612
16.608,1.0,9.862630329653621,0.10000000149011612
16.66,1.0,9.83516847818262,0.10000000149011612
16.705,1.0,9.780162665723926,0.10000000149011612
16.758,1.0,9.780325319431721,0.10000000149011612
16.81,1.0,9.862804732430313,0.10000000149011612
16.859,1.0,9.862616430802477,0.10000000149011612
16.913,1.0,9.917596061486337,0.10000000149011612
16.963,1.0,9.78021563726167,0.10000000149011612
17.01,1.0,9.780155464220378,0.10000000149011612
17.064,1.0,9.835262693775197,0.10000000149011612
17.111,1.0,9.835297227361137,0.10000000149011612
17.162,1.0,9.890222208408845,0.10000000149011612
17.213,1.0,9.8075646246473,0.10000000149011612
17.271,1.0,9.8352783623048,0.10000000149011612
17.316,1.0,9.698071112814876,0.10000000149011612
17.362,1.0,9.6429191418613,0.10000000149011612
17.415,1.0,9.835429545802375,0.10000000149011612
17.462,1.0,9.945101351104677,0.10000000149011612
17.517,1.0,9.807898116836117,0.10000000149011612
17.561,1.0,9.80777673955179,0.10000000149011612
17.612,1.0,9.835178438160154,0.10000000149011612
17.663,1.0,9.835124000782768,0.10000000149011612
17.719,1.0,9.835288459455802,0.10000000149011612
17.766,1.0,9.890139388831125,0.10000000149011612
17.818,1.0,9.752816872857512,0.10000000149011612
17.866,1.0,9.780132737072806,0.10000000149011612
17.922,1.0,9.725399630703032,0.10000000149011612
17.976,1.0,9.72554524840994,0.10000000149011612
18.017,1.0,9.75272576171491,0.10000000149011612
18.066,1.0,9.780335924339791,0.10000000149011612
18.116,1.0,9.725277377561563,0.10000000149011612
18.171,1.0,9.780376700767212,0.10000000149011612
18.223,1.0,9.780141251948145,0.10000000149011612
18.27,1.0,9.862586674425337,0.10000000149011612
18.32,1.0,9.78022457489537,0.10000000149011612
18.369,1.0,9.725308408981396,0.10000000149011612
18.419,1.0,9.8627049577112,0.10000000149011612
18.477,1.0,9.807791409331063,0.10000000149011612
18.519,1.0,9.890073315406012,0.10000000149011612
18.569,1.0,9.780104215029214,0.10000000149011612
18.62,1.0,9.835206465940509,0.10000000149011612
18.668,1.0,9.725093150366511,0.10000000149011612
18.719,1.0,9.890000000016556,0.10000000149011612
18.769,1.0,9.642717320865227,0.10000000149011612
18.819,1.0,9.69804167933762,0.10000000149011612
18.873,1.0,9.7802013369898,0.10000000149011612
18.919,1.0,9.697672029232812,0.10000000149011612
18.976,1.0,9.91760277642558,0.10000000149011612
19.034,1.0,9.835431907946864,0.10000000149011612
19.071,1.0,9.752766168490052,0.10000000149011612
19.12,1.0,9.835168353799316,0.10000000149011612
19.178,1.0,9.780240833345387,0.10000000149011612
19.235,1.0,9.917662113221983,0.10000000149011612
19.278,1.0,9.780236956228812,0.10000000149011612
19.331,1.0,9.6430123043557,0.10000000149011612
19.382,1.0,9.807816654733486,0.10000000149011612
19.431,1.0,9.890256512537599,0.10000000149011612
19.481,1.0,9.917735619429084,0.11427745223045349
19.547,1.0,9.835114635009733,0.10000000149011612
19.583,1.0,9.862538722157478,0.10000000149011612
19.636,1.0,9.835199956347545,0.10000000149011612
19.687,1.0,9.862611914281215,0.10000000149011612
19.735,1.0,9.807521190163161,0.10000000149011612
19.783,1.0,9.752989231463935,0.10000000149011612
19.837,1.0,9.752697602390414,0.10000000149011612
19.883,1.0,9.835332522975902,0.10000000149011612
19.934,1.0,9.807740416253607,0.10000000149011612
19.984,1.0,9.835205816705194,0.10000000149011612
20.034,1.0,9.83514041463948,0.10000000149011612
20.092,1.0,9.890232977871266,0.10000000149011612
20.142,1.0,9.807656957395375,0.10000000149011612
20.191,1.0,9.862629971073734,0.10000000149011612
20.239,1.0,9.78017950763719,0.10000000149011612
20.295,1.0,9.862607730014457,0.10000000149011612
20.338,1.0,9.835227678240173,0.10000000149011612
20.388,1.0,9.91754261954791,0.10000000149011612
20.44,1.0,9.78038782502214,0.10000000149011612
20.488,1.0,9.890085969223744,0.10000000149011612
20.546,1.0,9.725496487940351,0.10000000149011612
20.589,1.0,9.807720960800847,0.10000000149011612
20.643,1.0,9.890100243087444,0.10000000149011612
20.689,1.0,9.835242937608726,0.10000000149011612
20.746,1.0,9.807783092910217,0.10000000149011612
20.791,1.0,9.83544199363225,0.10000000149011612
20.847,1.0,9.862592269273268,0.10000000149011612
20.897,1.0,9.890130693465471,0.10000000149011612
20.949,1.0,9.807627646128337,0.10000000149011612
20.999,1.0,9.83516859581901,0.10000000149011612
21.059,1.0,9.862736352636583,0.10000000149011612
21.101,1.0,9.86269549926122,0.10000000149011612
21.148,1.0,9.807796882424089,0.10000000149011612
21.199,1.0,9.835424092991484,0.10000000149011612
21.25,1.0,9.75272472155177,0.10000000149011612
21.299,1.0,9.86259519741353,0.10000000149011612
21.35,1.0,9.862862948866354,0.10000000149011612
21.4,1.0,9.807799837531315,0.10000000149011612
21.45,1.0,9.945082490746346,0.10000000149011612
21.501,1.0,9.835230395860142,0.10000000149011612
21.557,1.0,9.890079134516418,0.10000000149011612
21.599,1.0,9.862659032622146,0.10000000149011612
21.664,1.0,9.780194720625877,0.10000000149011612
21.707,1.0,9.862700300891365,0.10000000149011612
21.758,1.0,9.86251196468042,0.10000000149011612
21.811,1.0,9.752822420332167,0.10000000149011612
21.86,1.0,9.835208279970619,0.10000000149011612
21.92,1.0,9.725204142120978,0.10000000149011612
21.966,1.0,9.752696363834872,0.10000000149011612
22.016,1.0,9.835364736471739,0.10000000149011612
22.077,1.0,9.807898651580844,0.10000000149011612
22.114,1.0,9.86274281044801,0.10000000149011612
22.164,1.0,9.725517338141799,0.10000000149011612
22.217,1.0,9.917565430369642,0.10000000149011612
22.266,1.0,9.780271075893607,0.10000000149011612
22.317,1.0,9.835054549305804,0.10000000149011612
22.367,1.0,9.83522386904806,0.10000000149011612
22.416,1.0,9.725393194932904,0.10000000149011612
22.469,1.0,9.835113574936987,0.10000000149011612
22.517,1.0,9.670592033262881,0.10000000149011612
22.566,1.0,9.835346651346319,0.10000000149011612
22.62,1.0,9.780380673892797,0.10000000149011612
22.672,1.0,9.725124589436584,0.10000000149011612
22.717,1.0,9.670577271779377,0.10000000149011612
22.77,1.0,9.780103214871552,0.10000000149011612
22.82,1.0,9.725419729161594,0.10000000149011612
22.867,1.0,9.697903199079963,0.10000000149011612
22.918,1.0,9.862520659466584,0.10000000149011612
22.968,1.0,9.752590579415362,0.10000000149011612
23.019,1.0,9.670233582870829,0.10000000149011612
23.071,1.0,9.89018499735329,0.10000000149011612
23.117,1.0,9.698038510854046,0.10000000149011612
23.167,1.0,9.83529541283432,0.10000000149011612
23.218,1.0,9.945000000008278,0.10000000149011612
23.267,1.0,9.697844301826423,0.10000000149011612
23.316,1.0,9.807649467409485,0.10000000149011612
23.371,1.0,9.780233143125143,0.10000000149011612
23.418,1.0,9.753043703010512,0.10000000149011612
23.47,1.0,9.753309854533937,0.10000000149011612
23.517,1.0,9.780247107665572,0.10000000149011612
23.569,1.0,9.697971343352563,0.10000000149011612
23.623,1.0,9.725541736682256,0.10000000149011612
23.667,1.0,9.835182606677215,0.10000000149011612
23.717,1.0,9.780240639174979,0.10000000149011612
23.767,1.0,9.835155557096005,0.10000000149011612
23.819,1.0,9.67042095772922,0.10000000149011612
23.868,1.0,9.917686181556848,0.10763200372457504
23.917,1.0,9.752795543087025,0.10000000149011612
23.967,1.0,9.835358554290401,0.10000000149011612
24.018,1.0,9.752623594096965,0.10000000149011612
24.077,1.0,9.697942548597025,0.10000000149011612
24.122,1.0,9.780247185669012,0.10000000149011612
24.173,1.0,9.83512309005277,0.10000000149011612
24.223,1.0,9.697943903112577,0.10000000149011612
24.273,1.0,9.835084139017596,0.10000000149011612
24.322,1.0,9.752973785603212,0.10000000149011612
24.374,1.0,9.78019304389341,0.10000000149011612
24.423,1.0,9.752942791125841,0.10000000149011612
24.476,1.0,9.917593391487996,0.10000000149011612
24.522,1.0,9.725275601343148,0.10000000149011612
24.573,1.0,9.807695659684638,0.10000000149011612
24.623,1.0,9.670216713286937,0.10000000149011612
24.677,1.0,9.89011571003745,0.10000000149011612
24.724,1.0,9.752877578946451,0.10000000149011612
24.773,1.0,9.890197883753313,0.10000000149011612
24.831,1.0,9.752742992300126,0.10000000149011612
24.879,1.0,9.80756155749162,0.10000000149011612
24.928,1.0,9.807657364259164,0.10000000149011612
24.985,1.0,9.862536304754515,0.10000000149011612
25.036,1.0,9.86257454223103,0.10000000149011612
25.085,1.0,9.725537285974456,0.10000000149011612
25.135,1.0,9.835220652094318,0.10000000149011612
25.187,1.0,9.807639925864835,0.10000000149011612
25.237,1.0,9.835185802872811,0.10000000149011612
25.286,1.0,9.780166190904048,0.10000000149011612
25.337,1.0,9.890100170816812,0.10000000149011612
25.388,1.0,9.642838626893031,0.10000000149011612
25.437,1.0,9.862704830223487,0.10000000149011612
25.486,1.0,9.807743706906008,0.10000000149011612
25.546,1.0,9.862718275313576,0.10000000149011612
25.592,1.0,9.835148345927397,0.10000000149011612
25.651,1.0,9.862811674301822,0.10000000149011612
25.701999999999998,1.0,9.697886464248102,0.10000000149011612
25.746,1.0,9.752931599339677,0.10000000149011612
25.796,1.0,9.780160268996324,0.10000000149011612
25.851,1.0,9.917558321543037,0.10000000149011612
25.897,1.0,9.78030906089892,0.10000000149011612
25.947,1.0,9.89027565214783,0.10610523819923401
25.994,1.0,9.835224044322967,0.10000000149011612
26.046,1.0,9.862750234372086,0.10000000149011612
26.099,1.0,9.780197155972322,0.10000000149011612
26.146,1.0,9.72526284781181,0.10000000149011612
26.203,1.0,9.780264732965993,0.10000000149011612
26.248,1.0,9.917596265942686,0.10000000149011612
26.301,1.0,9.698069435647792,0.10000000149011612
26.348,1.0,9.917697679354912,0.10000000149011612
26.398,1.0,9.862698929881056,0.10000000149011612
26.443,1.0,9.780428306592835,0.10000000149011612
26.503,1.0,9.615863408996827,0.10000000149011612
26.55,1.0,9.862509313929412,0.10000000149011612
26.602,1.0,9.75290933975743,0.10000000149011612
26.652,1.0,9.7802236109972,0.10000000149011612
26.7,1.0,9.67034728595366,0.10000000149011612
26.75,1.0,9.835346429857115,0.10000000149011612
26.802,1.0,9.752538632415234,0.10000000149011612
26.856,1.0,9.83532272691114,0.10000000149011612
26.902,1.0,9.835357443553706,0.10000000149011612
26.951,1.0,9.86256352286372,0.10000000149011612
27.001,1.0,9.89002294300331,0.10000000149011612
27.051,1.0,9.780095159345203,0.10000000149011612
27.105,1.0,9.835116954458256,0.10000000149011612
27.158,1.0,9.917552801263001,0.10000000149011612
27.201,1.0,9.670242173245384,0.10000000149011612
27.251,1.0,9.7803398385437,0.10000000149011612
27.303,1.0,9.835276471968326,0.10000000149011612
27.351,1.0,9.86278828792274,0.10000000149011612
27.401,1.0,9.642945199459792,0.10000000149011612
27.453,1.0,9.752899424400594,0.10000000149011612
27.501,1.0,9.75256505691343,0.10000000149011612
27.551,1.0,9.807653237320483,0.10000000149011612
27.603,1.0,9.807655073847208,0.10000000149011612
27.654,1.0,9.752732679765257,0.10000000149011612
27.709,1.0,9.780318285855982,0.10000000149011612
27.752,1.0,9.780322582233284,0.10000000149011612
27.802,1.0,9.69801301324947,0.10000000149011612
27.853,1.0,9.780265640467405,0.10000000149011612
27.914,1.0,9.697861997203695,0.10000000149011612
27.951999999999998,1.0,9.862732388907009,0.10000000149011612
28.002,1.0,9.780148721527722,0.10000000149011612
28.056,1.0,9.807708168298834,0.10000000149011612
28.112,1.0,9.780257753531139,0.10000000149011612
28.151,1.0,9.91772707115031,0.11373405158519745
28.201,1.0,9.835294415098097,0.10000000149011612
28.255,1.0,9.807702804543078,0.10000000149011612
28.306,1.0,9.780373817640875,0.10000000149011612
28.362,1.0,9.835445429053571,0.10122136771678925
28.405,1.0,9.780083023880918,0.10000000149011612
28.456,1.0,9.835024757310748,0.10000000149011612
28.505,1.0,9.835211874503228,0.10000000149011612
28.555,1.0,9.725464608561662,0.10000000149011612
28.605,1.0,9.752736281665664,0.10000000149011612
28.66,1.0,9.917500000012417,0.10000000149011612
28.7,1.0,9.835232106492752,0.10000000149011612
28.756,1.0,9.670486985747186,0.10000000149011612
28.806,1.0,9.835367778336837,0.10000000149011612
28.856,1.0,9.780282462491757,0.10000000149011612
28.909,1.0,9.807693904452027,0.10000000149011612
28.955,1.0,9.835044053052034,0.10000000149011612
29.005,1.0,9.725531394510634,0.10000000149011612
29.058,1.0,9.752785122580827,0.10000000149011612
29.119,1.0,9.807827252397935,0.10000000149011612
29.161,1.0,9.890001596531107,0.10000000149011612
29.207,1.0,9.725479078561895,0.10000000149011612
29.257,1.0,9.890101829729975,0.10000000149011612
29.315,1.0,9.752825232636598,0.10000000149011612
29.361,1.0,9.807679427642789,0.10000000149011612
29.407,1.0,9.86285982719726,0.10000000149011612
29.458,1.0,9.780492369313206,0.10000000149011612
29.507,1.0,9.835337671947975,0.10000000149011612
29.56,1.0,9.862571378197106,0.10000000149011612
29.609,1.0,9.725452987353007,0.10000000149011612
29.662,1.0,9.752962930107282,0.10000000149011612
29.708,1.0,9.862689594758882,0.10000000149011612
29.755,1.0,9.78024110785789,0.10000000149011612
29.812,1.0,9.725320123322309,0.10000000149011612
29.861,1.0,9.697913467718495,0.10000000149011612
29.922,1.0,9.80757695560654,0.10000000149011612
29.971,1.0,9.807822412086857,0.10000000149011612
30.01,1.0,9.807714018825855,0.10000000149011612
30.067,1.0,9.807756235553986,0.10000000149011612
30.11,1.0,9.890000000016556,0.10000000149011612
30.164,1.0,9.890210786420438,0.10000000149011612
30.212,1.0,9.780378968744643,0.10000000149011612
30.261,1.0,9.780197541829612,0.10000000149011612
30.31,1.0,9.862629158960448,0.10000000149011612
30.359,1.0,9.75288468102614,0.10000000149011612
30.41,1.0,9.752738255821168,0.10000000149011612
30.46,1.0,9.86278609149158,0.10000000149011612
30.517,1.0,9.917595980337097,0.10000000149011612
30.569,1.0,9.835337713422875,0.10000000149011612
30.61,1.0,9.780210263095796,0.10000000149011612
30.659,1.0,9.725314594763848,0.10000000149011612
30.711,1.0,9.670263434677489,0.10000000149011612
30.757,1.0,9.752900985069573,0.10000000149011612
30.802,1.0,9.725387330498133,0.10000000149011612
30.861,1.0,9.753195583282245,0.10000000149011612
30.914,1.0,9.643094588650598,0.10000000149011612
30.961,1.0,9.917578415303595,0.10000000149011612
31.02,1.0,9.80785523292919,0.10000000149011612
31.063,1.0,9.725343232332833,0.10000000149011612
31.119,1.0,9.752857466083434,0.10000000149011612
31.163,1.0,9.780206272875269,0.10000000149011612
31.217,1.0,9.917581365505855,0.10000000149011612
31.263,1.0,9.75269583320866,0.10000000149011612
31.317,1.0,9.807714693020616,0.10000000149011612
31.378,1.0,9.780060630747014,0.10000000149011612
31.416,1.0,9.862648981871704,0.10000000149011612
31.474,1.0,9.780369907017384,0.10000000149011612
31.516,1.0,9.945000000008278,0.10000000149011612
31.566,1.0,9.753093181923031,0.10000000149011612
31.622,1.0,9.83523442770044,0.10000000149011612
31.671,1.0,9.752772025763988,0.10000000149011612
31.724,1.0,9.917631432289879,0.10000000149011612
31.77,1.0,9.670216358018418,0.10000000149011612
31.82,1.0,9.862500000020695,0.10000000149011612
31.87,1.0,9.89008531531112,0.10000000149011612
31.918,1.0,9.862513297816946,0.10000000149011612
31.972,1.0,9.917500000012417,0.10000000149011612
32.031,1.0,9.615708519414895,0.10000000149011612
32.071,1.0,9.670293325785961,0.10000000149011612
32.125,1.0,9.862725919050474,0.10000000149011612
32.173,1.0,9.780455954890284,0.10000000149011612
32.222,1.0,9.780204562904935,0.10000000149011612
32.272,1.0,9.917646603617403,0.10871615260839462
32.323,1.0,9.725099984618526,0.10000000149011612
32.374,1.0,9.752754025078483,0.10000000149011612
32.424,1.0,9.83519213973648,0.10000000149011612
32.48,1.0,9.780239372017483,0.10000000149011612
32.523,1.0,9.807765121075015,0.10000000149011612
32.577,1.0,9.807757928863996,0.10000000149011612
32.623,1.0,9.835232511328327,0.10000000149011612
32.674,1.0,9.86269462412844,0.10000000149011612
32.726,1.0,9.780476766741938,0.10000000149011612
32.778,1.0,9.75306134155641,0.10000000149011612
32.823,1.0,9.587809745553468,0.10000000149011612
32.876,1.0,9.890024194349017,0.10000000149011612
32.924,1.0,9.862651295815077,0.10000000149011612
32.974,1.0,9.835438911037313,0.10000000149011612
33.025,1.0,9.835358975144723,0.10000000149011612
33.075,1.0,9.78036749244978,0.10000000149011612
33.13,1.0,10.0,10.0
33.172,1.0,9.560501187667251,0.10000000149011612
33.222,1.0,9.725558234896097,0.10000000149011612
33.276,1.0,9.835032836534083,0.10000000149011612
33.331,1.0,9.835183786476652,0.10000000149011612
33.38,1.0,9.862765702522463,0.10000000149011612
33.425,1.0,9.72544417037732,0.10000000149011612
33.475,1.0,9.698070130331649,0.10000000149011612
33.527,1.0,9.917622486294972,0.10000000149011612
33.579,1.0,9.917578227859405,0.10000000149011612
33.626,1.0,9.835207182168961,0.10000000149011612
33.677,1.0,9.862835927411085,0.10000000149011612
33.727,1.0,9.835220840242174,0.10000000149011612
33.776,1.0,9.725197301929196,0.10000000149011612
33.83,1.0,9.697865959919161,0.10000000149011612
33.883,1.0,9.752972513313095,0.10000000149011612
33.929,1.0,9.807777572588789,0.10000000149011612
33.98,1.0,9.83532188102189,0.10000000149011612
34.03,1.0,9.752699668374326,0.10000000149011612
34.081,1.0,9.725348411127925,0.10000000149011612
34.13,1.0,9.917707513107194,0.1007067859172821
34.18,1.0,9.890237268184622,0.10000000149011612
34.239,1.0,9.917626334230105,0.10000000149011612
34.282,1.0,9.80761731583625,0.10000000149011612
34.33,1.0,9.697887243082127,0.10000000149011612
34.38,1.0,9.698106578778889,0.10000000149011612
34.434,1.0,9.807692638619079,0.10000000149011612
34.483,1.0,9.807622881689005,0.10000000149011612
34.53,1.0,9.890046330355108,0.10000000149011612
34.579,1.0,9.725537095343073,0.10000000149011612
34.635,1.0,9.643085126475327,0.10000000149011612
34.685,1.0,9.917567639384005,0.10000000149011612
34.735,1.0,9.7802585368976,0.10000000149011612
34.783,1.0,9.78025569808152,0.10000000149011612
34.835,1.0,9.890108451454175,0.10000000149011612
34.892,1.0,9.807697790695562,0.10000000149011612
34.936,1.0,9.697925965094733,0.10000000149011612
34.986,1.0,9.807810985048611,0.10000000149011612
35.036,1.0,9.752721757979856,0.10000000149011612
35.088,1.0,9.807605781054331,0.10000000149011612
35.135,1.0,9.862780563264257,0.10000000149011612
35.188,1.0,9.835149931969742,0.10000000149011612
35.236,1.0,9.917893737637334,0.14555710554122925
35.288,1.0,9.80785546215872,0.10000000149011612
35.339,1.0,9.86287163723674,0.10000000149011612
35.401,1.0,9.945000000008278,0.10000000149011612
35.436,1.0,9.862549755308363,0.10000000149011612
35.49,1.0,9.780456029996277,0.10000000149011612
35.539,1.0,9.780311470168332,0.10000000149011612
35.591,1.0,9.725472421240475,0.10000000149011612
35.642,1.0,9.890078339042763,0.10000000149011612
35.688,1.0,9.78018920150482,0.10000000149011612
35.739,1.0,9.752857734138766,0.10000000149011612
35.793,1.0,9.890244643038345,0.10219169408082962
35.839,1.0,9.91762855367528,0.10000000149011612
35.89,1.0,9.64301273903499,0.10000000149011612
35.942,1.0,9.862696745018992,0.10000000149011612
35.986,1.0,9.725774283355308,0.10000000149011612
36.045,1.0,9.807604825041361,0.10000000149011612
36.09,1.0,9.642812065304154,0.10000000149011612
36.141,1.0,9.69787339448101,0.10000000149011612
36.191,1.0,9.890135120641855,0.10000000149011612
36.241,1.0,9.78007611942788,0.10000000149011612
36.289,1.0,9.807622217262784,0.10000000149011612
36.34,1.0,9.807979810486238,0.10000000149011612
36.397,1.0,9.752622360239426,0.10000000149011612
36.44,1.0,9.835170260113147,0.10000000149011612
36.491,1.0,9.780069219258925,0.10000000149011612
36.543,1.0,9.835192756810121,0.10000000149011612
36.59,1.0,9.780536103517646,0.10000000149011612
36.64,1.0,9.890034117177128,0.10000000149011612
36.692,1.0,9.80771837313142,0.10000000149011612
36.743,1.0,9.780281060271793,0.10000000149011612
36.792,1.0,9.780104299655392,0.10000000149011612
36.853,1.0,9.862541050526003,0.10000000149011612
36.893,1.0,9.835134091455902,0.10000000149011612
36.944,1.0,9.835225241093172,0.10000000149011612
36.998,1.0,9.80779487412009,0.10000000149011612
37.049,1.0,9.917557509553928,0.10000000149011612
37.092,1.0,9.6703774055673,0.10000000149011612
37.145,1.0,9.8625376139664,0.10000000149011612
37.198,1.0,9.8627379146715,0.10000000149011612
37.252,1.0,9.835353870586388,0.10000000149011612
37.297,1.0,9.83519697121034,0.10000000149011612
37.345,1.0,9.835162679312958,0.10000000149011612
37.403,1.0,9.725453172727592,0.10000000149011612
37.444,1.0,9.835000000024836,0.10000000149011612
37.496,1.0,9.807891532633867,0.10000000149011612
37.547,1.0,9.835131332050596,0.10000000149011612
37.601,1.0,9.75283738411963,0.10000000149011612
37.645,1.0,9.780215697797637,0.10000000149011612
37.696,1.0,9.642693016760878,0.10000000149011612
37.745,1.0,9.807626383399798,0.10000000149011612
37.796,1.0,9.807747610347967,0.10000000149011612
37.845,1.0,9.917745301437874,0.10000000149011612
37.895,1.0,9.807673535909917,0.10000000149011612
37.952,1.0,9.835253254572551,0.10000000149011612
37.994,1.0,9.862694322876632,0.10000000149011612
38.046,1.0,9.725406839636465,0.10000000149011612
38.105,1.0,9.780345114920703,0.10000000149011612
38.15,1.0,9.725517359541522,0.10000000149011612
38.213,1.0,9.89021501098242,0.10000000149011612
38.25,1.0,9.752615734852023,0.10000000149011612
38.302,1.0,9.862607916899853,0.10000000149011612
38.349,1.0,9.890208413410518,0.10000000149011612
38.401,1.0,9.890070406161248,0.10000000149011612
38.457,1.0,9.75289901567416,0.10000000149011612
38.509,1.0,9.80769640635699,0.10000000149011612
38.553,1.0,9.807666691268484,0.10000000149011612
38.605,1.0,9.862629506799083,0.10000000149011612
38.657,1.0,9.725567225863536,0.10000000149011612
38.706,1.0,9.835304321121011,0.10000000149011612
38.76,1.0,9.835227701937159,0.10000000149011612
38.811,1.0,9.835070997559361,0.10000000149011612
38.857,1.0,9.835281028639939,0.10000000149011612
38.916,1.0,9.890015762464868,0.10000000149011612
38.962,1.0,9.725102979441484,0.10000000149011612
39.013,1.0,9.917746351886954,0.10000000149011612
39.059,1.0,9.890368173623251,0.10000000149011612
39.111,1.0,9.780586729384959,0.10000000149011612
39.165,1.0,9.752589597987631,0.10000000149011612
39.221,1.0,9.72536180574033,0.10000000149011612
39.262,1.0,9.780355372900765,0.10000000149011612
39.313,1.0,9.725280143651698,0.10000000149011612
39.363,1.0,9.75272228523261,0.10000000149011612
39.419,1.0,9.807517570981549,0.10000000149011612
39.464,1.0,9.807659359441864,0.10000000149011612
39.517,1.0,9.725070909369324,0.10000000149011612
39.567,1.0,9.697843978967931,0.10000000149011612
39.616,1.0,9.670539210757447,0.10000000149011612
39.679,1.0,9.83514961273306,0.10000000149011612
39.716,1.0,9.807601561273138,0.10000000149011612
39.773,1.0,9.615596739326914,0.10000000149011612
39.817,1.0,9.64288148375021,0.10000000149011612
39.868,1.0,9.8353433833561,0.10000000149011612
39.908,1.0,9.80765261610763,0.10000000149011612
39.968,1.0,9.752825763449072,0.10000000149011612
40.017,1.0,9.752818505300416,0.10000000149011612
40.077,1.0,9.752855802058345,0.10000000149011612
40.117,1.0,9.890013601361877,0.10000000149011612
40.17,1.0,9.725185350307989,0.10000000149011612
40.226,1.0,9.917565251886845,0.10000000149011612
40.271,1.0,9.862827753668858,0.10000000149011612
40.318,1.0,9.780189393005438,0.10000000149011612
40.368,1.0,9.752651352166302,0.10000000149011612
40.421,1.0,9.890062958995502,0.10000000149011612
40.469,1.0,9.862641443208688,0.10000000149011612
40.518,1.0,9.725478305729727,0.10000000149011612
40.571,1.0,9.780453358321553,0.10000000149011612
40.617,1.0,9.725475017540157,0.10000000149011612
40.667,1.0,9.72532219214158,0.10000000149011612
40.722,1.0,9.80780202044795,0.10000000149011612
40.767,1.0,9.835168452560902,0.10000000149011612
40.817,1.0,9.780446051226722,0.10000000149011612
40.877,1.0,9.835258941662808,0.10000000149011612
40.919,1.0,9.917638134314782,0.10539297014474869
40.972,1.0,9.587784904386435,0.10000000149011612
41.021,1.0,9.835479435779982,0.10000000149011612
41.07,1.0,9.807805998809636,0.10000000149011612
41.118,1.0,9.698009989286463,0.10000000149011612
41.168,1.0,9.69796517946654,0.10000000149011612
41.221,1.0,9.725165158282552,0.10000000149011612
41.263,1.0,9.670333390889896,0.10000000149011612
41.322,1.0,9.80779091235664,0.10000000149011612
41.37,1.0,9.780227692321771,0.10000000149011612
41.42,1.0,9.75269605409768,0.10000000149011612
41.469,1.0,9.835454503529602,0.10000000149011612
41.52,1.0,9.835262788273393,0.10000000149011612
41.568,1.0,9.752954785339535,0.10000000149011612
41.618,1.0,9.780041878918807,0.10000000149011612
41.68,1.0,9.807642074074183,0.10000000149011612
41.728,1.0,9.780099549993045,0.10000000149011612
41.776,1.0,9.780241662305261,0.10000000149011612
41.828,1.0,9.917500000012417,0.10000000149011612
41.881,1.0,9.697842305815882,0.10000000149011612
41.927,1.0,9.698003999040358,0.10000000149011612
41.977,1.0,9.835132962072061,0.10000000149011612
42.027,1.0,9.75292905933327,0.10000000149011612
42.083,1.0,9.835244379813473,0.10000000149011612
42.131,1.0,9.890037730501758,0.10000000149011612
42.177,1.0,9.75267232372943,0.10000000149011612
42.235,1.0,9.890088069666591,0.10000000149011612
42.277,1.0,9.752589764259756,0.10000000149011612
42.327,1.0,9.8626296841229,0.10000000149011612
42.377,1.0,9.80779430396441,0.10000000149011612
42.428,1.0,9.807717296998534,0.10000000149011612
42.482,1.0,9.86269364717106,0.10000000149011612
42.538,1.0,9.807715816899305,0.10000000149011612
42.58,1.0,9.752774381306436,0.10000000149011612
42.629,1.0,9.8628008077542,0.10000000149011612
42.677,1.0,9.862947905912167,0.10000000149011612
42.729,1.0,9.8352268818145,0.10000000149011612
42.777,1.0,9.780099130173523,0.10000000149011612
42.829,1.0,9.697698741075065,0.10000000149011612
42.88,1.0,9.862571763371427,0.10000000149011612
42.936,1.0,9.752849724433489,0.10000000149011612
42.977,1.0,9.752761237530244,0.10000000149011612
43.031,1.0,9.890143872590528,0.10000000149011612
43.08,1.0,9.917505447939039,0.10000000149011612
43.13,1.0,9.890000000016556,0.10000000149011612
43.184,1.0,9.835202256921265,0.10000000149011612
43.236,1.0,9.697709939359791,0.10000000149011612
43.28,1.0,9.807719332642025,0.10000000149011612
43.333,1.0,9.780455106020801,0.10000000149011612
43.386,1.0,9.753123264325161,0.10000000149011612
43.431,1.0,9.807761504480409,0.10000000149011612
43.481,1.0,9.670246830706795,0.10000000149011612
43.533,1.0,9.835040992022389,0.10000000149011612
43.59,1.0,9.697807896364894,0.10000000149011612
43.633,1.0,9.725375449967881,0.10000000149011612
43.681,1.0,9.75287584732804,0.10000000149011612
43.734,1.0,9.78024108906587,0.10000000149011612
43.784,1.0,9.752820094240208,0.10000000149011612
43.838,1.0,9.780364582149518,0.10000000149011612
43.884,1.0,9.807884371673895,0.10000000149011612
43.935,1.0,9.835278682224452,0.10000000149011612
43.984,1.0,9.890110533084307,0.10000000149011612
44.036,1.0,9.890070221469633,0.10000000149011612
44.087,1.0,9.807819054524105,0.10000000149011612
44.137,1.0,9.972514828149643,0.10533813387155533
44.184,1.0,9.835224628117349,0.10000000149011612
44.238,1.0,9.862668749317526,0.10000000149011612
44.287,1.0,9.835253072819777,0.10000000149011612
44.334,1.0,9.697593145444989,0.10000000149011612
44.383,1.0,9.862719392010735,0.10000000149011612
44.434,1.0,9.780253506100012,0.10000000149011612
44.484,1.0,9.807660198873943,0.10000000149011612
44.535,1.0,9.752806254269348,0.10000000149011612
44.585,1.0,9.835300769574113,0.10000000149011612
44.643,1.0,9.862558378941483,0.10000000149011612
44.686,1.0,9.83516413366629,0.10000000149011612
44.738,1.0,9.945000000008278,0.10000000149011612
44.785,1.0,9.807574310609036,0.10000000149011612
44.842,1.0,9.780174846905801,0.10000000149011612
44.885,1.0,9.725205424365898,0.10000000149011612
44.937,1.0,9.752807267465526,0.10000000149011612
44.992,1.0,9.725206190844377,0.10000000149011612
45.039,1.0,9.75268447794434,0.10000000149011612
45.092,1.0,9.83506075239016,0.10000000149011612
45.147,1.0,9.89022932710747,0.10000000149011612
45.192,1.0,9.698240452321867,0.10000000149011612
45.243,1.0,9.697753458780547,0.10000000149011612
45.298,1.0,9.917618755354649,0.10000000149011612
45.344,1.0,9.89003333857076,0.10000000149011612
45.394,1.0,9.835199173188045,0.10000000149011612
45.448,1.0,9.890074391497507,0.10000000149011612
45.499,1.0,9.698000014883776,0.10000000149011612
45.552,1.0,9.78006215016875,0.10000000149011612
45.6,1.0,9.890067936935358,0.10000000149011612
45.65,1.0,9.835107548866008,0.10000000149011612
45.695,1.0,9.752825416127841,0.10000000149011612
45.751,1.0,9.780397231442233,0.10000000149011612
45.805,1.0,9.862565386957593,0.10000000149011612
45.854,1.0,9.670537567428417,0.10000000149011612
45.904,1.0,9.7805083638678,0.10000000149011612
45.954,1.0,9.862723300668101,0.10000000149011612
46.005,1.0,9.835100562021964,0.10000000149011612
46.063,1.0,9.725143619481887,0.10000000149011612
46.105,1.0,9.780130101388528,0.10000000149011612
46.155,1.0,9.835161457438435,0.10000000149011612
46.206,1.0,9.697881707900928,0.10000000149011612
46.261,1.0,9.917544729324678,0.10000000149011612
46.31,1.0,9.807736738688416,0.10000000149011612
46.356,1.0,9.780342974203329,0.10000000149011612
46.412,1.0,9.780342842990326,0.10000000149011612
46.465,1.0,9.835108644618757,0.10000000149011612
46.503,1.0,9.862604434601963,0.10000000149011612
46.558,1.0,9.753089394730827,0.10000000149011612
46.607,1.0,9.835203229035768,0.10000000149011612
46.659,1.0,9.670325348443455,0.10000000149011612
46.707,1.0,9.78026028805309,0.10000000149011612
46.757,1.0,9.917500000012417,0.10000000149011612
46.81,1.0,9.780241240561008,0.10000000149011612
46.861,1.0,9.807715230331652,0.10000000149011612
46.908,1.0,9.862641696362859,0.10000000149011612
46.958,1.0,9.835195973018806,0.10000000149011612
47.009,1.0,9.862839449652368,0.10000000149011612
47.061,1.0,9.835323193131222,0.10000000149011612
47.112,1.0,9.835276997254955,0.10000000149011612
47.16,1.0,9.725264136493205,0.10000000149011612
47.211,1.0,9.862784915210472,0.10000000149011612
47.262,1.0,9.862853533257212,0.10000000149011612
47.31,1.0,9.835215830078555,0.10000000149011612
47.359,1.0,9.890052600370513,0.10000000149011612
47.414,1.0,9.917709975648258,0.11139379441738129
47.46,1.0,9.91759889084432,0.10000000149011612
47.51,1.0,9.862573977973726,0.10000000149011612
47.567,1.0,9.83525324507306,0.10000000149011612
47.606,1.0,9.808112960163918,0.10000000149011612
47.663,1.0,9.8901116102313,0.10000000149011612
47.712,1.0,9.753063079197373,0.10000000149011612
47.762,1.0,9.725284794800812,0.10000000149011612
47.811,1.0,9.835089964481691,0.10000000149011612
47.866,1.0,9.835158658876187,0.10000000149011612
47.911,1.0,9.807728142518965,0.10000000149011612
47.961,1.0,9.86271835408277,0.10000000149011612
48.015,1.0,9.780226448240379,0.10000000149011612
48.061,1.0,9.725394302130573,0.10000000149011612
48.113,1.0,9.670396617841389,0.10000000149011612
48.162,1.0,9.890179785175455,0.10000000149011612
48.218,1.0,9.862659932072791,0.10000000149011612
48.26,1.0,9.752629513748818,0.10000000149011612
48.316,1.0,9.72525652680132,0.10000000149011612
48.362,1.0,9.835439807404246,0.10000000149011612
48.414,1.0,9.86268019568589,0.10000000149011612
48.464,1.0,9.86283430825505,0.10000000149011612
48.513,1.0,9.89018133704861,0.10000000149011612
48.564,1.0,9.835195697740549,0.10000000149011612
48.616,1.0,9.91762871613933,0.10000000149011612
48.663,1.0,9.780310039180849,0.10000000149011612
48.714,1.0,9.7528964476039,0.10000000149011612
48.764,1.0,9.752827499248088,0.10000000149011612
48.813,1.0,9.835235189129081,0.10000000149011612
48.863,1.0,9.862784798629582,0.10000000149011612
48.919,1.0,9.697798491414222,0.10000000149011612
48.971,1.0,9.945000000008278,0.10000000149011612
49.021,1.0,9.9175933904118,0.10000000149011612
49.075,1.0,9.862628438447912,0.10000000149011612
49.12,1.0,9.835120535331468,0.10000000149011612
49.173,1.0,9.725210860123237,0.10000000149011612
49.22,1.0,9.67051770211094,0.10000000149011612
49.27,1.0,9.862518243139817,0.10000000149011612
49.32,1.0,9.75286147263315,0.10000000149011612
49.37,1.0,9.862670838750072,0.10000000149011612
49.422,1.0,9.67046677145279,0.10000000149011612
49.471,1.0,9.752614637981686,0.10000000149011612
49.522,1.0,9.86255790669885,0.10000000149011612
49.575,1.0,9.807639351445768,0.10000000149011612
49.624,1.0,9.780435776834686,0.10000000149011612
49.671,1.0,9.835297899631163,0.10000000149011612
49.727,1.0,9.862694863995744,0.10772517323493958
49.778,1.0,9.780197406125565,0.10000000149011612
49.827,1.0,9.80771659043514,0.10000000149011612
49.875,1.0,9.862714210980469,0.10000000149011612
49.921,1.0,9.807727500237524,0.10000000149011612
49.972,1.0,9.86261734024932,0.10000000149011612
50.019,1.0,9.835206723999645,0.10000000149011612
50.075,1.0,9.69787051073379,0.10000000149011612
50.124,1.0,9.835281285188264,0.10000000149011612
50.173,1.0,9.807672407622967,0.10000000149011612
50.222,1.0,9.945000000008278,0.10000000149011612
50.275,1.0,9.725234584841463,0.10000000149011612
50.32,1.0,9.917623229883612,0.10000000149011612
50.373,1.0,9.835227178823617,0.10000000149011612
50.435,1.0,9.697985209421152,0.10000000149011612
50.477,1.0,9.697690595624348,0.10000000149011612
50.525,1.0,9.807983257414566,0.10000000149011612
50.578,1.0,9.69776602205303,0.10000000149011612
50.627,1.0,9.780586858673228,0.10000000149011612
50.677,1.0,9.642809227998885,0.10000000149011612
50.724,1.0,9.725197319665718,0.10000000149011612
50.776,1.0,9.752791880919702,0.10000000149011612
50.828,1.0,9.91756367670993,0.10000000149011612
50.872,1.0,9.807671477542156,0.10000000149011612
50.927,1.0,9.725425957971149,0.10000000149011612
50.98,1.0,9.807631840246419,0.10000000149011612
51.026,1.0,9.643177304789424,0.10000000149011612
51.077,1.0,9.72561947390851,0.10000000149011612
51.135,1.0,9.890162149940927,0.10000000149011612
51.177,1.0,9.80755400630749,0.10000000149011612
51.231,1.0,9.725259325777492,0.10000000149011612
51.276,1.0,9.890039863685766,0.10000000149011612
51.326,1.0,9.807635482773184,0.10000000149011612
51.379,1.0,9.753014912911587,0.10000000149011612
51.428,1.0,9.807845898427898,0.10000000149011612
51.476,1.0,9.890074029440681,0.10000000149011612
51.535,1.0,9.780111454986036,0.10000000149011612
51.577,1.0,9.91756029708518,0.10000000149011612
51.63,1.0,9.890106531149812,0.10000000149011612
51.678,1.0,9.80759922294981,0.10000000149011612
51.726,1.0,9.698053900193838,0.10000000149011612
51.776,1.0,9.697787062803076,0.10000000149011612
51.826,1.0,9.697676149341795,0.10000000149011612
51.875,1.0,9.890120177612536,0.10000000149011612
51.922,1.0,9.697921998964416,0.10000000149011612
51.976,1.0,9.642894527626535,0.10000000149011612
52.026,1.0,9.808029079933961,0.10000000149011612
52.078,1.0,9.890154767408967,0.10000000149011612
52.124,1.0,9.752750759012997,0.10000000149011612
52.175,1.0,9.697972807163994,0.10000000149011612
52.237,1.0,9.83535459627294,0.10000000149011612
52.276,1.0,9.862711520844863,0.10000000149011612
52.328,1.0,9.862554014743202,0.10000000149011612
52.38,1.0,9.835148810967803,0.10000000149011612
52.427,1.0,9.835158388627072,0.10000000149011612
52.478,1.0,9.945033486249546,0.10504566878080368
52.528,1.0,9.725386325911515,0.10000000149011612
52.578,1.0,9.917586540430785,0.10000000149011612
52.628,1.0,9.780136181703872,0.10000000149011612
52.681,1.0,9.807744056131277,0.10000000149011612
52.728,1.0,9.862651027821832,0.10000000149011612
52.778,1.0,9.725621490863462,0.10000000149011612
52.822,1.0,9.835274480655789,0.10000000149011612
52.879,1.0,9.862500000020695,0.10000000149011612
52.933,1.0,9.725244421325623,0.10000000149011612
52.979,1.0,9.862700810179943,0.10000000149011612
53.04,1.0,9.862882306095626,0.10000000149011612
53.078,1.0,9.862630763153236,0.10000000149011612
53.13,1.0,9.890190955292848,0.10000000149011612
53.184,1.0,9.862574852216575,0.10000000149011612
53.24,1.0,9.945056266606683,0.10000000149011612
53.284,1.0,9.780146626093321,0.10000000149011612
53.333,1.0,9.725415720852713,0.10000000149011612
53.384,1.0,9.780227682160007,0.10000000149011612
53.434,1.0,9.725394849748247,0.10000000149011612
53.487,1.0,9.725422233218948,0.10000000149011612
53.533,1.0,9.78027645918644,0.10000000149011612
53.584,1.0,9.807830734654432,0.10000000149011612
53.639,1.0,9.670338750485744,0.10000000149011612
53.683,1.0,9.780361049808562,0.10000000149011612
53.735,1.0,9.67034854741974,0.10000000149011612
53.785,1.0,9.72515064055721,0.10000000149011612
53.835,1.0,9.807900059657792,0.10000000149011612
53.884,1.0,9.807717252626187,0.10000000149011612
53.936,1.0,9.835050263607668,0.10000000149011612
53.983,1.0,9.890000000016556,0.10000000149011612
54.036,1.0,9.643049740108351,0.10000000149011612
54.089,1.0,9.698016268987622,0.10000000149011612
54.133,1.0,9.780425481249889,0.10000000149011612
54.188,1.0,9.780202380298741,0.10000000149011612
54.243,1.0,9.890096187322504,0.10000000149011612
54.291,1.0,9.78034109580848,0.10000000149011612
54.35,1.0,9.780260768574145,0.10000000149011612
54.391,1.0,9.835284833134049,0.10000000149011612
54.443,1.0,9.83503681835201,0.10000000149011612
54.494,1.0,9.862693250034418,0.10000000149011612
54.539,1.0,9.945078472896583,0.10000000149011612
54.59,1.0,9.780033123224145,0.10000000149011612
54.657,1.0,9.780153364688157,0.10000000149011612
54.689,1.0,9.752727280350195,0.10000000149011612
54.74,1.0,9.69777207122081,0.10000000149011612
54.79,1.0,9.780231442530122,0.10000000149011612
54.837,1.0,9.72525584426605,0.10000000149011612
54.888,1.0,9.835168959593608,0.10000000149011612
54.939,1.0,9.698061786881752,0.10000000149011612
54.989,1.0,9.917568696931832,0.10000000149011612
55.047,1.0,9.945112070586118,0.10000000149011612
55.09,1.0,9.94507163591269,0.10000000149011612
55.14,1.0,9.752659012480743,0.10000000149011612
55.189,1.0,9.780369885203738,0.10000000149011612
55.242,1.0,9.945092969822387,0.10852565616369247
55.292,1.0,9.890193035267293,0.10000000149011612
55.341,1.0,9.560415192300248,0.10000000149011612
55.391,1.0,9.752858685557213,0.10000000149011612
55.444,1.0,9.890174266406232,0.10000000149011612
55.504,1.0,9.780288896937337,0.10000000149011612
55.544,1.0,9.725126582342718,0.10000000149011612
55.599,1.0,9.807800956070423,0.10000000149011612
55.637,1.0,9.862644649214214,0.10000000149011612
55.694,1.0,9.917533019557595,0.10000000149011612
55.744,1.0,9.752990509569646,0.10000000149011612
55.797,1.0,9.78015250056568,0.10000000149011612
55.843,1.0,9.862738382278216,0.10000000149011612
55.891,1.0,9.835236103667153,0.10000000149011612
55.944,1.0,9.752932424512174,0.10000000149011612
55.995,1.0,9.862713282658822,0.10000000149011612
56.044,1.0,9.78029396649864,0.10000000149011612
56.103,1.0,9.780390803660783,0.10000000149011612
56.147,1.0,9.807777088011305,0.10000000149011612
56.192,1.0,9.89006856592993,0.10000000149011612
56.244,1.0,9.670793699162703,0.10000000149011612
56.294,1.0,9.780255195291506,0.10000000149011612
56.345,1.0,9.752708797011937,0.10000000149011612
56.392,1.0,9.807556410713328,0.10000000149011612
56.443,1.0,9.835117465899222,0.10000000149011612
56.494,1.0,9.80759089520822,0.10000000149011612
56.543,1.0,9.807677674438391,0.10000000149011612
56.594,1.0,9.725461980121004,0.10000000149011612
56.644,1.0,9.835337871520055,0.10000000149011612
56.695,1.0,9.835116900234587,0.10000000149011612
56.746,1.0,9.890054745309882,0.10000000149011612
56.791,1.0,9.807657186873257,0.10000000149011612
56.842,1.0,9.835136500042346,0.10000000149011612
56.895,1.0,9.890048406790529,0.10000000149011612
56.948,1.0,9.78024519123137,0.10000000149011612
56.992,1.0,9.807712767831982,0.10000000149011612
57.043,1.0,9.752670553223126,0.10000000149011612
57.094,1.0,9.780278803077008,0.10000000149011612
57.147,1.0,9.862585626252823,0.10000000149011612
57.194,1.0,9.807646157509751,0.10000000149011612
57.249,1.0,9.780253218238553,0.10000000149011612
57.3,1.0,9.862720731811391,0.10000000149011612
57.352,1.0,9.917556371187999,0.10000000149011612
57.399,1.0,9.835318848511411,0.10000000149011612
57.449,1.0,9.807670817255145,0.10000000149011612
57.5,1.0,9.86255477971087,0.10000000149011612
57.549,1.0,9.917517526634038,0.10000000149011612
57.606,1.0,9.890203712777131,0.10000000149011612
57.651,1.0,9.83526369554715,0.10000000149011612
57.699,1.0,9.917500000012417,0.10000000149011612
57.751,1.0,9.780520413008828,0.10000000149011612
57.799,1.0,9.890015814639629,0.10000000149011612
57.851,1.0,9.917730844165716,0.10000000149011612
57.89,1.0,9.725142642834948,0.10000000149011612
57.949,1.0,9.670526976117657,0.10000000149011612
57.999,1.0,9.862866225176388,0.10000000149011612
58.053,1.0,9.67045545578003,0.10000000149011612
58.099,1.0,9.780086895575126,0.10000000149011612
58.148,1.0,9.835289444960654,0.10000000149011612
58.201,1.0,9.862612392256658,0.10000000149011612
58.253,1.0,9.807529200282362,0.10000000149011612
58.304,1.0,9.75291033472038,0.10000000149011612
58.358,1.0,9.890008034081095,0.10000000149011612
58.399,1.0,9.835258751093514,0.10000000149011612
58.451,1.0,9.75313819905536,0.10000000149011612
58.5,1.0,9.80769319087267,0.10000000149011612
58.55,1.0,9.752911466877494,0.10000000149011612
58.601,1.0,9.835247307953734,0.10000000149011612
58.651,1.0,9.890181755998896,0.10000000149011612
58.7,1.0,9.83523318728225,0.10000000149011612
58.751,1.0,9.862704668670064,0.10000000149011612
58.803,1.0,9.890254830072324,0.10000000149011612
58.851,1.0,9.807568413867719,0.10000000149011612
58.9,1.0,9.725302943732176,0.10000000149011612
58.95,1.0,9.807733236832751,0.10000000149011612
59.004,1.0,9.697987622995344,0.10000000149011612
59.06,1.0,9.862540009928246,0.10000000149011612
59.105,1.0,9.72534596795837,0.10000000149011612
59.154,1.0,9.807796085067093,0.10000000149011612
59.204,1.0,9.72535087019205,0.10000000149011612
59.26,1.0,9.725068832933903,0.10000000149011612
59.315,1.0,9.862607212281889,0.10000000149011612
59.367,1.0,9.670390247367322,0.10000000149011612
59.415,1.0,9.588230000705355,0.10000000149011612
59.46,1.0,9.753060180279943,0.10000000149011612
59.51,1.0,9.753118181539078,0.10000000149011612
59.562,1.0,9.835377237097257,0.10000000149011612
59.612,1.0,9.83539418131113,0.10000000149011612
59.661,1.0,9.945121028626131,0.10000000149011612
59.711,1.0,9.725389043386611,0.10000000149011612
59.76,1.0,9.972500000004139,0.10000000149011612
59.81,1.0,9.642844039263824,0.10000000149011612
59.861,1.0,9.862707789138787,0.10000000149011612
59.915,1.0,9.835203868192103,0.10000000149011612
59.965,1.0,9.80776657489025,0.10000000149011612
60.014,1.0,9.780276398836738,0.10000000149011612
60.064,1.0,9.697908600192104,0.10000000149011612
60.119,1.0,9.780194060131908,0.10000000149011612
60.164,1.0,9.890070539588729,0.10000000149011612
60.215,1.0,9.807752410529389,0.10000000149011612
60.264,1.0,9.862690538850924,0.10000000149011612
60.313,1.0,9.835091155043079,0.10000000149011612
60.364,1.0,9.780147699618505,0.10000000149011612
60.425,1.0,9.917662450671196,0.10000000149011612
60.471,1.0,9.835043576380444,0.10000000149011612
60.521,1.0,9.890128580170373,0.10000000149011612
60.571,1.0,9.725411218528945,0.10000000149011612
60.62,1.0,9.862610973624719,0.10000000149011612
60.67,1.0,9.835157008469105,0.10000000149011612
60.721,1.0,9.917671287701362,0.10000000149011612
60.77,1.0,9.862741341938575,0.10000000149011612
60.82,1.0,9.890017716669375,0.10000000149011612
60.87,1.0,9.917648122107817,0.10000000149011612
60.92,1.0,9.75277824608816,0.10000000149011612
60.972,1.0,9.780324765957063,0.10000000149011612
61.02,1.0,9.780097838843034,0.10000000149011612
61.07,1.0,9.917611314273543,0.10000000149011612
61.12,1.0,9.862596455920073,0.10000000149011612
61.171,1.0,9.670462576610346,0.10000000149011612
61.233,1.0,9.752613584241933,0.10000000149011612
61.27,1.0,9.835047645639214,0.10000000149011612
61.32,1.0,9.835175761394202,0.10000000149011612
61.371,1.0,9.780196145011319,0.10000000149011612
61.431,1.0,9.697899790666998,0.10000000149011612
61.474,1.0,9.780300070097049,0.10000000149011612
61.523,1.0,9.83519331243717,0.10000000149011612
61.574,1.0,9.780397385669252,0.10000000149011612
61.629,1.0,9.807690156623721,0.10000000149011612
61.677,1.0,9.862658229656518,0.10000000149011612
61.728,1.0,9.80756307794816,0.10000000149011612
61.773,1.0,9.670594151504337,0.10000000149011612
61.825,1.0,9.752824180262785,0.10000000149011612
61.878,1.0,9.807766221774122,0.10000000149011612
61.924,1.0,9.83552181640019,0.10000000149011612
61.973,1.0,9.862659221183922,0.10000000149011612
62.025,1.0,9.835255829534598,0.10000000149011612
62.078,1.0,9.807651787127059,0.10000000149011612
62.134,1.0,9.86273367456678,0.10000000149011612
62.18,1.0,9.807727859003677,0.10000000149011612
62.229,1.0,9.780126782196264,0.10000000149011612
62.278,1.0,9.725299003140794,0.10000000149011612
62.329,1.0,9.890188973935114,0.10000000149011612
62.386,1.0,9.697932407052981,0.10000000149011612
62.429,1.0,9.807625058790048,0.10000000149011612
62.477,1.0,9.752673516381119,0.10000000149011612
62.528,1.0,9.835281230861113,0.10000000149011612
62.577,1.0,9.72541767112497,0.10000000149011612
62.633,1.0,9.808151839735608,0.10000000149011612
62.678,1.0,9.725238101184368,0.10000000149011612
62.728,1.0,9.862783780424959,0.10000000149011612
62.78,1.0,9.670408827790784,0.10000000149011612
62.831,1.0,9.807672649497787,0.10000000149011612
62.883,1.0,9.752620408166614,0.10000000149011612
62.932,1.0,9.835174330158367,0.10000000149011612
62.979,1.0,9.725130608346728,0.10000000149011612
63.031,1.0,9.780440874666803,0.10000000149011612
63.082,1.0,9.8625636914538,0.10000000149011612
63.132,1.0,9.835260521289374,0.10000000149011612
63.182,1.0,9.698077675969236,0.10000000149011612
63.233,1.0,9.945048464979562,0.10000000149011612
63.288,1.0,9.862738150089152,0.10000000149011612
63.338,1.0,9.835229576917158,0.10000000149011612
63.387,1.0,9.917500000012417,0.10000000149011612
63.436,1.0,9.890270261549288,0.10000000149011612
63.487,1.0,9.862736086837119,0.10000000149011612
63.538,1.0,9.75292758933372,0.10000000149011612
63.59,1.0,9.72534952490694,0.10000000149011612
63.636,1.0,9.945193102045192,0.1338856965303421
63.687,1.0,9.75268458597776,0.10000000149011612
63.738,1.0,9.862825729904904,0.10000000149011612
63.784,1.0,9.752928388160136,0.10000000149011612
63.838,1.0,9.917736042642758,0.10000000149011612
63.886,1.0,9.752889025169942,0.10000000149011612
63.943,1.0,9.945000000008278,0.10000000149011612
63.99,1.0,9.862622914111448,0.10000000149011612
64.037,1.0,9.89005838435971,0.10000000149011612
64.085,1.0,9.807699674885306,0.10000000149011612
64.138,1.0,9.780197690779136,0.10000000149011612
64.187,1.0,9.835000000024836,0.10000000149011612
64.239,1.0,9.8903015324432,0.10491407662630081
64.294,1.0,9.917500000012417,0.10000000149011612
64.34,1.0,9.862735907464392,0.1002926155924797
64.388,1.0,9.862603357620538,0.10000000149011612
64.439,1.0,9.780308259692458,0.10000000149011612
64.489,1.0,9.752963012870815,0.10000000149011612
64.539,1.0,9.697929052636027,0.10000000149011612
64.589,1.0,9.835263296713432,0.10000000149011612
64.641,1.0,9.917513831270238,0.10000000149011612
64.689,1.0,9.807696728201377,0.10000000149011612
64.746,1.0,9.725406700869401,0.10000000149011612
64.796,1.0,9.862726856871612,0.10000000149011612
64.839,1.0,9.780280708149075,0.10000000149011612
64.892,1.0,9.807672723506888,0.10000000149011612
64.939,1.0,9.725355786850884,0.10000000149011612
64.994,1.0,9.697934503998194,0.10000000149011612
65.039,1.0,9.7804225564003,0.10000000149011612
65.099,1.0,9.670464274659754,0.10000000149011612
65.139,1.0,9.78012245448513,0.10000000149011612
65.189,1.0,9.86257828231901,0.10000000149011612
65.239,1.0,9.808169542832507,0.11515071988105774
65.293,1.0,9.835222344473005,0.10000000149011612
65.339,1.0,9.697672330112093,0.10000000149011612
65.391,1.0,9.807911552426715,0.10000000149011612
65.438,1.0,9.835148035527931,0.10000000149011612
65.496,1.0,9.642747670184407,0.10000000149011612
65.545,1.0,9.752859865811963,0.10000000149011612
65.589,1.0,9.862799370206064,0.10000000149011612
65.639,1.0,9.83551715063966,0.10100395977497101
65.693,1.0,9.807662695936031,0.10000000149011612
65.743,1.0,9.917597487589552,0.10000000149011612
65.789,1.0,9.670264030786024,0.10000000149011612
65.838,1.0,9.780187186557386,0.10000000149011612
65.889,1.0,9.752924712395503,0.10000000149011612
65.944,1.0,9.725125154128506,0.10000000149011612
65.996,1.0,9.80774533059448,0.10000000149011612
66.044,1.0,9.780392537886899,0.10000000149011612
66.094,1.0,9.78041437930531,0.10000000149011612
66.147,1.0,9.890185005383358,0.10000000149011612
66.194,1.0,9.807502101113398,0.10000000149011612
66.252,1.0,9.780168387231727,0.10000000149011612
66.3,1.0,9.642978860789704,0.10000000149011612
66.35,1.0,9.835330635805924,0.10000000149011612
66.399,1.0,9.862637795528604,0.10000000149011612
66.452,1.0,9.835205781107975,0.10000000149011612
66.5,1.0,9.807767009403971,0.10000000149011612
66.555,1.0,9.533096597509251,0.10000000149011612
66.601,1.0,9.807638820302156,0.10000000149011612
66.651,1.0,9.862573612750404,0.10000000149011612
66.702,1.0,9.753065182558364,0.10000000149011612
66.751,1.0,9.752777557778689,0.10000000149011612
66.802,1.0,9.725301746009952,0.10000000149011612
66.856,1.0,9.83539435139133,0.10000000149011612
66.901,1.0,9.807715059878925,0.10000000149011612
66.952,1.0,9.807813187564413,0.10000000149011612
67.002,1.0,9.83512298775216,0.10000000149011612
67.055,1.0,9.83505563216491,0.10000000149011612
67.103,1.0,9.752872439887788,0.10000000149011612
67.152,1.0,9.780115011582772,0.10000000149011612
67.202,1.0,9.67035638615489,0.10000000149011612
67.254,1.0,9.972500000004139,0.10000000149011612
67.309,1.0,9.615872776860165,0.10000000149011612
67.353,1.0,9.75277816357298,0.10000000149011612
67.402,1.0,9.752766335155401,0.10000000149011612
67.454,1.0,9.890001616523497,0.10000000149011612
67.504,1.0,9.890027539225088,0.10000000149011612
67.552,1.0,9.835416561841138,0.10000000149011612
67.603,1.0,9.807767445387112,0.10000000149011612
67.653,1.0,9.917605660835074,0.10000000149011612
67.701,1.0,9.862797337190973,0.10000000149011612
67.756,1.0,9.725550769455731,0.10000000149011612
67.809,1.0,9.80784250460565,0.10000000149011612
67.858,1.0,9.862700969332622,0.10000000149011612
67.901,1.0,9.752766957361665,0.10000000149011612
67.956,1.0,9.780126679874957,0.10000000149011612
68.005,1.0,9.67070373851392,0.10000000149011612
68.058,1.0,9.890148595968883,0.10000000149011612
68.106,1.0,9.807801693843471,0.10000000149011612
68.158,1.0,9.725270821381773,0.10000000149011612
68.209,1.0,9.83531118211233,0.10000000149011612
68.257,1.0,9.697761522378359,0.10000000149011612
68.311,1.0,9.780416492331359,0.10000000149011612
68.357,1.0,9.917829160268107,0.12585604190826416
68.401,1.0,9.780521235821976,0.10000000149011612
68.464,1.0,9.72505650418914,0.10000000149011612
68.507,1.0,9.890261929151084,0.10000000149011612
68.56,1.0,9.89004495245301,0.10000000149011612
68.611,1.0,9.807558053897488,0.10000000149011612
68.66,1.0,9.697986497605841,0.10000000149011612
68.707,1.0,9.752826415954365,0.10000000149011612
68.758,1.0,9.725187382929855,0.10000000149011612
68.809,1.0,9.64284310804473,0.10000000149011612
68.862,1.0,9.890000000016556,0.10000000149011612
68.908,1.0,9.752788400008447,0.10000000149011612
68.958,1.0,9.752595601479213,0.10000000149011612
69.009,1.0,9.67043304435081,0.10000000149011612
69.058,1.0,9.890246864884263,0.10000000149011612
69.109,1.0,9.80755937906603,0.10000000149011612
69.161,1.0,9.835214220090872,0.10000000149011612
69.208,1.0,9.917565891188051,0.10000000149011612
69.259,1.0,9.807761239281131,0.10000000149011612
69.308,1.0,9.697810890173747,0.10000000149011612
69.36,1.0,9.807628219305641,0.10000000149011612
69.415,1.0,9.862577034119102,0.10000000149011612
69.459,1.0,9.807701782509685,0.10000000149011612
69.509,1.0,9.807559487720331,0.10000000149011612
69.562,1.0,9.807727034886678,0.10000000149011612
69.607,1.0,9.780368528680668,0.10000000149011612
69.659,1.0,9.69812442422327,0.10000000149011612
69.71,1.0,9.807616344177061,0.10000000149011612
69.763,1.0,9.80771405034595,0.10000000149011612
69.809,1.0,9.753062545032137,0.10000000149011612
69.86,1.0,9.862627615924511,0.10000000149011612
69.911,1.0,9.780313035390444,0.10000000149011612
69.958,1.0,9.89006551756627,0.10000000149011612
70.014,1.0,9.69803401860926,0.10000000149011612
70.061,1.0,9.807641733624042,0.10000000149011612
70.117,1.0,9.862647453550663,0.10000000149011612
70.162,1.0,9.807719516878327,0.10000000149011612
70.211,1.0,9.780403223468198,0.10000000149011612
70.268,1.0,9.835240148835712,0.10000000149011612
70.318,1.0,9.670208360979126,0.10000000149011612
70.37,1.0,9.835208575800062,0.10000000149011612
70.416,1.0,9.890216576825413,0.10000000149011612
70.466,1.0,9.780080811348226,0.10000000149011612
70.522,1.0,9.917500000012417,0.10000000149011612
70.566,1.0,9.780101707784667,0.10000000149011612
70.624,1.0,9.835108799011342,0.10000000149011612
70.667,1.0,9.807583833237489,0.10000000149011612
70.716,1.0,9.835187379953762,0.10000000149011612
70.773,1.0,9.725400377127032,0.10000000149011612
70.816,1.0,9.890239098543923,0.10000000149011612
70.867,1.0,9.83528933390561,0.10000000149011612
70.923,1.0,9.917517783451412,0.10000000149011612
70.969,1.0,9.752860486610896,0.10000000149011612
71.016,1.0,9.972500000004139,0.10000000149011612
71.073,1.0,9.75304434965882,0.10000000149011612
71.128,1.0,9.78024164678322,0.10000000149011612
71.171,1.0,9.725196553849512,0.10000000149011612
71.221,1.0,9.862500247276492,0.10000000149011612
71.271,1.0,9.697759379508595,0.10000000149011612
71.321,1.0,9.725160100911227,0.10000000149011612
71.371,1.0,9.83534968369123,0.10000000149011612
71.427,1.0,9.862672412954272,0.10000000149011612
71.475,1.0,9.945000000008278,0.10000000149011612
71.525,1.0,9.917606046423316,0.10000000149011612
71.575,1.0,9.753001607333621,0.10000000149011612
71.626,1.0,9.917615710281664,0.10000000149011612
71.683,1.0,9.862695511244237,0.10000000149011612
71.734,1.0,9.835069799795747,0.10000000149011612
71.784,1.0,9.78010873451001,0.10000000149011612
71.833,1.0,9.8625967056387,0.10000000149011612
71.885,1.0,9.83506451687879,0.10000000149011612
71.933,1.0,9.89014445638491,0.10000000149011612
71.987,1.0,9.862739733089175,0.10000000149011612
72.032,1.0,9.807716855448152,0.10000000149011612
72.084,1.0,9.752819931631286,0.10000000149011612
72.144,1.0,9.752685803568198,0.10000000149011612
72.19,1.0,9.917609229973621,0.10000000149011612
72.238,1.0,9.945000000008278,0.10000000149011612
72.293,1.0,9.670492518465553,0.10000000149011612
72.337,1.0,9.862690897596378,0.10000000149011612
72.39,1.0,9.725596102823813,0.10000000149011612
72.444,1.0,9.835320101140274,0.10000000149011612
72.489,1.0,9.780629617617363,0.10000000149011612
72.543,1.0,9.862747229739195,0.10000000149011612
72.593,1.0,9.75288455511133,0.10000000149011612
72.638,1.0,9.807719926494691,0.10000000149011612
72.691,1.0,9.890183002356853,0.10000000149011612
72.74,1.0,9.780228462980853,0.10000000149011612
72.789,1.0,9.8626308546712,0.10000000149011612
72.842,1.0,9.835335875509514,0.10000000149011612
72.89,1.0,9.780287373086644,0.10000000149011612
72.943,1.0,9.890058443488346,0.10000000149011612
72.993,1.0,9.753017582309743,0.10000000149011612
73.041,1.0,9.780244644565714,0.10000000149011612
73.09,1.0,9.80773126040068,0.10000000149011612
73.145,1.0,9.862703150986798,0.10000000149011612
73.189,1.0,9.807724548317491,0.10000000149011612
73.24,1.0,9.780151986827454,0.10000000149011612
73.29,1.0,9.972577450714178,0.12788225710391998
73.342,1.0,9.835052757523954,0.10000000149011612
73.39,1.0,9.725178371142182,0.10000000149011612
73.442,1.0,9.80782223780536,0.10000000149011612
73.491,1.0,9.835074205758671,0.10000000149011612
73.545,1.0,9.670650683695243,0.10000000149011612
73.592,1.0,9.752960815073715,0.10000000149011612
73.647,1.0,9.78025626892017,0.10000000149011612
73.69,1.0,9.697832334786654,0.10000000149011612
73.741,1.0,9.83545905980799,0.10000000149011612
73.795,1.0,9.890178294541935,0.10000000149011612
73.839,1.0,9.780208417835334,0.10000000149011612
73.891,1.0,9.807731278944347,0.10000000149011612
73.941,1.0,9.862528341449798,0.10000000149011612
73.991,1.0,9.697988216558265,0.10000000149011612
74.046,1.0,9.890042281171514,0.10000000149011612
74.091,1.0,9.807669159894187,0.10000000149011612
74.144,1.0,9.752967828719152,0.10000000149011612
74.202,1.0,9.780298385334511,0.10000000149011612
74.247,1.0,9.697859990741645,0.10000000149011612
74.296,1.0,9.835255290857619,0.10000000149011612
74.352,1.0,9.752807586453855,0.10000000149011612
74.396,1.0,9.807995187553267,0.10000000149011612
74.449,1.0,9.80753461693724,0.10000000149011612
74.5,1.0,9.670297849737107,0.10000000149011612
74.547,1.0,9.89031151994649,0.10000000149011612
74.596,1.0,9.917514490605228,0.10000000149011612
74.649,1.0,9.835126842827433,0.10000000149011612
74.702,1.0,9.807782841908436,0.10000000149011612
74.751,1.0,9.862529631828268,0.10000000149011612
74.799,1.0,9.6429447007469,0.10000000149011612
74.85,1.0,10.0,10.0
74.902,1.0,9.862568941733075,0.10000000149011612
74.956,1.0,9.72538802938329,0.10000000149011612
74.999,1.0,9.835049413931038,0.10000000149011612
75.05,1.0,9.917674721529087,0.10000000149011612
75.104,1.0,9.917574101852047,0.10000000149011612
75.16,1.0,9.862725567879776,0.10000000149011612
75.2,1.0,9.6978165305737,0.10000000149011612
75.267,1.0,9.890239648934868,0.10000000149011612
75.302,1.0,9.615593938260442,0.10000000149011612
75.352,1.0,9.670844222812189,0.10000000149011612
75.405,1.0,9.75282520486249,0.10000000149011612
75.452,1.0,9.697742447877923,0.10000000149011612
75.504,1.0,9.862645520352656,0.10000000149011612
75.553,1.0,9.698172739086052,0.10000000149011612
75.607,1.0,9.862702013221051,0.10000000149011612
75.652,1.0,9.78009650653435,0.10000000149011612
75.704,1.0,9.807702775734166,0.10000000149011612
75.762,1.0,9.697703282762733,0.10000000149011612
75.803,1.0,9.835153377449346,0.10000000149011612
75.861,1.0,9.780317103573017,0.10000000149011612
75.91,1.0,9.862750249045591,0.10000000149011612
75.953,1.0,9.835200567626291,0.10000000149011612
76.008,1.0,9.835345664951536,0.10000000149011612
76.056,1.0,9.835130183812645,0.10000000149011612
76.101,1.0,9.807848327089514,0.10000000149011612
76.154,1.0,9.835346290800306,0.10000000149011612
76.207,1.0,9.862880164798764,0.10000000149011612
76.254,1.0,9.8900207993264,0.10000000149011612
76.303,1.0,9.890258734797438,0.10000000149011612
76.357,1.0,9.917500000012417,0.10000000149011612
76.412,1.0,9.725435954539313,0.10000000149011612
76.458,1.0,9.725409781229164,0.10000000149011612
76.509,1.0,9.615663457889523,0.10000000149011612
76.561,1.0,9.780313704431885,0.10000000149011612
76.606,1.0,9.890168887252608,0.10000000149011612
76.66,1.0,9.725572855149705,0.10000000149011612
76.71,1.0,9.780531681432493,0.10000000149011612
76.761,1.0,9.725457336546647,0.10000000149011612
76.81,1.0,9.80778171784348,0.10000000149011612
76.862,1.0,9.835071187652648,0.10000000149011612
76.914,1.0,9.945112585524718,0.11979098618030548
76.963,1.0,9.83529431666765,0.10000000149011612
77.013,1.0,9.752760294245348,0.10000000149011612
77.063,1.0,9.752914893751344,0.10000000149011612
77.114,1.0,9.753092510936161,0.10000000149011612
77.166,1.0,9.643108186767334,0.10000000149011612
77.213,1.0,9.807841596917974,0.10000000149011612
77.263,1.0,9.890139850477377,0.10000000149011612
77.314,1.0,9.835279548044007,0.10000000149011612
77.365,1.0,9.835107371190356,0.10000000149011612
77.422,1.0,9.945072147560616,0.1029369905591011
77.465,1.0,9.670289829456143,0.10000000149011612
77.517,1.0,9.780347855037284,0.10000000149011612
77.569,1.0,9.780375849083066,0.10000000149011612
77.614,1.0,9.642762681779763,0.10000000149011612
77.665,1.0,9.780198121464087,0.10000000149011612
77.721,1.0,9.890197211317718,0.10000000149011612
77.764,1.0,9.78012313865539,0.10000000149011612
77.813,1.0,9.91783486439122,0.1255219429731369
77.87,1.0,9.752793588116765,0.10000000149011612
77.915,1.0,9.780327731019092,0.10000000149011612
77.965,1.0,9.670316503362523,0.10000000149011612
78.015,1.0,9.835164006820156,0.10000000149011612
78.071,1.0,9.862642182761597,0.10000000149011612
78.123,1.0,9.835371502613027,0.10000000149011612
78.169,1.0,9.91767885920902,0.10000000149011612
78.219,1.0,9.917753907520737,0.11052606254816055
78.269,1.0,9.752912472809355,0.10000000149011612
78.319,1.0,9.890358131606545,0.10962565988302231
78.367,1.0,9.89016107885788,0.10000000149011612
78.419,1.0,9.862727572520575,0.10000000149011612
78.469,1.0,9.862779441124035,0.10000000149011612
78.522,1.0,9.80791346470101,0.10000000149011612
78.563,1.0,9.807780469415917,0.10000000149011612
78.624,1.0,9.753058353045748,0.10000000149011612
78.668,1.0,9.807612028614514,0.10000000149011612
78.725,1.0,9.835163231690725,0.10000000149011612
78.774,1.0,9.86287068956428,0.10000000149011612
78.818,1.0,9.725394527365763,0.10000000149011612
78.869,1.0,9.78031447571185,0.10000000149011612
78.922,1.0,9.890232024445302,0.10000000149011612
78.972,1.0,9.807716930409272,0.10000000149011612
79.018,1.0,9.835284186340868,0.10000000149011612
79.069,1.0,9.807791636014977,0.10000000149011612
79.123,1.0,9.725300139830344,0.10000000149011612
79.172,1.0,9.752700689165957,0.10000000149011612
79.226,1.0,9.835137812275853,0.10000000149011612
79.274,1.0,9.807509006145928,0.10000000149011612
79.33,1.0,9.807510988228023,0.10000000149011612
79.375,1.0,9.862508301374813,0.10000000149011612
79.435,1.0,9.75289651579741,0.10000000149011612
79.472,1.0,9.807836440722976,0.10000000149011612
79.518,1.0,9.835010441371963,0.10000000149011612
79.576,1.0,9.780349889728758,0.10000000149011612
79.625,1.0,9.807668837925625,0.10000000149011612
79.682,1.0,9.862594279936618,0.10000000149011612
79.724,1.0,9.807775784697798,0.10000000149011612
79.775,1.0,9.752686635259952,0.10000000149011612
79.824,1.0,9.752658765928613,0.10000000149011612
79.874,1.0,9.780286850697465,0.10000000149011612
79.922,1.0,9.86283052381542,0.10000000149011612
79.973,1.0,9.670661586647233,0.10000000149011612
80.024,1.0,9.862831610151463,0.10000000149011612
80.087,1.0,9.890243360876209,0.10000000149011612
80.124,1.0,9.862633030116559,0.10000000149011612
80.175,1.0,9.862528585953017,0.10000000149011612
80.227,1.0,9.835366471753352,0.10000000149011612
80.274,1.0,9.6980276932319,0.10000000149011612
80.325,1.0,9.807830978350507,0.10000000149011612
80.378,1.0,9.862650264944467,0.10000000149011612
80.431,1.0,9.752829186639024,0.10000000149011612
80.474,1.0,9.945114549228714,0.10000000149011612
80.524,1.0,9.780250577049124,0.10000000149011612
80.582,1.0,9.670489533742268,0.10000000149011612
80.634,1.0,9.64289540366994,0.10000000149011612
80.682,1.0,9.807537447185153,0.10000000149011612
80.731,1.0,9.890129437690808,0.10000000149011612
80.792,1.0,9.835425605314473,0.10214546322822571
80.831,1.0,9.752770730045935,0.10000000149011612
80.884,1.0,9.83506442691303,0.10000000149011612
80.931,1.0,9.697726221258442,0.10000000149011612
80.981,1.0,9.890207260640132,0.10000000149011612
81.035,1.0,9.890087666921318,0.10000000149011612
81.081,1.0,9.890111255086959,0.10000000149011612
81.131,1.0,9.780144377549489,0.10000000149011612
81.181,1.0,9.725357206517623,0.10000000149011612
81.235,1.0,9.725158166926768,0.10000000149011612
81.287,1.0,9.780245001407133,0.10000000149011612
81.333,1.0,9.752742068614397,0.10000000149011612
81.386,1.0,9.862565364647242,0.10000000149011612
81.437,1.0,9.807801366204188,0.10000000149011612
81.486,1.0,9.807548538595437,0.10000000149011612
81.534,1.0,9.890221050257484,0.10000000149011612
81.585,1.0,9.752657897542749,0.10000000149011612
81.633,1.0,9.835499756866032,0.10000000149011612
81.684,1.0,9.780238126880592,0.10000000149011612
81.743,1.0,9.725353945771026,0.10000000149011612
81.785,1.0,9.890125413280394,0.10000000149011612
81.834,1.0,9.807601268072094,0.10000000149011612
81.886,1.0,9.752830293671124,0.10000000149011612
81.935,1.0,9.862509011994634,0.10000000149011612
81.985,1.0,9.890109639138812,0.10000000149011612
82.037,1.0,9.807673977625866,0.10000000149011612
82.085,1.0,9.835161310475733,0.10000000149011612
82.135,1.0,9.64317178711709,0.10000000149011612
82.184,1.0,9.890240785727899,0.10000000149011612
82.234,1.0,9.75297176481949,0.10000000149011612
82.285,1.0,9.83528550883962,0.10000000149011612
82.337,1.0,9.91770475347423,0.10000000149011612
82.384,1.0,9.917592086849941,0.10000000149011612
82.438,1.0,9.752797944388456,0.10000000149011612
82.485,1.0,9.6155792609685,0.10000000149011612
82.535,1.0,9.807733150550888,0.10000000149011612
82.584,1.0,9.72511610697127,0.10000000149011612
82.634,1.0,9.835063848313357,0.10000000149011612
82.687,1.0,9.725472384091052,0.10000000149011612
82.738,1.0,9.972500000004139,0.10000000149011612
82.784,1.0,9.807749668177632,0.10000000149011612
82.835,1.0,9.862760795031985,0.10000000149011612
82.886,1.0,9.835259812821944,0.10000000149011612
82.935,1.0,9.862808879526954,0.10000000149011612
82.986,1.0,9.890107432649367,0.10000000149011612
83.034,1.0,9.917605376781689,0.10000000149011612
83.084,1.0,9.807721478616198,0.10000000149011612
83.134,1.0,9.862687269970774,0.10000000149011612
83.191,1.0,9.890001224705742,0.10000000149011612
83.242,1.0,9.807741595411466,0.10000000149011612
83.286,1.0,9.807823827676476,0.10000000149011612
83.338,1.0,9.83526302985847,0.10000000149011612
83.388,1.0,9.725514716137614,0.10000000149011612
83.437,1.0,9.752733669057488,0.10000000149011612
83.486,1.0,9.72549712376462,0.10000000149011612
83.543,1.0,9.6980066895071,0.10000000149011612
83.587,1.0,9.835365250830849,0.10000000149011612
83.637,1.0,9.615477758997844,0.10000000149011612
83.694,1.0,9.807742214223577,0.10000000149011612
83.736,1.0,9.917615615742074,0.10000000149011612
83.787,1.0,9.670325168387757,0.10000000149011612
83.846,1.0,9.890218379514085,0.10000000149011612
83.888,1.0,9.890063171730274,0.10000000149011612
83.937,1.0,9.862916691311531,0.10000000149011612
83.987,1.0,9.752631415840652,0.10000000149011612
84.038,1.0,9.780161454404395,0.10000000149011612
84.089,1.0,9.835159149579704,0.10000000149011612
84.138,1.0,9.780267398080063,0.10000000149011612
84.187,1.0,9.835371145502561,0.10000000149011612
84.234,1.0,9.945095822235777,0.10000000149011612
84.287,1.0,9.807776793837547,0.10000000149011612
84.337,1.0,9.752638262117074,0.10000000149011612
84.391,1.0,9.698205004942913,0.10000000149011612
84.444,1.0,9.807780514926547,0.10000000149011612
84.488,1.0,9.780318172917598,0.10000000149011612
84.537,1.0,9.807877140202455,0.10000000149011612
84.595,1.0,9.890000000016556,0.10000000149011612
84.635,1.0,9.83526116181165,0.10000000149011612
84.689,1.0,9.835084072707428,0.10000000149011612
84.739,1.0,9.890189016341335,0.10000000149011612
84.789,1.0,9.752738235145808,0.10000000149011612
84.84,1.0,9.780162257473503,0.10000000149011612
84.889,1.0,9.780237148888409,0.10000000149011612
84.939,1.0,9.807795413210988,0.10000000149011612
84.991,1.0,9.917500000012417,0.10000000149011612
85.04,1.0,9.780393863593538,0.10000000149011612
85.093,1.0,9.725064093288449,0.10000000149011612
85.144,1.0,9.67035943882333,0.10000000149011612
85.191,1.0,9.752817596743505,0.10000000149011612
85.242,1.0,9.890110307704244,0.10000000149011612
85.292,1.0,9.862782317979468,0.10000000149011612
85.342,1.0,9.807798164503442,0.10000000149011612
85.4,1.0,9.890172613826063,0.10000000149011612
85.441,1.0,9.83510969094932,0.10000000149011612
85.491,1.0,9.80768386380126,0.10000000149011612
85.542,1.0,9.917538339996504,0.10000000149011612
85.594,1.0,9.835009210122129,0.10000000149011612
85.651,1.0,9.725195082628893,0.10000000149011612
85.691,1.0,9.69786288773434,0.10000000149011612
85.752,1.0,9.80760786127713,0.10000000149011612
85.798,1.0,9.80785369063831,0.10000000149011612
85.848,1.0,9.835338733469447,0.10000000149011612
85.899,1.0,9.917685750375192,0.10000000149011612
85.947,1.0,9.890122993290424,0.10000000149011612
85.998,1.0,9.89017307381663,0.10000000149011612
86.051,1.0,9.725598366020455,0.10000000149011612
86.103,1.0,9.807772832322453,0.10000000149011612
86.149,1.0,9.917626764149302,0.10000000149011612
86.199,1.0,9.752788458350633,0.10000000149011612
86.248,1.0,9.697688971832395,0.10000000149011612
86.296,1.0,9.945000000008278,0.10000000149011612
86.348,1.0,9.807700723554525,0.10000000149011612
86.395,1.0,9.835253844389484,0.10000000149011612
86.459,1.0,9.917669800441299,0.11154507845640182
86.498,1.0,9.862509679628744,0.10000000149011612
86.554,1.0,9.780173318708936,0.10000000149011612
86.591,1.0,9.78021321396033,0.10000000149011612
86.648,1.0,9.945000000008278,0.10000000149011612
86.698,1.0,9.807834629155696,0.10000000149011612
86.753,1.0,9.890013988812765,0.10000000149011612
86.801,1.0,9.807785178927912,0.10000000149011612
86.851,1.0,9.862726794203951,0.10000000149011612
86.901,1.0,9.835275947633717,0.10000000149011612
86.951,1.0,9.835283655673265,0.10000000149011612
87.002,1.0,9.917732363835805,0.11890167742967606
87.051,1.0,9.862664360304674,0.10000000149011612
87.1,1.0,9.862569696290626,0.10000000149011612
87.155,1.0,9.807792928442359,0.10000000149011612
87.202,1.0,9.75294040011035,0.10000000149011612
87.256,1.0,9.780230974219739,0.10000000149011612
87.3,1.0,9.780165186193255,0.10000000149011612
87.351,1.0,9.7806038669414,0.10000000149011612
87.405,1.0,9.807705629803241,0.10000000149011612
87.452,1.0,9.890201337759693,0.10000000149011612
87.501,1.0,9.86268472801894,0.10000000149011612
87.554,1.0,9.890152363582617,0.10000000149011612
87.608,1.0,9.835125969826347,0.10000000149011612
87.654,1.0,9.752820626004702,0.10000000149011612
87.701,1.0,9.725128627941013,0.10000000149011612
87.75,1.0,9.83507787409342,0.10000000149011612
87.802,1.0,9.835093223613997,0.10000000149011612
87.854,1.0,9.807794930537542,0.10000000149011612
87.901,1.0,9.780163643591933,0.10000000149011612
87.956,1.0,9.890172474727862,0.10000000149011612
88.006,1.0,9.807841159175668,0.10000000149011612
88.054,1.0,9.945064209505087,0.10147455334663391
88.105,1.0,9.835255801967449,0.10000000149011612
88.154,1.0,9.61545662029336,0.10000000149011612
88.207,1.0,9.780418302553395,0.10000000149011612
88.257,1.0,9.615511037678354,0.10000000149011612
88.308,1.0,9.587888049706816,0.10000000149011612
88.357,1.0,9.89018386374745,0.10000000149011612
88.407,1.0,9.890134194307029,0.10000000149011612
88.466,1.0,9.753051610125436,0.10000000149011612
88.514,1.0,9.807903360678917,0.10000000149011612
88.561,1.0,9.835003728398846,0.10000000149011612
88.613,1.0,9.725257898887826,0.10000000149011612
88.662,1.0,9.835451696316401,0.10000000149011612
88.715,1.0,9.917500000012417,0.10000000149011612
88.757,1.0,9.807662108374966,0.10000000149011612
88.812,1.0,9.835274216139481,0.10000000149011612
88.862,1.0,9.752853360813525,0.10000000149011612
88.912,1.0,9.807741651435693,0.10000000149011612
88.964,1.0,9.835262114347683,0.10000000149011612
89.019,1.0,9.890221848525107,0.10000000149011612
89.062,1.0,9.725143249332906,0.10000000149011612
89.113,1.0,9.862631874200371,0.10000000149011612
89.162,1.0,9.89025014595439,0.10000000149011612
89.214,1.0,9.752994439523253,0.10000000149011612
89.265,1.0,9.78043115410126,0.10000000149011612
89.312,1.0,9.752970944841703,0.10000000149011612
89.363,1.0,9.807598078706198,0.10000000149011612
89.414,1.0,9.807522814286251,0.10000000149011612
89.466,1.0,9.862768771416611,0.10000000149011612
89.515,1.0,9.807662842236459,0.10000000149011612
89.563,1.0,9.752932452017234,0.10000000149011612
89.613,1.0,9.862704683260786,0.10000000149011612
89.662,1.0,9.670495934598147,0.10000000149011612
89.716,1.0,9.6706030331759,0.10000000149011612
89.77,1.0,9.75291577550686,0.10000000149011612
89.81,1.0,9.862807849173745,0.10000000149011612
89.87,1.0,9.725010548821754,0.10000000149011612
89.917,1.0,9.862643703839018,0.10000000149011612
89.967,1.0,9.752963264638352,0.10000000149011612
90.017,1.0,9.780549102317956,0.10000000149011612
90.071,1.0,9.862701859925355,0.10000000149011612
90.118,1.0,9.89009794772913,0.10000000149011612
90.181,1.0,9.698138041711516,0.10000000149011612
90.216,1.0,9.725438217052982,0.10000000149011612
90.266,1.0,9.862714124822782,0.10000000149011612
90.317,1.0,9.862641519121826,0.10000000149011612
90.367,1.0,9.807830696118375,0.10000000149011612
90.415,1.0,9.917645661325919,0.10000000149011612
90.468,1.0,9.835343330932988,0.10000000149011612
90.521,1.0,9.835000000024836,0.10000000149011612
90.568,1.0,9.890256147997247,0.10000000149011612
90.617,1.0,9.725457301611701,0.10000000149011612
90.667,1.0,9.862802307969995,0.10000000149011612
90.731,1.0,9.725366231240333,0.10000000149011612
90.769,1.0,9.890076467746661,0.10000000149011612
90.817,1.0,9.670258598319359,0.10000000149011612
90.87,1.0,9.835109596802956,0.10000000149011612
90.917,1.0,9.862687111770112,0.10000000149011612
90.967,1.0,9.890094510921173,0.10000000149011612
91.022,1.0,9.917500000012417,0.10000000149011612
91.07,1.0,9.835121127342184,0.10000000149011612
91.12,1.0,9.67030492640204,0.10000000149011612
91.171,1.0,9.752770699291593,0.10000000149011612
91.23,1.0,9.835147945914004,0.10000000149011612
91.269,1.0,9.807500000028975,0.10000000149011612
91.32,1.0,9.945121591393319,0.10000000149011612
91.371,1.0,9.835156098028852,0.10000000149011612
91.424,1.0,9.725334690821667,0.10000000149011612
91.47,1.0,9.86277534984466,0.10000000149011612
91.525,1.0,9.670407217099434,0.10000000149011612
91.57,1.0,9.697922920828892,0.10000000149011612
91.619,1.0,9.8627378753076,0.10000000149011612
91.67,1.0,9.670207959475617,0.10000000149011612
91.72,1.0,9.807593332334525,0.10000000149011612
91.774,1.0,9.862669432266719,0.10000000149011612
91.823,1.0,9.890209314703114,0.10000000149011612
91.87,1.0,9.917584824230936,0.10000000149011612
91.932,1.0,9.917576713528899,0.10000000149011612
91.977,1.0,9.89002225599769,0.10000000149011612
92.027,1.0,9.945029530446563,0.10000000149011612
92.077,1.0,9.862793248084683,0.10000000149011612
92.129,1.0,9.835168454464938,0.10000000149011612
92.179,1.0,9.862688277785976,0.10000000149011612
92.223,1.0,9.615931109959881,0.10000000149011612
92.277,1.0,9.945000000008278,0.10000000149011612
92.328,1.0,9.7253307669527,0.10000000149011612
92.377,1.0,9.862577813594706,0.10000000149011612
92.428,1.0,9.91763307609492,0.10000000149011612
92.48,1.0,9.89032491762191,0.11826274544000626
92.527,1.0,9.80807397297273,0.10000000149011612
92.581,1.0,9.780219254725509,0.10000000149011612
92.63,1.0,9.807774661129548,0.10000000149011612
92.68,1.0,9.807809040074547,0.10000000149011612
92.729,1.0,9.890167542919517,0.10000000149011612
92.78,1.0,9.697744176557494,0.10000000149011612
92.829,1.0,9.752923303821849,0.10000000149011612
92.879,1.0,9.972500000004139,0.10000000149011612
92.929,1.0,9.835406254314714,0.10000000149011612
92.98,1.0,9.752933189976547,0.10000000149011612
93.03,1.0,9.615382565392387,0.10000000149011612
93.082,1.0,9.862606062057118,0.10000000149011612
93.125,1.0,9.780251718560855,0.10000000149011612
93.179,1.0,9.835305198571747,0.10000000149011612
93.232,1.0,9.725562724264131,0.10000000149011612
93.28,1.0,9.890117639468777,0.10000000149011612
93.337,1.0,9.945164379829334,0.1249273493885994
93.378,1.0,9.807761222248276,0.10000000149011612
93.43,1.0,9.780131690804328,0.10000000149011612
93.479,1.0,9.780304799063337,0.10000000149011612
93.53,1.0,9.752724792808294,0.10000000149011612
93.58,1.0,9.835371644339627,0.10000000149011612
93.63,1.0,9.615407897469899,0.10000000149011612
93.683,1.0,9.835285864377187,0.10000000149011612
93.73,1.0,9.780074069855942,0.10000000149011612
93.78,1.0,9.780199234228995,0.10000000149011612
93.837,1.0,9.835533197927806,0.11866556107997894
93.88,1.0,9.862684786568085,0.10000000149011612
93.93,1.0,9.780319869704545,0.10000000149011612
93.985,1.0,9.780327515635225,0.10000000149011612
94.034,1.0,9.890074013421932,0.10000000149011612
94.083,1.0,9.752992569800053,0.10000000149011612
94.13,1.0,9.835171656165686,0.10000000149011612
94.181,1.0,9.862823293316696,0.10000000149011612
94.233,1.0,9.835123444348573,0.10000000149011612
94.279,1.0,9.89010469696174,0.10000000149011612
94.338,1.0,9.917500000012417,0.10000000149011612
94.38,1.0,9.917540742953618,0.10000000149011612
94.431,1.0,9.780361819929547,0.10000000149011612
94.49,1.0,9.753002406429086,0.10000000149011612
94.53,1.0,9.670192035453187,0.10000000149011612
94.58,1.0,9.807787852796416,0.10000000149011612
94.631,1.0,9.698000289127231,0.10000000149011612
94.681,1.0,9.86270985054887,0.10000000149011612
94.728,1.0,9.807654397168921,0.10000000149011612
94.779,1.0,9.835458422783349,0.10000000149011612
94.83,1.0,9.917635572204988,0.10000000149011612
94.881,1.0,9.725227704954644,0.10000000149011612
94.928,1.0,9.697761378085447,0.10000000149011612
94.98,1.0,9.80771532025602,0.10000000149011612
95.031,1.0,9.862600004507435,0.10000000149011612
95.081,1.0,9.80765351632403,0.10000000149011612
95.135,1.0,9.835175680348442,0.10000000149011612
95.186,1.0,9.807585252159171,0.10000000149011612
95.242,1.0,9.670312753754358,0.10000000149011612
95.284,1.0,9.862552146592902,0.10000000149011612
95.333,1.0,9.615400871344738,0.10000000149011612
95.389,1.0,9.862839501951303,0.10000000149011612
95.442,1.0,9.752588563226164,0.10000000149011612
95.49,1.0,9.807796713275215,0.10000000149011612
95.54,1.0,9.807660456560551,0.10000000149011612
95.593,1.0,9.890077350681855,0.10000000149011612
95.64,1.0,9.752679282385442,0.10000000149011612
95.689,1.0,9.752907124492857,0.10000000149011612
95.739,1.0,9.917579205375578,0.10000000149011612
95.79,1.0,9.753096544577016,0.10000000149011612
95.84,1.0,9.862841244331664,0.10000000149011612
95.89,1.0,9.86272121326377,0.10000000149011612
95.945,1.0,9.890069368316068,0.10000000149011612
95.994,1.0,9.670223095495668,0.10000000149011612
96.043,1.0,9.697832575047181,0.10000000149011612
96.091,1.0,9.807654800824821,0.10000000149011612
96.142,1.0,9.862558711195986,0.10000000149011612
96.197,1.0,9.835363174395429,0.10000000149011612
96.242,1.0,9.780371781997383,0.10000000149011612
96.293,1.0,9.862644168196454,0.10000000149011612
96.345,1.0,9.780045437233316,0.10000000149011612
96.396,1.0,9.862627783873014,0.10000000149011612
96.442,1.0,9.835348860174417,0.10000000149011612
96.494,1.0,9.698021947013007,0.10000000149011612
96.543,1.0,9.780125199920601,0.10000000149011612
96.597,1.0,9.890180537891057,0.10000000149011612
96.646,1.0,9.835188347825573,0.10000000149011612
96.694,1.0,9.752718620292015,0.10000000149011612
96.742,1.0,9.83524024190588,0.10000000149011612
96.796,1.0,9.807766717734436,0.10000000149011612
96.849,1.0,9.807922061594825,0.10000000149011612
96.897,1.0,9.752929578576651,0.10000000149011612
96.946,1.0,9.862500000020695,0.10000000149011612
96.997,1.0,9.752685043608977,0.10000000149011612
97.047,1.0,9.752703690073556,0.10000000149011612
97.096,1.0,9.752625476361978,0.10000000149011612
97.148,1.0,9.807546669762168,0.10000000149011612
97.204,1.0,9.807763796630834,0.10000000149011612
97.247,1.0,9.83523331557711,0.10000000149011612
97.296,1.0,9.780175875851677,0.10000000149011612
97.347,1.0,9.752793647928371,0.10000000149011612
97.399,1.0,9.75285395971603,0.10000000149011612
97.45,1.0,9.86264642054836,0.10000000149011612
97.505,1.0,9.808168037732441,0.11144313216209412
97.549,1.0,9.752748707330062,0.10000000149011612
97.599,1.0,9.862720116455522,0.10000000149011612
97.647,1.0,9.725456279226476,0.10000000149011612
97.702,1.0,9.835144851211872,0.10000000149011612
97.751,1.0,9.780247581688066,0.10000000149011612
97.802,1.0,10.0,10.0
97.847,1.0,9.725312997669809,0.10000000149011612
97.901,1.0,9.89006986796028,0.10000000149011612
97.955,1.0,9.890079974196851,0.10000000149011612
98.0,1.0,9.697966635827388,0.10000000149011612
98.05,1.0,9.780438694440656,0.10000000149011612
98.102,1.0,9.697759882340002,0.10000000149011612
98.158,1.0,9.807696013131903,0.10000000149011612
98.214,1.0,9.725484556953113,0.10000000149011612
98.253,1.0,9.835211265832186,0.10000000149011612
98.306,1.0,9.780325482226909,0.10000000149011612
98.353,1.0,9.697886053638326,0.10000000149011612
98.403,1.0,9.890235197751059,0.10000000149011612
98.453,1.0,9.89000765066594,0.10000000149011612
98.509,1.0,9.72529468898558,0.10000000149011612
98.563,1.0,9.890307671183514,0.10000000149011612
98.61,1.0,9.80792498158084,0.10000000149011612
98.654,1.0,9.917568226634629,0.10000000149011612
98.704,1.0,9.862593056758245,0.10000000149011612
98.759,1.0,9.780176957117186,0.10000000149011612
98.807,1.0,9.807684782623417,0.10000000149011612
98.857,1.0,9.752834928677315,0.10000000149011612
98.907,1.0,9.752950030710135,0.10000000149011612
98.959,1.0,9.752747695168686,0.10000000149011612
99.009,1.0,9.725253029146955,0.10000000149011612
99.058,1.0,9.698190637905565,0.10000000149011612
99.108,1.0,9.725137344147596,0.10000000149011612
99.156,1.0,9.725530541936557,0.10000000149011612
99.207,1.0,9.780164620611403,0.10000000149011612
99.257,1.0,9.945131591355635,0.1216457262635231
99.307,1.0,9.89027150556859,0.10000000149011612
99.356,1.0,9.80762159290413,0.10000000149011612
99.412,1.0,9.890086300174396,0.10000000149011612
99.458,1.0,9.862707414374583,0.10000000149011612
99.508,1.0,9.862752635259595,0.10000000149011612
99.561,1.0,9.890269119168321,0.10000000149011612
99.608,1.0,9.752915394554536,0.10000000149011612
99.663,1.0,9.945118860631354,0.10000000149011612
99.708,1.0,9.725195877212617,0.10000000149011612
99.759,1.0,9.642954277329975,0.10000000149011612
99.809,1.0,9.780187389627098,0.10000000149011612
99.859,1.0,9.75278518197851,0.10000000149011612
99.909,1.0,9.945071754997803,0.10000000149011612
99.96,1.0,9.97255176347163,0.11863484978675842
100.012,1.0,9.780243620586893,0.10000000149011612
100.059,1.0,9.862740878077846,0.10000000149011612
100.112,1.0,9.752783456092907,0.10000000149011612
100.158,1.0,9.725496199230353,0.10000000149011612
100.215,1.0,9.862638191982276,0.10000000149011612
100.26,1.0,9.75280775071846,0.10000000149011612
100.31,1.0,9.807833394946323,0.10000000149011612
100.36,1.0,9.752645617350936,0.10000000149011612
100.412,1.0,9.862603500816558,0.10000000149011612
100.456,1.0,9.6978652111979,0.10000000149011612
100.509,1.0,9.725253063254058,0.10000000149011612
100.559,1.0,9.753021829927134,0.10000000149011612
100.611,1.0,9.807639509087636,0.10000000149011612
100.659,1.0,9.890130714223616,0.10000000149011612
100.71,1.0,9.917615251367291,0.10000000149011612
100.764,1.0,9.807597739104596,0.10000000149011612
100.809,1.0,9.780394509144955,0.10000000149011612
100.858,1.0,9.752679565093583,0.10000000149011612
100.914,1.0,9.835286296283206,0.10000000149011612
100.959,1.0,9.670624935026797,0.10000000149011612
101.009,1.0,9.643014161164562,0.10000000149011612
101.066,1.0,9.972500000004139,0.10000000149011612
101.11,1.0,9.780446846762466,0.10000000149011612
101.162,1.0,9.807654649329683,0.10000000149011612
101.212,1.0,9.642799247532254,0.10000000149011612
101.26,1.0,9.725728348083795,0.10000000149011612
101.314,1.0,9.698114509756367,0.10000000149011612
101.359,1.0,9.862881664393676,0.10364877432584763
101.416,1.0,9.780229100336632,0.10000000149011612
101.459,1.0,9.80774727138794,0.10000000149011612
101.509,1.0,9.725272514277862,0.10000000149011612
101.56,1.0,9.697718465597266,0.10000000149011612
101.612,1.0,9.725393011731406,0.10000000149011612
101.658,1.0,9.69767033379111,0.10000000149011612
101.708,1.0,9.862652672889332,0.10000000149011612
101.763,1.0,9.643111916383107,0.10000000149011612
101.812,1.0,9.862821734448273,0.10000000149011612
101.865,1.0,9.83518369955321,0.10000000149011612
101.91,1.0,9.972500000004139,0.10000000149011612
101.961,1.0,9.917575723677874,0.10000000149011612
102.017,1.0,9.862737967674104,0.10000000149011612
102.059,1.0,9.780265914648771,0.10000000149011612
102.119,1.0,9.725179790498482,0.10000000149011612
102.159,1.0,9.752810824579663,0.10000000149011612
102.21,1.0,9.835186123185688,0.10000000149011612
102.259,1.0,9.862589893655645,0.10000000149011612
102.309,1.0,9.752818221598863,0.10000000149011612
102.364,1.0,9.862794251036313,0.10000000149011612
102.413,1.0,9.725203779981369,0.10000000149011612
102.463,1.0,9.972500000004139,0.10000000149011612
102.513,1.0,9.9451220072185,0.10000000149011612
102.563,1.0,9.807565058560835,0.10000000149011612
102.615,1.0,9.80782008278701,0.10000000149011612
102.669,1.0,9.89000379451447,0.10000000149011612
102.72,1.0,9.862582382290727,0.10000000149011612
102.767,1.0,9.725682605823708,0.10000000149011612
102.816,1.0,9.752808000975184,0.10000000149011612
102.868,1.0,9.945069021835096,0.10000000149011612
102.917,1.0,9.862726924195886,0.10000000149011612
102.971,1.0,9.862677562050521,0.10000000149011612
103.018,1.0,9.80762072166221,0.10000000149011612
103.069,1.0,9.698035490988858,0.10000000149011612
103.115,1.0,9.807605788753264,0.10000000149011612
103.167,1.0,9.835122997582786,0.10000000149011612
103.219,1.0,9.643064874245061,0.10000000149011612
103.264,1.0,9.808017591593995,0.10000000149011612
103.317,1.0,9.807606602687802,0.10000000149011612
103.367,1.0,9.9175847997475,0.10000000149011612
103.416,1.0,9.78007648392684,0.10000000149011612
103.474,1.0,9.83524998612702,0.10000000149011612
103.52,1.0,9.94501458760351,0.10000000149011612
103.565,1.0,9.72526224717084,0.10000000149011612
103.616,1.0,9.80777955322216,0.10000000149011612
103.667,1.0,9.862669273031255,0.10000000149011612
103.717,1.0,9.780258798578547,0.10000000149011612
103.766,1.0,9.780227974367639,0.10000000149011612
103.816,1.0,9.780582851750983,0.10000000149011612
103.864,1.0,9.807918375999563,0.10000000149011612
103.916,1.0,9.642914198090633,0.10000000149011612
103.966,1.0,9.780472159923779,0.10000000149011612
104.016,1.0,9.752869347710575,0.10000000149011612
104.072,1.0,9.725321925659147,0.10000000149011612
104.124,1.0,9.80795039118578,0.10000000149011612
104.178,1.0,9.862717784382403,0.10000000149011612
104.22,1.0,9.698013429509269,0.10000000149011612
104.271,1.0,9.670421695419483,0.10000000149011612
104.329,1.0,9.725379711223972,0.10000000149011612
104.37,1.0,9.835230774722165,0.10000000149011612
104.422,1.0,9.835359366879695,0.10000000149011612
104.471,1.0,9.643047773155073,0.10000000149011612
104.519,1.0,9.807692870994408,0.10000000149011612
104.569,1.0,9.807544344353179,0.10000000149011612
104.621,1.0,9.835201104730368,0.10000000149011612
104.668,1.0,9.807765626245075,0.10000000149011612
104.726,1.0,9.69808974671695,0.10000000149011612
104.779,1.0,9.69795812327001,0.10000000149011612
104.827,1.0,9.643024271726608,0.10000000149011612
104.883,1.0,9.780508769945138,0.10000000149011612
104.927,1.0,9.697784199731217,0.10000000149011612
104.98,1.0,9.780491290179391,0.10000000149011612
105.036,1.0,9.72523669840561,0.10000000149011612
105.083,1.0,9.83513166513294,0.10000000149011612
105.142,1.0,9.725423149143657,0.10000000149011612
105.182,1.0,9.807793309663733,0.10000000149011612
105.234,1.0,9.697882103547453,0.10000000149011612
105.286,1.0,9.945000000008278,0.10000000149011612
105.332,1.0,9.917585157064927,0.10000000149011612
105.382,1.0,9.862623179310726,0.10000000149011612
105.436,1.0,9.862635144715508,0.10000000149011612
105.487,1.0,9.862733944195012,0.10000000149011612
105.541,1.0,9.835179006722239,0.10000000149011612
105.583,1.0,9.972565183229744,0.12346596270799637
105.635,1.0,9.78018855030338,0.10000000149011612
105.685,1.0,9.615642676129937,0.10000000149011612
105.734,1.0,9.835120091152687,0.10000000149011612
105.785,1.0,9.807732097535498,0.10000000149011612
105.835,1.0,9.807722546905278,0.10000000149011612
105.893,1.0,9.890219084401098,0.10000000149011612
105.934,1.0,9.67045566789392,0.10000000149011612
105.985,1.0,9.780208266754117,0.10000000149011612
106.036,1.0,9.670459752695429,0.10000000149011612
106.087,1.0,9.835334771643911,0.10000000149011612
106.136,1.0,9.807740922272206,0.10000000149011612
106.188,1.0,9.80762577296959,0.10000000149011612
106.235,1.0,9.807851435078515,0.10000000149011612
106.285,1.0,9.862678630629347,0.10000000149011612
106.34,1.0,9.78018733807322,0.10000000149011612
106.391,1.0,9.807734116518663,0.10000000149011612
106.437,1.0,9.780132339211802,0.10000000149011612
106.487,1.0,9.917500000012417,0.10000000149011612
106.538,1.0,9.917604924055437,0.10000000149011612
106.586,1.0,9.752733997462524,0.10000000149011612
106.636,1.0,9.945083118271496,0.10444502532482147
106.686,1.0,9.862616969355278,0.10000000149011612
106.742,1.0,9.890111738029454,0.10000000149011612
106.785,1.0,9.72517550744944,0.10000000149011612
106.835,1.0,9.890004659816622,0.10000000149011612
106.887,1.0,9.807800174856352,0.10000000149011612
106.937,1.0,9.80772789708442,0.10000000149011612
106.992,1.0,9.807657222180731,0.10000000149011612
107.042,1.0,9.835306317876611,0.10000000149011612
107.09,1.0,9.890016487158007,0.10000000149011612
107.141,1.0,9.752502715794577,0.10000000149011612
107.194,1.0,9.725424082101219,0.10000000149011612
107.246,1.0,9.780120048920313,0.10000000149011612
107.296,1.0,9.697917043686742,0.10000000149011612
107.343,1.0,9.862533383899265,0.10000000149011612
107.395,1.0,9.835197623115446,0.10000000149011612
107.445,1.0,9.752861617360677,0.10000000149011612
107.496,1.0,9.862808479534255,0.10000000149011612
107.543,1.0,9.6977729174205,0.10000000149011612
107.595,1.0,9.807707044089007,0.10000000149011612
107.644,1.0,9.862500000020695,0.10000000149011612
107.693,1.0,9.725330550368462,0.10000000149011612
107.746,1.0,9.752676761998899,0.10000000149011612
107.793,1.0,9.725099895894527,0.10000000149011612
107.842,1.0,9.752589511871339,0.10000000149011612
107.899,1.0,9.835145139321686,0.10000000149011612
107.943,1.0,9.78022336543848,0.10000000149011612
107.998,1.0,9.752796485026677,0.10000000149011612
108.044,1.0,9.780317858213351,0.10000000149011612
108.095,1.0,9.61531731740882,0.10000000149011612
108.15,1.0,9.917500000012417,0.10000000149011612
108.194,1.0,9.835254261704783,0.10000000149011612
108.247,1.0,9.890166705225905,0.10000000149011612
108.3,1.0,9.670254111621116,0.10000000149011612
108.342,1.0,9.83509600646794,0.10000000149011612
108.395,1.0,9.86274601492203,0.10000000149011612
108.445,1.0,9.807782074477938,0.10000000149011612
108.494,1.0,9.725279903266992,0.10000000149011612
108.544,1.0,9.780235966853798,0.10000000149011612
108.595,1.0,9.862764341591133,0.10000000149011612
108.651,1.0,9.780164810001022,0.10000000149011612
108.694,1.0,9.862648779588442,0.10000000149011612
108.748,1.0,9.615885290751855,0.10000000149011612
108.794,1.0,9.862712000082764,0.10000000149011612
108.844,1.0,9.835232718764908,0.10000000149011612
108.903,1.0,9.78019638073941,0.10000000149011612
108.949,1.0,9.807631564264495,0.10000000149011612
109.002,1.0,9.862599937700564,0.10000000149011612
109.05,1.0,9.780466871253319,0.10000000149011612
109.1,1.0,9.78030137858457,0.10000000149011612
109.155,1.0,9.945138044117225,0.11168898642063141
109.2,1.0,9.89017877785696,0.10000000149011612
109.249,1.0,9.69802806917578,0.10000000149011612
109.3,1.0,9.890139570873645,0.10153066366910934
109.351,1.0,9.807713952950305,0.10000000149011612
109.4,1.0,9.807811696061657,0.10000000149011612
109.452,1.0,9.917500000012417,0.10000000149011612
109.498,1.0,9.780216692243185,0.10000000149011612
109.553,1.0,9.78041465739823,0.10000000149011612
109.6,1.0,9.807755183904534,0.10000000149011612
109.66,1.0,9.670310254415703,0.10000000149011612
109.71,1.0,9.697819753073984,0.10000000149011612
109.753,1.0,9.862564811814163,0.10000000149011612
109.802,1.0,9.807644934703907,0.10000000149011612
109.854,1.0,9.890000000016556,0.10000000149011612
109.903,1.0,9.807610138298736,0.10000000149011612
109.951,1.0,9.807607033165793,0.10000000149011612
110.003,1.0,9.75282522595177,0.10000000149011612
110.05,1.0,9.642920977580879,0.10000000149011612
110.101,1.0,9.890237020370034,0.10000000149011612
110.151,1.0,9.780204008064336,0.10000000149011612
110.201,1.0,9.670305363730424,0.10000000149011612
110.249,1.0,9.642956282467479,0.10000000149011612
110.3,1.0,9.752826220542193,0.10000000149011612
110.354,1.0,9.807500000028975,0.10000000149011612
110.411,1.0,9.83509537908766,0.10000000149011612
110.451,1.0,9.945012694162626,0.10000000149011612
110.501,1.0,9.835187045029468,0.10000000149011612
110.551,1.0,9.725194652564824,0.10000000149011612
110.602,1.0,9.67053591751804,0.10000000149011612
110.652,1.0,9.83517905804846,0.10000000149011612
110.702,1.0,9.862701102822191,0.10000000149011612
110.76,1.0,9.807771711382602,0.10000000149011612
110.801,1.0,9.863054491165611,0.1272301971912384
110.85,1.0,9.807670587135686,0.10000000149011612
110.902,1.0,9.725328859107362,0.10000000149011612
110.961,1.0,9.917544919562836,0.10000000149011612
111.001,1.0,9.807779655543467,0.10000000149011612
111.055,1.0,9.890105718643301,0.10000000149011612
111.106,1.0,9.807726441220277,0.10000000149011612
111.152,1.0,9.725296453614202,0.10000000149011612
111.205,1.0,9.697863547607428,0.10000000149011612
111.251,1.0,9.83502415606959,0.10000000149011612
111.304,1.0,9.917570740150081,0.10000000149011612
111.353,1.0,9.643243006368477,0.10000000149011612
111.401,1.0,9.835367940759493,0.10000000149011612
111.455,1.0,9.80765655785799,0.10000000149011612
111.502,1.0,9.80772961554014,0.10000000149011612
111.554,1.0,9.807619704264734,0.10000000149011612
111.603,1.0,9.862574797165063,0.10000000149011612
111.653,1.0,9.780397855656014,0.10000000149011612
111.702,1.0,9.670582902121048,0.10000000149011612
111.753,1.0,9.835449877050188,0.10000000149011612
111.805,1.0,9.753014385865795,0.10000000149011612
111.855,1.0,9.697719914404054,0.10000000149011612
111.902,1.0,9.807784935438798,0.10000000149011612
111.954,1.0,9.725173971719212,0.10000000149011612
112.002,1.0,9.89024780102902,0.10000000149011612
112.051,1.0,9.80773964787109,0.10000000149011612
112.105,1.0,9.835375122042993,0.10000000149011612
112.16,1.0,9.807637134297854,0.10000000149011612
112.204,1.0,9.67024064504852,0.10000000149011612
112.254,1.0,9.780332320804398,0.10000000149011612
112.304,1.0,9.862545862690443,0.10000000149011612
112.355,1.0,9.835203773342073,0.10000000149011612
112.404,1.0,9.725448259752657,0.10000000149011612
112.457,1.0,9.835037335567176,0.10000000149011612
112.504,1.0,9.807673155164553,0.10000000149011612
112.554,1.0,9.807827389343744,0.10000000149011612
112.604,1.0,9.862686827468375,0.10000000149011612
112.654,1.0,9.725403899368313,0.10000000149011612
112.7,1.0,9.72532317723251,0.10000000149011612
112.754,1.0,9.89007744886395,0.10000000149011612
112.804,1.0,9.697792173446052,0.10000000149011612
112.858,1.0,9.890000000016556,0.10000000149011612
112.906,1.0,9.862655487842858,0.10000000149011612
112.954,1.0,9.670388472597633,0.10000000149011612
113.004,1.0,9.8353371395626,0.10000000149011612
113.061,1.0,9.752976538944576,0.10000000149011612
113.105,1.0,9.752966754386822,0.10000000149011612
113.159,1.0,9.86253186478797,0.10000000149011612
113.204,1.0,9.697982212839028,0.10000000149011612
113.254,1.0,9.89020753370391,0.10000000149011612
113.303,1.0,9.725159929754833,0.10000000149011612
113.355,1.0,9.862686128666004,0.10000000149011612
113.409,1.0,9.780237131814163,0.10000000149011612
113.455,1.0,9.807525480952528,0.10000000149011612
113.505,1.0,9.917637906430496,0.10000000149011612
113.554,1.0,9.890172971453932,0.10000000149011612
113.606,1.0,9.780331817807422,0.10000000149011612
113.655,1.0,9.697681569659876,0.10000000149011612
113.705,1.0,9.752659997882114,0.10000000149011612
113.764,1.0,9.80758312145869,0.10000000149011612
113.811,1.0,9.835308283050027,0.10000000149011612
113.861,1.0,9.945120542806883,0.10068253427743912
113.915,1.0,9.752740822835928,0.10000000149011612
113.967,1.0,9.725171368465656,0.10000000149011612
114.017,1.0,9.86259256452322,0.10000000149011612
114.068,1.0,9.890003562077052,0.10000000149011612
114.116,1.0,9.862735417298973,0.10000000149011612
114.166,1.0,9.725069051339394,0.10000000149011612
114.214,1.0,9.86253166064206,0.10000000149011612
114.267,1.0,9.780551327475242,0.10224074125289917
114.322,1.0,9.862629425111745,0.10000000149011612
114.365,1.0,9.91761876406769,0.10000000149011612
114.419,1.0,9.807500000028975,0.10000000149011612
114.467,1.0,9.835210109419293,0.10000000149011612
114.515,1.0,9.862795398467117,0.10000000149011612
114.572,1.0,9.89002201333642,0.10000000149011612
114.619,1.0,9.917500000012417,0.10000000149011612
114.666,1.0,9.835035315197375,0.10000000149011612
114.715,1.0,9.862758296521173,0.10000000149011612
114.765,1.0,9.917599591571424,0.10000000149011612
114.821,1.0,9.642801257140107,0.10000000149011612
114.866,1.0,9.642881815073391,0.10000000149011612
114.916,1.0,9.862766166424585,0.10000000149011612
114.967,1.0,9.917784283206695,0.12082330137491226
115.023,1.0,9.9176342861106,0.10000000149011612
115.067,1.0,9.807718052859936,0.10000000149011612
115.116,1.0,9.752695424792668,0.10000000149011612
115.168,1.0,9.890154619825383,0.10000000149011612
115.217,1.0,9.72524103609224,0.10000000149011612
115.27,1.0,9.725343294462396,0.10000000149011612
115.323,1.0,9.80766996656441,0.10000000149011612
115.366,1.0,9.7253238533727,0.10000000149011612
115.417,1.0,9.890182895834247,0.10000000149011612
115.468,1.0,9.780120301805436,0.10000000149011612
115.52,1.0,9.94513594381925,0.10000000149011612
115.566,1.0,9.752649400859243,0.10000000149011612
115.622,1.0,9.86260022326476,0.10000000149011612
115.665,1.0,9.835288688995773,0.10000000149011612
115.716,1.0,9.862576058093044,0.10000000149011612
115.765,1.0,9.780536638200283,0.10000000149011612
115.817,1.0,9.807742278898756,0.10000000149011612
115.867,1.0,9.752690296123426,0.10000000149011612
115.916,1.0,9.83523578879734,0.10000000149011612
115.966,1.0,9.83526434480316,0.10000000149011612
116.017,1.0,9.835104546778732,0.10000000149011612
116.068,1.0,9.917606913008624,0.10000000149011612
116.119,1.0,9.697568993911975,0.10000000149011612
116.173,1.0,9.780269491465555,0.10000000149011612
116.216,1.0,9.807803851945533,0.10000000149011612
116.269,1.0,9.862606325000524,0.10000000149011612
116.319,1.0,9.753003425275287,0.10000000149011612
116.371,1.0,9.835127439784507,0.10000000149011612
116.422,1.0,9.752888956562513,0.10000000149011612
116.468,1.0,9.752847840843929,0.10000000149011612
116.523,1.0,9.697842060422731,0.10000000149011612
116.573,1.0,9.780125874156754,0.10000000149011612
116.624,1.0,9.862803277787235,0.10000000149011612
116.675,1.0,9.890134338724117,0.10000000149011612
116.723,1.0,9.780257071513269,0.10000000149011612
116.774,1.0,9.835413625794981,0.10000000149011612
116.835,1.0,9.780391547973785,0.10000000149011612
116.875,1.0,9.945000000008278,0.10000000149011612
116.926,1.0,9.725151348486543,0.10000000149011612
116.978,1.0,9.752756940987375,0.10000000149011612
117.025,1.0,9.890181074105204,0.10000000149011612
117.074,1.0,9.72512495526009,0.10000000149011612
117.126,1.0,9.807828387990593,0.10000000149011612
117.174,1.0,9.78018861203972,0.10000000149011612
117.227,1.0,9.752790717325277,0.10000000149011612
117.276,1.0,9.807784999348224,0.10000000149011612
117.327,1.0,9.698082317577468,0.10000000149011612
117.374,1.0,9.780299370694491,0.10000000149011612
117.425,1.0,9.807885833705464,0.10000000149011612
117.477,1.0,9.75277283175124,0.10000000149011612
117.524,1.0,9.752859721105132,0.10000000149011612
117.576,1.0,9.862630192562937,0.10000000149011612
117.624,1.0,9.78048580404785,0.10000000149011612
117.675,1.0,9.807958381498853,0.10000000149011612
117.724,1.0,9.862597829269038,0.10000000149011612
117.777,1.0,9.780190141892268,0.10000000149011612
117.829,1.0,9.697776831065616,0.10000000149011612
117.874,1.0,9.89020155324704,0.10000000149011612
117.934,1.0,9.780178452655672,0.10000000149011612
117.974,1.0,9.80766412181159,0.10000000149011612
118.024,1.0,9.752821872341965,0.10000000149011612
118.076,1.0,9.917553658038377,0.10000000149011612
118.129,1.0,9.780167716555297,0.10000000149011612
118.173,1.0,9.862621874962416,0.10000000149011612
118.225,1.0,9.78007388230827,0.10000000149011612
118.285,1.0,9.670146932349438,0.10000000149011612
118.324,1.0,9.725281810160313,0.10000000149011612
118.373,1.0,9.752793247232006,0.10000000149011612
118.426,1.0,9.86264209571398,0.10000000149011612
118.474,1.0,9.78010121602565,0.10000000149011612
118.526,1.0,9.807818650826812,0.10000000149011612
118.574,1.0,9.835178225570255,0.10000000149011612
118.624,1.0,9.807746993439894,0.10000000149011612
118.674,1.0,9.697879228678842,0.10000000149011612
118.724,1.0,9.835176095325085,0.10000000149011612
118.781,1.0,9.780273809221883,0.10000000149011612
118.824,1.0,9.835123891362713,0.10000000149011612
118.874,1.0,9.6701386641711,0.10000000149011612
118.923,1.0,9.780329388048914,0.10000000149011612
118.978,1.0,9.862669220214917,0.10000000149011612
119.027,1.0,9.752754462365475,0.10000000149011612
119.078,1.0,9.72535870636089,0.10000000149011612
119.133,1.0,9.890137524882125,0.10000000149011612
119.178,1.0,9.862876997308598,0.10000000149011612
119.23,1.0,9.807647217975722,0.10000000149011612
119.276,1.0,9.862621242966917,0.10000000149011612
119.328,1.0,9.862783869935406,0.10000000149011612
119.377,1.0,9.835288090093268,0.10000000149011612
119.431,1.0,9.697909463507434,0.10000000149011612
119.478,1.0,9.972500000004139,0.10000000149011612
119.53,1.0,9.862534442419808,0.10000000149011612
119.578,1.0,9.780354571797782,0.10000000149011612
119.631,1.0,9.890066837436622,0.10000000149011612
119.681,1.0,9.835083490506642,0.10000000149011612
119.732,1.0,9.698058695139157,0.10000000149011612
119.782,1.0,9.862778039773305,0.10567508637905121
119.833,1.0,9.835255399946536,0.10000000149011612
119.885,1.0,9.807740502701037,0.10000000149011612
119.93,1.0,9.780183321961927,0.10000000149011612
119.985,1.0,9.890171429183749,0.10000000149011612
