Timestamp,Valid Ratio,Mean Range,Min Range
0.237,1.0,9.752760510146619,0.10000000149011612
0.287,1.0,9.890138534228836,0.10000000149011612
0.336,1.0,9.752686805422936,0.10000000149011612
0.386,1.0,9.752762379455898,0.10000000149011612
0.436,1.0,9.807755436975922,0.10000000149011612
0.486,1.0,9.725196057040659,0.10000000149011612
0.536,1.0,9.890037873097592,0.10000000149011612
0.586,1.0,9.8351419845389,0.10000000149011612
0.636,1.0,9.780058485083282,0.10000000149011612
0.687,1.0,9.780273002054956,0.10000000149011612
0.736,1.0,9.72517749818249,0.10000000149011612
0.786,1.0,9.890066472834183,0.10000000149011612
0.836,1.0,9.67044861095233,0.10000000149011612
0.887,1.0,9.83533439538959,0.10000000149011612
0.937,1.0,9.862769022025168,0.10000000149011612
0.986,1.0,9.725439650213552,0.10000000149011612
1.036,1.0,9.835000000024836,0.10000000149011612
1.086,1.0,9.78051856899013,0.10000000149011612
1.1360000000000001,1.0,9.835224506734974,0.10000000149011612
1.187,1.0,9.807989120235046,0.10000000149011612
1.236,1.0,9.835192222789757,0.10000000149011612
1.287,1.0,9.86267088043193,0.10000000149011612
1.336,1.0,9.807875513720015,0.10000000149011612
1.3860000000000001,1.0,9.83525655871878,0.10000000149011612
1.436,1.0,9.698062432515952,0.10000000149011612
1.486,1.0,9.780294062569737,0.10000000149011612
1.537,1.0,9.835297739981778,0.10000000149011612
1.5859999999999999,1.0,9.890000904268689,0.10000000149011612
1.6360000000000001,1.0,9.807874270362987,0.10000000149011612
1.687,1.0,9.780125224362646,0.10000000149011612
1.736,1.0,9.917700364523464,0.10000000149011612
1.788,1.0,9.752726234681905,0.10000000149011612
1.8359999999999999,1.0,9.80762174156391,0.10000000149011612
1.887,1.0,9.917722012413044,0.10400097817182541
1.936,1.0,9.725592560693622,0.10000000149011612
1.987,1.0,9.86275470111933,0.10000000149011612
2.036,1.0,9.917609476380878,0.10000000149011612
2.086,1.0,9.862820189963612,0.10000000149011612
2.137,1.0,9.807764110755588,0.10000000149011612
2.186,1.0,9.862536733680301,0.10000000149011612
2.238,1.0,9.725474647122125,0.10000000149011612
2.292,1.0,9.862761707686715,0.10000000149011612
2.338,1.0,9.807841950903336,0.10000000149011612
2.387,1.0,9.752700811107125,0.10000000149011612
2.439,1.0,9.752692081675761,0.10000000149011612
2.493,1.0,9.862675276481443,0.10000000149011612
2.5380000000000003,1.0,9.89014757629484,0.10000000149011612
2.5869999999999997,1.0,9.8626825881708,0.10000000149011612
2.638,1.0,9.890260623850756,0.10000000149011612
2.693,1.0,9.752616178161569,0.10000000149011612
2.741,1.0,9.725267843881415,0.10000000149011612
2.786,1.0,9.83523933324549,0.10000000149011612
2.838,1.0,9.615506774621705,0.10000000149011612
2.887,1.0,9.752835387902127,0.10000000149011612
2.9370000000000003,1.0,9.8352946738609,0.10000000149011612
2.998,1.0,9.917618334438238,0.10000000149011612
3.038,1.0,9.86259033733772,0.10000000149011612
3.088,1.0,9.780314886776937,0.10000000149011612
3.14,1.0,9.862606902027295,0.10000000149011612
3.19,1.0,9.807649956705669,0.10000000149011612
3.251,1.0,9.8901808893515,0.10000000149011612
3.292,1.0,9.890032713280783,0.10000000149011612
3.342,1.0,9.862702913499541,0.10000000149011612
3.394,1.0,9.807907186531358,0.10000000149011612
3.441,1.0,9.89024695828557,0.10000000149011612
3.496,1.0,9.807508286999331,0.10000000149011612
3.542,1.0,9.862740037610962,0.10000000149011612
3.596,1.0,9.807788669504225,0.10000000149011612
3.66,1.0,9.89001587242302,0.10000000149011612
3.695,1.0,9.862530338722799,0.10000000149011612
3.7439999999999998,1.0,9.69762589480314,0.10000000149011612
3.794,1.0,9.780256934277713,0.10000000149011612
3.844,1.0,9.780231151253814,0.10000000149011612
3.901,1.0,9.780309735942218,0.10000000149011612
3.95,1.0,9.780410317207377,0.10000000149011612
4.001,1.0,9.78019436771671,0.10000000149011612
4.052,1.0,9.917604869997335,0.10000000149011612
4.1,1.0,9.835399417454997,0.10000000149011612
4.151,1.0,9.807865312302278,0.10000000149011612
4.202,1.0,9.890131648691993,0.10000000149011612
4.253,1.0,9.862596046262317,0.10000000149011612
4.297,1.0,9.725544208557242,0.10000000149011612
4.351,1.0,9.80789500584619,0.10000000149011612
4.412,1.0,9.752855788088507,0.10000000149011612
4.452,1.0,9.835117629729211,0.10000000149011612
4.504,1.0,9.752691980720394,0.10000000149011612
4.551,1.0,9.8078977804631,0.10000000149011612
4.602,1.0,9.862616329122748,0.10000000149011612
4.651,1.0,9.807929021678865,0.10000000149011612
4.701,1.0,9.807777778928479,0.10000000149011612
4.754,1.0,9.725758675154712,0.10000000149011612
4.804,1.0,9.642945174603826,0.10000000149011612
4.854,1.0,9.780488988177645,0.10000000149011612
4.905,1.0,9.78047464620322,0.10000000149011612
4.967,1.0,9.725406184937391,0.10000000149011612
5.009,1.0,9.862809897089997,0.10000000149011612
5.064,1.0,9.835130175389349,0.10000000149011612
5.108,1.0,9.835120652657416,0.10000000149011612
5.163,1.0,9.64267043073972,0.10000000149011612
5.211,1.0,9.86261863520162,0.10000000149011612
5.26,1.0,9.780316238933139,0.10000000149011612
5.312,1.0,9.807755825916926,0.10000000149011612
5.364,1.0,9.83521990188294,0.10000000149011612
5.423,1.0,9.78035627440032,0.10000000149011612
5.464,1.0,9.753037540386948,0.10000000149011612
5.524,1.0,9.725187398410506,0.10000000149011612
5.5649999999999995,1.0,9.862693715944058,0.10000000149011612
5.627,1.0,9.725367267616093,0.10000000149011612
5.673,1.0,9.697901285315554,0.10000000149011612
5.72,1.0,9.752811409470935,0.10000000149011612
5.775,1.0,9.807685919437144,0.10000000149011612
5.821,1.0,9.86276128033383,0.10000000149011612
5.878,1.0,9.917624908644292,0.10000000149011612
5.921,1.0,9.862824986957841,0.10000000149011612
5.98,1.0,9.642955972481932,0.10000000149011612
6.028,1.0,9.86274023919056,0.10000000149011612
6.078,1.0,9.780595026931001,0.10000000149011612
6.129,1.0,9.917617804122468,0.10000000149011612
6.18,1.0,9.72550145501478,0.10000000149011612
6.228,1.0,9.835055004329318,0.10000000149011612
6.279,1.0,9.917544580271674,0.10000000149011612
6.332,1.0,9.80799002074119,0.10000000149011612
6.38,1.0,9.80757582195931,0.10000000149011612
6.432,1.0,9.780305997799669,0.10000000149011612
6.481,1.0,9.725285674569507,0.10000000149011612
6.532,1.0,9.835362279042602,0.10000000149011612
6.592,1.0,9.780155827912191,0.10000000149011612
6.631,1.0,9.835154210237993,0.10000000149011612
6.678,1.0,9.780200009627475,0.10000000149011612
6.736,1.0,9.697884402134353,0.10000000149011612
6.779,1.0,9.890111847056282,0.10000000149011612
6.832,1.0,9.835237642563879,0.10000000149011612
6.878,1.0,9.752843474555347,0.10000000149011612
6.934,1.0,9.835082238519357,0.10000000149011612
6.981,1.0,9.890130161307752,0.10000000149011612
7.035,1.0,9.835107520988418,0.10000000149011612
7.083,1.0,9.670591086832186,0.10000000149011612
7.135,1.0,9.807811543345451,0.10000000149011612
7.184,1.0,9.72564736650222,0.10000000149011612
7.235,1.0,9.945037344739669,0.10000000149011612
7.284,1.0,9.86263573538098,0.10000000149011612
7.334,1.0,9.917616686763035,0.10432402789592743
7.393,1.0,9.807854029246503,0.10000000149011612
7.433,1.0,9.69788901441627,0.10000000149011612
7.483,1.0,9.75294798593968,0.10000000149011612
7.534,1.0,9.697931574367814,0.10000000149011612
7.585,1.0,9.862631617755525,0.10000000149011612
7.634,1.0,9.835138622009092,0.10000000149011612
7.6850000000000005,1.0,9.835300001046724,0.10000000149011612
7.735,1.0,9.807675468838877,0.10000000149011612
7.7940000000000005,1.0,9.807610361298753,0.10000000149011612
7.837,1.0,9.807652736869123,0.10000000149011612
7.886,1.0,9.80777710576852,0.10000000149011612
7.939,1.0,9.780443644151092,0.10000000149011612
7.986,1.0,9.835250007154213,0.10000000149011612
8.041,1.0,9.752962885797023,0.10000000149011612
8.086,1.0,9.917500000012417,0.10000000149011612
8.137,1.0,9.752920586408841,0.10000000149011612
8.195,1.0,9.91760012983448,0.10000000149011612
8.241,1.0,9.890057996991608,0.10000000149011612
8.295,1.0,9.725395622352758,0.10000000149011612
8.34,1.0,9.78015679301073,0.10000000149011612
8.39,1.0,9.780383009670508,0.10000000149011612
8.439,1.0,9.835182305177053,0.10000000149011612
8.494,1.0,9.72534266203228,0.10000000149011612
8.544,1.0,9.862642408803934,0.10000000149011612
8.593,1.0,9.835117725551957,0.10000000149011612
8.644,1.0,9.752763019502163,0.10000000149011612
8.698,1.0,9.697970604896545,0.10000000149011612
8.744,1.0,9.780390372872352,0.10000000149011612
8.795,1.0,9.862614800077345,0.10000000149011612
8.844,1.0,9.890015339830683,0.10000000149011612
8.899000000000001,1.0,9.72531972417815,0.10000000149011612
8.943,1.0,9.780455873948004,0.10000000149011612
8.997,1.0,9.890119229112234,0.10000000149011612
9.047,1.0,9.862704547618826,0.10000000149011612
9.103,1.0,9.78042911361489,0.10000000149011612
9.147,1.0,9.752625112856428,0.10000000149011612
9.199,1.0,9.89004010171112,0.10000000149011612
9.252,1.0,9.890152049540646,0.10000000149011612
9.302,1.0,9.917658033822146,0.10000000149011612
9.350999999999999,1.0,9.75290105179366,0.10000000149011612
9.403,1.0,9.862804320827127,0.10000000149011612
9.451,1.0,9.917701810701853,0.10000000149011612
9.504,1.0,9.670224175933335,0.10000000149011612
9.551,1.0,9.83510310565018,0.10000000149011612
9.602,1.0,9.807760716250373,0.10000000149011612
9.651,1.0,9.835397606156766,0.10000000149011612
9.701,1.0,9.862764289726814,0.10000000149011612
9.755,1.0,9.83521761463748,0.10000000149011612
9.803,1.0,9.890083453328245,0.10000000149011612
9.854,1.0,9.835197185766365,0.10000000149011612
9.909,1.0,9.780476406299405,0.10000000149011612
9.956,1.0,9.862592519923217,0.10000000149011612
10.003,1.0,9.80780081724127,0.10000000149011612
10.053,1.0,9.697966151601738,0.10000000149011612
10.104,1.0,9.835332545720869,0.10000000149011612
10.155,1.0,9.862569346899788,0.10000000149011612
10.208,1.0,9.807804150258502,0.10000000149011612
10.251,1.0,9.835217613519895,0.10000000149011612
10.303,1.0,9.780415519782238,0.10000000149011612
10.356,1.0,9.69789020638499,0.10000000149011612
10.402,1.0,9.752819112833176,0.10000000149011612
10.454,1.0,9.807629084090392,0.10000000149011612
10.504,1.0,9.588002759549353,0.10000000149011612
10.552,1.0,9.75264427392847,0.10000000149011612
10.606,1.0,9.83542746094366,0.10000000149011612
10.655,1.0,9.752657640249366,0.10000000149011612
10.706,1.0,9.83512884736475,0.10000000149011612
10.755,1.0,9.698017303728395,0.10000000149011612
10.814,1.0,9.835238794402944,0.10000000149011612
10.858,1.0,9.862726560483376,0.10000000149011612
10.921,1.0,9.78011706293457,0.10000000149011612
10.959,1.0,9.780470844316813,0.10000000149011612
11.01,1.0,9.862572109782034,0.10000000149011612
11.058,1.0,9.862991377504336,0.12582921981811523
11.109,1.0,9.752750798335505,0.10000000149011612
11.159,1.0,9.835280584792295,0.10000000149011612
11.21,1.0,9.835234378650785,0.10000000149011612
11.257,1.0,9.862657289331159,0.10000000149011612
11.312,1.0,9.83528925637818,0.10000000149011612
11.364,1.0,9.86262193210423,0.10000000149011612
11.411,1.0,9.725420380011201,0.10000000149011612
11.463,1.0,9.72534604910761,0.10000000149011612
11.514,1.0,9.807882305048405,0.10000000149011612
11.563,1.0,9.670255026573109,0.10000000149011612
11.612,1.0,9.752620083611045,0.10000000149011612
11.662,1.0,9.807614358224802,0.10000000149011612
11.713,1.0,9.67043983038101,0.10000000149011612
11.762,1.0,9.752660542623037,0.10000000149011612
11.813,1.0,9.780396069917414,0.10000000149011612
11.862,1.0,9.89022730363326,0.10000000149011612
11.911,1.0,9.862721934728324,0.10000000149011612
11.962,1.0,9.752756865136325,0.10000000149011612
12.015,1.0,9.725283451606002,0.10000000149011612
12.062,1.0,9.780236409087149,0.10000000149011612
12.116,1.0,9.807658057018287,0.10000000149011612
12.165,1.0,9.670662672714228,0.10000000149011612
12.215,1.0,9.862628477853205,0.10000000149011612
12.271,1.0,9.72533953162945,0.10000000149011612
12.318,1.0,9.862554096865157,0.10000000149011612
12.365,1.0,9.725153067666623,0.10000000149011612
12.416,1.0,9.8352323377298,0.10000000149011612
12.466,1.0,9.807973950294157,0.10815609246492386
12.516,1.0,9.835270234901044,0.10000000149011612
12.568,1.0,9.725184830278158,0.10000000149011612
12.616,1.0,9.862701803632081,0.10000000149011612
12.665,1.0,9.78022610878365,0.10000000149011612
12.73,1.0,9.780297279192341,0.10000000149011612
12.765,1.0,9.862762236305409,0.10000000149011612
12.816,1.0,9.862588264213668,0.10000000149011612
12.872,1.0,9.780282946220703,0.10000000149011612
12.918,1.0,9.69787717356036,0.10000000149011612
12.965,1.0,9.78011357144763,0.10000000149011612
13.014,1.0,9.862766474713053,0.10000000149011612
13.072,1.0,9.917605199292302,0.10000000149011612
13.12,1.0,9.86282092920608,0.10000000149011612
13.173,1.0,9.862721323118441,0.10000000149011612
13.219,1.0,9.780231091856129,0.10000000149011612
13.284,1.0,9.835200412343774,0.10000000149011612
13.32,1.0,9.780419176837636,0.10000000149011612
13.37,1.0,9.862683967914846,0.10000000149011612
13.422,1.0,9.83518421318796,0.10000000149011612
13.473,1.0,9.917500000012417,0.10000000149011612
13.524000000000001,1.0,9.91755725176384,0.10000000149011612
13.573,1.0,9.86268547338744,0.10000000149011612
13.623,1.0,9.752916038222612,0.10000000149011612
13.679,1.0,9.752893542125822,0.10000000149011612
13.724,1.0,9.752700583926506,0.10000000149011612
13.772,1.0,9.835209188672403,0.10000000149011612
13.824,1.0,9.91775010942171,0.10000000149011612
13.873,1.0,9.807931445849439,0.10000000149011612
13.933,1.0,9.752650367282332,0.10000000149011612
13.974,1.0,9.807636264711618,0.10000000149011612
14.028,1.0,9.642891114225819,0.10000000149011612
14.076,1.0,9.807691667166848,0.10000000149011612
14.126,1.0,9.725351178397736,0.10000000149011612
14.181,1.0,9.862802497628662,0.10000000149011612
14.227,1.0,9.862790197113322,0.10000000149011612
14.279,1.0,9.752956245073841,0.10000000149011612
14.326,1.0,9.862588614390956,0.10000000149011612
14.38,1.0,9.80770502196004,0.10000000149011612
14.426,1.0,9.835111691347427,0.10000000149011612
14.486,1.0,9.835498671357831,0.10808680951595306
14.526,1.0,9.835352321362329,0.10000000149011612
14.578,1.0,9.752755519437294,0.10000000149011612
14.625,1.0,9.80769201916539,0.10000000149011612
14.676,1.0,9.7253685142431,0.10000000149011612
14.729,1.0,9.94511428465032,0.10000000149011612
14.777,1.0,9.890164881799784,0.10000000149011612
14.826,1.0,9.807690293673012,0.10000000149011612
14.879,1.0,9.807712983712554,0.10000000149011612
14.926,1.0,9.752825750824478,0.10000000149011612
14.977,1.0,9.807726651657786,0.10000000149011612
15.04,1.0,9.80769334172623,0.10000000149011612
15.079,1.0,9.807510836112003,0.10000000149011612
15.128,1.0,9.835193713257711,0.10000000149011612
15.181,1.0,9.752791673710776,0.10000000149011612
15.23,1.0,9.89004469404204,0.10000000149011612
15.28,1.0,9.697901127487421,0.10000000149011612
15.33,1.0,9.780200210420622,0.10000000149011612
15.378,1.0,9.890031023696064,0.10000000149011612
15.428,1.0,9.780413752794265,0.10000000149011612
15.478,1.0,9.91758195542627,0.10000000149011612
15.528,1.0,9.808059510029853,0.11153244972229004
15.577,1.0,9.807731007474164,0.10000000149011612
15.628,1.0,9.615102358245187,0.10000000149011612
15.679,1.0,9.725131981095506,0.10000000149011612
15.735,1.0,9.697887120892604,0.10000000149011612
15.788,1.0,9.862700980984503,0.10000000149011612
15.841,1.0,9.698035198574265,0.10000000149011612
15.887,1.0,9.807699099907445,0.10000000149011612
15.937,1.0,9.917912750691176,0.14927740395069122
15.988,1.0,9.835269248630437,0.10000000149011612
16.04,1.0,9.890102842574318,0.10000000149011612
16.088,1.0,9.642962941568758,0.10000000149011612
16.137,1.0,9.945000000008278,0.10000000149011612
16.189,1.0,9.835264048994416,0.10000000149011612
16.24,1.0,9.725437063102921,0.10000000149011612
16.29,1.0,9.780131119841503,0.10000000149011612
16.342,1.0,9.835310685945053,0.10000000149011612
16.389,1.0,9.8352454363058,0.10000000149011612
16.444,1.0,9.835161545148326,0.10000000149011612
16.494,1.0,9.8628052589794,0.10000000149011612
16.547,1.0,9.697867917538517,0.10000000149011612
16.6,1.0,9.752763110895952,0.10000000149011612
16.662,1.0,9.807695213043027,0.10000000149011612
16.696,1.0,9.862644134047958,0.10000000149011612
16.747,1.0,9.725311221823924,0.10000000149011612
16.806,1.0,9.86266229312039,0.10000000149011612
16.854,1.0,9.697927082019548,0.10000000149011612
16.909,1.0,9.807939064771764,0.10000000149011612
16.953,1.0,9.808002226261628,0.10000000149011612
17.006,1.0,9.890138671857615,0.10000000149011612
17.064,1.0,9.807564180075294,0.10000000149011612
17.107,1.0,9.752647556364536,0.10000000149011612
17.161,1.0,9.917644420576591,0.10000000149011612
17.206,1.0,9.862707362965578,0.10000000149011612
17.256,1.0,9.807570295366975,0.10000000149011612
17.309,1.0,9.807558399252594,0.10000000149011612
17.356,1.0,9.89025479954564,0.11459536850452423
17.41,1.0,9.752717442044782,0.10000000149011612
17.456,1.0,9.807865144912567,0.10000000149011612
17.51,1.0,9.615502584601442,0.10000000149011612
17.56,1.0,9.72543911954595,0.10000000149011612
17.611,1.0,9.807581824581657,0.10000000149011612
17.66,1.0,9.862520073788861,0.10000000149011612
17.718,1.0,9.890085150736073,0.10000000149011612
17.759,1.0,9.752713843683402,0.10000000149011612
17.812,1.0,9.917746745608747,0.11573056131601334
17.86,1.0,9.835257087420258,0.10000000149011612
17.909,1.0,9.725403798992435,0.10000000149011612
17.959,1.0,9.835173409307997,0.10000000149011612
18.009,1.0,9.890248847980466,0.10000000149011612
18.066,1.0,9.890097740809951,0.10000000149011612
18.109,1.0,9.780305700521502,0.10000000149011612
18.16,1.0,9.807601104966468,0.10000000149011612
18.214,1.0,9.78037066138867,0.10000000149011612
18.26,1.0,9.917628112166293,0.10000000149011612
18.314,1.0,9.862571937135524,0.10000000149011612
18.363,1.0,9.780274815091657,0.10000000149011612
18.414,1.0,9.890114249972006,0.10000000149011612
18.466,1.0,9.917557934195631,0.10000000149011612
18.513,1.0,9.78051360261937,0.10000000149011612
18.575,1.0,9.8627276889152,0.10000000149011612
18.614,1.0,9.725451642564602,0.10000000149011612
18.671,1.0,9.807875217869878,0.10000000149011612
18.717,1.0,9.862500000020695,0.10000000149011612
18.773,1.0,9.835339504273401,0.10000000149011612
18.824,1.0,9.835187357746893,0.10000000149011612
18.871,1.0,9.862801285336415,0.10000000149011612
18.923000000000002,1.0,9.61553094699565,0.10000000149011612
18.975,1.0,9.83508382414778,0.10000000149011612
19.023,1.0,9.807570842943258,0.10000000149011612
19.071,1.0,9.890085277188984,0.10000000149011612
19.121,1.0,9.78018728196621,0.10000000149011612
19.181,1.0,9.780194717438684,0.10000000149011612
19.228,1.0,9.862633967420294,0.10000000149011612
19.283,1.0,9.807631683391001,0.10000000149011612
19.327,1.0,9.972600377351046,0.13613584637641907
19.38,1.0,9.642889277326564,0.10000000149011612
19.428,1.0,9.80775085747656,0.10000000149011612
19.479,1.0,9.780300185643137,0.10000000149011612
19.528,1.0,9.862559732505018,0.10000000149011612
19.589,1.0,9.86287459300624,0.10000000149011612
19.629,1.0,9.752747980153394,0.10000000149011612
19.681,1.0,9.670448670908808,0.10000000149011612
19.729,1.0,9.752604021608002,0.10000000149011612
19.779,1.0,9.862594000953766,0.10000000149011612
19.83,1.0,9.780423428490758,0.10000000149011612
19.88,1.0,9.807796078258091,0.10000000149011612
19.937,1.0,9.807804040652183,0.10000000149011612
19.98,1.0,9.752644678350125,0.10000000149011612
20.031,1.0,9.752575169669257,0.10000000149011612
20.082,1.0,9.945067735057737,0.10000000149011612
20.131,1.0,9.890218354989257,0.10000000149011612
20.193,1.0,9.835172680703302,0.10000000149011612
20.24,1.0,9.86267943918291,0.10000000149011612
20.295,1.0,9.835320042984353,0.10000000149011612
20.341,1.0,9.8077490814858,0.10000000149011612
20.39,1.0,9.862535283052258,0.10000000149011612
20.441,1.0,9.83522344947689,0.10000000149011612
20.491,1.0,9.890016255610519,0.10000000149011612
20.54,1.0,9.75296514046689,0.10000000149011612
20.59,1.0,9.7255750766024,0.10000000149011612
20.642,1.0,9.862826873589722,0.10333603620529175
20.692,1.0,9.835258435250985,0.10000000149011612
20.743,1.0,9.86272507365793,0.10000000149011612
20.79,1.0,9.752787276336717,0.10000000149011612
20.841,1.0,9.670542753901746,0.10000000149011612
20.891,1.0,9.807613144028519,0.10000000149011612
20.942,1.0,9.862628882999221,0.10000000149011612
20.992,1.0,9.725291607777278,0.10000000149011612
21.04,1.0,9.890004074200988,0.10000000149011612
21.088,1.0,9.862731481446987,0.10000000149011612
21.146,1.0,9.945115201775398,0.10000000149011612
21.195,1.0,9.752769289972882,0.10000000149011612
21.242,1.0,9.862577586558958,0.10000000149011612
21.296,1.0,9.780425495281815,0.10000000149011612
21.342,1.0,9.917500000012417,0.10000000149011612
21.394,1.0,9.835337858088314,0.10000000149011612
21.447,1.0,9.780011880273621,0.10000000149011612
21.491,1.0,9.80775083075795,0.10000000149011612
21.542,1.0,9.80774531699717,0.10000000149011612
21.599,1.0,9.807733409831094,0.10000000149011612
21.646,1.0,9.835149832504491,0.10000000149011612
21.697,1.0,9.835248711932865,0.10000000149011612
21.745,1.0,9.80777254274322,0.10000000149011612
21.805,1.0,9.835347904699544,0.10000000149011612
21.852,1.0,9.807500000028975,0.10000000149011612
21.902,1.0,9.86274127929161,0.10000000149011612
21.953,1.0,9.753237792394227,0.10000000149011612
22.002,1.0,9.752809456239143,0.10000000149011612
22.055,1.0,9.72539666423367,0.10000000149011612
22.106,1.0,9.78044039900932,0.10000000149011612
22.155,1.0,9.807758075102337,0.10000000149011612
22.204,1.0,9.807866658435927,0.10000000149011612
22.256,1.0,9.780364948780173,0.10000000149011612
22.307,1.0,9.835158920971056,0.10000000149011612
22.356,1.0,9.75283434778038,0.10000000149011612
22.405,1.0,9.835230079727868,0.10000000149011612
22.461,1.0,9.835257703438401,0.10000000149011612
22.51,1.0,9.807735723029408,0.10000000149011612
22.56,1.0,9.780223925949798,0.10000000149011612
22.608,1.0,9.917600375662248,0.10000000149011612
22.661,1.0,9.807667676773336,0.10000000149011612
22.709,1.0,9.86304012282441,0.11342006176710129
22.759,1.0,9.72542707077745,0.10000000149011612
22.807,1.0,9.780412204542921,0.10000000149011612
22.86,1.0,9.670510311217772,0.10000000149011612
22.913,1.0,9.835114582731492,0.10000000149011612
22.962,1.0,9.835057030390534,0.10000000149011612
23.011,1.0,9.698077800331845,0.10000000149011612
23.06,1.0,9.83517958149314,0.10000000149011612
23.115,1.0,9.862675145102871,0.10000000149011612
23.163,1.0,9.64288886760672,0.10000000149011612
23.214,1.0,9.780216654928195,0.10000000149011612
23.271,1.0,9.725321207899187,0.10000000149011612
23.313,1.0,9.890110136361585,0.10000000149011612
23.363,1.0,9.752788293672104,0.10000000149011612
23.413,1.0,9.753037002310156,0.10000000149011612
23.469,1.0,9.835198497089246,0.10000000149011612
23.523,1.0,9.725369105488062,0.10000000149011612
23.567,1.0,9.670539739893542,0.10000000149011612
23.619,1.0,9.890122343413532,0.10000000149011612
23.676,1.0,9.917641374613677,0.10000000149011612
23.718,1.0,9.890000000016556,0.10000000149011612
23.77,1.0,9.835202359077003,0.10000000149011612
23.821,1.0,9.64286348277496,0.10000000149011612
23.876,1.0,9.835293128382828,0.10000000149011612
23.922,1.0,9.86269384889553,0.10000000149011612
23.97,1.0,9.642900117631587,0.10000000149011612
24.022,1.0,9.725490096273521,0.10000000149011612
24.07,1.0,9.807710267582701,0.10000000149011612
24.12,1.0,9.53317193635222,0.10000000149011612
24.168,1.0,9.835151961776946,0.10000000149011612
24.222,1.0,9.862737203492886,0.10000000149011612
24.27,1.0,9.697828901828164,0.10000000149011612
24.319,1.0,9.890065284073353,0.10000000149011612
24.372,1.0,9.697694124240014,0.10000000149011612
24.417,1.0,9.807547950806716,0.10000000149011612
24.47,1.0,9.807776578743425,0.10000000149011612
24.52,1.0,9.862695880379114,0.10000000149011612
24.581,1.0,9.72525957117064,0.10000000149011612
24.62,1.0,9.890189441624615,0.10445229709148407
24.681,1.0,9.807643003306454,0.10000000149011612
24.722,1.0,9.7253807105124,0.10000000149011612
24.773,1.0,9.780316371719042,0.10000000149011612
24.828,1.0,9.752903408412305,0.10000000149011612
24.871,1.0,9.835343436731232,0.10000000149011612
24.922,1.0,9.670597969119747,0.10000000149011612
24.97,1.0,9.890224461712771,0.10000000149011612
25.022,1.0,9.862639868342214,0.10000000149011612
25.073,1.0,9.890165143087506,0.10000000149011612
25.122,1.0,9.835208968694012,0.10000000149011612
25.174,1.0,9.670726719602115,0.10000000149011612
25.222,1.0,9.835122949940462,0.10000000149011612
25.272,1.0,9.725429216358396,0.10000000149011612
25.322,1.0,9.697966938217482,0.10000000149011612
25.381,1.0,9.807795317305459,0.10000000149011612
25.423,1.0,9.780175314926439,0.10000000149011612
25.472,1.0,9.862740124824146,0.10000000149011612
25.527,1.0,9.862839172056152,0.10000000149011612
25.575,1.0,9.80759712819838,0.10000000149011612
25.626,1.0,9.780254424756599,0.10000000149011612
25.678,1.0,9.862617272076507,0.10000000149011612
25.726,1.0,9.642690478016933,0.10000000149011612
25.776,1.0,9.807612723546724,0.10000000149011612
25.825,1.0,9.725515284782482,0.10000000149011612
25.887,1.0,9.780123983158006,0.10000000149011612
25.925,1.0,9.917500000012417,0.10000000149011612
25.975,1.0,9.780380077639387,0.10000000149011612
26.03,1.0,9.642839486545158,0.10000000149011612
26.078,1.0,9.890236568554409,0.10861217975616455
26.127,1.0,9.835315803852346,0.10000000149011612
26.173,1.0,9.807632574045824,0.10000000149011612
26.226,1.0,9.80778839573678,0.10000000149011612
26.283,1.0,9.862557535577151,0.10000000149011612
26.333,1.0,9.807724452225699,0.10000000149011612
26.374,1.0,9.6979173772244,0.10000000149011612
26.424,1.0,9.835351965866154,0.10000000149011612
26.476,1.0,9.835122845425374,0.10000000149011612
26.529,1.0,9.807765012938116,0.10000000149011612
26.576,1.0,9.835285067165064,0.10000000149011612
26.633,1.0,9.752879429091182,0.10000000149011612
26.68,1.0,9.780556308167677,0.10000000149011612
26.732,1.0,9.80789836804486,0.10000000149011612
26.782,1.0,9.780400130752888,0.10000000149011612
26.834,1.0,9.7530482823857,0.10000000149011612
26.885,1.0,9.862847655763229,0.10000000149011612
26.929,1.0,9.862776774933769,0.10000000149011612
26.981,1.0,9.615389769234591,0.10000000149011612
27.03,1.0,9.80763065132002,0.10000000149011612
27.08,1.0,9.80783117670152,0.10000000149011612
27.132,1.0,9.80755958058354,0.10000000149011612
27.18,1.0,9.890000000016556,0.10000000149011612
27.231,1.0,9.752869783300493,0.10000000149011612
27.285,1.0,9.890032355590828,0.10000000149011612
27.336,1.0,9.890136365944313,0.10000000149011612
27.385,1.0,9.725359749649133,0.10000000149011612
27.443,1.0,9.80776802237249,0.10000000149011612
27.485,1.0,9.97257599917551,0.12735970318317413
27.547,1.0,9.945030955452886,0.10000000149011612
27.585,1.0,9.807685048278007,0.10000000149011612
27.636,1.0,9.807907828812798,0.10000000149011612
27.692,1.0,9.835158273308641,0.10000000149011612
27.737,1.0,9.8076508851101,0.10000000149011612
27.785,1.0,9.752701355806655,0.10000000149011612
27.842,1.0,9.835138651169837,0.10000000149011612
27.886,1.0,9.917590183185206,0.10000000149011612
27.937,1.0,9.862754132598639,0.10000000149011612
27.986,1.0,9.752561995014549,0.10000000149011612
28.035,1.0,9.835349144269195,0.10000000149011612
28.087,1.0,9.752779774595465,0.10000000149011612
28.134,1.0,9.752658559402658,0.10000000149011612
28.189,1.0,9.807690788350172,0.10000000149011612
28.24,1.0,9.890188700250453,0.10000000149011612
28.296,1.0,9.862779068325956,0.10000000149011612
28.34,1.0,9.752711019230386,0.10000000149011612
28.391,1.0,9.807687820908097,0.10000000149011612
28.44,1.0,9.890078088558383,0.10000000149011612
28.492,1.0,9.697603936224349,0.10000000149011612
28.555,1.0,9.835051867158876,0.10000000149011612
28.595,1.0,9.835070130084123,0.10000000149011612
28.642,1.0,9.835126811017593,0.10000000149011612
28.694,1.0,9.807737587599291,0.10000000149011612
28.743,1.0,9.807812389959064,0.10000000149011612
28.793,1.0,9.917699605329997,0.10000000149011612
28.848,1.0,9.945157518796623,0.11343801766633987
28.893,1.0,9.807617754965193,0.10000000149011612
28.942,1.0,9.835118320273857,0.10000000149011612
28.993,1.0,9.835119205692576,0.10000000149011612
29.047,1.0,9.807745557443964,0.10000000149011612
29.095,1.0,9.890153481935462,0.10000000149011612
29.15,1.0,9.862635617454847,0.10000000149011612
29.198,1.0,9.807596508041025,0.10000000149011612
29.246,1.0,9.835171451150543,0.10000000149011612
29.296,1.0,9.75265052564856,0.10000000149011612
29.355,1.0,9.862699269441267,0.10000000149011612
29.404,1.0,9.72540884686427,0.10000000149011612
29.453,1.0,9.807829922396277,0.10000000149011612
29.502,1.0,9.7804154045052,0.10000000149011612
29.559,1.0,9.780385869575872,0.10000000149011612
29.602,1.0,9.780224835727777,0.10000000149011612
29.654,1.0,9.835273459553719,0.10000000149011612
29.701999999999998,1.0,9.697911435758902,0.10000000149011612
29.751,1.0,9.780482529000276,0.10000000149011612
29.797,1.0,9.780246665846143,0.10000000149011612
29.853,1.0,9.780497369004621,0.10000000149011612
29.902,1.0,9.780211572535336,0.10000000149011612
29.951999999999998,1.0,9.807600245169468,0.10000000149011612
30.001,1.0,9.890084420351519,0.10000000149011612
30.054,1.0,9.670278088479407,0.10000000149011612
30.104,1.0,9.945019483876726,0.1027817577123642
30.156,1.0,9.94507330407699,0.10788087546825409
30.202,1.0,9.890412592970662,0.13377124071121216
30.256,1.0,9.862777916010883,0.10000000149011612
30.311,1.0,9.835179598029288,0.10000000149011612
30.352,1.0,9.753057948831055,0.10000000149011612
30.404,1.0,9.697895068282055,0.10000000149011612
30.454,1.0,9.78032388643672,0.10000000149011612
30.503,1.0,9.862680998051331,0.10000000149011612
30.555,1.0,9.807662740391162,0.10000000149011612
30.616,1.0,9.807754018799299,0.10000000149011612
30.657,1.0,9.80775931177454,0.10000000149011612
30.703,1.0,9.862500000020695,0.10000000149011612
30.76,1.0,9.807951893305614,0.10000000149011612
30.805,1.0,9.752809559367597,0.10000000149011612
30.854,1.0,9.698002101274,0.10000000149011612
30.908,1.0,9.780226292626725,0.10000000149011612
30.954,1.0,9.780297241070205,0.10000000149011612
31.004,1.0,9.835152049921453,0.10000000149011612
31.058,1.0,9.945092164414625,0.10000000149011612
31.109,1.0,9.780042207303147,0.10000000149011612
31.155,1.0,9.780133415530953,0.10000000149011612
31.207,1.0,9.835221955242256,0.10000000149011612
31.258,1.0,9.725281477988593,0.10000000149011612
31.306,1.0,9.780155613770088,0.10000000149011612
31.355,1.0,9.725138885093232,0.10000000149011612
31.404,1.0,9.807700264929897,0.10000000149011612
31.456,1.0,9.780470758386784,0.10000000149011612
31.505,1.0,9.752811099216341,0.10000000149011612
31.555,1.0,9.72528292135232,0.10000000149011612
31.61,1.0,9.725560582367082,0.10000000149011612
31.664,1.0,9.697979688727193,0.10000000149011612
31.71,1.0,9.80771112665534,0.10000000149011612
31.762,1.0,9.780371274095442,0.10000000149011612
31.828,1.0,9.642630857187841,0.10000000149011612
31.864,1.0,9.835322126063208,0.10000000149011612
31.921,1.0,9.78009714566999,0.10000000149011612
31.963,1.0,9.725468493439257,0.10000000149011612
32.015,1.0,9.807628625776205,0.10000000149011612
32.064,1.0,9.835263153020707,0.10000000149011612
32.116,1.0,9.807705437019468,0.10000000149011612
32.168,1.0,9.780144467763602,0.10000000149011612
32.217,1.0,9.642798789507813,0.10000000149011612
32.272,1.0,9.835085574868653,0.10000000149011612
32.315,1.0,9.642913353277578,0.10000000149011612
32.364,1.0,9.752860393540727,0.10000000149011612
32.415,1.0,9.752810823565556,0.10000000149011612
32.465,1.0,9.835000000024836,0.10000000149011612
32.515,1.0,9.862684767237967,0.10000000149011612
32.57,1.0,9.917761945890057,0.12336668372154236
32.624,1.0,9.7527059627076,0.10000000149011612
32.669,1.0,9.807754170046085,0.10000000149011612
32.719,1.0,9.753028886620369,0.10000000149011612
32.769,1.0,9.78012265474018,0.10000000149011612
32.819,1.0,9.752825545871424,0.10000000149011612
32.873,1.0,9.78057492478854,0.10000000149011612
32.925,1.0,9.725379936831693,0.10000000149011612
32.975,1.0,9.753016174770892,0.10000000149011612
33.032,1.0,9.807559864181611,0.10000000149011612
33.075,1.0,9.807571221453449,0.10000000149011612
33.124,1.0,9.890000000016556,0.10000000149011612
33.173,1.0,9.835255300605462,0.10000000149011612
33.224,1.0,9.807772742605044,0.10000000149011612
33.274,1.0,9.752767159748409,0.10000000149011612
33.324,1.0,9.83521339967847,0.10000000149011612
33.375,1.0,9.835524263812436,0.11636349558830261
33.425,1.0,9.752798234547178,0.10000000149011612
33.481,1.0,9.890058501458002,0.10000000149011612
33.526,1.0,9.533303323636453,0.10000000149011612
33.575,1.0,9.807708619700538,0.10000000149011612
33.629,1.0,9.642836816505426,0.10000000149011612
33.68,1.0,9.78045096486393,0.10000000149011612
33.73,1.0,9.83513724948797,0.10000000149011612
33.776,1.0,9.807693578075204,0.10000000149011612
33.829,1.0,9.697740810633533,0.10000000149011612
33.886,1.0,9.780237130841448,0.10000000149011612
33.931,1.0,9.862504068451623,0.10000000149011612
33.992,1.0,9.917504904874496,0.10000000149011612
34.029,1.0,9.752874334280689,0.10000000149011612
34.081,1.0,9.752692229404218,0.10000000149011612
34.128,1.0,9.807503660168084,0.10000000149011612
34.179,1.0,9.862553915691873,0.10000000149011612
34.229,1.0,9.67062423835612,0.10000000149011612
34.28,1.0,9.835133222304284,0.10000000149011612
34.333,1.0,9.835301559190784,0.10000000149011612
34.379,1.0,9.807885414693091,0.10000000149011612
34.431,1.0,9.835420786713561,0.10000000149011612
34.48,1.0,9.780256751179696,0.10000000149011612
34.534,1.0,9.890175016182992,0.10680253803730011
34.58,1.0,9.725367915464773,0.10000000149011612
34.631,1.0,9.89008274535752,0.10000000149011612
34.679,1.0,9.835142497263021,0.10000000149011612
34.733,1.0,9.752784876194266,0.10000000149011612
34.781,1.0,9.862797151361075,0.10000000149011612
34.829,1.0,9.94509248499655,0.10571674257516861
34.883,1.0,9.725346269955237,0.10000000149011612
34.928,1.0,9.780257515712744,0.10000000149011612
34.978,1.0,9.890083281757931,0.10000000149011612
35.028,1.0,9.752897491306067,0.10000000149011612
35.079,1.0,9.75284297277944,0.10000000149011612
35.13,1.0,9.917505350439912,0.10000000149011612
35.178,1.0,9.807614612020553,0.10000000149011612
35.229,1.0,9.862820659702022,0.10000000149011612
35.279,1.0,9.75305901972784,0.10000000149011612
35.33,1.0,9.835215442337924,0.10000000149011612
35.379,1.0,9.835223072725865,0.10000000149011612
35.429,1.0,9.78027044714739,0.10000000149011612
35.482,1.0,9.752889609274765,0.10000000149011612
35.529,1.0,9.835368619155552,0.10000000149011612
35.579,1.0,9.862742452344133,0.10000000149011612
35.628,1.0,9.807862772378657,0.10000000149011612
35.679,1.0,9.835288478061557,0.10000000149011612
35.728,1.0,9.807890992632343,0.10000000149011612
35.779,1.0,9.83546479002883,0.10000000149011612
35.83,1.0,9.780125712996556,0.10000000149011612
35.879,1.0,9.560624019532568,0.10000000149011612
35.933,1.0,9.752573994195295,0.10000000149011612
35.985,1.0,9.807855855507983,0.10000000149011612
36.029,1.0,9.780390538999605,0.10000000149011612
36.079,1.0,9.835000000024836,0.10000000149011612
36.136,1.0,9.835413166632256,0.10000000149011612
36.179,1.0,9.7803771811227,0.10000000149011612
36.229,1.0,9.862580578443076,0.10000000149011612
36.286,1.0,9.807688954617415,0.10000000149011612
36.329,1.0,9.807881889988979,0.10000000149011612
36.379,1.0,9.86276598278847,0.10000000149011612
36.429,1.0,9.697851500825749,0.10000000149011612
36.487,1.0,9.890108745131228,0.10000000149011612
36.529,1.0,9.835025471055673,0.10000000149011612
36.579,1.0,9.862609683059985,0.10000000149011612
36.632,1.0,9.752803773081137,0.10000000149011612
36.68,1.0,9.835288314831754,0.10000000149011612
36.737,1.0,9.807815841750966,0.10000000149011612
36.784,1.0,9.83528374189304,0.10000000149011612
36.844,1.0,9.807821448167992,0.10000000149011612
36.899,1.0,9.670527741085325,0.10000000149011612
36.941,1.0,9.835170191009011,0.10000000149011612
36.99,1.0,9.862618781998753,0.10000000149011612
37.045,1.0,9.8353472488001,0.10000000149011612
37.094,1.0,9.83519168133951,0.10000000149011612
37.139,1.0,9.807749458257522,0.10000000149011612
37.19,1.0,9.807984763839178,0.10000000149011612
37.243,1.0,9.807688712349368,0.10000000149011612
37.294,1.0,9.725592789695495,0.10000000149011612
37.345,1.0,9.917621316553818,0.10000000149011612
37.397,1.0,9.890279346207778,0.10165613144636154
37.442,1.0,9.75274164037158,0.10000000149011612
37.491,1.0,9.94505750992232,0.10000000149011612
37.546,1.0,9.807732216868963,0.10000000149011612
37.594,1.0,9.83519866011209,0.10000000149011612
37.644,1.0,9.80794749117146,0.10000000149011612
37.694,1.0,9.725343057596021,0.10000000149011612
37.747,1.0,9.80761916252474,0.10000000149011612
37.793,1.0,9.72522755962693,0.10000000149011612
37.844,1.0,9.7801832984719,0.10000000149011612
37.897,1.0,9.670580439890424,0.10000000149011612
37.943,1.0,9.643074516496725,0.10000000149011612
37.994,1.0,9.917540981558462,0.10000000149011612
38.048,1.0,9.835204638706314,0.10000000149011612
38.097,1.0,9.835137346718046,0.10000000149011612
38.145,1.0,9.780413228873577,0.10000000149011612
38.195,1.0,9.780301766573555,0.10000000149011612
38.25,1.0,9.752804916455514,0.10000000149011612
38.295,1.0,9.862500000020695,0.10000000149011612
38.344,1.0,9.725293177759482,0.10000000149011612
38.395,1.0,9.862733473483887,0.10000000149011612
38.448,1.0,9.642900746915902,0.10000000149011612
38.497,1.0,9.752689627661473,0.10000000149011612
38.548,1.0,9.80793135114428,0.10000000149011612
38.597,1.0,9.890339410574072,0.10000000149011612
38.649,1.0,9.78014348625309,0.10000000149011612
38.696,1.0,9.752834217726356,0.10000000149011612
38.75,1.0,9.890000000016556,0.10000000149011612
38.798,1.0,9.862730144854222,0.10000000149011612
38.853,1.0,9.807813675970667,0.10000000149011612
38.9,1.0,9.835178320420285,0.10000000149011612
38.947,1.0,9.890000000016556,0.10000000149011612
38.998,1.0,9.807724401789407,0.10000000149011612
39.048,1.0,9.80785607892192,0.10000000149011612
39.099,1.0,9.725563811490105,0.10000000149011612
39.148,1.0,9.807814457660747,0.10000000149011612
39.203,1.0,9.697932258434594,0.10000000149011612
39.256,1.0,9.80786787437068,0.10000000149011612
39.299,1.0,9.89018357536859,0.10000000149011612
39.352,1.0,9.670226304564212,0.10000000149011612
39.398,1.0,9.945079881511628,0.10000000149011612
39.449,1.0,9.698125297493405,0.10000000149011612
39.498,1.0,9.643126217379338,0.10000000149011612
39.549,1.0,9.807729836408463,0.10000000149011612
39.599,1.0,9.89015444819298,0.10000000149011612
39.661,1.0,9.917606861682401,0.10000000149011612
39.701,1.0,9.7527886075899,0.10000000149011612
39.754,1.0,9.835215434804558,0.10000000149011612
39.802,1.0,9.862699914061361,0.10000000149011612
39.853,1.0,9.7528022300452,0.10000000149011612
39.901,1.0,9.807721203834646,0.10000000149011612
39.957,1.0,9.83515458251867,0.10000000149011612
40.005,1.0,9.807734132827155,0.10000000149011612
40.055,1.0,9.862565839352706,0.10000000149011612
40.111,1.0,9.807788891697095,0.10000000149011612
40.156,1.0,9.78003614211662,0.10000000149011612
40.208,1.0,9.862715220016737,0.10000000149011612
40.262,1.0,9.780084424714248,0.10000000149011612
40.306,1.0,9.78022947617703,0.10000000149011612
40.356,1.0,9.890133261080418,0.10000000149011612
40.406,1.0,9.670375835854147,0.10000000149011612
40.457,1.0,9.780056757893828,0.10000000149011612
40.514,1.0,9.89020893095682,0.10000000149011612
40.555,1.0,9.835360452532768,0.10000000149011612
40.606,1.0,9.725349647572472,0.10000000149011612
40.657,1.0,9.890159733552071,0.10000000149011612
40.708,1.0,9.725448885497947,0.10000000149011612
40.758,1.0,9.78031259636498,0.10000000149011612
40.807,1.0,9.835294264265233,0.10000000149011612
40.856,1.0,9.75322336314453,0.10000000149011612
40.905,1.0,9.808048274347351,0.10000000149011612
40.959,1.0,9.807662198237248,0.10000000149011612
41.008,1.0,9.72516042134828,0.10000000149011612
41.063,1.0,9.807675117192169,0.10000000149011612
41.112,1.0,9.780509772710502,0.10000000149011612
41.162,1.0,9.835329406729175,0.10000000149011612
41.209,1.0,9.807771393097937,0.10000000149011612
41.263,1.0,9.78035704207917,0.10000000149011612
41.313,1.0,9.780170346672337,0.10000000149011612
41.367,1.0,9.75294317824559,0.10000000149011612
41.415,1.0,9.835182440260219,0.10000000149011612
41.466,1.0,9.862503942350546,0.10000000149011612
41.514,1.0,9.86253673988912,0.10000000149011612
41.566,1.0,9.80757859531376,0.10000000149011612
41.617,1.0,9.807736878738636,0.10000000149011612
41.668,1.0,9.780295265134837,0.10000000149011612
41.717,1.0,9.780154781685107,0.10000000149011612
41.767,1.0,9.862634187978175,0.10000000149011612
41.819,1.0,9.83515428830352,0.10000000149011612
41.866,1.0,9.862607828693257,0.10000000149011612
41.916,1.0,9.725496843229566,0.10000000149011612
41.969,1.0,9.835017759559882,0.10000000149011612
42.017,1.0,9.78008025046438,0.10000000149011612
42.087,1.0,9.890000000016556,0.10000000149011612
42.122,1.0,9.752660928770071,0.10000000149011612
42.168,1.0,9.83526725659354,0.10000000149011612
42.221,1.0,9.752795946970583,0.10000000149011612
42.269,1.0,9.890203349478544,0.10233857482671738
42.318,1.0,9.807517366607984,0.10000000149011612
42.369,1.0,9.83514193161908,0.10000000149011612
42.418,1.0,9.752852377274799,0.10000000149011612
42.468,1.0,9.752819845204552,0.10000000149011612
42.52,1.0,9.890208987974459,0.10000000149011612
42.568,1.0,9.862566841414406,0.10000000149011612
42.625,1.0,9.698022490884695,0.10000000149011612
42.671,1.0,9.862652228379416,0.10000000149011612
42.72,1.0,9.83532258535011,0.10000000149011612
42.768,1.0,9.807682566944923,0.10000000149011612
42.819,1.0,9.752876751186948,0.10000000149011612
42.868,1.0,9.67040052552604,0.10000000149011612
42.924,1.0,9.835534026556545,0.10000000149011612
42.971,1.0,9.780235092983478,0.10000000149011612
43.018,1.0,9.780242129725714,0.10000000149011612
43.068,1.0,9.78060063591434,0.10000000149011612
43.13,1.0,9.890000000016556,0.10000000149011612
43.168,1.0,9.780217370183932,0.10000000149011612
43.219,1.0,9.752846595086158,0.10000000149011612
43.268,1.0,9.862840482530494,0.10786464065313339
43.318,1.0,9.752620473917988,0.10000000149011612
43.369,1.0,9.807739257315795,0.10000000149011612
43.43,1.0,9.91764251442833,0.10000000149011612
43.483,1.0,9.752882388316923,0.10000000149011612
43.524,1.0,9.862660774257447,0.10000000149011612
43.573,1.0,9.78027651131981,0.10000000149011612
43.626,1.0,9.917547222599387,0.10000000149011612
43.672,1.0,9.752811021357775,0.10000000149011612
43.729,1.0,9.890193317168288,0.10000000149011612
43.78,1.0,9.807747899057965,0.10000000149011612
43.828,1.0,9.643339140816694,0.10000000149011612
43.887,1.0,9.725216112472117,0.10000000149011612
43.927,1.0,9.890251405806177,0.10000000149011612
43.977,1.0,9.643100567368997,0.10000000149011612
44.032,1.0,9.86277801334444,0.10000000149011612
44.077,1.0,9.835329811275006,0.10000000149011612
44.128,1.0,9.807631968148053,0.10000000149011612
44.181,1.0,9.725517244181699,0.10000000149011612
44.226,1.0,9.75274217379176,0.10000000149011612
44.282,1.0,9.752971631992194,0.10000000149011612
44.331,1.0,9.752799262582428,0.10000000149011612
44.382,1.0,9.89037580806762,0.10000000149011612
44.427,1.0,9.807517732534972,0.10000000149011612
44.479,1.0,9.862617255747319,0.10000000149011612
44.536,1.0,9.835220590295892,0.10000000149011612
44.579,1.0,9.835177528257999,0.10000000149011612
44.631,1.0,9.86257503906058,0.10000000149011612
44.674,1.0,9.80755890796168,0.10000000149011612
44.73,1.0,9.835398767640193,0.10000000149011612
44.781,1.0,9.94505786875056,0.10000000149011612
44.836,1.0,9.780583960997562,0.10000000149011612
44.879,1.0,9.835269843021202,0.10000000149011612
44.929,1.0,9.752823096265395,0.10000000149011612
44.98,1.0,9.75261522045152,0.10000000149011612
45.03,1.0,9.780239947678314,0.10000000149011612
45.085,1.0,9.807765146945085,0.10000000149011612
45.128,1.0,9.835114382269483,0.10000000149011612
45.172,1.0,9.91763026010659,0.10000000149011612
45.229,1.0,9.807705128089422,0.10000000149011612
45.281,1.0,9.780180822685361,0.10000000149011612
45.329,1.0,9.780665920674801,0.10000000149011612
45.379,1.0,9.917577975264026,0.10000000149011612
45.43,1.0,9.807831701429354,0.10000000149011612
45.48,1.0,9.697768570379251,0.10000000149011612
45.528,1.0,9.725465288468532,0.10000000149011612
45.585,1.0,9.835068943641252,0.10000000149011612
45.631,1.0,9.862641766625973,0.10000000149011612
45.681,1.0,9.697837979118857,0.10000000149011612
45.731,1.0,9.807557110840248,0.10000000149011612
45.779,1.0,9.862687230130865,0.10000000149011612
45.829,1.0,9.807829427843293,0.10000000149011612
45.879,1.0,9.780180483601159,0.10000000149011612
45.934,1.0,9.780312781532606,0.10000000149011612
45.981,1.0,9.835453359886175,0.10000000149011612
46.03,1.0,9.8077012081734,0.10000000149011612
46.079,1.0,9.807808094181949,0.10000000149011612
46.135,1.0,9.807712368915478,0.10000000149011612
46.183,1.0,9.725307113656568,0.10000000149011612
46.229,1.0,9.725476044809653,0.10000000149011612
46.279,1.0,9.807664974344274,0.10000000149011612
46.334,1.0,9.780234827825593,0.10000000149011612
46.378,1.0,9.86265449302478,0.10000000149011612
46.43,1.0,9.917507998976443,0.10000000149011612
46.48,1.0,9.752769862777656,0.10000000149011612
46.537,1.0,9.752950119061602,0.10000000149011612
46.58,1.0,9.780209304475122,0.10000000149011612
46.631,1.0,9.807845494999654,0.10000000149011612
46.684,1.0,9.807506653625104,0.10000000149011612
46.729,1.0,9.72542756057034,0.10000000149011612
46.78,1.0,9.752985213966005,0.10000000149011612
46.83,1.0,9.890127965290514,0.10000000149011612
46.882,1.0,9.835273933969438,0.10315319895744324
46.93,1.0,9.807636861689389,0.10000000149011612
46.981,1.0,9.807582732103764,0.10000000149011612
47.037,1.0,9.862594243946175,0.10000000149011612
47.085,1.0,9.69769609183487,0.10000000149011612
47.131,1.0,9.835263331296543,0.10000000149011612
47.184,1.0,9.917506658513513,0.10000000149011612
47.231,1.0,9.862600237379471,0.10000000149011612
47.282,1.0,9.752572477774487,0.10000000149011612
47.333,1.0,9.80769611319734,0.10000000149011612
47.382,1.0,9.835183330687384,0.10000000149011612
47.432,1.0,9.78020570125017,0.10000000149011612
47.48,1.0,9.80755424524347,0.10000000149011612
47.537,1.0,9.862533361030122,0.10000000149011612
47.585,1.0,9.862852119364673,0.10000000149011612
47.639,1.0,9.80783461259885,0.10000000149011612
47.692,1.0,9.91760148068683,0.10000000149011612
47.751,1.0,9.725622056259049,0.10000000149011612
47.794,1.0,9.890027299502657,0.10000000149011612
47.845,1.0,9.86252783468614,0.10000000149011612
47.891,1.0,9.862630448614558,0.10000000149011612
47.941,1.0,9.890105061336524,0.10000000149011612
47.998,1.0,9.862774678775006,0.10000000149011612
48.042,1.0,9.697903160399033,0.10000000149011612
48.094,1.0,9.697737637762394,0.10000000149011612
48.145,1.0,9.807686423489617,0.10000000149011612
48.194,1.0,9.835000000024836,0.10000000149011612
48.244,1.0,9.917522936190169,0.10000000149011612
48.296,1.0,9.697954162065354,0.10000000149011612
48.344,1.0,9.862781706680027,0.10000000149011612
48.396,1.0,9.835190645398365,0.10000000149011612
48.443,1.0,9.835292142567535,0.10000000149011612
48.494,1.0,9.89019839802964,0.10000000149011612
48.547,1.0,9.807846605343123,0.10000000149011612
48.595,1.0,9.89019742835727,0.10000000149011612
48.655,1.0,9.615643254419167,0.10000000149011612
48.695,1.0,9.862606207715968,0.10000000149011612
48.744,1.0,9.725289133874078,0.10000000149011612
48.794,1.0,9.807630978669557,0.10000000149011612
48.844,1.0,9.890231117978692,0.10000000149011612
48.896,1.0,9.807745412405994,0.10000000149011612
48.945,1.0,9.890127660727336,0.10000000149011612
48.996,1.0,9.752967866717114,0.10000000149011612
49.049,1.0,9.780241370863385,0.10000000149011612
49.094,1.0,9.807809421171745,0.10000000149011612
49.146,1.0,9.642694685028658,0.10000000149011612
49.195,1.0,9.807957430763377,0.10000000149011612
49.247,1.0,9.862668090210192,0.10000000149011612
49.298,1.0,9.890002905349764,0.10000000149011612
49.346,1.0,9.807802832561235,0.10000000149011612
49.396,1.0,9.75258823732535,0.10000000149011612
49.448,1.0,9.780484419771367,0.10000000149011612
49.497,1.0,9.835075464223822,0.10000000149011612
49.546,1.0,9.670435624052253,0.10000000149011612
49.596,1.0,9.72521948441863,0.10000000149011612
49.646,1.0,9.807810357958079,0.10000000149011612
49.696,1.0,9.807810853421689,0.10000000149011612
49.747,1.0,9.835351583982508,0.10000000149011612
49.799,1.0,9.780220254158808,0.10000000149011612
49.846,1.0,9.697774099703464,0.10000000149011612
49.904,1.0,9.86263863792022,0.10000000149011612
49.946,1.0,9.697905268851255,0.10000000149011612
49.999,1.0,9.890116159824862,0.10000000149011612
50.049,1.0,9.807674662520489,0.10000000149011612
50.099,1.0,9.890080395568576,0.10000000149011612
50.154,1.0,9.807798133997453,0.10000000149011612
50.198,1.0,9.725384466722607,0.10000000149011612
50.256,1.0,9.945172962256605,0.13018009066581726
50.302,1.0,9.7252034627729,0.10000000149011612
50.352,1.0,9.807845960847205,0.10000000149011612
50.404,1.0,9.862742014498346,0.10000000149011612
50.451,1.0,9.725149722418024,0.10000000149011612
50.501,1.0,9.917529608785278,0.10000000149011612
50.554,1.0,9.752566295489668,0.10000000149011612
50.602,1.0,9.89020379661686,0.10000000149011612
50.651,1.0,9.835097877991696,0.10000000149011612
50.705,1.0,9.83528628707346,0.10000000149011612
50.75,1.0,9.862600430991087,0.10000000149011612
50.803,1.0,9.752883868747288,0.10000000149011612
50.851,1.0,9.862555572224988,0.10000000149011612
50.902,1.0,9.78040583063331,0.10000000149011612
50.952,1.0,9.862519748881459,0.10000000149011612
51.001,1.0,9.780123426765204,0.10000000149011612
51.055,1.0,9.725221672799025,0.10000000149011612
51.104,1.0,9.89020337694221,0.10000000149011612
51.15,1.0,9.917598310319914,0.10000000149011612
51.202,1.0,9.725506674043006,0.10000000149011612
51.257,1.0,9.807691668905317,0.10000000149011612
51.3,1.0,9.862792638565104,0.10000000149011612
51.355,1.0,9.862928188261058,0.11651614308357239
51.402,1.0,9.917613200719158,0.10000000149011612
51.452,1.0,9.6978621079276,0.10000000149011612
51.503,1.0,9.752939309283263,0.10000000149011612
51.559,1.0,9.7804766703604,0.10000000149011612
51.6,1.0,9.780373363341722,0.10000000149011612
51.655,1.0,9.945000642889903,0.10000000149011612
51.703,1.0,9.753056461446816,0.10000000149011612
51.752,1.0,9.862814420979056,0.10319018363952637
51.804,1.0,9.6978334772711,0.10000000149011612
51.856,1.0,9.890131789135436,0.10000000149011612
51.914,1.0,9.725403828132483,0.10000000149011612
51.959,1.0,9.890146827449401,0.10000000149011612
52.008,1.0,9.89015904729151,0.10000000149011612
52.058,1.0,9.862612904877299,0.10000000149011612
52.113,1.0,9.862747373825146,0.10000000149011612
52.166,1.0,9.835024940077629,0.10000000149011612
52.212,1.0,9.807642386895086,0.10000000149011612
52.262,1.0,9.890052646129496,0.10000000149011612
52.312,1.0,9.862576606393688,0.10000000149011612
52.364,1.0,9.725420955609945,0.10000000149011612
52.416,1.0,9.807765999188026,0.10000000149011612
52.462,1.0,9.807607740826077,0.10000000149011612
52.512,1.0,9.862620362825691,0.10000000149011612
52.562,1.0,9.835161911654804,0.10000000149011612
52.615,1.0,9.862727583427397,0.10000000149011612
52.662,1.0,9.807937601146598,0.10000000149011612
52.715,1.0,9.835265800253385,0.10000000149011612
52.762,1.0,9.80764070176002,0.10000000149011612
52.812,1.0,9.807655140405728,0.10000000149011612
52.862,1.0,9.890038318104214,0.10000000149011612
52.916,1.0,9.725506011810568,0.10000000149011612
52.963,1.0,9.807946213976377,0.10000000149011612
53.018,1.0,9.587983138196998,0.10000000149011612
53.063,1.0,9.890073995312882,0.10000000149011612
53.113,1.0,9.945136859785352,0.10319922119379044
53.174,1.0,9.698052860030698,0.10000000149011612
53.213,1.0,9.83518144790497,0.10000000149011612
53.264,1.0,9.917714315176838,0.10000000149011612
53.314,1.0,9.917583147601949,0.10000000149011612
53.369,1.0,9.83511507951965,0.10000000149011612
53.414,1.0,9.75290424571269,0.10000000149011612
53.464,1.0,9.80797674982912,0.10000000149011612
53.515,1.0,9.72526930289136,0.10000000149011612
53.575,1.0,9.917504715443485,0.10000000149011612
53.615,1.0,9.807955503815577,0.10000000149011612
53.674,1.0,9.862896098093026,0.10000000149011612
53.716,1.0,9.72533604953852,0.10000000149011612
53.764,1.0,9.862588422600593,0.10000000149011612
53.815,1.0,9.752827279787097,0.10000000149011612
53.881,1.0,9.945156837089193,0.109185129404068
53.917,1.0,9.670290375335348,0.10000000149011612
53.97,1.0,9.560553141165938,0.10000000149011612
54.029,1.0,9.725077398349013,0.10000000149011612
54.073,1.0,9.78027433279074,0.10000000149011612
54.123,1.0,9.697781788040366,0.10000000149011612
54.18,1.0,9.890372226532135,0.10000000149011612
54.224,1.0,9.835091660295923,0.10000000149011612
54.276,1.0,9.725411988505059,0.10000000149011612
54.327,1.0,9.807973165603148,0.10000000149011612
54.371,1.0,9.752820727932784,0.10000000149011612
54.421,1.0,9.80771515334232,0.10000000149011612
54.475,1.0,9.64280173730933,0.10000000149011612
54.532,1.0,9.945236658967204,0.14110855758190155
54.58,1.0,9.670455844286415,0.10000000149011612
54.629,1.0,9.725295293393234,0.10000000149011612
54.678,1.0,9.78024589555959,0.10000000149011612
54.728,1.0,9.890238619306022,0.10000000149011612
54.782,1.0,9.807711114920675,0.10000000149011612
54.832,1.0,9.780171147092348,0.10000000149011612
54.882,1.0,9.83528150142067,0.10000000149011612
54.931,1.0,9.670365590643552,0.10000000149011612
54.984,1.0,9.78041207637224,0.10000000149011612
55.032,1.0,9.862629749543137,0.10000000149011612
55.082,1.0,9.835013855290082,0.10000000149011612
55.131,1.0,9.807910225002303,0.10000000149011612
55.185,1.0,9.642925275179246,0.10000000149011612
55.233,1.0,9.78004598317461,0.10000000149011612
55.282,1.0,9.780305714367165,0.10000000149011612
55.334,1.0,9.835298452319371,0.10000000149011612
55.387,1.0,9.78034209019194,0.10000000149011612
55.432,1.0,9.890223046185241,0.10000000149011612
55.485,1.0,9.890138870374196,0.1015598252415657
55.533,1.0,9.917500000012417,0.10000000149011612
55.586,1.0,9.752877886220812,0.10000000149011612
55.646,1.0,9.780315924725599,0.10000000149011612
55.686,1.0,9.80771989369144,0.10000000149011612
55.737,1.0,9.780151162379317,0.10000000149011612
55.784,1.0,9.670418647407658,0.10000000149011612
55.836,1.0,9.917553687095642,0.10000000149011612
55.889,1.0,9.890225155154864,0.10000000149011612
55.933,1.0,9.86274245383425,0.10000000149011612
55.983,1.0,9.8351167862614,0.10000000149011612
56.038,1.0,9.78013788840423,0.10000000149011612
56.086,1.0,9.67025057580322,0.10000000149011612
56.136,1.0,9.780241586971615,0.10000000149011612
56.183,1.0,9.862728723862933,0.10000000149011612
56.24,1.0,9.7801987355368,0.10000000149011612
56.287,1.0,9.752807535541555,0.10000000149011612
56.334,1.0,9.780411585751507,0.10000000149011612
56.383,1.0,9.862771053012047,0.10000000149011612
56.435,1.0,9.835013209055695,0.10000000149011612
56.489,1.0,9.8078510881919,0.10000000149011612
56.535,1.0,9.890106652532186,0.10000000149011612
56.586,1.0,9.835219433593254,0.10000000149011612
56.641,1.0,9.75265604863978,0.10000000149011612
56.689,1.0,9.72528603422559,0.10000000149011612
56.739,1.0,9.725146411566271,0.10000000149011612
56.789,1.0,9.725443779552977,0.10000000149011612
56.846,1.0,9.780293817445635,0.10000000149011612
56.892,1.0,9.615582905585567,0.10000000149011612
56.943,1.0,9.835269663338032,0.10000000149011612
56.992,1.0,9.780395398102701,0.10000000149011612
57.043,1.0,9.89026391622093,0.10000000149011612
57.092,1.0,9.697846067241496,0.10000000149011612
57.142,1.0,9.807836180014743,0.10000000149011612
57.196,1.0,9.945177823822531,0.11793910712003708
57.249,1.0,9.670377225180466,0.10000000149011612
57.296,1.0,9.725344813346036,0.10000000149011612
57.354,1.0,9.807792058255938,0.10000000149011612
57.395,1.0,9.753132257258727,0.10000000149011612
57.453,1.0,9.7803002042075,0.10000000149011612
57.497,1.0,9.807770384972294,0.10000000149011612
57.547,1.0,9.890065450262693,0.10000000149011612
57.599,1.0,9.61533660011159,0.10000000149011612
57.648,1.0,9.807930932525132,0.10000000149011612
57.698,1.0,9.807686778240734,0.10000000149011612
57.749,1.0,9.862670485054453,0.10000000149011612
57.799,1.0,9.725503727441861,0.10000000149011612
57.855,1.0,9.67022667227106,0.10000000149011612
57.896,1.0,9.862768978418575,0.10000000149011612
57.949,1.0,9.752844863198698,0.10000000149011612
58.0,1.0,9.670648024914165,0.10000000149011612
58.047,1.0,9.780233731162216,0.10000000149011612
58.099,1.0,9.835145286036035,0.10000000149011612
58.149,1.0,9.917527354218894,0.10000000149011612
58.204,1.0,9.670316124831636,0.10000000149011612
58.249,1.0,9.917579951095913,0.10000000149011612
58.302,1.0,9.807788787037135,0.10000000149011612
58.349,1.0,9.807726371557349,0.10000000149011612
58.4,1.0,9.780337523192996,0.10000000149011612
58.449,1.0,9.780268597602845,0.10000000149011612
58.499,1.0,9.807590130074985,0.10000000149011612
58.551,1.0,9.780327189361884,0.10000000149011612
58.604,1.0,9.64292425405648,0.10000000149011612
58.651,1.0,9.807815634314384,0.10000000149011612
58.707,1.0,9.862811603914533,0.10000000149011612
58.754,1.0,9.835158421223362,0.10000000149011612
58.808,1.0,9.890077062468562,0.10000000149011612
58.852,1.0,9.862720336123473,0.10000000149011612
58.906,1.0,9.835109583847224,0.10000000149011612
58.959,1.0,9.7527520088065,0.10000000149011612
59.006,1.0,9.780490119548308,0.10000000149011612
59.062,1.0,9.752919921465217,0.10000000149011612
59.105,1.0,9.862642735429109,0.10000000149011612
59.154,1.0,9.80772272762325,0.10000000149011612
59.206,1.0,9.725297547876835,0.10000000149011612
59.249,1.0,9.890000000016556,0.10000000149011612
59.304,1.0,9.83518641874608,0.10000000149011612
59.354,1.0,9.862626093563934,0.10000000149011612
59.414,1.0,9.835263681929145,0.10000000149011612
59.455,1.0,9.780200013104412,0.10000000149011612
59.505,1.0,9.917653071714772,0.10000000149011612
59.562,1.0,9.697990205118225,0.10000000149011612
59.605,1.0,9.917580037274295,0.10000000149011612
59.657,1.0,9.83502082872308,0.10000000149011612
59.704,1.0,9.780062291584908,0.10000000149011612
59.753,1.0,9.752923672025402,0.10000000149011612
59.806,1.0,9.807757536901368,0.10000000149011612
59.855,1.0,9.807849076804187,0.10000000149011612
59.904,1.0,9.780416525507139,0.10000000149011612
59.954,1.0,9.807744936831295,0.10000000149011612
60.004,1.0,9.945041777814428,0.10000000149011612
60.055,1.0,9.753039192346234,0.10000000149011612
60.108,1.0,9.9176204174757,0.10000000149011612
60.158,1.0,9.807774159312249,0.10000000149011612
60.256,1.0,9.86294711285995,0.10000000149011612
60.312,1.0,9.972500000004139,0.10000000149011612
60.356,1.0,9.890160750597715,0.10000000149011612
60.409,1.0,9.780280746871398,0.10000000149011612
60.457,1.0,9.83510275007122,0.10000000149011612
60.505,1.0,9.807733280480736,0.10000000149011612
60.563,1.0,9.697700357002516,0.10000000149011612
60.619,1.0,9.862576568499207,0.10000000149011612
60.666,1.0,9.725458729411994,0.10000000149011612
60.714,1.0,9.917500000012417,0.10000000149011612
60.759,1.0,9.807587313776216,0.10000000149011612
60.815,1.0,9.78019989306728,0.10000000149011612
60.862,1.0,9.615813553457459,0.10000000149011612
60.911,1.0,9.862535175225801,0.10000000149011612
60.963,1.0,9.917520393865804,0.10000000149011612
61.016,1.0,9.725266606319282,0.10000000149011612
61.064,1.0,9.807577715069055,0.10000000149011612
61.112,1.0,9.725069647613498,0.10000000149011612
61.175,1.0,9.752914475753075,0.10000000149011612
61.21,1.0,9.780278689786792,0.10000000149011612
61.268,1.0,9.642869688032402,0.10000000149011612
61.312,1.0,9.6979006467801,0.10000000149011612
61.364,1.0,9.835204005986451,0.10000000149011612
61.411,1.0,9.78027705533637,0.10000000149011612
61.461,1.0,9.835090001610418,0.10000000149011612
61.513,1.0,9.862743445692791,0.10000000149011612
61.567,1.0,9.945035110579596,0.10000000149011612
61.613,1.0,9.780061236251559,0.10000000149011612
61.661,1.0,9.752817542499137,0.10000000149011612
61.711,1.0,9.835331472775174,0.10000000149011612
61.761,1.0,9.807598396887382,0.10000000149011612
61.812,1.0,9.780178626978563,0.10000000149011612
61.862,1.0,9.86252414352364,0.10000000149011612
61.913,1.0,9.780113272472388,0.10000000149011612
61.961,1.0,9.890128397713934,0.10000000149011612
62.013,1.0,9.752754529565573,0.10000000149011612
62.061,1.0,9.862703893271584,0.10000000149011612
62.112,1.0,9.698053530355294,0.10000000149011612
62.162,1.0,9.862875206768512,0.10624971985816956
62.219,1.0,9.890174034693175,0.10000000149011612
62.265,1.0,9.80778345707804,0.10000000149011612
62.314,1.0,9.697881406193806,0.10000000149011612
62.36,1.0,9.91768012497988,0.10000000149011612
62.41,1.0,9.725196987493998,0.10000000149011612
62.462,1.0,9.862637686729432,0.10000000149011612
62.512,1.0,9.807759600608714,0.10000000149011612
62.56,1.0,9.835136893122561,0.10000000149011612
62.61,1.0,9.725231770446731,0.10000000149011612
62.662,1.0,9.835327298442524,0.10000000149011612
62.714,1.0,9.670357358103825,0.10000000149011612
62.761,1.0,9.807761501976186,0.10000000149011612
62.812,1.0,9.835390202804572,0.10469252616167068
62.874,1.0,9.697777221289774,0.10000000149011612
62.912,1.0,9.83525969568226,0.10000000149011612
62.962,1.0,9.75288804984755,0.10000000149011612
63.015,1.0,9.835155273973943,0.10000000149011612
63.064,1.0,9.835334237313106,0.10000000149011612
63.114,1.0,9.725110024089615,0.10000000149011612
63.166,1.0,9.725424550080465,0.10000000149011612
63.225,1.0,9.725210245160593,0.10000000149011612
63.273,1.0,9.752926790383126,0.10000000149011612
63.32,1.0,9.72539835822665,0.10000000149011612
63.377,1.0,9.780216590046054,0.10000000149011612
63.421,1.0,9.835175412437982,0.10000000149011612
63.472,1.0,9.835028637593819,0.10000000149011612
63.528,1.0,9.890144558312992,0.10000000149011612
63.572,1.0,9.780159485691952,0.10000000149011612
63.621,1.0,9.807623955172797,0.10000000149011612
63.671,1.0,9.69780120017628,0.10000000149011612
63.724,1.0,9.78020882178098,0.10000000149011612
63.776,1.0,9.807762775301105,0.10000000149011612
63.824,1.0,9.890178011564744,0.10000000149011612
63.874,1.0,9.862854374158713,0.10000000149011612
63.924,1.0,9.917755360425346,0.10000000149011612
63.974,1.0,9.670280056384703,0.10000000149011612
64.029,1.0,9.86262461118814,0.10000000149011612
64.076,1.0,9.78029948251529,0.10000000149011612
64.13,1.0,9.670401526221799,0.10000000149011612
64.182,1.0,9.835205544965962,0.10000000149011612
64.23,1.0,9.780409813299775,0.10000000149011612
64.279,1.0,9.807752452625168,0.10000000149011612
64.328,1.0,9.890237873606385,0.1040060892701149
64.378,1.0,9.697807290032506,0.10000000149011612
64.429,1.0,9.807709311797387,0.10000000149011612
64.483,1.0,9.80792336391492,0.10000000149011612
64.53,1.0,9.835158651777439,0.10000000149011612
64.585,1.0,9.807718646712601,0.10000000149011612
64.629,1.0,9.890083869774308,0.10000000149011612
64.678,1.0,9.752630259117318,0.10000000149011612
64.732,1.0,9.890223709142042,0.10000000149011612
64.786,1.0,9.862868841820292,0.10000000149011612
64.83,1.0,9.862764938092894,0.10000000149011612
64.88,1.0,9.75271641605844,0.10000000149011612
64.93,1.0,9.780318340100347,0.10000000149011612
64.985,1.0,9.835339978440768,0.10000000149011612
65.03,1.0,9.752697042913901,0.10000000149011612
65.081,1.0,9.670449926166071,0.10000000149011612
65.13,1.0,9.75281579548286,0.10000000149011612
65.181,1.0,9.780404957818488,0.10000000149011612
65.23,1.0,9.752851166948677,0.10000000149011612
65.281,1.0,9.807726490145756,0.10000000149011612
65.33,1.0,9.642843942468366,0.10000000149011612
65.385,1.0,9.80762115087774,0.10000000149011612
65.433,1.0,9.862624731308056,0.10000000149011612
65.48,1.0,9.780282496143546,0.10000000149011612
65.53,1.0,9.725285683779253,0.10000000149011612
65.585,1.0,9.807697794669204,0.10000000149011612
65.636,1.0,9.560016575248705,0.10000000149011612
65.681,1.0,9.752733749999768,0.10000000149011612
65.732,1.0,9.697823633833064,0.10000000149011612
65.786,1.0,9.698211107651392,0.10000000149011612
65.831,1.0,9.807590653292007,0.10000000149011612
65.88,1.0,9.807537851151492,0.10000000149011612
65.93,1.0,9.890180947321157,0.10000000149011612
65.981,1.0,9.780194952794247,0.10000000149011612
66.03,1.0,9.807671369032727,0.10000000149011612
66.075,1.0,9.835316849499941,0.10000000149011612
66.131,1.0,9.78018289881034,0.10000000149011612
66.181,1.0,9.835226818174124,0.10000000149011612
66.23,1.0,9.8353948575548,0.10000000149011612
66.281,1.0,9.89024292855627,0.10000000149011612
66.337,1.0,9.890076154325572,0.10000000149011612
66.383,1.0,9.862614753055905,0.10000000149011612
66.432,1.0,9.697874323278665,0.10000000149011612
66.487,1.0,9.91752893579089,0.10000000149011612
66.535,1.0,9.725342112655442,0.10000000149011612
66.585,1.0,9.890070698410273,0.10000000149011612
66.637,1.0,9.532947424178323,0.10000000149011612
66.691,1.0,9.725370486453176,0.10000000149011612
66.736,1.0,9.807884020730853,0.10000000149011612
66.785,1.0,9.890114637795422,0.10000000149011612
66.836,1.0,9.862707668273814,0.10000000149011612
66.886,1.0,9.752611601683828,0.10000000149011612
66.937,1.0,9.78029611526678,0.10000000149011612
66.986,1.0,9.917695415371822,0.10000000149011612
67.035,1.0,9.917569756839011,0.10000000149011612
67.088,1.0,9.835296243139439,0.10000000149011612
67.138,1.0,9.75293299123231,0.10000000149011612
67.184,1.0,9.835000000024836,0.10000000149011612
67.236,1.0,9.807725546488332,0.10000000149011612
67.286,1.0,9.835067392616637,0.10000000149011612
67.339,1.0,9.862670056087275,0.10000000149011612
67.386,1.0,9.807598146609962,0.10000000149011612
67.436,1.0,9.780331029411819,0.10000000149011612
67.49,1.0,9.862523938135968,0.10000000149011612
67.539,1.0,9.862541147693992,0.10000000149011612
67.585,1.0,9.752690816856921,0.10000000149011612
67.638,1.0,9.890186909627584,0.10000000149011612
67.695,1.0,9.83505198518849,0.10000000149011612
67.736,1.0,9.78012574263331,0.10000000149011612
67.79,1.0,9.83522413470265,0.10000000149011612
67.835,1.0,9.7803727766085,0.10000000149011612
67.887,1.0,9.862731618165142,0.10000000149011612
67.937,1.0,9.945000000008278,0.10000000149011612
67.991,1.0,9.807910652831197,0.10000000149011612
68.036,1.0,9.862709756878514,0.10000000149011612
68.086,1.0,9.670621019746694,0.10000000149011612
68.135,1.0,9.725759413072632,0.10000000149011612
68.189,1.0,9.890061926779648,0.10000000149011612
68.241,1.0,9.587691094353795,0.10000000149011612
68.285,1.0,9.862530465361973,0.10000000149011612
68.335,1.0,9.862822197895083,0.10000000149011612
68.386,1.0,9.807653972382347,0.10000000149011612
68.437,1.0,9.86269780912747,0.10000000149011612
68.492,1.0,9.725446083748507,0.10000000149011612
68.536,1.0,9.808009854103956,0.10513874143362045
68.586,1.0,9.78034598413441,0.10000000149011612
68.637,1.0,9.835081899600725,0.10000000149011612
68.687,1.0,9.862542637313405,0.10000000149011612
68.736,1.0,9.917682277970016,0.10000000149011612
68.786,1.0,9.862505823849803,0.10000000149011612
68.837,1.0,9.835088590387668,0.10000000149011612
68.889,1.0,9.917789706918928,0.127796933054924
68.941,1.0,9.80777487150497,0.10000000149011612
68.994,1.0,9.78022655337635,0.10000000149011612
69.044,1.0,9.86271942437937,0.10000000149011612
69.088,1.0,9.78036745465878,0.10000000149011612
69.139,1.0,9.78011210821569,0.10000000149011612
69.189,1.0,9.78054872587737,0.10000000149011612
69.239,1.0,9.780336848294569,0.10000000149011612
69.292,1.0,9.862655864697363,0.10000000149011612
69.34,1.0,9.752826642224358,0.10000000149011612
69.389,1.0,9.780645270728403,0.10000000149011612
69.439,1.0,9.862650895594722,0.10000000149011612
69.493,1.0,9.862668014297055,0.10000000149011612
69.544,1.0,9.835408611347278,0.10000000149011612
69.59,1.0,9.807697650852303,0.10000000149011612
69.644,1.0,9.945175360453625,0.1147918775677681
69.691,1.0,9.89000741330286,0.10000000149011612
69.74,1.0,9.890041949020492,0.10000000149011612
69.793,1.0,9.862796298083332,0.10000000149011612
69.84,1.0,9.72560298335221,0.10000000149011612
69.89,1.0,9.752967394619352,0.10000000149011612
69.941,1.0,9.83516249201364,0.10000000149011612
69.991,1.0,9.752800667886104,0.10000000149011612
70.04,1.0,9.86262847725302,0.10000000149011612
70.089,1.0,9.670497887188361,0.10000000149011612
70.151,1.0,9.752764916026758,0.10000000149011612
70.189,1.0,9.780292429257598,0.10000000149011612
70.239,1.0,9.780436652360692,0.10000000149011612
70.302,1.0,9.72541274221407,0.10000000149011612
70.34,1.0,9.89027561750263,0.10000000149011612
70.394,1.0,9.890103551062445,0.10000000149011612
70.446,1.0,9.807783651538193,0.10000000149011612
70.494,1.0,9.890000000016556,0.10000000149011612
70.545,1.0,9.780055295241375,0.10000000149011612
70.604,1.0,9.945000000008278,0.10000000149011612
70.644,1.0,9.890126219764351,0.10000000149011612
70.693,1.0,9.862590508638984,0.10000000149011612
70.746,1.0,9.917615442929996,0.10000000149011612
70.798,1.0,9.862705266951687,0.10000000149011612
70.845,1.0,9.94513533545865,0.11481238901615143
70.897,1.0,9.807921169387798,0.10000000149011612
70.947,1.0,9.89015837582863,0.10000000149011612
70.997,1.0,9.75275825963666,0.10000000149011612
71.045,1.0,9.835020609531139,0.10000000149011612
71.099,1.0,9.752766161122256,0.10000000149011612
71.145,1.0,9.642978711136513,0.10000000149011612
71.2,1.0,9.697934719402756,0.10000000149011612
71.245,1.0,9.835273870908551,0.10000000149011612
71.298,1.0,9.807784775396188,0.10000000149011612
71.349,1.0,9.752762314925592,0.10000000149011612
71.397,1.0,9.78040026906464,0.10000000149011612
71.454,1.0,9.807722965069114,0.10000000149011612
71.498,1.0,9.752694548480212,0.10000000149011612
71.551,1.0,9.835384672983652,0.10000000149011612
71.599,1.0,9.807842965403365,0.10000000149011612
71.651,1.0,9.780251251243882,0.10000000149011612
71.699,1.0,9.83512286492106,0.10000000149011612
71.749,1.0,9.89007866502636,0.10000000149011612
71.81,1.0,9.835232212870485,0.10000000149011612
71.85,1.0,9.752825217901005,0.10000000149011612
71.902,1.0,9.780093963216576,0.10000000149011612
71.951,1.0,9.807622329497503,0.10000000149011612
72.007,1.0,9.972500000004139,0.10000000149011612
72.055,1.0,9.835011637852423,0.10000000149011612
72.116,1.0,9.807817469620042,0.10000000149011612
72.181,1.0,9.807782295801573,0.10000000149011612
72.219,1.0,9.80795079873254,0.10000000149011612
72.264,1.0,9.697888131791519,0.10000000149011612
72.314,1.0,9.752627839292916,0.10000000149011612
72.368,1.0,9.835488300811914,0.10000000149011612
72.414,1.0,9.835312470152147,0.10000000149011612
72.465,1.0,9.780600731985437,0.11717069149017334
72.516,1.0,9.835110461504923,0.10000000149011612
72.564,1.0,9.807820656026403,0.10000000149011612
72.614,1.0,9.835194307544993,0.10000000149011612
72.665,1.0,9.780182857066393,0.10000000149011612
72.719,1.0,9.78018164700932,0.10000000149011612
72.768,1.0,9.780371012849113,0.10000000149011612
72.814,1.0,9.807911949853102,0.10000000149011612
72.864,1.0,9.780164518993761,0.10000000149011612
72.914,1.0,9.725093959127035,0.10000000149011612
72.968,1.0,9.75279352820168,0.10000000149011612
73.008,1.0,9.917585808866553,0.10000000149011612
73.064,1.0,9.753185229417351,0.10000000149011612
73.121,1.0,9.807676366820104,0.10000000149011612
73.166,1.0,9.752725035573045,0.10000000149011612
73.215,1.0,9.807585065667,0.10000000149011612
73.263,1.0,9.780205187077323,0.10000000149011612
73.315,1.0,9.780468502992557,0.10000000149011612
73.365,1.0,9.752963388897479,0.10000000149011612
73.419,1.0,9.697636588455902,0.10000000149011612
73.467,1.0,9.807758437200553,0.10000000149011612
73.514,1.0,9.725539675479133,0.10000000149011612
73.566,1.0,9.835430857704745,0.10000000149011612
73.615,1.0,9.917576005765133,0.10000000149011612
73.667,1.0,9.725249358721905,0.10000000149011612
73.723,1.0,9.83505096750127,0.10000000149011612
73.766,1.0,9.725590812973678,0.10000000149011612
73.816,1.0,9.780333103156751,0.10000000149011612
73.87,1.0,9.697906073079341,0.10000000149011612
73.923,1.0,9.807820605238279,0.10000000149011612
73.966,1.0,9.780395422731008,0.10000000149011612
74.018,1.0,9.890236206932201,0.10000000149011612
74.066,1.0,9.752805167498687,0.10000000149011612
74.115,1.0,9.835091121142938,0.10000000149011612
74.173,1.0,9.862725898230241,0.10000000149011612
74.216,1.0,9.86259959857497,0.10000000149011612
74.267,1.0,9.72555354192025,0.10000000149011612
74.317,1.0,9.780292682970563,0.10000000149011612
74.372,1.0,9.807729112667342,0.10000000149011612
74.422,1.0,9.780284886786507,0.10000000149011612
74.481,1.0,9.807578499180575,0.10000000149011612
74.522,1.0,9.780217526439163,0.10000000149011612
74.572,1.0,9.917741093598305,0.11199850589036942
74.621,1.0,9.807909818221297,0.10000000149011612
74.671,1.0,9.835114493655661,0.10000000149011612
74.723,1.0,9.752698340246248,0.10000000149011612
74.772,1.0,9.725330780053305,0.10000000149011612
74.822,1.0,9.862530744986401,0.10000000149011612
74.875,1.0,9.890299368504849,0.10000000149011612
74.925,1.0,9.697895835153759,0.10000000149011612
74.973,1.0,9.697746370277471,0.10000000149011612
75.023,1.0,9.697759389918712,0.10000000149011612
75.073,1.0,9.697691705409024,0.10000000149011612
75.123,1.0,9.780372068182462,0.10000000149011612
75.183,1.0,9.780114106937415,0.10000000149011612
75.231,1.0,9.890129428688024,0.10000000149011612
75.282,1.0,9.752745242603122,0.10000000149011612
75.331,1.0,9.725400781900518,0.10000000149011612
75.383,1.0,9.835078345549602,0.10000000149011612
75.432,1.0,9.807967523713078,0.10000000149011612
75.482,1.0,9.835240771207545,0.10000000149011612
75.533,1.0,9.945083882970115,0.10000000149011612
75.583,1.0,9.752767492437528,0.10000000149011612
75.635,1.0,9.917500000012417,0.10000000149011612
75.683,1.0,9.615413064095709,0.10000000149011612
75.734,1.0,9.80768863885767,0.10000000149011612
75.783,1.0,9.725359342309336,0.10000000149011612
75.835,1.0,9.752795878963338,0.10000000149011612
75.884,1.0,9.917684310364226,0.10000000149011612
75.937,1.0,9.86266323979944,0.10000000149011612
75.99,1.0,9.807628089624147,0.10000000149011612
76.033,1.0,9.670204929924674,0.10000000149011612
76.085,1.0,9.780457861100635,0.10000000149011612
76.137,1.0,9.642863708775904,0.10000000149011612
76.184,1.0,9.780429587968522,0.10000000149011612
76.233,1.0,9.752844910820325,0.10000000149011612
76.285,1.0,9.670373708941042,0.10000000149011612
76.333,1.0,9.80768696969996,0.10000000149011612
76.383,1.0,9.807567959113253,0.10000000149011612
76.435,1.0,9.835114307432539,0.10000000149011612
76.484,1.0,9.890219154540036,0.10000000149011612
76.535,1.0,9.670134649943147,0.10000000149011612
76.587,1.0,9.890151607245206,0.10000000149011612
76.637,1.0,9.697873573170767,0.10000000149011612
76.686,1.0,9.917614240282111,0.10000000149011612
76.736,1.0,9.78010487759279,0.10000000149011612
76.787,1.0,9.890137144385113,0.10000000149011612
76.837,1.0,9.697964669764042,0.10000000149011612
76.886,1.0,9.807611401296324,0.10000000149011612
76.936,1.0,9.945064406303896,0.10000000149011612
76.984,1.0,9.697890490810904,0.10000000149011612
77.042,1.0,9.752769514628582,0.10000000149011612
77.091,1.0,9.86263798388342,0.10000000149011612
77.137,1.0,9.835098893029823,0.10000000149011612
77.187,1.0,9.807701333550115,0.10000000149011612
77.246,1.0,9.697765817534592,0.10000000149011612
77.285,1.0,9.862535255029798,0.10000000149011612
77.336,1.0,9.835151856703062,0.10000000149011612
77.389,1.0,9.780353225664133,0.10000000149011612
77.442,1.0,9.83528623469174,0.10000000149011612
77.491,1.0,9.807872877145806,0.10000000149011612
77.54,1.0,9.862650520126852,0.10000000149011612
77.589,1.0,9.862630881058672,0.10000000149011612
77.641,1.0,9.780084888264536,0.10000000149011612
77.697,1.0,9.752732701475422,0.10000000149011612
77.741,1.0,9.835114056327276,0.10000000149011612
77.792,1.0,9.752876445299222,0.10000000149011612
77.852,1.0,9.86279233822392,0.10000000149011612
77.894,1.0,9.83530110646453,0.10000000149011612
77.944,1.0,9.835071993143194,0.10000000149011612
77.999,1.0,9.94510466810316,0.10000000149011612
78.044,1.0,9.835048892804318,0.10000000149011612
78.094,1.0,9.83522904838125,0.10000000149011612
78.144,1.0,9.697627835782866,0.10000000149011612
78.194,1.0,9.780392053847512,0.10000000149011612
78.244,1.0,9.917500000012417,0.10000000149011612
78.296,1.0,9.86274165711883,0.10000000149011612
78.348,1.0,9.862716795648966,0.10000000149011612
78.395,1.0,9.725232957820925,0.10000000149011612
78.445,1.0,9.780337950007784,0.10000000149011612
78.497,1.0,9.807942777002852,0.10000000149011612
78.545,1.0,9.862583525106311,0.10000000149011612
78.594,1.0,9.725315184642872,0.10000000149011612
78.647,1.0,9.890339097649687,0.10000000149011612
78.702,1.0,9.862767973169685,0.10000000149011612
78.745,1.0,9.752758728029827,0.10000000149011612
78.796,1.0,9.80761043563899,0.10000000149011612
78.845,1.0,9.835218676593568,0.10000000149011612
78.897,1.0,9.752779939770699,0.10000000149011612
78.947,1.0,9.890000000016556,0.10000000149011612
79.001,1.0,9.862971937387353,0.11698368936777115
79.046,1.0,9.725432665480508,0.10000000149011612
79.095,1.0,9.86277949888673,0.10000000149011612
79.149,1.0,9.862660426191157,0.10000000149011612
79.202,1.0,9.835214400912324,0.10000000149011612
79.241,1.0,9.835140937504669,0.10000000149011612
79.293,1.0,9.753011003509164,0.10000000149011612
79.346,1.0,9.807742070675724,0.10000000149011612
79.399,1.0,9.807614645423989,0.10000000149011612
79.457,1.0,9.78044468741864,0.10000000149011612
79.496,1.0,9.807777461492353,0.10000000149011612
79.546,1.0,9.80763038115369,0.10000000149011612
79.597,1.0,9.780444218321806,0.10000000149011612
79.648,1.0,9.670332630909979,0.10000000149011612
79.695,1.0,9.835037050913606,0.10000000149011612
79.75,1.0,9.890163924027648,0.10335295647382736
79.801,1.0,9.835302517128488,0.10000000149011612
79.849,1.0,9.945000000008278,0.10000000149011612
79.899,1.0,9.752885969417791,0.10000000149011612
79.953,1.0,9.835333724754552,0.10000000149011612
79.999,1.0,9.670375409784416,0.10000000149011612
80.049,1.0,9.89014917732113,0.10000000149011612
80.103,1.0,9.752746292079488,0.10000000149011612
80.156,1.0,9.69795576768617,0.10000000149011612
80.199,1.0,9.780032230003012,0.10000000149011612
80.249,1.0,9.862674871045682,0.10000000149011612
80.304,1.0,9.780149266475604,0.10000000149011612
80.349,1.0,9.752870644980835,0.10000000149011612
80.394,1.0,9.78021767474711,0.10000000149011612
80.449,1.0,9.835270933972465,0.10000000149011612
80.498,1.0,9.835246760211884,0.10000000149011612
80.551,1.0,9.615457214828995,0.10000000149011612
80.606,1.0,9.807895842463607,0.10000000149011612
80.651,1.0,9.83500911961827,0.10000000149011612
80.701,1.0,9.890099729162952,0.10000000149011612
80.755,1.0,9.61568064019084,0.10000000149011612
80.802,1.0,9.752708277209765,0.10000000149011612
80.85,1.0,9.917500000012417,0.10000000149011612
80.9,1.0,9.75305207638691,0.10000000149011612
80.953,1.0,9.698022036419975,0.10000000149011612
81.0,1.0,9.890078243406283,0.10000000149011612
81.05,1.0,9.807727231478525,0.10000000149011612
81.105,1.0,9.752823649429613,0.10000000149011612
81.15,1.0,9.780312631631062,0.10000000149011612
81.199,1.0,9.725550253461632,0.10000000149011612
81.256,1.0,9.752987581243117,0.10000000149011612
81.301,1.0,9.862520712945196,0.10000000149011612
81.35,1.0,9.807737621023422,0.10000000149011612
81.405,1.0,9.862500057141814,0.10000000149011612
81.453,1.0,9.862760704486734,0.10000000149011612
81.503,1.0,9.78050329517573,0.10000000149011612
81.554,1.0,9.697536985493368,0.10000000149011612
81.603,1.0,9.780067950673402,0.10000000149011612
81.655,1.0,9.780410736530191,0.10000000149011612
81.703,1.0,9.698043958242568,0.10000000149011612
81.754,1.0,9.807807022084793,0.10000000149011612
81.803,1.0,9.670344339973397,0.10000000149011612
81.854,1.0,9.698032872378826,0.10000000149011612
81.907,1.0,9.72543603034897,0.10000000149011612
81.96,1.0,9.780260104210013,0.10000000149011612
82.004,1.0,9.807669409405854,0.10000000149011612
82.054,1.0,9.780044740686813,0.10000000149011612
82.103,1.0,9.752754096128047,0.10000000149011612
82.162,1.0,9.780288424384263,0.10000000149011612
82.205,1.0,9.80779316328052,0.10000000149011612
82.253,1.0,9.835107126604353,0.10000000149011612
82.307,1.0,9.862747221253812,0.10000000149011612
82.355,1.0,9.917625554444061,0.10000000149011612
82.406,1.0,9.91763678793278,0.10000000149011612
82.466,1.0,9.725438670213851,0.10000000149011612
82.506,1.0,9.69769204577638,0.10000000149011612
82.556,1.0,9.725407076088919,0.10000000149011612
82.607,1.0,9.862561034245623,0.10000000149011612
82.656,1.0,9.8900973421418,0.10000000149011612
82.707,1.0,9.862698664454122,0.10000000149011612
82.762,1.0,9.890037433865169,0.10000000149011612
82.805,1.0,9.75284623052511,0.10000000149011612
82.856,1.0,9.863013947941363,0.12071318179368973
82.905,1.0,9.807657417944736,0.10000000149011612
82.958,1.0,9.642995802871884,0.10000000149011612
83.008,1.0,9.752804138097499,0.10000000149011612
83.056,1.0,9.83532174086819,0.10000000149011612
83.107,1.0,9.807779434530271,0.10000000149011612
83.156,1.0,9.80785392769095,0.10000000149011612
83.21,1.0,9.835170193761588,0.10000000149011612
83.258,1.0,9.780422865454522,0.10000000149011612
83.307,1.0,9.807533030377494,0.10000000149011612
83.356,1.0,9.835288750545846,0.10000000149011612
83.411,1.0,9.780165201053023,0.10000000149011612
83.457,1.0,9.862549084052443,0.10000000149011612
83.506,1.0,9.615590586513282,0.10000000149011612
83.558,1.0,9.808028377178642,0.10000000149011612
83.61,1.0,9.725245255356034,0.10000000149011612
83.66,1.0,9.780203769873413,0.10000000149011612
83.707,1.0,9.807719006368684,0.10000000149011612
83.76,1.0,9.78012410853472,0.10000000149011612
83.809,1.0,9.807715047192243,0.10000000149011612
83.863,1.0,9.780241891100175,0.10000000149011612
83.912,1.0,9.807668200900984,0.10000000149011612
83.96,1.0,9.83525221966621,0.10000000149011612
84.011,1.0,9.78020292541219,0.10000000149011612
84.064,1.0,9.835164249978131,0.10000000149011612
84.113,1.0,9.862677201214764,0.10000000149011612
84.16,1.0,9.752845430519018,0.10000000149011612
84.212,1.0,9.83523094335364,0.10000000149011612
84.263,1.0,9.697909828337531,0.10000000149011612
84.31,1.0,9.890042625450425,0.10000000149011612
84.361,1.0,9.780028191726242,0.10000000149011612
84.412,1.0,9.862795794506868,0.10515156388282776
84.461,1.0,9.835105746073856,0.10000000149011612
84.504,1.0,9.80770306042913,0.10000000149011612
84.562,1.0,9.752904811770552,0.10000000149011612
84.612,1.0,9.807668696985477,0.10000000149011612
84.666,1.0,9.862754801350336,0.10000000149011612
84.716,1.0,9.752727099590832,0.10000000149011612
84.763,1.0,9.615348619346817,0.10000000149011612
84.812,1.0,9.807710632909503,0.10000000149011612
84.863,1.0,9.80763975944784,0.10000000149011612
84.918,1.0,9.752904232570694,0.10000000149011612
84.96,1.0,9.75288491462254,0.10000000149011612
85.021,1.0,9.80776073038578,0.10000000149011612
85.07,1.0,9.780532378103171,0.10000000149011612
85.122,1.0,9.945000000008278,0.10000000149011612
85.168,1.0,9.725332135831316,0.10000000149011612
85.218,1.0,9.862794855775105,0.10000000149011612
85.268,1.0,9.752691063760883,0.10000000149011612
85.322,1.0,9.807627389352355,0.10000000149011612
85.369,1.0,9.752892912096447,0.10000000149011612
85.419,1.0,9.752812571306196,0.10000000149011612
85.468,1.0,9.862571443679432,0.10000000149011612
85.519,1.0,9.890129062285025,0.10000000149011612
85.573,1.0,9.725235199203922,0.10000000149011612
85.613,1.0,9.780214350960321,0.10000000149011612
85.667,1.0,9.890022985513012,0.10000000149011612
85.717,1.0,9.835552289357615,0.10000000149011612
85.76,1.0,9.78036739644077,0.10000000149011612
85.825,1.0,9.89017343920552,0.10000000149011612
85.876,1.0,9.917525809051263,0.10000000149011612
85.919,1.0,9.862768246709473,0.10000000149011612
85.965,1.0,9.642915180408293,0.10000000149011612
86.017,1.0,9.80765102677461,0.10000000149011612
86.069,1.0,9.78022143697987,0.10000000149011612
86.123,1.0,9.780263039966425,0.10000000149011612
86.168,1.0,9.752581396160855,0.10000000149011612
86.22,1.0,9.862779305109548,0.10000000149011612
86.274,1.0,9.780278649305304,0.10000000149011612
86.32,1.0,9.807711765273577,0.10000000149011612
86.378,1.0,9.890118802028399,0.10000000149011612
86.418,1.0,9.807722836463816,0.10000000149011612
86.469,1.0,9.862537859918342,0.10000000149011612
86.52,1.0,9.807581053922574,0.10000000149011612
86.57,1.0,9.807595077798599,0.10000000149011612
86.618,1.0,9.807737661794656,0.10000000149011612
86.668,1.0,9.753028817412753,0.10000000149011612
86.718,1.0,9.780372026314337,0.10000000149011612
86.769,1.0,9.972500000004139,0.10000000149011612
86.822,1.0,9.835126292457183,0.10000000149011612
86.868,1.0,9.835231509452893,0.10000000149011612
86.918,1.0,9.89024434681568,0.10444679111242294
86.971,1.0,9.807714980550939,0.10000000149011612
87.019,1.0,9.808015615182619,0.10000000149011612
87.067,1.0,9.698042169089119,0.10000000149011612
87.118,1.0,9.697865932558974,0.10000000149011612
87.171,1.0,9.835071373420456,0.10000000149011612
87.228,1.0,9.780126217856175,0.10000000149011612
87.271,1.0,9.835175771866407,0.10000000149011612
87.322,1.0,9.807673988884522,0.10000000149011612
87.371,1.0,9.890242652491564,0.10000000149011612
87.426,1.0,9.752622414835626,0.10000000149011612
87.484,1.0,9.890188357813491,0.10000000149011612
87.526,1.0,9.780289973380665,0.10000000149011612
87.58,1.0,9.807635560859408,0.10000000149011612
87.631,1.0,9.862925108791226,0.10000000149011612
87.676,1.0,9.807759238551888,0.10000000149011612
87.726,1.0,9.725381115203103,0.10000000149011612
87.777,1.0,9.807755933639903,0.10000000149011612
87.827,1.0,9.91752329112755,0.10000000149011612
87.877,1.0,9.725133388634358,0.10000000149011612
87.927,1.0,9.780222400277854,0.10000000149011612
87.975,1.0,9.862768053056465,0.10000000149011612
88.028,1.0,9.670458810341854,0.10000000149011612
88.08,1.0,9.862554400828149,0.10000000149011612
88.132,1.0,9.697934195088843,0.10000000149011612
88.186,1.0,9.725462896480328,0.10000000149011612
88.231,1.0,9.89015467127578,0.10000000149011612
88.281,1.0,9.780410808573167,0.10000000149011612
88.335,1.0,9.780320343602863,0.10000000149011612
88.382,1.0,9.89017738584015,0.10000000149011612
88.431,1.0,9.807745045113068,0.10000000149011612
88.488,1.0,9.80766876310938,0.10000000149011612
88.532,1.0,9.725453768360119,0.10000000149011612
88.584,1.0,9.835191433442136,0.10000000149011612
88.631,1.0,9.807713156338368,0.10000000149011612
88.681,1.0,9.807742134150532,0.10000000149011612
88.732,1.0,9.725147462967369,0.10000000149011612
88.782,1.0,9.752824144582782,0.10000000149011612
88.831,1.0,9.780331743901803,0.10000000149011612
88.882,1.0,9.780352891712553,0.10000000149011612
88.931,1.0,9.835094896890222,0.10000000149011612
88.982,1.0,9.862602976233594,0.10000000149011612
89.03,1.0,9.752786934541332,0.10000000149011612
89.081,1.0,9.698060122111606,0.10000000149011612
89.131,1.0,9.917500000012417,0.10000000149011612
89.182,1.0,9.807682559494342,0.10000000149011612
89.233,1.0,9.807783937723272,0.10000000149011612
89.281,1.0,9.807869077349702,0.10000000149011612
89.334,1.0,9.670301851443947,0.10000000149011612
89.382,1.0,9.72557377440648,0.10168807208538055
89.433,1.0,9.890206671133637,0.10000000149011612
89.489,1.0,9.725375883902112,0.10000000149011612
89.533,1.0,9.780428993143142,0.10000000149011612
89.582,1.0,9.780344382197493,0.10000000149011612
89.632,1.0,9.67026022490528,0.10000000149011612
89.681,1.0,9.72517883113275,0.10000000149011612
89.733,1.0,9.807932419578234,0.10000000149011612
89.781,1.0,9.725343275028798,0.10000000149011612
89.832,1.0,9.780262599781983,0.10000000149011612
89.893,1.0,9.890031875131859,0.10000000149011612
89.933,1.0,9.807546413938205,0.10000000149011612
89.981,1.0,9.835284665454592,0.10000000149011612
90.033,1.0,9.890100849564705,0.10000000149011612
90.08,1.0,9.862766442944606,0.1004253700375557
90.13,1.0,9.807935077076158,0.10000000149011612
90.184,1.0,9.890144839117097,0.10000000149011612
90.23,1.0,9.58773190230131,0.10000000149011612
90.282,1.0,9.670457642732394,0.10000000149011612
90.333,1.0,9.91758501244088,0.10000000149011612
90.381,1.0,9.86261564778785,0.10000000149011612
90.43,1.0,9.862840249037577,0.10000000149011612
90.489,1.0,9.75271578118619,0.10000000149011612
90.531,1.0,9.75276416281445,0.10000000149011612
90.578,1.0,9.752753508235845,0.10000000149011612
90.632,1.0,9.835019089509215,0.10000000149011612
90.685,1.0,9.69790485650301,0.10000000149011612
90.738,1.0,9.862682523247269,0.10000000149011612
90.784,1.0,9.7527109897592,0.10000000149011612
90.832,1.0,9.890135265183117,0.10000000149011612
90.886,1.0,9.64271221233325,0.10000000149011612
90.937,1.0,9.862624803682168,0.10000000149011612
90.982,1.0,9.917667627769212,0.11688358336687088
91.032,1.0,9.807659777088297,0.10000000149011612
91.085,1.0,9.752649051220052,0.10000000149011612
91.132,1.0,9.862655510567128,0.10000000149011612
91.182,1.0,9.752946932262017,0.10000000149011612
91.238,1.0,9.86266310395052,0.10000000149011612
91.287,1.0,9.890311890861227,0.10000000149011612
91.333,1.0,9.780248511106604,0.10000000149011612
91.383,1.0,9.835125954842402,0.10000000149011612
91.434,1.0,9.835248226092922,0.10000000149011612
91.488,1.0,9.862655971695979,0.10000000149011612
91.535,1.0,9.67051416610678,0.10000000149011612
91.586,1.0,9.752670292287236,0.10000000149011612
91.637,1.0,9.862953745925592,0.10000000149011612
91.695,1.0,9.807727301348415,0.10000000149011612
91.736,1.0,9.807889631018043,0.10000000149011612
91.786,1.0,9.835217525747915,0.10000000149011612
91.837,1.0,9.83520702690714,0.10000000149011612
91.886,1.0,9.890135676951871,0.10000000149011612
91.936,1.0,9.890168479685155,0.10000000149011612
91.985,1.0,9.72529313084152,0.10000000149011612
92.042,1.0,9.7253628945599,0.10000000149011612
92.09,1.0,9.862683914374147,0.10000000149011612
92.14,1.0,9.80756338549157,0.10000000149011612
92.196,1.0,9.807709473909604,0.10000000149011612
92.241,1.0,9.780478416879971,0.10000000149011612
92.292,1.0,9.780375788091785,0.10000000149011612
92.34,1.0,9.725317645135025,0.10000000149011612
92.392,1.0,9.725539306095905,0.10000000149011612
92.44,1.0,9.835257513345116,0.10000000149011612
92.5,1.0,9.835217810918888,0.10000000149011612
92.543,1.0,9.752915410821636,0.10000000149011612
92.595,1.0,9.862557144297494,0.10000000149011612
92.649,1.0,9.835317445877525,0.10000000149011612
92.692,1.0,9.835117565654219,0.10000000149011612
92.745,1.0,9.670583078596326,0.10000000149011612
92.795,1.0,9.890245588454935,0.10000000149011612
92.848,1.0,9.780382037618095,0.10000000149011612
92.895,1.0,9.807661661940317,0.10000000149011612
92.945,1.0,9.972500000004139,0.10000000149011612
92.995,1.0,9.780343213532534,0.10000000149011612
93.049,1.0,9.862638594996598,0.10000000149011612
93.096,1.0,9.862672432615526,0.10000000149011612
93.144,1.0,9.862576840486792,0.10000000149011612
93.195,1.0,9.862500000020695,0.10000000149011612
93.246,1.0,9.835076127594544,0.10000000149011612
93.296,1.0,9.807810844936304,0.10000000149011612
93.351,1.0,9.780339484641122,0.10000000149011612
93.395,1.0,9.91761979613867,0.10000000149011612
93.446,1.0,9.80773315984342,0.10000000149011612
93.495,1.0,9.752939673161341,0.10000000149011612
93.546,1.0,9.725386577492786,0.10000000149011612
93.596,1.0,9.752805699449446,0.10000000149011612
93.65,1.0,9.80792539924797,0.10000000149011612
93.696,1.0,9.642973363751338,0.10000000149011612
93.748,1.0,9.835199839166469,0.10000000149011612
93.794,1.0,9.862678577109344,0.10000000149011612
93.846,1.0,9.752733368281689,0.10000000149011612
93.899,1.0,9.807807508131695,0.10000000149011612
93.946,1.0,9.69780996772978,0.10000000149011612
93.995,1.0,9.862742401411136,0.10000000149011612
94.049,1.0,9.945000000008278,0.10000000149011612
94.096,1.0,9.945090690710478,0.10442569851875305
94.15,1.0,9.752636029426423,0.10000000149011612
94.196,1.0,9.917636251656546,0.10000000149011612
94.248,1.0,9.752709403406415,0.10000000149011612
94.297,1.0,9.78029365769277,0.10000000149011612
94.349,1.0,9.945076098748379,0.10478779673576355
94.401,1.0,9.670542438762883,0.10000000149011612
94.448,1.0,9.835316748006477,0.10000000149011612
94.498,1.0,9.890110940982899,0.10000000149011612
94.549,1.0,9.862650594135953,0.10000000149011612
94.615,1.0,9.807691607810558,0.10000000149011612
94.65,1.0,9.78022445117434,0.10000000149011612
94.702,1.0,9.725134095694456,0.10000000149011612
94.749,1.0,9.862669297493994,0.10000000149011612
94.799,1.0,9.835106066096987,0.10000000149011612
94.852,1.0,9.807706815232006,0.10000000149011612
94.901,1.0,9.807843801482685,0.10000000149011612
94.954,1.0,9.890238543558452,0.10000000149011612
95.004,1.0,9.807565391601788,0.10000000149011612
95.058,1.0,9.698075398926933,0.10000000149011612
95.113,1.0,9.835213193442259,0.10000000149011612
95.157,1.0,9.780343301283816,0.10000000149011612
95.208,1.0,9.862652412263884,0.10000000149011612
95.257,1.0,9.780329379439355,0.10000000149011612
95.311,1.0,9.72541026731746,0.10000000149011612
95.36,1.0,9.89004301989658,0.10000000149011612
95.41,1.0,9.835275963093672,0.10000000149011612
95.463,1.0,9.835193432101773,0.10000000149011612
95.512,1.0,9.752749501644738,0.10000000149011612
95.56,1.0,9.780128890110387,0.10000000149011612
95.613,1.0,9.807830785504645,0.10000000149011612
95.663,1.0,9.890244241721101,0.10000000149011612
95.71,1.0,9.670603102549082,0.10000000149011612
95.761,1.0,9.752941981868611,0.10000000149011612
95.81,1.0,9.807824996196562,0.10000000149011612
95.859,1.0,9.835161832264728,0.10000000149011612
95.91,1.0,9.945092000419066,0.10000000149011612
95.962,1.0,9.615518899489608,0.10000000149011612
96.01,1.0,9.80774399019364,0.10000000149011612
96.06,1.0,9.752663960266444,0.10000000149011612
96.115,1.0,9.807558512791163,0.10000000149011612
96.16,1.0,9.807802815673252,0.10000000149011612
96.21,1.0,9.807752708117995,0.10000000149011612
96.26,1.0,9.945000000008278,0.10000000149011612
96.318,1.0,9.862543155356414,0.10000000149011612
96.362,1.0,9.670364637279675,0.10000000149011612
96.412,1.0,9.890131224091682,0.10000000149011612
96.462,1.0,9.807886653538379,0.10000000149011612
96.513,1.0,9.780210342589353,0.10000000149011612
96.567,1.0,9.807800862296588,0.10000000149011612
96.613,1.0,9.807857039177584,0.10000000149011612
96.668,1.0,9.725542362944948,0.10000000149011612
96.717,1.0,9.890205733602246,0.10000000149011612
96.762,1.0,9.75258157627864,0.10000000149011612
96.816,1.0,9.670573754174013,0.10000000149011612
96.869,1.0,9.89021382820275,0.10000000149011612
96.912,1.0,9.835224020936423,0.10000000149011612
96.968,1.0,9.890298252490659,0.10000000149011612
97.012,1.0,9.862767603062093,0.10000000149011612
97.064,1.0,9.835258120939963,0.10000000149011612
97.111,1.0,9.807763557384412,0.10000000149011612
97.167,1.0,9.72505609701491,0.10000000149011612
97.212,1.0,9.83523986565156,0.10000000149011612
97.267,1.0,9.698135860305694,0.10000000149011612
97.323,1.0,9.725403975136578,0.10000000149011612
97.366,1.0,9.7803636242946,0.10000000149011612
97.415,1.0,9.835052571507791,0.10000000149011612
97.471,1.0,9.725431732274592,0.10000000149011612
97.514,1.0,9.835022682737973,0.10000000149011612
97.563,1.0,9.643175038736727,0.10000000149011612
97.614,1.0,9.862716831784281,0.10000000149011612
97.672,1.0,9.807620244079994,0.10000000149011612
97.717,1.0,9.698260510567989,0.10000000149011612
97.764,1.0,9.862542053249975,0.10000000149011612
97.819,1.0,9.86267883160876,0.10000000149011612
97.87,1.0,9.835116579155954,0.10000000149011612
97.924,1.0,9.890136549539037,0.10000000149011612
97.968,1.0,9.752834203301205,0.10000000149011612
98.018,1.0,9.780157221046586,0.10000000149011612
98.074,1.0,9.670634564177858,0.10000000149011612
98.121,1.0,9.835196410326494,0.10000000149011612
98.171,1.0,9.7255080057722,0.10000000149011612
98.233,1.0,9.807762806262406,0.10000000149011612
98.271,1.0,9.670504886636303,0.10000000149011612
98.321,1.0,9.86250868913614,0.10000000149011612
98.373,1.0,9.890095351243184,0.10000000149011612
98.428,1.0,9.890115026219023,0.10000000149011612
98.473,1.0,9.80766985937953,0.10000000149011612
98.525,1.0,9.835116054179768,0.10000000149011612
98.574,1.0,9.78026341671745,0.10000000149011612
98.623,1.0,9.945104369541838,0.10000000149011612
98.675,1.0,9.697802665457129,0.10000000149011612
98.722,1.0,9.780292314560048,0.10000000149011612
98.78,1.0,9.780184145458042,0.10000000149011612
98.828,1.0,9.780195277039375,0.10000000149011612
98.874,1.0,9.725319544846814,0.10000000149011612
98.922,1.0,9.807737397919926,0.10000000149011612
98.973,1.0,9.890094538943636,0.10000000149011612
99.024,1.0,9.835174447711971,0.10000000149011612
99.074,1.0,9.69758750287195,0.10000000149011612
99.124,1.0,9.86259573818081,0.10000000149011612
99.174,1.0,9.725267610388498,0.10000000149011612
99.224,1.0,9.752839086080591,0.10000000149011612
99.273,1.0,9.862526191232933,0.10000000149011612
99.328,1.0,9.752758871701856,0.10000000149011612
99.375,1.0,9.890125552958084,0.10000000149011612
99.429,1.0,9.807625003552271,0.10000000149011612
99.473,1.0,9.917607068849934,0.10000000149011612
99.523,1.0,9.725347406934533,0.10000000149011612
99.573,1.0,9.725274206263324,0.10000000149011612
99.625,1.0,10.0,10.0
99.676,1.0,9.8351080218537,0.10000000149011612
99.724,1.0,9.807820928013987,0.10000000149011612
99.775,1.0,9.862510881366001,0.10000000149011612
99.834,1.0,9.835299981406166,0.10000000149011612
99.876,1.0,9.890092767899235,0.10000000149011612
99.924,1.0,9.78054332640022,0.10000000149011612
99.974,1.0,9.780323268183404,0.10000000149011612
100.029,1.0,9.725303752534092,0.10000000149011612
100.073,1.0,9.780280488460429,0.10000000149011612
100.124,1.0,9.835407770031857,0.10000000149011612
100.175,1.0,9.615553812661933,0.10000000149011612
100.224,1.0,9.807675275599792,0.10000000149011612
100.273,1.0,9.835057935863734,0.10000000149011612
100.328,1.0,9.890242814314034,0.10000000149011612
100.374,1.0,9.807825604557163,0.10000000149011612
100.429,1.0,9.752804782655504,0.10000000149011612
100.476,1.0,9.890137159720892,0.10000000149011612
100.527,1.0,9.78016419114752,0.10000000149011612
100.579,1.0,9.725292952006889,0.10000000149011612
100.626,1.0,9.780163181076448,0.10000000149011612
100.677,1.0,9.89008187264618,0.10000000149011612
100.73,1.0,9.835246305581595,0.10000000149011612
100.778,1.0,9.835248020084368,0.10000000149011612
100.827,1.0,9.78009941238496,0.10000000149011612
100.878,1.0,9.64334759376943,0.10000000149011612
100.933,1.0,9.725524994172156,0.10000000149011612
100.98,1.0,9.72561565803157,0.10000000149011612
101.029,1.0,9.725543889424038,0.10000000149011612
101.08,1.0,9.83510694216109,0.10000000149011612
101.13,1.0,9.917541494323975,0.10000000149011612
101.18,1.0,9.835072908198669,0.10000000149011612
101.229,1.0,9.78023782455259,0.10000000149011612
101.28,1.0,9.862764339397351,0.10000000149011612
101.329,1.0,9.780272810036937,0.10000000149011612
101.383,1.0,9.862622359974516,0.10000000149011612
101.432,1.0,9.807618609153563,0.10000000149011612
101.481,1.0,9.807745594738257,0.10000000149011612
101.53,1.0,9.945000000008278,0.10000000149011612
101.58,1.0,9.86267894907958,0.10000000149011612
101.639,1.0,9.835105772337151,0.10000000149011612
101.684,1.0,9.862670013577574,0.10000000149011612
101.731,1.0,9.725287282922201,0.10000000149011612
101.79,1.0,9.807858211981754,0.10000000149011612
101.835,1.0,9.752744915377763,0.10000000149011612
101.884,1.0,9.917557136838635,0.10000000149011612
101.935,1.0,9.835381226738294,0.10000000149011612
101.98,1.0,9.725221941454542,0.10000000149011612
102.034,1.0,9.72554949902826,0.10000000149011612
102.086,1.0,9.835355973181626,0.10000000149011612
102.143,1.0,9.80765321082953,0.10000000149011612
102.187,1.0,9.862780161346826,0.10000000149011612
102.236,1.0,9.725345561632679,0.10000000149011612
102.287,1.0,9.862746220640839,0.10000000149011612
102.336,1.0,9.807801654293305,0.10000000149011612
102.386,1.0,9.835012372314102,0.10000000149011612
102.437,1.0,9.890193481329415,0.10000000149011612
102.49,1.0,9.780226033988098,0.10000000149011612
102.539,1.0,9.83519901573244,0.10000000149011612
102.589,1.0,9.862662674196892,0.10000000149011612
102.644,1.0,9.780384088100659,0.10000000149011612
102.697,1.0,9.890247028155459,0.10000000149011612
102.743,1.0,9.945252329649197,0.14271806180477142
102.797,1.0,9.835404624458816,0.10000000149011612
102.842,1.0,9.807595339169104,0.10000000149011612
102.892,1.0,9.890000000016556,0.10000000149011612
102.945,1.0,9.890106295959818,0.10000000149011612
102.997,1.0,9.862762192243503,0.10000000149011612
103.041,1.0,9.807829613259269,0.10000000149011612
103.092,1.0,9.752786950042678,0.10000000149011612
103.145,1.0,9.835305893607437,0.10000000149011612
103.198,1.0,9.807665840225916,0.10000000149011612
103.245,1.0,9.67033448173768,0.10000000149011612
103.295,1.0,9.807682080442707,0.10000000149011612
103.347,1.0,9.752970341179106,0.10000000149011612
103.395,1.0,9.780209086193807,0.10000000149011612
103.45,1.0,9.862741668605143,0.10000000149011612
103.506,1.0,9.835242094347874,0.10000000149011612
103.546,1.0,9.725522205088701,0.10000000149011612
103.597,1.0,9.917513397542967,0.10000000149011612
103.648,1.0,9.780377532852192,0.10000000149011612
103.698,1.0,9.780393402257728,0.10000000149011612
103.756,1.0,9.972535564998786,0.1128033995628357
103.802,1.0,9.890254792198538,0.10000000149011612
103.851,1.0,9.807690583811038,0.10000000149011612
103.902,1.0,9.91757436061485,0.10000000149011612
103.953,1.0,9.780152752105561,0.10000000149011612
104.002,1.0,9.807814291285144,0.10000000149011612
104.051,1.0,9.78028953810119,0.10000000149011612
104.106,1.0,9.807623773150974,0.10000000149011612
104.151,1.0,9.725348833265404,0.10000000149011612
104.203,1.0,9.752754271920356,0.10000000149011612
104.258,1.0,9.86271255488197,0.10000000149011612
104.307,1.0,9.807944827112888,0.10000000149011612
104.358,1.0,9.725435563611487,0.10000000149011612
104.409,1.0,9.835000000024836,0.10000000149011612
104.458,1.0,9.725309585821297,0.10000000149011612
104.512,1.0,9.835057084821164,0.10000000149011612
104.557,1.0,9.807701740827826,0.10000000149011612
104.608,1.0,9.862555291420884,0.10000000149011612
104.658,1.0,9.780000000033114,0.10000000149011612
104.708,1.0,9.917500000012417,0.10000000149011612
104.758,1.0,9.890118648298085,0.10000000149011612
104.809,1.0,9.780602093992961,0.10000000149011612
104.858,1.0,9.670498236123887,0.10000000149011612
104.911,1.0,9.752986227224271,0.10000000149011612
104.959,1.0,9.780208732622365,0.10000000149011612
105.008,1.0,9.752803199138079,0.10000000149011612
105.063,1.0,9.75295611417128,0.10000000149011612
105.11,1.0,9.807666792078978,0.10000000149011612
105.159,1.0,9.752945477308499,0.10000000149011612
105.208,1.0,9.752955438838237,0.10000000149011612
105.259,1.0,9.75279814923803,0.10000000149011612
105.31,1.0,9.890201648552384,0.10000000149011612
105.36,1.0,9.80772216508372,0.10000000149011612
105.409,1.0,9.890326145684554,0.1201632171869278
105.462,1.0,9.862500000020695,0.10000000149011612
105.515,1.0,9.807918459466762,0.10000000149011612
105.558,1.0,9.725480157302485,0.10000000149011612
105.609,1.0,9.835169000758064,0.10000000149011612
105.659,1.0,9.890060943385793,0.10000000149011612
105.712,1.0,9.752884019083448,0.10000000149011612
105.764,1.0,9.917608579061925,0.10000000149011612
105.811,1.0,9.697830218097401,0.10000000149011612
105.851,1.0,9.89016493242234,0.10000000149011612
105.908,1.0,9.808052173732884,0.10000000149011612
105.962,1.0,9.835405422705744,0.10000000149011612
106.009,1.0,9.917716370460887,0.10000000149011612
106.058,1.0,9.807525014856623,0.10000000149011612
106.115,1.0,9.917533969796366,0.10000000149011612
106.162,1.0,9.862638828116987,0.10000000149011612
106.214,1.0,9.69766248770886,0.10000000149011612
106.263,1.0,9.917655836480359,0.10000000149011612
106.32,1.0,9.890075945626531,0.10000000149011612
106.364,1.0,9.835201927957435,0.10000000149011612
106.416,1.0,9.670238997952806,0.10000000149011612
106.465,1.0,9.80782423445748,0.10000000149011612
106.518,1.0,9.862500000020695,0.10000000149011612
106.574,1.0,9.780257746701439,0.10000000149011612
106.614,1.0,9.642847175089022,0.10000000149011612
106.665,1.0,9.642997699272302,0.10000000149011612
106.72,1.0,9.75295879141324,0.10000000149011612
106.765,1.0,9.587855055886838,0.10000000149011612
106.813,1.0,9.917638619119922,0.10000000149011612
106.864,1.0,9.72532030315035,0.10000000149011612
106.917,1.0,9.7251712732224,0.10000000149011612
106.968,1.0,9.807786778091556,0.10000000149011612
107.014,1.0,9.890109697625869,0.10000000149011612
107.064,1.0,9.835343331947096,0.10000000149011612
107.116,1.0,9.697750750515196,0.10000000149011612
107.169,1.0,9.670333162633082,0.10000000149011612
107.219,1.0,9.862746115401388,0.10000000149011612
107.271,1.0,9.890021128828327,0.10000000149011612
107.316,1.0,9.807778449087508,0.10000000149011612
107.371,1.0,9.75288959108293,0.10000000149011612
107.414,1.0,9.752883097384538,0.10000000149011612
107.472,1.0,9.890000000016556,0.10000000149011612
107.522,1.0,9.917590782418847,0.10000000149011612
107.564,1.0,9.890181041550305,0.1031813994050026
107.622,1.0,9.835145834088326,0.10000000149011612
107.673,1.0,9.835089702945616,0.10000000149011612
107.724,1.0,9.835056615931292,0.10000000149011612
107.775,1.0,9.83518900875416,0.10000000149011612
107.822,1.0,9.75282652247697,0.10000000149011612
107.874,1.0,9.945011317543685,0.10000000149011612
107.923,1.0,9.780434371882842,0.10000000149011612
107.972,1.0,9.780643001095289,0.10000000149011612
108.023,1.0,9.835186182811029,0.10000000149011612
108.075,1.0,9.862668768916693,0.10000000149011612
108.122,1.0,9.86275758428706,0.10000000149011612
108.172,1.0,9.890104538181589,0.10000000149011612
108.224,1.0,9.890070181153714,0.10000000149011612
108.276,1.0,9.780331070493492,0.10000000149011612
108.336,1.0,9.89002797609816,0.10000000149011612
108.373,1.0,9.780041683651508,0.10000000149011612
108.426,1.0,9.807654575051533,0.10000000149011612
108.475,1.0,9.725043195154932,0.10000000149011612
108.525,1.0,9.72551349233836,0.10000000149011612
108.568,1.0,9.890182927644087,0.10000000149011612
108.632,1.0,9.835204784323771,0.10000000149011612
108.674,1.0,9.725153886547519,0.10000000149011612
108.725,1.0,9.890221316325995,0.10000000149011612
108.775,1.0,9.862555215321482,0.10000000149011612
108.827,1.0,9.72561947496401,0.10000000149011612
108.876,1.0,9.917717640039822,0.10000000149011612
108.925,1.0,9.835276724915538,0.10000000149011612
108.975,1.0,9.8352531251808,0.10000000149011612
109.026,1.0,9.725238808223772,0.10000000149011612
109.074,1.0,9.862836162435512,0.10000000149011612
109.127,1.0,9.725479062087834,0.10000000149011612
109.18,1.0,9.780289003025327,0.10000000149011612
109.225,1.0,9.862670605195065,0.10000000149011612
109.277,1.0,9.835199107933375,0.10000000149011612
109.329,1.0,9.725309945249723,0.10000000149011612
109.379,1.0,9.697782034737369,0.10000000149011612
109.435,1.0,9.917500000012417,0.10000000149011612
109.476,1.0,9.835075800100135,0.10000000149011612
109.525,1.0,9.780204758110147,0.10000000149011612
109.576,1.0,9.780331594352093,0.10000000149011612
109.625,1.0,9.807627814532154,0.10000000149011612
109.674,1.0,9.780241851115392,0.10000000149011612
109.726,1.0,9.780589663402901,0.10000000149011612
109.78,1.0,9.862652471371822,0.10000000149011612
109.822,1.0,9.86267992494007,0.10000000149011612
109.877,1.0,9.78055272071312,0.10000000149011612
109.933,1.0,9.807858124644392,0.10000000149011612
109.984,1.0,9.725233187629945,0.10000000149011612
110.031,1.0,9.835193656612601,0.10000000149011612
110.084,1.0,9.917500000012417,0.10000000149011612
110.129,1.0,9.862614310325847,0.10000000149011612
110.178,1.0,9.890140246289471,0.10000000149011612
110.229,1.0,9.725276483015882,0.10000000149011612
110.284,1.0,9.917598663560218,0.10000000149011612
110.342,1.0,9.835078070954316,0.10000000149011612
110.396,1.0,9.862808897015121,0.10000000149011612
110.436,1.0,9.807963800161248,0.10000000149011612
110.486,1.0,9.780420624299182,0.10000000149011612
110.536,1.0,9.917576770380967,0.10091051459312439
110.586,1.0,9.807674146340124,0.10000000149011612
110.636,1.0,9.642945924008059,0.10000000149011612
110.688,1.0,9.725422398000955,0.10000000149011612
110.736,1.0,9.890104708882669,0.10000000149011612
110.793,1.0,9.972596148153146,0.13461333513259888
110.839,1.0,9.780506102740764,0.10000000149011612
110.893,1.0,9.725308528314862,0.10000000149011612
110.942,1.0,9.75282820324517,0.10000000149011612
110.995,1.0,9.753009965208669,0.10000000149011612
111.044,1.0,9.86273574113018,0.10000000149011612
111.098,1.0,9.752706531042026,0.10000000149011612
111.147,1.0,9.78014127543817,0.10000000149011612
111.202,1.0,9.807866002143257,0.10000000149011612
111.246,1.0,9.780272698505884,0.10000000149011612
111.295,1.0,9.80798687669966,0.10000000149011612
111.347,1.0,9.862755123484465,0.10000000149011612
111.402,1.0,9.75281817238364,0.10000000149011612
111.447,1.0,9.835221179988649,0.10000000149011612
111.498,1.0,9.670403147550921,0.10000000149011612
111.547,1.0,9.890013979954851,0.10000000149011612
111.597,1.0,9.780449397924047,0.10000000149011612
111.657,1.0,9.807660722898113,0.10000000149011612
111.696,1.0,9.752911495934757,0.10000000149011612
111.746,1.0,9.697732483823266,0.10000000149011612
111.802,1.0,9.697903028585845,0.10000000149011612
111.847,1.0,9.807637256342504,0.10000000149011612
111.902,1.0,9.780190691889988,0.10000000149011612
111.945,1.0,9.643281537439261,0.10000000149011612
111.998,1.0,9.725068106005589,0.10000000149011612
112.048,1.0,9.835383463050757,0.10000000149011612
112.097,1.0,9.862599408171244,0.10000000149011612
112.147,1.0,9.752813450495402,0.10000000149011612
112.202,1.0,9.780278989010387,0.10000000149011612
112.248,1.0,9.780592036412822,0.10000000149011612
112.3,1.0,9.807693315152493,0.10000000149011612
112.351,1.0,9.862579184646409,0.10000000149011612
112.398,1.0,9.917500000012417,0.10000000149011612
112.454,1.0,9.752681082735458,0.10000000149011612
112.498,1.0,9.835414947279626,0.10000000149011612
112.548,1.0,9.862565361439353,0.10000000149011612
112.601,1.0,9.862573912450008,0.10000000149011612
112.657,1.0,9.69789329049074,0.10000000149011612
112.698,1.0,9.80776246715751,0.10000000149011612
112.757,1.0,9.835212584502168,0.10000000149011612
112.798,1.0,9.917721803196603,0.1185832992196083
112.848,1.0,9.752863974724379,0.10000000149011612
112.898,1.0,9.807912755405738,0.10000000149011612
112.947,1.0,9.75302412406438,0.10000000149011612
113.0,1.0,9.890143150919014,0.10000000149011612
113.05,1.0,9.58809863647653,0.10000000149011612
113.099,1.0,9.862727766297757,0.10000000149011612
113.156,1.0,9.780396865266892,0.10000000149011612
113.199,1.0,9.972500000004139,0.10000000149011612
113.249,1.0,9.890142435932326,0.10000000149011612
113.299,1.0,9.862794430926442,0.10000000149011612
113.35,1.0,9.725408439317512,0.10000000149011612
113.401,1.0,9.83510162482659,0.10000000149011612
113.449,1.0,9.753053768248193,0.10000000149011612
113.506,1.0,9.862745940043695,0.10000000149011612
113.549,1.0,9.725302169637548,0.10000000149011612
113.599,1.0,9.807650944942402,0.10000000149011612
113.649,1.0,9.697908968416353,0.10000000149011612
113.699,1.0,9.752873421667351,0.10000000149011612
113.758,1.0,9.835137290238507,0.10000000149011612
113.8,1.0,9.807955797451237,0.10000000149011612
113.853,1.0,9.725319434681701,0.10000000149011612
113.902,1.0,9.642954401030309,0.10000000149011612
113.953,1.0,9.725417726838755,0.10000000149011612
114.002,1.0,9.890086560510099,0.10000000149011612
114.051,1.0,9.86259006328053,0.10000000149011612
114.102,1.0,9.780327150349816,0.10000000149011612
114.155,1.0,9.862523264582787,0.10000000149011612
114.204,1.0,9.862717674527731,0.10000000149011612
114.254,1.0,9.945135838641889,0.10000000149011612
114.304,1.0,9.752932390839689,0.10000000149011612
114.353,1.0,9.780159031372104,0.10000000149011612
114.404,1.0,9.83531494502806,0.10000000149011612
114.457,1.0,9.807752722191314,0.10000000149011612
114.504,1.0,9.83501324399064,0.10000000149011612
114.555,1.0,9.862647053599357,0.10000000149011612
114.606,1.0,9.807707933336497,0.10000000149011612
114.656,1.0,9.862663790831963,0.10000000149011612
114.704,1.0,9.72508633190559,0.10000000149011612
114.764,1.0,9.725300913904276,0.10000000149011612
114.806,1.0,9.89033585809585,0.10000000149011612
114.861,1.0,9.890157400050924,0.10000000149011612
114.906,1.0,9.752664318556587,0.10000000149011612
114.956,1.0,9.807715860216154,0.10000000149011612
115.007,1.0,9.862623538925416,0.10000000149011612
115.055,1.0,9.75294894044184,0.10000000149011612
115.11,1.0,9.807811355984045,0.10000000149011612
115.157,1.0,9.862594950219822,0.100067138671875
115.208,1.0,9.890122460677391,0.10000000149011612
115.255,1.0,9.807527133015295,0.10000000149011612
115.306,1.0,9.835184859070512,0.10000000149011612
115.362,1.0,9.725498383844064,0.10000000149011612
115.41,1.0,9.697927912283275,0.10000000149011612
115.459,1.0,9.78023183664514,0.10000000149011612
115.505,1.0,9.835225603563918,0.10000000149011612
115.555,1.0,9.642983065297207,0.10000000149011612
115.606,1.0,9.78019968956295,0.10000000149011612
115.657,1.0,9.752606073497898,0.10000000149011612
115.704,1.0,9.780243712684346,0.10000000149011612
115.756,1.0,9.780296485084627,0.10000000149011612
115.805,1.0,9.862736495397986,0.10000000149011612
115.86,1.0,9.890033247632285,0.10000000149011612
115.912,1.0,9.780216288401022,0.10000000149011612
115.958,1.0,9.807566638228794,0.10000000149011612
116.008,1.0,9.83512394581404,0.10000000149011612
116.057,1.0,9.917500000012417,0.10000000149011612
116.109,1.0,9.835099466372695,0.10000000149011612
116.159,1.0,9.752805244322452,0.10000000149011612
116.225,1.0,9.752816858018438,0.10000000149011612
116.257,1.0,9.835036188239853,0.10000000149011612
116.313,1.0,9.725279442696936,0.10000000149011612
116.366,1.0,9.697947304344012,0.10000000149011612
116.415,1.0,9.807976218871772,0.10000000149011612
116.463,1.0,9.835164042479462,0.10000000149011612
116.513,1.0,9.807846670846144,0.10000000149011612
116.568,1.0,9.862657231858208,0.10000000149011612
116.618,1.0,9.642763508670033,0.10000000149011612
116.665,1.0,9.752784432781239,0.10000000149011612
116.716,1.0,9.86273783515725,0.10000000149011612
116.765,1.0,9.890028669457468,0.10000000149011612
116.814,1.0,9.835232303539913,0.10000000149011612
116.864,1.0,9.890000000016556,0.10000000149011612
116.914,1.0,9.698109644113316,0.10000000149011612
116.972,1.0,9.835181296596097,0.10000000149011612
117.017,1.0,9.780334230284724,0.10000000149011612
117.071,1.0,9.752702535978623,0.10000000149011612
117.12,1.0,9.83543352070782,0.10000000149011612
117.17,1.0,9.862846960210138,0.10000000149011612
117.226,1.0,9.780360723597308,0.10000000149011612
117.27,1.0,9.752736006615063,0.10000000149011612
117.324,1.0,9.780253476587434,0.10000000149011612
117.371,1.0,9.890120794582698,0.10000000149011612
117.42,1.0,9.807605306762788,0.10000000149011612
117.471,1.0,9.780116419038839,0.10000000149011612
117.521,1.0,9.835450281885763,0.10000000149011612
117.572,1.0,9.862609617908795,0.10000000149011612
117.622,1.0,9.945085210704969,0.10000000149011612
117.671,1.0,9.890119102555845,0.10000000149011612
117.721,1.0,9.780273778653807,0.10000000149011612
117.771,1.0,9.83506262525916,0.10000000149011612
117.825,1.0,9.780234448984265,0.10000000149011612
117.874,1.0,9.83510335162282,0.10000000149011612
117.922,1.0,9.78040217043211,0.10000000149011612
117.982,1.0,9.890099832436277,0.10000000149011612
118.021,1.0,9.752972059717608,0.10000000149011612
118.076,1.0,9.80754244600733,0.10000000149011612
118.122,1.0,9.807844726141129,0.10000000149011612
118.172,1.0,9.835230122775668,0.10000000149011612
118.222,1.0,9.80761680663046,0.10000000149011612
118.279,1.0,9.752631417930955,0.10000000149011612
118.323,1.0,9.890153297533592,0.10000000149011612
118.374,1.0,9.89014116809186,0.10000000149011612
118.427,1.0,9.835198854282499,0.10000000149011612
118.473,1.0,9.917502876267665,0.10000000149011612
118.523,1.0,9.862541950328483,0.10000000149011612
118.573,1.0,9.752993338658579,0.10000000149011612
118.625,1.0,9.780102248407072,0.10000000149011612
118.674,1.0,9.835314512480464,0.10000000149011612
118.724,1.0,9.917715629252294,0.10000000149011612
118.773,1.0,9.780204747058452,0.10000000149011612
118.825,1.0,9.75280729085207,0.10000000149011612
118.878,1.0,9.78037112067557,0.10000000149011612
118.934,1.0,9.780475018380416,0.10000000149011612
118.98,1.0,9.752620657078094,0.10000000149011612
119.03,1.0,9.835092899472349,0.10000000149011612
119.078,1.0,9.917519235548873,0.10000000149011612
119.129,1.0,9.862754385814899,0.10000000149011612
119.178,1.0,9.835174973122776,0.10000000149011612
119.229,1.0,9.752707642585866,0.10000000149011612
119.278,1.0,9.752794129463533,0.10000000149011612
119.337,1.0,9.7525929287076,0.10000000149011612
119.379,1.0,9.862736660428345,0.10000000149011612
119.428,1.0,9.807942234828241,0.10000000149011612
119.48,1.0,9.862601932924655,0.10000000149011612
119.534,1.0,9.807900948201617,0.10000000149011612
119.581,1.0,9.862751366963817,0.10000000149011612
119.628,1.0,9.780402078127695,0.10000000149011612
119.68,1.0,9.72536083329469,0.10000000149011612
119.732,1.0,9.862545633957618,0.10000000149011612
119.778,1.0,9.862653861298329,0.10000000149011612
119.829,1.0,9.780456854444411,0.10000000149011612
119.878,1.0,9.753033305663202,0.10000000149011612
119.933,1.0,9.835063864332106,0.10000000149011612
119.988,1.0,9.835252973954711,0.10000000149011612
120.032,1.0,9.725364271468587,0.10000000149011612
120.084,1.0,9.835190818872716,0.10000000149011612
120.132,1.0,9.697986203701133,0.10000000149011612
120.181,1.0,9.780285486972167,0.10000000149011612
120.231,1.0,9.725363012568819,0.10000000149011612
120.281,1.0,9.917808536108996,0.13040417432785034
120.329,1.0,9.862610492317213,0.10000000149011612
120.383,1.0,9.780130484120713,0.10000000149011612
120.436,1.0,9.752884316961799,0.10000000149011612
120.48,1.0,9.91765788808051,0.10000000149011612
120.532,1.0,9.807767071161006,0.10000000149011612
120.58,1.0,9.97254157592025,0.11496733129024506
120.631,1.0,9.752603086622225,0.10000000149011612
120.681,1.0,9.807782331709232,0.10000000149011612
120.745,1.0,9.890179352876213,0.10000000149011612
120.784,1.0,9.807658634541763,0.10000000149011612
120.833,1.0,9.725512473761208,0.10000000149011612
120.883,1.0,9.835328116536969,0.10000000149011612
120.936,1.0,9.752927571514414,0.10000000149011612
120.995,1.0,9.560456525575784,0.10000000149011612
121.033,1.0,9.807627272233367,0.10000000149011612
121.083,1.0,9.890060622410642,0.10000000149011612
121.14,1.0,9.890355374519196,0.10000000149011612
121.191,1.0,9.725273026049965,0.10000000149011612
121.236,1.0,9.917514209283723,0.10000000149011612
121.284,1.0,9.890128359281354,0.10000000149011612
121.34,1.0,9.807552456172804,0.10000000149011612
121.39,1.0,9.890116847285794,0.10000000149011612
121.438,1.0,9.780328967360159,0.10000000149011612
121.488,1.0,9.862673612456355,0.10000000149011612
121.537,1.0,9.69776481313424,0.10000000149011612
121.586,1.0,9.835219343813757,0.10000000149011612
121.64,1.0,9.972500000004139,0.10000000149011612
121.694,1.0,9.835137036649718,0.10000000149011612
121.741,1.0,9.78012352556818,0.10000000149011612
121.793,1.0,9.835227710256975,0.10000000149011612
121.845,1.0,9.7803398742444,0.10000000149011612
121.893,1.0,9.835040338358118,0.10000000149011612
121.944,1.0,9.890013493204282,0.10000000149011612
121.994,1.0,9.890002803152633,0.10000000149011612
122.046,1.0,9.780398942323195,0.10000000149011612
122.097,1.0,9.917569070371488,0.10000000149011612
122.149,1.0,9.697647931695812,0.10000000149011612
122.195,1.0,9.725415191530354,0.10000000149011612
122.252,1.0,9.835425410978496,0.10000000149011612
122.299,1.0,9.835341017651889,0.10000000149011612
122.351,1.0,9.80790312182572,0.10000000149011612
122.4,1.0,9.835027571415736,0.10000000149011612
122.459,1.0,9.697809235047963,0.10000000149011612
122.5,1.0,9.917634423987733,0.10000000149011612
122.55,1.0,9.807694595265719,0.10000000149011612
122.607,1.0,9.835198787372146,0.10000000149011612
122.657,1.0,9.752740043215454,0.10000000149011612
122.704,1.0,9.6980855466591,0.10000000149011612
122.763,1.0,9.752918050852086,0.10000000149011612
122.809,1.0,9.780068764111235,0.10000000149011612
122.857,1.0,9.835000000024836,0.10000000149011612
122.906,1.0,9.80772620431251,0.10000000149011612
122.955,1.0,9.862683198559616,0.10000000149011612
123.014,1.0,9.698213664214645,0.10000000149011612
123.058,1.0,9.835155979812972,0.10000000149011612
123.107,1.0,9.697818399572538,0.10000000149011612
123.162,1.0,9.86271866740038,0.10000000149011612
123.209,1.0,9.862668468596206,0.10000000149011612
123.256,1.0,9.752818457057906,0.10000000149011612
123.308,1.0,9.917500000012417,0.10000000149011612
123.357,1.0,9.890283846482635,0.10000000149011612
123.406,1.0,9.835006428178813,0.10000000149011612
123.456,1.0,9.725223138411012,0.10000000149011612
123.509,1.0,9.890292024177809,0.10000000149011612
123.557,1.0,9.862719406456582,0.10000000149011612
123.608,1.0,9.807982592843473,0.10000000149011612
123.663,1.0,9.752790479175747,0.10000000149011612
123.706,1.0,9.78027087390009,0.10000000149011612
123.765,1.0,9.835276966976624,0.10000000149011612
123.813,1.0,9.807795058770312,0.10000000149011612
123.865,1.0,9.697884945447246,0.10000000149011612
123.916,1.0,9.890000000016556,0.10000000149011612
123.964,1.0,9.862747420349883,0.10000000149011612
124.016,1.0,9.725250311837428,0.10000000149011612
124.066,1.0,9.807538502725462,0.10000000149011612
124.114,1.0,9.6979467579681,0.10000000149011612
124.165,1.0,9.835143247971104,0.10000000149011612
124.215,1.0,9.807794619475802,0.10000000149011612
124.265,1.0,9.752681356295943,0.10000000149011612
124.32,1.0,9.697894942781163,0.10000000149011612
124.365,1.0,9.807684616806606,0.10000000149011612
124.416,1.0,9.862624647075103,0.10000000149011612
124.466,1.0,9.890230526340504,0.10000000149011612
124.524,1.0,9.697755670671661,0.10000000149011612
124.568,1.0,9.752977918771405,0.10000000149011612
124.619,1.0,9.835404403693975,0.10000000149011612
124.667,1.0,9.780167163059943,0.10000000149011612
124.725,1.0,9.835142999742594,0.10000000149011612
124.77,1.0,9.780216047436827,0.10000000149011612
124.82,1.0,9.752875575961339,0.10000000149011612
124.87,1.0,9.643147537857294,0.10000000149011612
124.922,1.0,9.725399872515764,0.10000000149011612
124.97,1.0,9.75287671542416,0.10000000149011612
125.019,1.0,9.752710815353526,0.10000000149011612
125.074,1.0,9.83511440878113,0.10000000149011612
125.119,1.0,9.725592951559358,0.10000000149011612
125.171,1.0,9.890007183452447,0.10000000149011612
125.225,1.0,9.835061955079436,0.10000000149011612
125.271,1.0,9.890058476457165,0.10000000149011612
125.321,1.0,9.75280110877421,0.10000000149011612
125.371,1.0,9.725257207763692,0.10000000149011612
125.424,1.0,9.862570587628417,0.10000000149011612
125.474,1.0,9.780747558776703,0.10000000149011612
125.517,1.0,9.670270802598033,0.10000000149011612
125.572,1.0,9.780228278578983,0.10000000149011612
125.622,1.0,9.807984788736535,0.10000000149011612
125.673,1.0,9.945046917266316,0.10000000149011612
125.722,1.0,9.670702176685962,0.10000000149011612
125.772,1.0,9.807851927913726,0.10000000149011612
125.831,1.0,9.862673442852167,0.10000000149011612
125.875,1.0,9.80773927807394,0.10000000149011612
125.923,1.0,9.83521913724641,0.10000000149011612
125.977,1.0,9.78027607438465,0.10000000149011612
126.035,1.0,9.80795619694723,0.10000000149011612
126.073,1.0,9.780282210682829,0.10000000149011612
126.123,1.0,9.780164694041014,0.10000000149011612
126.172,1.0,9.862676895492607,0.10053352266550064
126.222,1.0,9.615375813076065,0.10000000149011612
126.274,1.0,9.780439309382604,0.10000000149011612
126.331,1.0,9.780300711488557,0.10000000149011612
126.379,1.0,9.807742767160137,0.10000000149011612
126.428,1.0,9.862642402346763,0.10000000149011612
126.478,1.0,9.835351509249044,0.10000000149011612
126.532,1.0,9.670582304004993,0.10000000149011612
126.579,1.0,9.890252771704562,0.11100063472986221
126.633,1.0,9.890056981146335,0.10000000149011612
126.681,1.0,9.808002541917894,0.10043665021657944
126.727,1.0,9.697770087048411,0.10000000149011612
126.779,1.0,9.862523054952423,0.10000000149011612
126.835,1.0,9.862825538052453,0.10000000149011612
126.876,1.0,9.917557750538819,0.10000000149011612
126.928,1.0,9.890123690768249,0.10000000149011612
126.984,1.0,9.890083991156684,0.10000000149011612
127.029,1.0,9.780502788039545,0.10000000149011612
127.081,1.0,9.78039917519523,0.10000000149011612
127.138,1.0,9.807698446884752,0.10000000149011612
127.18,1.0,9.752939649505748,0.10000000149011612
127.23,1.0,9.780298797806932,0.10000000149011612
127.282,1.0,9.807725339362191,0.10000000149011612
127.333,1.0,9.917522367379732,0.10000000149011612
127.381,1.0,9.835428607277573,0.10000000149011612
127.439,1.0,9.862516516095233,0.10000000149011612
127.48,1.0,9.697838023263547,0.10000000149011612
127.532,1.0,9.807660652904048,0.10000000149011612
127.581,1.0,9.83522243414902,0.10000000149011612
127.631,1.0,9.752701677444081,0.10000000149011612
127.68,1.0,9.835280234056215,0.10000000149011612
127.73,1.0,9.862638522063692,0.10000000149011612
127.784,1.0,9.75282754364113,0.10000000149011612
127.835,1.0,9.83517317492515,0.10000000149011612
127.888,1.0,9.642801314613058,0.10000000149011612
127.933,1.0,9.835315655358135,0.10000000149011612
127.985,1.0,9.807572952947682,0.10000000149011612
128.043,1.0,9.862751121901804,0.10000000149011612
128.085,1.0,9.807876605126593,0.10000000149011612
128.14,1.0,9.945173063812156,0.11920606344938278
128.198,1.0,9.752605001110997,0.10000000149011612
128.236,1.0,9.752879083363545,0.10000000149011612
128.29,1.0,9.780257760402229,0.10000000149011612
128.343,1.0,9.945145170514783,0.12087918817996979
128.385,1.0,9.807734500389133,0.10000000149011612
128.441,1.0,9.78053325307038,0.10000000149011612
128.488,1.0,9.697970931252671,0.10000000149011612
128.538,1.0,9.807696816428669,0.10000000149011612
128.593,1.0,9.890067859407928,0.10000000149011612
128.638,1.0,9.615478699675037,0.10000000149011612
128.687,1.0,9.780153195518587,0.10000000149011612
128.732,1.0,9.752715393031638,0.10000000149011612
128.791,1.0,9.725513024979996,0.10000000149011612
128.842,1.0,9.835360998556846,0.10000000149011612
128.894,1.0,9.697758667916059,0.10000000149011612
128.937,1.0,9.533026878494356,0.10000000149011612
128.991,1.0,9.917621788092786,0.10000000149011612
129.037,1.0,9.752863159258332,0.10000000149011612
129.091,1.0,9.78027510440184,0.10000000149011612
129.137,1.0,9.807790718020664,0.10000000149011612
129.188,1.0,9.917594601420893,0.10000000149011612
129.237,1.0,9.862783565517102,0.10000000149011612
129.281,1.0,9.862700404702789,0.10000000149011612
129.339,1.0,9.78033059367703,0.10000000149011612
129.395,1.0,9.862823328541385,0.10000000149011612
129.44,1.0,9.807787130131489,0.10000000149011612
129.49,1.0,9.780456112407975,0.10000000149011612
129.544,1.0,9.780285812624626,0.10000000149011612
129.589,1.0,9.807928603784077,0.10000000149011612
129.641,1.0,9.780402395770782,0.10000000149011612
129.699,1.0,9.807818310666416,0.10000000149011612
129.742,1.0,9.862608006182644,0.10000000149011612
129.788,1.0,9.780117508334419,0.10000000149011612
129.838,1.0,9.835330871182183,0.10000000149011612
129.884,1.0,9.725575102141335,0.10000000149011612
129.939,1.0,9.78026043275992,0.10000000149011612
129.988,1.0,9.86258649867442,0.10000000149011612
130.038,1.0,9.807664731041426,0.10000000149011612
130.089,1.0,9.83511539194733,0.10000000149011612
130.141,1.0,9.835165389006336,0.10000000149011612
130.189,1.0,9.835004055065413,0.10000000149011612
130.239,1.0,9.780270158189039,0.10000000149011612
130.289,1.0,9.83532914208869,0.10000000149011612
130.34,1.0,9.67084311561452,0.10000000149011612
130.392,1.0,9.780089508783487,0.10000000149011612
130.449,1.0,9.945074056937463,0.10000000149011612
130.488,1.0,9.8078208387105,0.10000000149011612
130.544,1.0,9.890229972079396,0.10000000149011612
130.591,1.0,9.697697223909199,0.10000000149011612
130.639,1.0,9.752865653029746,0.10000000149011612
130.694,1.0,9.807779057675766,0.10000000149011612
130.742,1.0,9.78031294937763,0.10000000149011612
130.795,1.0,9.835268985831902,0.10000000149011612
130.842,1.0,9.670659571906759,0.10000000149011612
130.893,1.0,9.835144394801723,0.10000000149011612
130.944,1.0,9.780442931316793,0.10000000149011612
130.992,1.0,9.725381825615962,0.10000000149011612
131.044,1.0,9.890054980437789,0.10000000149011612
131.094,1.0,9.807605431932542,0.10000000149011612
131.15,1.0,9.670533043725623,0.10000000149011612
131.192,1.0,9.862846726386083,0.10000000149011612
131.247,1.0,9.64325756871452,0.10000000149011612
131.292,1.0,9.917503383176195,0.10000000149011612
131.341,1.0,9.75266409671555,0.10000000149011612
131.393,1.0,9.780215537961986,0.10000000149011612
131.443,1.0,9.807795990113583,0.10000000149011612
131.492,1.0,9.697764447414214,0.10000000149011612
131.545,1.0,9.835085708378918,0.10000000149011612
131.601,1.0,9.807569391859902,0.10000000149011612
131.646,1.0,9.890313832234177,0.10000000149011612
131.699,1.0,9.588171188967923,0.10000000149011612
131.747,1.0,9.80766967665404,0.10000000149011612
131.8,1.0,9.807640797706942,0.10000000149011612
131.845,1.0,9.780255910257498,0.10000000149011612
131.9,1.0,9.752681951783597,0.10000000149011612
131.953,1.0,9.862615951192048,0.10000000149011612
131.998,1.0,9.807752369302843,0.10000000149011612
132.05,1.0,9.697999873571097,0.10000000149011612
132.109,1.0,9.807548926770687,0.10000000149011612
132.147,1.0,9.91771539190991,0.10000000149011612
132.206,1.0,9.725277222154869,0.10000000149011612
132.252,1.0,9.780132429260346,0.10000000149011612
132.306,1.0,9.862678637645311,0.10000000149011612
132.351,1.0,9.8352884053977,0.10000000149011612
132.401,1.0,9.807638412858877,0.10000000149011612
132.451,1.0,9.807944408141905,0.10000000149011612
132.506,1.0,9.69791301511642,0.10000000149011612
132.551,1.0,9.890045885286398,0.10000000149011612
132.602,1.0,9.890251321055823,0.10500578582286835
132.655,1.0,9.752701997343037,0.10000000149011612
132.702,1.0,9.80776446285761,0.10000000149011612
132.75,1.0,9.835134582242205,0.10000000149011612
132.805,1.0,9.83500581878341,0.10000000149011612
132.855,1.0,9.752663505656852,0.10000000149011612
132.902,1.0,9.752665713450147,0.10000000149011612
132.953,1.0,9.862682509567176,0.10000000149011612
133.007,1.0,9.890000000016556,0.10000000149011612
133.051,1.0,9.643082595844236,0.10000000149011612
133.103,1.0,9.807535348956783,0.10000000149011612
133.151,1.0,9.835187692981627,0.10000000149011612
133.212,1.0,9.780307715593112,0.10000000149011612
133.254,1.0,9.890147972624336,0.10000000149011612
133.302,1.0,9.69772566743195,0.10000000149011612
133.356,1.0,9.862637788512641,0.10000000149011612
133.406,1.0,9.890146312966115,0.10000000149011612
133.452,1.0,9.890136009930737,0.10000000149011612
133.504,1.0,9.862653560915755,0.10000000149011612
133.557,1.0,9.862739313311048,0.10000000149011612
133.603,1.0,9.780138767821093,0.10000000149011612
133.654,1.0,9.7251597724648,0.10000000149011612
133.704,1.0,9.890063706185256,0.10000000149011612
133.755,1.0,9.807646559551358,0.10000000149011612
133.802,1.0,9.725215392352807,0.10000000149011612
133.853,1.0,9.72525763284001,0.10000000149011612
133.903,1.0,9.780045789293945,0.10000000149011612
133.96,1.0,9.91762853672521,0.10000000149011612
134.005,1.0,9.725713760116035,0.10000000149011612
134.054,1.0,9.862776174127228,0.10000000149011612
134.105,1.0,9.83529584157384,0.10000000149011612
134.16,1.0,9.835313068764906,0.10000000149011612
134.204,1.0,9.862759551633562,0.10000000149011612
134.257,1.0,9.862541408278048,0.10000000149011612
134.329,1.0,9.835017522900468,0.10000000149011612
134.361,1.0,9.807901304587721,0.10000000149011612
134.408,1.0,9.807622921052907,0.10000000149011612
134.456,1.0,9.890132262288697,0.10000000149011612
134.506,1.0,9.670571788131364,0.10000000149011612
134.556,1.0,9.780387006451686,0.10000000149011612
134.607,1.0,9.835455848918192,0.10000000149011612
134.655,1.0,9.780529474549823,0.10000000149011612
134.711,1.0,9.642728526021044,0.10000000149011612
134.756,1.0,9.835164899316927,0.10000000149011612
134.813,1.0,10.0,10.0
134.857,1.0,9.615541575745576,0.10000000149011612
134.906,1.0,9.835184643603862,0.10000000149011612
134.96,1.0,9.83520099516544,0.10000000149011612
135.005,1.0,9.72522211316973,0.10000000149011612
135.058,1.0,9.835258386118545,0.10000000149011612
135.108,1.0,9.725385528161294,0.10000000149011612
135.156,1.0,9.780359279757572,0.10000000149011612
135.207,1.0,9.752944302455418,0.10000000149011612
135.257,1.0,9.890321493128107,0.10000000149011612
135.306,1.0,9.725199222999315,0.10000000149011612
135.356,1.0,9.835209087758429,0.10000000149011612
135.407,1.0,9.780184903513227,0.10000000149011612
135.461,1.0,9.588111178390681,0.10000000149011612
135.515,1.0,9.890188986911541,0.10000000149011612
135.556,1.0,9.835322587792245,0.10000000149011612
135.606,1.0,9.780343480490975,0.10000000149011612
135.661,1.0,9.69805373897155,0.10000000149011612
135.711,1.0,9.780124677634902,0.10000000149011612
135.759,1.0,9.890273844036791,0.10000000149011612
135.809,1.0,9.807620361426638,0.10000000149011612
135.854,1.0,9.835241252349483,0.10000000149011612
135.909,1.0,9.83513604234904,0.10000000149011612
135.961,1.0,9.725294020689196,0.10000000149011612
136.013,1.0,9.807669335810674,0.10000000149011612
136.063,1.0,9.807624179124833,0.10000000149011612
136.114,1.0,9.835207365618812,0.10000000149011612
136.162,1.0,9.91755347583029,0.10000000149011612
136.213,1.0,9.862542375239233,0.10000000149011612
136.264,1.0,9.642854783539143,0.10000000149011612
136.312,1.0,9.725405014389091,0.10000000149011612
136.363,1.0,9.752805529224377,0.10000000149011612
136.414,1.0,9.72534564367185,0.10000000149011612
136.464,1.0,9.80760054708355,0.10000000149011612
136.512,1.0,9.752850805450645,0.10000000149011612
136.563,1.0,9.83525759761946,0.10000000149011612
136.613,1.0,9.807850730646816,0.10000000149011612
136.663,1.0,9.69788761258953,0.10000000149011612
136.715,1.0,9.945110439571241,0.10000000149011612
136.766,1.0,9.917672012228932,0.10000000149011612
136.812,1.0,9.89018610794511,0.10000000149011612
136.864,1.0,9.807962473005885,0.10000000149011612
136.915,1.0,9.807555183933841,0.10000000149011612
136.968,1.0,9.91758535452601,0.10000000149011612
137.018,1.0,9.64300137464371,0.10000000149011612
137.064,1.0,9.807838039928013,0.10000000149011612
137.113,1.0,9.752786623107063,0.10000000149011612
137.164,1.0,9.780405957686405,0.10000000149011612
137.213,1.0,9.780297013310095,0.10000000149011612
137.259,1.0,9.862721679794292,0.10000000149011612
137.313,1.0,9.807740459777415,0.10000000149011612
137.363,1.0,9.697858697631293,0.10000000149011612
137.414,1.0,9.80778935837249,0.10000000149011612
137.466,1.0,9.725321385119525,0.10000000149011612
137.515,1.0,9.862684001877076,0.10000000149011612
137.565,1.0,9.807734120554395,0.10000000149011612
137.615,1.0,9.80776862502098,0.10000000149011612
137.664,1.0,9.752960469221904,0.10000000149011612
137.714,1.0,9.69784794623653,0.10000000149011612
137.768,1.0,9.697627880362173,0.10000000149011612
137.814,1.0,9.890013500551383,0.10000000149011612
137.866,1.0,9.835203893648254,0.10000000149011612
137.923,1.0,9.80780878977643,0.10000000149011612
137.966,1.0,9.80763652510941,0.10000000149011612
138.017,1.0,9.697899411080613,0.10000000149011612
138.067,1.0,9.972523539347781,0.10847416520118713
138.116,1.0,9.725315120112565,0.10000000149011612
138.168,1.0,9.835155802965165,0.10000000149011612
138.223,1.0,9.780093143011133,0.10000000149011612
138.266,1.0,9.807900524139404,0.10000000149011612
138.32,1.0,9.945119297359552,0.10000000149011612
138.368,1.0,9.807778696984881,0.10000000149011612
138.417,1.0,9.86260118033323,0.10000000149011612
138.482,1.0,9.725275468101932,0.10000000149011612
138.515,1.0,9.945214108626049,0.13499028980731964
138.566,1.0,9.83524005158494,0.10000000149011612
138.616,1.0,9.615131586065722,0.10000000149011612
138.671,1.0,9.725255444211264,0.10000000149011612
138.718,1.0,9.862562441349857,0.10000000149011612
138.777,1.0,9.697899298121532,0.10000000149011612
138.819,1.0,9.835190065080921,0.10000000149011612
138.872,1.0,9.752777955908742,0.10000000149011612
138.921,1.0,9.807730013028616,0.10000000149011612
138.972,1.0,9.697765859692462,0.10000000149011612
139.024,1.0,9.780419933464792,0.10000000149011612
139.075,1.0,9.807635248183376,0.10000000149011612
139.121,1.0,9.807707891716726,0.10000000149011612
139.174,1.0,9.862500000020695,0.10000000149011612
139.226,1.0,9.890179547957247,0.10000000149011612
139.273,1.0,9.86258940026164,0.10000000149011612
139.327,1.0,9.780182464172443,0.10000000149011612
139.373,1.0,9.890319298973514,0.10000000149011612
139.425,1.0,9.917567730881274,0.10000000149011612
139.473,1.0,9.890089483641916,0.10000000149011612
139.522,1.0,9.862562819942832,0.10000000149011612
139.578,1.0,9.780357552278373,0.10000000149011612
139.622,1.0,9.725650096353558,0.10000000149011612
139.679,1.0,9.862718563423389,0.10000000149011612
139.723,1.0,9.697774842133125,0.10000000149011612
139.779,1.0,9.890000000016556,0.10000000149011612
139.835,1.0,9.862824467714463,0.10000000149011612
139.879,1.0,9.890109619850087,0.10000000149011612
139.928,1.0,9.780253057181834,0.10000000149011612
139.981,1.0,9.862633240823117,0.10000000149011612
140.029,1.0,9.835196101003223,0.10000000149011612
140.093,1.0,9.642805964416928,0.10000000149011612
140.128,1.0,9.890010795762969,0.10000000149011612
140.181,1.0,9.752784853511386,0.10000000149011612
140.233,1.0,9.752724850902126,0.10000000149011612
140.28,1.0,9.917591221258045,0.10000000149011612
140.332,1.0,9.80763922079156,0.10000000149011612
140.384,1.0,9.780361829801565,0.10000000149011612
140.432,1.0,9.835248917527498,0.10000000149011612
140.485,1.0,9.862781730997893,0.10000000149011612
140.534,1.0,9.835054664934676,0.10000000149011612
140.584,1.0,9.780177108943462,0.10000000149011612
140.635,1.0,9.89003583966858,0.10000000149011612
140.681,1.0,9.835411416718529,0.10000000149011612
140.734,1.0,9.780212718310455,0.10000000149011612
140.786,1.0,9.807635380927888,0.10000000149011612
140.838,1.0,9.890206789018379,0.10000000149011612
140.884,1.0,9.862746593252652,0.10000000149011612
140.943,1.0,9.80755383287453,0.10000000149011612
140.986,1.0,9.917521701587571,0.10000000149011612
141.037,1.0,9.780166518770987,0.10000000149011612
141.085,1.0,9.780283086788323,0.10000000149011612
141.138,1.0,9.862733951749073,0.10000000149011612
141.185,1.0,9.917500000012417,0.10000000149011612
141.238,1.0,9.862776044735478,0.10000000149011612
141.284,1.0,9.697728729392919,0.10000000149011612
141.334,1.0,9.807761503818135,0.10000000149011612
141.391,1.0,9.862551736314263,0.10000000149011612
141.437,1.0,9.780304788818789,0.10000000149011612
141.484,1.0,9.780299953474767,0.10000000149011612
141.535,1.0,9.725183486565948,0.10000000149011612
141.585,1.0,9.862671210678915,0.10000000149011612
141.637,1.0,9.697800147802466,0.10000000149011612
141.684,1.0,9.835270568831927,0.10000000149011612
141.735,1.0,9.890042575345271,0.10000000149011612
141.796,1.0,9.807642381348543,0.10000000149011612
141.835,1.0,9.917561588332886,0.10000000149011612
141.879,1.0,9.890009463288719,0.10000000149011612
141.938,1.0,9.807685928336449,0.10000000149011612
141.989,1.0,9.890067641788887,0.10000000149011612
142.037,1.0,9.75269235678845,0.10000000149011612
142.094,1.0,9.752614130886892,0.10000000149011612
142.137,1.0,9.725368552861942,0.10000000149011612
142.191,1.0,9.78039940111339,0.10000000149011612
142.241,1.0,9.890175778004858,0.10000000149011612
142.291,1.0,9.890101034090751,0.10000000149011612
142.342,1.0,9.890106654850145,0.10000000149011612
142.389,1.0,9.835180940727392,0.10000000149011612
142.441,1.0,9.725508008255726,0.10000000149011612
142.491,1.0,9.780308498483565,0.10000000149011612
142.539,1.0,9.835237255361346,0.10000000149011612
142.59,1.0,9.890137089105943,0.10000000149011612
142.644,1.0,9.807826797457205,0.10000000149011612
142.69,1.0,9.835269472913609,0.10000000149011612
142.739,1.0,9.835355558391246,0.10000000149011612
142.791,1.0,9.780269805052214,0.10000000149011612
142.843,1.0,9.862742309603426,0.10000000149011612
142.892,1.0,9.862860456026263,0.10000000149011612
142.943,1.0,9.807743658290969,0.10000000149011612
142.996,1.0,9.78022081936813,0.10000000149011612
143.042,1.0,9.862816164373523,0.10000000149011612
143.092,1.0,9.780369562655688,0.10000000149011612
143.142,1.0,9.780300903754929,0.10000000149011612
143.193,1.0,9.80771144564367,0.10000000149011612
143.242,1.0,9.780242244423263,0.10000000149011612
143.291,1.0,9.61536591824972,0.10000000149011612
143.342,1.0,9.642857140675186,0.10000000149011612
143.389,1.0,9.835426789356603,0.10000000149011612
143.44,1.0,9.807544599225123,0.10000000149011612
143.493,1.0,9.725418326031003,0.10000000149011612
143.54,1.0,9.835445026328994,0.11402992904186249
143.594,1.0,9.780194774166578,0.10000000149011612
143.642,1.0,9.862583107004562,0.10000000149011612
143.691,1.0,9.945000000008278,0.10000000149011612
143.746,1.0,9.78042614399973,0.10000000149011612
143.791,1.0,9.752777319980993,0.10000000149011612
143.843,1.0,9.670452653782235,0.10000000149011612
143.892,1.0,9.917593796820276,0.10000000149011612
143.944,1.0,9.80786621676137,0.10000000149011612
143.994,1.0,9.725453551610311,0.10000000149011612
144.048,1.0,9.698056315589282,0.10000000149011612
144.092,1.0,9.807587142454253,0.10000000149011612
144.144,1.0,9.807693481735058,0.10000000149011612
144.193,1.0,9.972500000004139,0.10000000149011612
144.241,1.0,9.588103585628172,0.10000000149011612
144.295,1.0,9.78037776419272,0.10000000149011612
144.341,1.0,9.83519864309993,0.10000000149011612
144.393,1.0,9.835289799359938,0.10000000149011612
144.442,1.0,9.780420594538251,0.10000000149011612
144.497,1.0,9.752760452073481,0.10000000149011612
144.542,1.0,9.725320123860406,0.10000000149011612
144.593,1.0,9.752962245336837,0.10000000149011612
144.646,1.0,9.807690394980211,0.10000000149011612
144.701,1.0,9.807758526980049,0.10000000149011612
144.746,1.0,9.780368167575862,0.10000000149011612
144.8,1.0,9.780253322091367,0.10000000149011612
144.871,1.0,9.698115382757452,0.10000000149011612
144.895,1.0,9.753012178300155,0.10000000149011612
144.957,1.0,9.862625470633308,0.10000000149011612
144.997,1.0,9.835021446045074,0.10000000149011612
145.048,1.0,9.862600138245357,0.10000000149011612
145.1,1.0,9.835207453018262,0.10000000149011612
145.158,1.0,9.780316158570349,0.10000000149011612
145.197,1.0,9.725348357835578,0.10000000149011612
145.251,1.0,9.835422542049653,0.10000000149011612
145.297,1.0,9.807765123786197,0.10000000149011612
145.346,1.0,9.807934711521698,0.10000000149011612
145.395,1.0,9.75273282252666,0.10000000149011612
145.446,1.0,9.862740331163836,0.10000000149011612
145.494,1.0,9.752655405633979,0.10000000149011612
145.546,1.0,9.807916120005151,0.10000000149011612
145.599,1.0,9.725368404781653,0.10000000149011612
145.646,1.0,9.83542298252384,0.10000000149011612
145.697,1.0,9.587689184749292,0.10000000149011612
145.747,1.0,9.862614567950368,0.10000000149011612
145.797,1.0,9.807692597496013,0.10000000149011612
145.847,1.0,9.725234708065788,0.10000000149011612
145.897,1.0,9.86286078101645,0.10000000149011612
145.947,1.0,9.780296715618007,0.10000000149011612
146.0,1.0,9.86269942197121,0.10000000149011612
146.046,1.0,9.807870853857862,0.10000000149011612
146.096,1.0,9.5880214245576,0.10000000149011612
146.152,1.0,9.725440462285446,0.10000000149011612
146.201,1.0,9.807663093838427,0.10000000149011612
146.246,1.0,9.643003411756622,0.10000000149011612
146.3,1.0,9.91763027653926,0.10000000149011612
146.347,1.0,9.835122561703125,0.10000000149011612
146.402,1.0,9.807837011872067,0.10000000149011612
146.445,1.0,9.725125764807066,0.10000000149011612
146.496,1.0,9.862728550512758,0.10000000149011612
146.55,1.0,9.917705295628144,0.10000000149011612
146.598,1.0,9.890115973994964,0.10000000149011612
146.646,1.0,9.862671037038995,0.10000000149011612
146.697,1.0,9.643155017288194,0.10000000149011612
146.748,1.0,9.862769218968849,0.10000000149011612
146.796,1.0,9.917500000012417,0.10000000149011612
146.846,1.0,9.752645859287846,0.10000000149011612
146.897,1.0,9.807723058656686,0.10000000149011612
146.946,1.0,9.917500000012417,0.10000000149011612
146.996,1.0,9.780206360626552,0.10000000149011612
147.052,1.0,9.752971722392573,0.10000000149011612
147.098,1.0,9.780312667455938,0.10000000149011612
147.149,1.0,9.862568236038916,0.10000000149011612
147.193,1.0,9.7803548908482,0.10000000149011612
147.249,1.0,9.835277663254075,0.10000000149011612
147.302,1.0,9.862596110875408,0.10000000149011612
147.348,1.0,9.752637981043922,0.10000000149011612
147.4,1.0,9.780240837939912,0.10000000149011612
147.449,1.0,9.83527578442461,0.10000000149011612
147.504,1.0,9.835338002070785,0.10000000149011612
147.549,1.0,9.807767778117624,0.10000000149011612
147.6,1.0,9.807580790420372,0.10000000149011612
147.649,1.0,9.725035970595975,0.10000000149011612
147.699,1.0,9.7804629870173,0.10000000149011612
147.752,1.0,9.835246275034216,0.10000000149011612
147.798,1.0,9.67062629931089,0.10000000149011612
147.849,1.0,9.835287395637069,0.10000000149011612
147.899,1.0,9.780253086694414,0.10000000149011612
147.953,1.0,9.890130833391513,0.10000000149011612
147.999,1.0,9.835169626937972,0.10000000149011612
148.051,1.0,9.725359335417549,0.10000000149011612
148.1,1.0,9.780418350671729,0.10000000149011612
148.15,1.0,9.91758807638867,0.10000000149011612
148.2,1.0,9.917538706751333,0.10000000149011612
148.257,1.0,9.807693917076621,0.10000000149011612
148.303,1.0,9.835094859989153,0.10000000149011612
148.356,1.0,9.752808601326413,0.10000000149011612
148.405,1.0,9.835011122706863,0.10000000149011612
148.453,1.0,9.835294305678044,0.10000000149011612
148.503,1.0,9.780175522487196,0.10000000149011612
148.554,1.0,9.78047518307964,0.10000000149011612
148.605,1.0,9.835120920526485,0.10000000149011612
148.655,1.0,9.780102895096773,0.10000000149011612
148.716,1.0,9.78030195871575,0.10000000149011612
148.755,1.0,9.75284151263121,0.10000000149011612
148.805,1.0,9.835371322474545,0.10000000149011612
148.854,1.0,9.86259144652221,0.10000000149011612
148.904,1.0,9.780174209756984,0.10000000149011612
148.957,1.0,9.752759711713427,0.10000000149011612
149.005,1.0,9.807719397772518,0.10000000149011612
149.055,1.0,9.890086666101382,0.10000000149011612
149.108,1.0,9.753062239765294,0.10000000149011612
149.154,1.0,9.890188774921828,0.10000000149011612
149.204,1.0,9.80763331335038,0.10000000149011612
149.263,1.0,9.753054370462067,0.10000000149011612
149.306,1.0,9.917519279652172,0.10000000149011612
149.355,1.0,9.89011814194835,0.10000000149011612
149.405,1.0,9.80777074833297,0.10000000149011612
149.456,1.0,9.67024144611011,0.10000000149011612
149.505,1.0,9.835255190709399,0.10000000149011612
149.555,1.0,9.807819191738963,0.10000000149011612
149.605,1.0,9.862841497444444,0.10000000149011612
149.655,1.0,9.75263707122455,0.10000000149011612
149.709,1.0,9.725320292657448,0.10000000149011612
149.756,1.0,9.78027248405334,0.10000000149011612
149.804,1.0,9.780068261486788,0.10000000149011612
149.857,1.0,9.780215369744433,0.10000000149011612
149.909,1.0,9.807805368221468,0.10000000149011612
149.955,1.0,9.780066704211963,0.10000000149011612
150.005,1.0,9.725234307472904,0.10000000149011612
150.054,1.0,9.58823906098389,0.10000000149011612
150.106,1.0,9.890212531925904,0.10000000149011612
150.154,1.0,9.862833088926143,0.10000000149011612
150.205,1.0,9.917637049737904,0.10000000149011612
150.254,1.0,9.752744826819335,0.10000000149011612
150.305,1.0,9.752719972386128,0.10000000149011612
150.353,1.0,9.807678438536822,0.10000000149011612
150.404,1.0,9.835111405638356,0.10000000149011612
150.454,1.0,9.69810883315901,0.10000000149011612
150.506,1.0,9.890131799814602,0.10000000149011612
150.555,1.0,9.75276863247984,0.10000000149011612
150.605,1.0,9.80781951252785,0.10000000149011612
150.656,1.0,9.780517921969295,0.10000000149011612
150.711,1.0,9.75263403898312,0.10000000149011612
150.761,1.0,9.890237235360676,0.10000000149011612
150.808,1.0,9.725480875228014,0.10000000149011612
150.858,1.0,9.862634598091244,0.10000000149011612
150.908,1.0,9.7803703746241,0.10000000149011612
150.958,1.0,9.80777173164404,0.10000000149011612
151.015,1.0,9.835234924654166,0.10000000149011612
151.058,1.0,9.835197530521286,0.10000000149011612
151.112,1.0,9.72520492453542,0.10000000149011612
151.161,1.0,9.780204787974556,0.10000000149011612
151.217,1.0,9.807729575410486,0.10000000149011612
151.259,1.0,9.862583336378965,0.10000000149011612
151.308,1.0,9.752667665750616,0.10000000149011612
151.361,1.0,9.835358991432521,0.10000000149011612
151.409,1.0,9.780139926117327,0.10000000149011612
151.458,1.0,9.780254571036332,0.10000000149011612
151.511,1.0,9.752773034779562,0.10000000149011612
151.561,1.0,9.752512719088958,0.10000000149011612
151.611,1.0,9.807994726465807,0.10000000149011612
151.664,1.0,9.835093907680776,0.10000000149011612
151.71,1.0,9.725144874511493,0.10000000149011612
151.76,1.0,9.72547904226101,0.10000000149011612
151.809,1.0,9.835160565417674,0.10000000149011612
151.86,1.0,9.835066717635426,0.10000000149011612
151.911,1.0,9.780087273443739,0.10000000149011612
151.958,1.0,9.670231103524566,0.10000000149011612
152.009,1.0,9.890133444178435,0.10000000149011612
152.059,1.0,9.835230345734292,0.10000000149011612
152.109,1.0,9.752822257847422,0.10000000149011612
152.16,1.0,9.752843496099942,0.10000000149011612
152.209,1.0,9.752667141685055,0.10000000149011612
152.259,1.0,9.807723736576737,0.10000000149011612
152.311,1.0,9.752648211394748,0.10000000149011612
152.364,1.0,9.83528189321773,0.10000000149011612
152.41,1.0,9.8901055013347,0.10000000149011612
152.458,1.0,9.780294412043359,0.10000000149011612
152.512,1.0,9.89007875751704,0.10000000149011612
152.559,1.0,9.945035230099327,0.10000000149011612
152.608,1.0,9.67020845019983,0.10000000149011612
152.662,1.0,9.862706280209952,0.10000000149011612
152.71,1.0,9.780227213415007,0.10000000149011612
152.757,1.0,9.80779641409301,0.10000000149011612
152.811,1.0,9.917585174077088,0.10000000149011612
152.861,1.0,9.752905132994055,0.10000000149011612
152.909,1.0,9.835169971879157,0.10000000149011612
152.961,1.0,9.670243543158803,0.10000000149011612
153.01,1.0,9.7801045694078,0.10000000149011612
153.068,1.0,9.862779460578329,0.10000000149011612
153.112,1.0,9.752783609636955,0.10000000149011612
153.165,1.0,9.697719075489376,0.10000000149011612
153.215,1.0,9.753034309960073,0.10000000149011612
153.265,1.0,9.862668015186985,0.10000000149011612
153.31,1.0,9.807987496070563,0.11614491045475006
153.36,1.0,9.64299447329508,0.10000000149011612
153.41,1.0,9.835241498032378,0.10000000149011612
153.467,1.0,9.697849920826654,0.10000000149011612
153.514,1.0,9.780292468000617,0.10000000149011612
153.563,1.0,9.86276198339959,0.10000000149011612
153.617,1.0,9.752853486169544,0.10000000149011612
153.664,1.0,9.83503690821429,0.10000000149011612
153.709,1.0,9.86291195532928,0.10722943395376205
153.763,1.0,9.80776243514071,0.10000000149011612
153.815,1.0,9.835258165974583,0.10000000149011612
153.856,1.0,9.835291537538998,0.10000000149011612
153.919,1.0,9.780317680165172,0.10000000149011612
153.963,1.0,9.890009491124914,0.10000000149011612
154.012,1.0,9.780212388229039,0.10000000149011612
154.067,1.0,9.807561766770151,0.10000000149011612
154.114,1.0,9.862511954994666,0.10000000149011612
154.172,1.0,9.752975434209738,0.10000000149011612
154.213,1.0,9.780113880874381,0.10000000149011612
154.263,1.0,9.917608142188854,0.10653094202280045
154.316,1.0,9.780179092970988,0.10000000149011612
154.362,1.0,9.698044886398646,0.10000000149011612
154.413,1.0,9.780368777240316,0.10000000149011612
154.462,1.0,9.780370762840741,0.10000000149011612
154.514,1.0,9.780345208073657,0.10000000149011612
154.563,1.0,9.807687950134277,0.10000000149011612
154.615,1.0,9.835403511114418,0.10000000149011612
154.672,1.0,9.835229578924675,0.10000000149011612
154.715,1.0,9.78031013003654,0.10000000149011612
154.766,1.0,9.725619146496886,0.10000000149011612
154.813,1.0,9.807827206763129,0.10000000149011612
154.863,1.0,9.670349276438355,0.10000000149011612
154.913,1.0,9.670346153072185,0.10000000149011612
154.963,1.0,9.86284276911368,0.10457665473222733
155.012,1.0,9.80761215761304,0.10000000149011612
155.063,1.0,9.86269003521237,0.10000000149011612
155.113,1.0,9.780195348709821,0.10000000149011612
155.162,1.0,9.807849868635337,0.10000000149011612
155.213,1.0,9.670254715387191,0.10000000149011612
155.263,1.0,9.697874174929327,0.10000000149011612
155.313,1.0,9.890225774173935,0.10000000149011612
155.363,1.0,9.917606270561615,0.10000000149011612
155.412,1.0,9.780358571807543,0.10000000149011612
155.462,1.0,9.75286213407914,0.10000000149011612
155.513,1.0,9.780347507447004,0.10000000149011612
155.564,1.0,9.780253073407543,0.10000000149011612
155.613,1.0,9.917603224143386,0.10000000149011612
155.663,1.0,9.91767285687642,0.10000000149011612
155.713,1.0,9.78004907876667,0.10000000149011612
155.763,1.0,9.780182045553293,0.10000000149011612
155.813,1.0,9.917500000012417,0.10000000149011612
155.863,1.0,9.890142138426503,0.10000000149011612
155.913,1.0,9.780367823027902,0.10000000149011612
155.962,1.0,9.697921803283196,0.10000000149011612
156.013,1.0,9.862621951289475,0.10000000149011612
156.063,1.0,9.725164500934381,0.10000000149011612
156.113,1.0,9.725458028871152,0.10000000149011612
156.163,1.0,9.835280970194274,0.10000000149011612
156.213,1.0,9.835305621185237,0.10000000149011612
156.263,1.0,9.807728245916467,0.10000000149011612
156.313,1.0,9.698000114245547,0.10000000149011612
156.363,1.0,9.560454946756362,0.10000000149011612
156.413,1.0,9.862799523087839,0.10000000149011612
156.463,1.0,9.752579735219479,0.10000000149011612
156.513,1.0,9.835354923932917,0.10000000149011612
156.563,1.0,9.752565200357802,0.10000000149011612
156.613,1.0,9.890228794784182,0.10000000149011612
156.663,1.0,9.835261626106997,0.10000000149011612
156.713,1.0,9.75276031728006,0.10000000149011612
156.763,1.0,9.752560772891673,0.10000000149011612
156.813,1.0,9.780317093100813,0.10000000149011612
156.863,1.0,9.78033916513539,0.10000000149011612
156.913,1.0,9.780317603113751,0.10000000149011612
156.963,1.0,9.89019473608997,0.10000000149011612
157.012,1.0,9.862678199426995,0.10000000149011612
157.063,1.0,9.890212133609586,0.10000000149011612
157.113,1.0,9.862735793760253,0.10000000149011612
157.163,1.0,9.862595224773719,0.10000000149011612
157.212,1.0,9.780317914175491,0.10000000149011612
157.263,1.0,9.835362734024724,0.10000000149011612
157.313,1.0,9.780276898480952,0.10000000149011612
157.363,1.0,9.560359600372612,0.10000000149011612
157.413,1.0,9.670618060707218,0.10000000149011612
157.463,1.0,9.752733239800566,0.10000000149011612
157.513,1.0,9.697698327091834,0.10000000149011612
157.562,1.0,9.807817887928751,0.10000000149011612
157.613,1.0,9.725283902883529,0.10000000149011612
157.663,1.0,9.643103496150838,0.10000000149011612
157.713,1.0,9.78038722810646,0.10000000149011612
157.763,1.0,9.780501847507225,0.10000000149011612
157.813,1.0,9.862574364307026,0.10000000149011612
157.863,1.0,9.752603507083323,0.10000000149011612
157.913,1.0,9.917561187864179,0.10000000149011612
157.963,1.0,9.725032815440661,0.10000000149011612
158.013,1.0,9.588264013516406,0.10000000149011612
158.063,1.0,9.835019465742839,0.10000000149011612
158.114,1.0,9.862602090380259,0.10000000149011612
158.163,1.0,9.862556037472354,0.10000000149011612
158.213,1.0,9.698079309033023,0.10000000149011612
158.263,1.0,9.807808504936595,0.10000000149011612
158.312,1.0,9.890229701850977,0.10000000149011612
158.363,1.0,9.89022249939541,0.10000000149011612
158.412,1.0,9.917528407089412,0.10000000149011612
158.463,1.0,9.807719599724644,0.10000000149011612
158.513,1.0,9.890291029752957,0.1029307022690773
158.563,1.0,9.697607048352559,0.10000000149011612
158.613,1.0,9.835228860999147,0.10000000149011612
158.663,1.0,9.835099092870951,0.10000000149011612
158.713,1.0,9.945000000008278,0.10000000149011612
158.763,1.0,9.752951695666544,0.10000000149011612
158.813,1.0,9.835306132315761,0.10000000149011612
158.863,1.0,9.917500000012417,0.10000000149011612
158.913,1.0,9.752798709149163,0.10000000149011612
158.963,1.0,9.917741780231397,0.11900997906923294
159.012,1.0,9.835269235426352,0.10000000149011612
159.063,1.0,9.642922183871269,0.10000000149011612
159.113,1.0,9.780108472373751,0.10000000149011612
159.163,1.0,9.752760797118148,0.10000000149011612
159.213,1.0,9.752930831557347,0.10000000149011612
159.263,1.0,9.72533502065473,0.10000000149011612
159.313,1.0,9.780290820594463,0.10000000149011612
159.363,1.0,9.697828115026157,0.10000000149011612
159.413,1.0,9.83524563887881,0.10000000149011612
159.463,1.0,9.835219312976632,0.10000000149011612
159.513,1.0,9.725409381815957,0.10000000149011612
159.563,1.0,9.697883245183363,0.10000000149011612
159.612,1.0,9.835114293648965,0.10000000149011612
159.663,1.0,9.670520790252422,0.10000000149011612
159.713,1.0,9.725409882950286,0.10000000149011612
159.762,1.0,9.752888875909978,0.10000000149011612
159.813,1.0,9.697857503489487,0.10000000149011612
159.863,1.0,9.697910141468876,0.10000000149011612
159.913,1.0,9.807649211482042,0.10000000149011612
159.963,1.0,9.697922892930608,0.10000000149011612
