Timestamp,Valid Ratio,Mean Range,Min Range
0.222,1.0,9.835409259237348,0.10000000149011612
0.271,1.0,9.835041430282097,0.10000000149011612
0.321,1.0,9.807612157488864,0.10000000149011612
0.371,1.0,9.697673997179502,0.10000000149011612
0.421,1.0,9.945000000008278,0.10000000149011612
0.471,1.0,9.670734049214257,0.10000000149011612
0.521,1.0,9.807760669311715,0.10000000149011612
0.571,1.0,9.780272162167563,0.10000000149011612
0.621,1.0,9.698013128754166,0.10000000149011612
0.671,1.0,9.91779619620906,0.1274217665195465
0.721,1.0,9.72533751440545,0.10000000149011612
0.771,1.0,9.725331204425958,0.10000000149011612
0.821,1.0,9.807607416622341,0.10000000149011612
0.871,1.0,9.780357913817797,0.10000000149011612
0.921,1.0,9.697829875639743,0.10000000149011612
0.971,1.0,9.670595978924798,0.10000000149011612
1.021,1.0,9.835170372720395,0.10000000149011612
1.071,1.0,9.780400290133224,0.10000000149011612
1.121,1.0,9.780300241439706,0.10000000149011612
1.171,1.0,9.780163919015063,0.10000000149011612
1.221,1.0,9.725162793282006,0.10000000149011612
1.271,1.0,9.780485134716663,0.10000000149011612
1.321,1.0,9.862500000020695,0.10000000149011612
1.371,1.0,9.752905760560598,0.10000000149011612
1.421,1.0,9.835104259062145,0.10000000149011612
1.471,1.0,9.752831755454341,0.10000000149011612
1.522,1.0,9.725256222010486,0.10000000149011612
1.571,1.0,9.807761356876128,0.10000000149011612
1.621,1.0,9.807699192460213,0.10000000149011612
1.671,1.0,9.807804323877725,0.10000000149011612
1.721,1.0,9.807838641914229,0.10000000149011612
1.771,1.0,9.835323920701112,0.10000000149011612
1.821,1.0,9.835144017450512,0.10000000149011612
1.8719999999999999,1.0,9.780092422622774,0.10000000149011612
1.923,1.0,9.752730482175119,0.10000000149011612
1.971,1.0,9.835202611775863,0.10000000149011612
2.021,1.0,9.835198725159797,0.10000000149011612
2.071,1.0,9.80750732196288,0.10000000149011612
2.121,1.0,9.945080106643339,0.10000000149011612
2.171,1.0,9.862655592502819,0.10000000149011612
2.221,1.0,9.725251689222123,0.10000000149011612
2.271,1.0,9.725187998058068,0.10000000149011612
2.322,1.0,9.807519049756229,0.10000000149011612
2.374,1.0,9.807735864176518,0.10000000149011612
2.422,1.0,9.862680040403372,0.10000000149011612
2.475,1.0,9.807847896859878,0.10000000149011612
2.525,1.0,9.752742637838754,0.10000000149011612
2.576,1.0,9.78032855434964,0.10000000149011612
2.625,1.0,9.807679850173493,0.10000000149011612
2.675,1.0,9.917605825886131,0.10000000149011612
2.724,1.0,9.725403191790813,0.10000000149011612
2.775,1.0,9.780556174636715,0.10000000149011612
2.825,1.0,9.835145515244868,0.10000000149011612
2.874,1.0,9.780211684935622,0.10000000149011612
2.924,1.0,9.780217820985449,0.10000000149011612
2.974,1.0,9.807835194737548,0.10000000149011612
3.024,1.0,9.862522832945817,0.10000000149011612
3.077,1.0,9.725166767773528,0.10000000149011612
3.118,1.0,9.890218608371086,0.10000000149011612
3.172,1.0,9.780331167682178,0.10000000149011612
3.225,1.0,9.945000000008278,0.10000000149011612
3.279,1.0,9.752570648739736,0.10000000149011612
3.334,1.0,9.862725961353217,0.10000000149011612
3.377,1.0,9.752746132906113,0.10000000149011612
3.429,1.0,9.835183356453975,0.10000000149011612
3.479,1.0,9.780569855082366,0.10000000149011612
3.536,1.0,9.670496597554948,0.10000000149011612
3.585,1.0,9.752669011470344,0.10000000149011612
3.6390000000000002,1.0,9.807776752797265,0.10000000149011612
3.682,1.0,9.890229119194878,0.10000000149011612
3.734,1.0,9.780344474377731,0.10000000149011612
3.787,1.0,9.69768245410588,0.10000000149011612
3.832,1.0,9.835294585323169,0.10000000149011612
3.886,1.0,9.862722242892616,0.10000000149011612
3.934,1.0,9.862694150602652,0.10000000149011612
3.982,1.0,9.972531029871769,0.11117075383663177
4.037,1.0,9.807831950485706,0.10000000149011612
4.086,1.0,9.752892716001305,0.10000000149011612
4.134,1.0,9.835049805603921,0.10000000149011612
4.184,1.0,9.725609952294164,0.10000000149011612
4.239,1.0,9.697842983156443,0.10000000149011612
4.286,1.0,9.780278895526296,0.10000000149011612
4.335,1.0,9.807649223278794,0.10000000149011612
4.3870000000000005,1.0,9.780288962709408,0.10000000149011612
4.439,1.0,9.835006752982736,0.10000000149011612
4.487,1.0,9.780396611326271,0.10000000149011612
4.537,1.0,9.807821586417655,0.10000000149011612
4.587,1.0,9.697855675799978,0.10000000149011612
4.639,1.0,9.89022941754924,0.10000000149011612
4.687,1.0,9.80765660583145,0.10000000149011612
4.736,1.0,9.752703224598534,0.10000000149011612
4.789,1.0,9.615467398365338,0.10000000149011612
4.839,1.0,9.75272221867409,0.10000000149011612
4.89,1.0,9.752992016470266,0.10000000149011612
4.943,1.0,9.780139973159466,0.10000000149011612
4.985,1.0,9.890000000016556,0.10000000149011612
5.039,1.0,9.780380241179632,0.10000000149011612
5.089,1.0,9.69785065477093,0.10000000149011612
5.138,1.0,9.752733966397743,0.10000000149011612
5.189,1.0,9.917597380570239,0.10000000149011612
5.239,1.0,9.862671438666682,0.10000000149011612
5.289,1.0,9.86254167041431,0.10000000149011612
5.342,1.0,9.917674427438113,0.10146400332450867
5.394,1.0,9.807868943673869,0.10000000149011612
5.439,1.0,9.670422227929036,0.10000000149011612
5.4879999999999995,1.0,9.862710150000122,0.10866100341081619
5.542,1.0,9.752635166193876,0.10000000149011612
5.588,1.0,9.835404546165632,0.10000000149011612
5.641,1.0,9.917578377574682,0.10000000149011612
5.689,1.0,9.862530106575125,0.10000000149011612
5.74,1.0,9.780264395868613,0.10000000149011612
5.795,1.0,9.80765275719265,0.10000000149011612
5.845,1.0,9.807733265890015,0.10000000149011612
5.892,1.0,9.835408947865169,0.10000000149011612
5.943,1.0,9.835341966980033,0.10000000149011612
5.994,1.0,9.835312154247529,0.10000000149011612
6.043,1.0,9.780238900995917,0.10000000149011612
6.091,1.0,9.780229381761616,0.10000000149011612
6.144,1.0,9.80777461917864,0.10000000149011612
6.198,1.0,9.807905807449586,0.10000000149011612
6.252,1.0,9.780346321728494,0.10000000149011612
6.293,1.0,9.725296942372289,0.10000000149011612
6.345,1.0,9.86271306524674,0.10000000149011612
6.394,1.0,9.890140066233775,0.10000000149011612
6.448,1.0,9.780551497265696,0.10000000149011612
6.493,1.0,9.862805783645147,0.10000000149011612
6.538,1.0,9.83536198006736,0.10000000149011612
6.592,1.0,9.835270179228651,0.10000000149011612
6.643,1.0,9.75283075744907,0.10000000149011612
6.692,1.0,9.862732317650483,0.10000000149011612
6.744,1.0,9.78025963149137,0.10000000149011612
6.793,1.0,9.780162133048806,0.10000000149011612
6.843,1.0,9.835127227815489,0.10000000149011612
6.894,1.0,9.807738553380801,0.10000000149011612
6.942,1.0,9.780226046074596,0.10000000149011612
6.992,1.0,9.780302505712543,0.10000000149011612
7.047,1.0,9.752811565643384,0.10000000149011612
7.093,1.0,9.862662910483778,0.10000000149011612
7.148,1.0,9.807694932859805,0.10000000149011612
7.193,1.0,9.835293694689042,0.10000000149011612
7.244,1.0,9.780421866993937,0.10000000149011612
7.294,1.0,9.752879369672801,0.10000000149011612
7.344,1.0,9.83534311103738,0.10000000149011612
7.394,1.0,9.615285097331636,0.10000000149011612
7.448,1.0,9.862638726954659,0.10000000149011612
7.501,1.0,9.917741430633598,0.11500120162963867
7.5440000000000005,1.0,9.752606389568085,0.10000000149011612
7.599,1.0,9.725305571200119,0.10000000149011612
7.6530000000000005,1.0,9.86258945076002,0.10000000149011612
7.701,1.0,9.890182266570628,0.10000000149011612
7.752,1.0,9.670372563745413,0.10000000149011612
7.795,1.0,9.725371833725108,0.10000000149011612
7.849,1.0,9.725159082416859,0.10000000149011612
7.901,1.0,9.86252966992971,0.10000000149011612
7.949,1.0,9.8077575068093,0.10000000149011612
8.005,1.0,9.835060800881022,0.10000000149011612
8.057,1.0,9.890340065914724,0.1120283454656601
8.099,1.0,9.807630422380235,0.10000000149011612
8.149,1.0,9.780280190499292,0.10000000149011612
8.201,1.0,9.862697897251282,0.10000000149011612
8.258,1.0,9.780292097934419,0.10000000149011612
8.309,1.0,9.862541189769075,0.10000000149011612
8.356,1.0,9.83509036143207,0.10000000149011612
8.409,1.0,9.83502281844202,0.10000000149011612
8.456,1.0,9.780198227821124,0.10000000149011612
8.509,1.0,9.643200135127538,0.10000000149011612
8.563,1.0,9.780418841499422,0.10000000149011612
8.614,1.0,9.835247720488244,0.10000000149011612
8.666,1.0,9.670414388966229,0.10000000149011612
8.717,1.0,9.835129306279123,0.10000000149011612
8.774000000000001,1.0,9.752796129447718,0.10000000149011612
8.818,1.0,9.862809065770772,0.10000000149011612
8.868,1.0,9.752775675637855,0.10000000149011612
8.918,1.0,9.917611337266862,0.10000000149011612
8.968,1.0,9.835160036819676,0.10000000149011612
9.023,1.0,9.64276565261599,0.10000000149011612
9.068,1.0,9.835092786099349,0.10000000149011612
9.118,1.0,9.67028916331215,0.10000000149011612
9.167,1.0,9.78035477447427,0.10000000149011612
9.219,1.0,9.890342168075342,0.10000000149011612
9.261,1.0,9.78013059536202,0.10000000149011612
9.316,1.0,9.862643790928026,0.10000000149011612
9.368,1.0,9.67019781799366,0.10000000149011612
9.417,1.0,9.643169273311893,0.10000000149011612
9.469,1.0,9.780289201873044,0.10000000149011612
9.526,1.0,9.8079237918266,0.10000000149011612
9.571,1.0,9.862598417326808,0.10000000149011612
9.624,1.0,9.917696870180468,0.10000000149011612
9.675,1.0,9.890041623016199,0.10000000149011612
9.722,1.0,9.835256871022285,0.10000000149011612
9.774000000000001,1.0,9.752815357678466,0.10000000149011612
9.822,1.0,9.807668810586135,0.10000000149011612
9.877,1.0,9.807629207687246,0.10000000149011612
9.922,1.0,9.725300641502772,0.10000000149011612
9.973,1.0,9.807720509212878,0.10000000149011612
10.027,1.0,9.697701168722576,0.10000000149011612
10.074,1.0,9.697711176404523,0.10000000149011612
10.127,1.0,9.862616422772408,0.10000000149011612
10.172,1.0,9.807642459082935,0.10000000149011612
10.222,1.0,9.725442409432597,0.10000000149011612
10.285,1.0,9.80766648641891,0.10000000149011612
10.322,1.0,9.80753776760151,0.10000000149011612
10.379,1.0,9.780180833405918,0.10000000149011612
10.428,1.0,9.807585873827339,0.10000000149011612
10.477,1.0,9.670495973941353,0.10000000149011612
10.527,1.0,9.725192480596403,0.10000000149011612
10.576,1.0,9.7529816178398,0.10000000149011612
10.626,1.0,9.91765757339696,0.10000000149011612
10.675,1.0,9.670352741599912,0.10000000149011612
10.725999999999999,1.0,9.862687079836096,0.10000000149011612
10.776,1.0,9.69776646339645,0.10000000149011612
10.83,1.0,9.670348238282733,0.10000000149011612
10.882,1.0,9.780220894784563,0.10000000149011612
10.926,1.0,9.752794160735275,0.10000000149011612
10.975,1.0,9.697751909163262,0.10000000149011612
11.029,1.0,9.725520837824378,0.10000000149011612
11.07,1.0,9.78031282996138,0.10000000149011612
11.127,1.0,9.780321043336556,0.10000000149011612
11.174,1.0,9.807834062932265,0.10000000149011612
11.228,1.0,9.752861578886707,0.10000000149011612
11.276,1.0,9.835185640491545,0.10000000149011612
11.328,1.0,9.670290114316675,0.10000000149011612
11.376,1.0,9.917620463917652,0.10000000149011612
11.428,1.0,9.807679725190004,0.10000000149011612
11.475999999999999,1.0,9.890000000016556,0.10000000149011612
11.532,1.0,9.890171388288339,0.10000000149011612
11.577,1.0,9.890114166608287,0.10000000149011612
11.637,1.0,9.862712174074517,0.10000000149011612
11.684,1.0,9.86258182991296,0.10000000149011612
11.728,1.0,9.862941909933255,0.10000000149011612
11.78,1.0,9.890136464085016,0.10000000149011612
11.834,1.0,9.83520011148519,0.10000000149011612
11.878,1.0,9.752679239710172,0.10000000149011612
11.935,1.0,9.835012522546782,0.10000000149011612
11.983,1.0,9.835228994447323,0.10000000149011612
12.03,1.0,9.752908423749936,0.10000000149011612
12.08,1.0,9.615416992269456,0.10000000149011612
12.135,1.0,9.862619766862029,0.10000000149011612
12.184,1.0,9.862682927399874,0.10000000149011612
12.231,1.0,9.780279743050535,0.10000000149011612
12.282,1.0,9.835112917692298,0.10000000149011612
12.333,1.0,9.780168447871175,0.10000000149011612
12.383,1.0,9.835329186564518,0.10000000149011612
12.433,1.0,9.890082375518977,0.10000000149011612
12.483,1.0,9.890308820435571,0.10000000149011612
12.533,1.0,9.835056888601846,0.10000000149011612
12.581,1.0,9.725530294453105,0.10000000149011612
12.639,1.0,9.752775423145957,0.10000000149011612
12.683,1.0,9.835167909310096,0.10000000149011612
12.735,1.0,9.945000000008278,0.10000000149011612
12.788,1.0,9.780552327694993,0.10000000149011612
12.835,1.0,9.587791523233884,0.10000000149011612
12.889,1.0,9.807500000028975,0.10000000149011612
12.934,1.0,9.752802768246168,0.10000000149011612
12.987,1.0,9.807605918972856,0.10000000149011612
13.039,1.0,9.588471241895522,0.10000000149011612
13.093,1.0,9.780160450873275,0.10000000149011612
13.139,1.0,9.752928568050265,0.10000000149011612
13.189,1.0,9.698035554794801,0.10000000149011612
13.239,1.0,9.862624387049841,0.10000000149011612
13.291,1.0,9.862686813560625,0.10000000149011612
13.341,1.0,9.890094090232418,0.10000000149011612
13.39,1.0,9.835025415010751,0.10000000149011612
13.441,1.0,9.780452276642125,0.10000000149011612
13.492,1.0,9.67006907771445,0.10000000149011612
13.54,1.0,9.807630791225368,0.10000000149011612
13.589,1.0,9.78031659755442,0.10000000149011612
13.64,1.0,9.890172483026982,0.10000000149011612
13.701,1.0,9.780327629111706,0.10000000149011612
13.744,1.0,9.862652950030235,0.10000000149011612
13.797,1.0,9.72524088209288,0.10000000149011612
13.848,1.0,9.780400216413868,0.10000000149011612
13.899000000000001,1.0,9.807774120858975,0.10000000149011612
13.951,1.0,9.862669094734722,0.10000000149011612
13.996,1.0,9.83522274930858,0.10000000149011612
14.051,1.0,9.642827371983893,0.10000000149011612
14.102,1.0,9.807679349763525,0.10000000149011612
14.153,1.0,9.72525758439054,0.10000000149011612
14.201,1.0,9.752572533653842,0.10000000149011612
14.25,1.0,9.917636264902022,0.10000000149011612
14.301,1.0,9.780351089168754,0.10000000149011612
14.350999999999999,1.0,9.835221505247885,0.10000000149011612
14.4,1.0,10.0,10.0
14.45,1.0,9.835236280411483,0.10000000149011612
14.5,1.0,9.862757570317221,0.10000000149011612
14.553,1.0,9.780057421699166,0.10000000149011612
14.607,1.0,9.917598978243769,0.10000000149011612
14.655,1.0,9.835242397462329,0.10000000149011612
14.703,1.0,9.835297378959755,0.10000000149011612
14.753,1.0,9.807628891078963,0.10000000149011612
14.804,1.0,9.862770839242472,0.10946733504533768
14.857,1.0,9.835304689158995,0.10000000149011612
14.901,1.0,9.780293452781107,0.10000000149011612
14.954,1.0,9.835125791716079,0.10000000149011612
15.003,1.0,9.587998962919745,0.10000000149011612
15.056,1.0,9.835045864122609,0.10000000149011612
15.11,1.0,9.89005241609282,0.10000000149011612
15.151,1.0,9.945159971983069,0.12393730133771896
15.21,1.0,9.917500000012417,0.10000000149011612
15.254,1.0,9.752915505257745,0.10000000149011612
15.31,1.0,9.69791472291367,0.10000000149011612
15.358,1.0,9.670598191850715,0.10000000149011612
15.408,1.0,9.83503887616098,0.10000000149011612
15.459,1.0,9.835345933772624,0.10000000149011612
15.505,1.0,9.890076739237541,0.10000000149011612
15.559,1.0,9.697655676139725,0.10000000149011612
15.612,1.0,9.78022683536013,0.10000000149011612
15.658,1.0,9.917500000012417,0.10000000149011612
15.708,1.0,9.670278211372594,0.10000000149011612
15.759,1.0,9.725792687945068,0.10000000149011612
15.809,1.0,9.945000000008278,0.10000000149011612
15.861,1.0,9.89030086296714,0.10000000149011612
15.909,1.0,9.670259564059476,0.10000000149011612
15.958,1.0,9.560714356394278,0.10000000149011612
16.008,1.0,9.862583266902302,0.10000000149011612
16.057,1.0,9.807638813099928,0.10000000149011612
16.11,1.0,9.752890140459769,0.10000000149011612
16.158,1.0,9.72541812914941,0.10000000149011612
16.208,1.0,9.752777047476007,0.10000000149011612
16.262,1.0,9.752816873830225,0.10000000149011612
16.31,1.0,9.670421435704661,0.10000000149011612
16.358,1.0,9.86266785611709,0.10000000149011612
16.408,1.0,9.697770969072979,0.10000000149011612
16.458,1.0,9.752819100539718,0.10000000149011612
16.51,1.0,9.835198920385706,0.10000000149011612
16.554,1.0,9.862740032167899,0.10000000149011612
16.608,1.0,9.862630329653621,0.10000000149011612
16.66,1.0,9.83516847818262,0.10000000149011612
16.705,1.0,9.780162665723926,0.10000000149011612
16.758,1.0,9.780325319431721,0.10000000149011612
16.81,1.0,9.862804732430313,0.10000000149011612
16.859,1.0,9.862616430802477,0.10000000149011612
16.913,1.0,9.917596061486337,0.10000000149011612
16.963,1.0,9.78021563726167,0.10000000149011612
17.01,1.0,9.780155464220378,0.10000000149011612
17.064,1.0,9.835262693775197,0.10000000149011612
17.111,1.0,9.835297227361137,0.10000000149011612
17.162,1.0,9.890222208408845,0.10000000149011612
17.213,1.0,9.8075646246473,0.10000000149011612
17.271,1.0,9.8352783623048,0.10000000149011612
17.316,1.0,9.698071112814876,0.10000000149011612
17.362,1.0,9.6429191418613,0.10000000149011612
17.415,1.0,9.835429545802375,0.10000000149011612
17.462,1.0,9.945101351104677,0.10000000149011612
17.517,1.0,9.807898116836117,0.10000000149011612
17.561,1.0,9.80777673955179,0.10000000149011612
17.612,1.0,9.835178438160154,0.10000000149011612
17.663,1.0,9.835124000782768,0.10000000149011612
17.719,1.0,9.835288459455802,0.10000000149011612
17.766,1.0,9.890139388831125,0.10000000149011612
17.818,1.0,9.752816872857512,0.10000000149011612
17.866,1.0,9.780132737072806,0.10000000149011612
17.922,1.0,9.725399630703032,0.10000000149011612
17.976,1.0,9.72554524840994,0.10000000149011612
18.017,1.0,9.75272576171491,0.10000000149011612
18.066,1.0,9.780335924339791,0.10000000149011612
18.116,1.0,9.725277377561563,0.10000000149011612
18.171,1.0,9.780376700767212,0.10000000149011612
18.223,1.0,9.780141251948145,0.10000000149011612
18.27,1.0,9.862586674425337,0.10000000149011612
18.32,1.0,9.78022457489537,0.10000000149011612
18.369,1.0,9.725308408981396,0.10000000149011612
18.419,1.0,9.8627049577112,0.10000000149011612
18.477,1.0,9.807791409331063,0.10000000149011612
18.519,1.0,9.890073315406012,0.10000000149011612
18.569,1.0,9.780104215029214,0.10000000149011612
18.62,1.0,9.835206465940509,0.10000000149011612
18.668,1.0,9.725093150366511,0.10000000149011612
18.719,1.0,9.890000000016556,0.10000000149011612
18.769,1.0,9.642717320865227,0.10000000149011612
18.819,1.0,9.69804167933762,0.10000000149011612
18.873,1.0,9.7802013369898,0.10000000149011612
18.919,1.0,9.697672029232812,0.10000000149011612
18.976,1.0,9.91760277642558,0.10000000149011612
19.034,1.0,9.835431907946864,0.10000000149011612
19.071,1.0,9.752766168490052,0.10000000149011612
19.12,1.0,9.835168353799316,0.10000000149011612
19.178,1.0,9.780240833345387,0.10000000149011612
19.235,1.0,9.917662113221983,0.10000000149011612
19.278,1.0,9.780236956228812,0.10000000149011612
19.331,1.0,9.6430123043557,0.10000000149011612
19.382,1.0,9.807816654733486,0.10000000149011612
19.431,1.0,9.890256512537599,0.10000000149011612
19.481,1.0,9.917735619429084,0.11427745223045349
19.547,1.0,9.835114635009733,0.10000000149011612
19.583,1.0,9.862538722157478,0.10000000149011612
19.636,1.0,9.835199956347545,0.10000000149011612
19.687,1.0,9.862611914281215,0.10000000149011612
19.735,1.0,9.807521190163161,0.10000000149011612
19.783,1.0,9.752989231463935,0.10000000149011612
19.837,1.0,9.752697602390414,0.10000000149011612
19.883,1.0,9.835332522975902,0.10000000149011612
19.934,1.0,9.807740416253607,0.10000000149011612
19.984,1.0,9.835205816705194,0.10000000149011612
20.034,1.0,9.83514041463948,0.10000000149011612
20.092,1.0,9.890232977871266,0.10000000149011612
20.142,1.0,9.807656957395375,0.10000000149011612
20.191,1.0,9.862629971073734,0.10000000149011612
20.239,1.0,9.78017950763719,0.10000000149011612
20.295,1.0,9.862607730014457,0.10000000149011612
20.338,1.0,9.835227678240173,0.10000000149011612
20.388,1.0,9.91754261954791,0.10000000149011612
20.44,1.0,9.78038782502214,0.10000000149011612
20.488,1.0,9.890085969223744,0.10000000149011612
20.546,1.0,9.725496487940351,0.10000000149011612
20.589,1.0,9.807720960800847,0.10000000149011612
20.643,1.0,9.890100243087444,0.10000000149011612
20.689,1.0,9.835242937608726,0.10000000149011612
20.746,1.0,9.807783092910217,0.10000000149011612
20.791,1.0,9.83544199363225,0.10000000149011612
20.847,1.0,9.862592269273268,0.10000000149011612
20.897,1.0,9.890130693465471,0.10000000149011612
20.949,1.0,9.807627646128337,0.10000000149011612
20.999,1.0,9.83516859581901,0.10000000149011612
21.059,1.0,9.862736352636583,0.10000000149011612
21.101,1.0,9.86269549926122,0.10000000149011612
21.148,1.0,9.807796882424089,0.10000000149011612
21.199,1.0,9.835424092991484,0.10000000149011612
21.25,1.0,9.75272472155177,0.10000000149011612
21.299,1.0,9.86259519741353,0.10000000149011612
21.35,1.0,9.862862948866354,0.10000000149011612
21.4,1.0,9.807799837531315,0.10000000149011612
21.45,1.0,9.945082490746346,0.10000000149011612
21.501,1.0,9.835230395860142,0.10000000149011612
21.557,1.0,9.890079134516418,0.10000000149011612
21.599,1.0,9.862659032622146,0.10000000149011612
21.664,1.0,9.780194720625877,0.10000000149011612
21.707,1.0,9.862700300891365,0.10000000149011612
21.758,1.0,9.86251196468042,0.10000000149011612
21.811,1.0,9.752822420332167,0.10000000149011612
21.86,1.0,9.835208279970619,0.10000000149011612
21.92,1.0,9.725204142120978,0.10000000149011612
21.966,1.0,9.752696363834872,0.10000000149011612
22.016,1.0,9.835364736471739,0.10000000149011612
22.077,1.0,9.807898651580844,0.10000000149011612
22.114,1.0,9.86274281044801,0.10000000149011612
22.164,1.0,9.725517338141799,0.10000000149011612
22.217,1.0,9.917565430369642,0.10000000149011612
22.266,1.0,9.780271075893607,0.10000000149011612
22.317,1.0,9.835054549305804,0.10000000149011612
22.367,1.0,9.83522386904806,0.10000000149011612
22.416,1.0,9.725393194932904,0.10000000149011612
22.469,1.0,9.835113574936987,0.10000000149011612
22.517,1.0,9.670592033262881,0.10000000149011612
22.566,1.0,9.835346651346319,0.10000000149011612
22.62,1.0,9.780380673892797,0.10000000149011612
22.672,1.0,9.725124589436584,0.10000000149011612
22.717,1.0,9.670577271779377,0.10000000149011612
22.77,1.0,9.780103214871552,0.10000000149011612
22.82,1.0,9.725419729161594,0.10000000149011612
22.867,1.0,9.697903199079963,0.10000000149011612
22.918,1.0,9.862520659466584,0.10000000149011612
22.968,1.0,9.752590579415362,0.10000000149011612
23.019,1.0,9.670233582870829,0.10000000149011612
23.071,1.0,9.89018499735329,0.10000000149011612
23.117,1.0,9.698038510854046,0.10000000149011612
23.167,1.0,9.83529541283432,0.10000000149011612
23.218,1.0,9.945000000008278,0.10000000149011612
23.267,1.0,9.697844301826423,0.10000000149011612
23.316,1.0,9.807649467409485,0.10000000149011612
23.371,1.0,9.780233143125143,0.10000000149011612
23.418,1.0,9.753043703010512,0.10000000149011612
23.47,1.0,9.753309854533937,0.10000000149011612
23.517,1.0,9.780247107665572,0.10000000149011612
23.569,1.0,9.697971343352563,0.10000000149011612
23.623,1.0,9.725541736682256,0.10000000149011612
23.667,1.0,9.835182606677215,0.10000000149011612
23.717,1.0,9.780240639174979,0.10000000149011612
23.767,1.0,9.835155557096005,0.10000000149011612
23.819,1.0,9.67042095772922,0.10000000149011612
23.868,1.0,9.917686181556848,0.10763200372457504
23.917,1.0,9.752795543087025,0.10000000149011612
23.967,1.0,9.835358554290401,0.10000000149011612
24.018,1.0,9.752623594096965,0.10000000149011612
24.077,1.0,9.697942548597025,0.10000000149011612
24.122,1.0,9.780247185669012,0.10000000149011612
24.173,1.0,9.83512309005277,0.10000000149011612
24.223,1.0,9.697943903112577,0.10000000149011612
24.273,1.0,9.835084139017596,0.10000000149011612
24.322,1.0,9.752973785603212,0.10000000149011612
24.374,1.0,9.78019304389341,0.10000000149011612
24.423,1.0,9.752942791125841,0.10000000149011612
24.476,1.0,9.917593391487996,0.10000000149011612
24.522,1.0,9.725275601343148,0.10000000149011612
24.573,1.0,9.807695659684638,0.10000000149011612
24.623,1.0,9.670216713286937,0.10000000149011612
24.677,1.0,9.89011571003745,0.10000000149011612
24.724,1.0,9.752877578946451,0.10000000149011612
24.773,1.0,9.890197883753313,0.10000000149011612
24.831,1.0,9.752742992300126,0.10000000149011612
24.879,1.0,9.80756155749162,0.10000000149011612
24.928,1.0,9.807657364259164,0.10000000149011612
24.985,1.0,9.862536304754515,0.10000000149011612
25.036,1.0,9.86257454223103,0.10000000149011612
25.085,1.0,9.725537285974456,0.10000000149011612
25.135,1.0,9.835220652094318,0.10000000149011612
25.187,1.0,9.807639925864835,0.10000000149011612
25.237,1.0,9.835185802872811,0.10000000149011612
25.286,1.0,9.780166190904048,0.10000000149011612
25.337,1.0,9.890100170816812,0.10000000149011612
25.388,1.0,9.642838626893031,0.10000000149011612
25.437,1.0,9.862704830223487,0.10000000149011612
25.486,1.0,9.807743706906008,0.10000000149011612
25.546,1.0,9.862718275313576,0.10000000149011612
25.592,1.0,9.835148345927397,0.10000000149011612
25.651,1.0,9.862811674301822,0.10000000149011612
25.701999999999998,1.0,9.697886464248102,0.10000000149011612
25.746,1.0,9.752931599339677,0.10000000149011612
25.796,1.0,9.780160268996324,0.10000000149011612
25.851,1.0,9.917558321543037,0.10000000149011612
25.897,1.0,9.78030906089892,0.10000000149011612
25.947,1.0,9.89027565214783,0.10610523819923401
25.994,1.0,9.835224044322967,0.10000000149011612
26.046,1.0,9.862750234372086,0.10000000149011612
26.099,1.0,9.780197155972322,0.10000000149011612
26.146,1.0,9.72526284781181,0.10000000149011612
26.203,1.0,9.780264732965993,0.10000000149011612
26.248,1.0,9.917596265942686,0.10000000149011612
26.301,1.0,9.698069435647792,0.10000000149011612
26.348,1.0,9.917697679354912,0.10000000149011612
26.398,1.0,9.862698929881056,0.10000000149011612
26.443,1.0,9.780428306592835,0.10000000149011612
26.503,1.0,9.615863408996827,0.10000000149011612
26.55,1.0,9.862509313929412,0.10000000149011612
26.602,1.0,9.75290933975743,0.10000000149011612
26.652,1.0,9.7802236109972,0.10000000149011612
26.7,1.0,9.67034728595366,0.10000000149011612
26.75,1.0,9.835346429857115,0.10000000149011612
26.802,1.0,9.752538632415234,0.10000000149011612
26.856,1.0,9.83532272691114,0.10000000149011612
26.902,1.0,9.835357443553706,0.10000000149011612
26.951,1.0,9.86256352286372,0.10000000149011612
27.001,1.0,9.89002294300331,0.10000000149011612
27.051,1.0,9.780095159345203,0.10000000149011612
27.105,1.0,9.835116954458256,0.10000000149011612
27.158,1.0,9.917552801263001,0.10000000149011612
27.201,1.0,9.670242173245384,0.10000000149011612
27.251,1.0,9.7803398385437,0.10000000149011612
27.303,1.0,9.835276471968326,0.10000000149011612
27.351,1.0,9.86278828792274,0.10000000149011612
27.401,1.0,9.642945199459792,0.10000000149011612
27.453,1.0,9.752899424400594,0.10000000149011612
27.501,1.0,9.75256505691343,0.10000000149011612
27.551,1.0,9.807653237320483,0.10000000149011612
27.603,1.0,9.807655073847208,0.10000000149011612
27.654,1.0,9.752732679765257,0.10000000149011612
27.709,1.0,9.780318285855982,0.10000000149011612
27.752,1.0,9.780322582233284,0.10000000149011612
27.802,1.0,9.69801301324947,0.10000000149011612
27.853,1.0,9.780265640467405,0.10000000149011612
27.914,1.0,9.697861997203695,0.10000000149011612
27.951999999999998,1.0,9.862732388907009,0.10000000149011612
28.002,1.0,9.780148721527722,0.10000000149011612
28.056,1.0,9.807708168298834,0.10000000149011612
28.112,1.0,9.780257753531139,0.10000000149011612
28.151,1.0,9.91772707115031,0.11373405158519745
28.201,1.0,9.835294415098097,0.10000000149011612
28.255,1.0,9.807702804543078,0.10000000149011612
28.306,1.0,9.780373817640875,0.10000000149011612
28.362,1.0,9.835445429053571,0.10122136771678925
28.405,1.0,9.780083023880918,0.10000000149011612
28.456,1.0,9.835024757310748,0.10000000149011612
28.505,1.0,9.835211874503228,0.10000000149011612
28.555,1.0,9.725464608561662,0.10000000149011612
28.605,1.0,9.752736281665664,0.10000000149011612
28.66,1.0,9.917500000012417,0.10000000149011612
28.7,1.0,9.835232106492752,0.10000000149011612
28.756,1.0,9.670486985747186,0.10000000149011612
28.806,1.0,9.835367778336837,0.10000000149011612
28.856,1.0,9.780282462491757,0.10000000149011612
28.909,1.0,9.807693904452027,0.10000000149011612
28.955,1.0,9.835044053052034,0.10000000149011612
29.005,1.0,9.725531394510634,0.10000000149011612
29.058,1.0,9.752785122580827,0.10000000149011612
29.119,1.0,9.807827252397935,0.10000000149011612
29.161,1.0,9.890001596531107,0.10000000149011612
29.207,1.0,9.725479078561895,0.10000000149011612
29.257,1.0,9.890101829729975,0.10000000149011612
29.315,1.0,9.752825232636598,0.10000000149011612
29.361,1.0,9.807679427642789,0.10000000149011612
29.407,1.0,9.86285982719726,0.10000000149011612
29.458,1.0,9.780492369313206,0.10000000149011612
29.507,1.0,9.835337671947975,0.10000000149011612
29.56,1.0,9.862571378197106,0.10000000149011612
29.609,1.0,9.725452987353007,0.10000000149011612
29.662,1.0,9.752962930107282,0.10000000149011612
29.708,1.0,9.862689594758882,0.10000000149011612
29.755,1.0,9.78024110785789,0.10000000149011612
29.812,1.0,9.725320123322309,0.10000000149011612
29.861,1.0,9.697913467718495,0.10000000149011612
29.922,1.0,9.80757695560654,0.10000000149011612
29.971,1.0,9.807822412086857,0.10000000149011612
30.01,1.0,9.807714018825855,0.10000000149011612
30.067,1.0,9.807756235553986,0.10000000149011612
30.11,1.0,9.890000000016556,0.10000000149011612
30.164,1.0,9.890210786420438,0.10000000149011612
30.212,1.0,9.780378968744643,0.10000000149011612
30.261,1.0,9.780197541829612,0.10000000149011612
30.31,1.0,9.862629158960448,0.10000000149011612
30.359,1.0,9.75288468102614,0.10000000149011612
30.41,1.0,9.752738255821168,0.10000000149011612
30.46,1.0,9.86278609149158,0.10000000149011612
30.517,1.0,9.917595980337097,0.10000000149011612
30.569,1.0,9.835337713422875,0.10000000149011612
30.61,1.0,9.780210263095796,0.10000000149011612
30.659,1.0,9.725314594763848,0.10000000149011612
30.711,1.0,9.670263434677489,0.10000000149011612
30.757,1.0,9.752900985069573,0.10000000149011612
30.802,1.0,9.725387330498133,0.10000000149011612
30.861,1.0,9.753195583282245,0.10000000149011612
30.914,1.0,9.643094588650598,0.10000000149011612
30.961,1.0,9.917578415303595,0.10000000149011612
31.02,1.0,9.80785523292919,0.10000000149011612
31.063,1.0,9.725343232332833,0.10000000149011612
31.119,1.0,9.752857466083434,0.10000000149011612
31.163,1.0,9.780206272875269,0.10000000149011612
31.217,1.0,9.917581365505855,0.10000000149011612
31.263,1.0,9.75269583320866,0.10000000149011612
31.317,1.0,9.807714693020616,0.10000000149011612
31.378,1.0,9.780060630747014,0.10000000149011612
31.416,1.0,9.862648981871704,0.10000000149011612
31.474,1.0,9.780369907017384,0.10000000149011612
31.516,1.0,9.945000000008278,0.10000000149011612
31.566,1.0,9.753093181923031,0.10000000149011612
31.622,1.0,9.83523442770044,0.10000000149011612
31.671,1.0,9.752772025763988,0.10000000149011612
31.724,1.0,9.917631432289879,0.10000000149011612
31.77,1.0,9.670216358018418,0.10000000149011612
31.82,1.0,9.862500000020695,0.10000000149011612
31.87,1.0,9.89008531531112,0.10000000149011612
31.918,1.0,9.862513297816946,0.10000000149011612
31.972,1.0,9.917500000012417,0.10000000149011612
32.031,1.0,9.615708519414895,0.10000000149011612
32.071,1.0,9.670293325785961,0.10000000149011612
32.125,1.0,9.862725919050474,0.10000000149011612
32.173,1.0,9.780455954890284,0.10000000149011612
32.222,1.0,9.780204562904935,0.10000000149011612
32.272,1.0,9.917646603617403,0.10871615260839462
32.323,1.0,9.725099984618526,0.10000000149011612
32.374,1.0,9.752754025078483,0.10000000149011612
32.424,1.0,9.83519213973648,0.10000000149011612
32.48,1.0,9.780239372017483,0.10000000149011612
32.523,1.0,9.807765121075015,0.10000000149011612
32.577,1.0,9.807757928863996,0.10000000149011612
32.623,1.0,9.835232511328327,0.10000000149011612
32.674,1.0,9.86269462412844,0.10000000149011612
32.726,1.0,9.780476766741938,0.10000000149011612
32.778,1.0,9.75306134155641,0.10000000149011612
32.823,1.0,9.587809745553468,0.10000000149011612
32.876,1.0,9.890024194349017,0.10000000149011612
32.924,1.0,9.862651295815077,0.10000000149011612
32.974,1.0,9.835438911037313,0.10000000149011612
33.025,1.0,9.835358975144723,0.10000000149011612
33.075,1.0,9.78036749244978,0.10000000149011612
33.13,1.0,10.0,10.0
33.172,1.0,9.560501187667251,0.10000000149011612
33.222,1.0,9.725558234896097,0.10000000149011612
33.276,1.0,9.835032836534083,0.10000000149011612
33.331,1.0,9.835183786476652,0.10000000149011612
33.38,1.0,9.862765702522463,0.10000000149011612
33.425,1.0,9.72544417037732,0.10000000149011612
33.475,1.0,9.698070130331649,0.10000000149011612
33.527,1.0,9.917622486294972,0.10000000149011612
33.579,1.0,9.917578227859405,0.10000000149011612
33.626,1.0,9.835207182168961,0.10000000149011612
33.677,1.0,9.862835927411085,0.10000000149011612
33.727,1.0,9.835220840242174,0.10000000149011612
33.776,1.0,9.725197301929196,0.10000000149011612
33.83,1.0,9.697865959919161,0.10000000149011612
33.883,1.0,9.752972513313095,0.10000000149011612
33.929,1.0,9.807777572588789,0.10000000149011612
33.98,1.0,9.83532188102189,0.10000000149011612
34.03,1.0,9.752699668374326,0.10000000149011612
34.081,1.0,9.725348411127925,0.10000000149011612
34.13,1.0,9.917707513107194,0.1007067859172821
34.18,1.0,9.890237268184622,0.10000000149011612
34.239,1.0,9.917626334230105,0.10000000149011612
34.282,1.0,9.80761731583625,0.10000000149011612
34.33,1.0,9.697887243082127,0.10000000149011612
34.38,1.0,9.698106578778889,0.10000000149011612
34.434,1.0,9.807692638619079,0.10000000149011612
34.483,1.0,9.807622881689005,0.10000000149011612
34.53,1.0,9.890046330355108,0.10000000149011612
34.579,1.0,9.725537095343073,0.10000000149011612
34.635,1.0,9.643085126475327,0.10000000149011612
34.685,1.0,9.917567639384005,0.10000000149011612
34.735,1.0,9.7802585368976,0.10000000149011612
34.783,1.0,9.78025569808152,0.10000000149011612
34.835,1.0,9.890108451454175,0.10000000149011612
34.892,1.0,9.807697790695562,0.10000000149011612
34.936,1.0,9.697925965094733,0.10000000149011612
34.986,1.0,9.807810985048611,0.10000000149011612
35.036,1.0,9.752721757979856,0.10000000149011612
35.088,1.0,9.807605781054331,0.10000000149011612
35.135,1.0,9.862780563264257,0.10000000149011612
35.188,1.0,9.835149931969742,0.10000000149011612
35.236,1.0,9.917893737637334,0.14555710554122925
35.288,1.0,9.80785546215872,0.10000000149011612
35.339,1.0,9.86287163723674,0.10000000149011612
35.401,1.0,9.945000000008278,0.10000000149011612
35.436,1.0,9.862549755308363,0.10000000149011612
35.49,1.0,9.780456029996277,0.10000000149011612
35.539,1.0,9.780311470168332,0.10000000149011612
35.591,1.0,9.725472421240475,0.10000000149011612
35.642,1.0,9.890078339042763,0.10000000149011612
35.688,1.0,9.78018920150482,0.10000000149011612
35.739,1.0,9.752857734138766,0.10000000149011612
35.793,1.0,9.890244643038345,0.10219169408082962
35.839,1.0,9.91762855367528,0.10000000149011612
35.89,1.0,9.64301273903499,0.10000000149011612
35.942,1.0,9.862696745018992,0.10000000149011612
35.986,1.0,9.725774283355308,0.10000000149011612
36.045,1.0,9.807604825041361,0.10000000149011612
36.09,1.0,9.642812065304154,0.10000000149011612
36.141,1.0,9.69787339448101,0.10000000149011612
36.191,1.0,9.890135120641855,0.10000000149011612
36.241,1.0,9.78007611942788,0.10000000149011612
36.289,1.0,9.807622217262784,0.10000000149011612
36.34,1.0,9.807979810486238,0.10000000149011612
36.397,1.0,9.752622360239426,0.10000000149011612
36.44,1.0,9.835170260113147,0.10000000149011612
36.491,1.0,9.780069219258925,0.10000000149011612
36.543,1.0,9.835192756810121,0.10000000149011612
36.59,1.0,9.780536103517646,0.10000000149011612
36.64,1.0,9.890034117177128,0.10000000149011612
36.692,1.0,9.80771837313142,0.10000000149011612
36.743,1.0,9.780281060271793,0.10000000149011612
36.792,1.0,9.780104299655392,0.10000000149011612
36.853,1.0,9.862541050526003,0.10000000149011612
36.893,1.0,9.835134091455902,0.10000000149011612
36.944,1.0,9.835225241093172,0.10000000149011612
36.998,1.0,9.80779487412009,0.10000000149011612
37.049,1.0,9.917557509553928,0.10000000149011612
37.092,1.0,9.6703774055673,0.10000000149011612
37.145,1.0,9.8625376139664,0.10000000149011612
37.198,1.0,9.8627379146715,0.10000000149011612
37.252,1.0,9.835353870586388,0.10000000149011612
37.297,1.0,9.83519697121034,0.10000000149011612
37.345,1.0,9.835162679312958,0.10000000149011612
37.403,1.0,9.725453172727592,0.10000000149011612
37.444,1.0,9.835000000024836,0.10000000149011612
37.496,1.0,9.807891532633867,0.10000000149011612
37.547,1.0,9.835131332050596,0.10000000149011612
37.601,1.0,9.75283738411963,0.10000000149011612
37.645,1.0,9.780215697797637,0.10000000149011612
37.696,1.0,9.642693016760878,0.10000000149011612
37.745,1.0,9.807626383399798,0.10000000149011612
37.796,1.0,9.807747610347967,0.10000000149011612
37.845,1.0,9.917745301437874,0.10000000149011612
37.895,1.0,9.807673535909917,0.10000000149011612
37.952,1.0,9.835253254572551,0.10000000149011612
37.994,1.0,9.862694322876632,0.10000000149011612
38.046,1.0,9.725406839636465,0.10000000149011612
38.105,1.0,9.780345114920703,0.10000000149011612
38.15,1.0,9.725517359541522,0.10000000149011612
38.213,1.0,9.89021501098242,0.10000000149011612
38.25,1.0,9.752615734852023,0.10000000149011612
38.302,1.0,9.862607916899853,0.10000000149011612
38.349,1.0,9.890208413410518,0.10000000149011612
38.401,1.0,9.890070406161248,0.10000000149011612
38.457,1.0,9.75289901567416,0.10000000149011612
38.509,1.0,9.80769640635699,0.10000000149011612
38.553,1.0,9.807666691268484,0.10000000149011612
38.605,1.0,9.862629506799083,0.10000000149011612
38.657,1.0,9.725567225863536,0.10000000149011612
38.706,1.0,9.835304321121011,0.10000000149011612
38.76,1.0,9.835227701937159,0.10000000149011612
38.811,1.0,9.835070997559361,0.10000000149011612
38.857,1.0,9.835281028639939,0.10000000149011612
38.916,1.0,9.890015762464868,0.10000000149011612
38.962,1.0,9.725102979441484,0.10000000149011612
39.013,1.0,9.917746351886954,0.10000000149011612
39.059,1.0,9.890368173623251,0.10000000149011612
39.111,1.0,9.780586729384959,0.10000000149011612
39.165,1.0,9.752589597987631,0.10000000149011612
39.221,1.0,9.72536180574033,0.10000000149011612
39.262,1.0,9.780355372900765,0.10000000149011612
39.313,1.0,9.725280143651698,0.10000000149011612
39.363,1.0,9.75272228523261,0.10000000149011612
39.419,1.0,9.807517570981549,0.10000000149011612
39.464,1.0,9.807659359441864,0.10000000149011612
39.517,1.0,9.725070909369324,0.10000000149011612
39.567,1.0,9.697843978967931,0.10000000149011612
39.616,1.0,9.670539210757447,0.10000000149011612
39.679,1.0,9.83514961273306,0.10000000149011612
39.716,1.0,9.807601561273138,0.10000000149011612
39.773,1.0,9.615596739326914,0.10000000149011612
39.817,1.0,9.64288148375021,0.10000000149011612
39.868,1.0,9.8353433833561,0.10000000149011612
39.908,1.0,9.80765261610763,0.10000000149011612
39.968,1.0,9.752825763449072,0.10000000149011612
40.017,1.0,9.752818505300416,0.10000000149011612
40.077,1.0,9.752855802058345,0.10000000149011612
40.117,1.0,9.890013601361877,0.10000000149011612
40.17,1.0,9.725185350307989,0.10000000149011612
40.226,1.0,9.917565251886845,0.10000000149011612
40.271,1.0,9.862827753668858,0.10000000149011612
40.318,1.0,9.780189393005438,0.10000000149011612
40.368,1.0,9.752651352166302,0.10000000149011612
40.421,1.0,9.890062958995502,0.10000000149011612
40.469,1.0,9.862641443208688,0.10000000149011612
40.518,1.0,9.725478305729727,0.10000000149011612
40.571,1.0,9.780453358321553,0.10000000149011612
40.617,1.0,9.725475017540157,0.10000000149011612
40.667,1.0,9.72532219214158,0.10000000149011612
40.722,1.0,9.80780202044795,0.10000000149011612
40.767,1.0,9.835168452560902,0.10000000149011612
40.817,1.0,9.780446051226722,0.10000000149011612
40.877,1.0,9.835258941662808,0.10000000149011612
40.919,1.0,9.917638134314782,0.10539297014474869
40.972,1.0,9.587784904386435,0.10000000149011612
41.021,1.0,9.835479435779982,0.10000000149011612
41.07,1.0,9.807805998809636,0.10000000149011612
41.118,1.0,9.698009989286463,0.10000000149011612
41.168,1.0,9.69796517946654,0.10000000149011612
41.221,1.0,9.725165158282552,0.10000000149011612
41.263,1.0,9.670333390889896,0.10000000149011612
41.322,1.0,9.80779091235664,0.10000000149011612
41.37,1.0,9.780227692321771,0.10000000149011612
41.42,1.0,9.75269605409768,0.10000000149011612
41.469,1.0,9.835454503529602,0.10000000149011612
41.52,1.0,9.835262788273393,0.10000000149011612
41.568,1.0,9.752954785339535,0.10000000149011612
41.618,1.0,9.780041878918807,0.10000000149011612
41.68,1.0,9.807642074074183,0.10000000149011612
41.728,1.0,9.780099549993045,0.10000000149011612
41.776,1.0,9.780241662305261,0.10000000149011612
41.828,1.0,9.917500000012417,0.10000000149011612
41.881,1.0,9.697842305815882,0.10000000149011612
41.927,1.0,9.698003999040358,0.10000000149011612
41.977,1.0,9.835132962072061,0.10000000149011612
42.027,1.0,9.75292905933327,0.10000000149011612
42.083,1.0,9.835244379813473,0.10000000149011612
42.131,1.0,9.890037730501758,0.10000000149011612
42.177,1.0,9.75267232372943,0.10000000149011612
42.235,1.0,9.890088069666591,0.10000000149011612
42.277,1.0,9.752589764259756,0.10000000149011612
42.327,1.0,9.8626296841229,0.10000000149011612
42.377,1.0,9.80779430396441,0.10000000149011612
42.428,1.0,9.807717296998534,0.10000000149011612
42.482,1.0,9.86269364717106,0.10000000149011612
42.538,1.0,9.807715816899305,0.10000000149011612
42.58,1.0,9.752774381306436,0.10000000149011612
42.629,1.0,9.8628008077542,0.10000000149011612
42.677,1.0,9.862947905912167,0.10000000149011612
42.729,1.0,9.8352268818145,0.10000000149011612
42.777,1.0,9.780099130173523,0.10000000149011612
42.829,1.0,9.697698741075065,0.10000000149011612
42.88,1.0,9.862571763371427,0.10000000149011612
42.936,1.0,9.752849724433489,0.10000000149011612
42.977,1.0,9.752761237530244,0.10000000149011612
43.031,1.0,9.890143872590528,0.10000000149011612
43.08,1.0,9.917505447939039,0.10000000149011612
43.13,1.0,9.890000000016556,0.10000000149011612
43.184,1.0,9.835202256921265,0.10000000149011612
43.236,1.0,9.697709939359791,0.10000000149011612
43.28,1.0,9.807719332642025,0.10000000149011612
43.333,1.0,9.780455106020801,0.10000000149011612
43.386,1.0,9.753123264325161,0.10000000149011612
43.431,1.0,9.807761504480409,0.10000000149011612
43.481,1.0,9.670246830706795,0.10000000149011612
43.533,1.0,9.835040992022389,0.10000000149011612
43.59,1.0,9.697807896364894,0.10000000149011612
43.633,1.0,9.725375449967881,0.10000000149011612
43.681,1.0,9.75287584732804,0.10000000149011612
43.734,1.0,9.78024108906587,0.10000000149011612
43.784,1.0,9.752820094240208,0.10000000149011612
43.838,1.0,9.780364582149518,0.10000000149011612
43.884,1.0,9.807884371673895,0.10000000149011612
43.935,1.0,9.835278682224452,0.10000000149011612
43.984,1.0,9.890110533084307,0.10000000149011612
44.036,1.0,9.890070221469633,0.10000000149011612
44.087,1.0,9.807819054524105,0.10000000149011612
44.137,1.0,9.972514828149643,0.10533813387155533
44.184,1.0,9.835224628117349,0.10000000149011612
44.238,1.0,9.862668749317526,0.10000000149011612
44.287,1.0,9.835253072819777,0.10000000149011612
44.334,1.0,9.697593145444989,0.10000000149011612
44.383,1.0,9.862719392010735,0.10000000149011612
44.434,1.0,9.780253506100012,0.10000000149011612
44.484,1.0,9.807660198873943,0.10000000149011612
44.535,1.0,9.752806254269348,0.10000000149011612
44.585,1.0,9.835300769574113,0.10000000149011612
44.643,1.0,9.862558378941483,0.10000000149011612
44.686,1.0,9.83516413366629,0.10000000149011612
44.738,1.0,9.945000000008278,0.10000000149011612
44.785,1.0,9.807574310609036,0.10000000149011612
44.842,1.0,9.780174846905801,0.10000000149011612
44.885,1.0,9.725205424365898,0.10000000149011612
44.937,1.0,9.752807267465526,0.10000000149011612
44.992,1.0,9.725206190844377,0.10000000149011612
45.039,1.0,9.75268447794434,0.10000000149011612
45.092,1.0,9.83506075239016,0.10000000149011612
45.147,1.0,9.89022932710747,0.10000000149011612
45.192,1.0,9.698240452321867,0.10000000149011612
45.243,1.0,9.697753458780547,0.10000000149011612
45.298,1.0,9.917618755354649,0.10000000149011612
45.344,1.0,9.89003333857076,0.10000000149011612
45.394,1.0,9.835199173188045,0.10000000149011612
45.448,1.0,9.890074391497507,0.10000000149011612
45.499,1.0,9.698000014883776,0.10000000149011612
45.552,1.0,9.78006215016875,0.10000000149011612
45.6,1.0,9.890067936935358,0.10000000149011612
45.65,1.0,9.835107548866008,0.10000000149011612
45.695,1.0,9.752825416127841,0.10000000149011612
45.751,1.0,9.780397231442233,0.10000000149011612
45.805,1.0,9.862565386957593,0.10000000149011612
45.854,1.0,9.670537567428417,0.10000000149011612
45.904,1.0,9.7805083638678,0.10000000149011612
45.954,1.0,9.862723300668101,0.10000000149011612
46.005,1.0,9.835100562021964,0.10000000149011612
46.063,1.0,9.725143619481887,0.10000000149011612
46.105,1.0,9.780130101388528,0.10000000149011612
46.155,1.0,9.835161457438435,0.10000000149011612
46.206,1.0,9.697881707900928,0.10000000149011612
46.261,1.0,9.917544729324678,0.10000000149011612
46.31,1.0,9.807736738688416,0.10000000149011612
46.356,1.0,9.780342974203329,0.10000000149011612
46.412,1.0,9.780342842990326,0.10000000149011612
46.465,1.0,9.835108644618757,0.10000000149011612
46.503,1.0,9.862604434601963,0.10000000149011612
46.558,1.0,9.753089394730827,0.10000000149011612
46.607,1.0,9.835203229035768,0.10000000149011612
46.659,1.0,9.670325348443455,0.10000000149011612
46.707,1.0,9.78026028805309,0.10000000149011612
46.757,1.0,9.917500000012417,0.10000000149011612
46.81,1.0,9.780241240561008,0.10000000149011612
46.861,1.0,9.807715230331652,0.10000000149011612
46.908,1.0,9.862641696362859,0.10000000149011612
46.958,1.0,9.835195973018806,0.10000000149011612
47.009,1.0,9.862839449652368,0.10000000149011612
47.061,1.0,9.835323193131222,0.10000000149011612
47.112,1.0,9.835276997254955,0.10000000149011612
47.16,1.0,9.725264136493205,0.10000000149011612
47.211,1.0,9.862784915210472,0.10000000149011612
47.262,1.0,9.862853533257212,0.10000000149011612
47.31,1.0,9.835215830078555,0.10000000149011612
47.359,1.0,9.890052600370513,0.10000000149011612
47.414,1.0,9.917709975648258,0.11139379441738129
47.46,1.0,9.91759889084432,0.10000000149011612
47.51,1.0,9.862573977973726,0.10000000149011612
47.567,1.0,9.83525324507306,0.10000000149011612
47.606,1.0,9.808112960163918,0.10000000149011612
47.663,1.0,9.8901116102313,0.10000000149011612
47.712,1.0,9.753063079197373,0.10000000149011612
47.762,1.0,9.725284794800812,0.10000000149011612
47.811,1.0,9.835089964481691,0.10000000149011612
47.866,1.0,9.835158658876187,0.10000000149011612
47.911,1.0,9.807728142518965,0.10000000149011612
47.961,1.0,9.86271835408277,0.10000000149011612
48.015,1.0,9.780226448240379,0.10000000149011612
48.061,1.0,9.725394302130573,0.10000000149011612
48.113,1.0,9.670396617841389,0.10000000149011612
48.162,1.0,9.890179785175455,0.10000000149011612
48.218,1.0,9.862659932072791,0.10000000149011612
48.26,1.0,9.752629513748818,0.10000000149011612
48.316,1.0,9.72525652680132,0.10000000149011612
48.362,1.0,9.835439807404246,0.10000000149011612
48.414,1.0,9.86268019568589,0.10000000149011612
48.464,1.0,9.86283430825505,0.10000000149011612
48.513,1.0,9.89018133704861,0.10000000149011612
48.564,1.0,9.835195697740549,0.10000000149011612
48.616,1.0,9.91762871613933,0.10000000149011612
48.663,1.0,9.780310039180849,0.10000000149011612
48.714,1.0,9.7528964476039,0.10000000149011612
48.764,1.0,9.752827499248088,0.10000000149011612
48.813,1.0,9.835235189129081,0.10000000149011612
48.863,1.0,9.862784798629582,0.10000000149011612
48.919,1.0,9.697798491414222,0.10000000149011612
48.971,1.0,9.945000000008278,0.10000000149011612
49.021,1.0,9.9175933904118,0.10000000149011612
49.075,1.0,9.862628438447912,0.10000000149011612
49.12,1.0,9.835120535331468,0.10000000149011612
49.173,1.0,9.725210860123237,0.10000000149011612
49.22,1.0,9.67051770211094,0.10000000149011612
49.27,1.0,9.862518243139817,0.10000000149011612
49.32,1.0,9.75286147263315,0.10000000149011612
49.37,1.0,9.862670838750072,0.10000000149011612
49.422,1.0,9.67046677145279,0.10000000149011612
49.471,1.0,9.752614637981686,0.10000000149011612
49.522,1.0,9.86255790669885,0.10000000149011612
49.575,1.0,9.807639351445768,0.10000000149011612
49.624,1.0,9.780435776834686,0.10000000149011612
49.671,1.0,9.835297899631163,0.10000000149011612
49.727,1.0,9.862694863995744,0.10772517323493958
49.778,1.0,9.780197406125565,0.10000000149011612
49.827,1.0,9.80771659043514,0.10000000149011612
49.875,1.0,9.862714210980469,0.10000000149011612
49.921,1.0,9.807727500237524,0.10000000149011612
49.972,1.0,9.86261734024932,0.10000000149011612
50.019,1.0,9.835206723999645,0.10000000149011612
50.075,1.0,9.69787051073379,0.10000000149011612
50.124,1.0,9.835281285188264,0.10000000149011612
50.173,1.0,9.807672407622967,0.10000000149011612
50.222,1.0,9.945000000008278,0.10000000149011612
50.275,1.0,9.725234584841463,0.10000000149011612
50.32,1.0,9.917623229883612,0.10000000149011612
50.373,1.0,9.835227178823617,0.10000000149011612
50.435,1.0,9.697985209421152,0.10000000149011612
50.477,1.0,9.697690595624348,0.10000000149011612
50.525,1.0,9.807983257414566,0.10000000149011612
50.578,1.0,9.69776602205303,0.10000000149011612
50.627,1.0,9.780586858673228,0.10000000149011612
50.677,1.0,9.642809227998885,0.10000000149011612
50.724,1.0,9.725197319665718,0.10000000149011612
50.776,1.0,9.752791880919702,0.10000000149011612
50.828,1.0,9.91756367670993,0.10000000149011612
50.872,1.0,9.807671477542156,0.10000000149011612
50.927,1.0,9.725425957971149,0.10000000149011612
50.98,1.0,9.807631840246419,0.10000000149011612
51.026,1.0,9.643177304789424,0.10000000149011612
51.077,1.0,9.72561947390851,0.10000000149011612
51.135,1.0,9.890162149940927,0.10000000149011612
51.177,1.0,9.80755400630749,0.10000000149011612
51.231,1.0,9.725259325777492,0.10000000149011612
51.276,1.0,9.890039863685766,0.10000000149011612
51.326,1.0,9.807635482773184,0.10000000149011612
51.379,1.0,9.753014912911587,0.10000000149011612
51.428,1.0,9.807845898427898,0.10000000149011612
51.476,1.0,9.890074029440681,0.10000000149011612
51.535,1.0,9.780111454986036,0.10000000149011612
51.577,1.0,9.91756029708518,0.10000000149011612
51.63,1.0,9.890106531149812,0.10000000149011612
51.678,1.0,9.80759922294981,0.10000000149011612
51.726,1.0,9.698053900193838,0.10000000149011612
51.776,1.0,9.697787062803076,0.10000000149011612
51.826,1.0,9.697676149341795,0.10000000149011612
51.875,1.0,9.890120177612536,0.10000000149011612
51.922,1.0,9.697921998964416,0.10000000149011612
51.976,1.0,9.642894527626535,0.10000000149011612
52.026,1.0,9.808029079933961,0.10000000149011612
52.078,1.0,9.890154767408967,0.10000000149011612
52.124,1.0,9.752750759012997,0.10000000149011612
52.175,1.0,9.697972807163994,0.10000000149011612
52.237,1.0,9.83535459627294,0.10000000149011612
52.276,1.0,9.862711520844863,0.10000000149011612
52.328,1.0,9.862554014743202,0.10000000149011612
52.38,1.0,9.835148810967803,0.10000000149011612
52.427,1.0,9.835158388627072,0.10000000149011612
52.478,1.0,9.945033486249546,0.10504566878080368
52.528,1.0,9.725386325911515,0.10000000149011612
52.578,1.0,9.917586540430785,0.10000000149011612
52.628,1.0,9.780136181703872,0.10000000149011612
52.681,1.0,9.807744056131277,0.10000000149011612
52.728,1.0,9.862651027821832,0.10000000149011612
52.778,1.0,9.725621490863462,0.10000000149011612
52.822,1.0,9.835274480655789,0.10000000149011612
52.879,1.0,9.862500000020695,0.10000000149011612
52.933,1.0,9.725244421325623,0.10000000149011612
52.979,1.0,9.862700810179943,0.10000000149011612
53.04,1.0,9.862882306095626,0.10000000149011612
53.078,1.0,9.862630763153236,0.10000000149011612
53.13,1.0,9.890190955292848,0.10000000149011612
53.184,1.0,9.862574852216575,0.10000000149011612
53.24,1.0,9.945056266606683,0.10000000149011612
53.284,1.0,9.780146626093321,0.10000000149011612
53.333,1.0,9.725415720852713,0.10000000149011612
53.384,1.0,9.780227682160007,0.10000000149011612
53.434,1.0,9.725394849748247,0.10000000149011612
53.487,1.0,9.725422233218948,0.10000000149011612
53.533,1.0,9.78027645918644,0.10000000149011612
53.584,1.0,9.807830734654432,0.10000000149011612
53.639,1.0,9.670338750485744,0.10000000149011612
53.683,1.0,9.780361049808562,0.10000000149011612
53.735,1.0,9.67034854741974,0.10000000149011612
53.785,1.0,9.72515064055721,0.10000000149011612
53.835,1.0,9.807900059657792,0.10000000149011612
53.884,1.0,9.807717252626187,0.10000000149011612
53.936,1.0,9.835050263607668,0.10000000149011612
53.983,1.0,9.890000000016556,0.10000000149011612
54.036,1.0,9.643049740108351,0.10000000149011612
54.089,1.0,9.698016268987622,0.10000000149011612
54.133,1.0,9.780425481249889,0.10000000149011612
54.188,1.0,9.780202380298741,0.10000000149011612
54.243,1.0,9.890096187322504,0.10000000149011612
54.291,1.0,9.78034109580848,0.10000000149011612
54.35,1.0,9.780260768574145,0.10000000149011612
54.391,1.0,9.835284833134049,0.10000000149011612
54.443,1.0,9.83503681835201,0.10000000149011612
54.494,1.0,9.862693250034418,0.10000000149011612
54.539,1.0,9.945078472896583,0.10000000149011612
54.59,1.0,9.780033123224145,0.10000000149011612
54.657,1.0,9.780153364688157,0.10000000149011612
54.689,1.0,9.752727280350195,0.10000000149011612
54.74,1.0,9.69777207122081,0.10000000149011612
54.79,1.0,9.780231442530122,0.10000000149011612
54.837,1.0,9.72525584426605,0.10000000149011612
54.888,1.0,9.835168959593608,0.10000000149011612
54.939,1.0,9.698061786881752,0.10000000149011612
54.989,1.0,9.917568696931832,0.10000000149011612
55.047,1.0,9.945112070586118,0.10000000149011612
55.09,1.0,9.94507163591269,0.10000000149011612
55.14,1.0,9.752659012480743,0.10000000149011612
55.189,1.0,9.780369885203738,0.10000000149011612
55.242,1.0,9.945092969822387,0.10852565616369247
55.292,1.0,9.890193035267293,0.10000000149011612
55.341,1.0,9.560415192300248,0.10000000149011612
55.391,1.0,9.752858685557213,0.10000000149011612
55.444,1.0,9.890174266406232,0.10000000149011612
55.504,1.0,9.780288896937337,0.10000000149011612
55.544,1.0,9.725126582342718,0.10000000149011612
55.599,1.0,9.807800956070423,0.10000000149011612
55.637,1.0,9.862644649214214,0.10000000149011612
55.694,1.0,9.917533019557595,0.10000000149011612
55.744,1.0,9.752990509569646,0.10000000149011612
55.797,1.0,9.78015250056568,0.10000000149011612
55.843,1.0,9.862738382278216,0.10000000149011612
55.891,1.0,9.835236103667153,0.10000000149011612
55.944,1.0,9.752932424512174,0.10000000149011612
55.995,1.0,9.862713282658822,0.10000000149011612
56.044,1.0,9.78029396649864,0.10000000149011612
56.103,1.0,9.780390803660783,0.10000000149011612
56.147,1.0,9.807777088011305,0.10000000149011612
56.192,1.0,9.89006856592993,0.10000000149011612
56.244,1.0,9.670793699162703,0.10000000149011612
56.294,1.0,9.780255195291506,0.10000000149011612
56.345,1.0,9.752708797011937,0.10000000149011612
56.392,1.0,9.807556410713328,0.10000000149011612
56.443,1.0,9.835117465899222,0.10000000149011612
56.494,1.0,9.80759089520822,0.10000000149011612
56.543,1.0,9.807677674438391,0.10000000149011612
56.594,1.0,9.725461980121004,0.10000000149011612
56.644,1.0,9.835337871520055,0.10000000149011612
56.695,1.0,9.835116900234587,0.10000000149011612
56.746,1.0,9.890054745309882,0.10000000149011612
56.791,1.0,9.807657186873257,0.10000000149011612
56.842,1.0,9.835136500042346,0.10000000149011612
56.895,1.0,9.890048406790529,0.10000000149011612
56.948,1.0,9.78024519123137,0.10000000149011612
56.992,1.0,9.807712767831982,0.10000000149011612
57.043,1.0,9.752670553223126,0.10000000149011612
57.094,1.0,9.780278803077008,0.10000000149011612
57.147,1.0,9.862585626252823,0.10000000149011612
57.194,1.0,9.807646157509751,0.10000000149011612
57.249,1.0,9.780253218238553,0.10000000149011612
57.3,1.0,9.862720731811391,0.10000000149011612
57.352,1.0,9.917556371187999,0.10000000149011612
57.399,1.0,9.835318848511411,0.10000000149011612
57.449,1.0,9.807670817255145,0.10000000149011612
57.5,1.0,9.86255477971087,0.10000000149011612
57.549,1.0,9.917517526634038,0.10000000149011612
57.606,1.0,9.890203712777131,0.10000000149011612
57.651,1.0,9.83526369554715,0.10000000149011612
57.699,1.0,9.917500000012417,0.10000000149011612
57.751,1.0,9.780520413008828,0.10000000149011612
57.799,1.0,9.890015814639629,0.10000000149011612
57.851,1.0,9.917730844165716,0.10000000149011612
57.89,1.0,9.725142642834948,0.10000000149011612
57.949,1.0,9.670526976117657,0.10000000149011612
57.999,1.0,9.862866225176388,0.10000000149011612
58.053,1.0,9.67045545578003,0.10000000149011612
58.099,1.0,9.780086895575126,0.10000000149011612
58.148,1.0,9.835289444960654,0.10000000149011612
58.201,1.0,9.862612392256658,0.10000000149011612
58.253,1.0,9.807529200282362,0.10000000149011612
58.304,1.0,9.75291033472038,0.10000000149011612
58.358,1.0,9.890008034081095,0.10000000149011612
58.399,1.0,9.835258751093514,0.10000000149011612
58.451,1.0,9.75313819905536,0.10000000149011612
58.5,1.0,9.80769319087267,0.10000000149011612
58.55,1.0,9.752911466877494,0.10000000149011612
58.601,1.0,9.835247307953734,0.10000000149011612
58.651,1.0,9.890181755998896,0.10000000149011612
58.7,1.0,9.83523318728225,0.10000000149011612
58.751,1.0,9.862704668670064,0.10000000149011612
58.803,1.0,9.890254830072324,0.10000000149011612
58.851,1.0,9.807568413867719,0.10000000149011612
58.9,1.0,9.725302943732176,0.10000000149011612
58.95,1.0,9.807733236832751,0.10000000149011612
59.004,1.0,9.697987622995344,0.10000000149011612
59.06,1.0,9.862540009928246,0.10000000149011612
59.105,1.0,9.72534596795837,0.10000000149011612
59.154,1.0,9.807796085067093,0.10000000149011612
59.204,1.0,9.72535087019205,0.10000000149011612
59.26,1.0,9.725068832933903,0.10000000149011612
59.315,1.0,9.862607212281889,0.10000000149011612
59.367,1.0,9.670390247367322,0.10000000149011612
59.415,1.0,9.588230000705355,0.10000000149011612
59.46,1.0,9.753060180279943,0.10000000149011612
59.51,1.0,9.753118181539078,0.10000000149011612
59.562,1.0,9.835377237097257,0.10000000149011612
59.612,1.0,9.83539418131113,0.10000000149011612
59.661,1.0,9.945121028626131,0.10000000149011612
59.711,1.0,9.725389043386611,0.10000000149011612
59.76,1.0,9.972500000004139,0.10000000149011612
59.81,1.0,9.642844039263824,0.10000000149011612
59.861,1.0,9.862707789138787,0.10000000149011612
59.915,1.0,9.835203868192103,0.10000000149011612
59.965,1.0,9.80776657489025,0.10000000149011612
60.014,1.0,9.780276398836738,0.10000000149011612
60.064,1.0,9.697908600192104,0.10000000149011612
60.119,1.0,9.780194060131908,0.10000000149011612
60.164,1.0,9.890070539588729,0.10000000149011612
60.215,1.0,9.807752410529389,0.10000000149011612
60.264,1.0,9.862690538850924,0.10000000149011612
60.313,1.0,9.835091155043079,0.10000000149011612
60.364,1.0,9.780147699618505,0.10000000149011612
60.425,1.0,9.917662450671196,0.10000000149011612
60.471,1.0,9.835043576380444,0.10000000149011612
60.521,1.0,9.890128580170373,0.10000000149011612
60.571,1.0,9.725411218528945,0.10000000149011612
60.62,1.0,9.862610973624719,0.10000000149011612
60.67,1.0,9.835157008469105,0.10000000149011612
60.721,1.0,9.917671287701362,0.10000000149011612
60.77,1.0,9.862741341938575,0.10000000149011612
60.82,1.0,9.890017716669375,0.10000000149011612
60.87,1.0,9.917648122107817,0.10000000149011612
60.92,1.0,9.75277824608816,0.10000000149011612
60.972,1.0,9.780324765957063,0.10000000149011612
61.02,1.0,9.780097838843034,0.10000000149011612
61.07,1.0,9.917611314273543,0.10000000149011612
61.12,1.0,9.862596455920073,0.10000000149011612
61.171,1.0,9.670462576610346,0.10000000149011612
61.233,1.0,9.752613584241933,0.10000000149011612
61.27,1.0,9.835047645639214,0.10000000149011612
61.32,1.0,9.835175761394202,0.10000000149011612
61.371,1.0,9.780196145011319,0.10000000149011612
61.431,1.0,9.697899790666998,0.10000000149011612
61.474,1.0,9.780300070097049,0.10000000149011612
61.523,1.0,9.83519331243717,0.10000000149011612
61.574,1.0,9.780397385669252,0.10000000149011612
61.629,1.0,9.807690156623721,0.10000000149011612
61.677,1.0,9.862658229656518,0.10000000149011612
61.728,1.0,9.80756307794816,0.10000000149011612
61.773,1.0,9.670594151504337,0.10000000149011612
61.825,1.0,9.752824180262785,0.10000000149011612
61.878,1.0,9.807766221774122,0.10000000149011612
61.924,1.0,9.83552181640019,0.10000000149011612
61.973,1.0,9.862659221183922,0.10000000149011612
62.025,1.0,9.835255829534598,0.10000000149011612
62.078,1.0,9.807651787127059,0.10000000149011612
62.134,1.0,9.86273367456678,0.10000000149011612
62.18,1.0,9.807727859003677,0.10000000149011612
62.229,1.0,9.780126782196264,0.10000000149011612
62.278,1.0,9.725299003140794,0.10000000149011612
62.329,1.0,9.890188973935114,0.10000000149011612
62.386,1.0,9.697932407052981,0.10000000149011612
62.429,1.0,9.807625058790048,0.10000000149011612
62.477,1.0,9.752673516381119,0.10000000149011612
62.528,1.0,9.835281230861113,0.10000000149011612
62.577,1.0,9.72541767112497,0.10000000149011612
62.633,1.0,9.808151839735608,0.10000000149011612
62.678,1.0,9.725238101184368,0.10000000149011612
62.728,1.0,9.862783780424959,0.10000000149011612
62.78,1.0,9.670408827790784,0.10000000149011612
62.831,1.0,9.807672649497787,0.10000000149011612
62.883,1.0,9.752620408166614,0.10000000149011612
62.932,1.0,9.835174330158367,0.10000000149011612
62.979,1.0,9.725130608346728,0.10000000149011612
63.031,1.0,9.780440874666803,0.10000000149011612
63.082,1.0,9.8625636914538,0.10000000149011612
63.132,1.0,9.835260521289374,0.10000000149011612
63.182,1.0,9.698077675969236,0.10000000149011612
63.233,1.0,9.945048464979562,0.10000000149011612
63.288,1.0,9.862738150089152,0.10000000149011612
63.338,1.0,9.835229576917158,0.10000000149011612
63.387,1.0,9.917500000012417,0.10000000149011612
63.436,1.0,9.890270261549288,0.10000000149011612
63.487,1.0,9.862736086837119,0.10000000149011612
63.538,1.0,9.75292758933372,0.10000000149011612
63.59,1.0,9.72534952490694,0.10000000149011612
63.636,1.0,9.945193102045192,0.1338856965303421
63.687,1.0,9.75268458597776,0.10000000149011612
63.738,1.0,9.862825729904904,0.10000000149011612
63.784,1.0,9.752928388160136,0.10000000149011612
63.838,1.0,9.917736042642758,0.10000000149011612
63.886,1.0,9.752889025169942,0.10000000149011612
63.943,1.0,9.945000000008278,0.10000000149011612
63.99,1.0,9.862622914111448,0.10000000149011612
64.037,1.0,9.89005838435971,0.10000000149011612
64.085,1.0,9.807699674885306,0.10000000149011612
64.138,1.0,9.780197690779136,0.10000000149011612
64.187,1.0,9.835000000024836,0.10000000149011612
64.239,1.0,9.8903015324432,0.10491407662630081
64.294,1.0,9.917500000012417,0.10000000149011612
64.34,1.0,9.862735907464392,0.1002926155924797
64.388,1.0,9.862603357620538,0.10000000149011612
64.439,1.0,9.780308259692458,0.10000000149011612
64.489,1.0,9.752963012870815,0.10000000149011612
64.539,1.0,9.697929052636027,0.10000000149011612
64.589,1.0,9.835263296713432,0.10000000149011612
64.641,1.0,9.917513831270238,0.10000000149011612
64.689,1.0,9.807696728201377,0.10000000149011612
64.746,1.0,9.725406700869401,0.10000000149011612
64.796,1.0,9.862726856871612,0.10000000149011612
64.839,1.0,9.780280708149075,0.10000000149011612
64.892,1.0,9.807672723506888,0.10000000149011612
64.939,1.0,9.725355786850884,0.10000000149011612
64.994,1.0,9.697934503998194,0.10000000149011612
65.039,1.0,9.7804225564003,0.10000000149011612
65.099,1.0,9.670464274659754,0.10000000149011612
65.139,1.0,9.78012245448513,0.10000000149011612
65.189,1.0,9.86257828231901,0.10000000149011612
65.239,1.0,9.808169542832507,0.11515071988105774
65.293,1.0,9.835222344473005,0.10000000149011612
65.339,1.0,9.697672330112093,0.10000000149011612
65.391,1.0,9.807911552426715,0.10000000149011612
65.438,1.0,9.835148035527931,0.10000000149011612
65.496,1.0,9.642747670184407,0.10000000149011612
65.545,1.0,9.752859865811963,0.10000000149011612
65.589,1.0,9.862799370206064,0.10000000149011612
65.639,1.0,9.83551715063966,0.10100395977497101
65.693,1.0,9.807662695936031,0.10000000149011612
65.743,1.0,9.917597487589552,0.10000000149011612
65.789,1.0,9.670264030786024,0.10000000149011612
65.838,1.0,9.780187186557386,0.10000000149011612
65.889,1.0,9.752924712395503,0.10000000149011612
65.944,1.0,9.725125154128506,0.10000000149011612
65.996,1.0,9.80774533059448,0.10000000149011612
66.044,1.0,9.780392537886899,0.10000000149011612
66.094,1.0,9.78041437930531,0.10000000149011612
66.147,1.0,9.890185005383358,0.10000000149011612
66.194,1.0,9.807502101113398,0.10000000149011612
66.252,1.0,9.780168387231727,0.10000000149011612
66.3,1.0,9.642978860789704,0.10000000149011612
66.35,1.0,9.835330635805924,0.10000000149011612
66.399,1.0,9.862637795528604,0.10000000149011612
66.452,1.0,9.835205781107975,0.10000000149011612
66.5,1.0,9.807767009403971,0.10000000149011612
66.555,1.0,9.533096597509251,0.10000000149011612
66.601,1.0,9.807638820302156,0.10000000149011612
66.651,1.0,9.862573612750404,0.10000000149011612
66.702,1.0,9.753065182558364,0.10000000149011612
66.751,1.0,9.752777557778689,0.10000000149011612
66.802,1.0,9.725301746009952,0.10000000149011612
66.856,1.0,9.83539435139133,0.10000000149011612
66.901,1.0,9.807715059878925,0.10000000149011612
66.952,1.0,9.807813187564413,0.10000000149011612
67.002,1.0,9.83512298775216,0.10000000149011612
67.055,1.0,9.83505563216491,0.10000000149011612
67.103,1.0,9.752872439887788,0.10000000149011612
67.152,1.0,9.780115011582772,0.10000000149011612
67.202,1.0,9.67035638615489,0.10000000149011612
67.254,1.0,9.972500000004139,0.10000000149011612
67.309,1.0,9.615872776860165,0.10000000149011612
67.353,1.0,9.75277816357298,0.10000000149011612
67.402,1.0,9.752766335155401,0.10000000149011612
67.454,1.0,9.890001616523497,0.10000000149011612
67.504,1.0,9.890027539225088,0.10000000149011612
67.552,1.0,9.835416561841138,0.10000000149011612
67.603,1.0,9.807767445387112,0.10000000149011612
67.653,1.0,9.917605660835074,0.10000000149011612
67.701,1.0,9.862797337190973,0.10000000149011612
67.756,1.0,9.725550769455731,0.10000000149011612
67.809,1.0,9.80784250460565,0.10000000149011612
67.858,1.0,9.862700969332622,0.10000000149011612
67.901,1.0,9.752766957361665,0.10000000149011612
67.956,1.0,9.780126679874957,0.10000000149011612
68.005,1.0,9.67070373851392,0.10000000149011612
68.058,1.0,9.890148595968883,0.10000000149011612
68.106,1.0,9.807801693843471,0.10000000149011612
68.158,1.0,9.725270821381773,0.10000000149011612
68.209,1.0,9.83531118211233,0.10000000149011612
68.257,1.0,9.697761522378359,0.10000000149011612
68.311,1.0,9.780416492331359,0.10000000149011612
68.357,1.0,9.917829160268107,0.12585604190826416
68.401,1.0,9.780521235821976,0.10000000149011612
68.464,1.0,9.72505650418914,0.10000000149011612
68.507,1.0,9.890261929151084,0.10000000149011612
68.56,1.0,9.89004495245301,0.10000000149011612
68.611,1.0,9.807558053897488,0.10000000149011612
68.66,1.0,9.697986497605841,0.10000000149011612
68.707,1.0,9.752826415954365,0.10000000149011612
68.758,1.0,9.725187382929855,0.10000000149011612
68.809,1.0,9.64284310804473,0.10000000149011612
68.862,1.0,9.890000000016556,0.10000000149011612
68.908,1.0,9.752788400008447,0.10000000149011612
68.958,1.0,9.752595601479213,0.10000000149011612
69.009,1.0,9.67043304435081,0.10000000149011612
69.058,1.0,9.890246864884263,0.10000000149011612
69.109,1.0,9.80755937906603,0.10000000149011612
69.161,1.0,9.835214220090872,0.10000000149011612
69.208,1.0,9.917565891188051,0.10000000149011612
69.259,1.0,9.807761239281131,0.10000000149011612
69.308,1.0,9.697810890173747,0.10000000149011612
69.36,1.0,9.807628219305641,0.10000000149011612
69.415,1.0,9.862577034119102,0.10000000149011612
69.459,1.0,9.807701782509685,0.10000000149011612
69.509,1.0,9.807559487720331,0.10000000149011612
69.562,1.0,9.807727034886678,0.10000000149011612
69.607,1.0,9.780368528680668,0.10000000149011612
69.659,1.0,9.69812442422327,0.10000000149011612
69.71,1.0,9.807616344177061,0.10000000149011612
69.763,1.0,9.80771405034595,0.10000000149011612
69.809,1.0,9.753062545032137,0.10000000149011612
69.86,1.0,9.862627615924511,0.10000000149011612
69.911,1.0,9.780313035390444,0.10000000149011612
69.958,1.0,9.89006551756627,0.10000000149011612
70.014,1.0,9.69803401860926,0.10000000149011612
70.061,1.0,9.807641733624042,0.10000000149011612
70.117,1.0,9.862647453550663,0.10000000149011612
70.162,1.0,9.807719516878327,0.10000000149011612
70.211,1.0,9.780403223468198,0.10000000149011612
70.268,1.0,9.835240148835712,0.10000000149011612
70.318,1.0,9.670208360979126,0.10000000149011612
70.37,1.0,9.835208575800062,0.10000000149011612
70.416,1.0,9.890216576825413,0.10000000149011612
70.466,1.0,9.780080811348226,0.10000000149011612
70.522,1.0,9.917500000012417,0.10000000149011612
70.566,1.0,9.780101707784667,0.10000000149011612
70.624,1.0,9.835108799011342,0.10000000149011612
70.667,1.0,9.807583833237489,0.10000000149011612
70.716,1.0,9.835187379953762,0.10000000149011612
70.773,1.0,9.725400377127032,0.10000000149011612
70.816,1.0,9.890239098543923,0.10000000149011612
70.867,1.0,9.83528933390561,0.10000000149011612
70.923,1.0,9.917517783451412,0.10000000149011612
70.969,1.0,9.752860486610896,0.10000000149011612
71.016,1.0,9.972500000004139,0.10000000149011612
71.073,1.0,9.75304434965882,0.10000000149011612
71.128,1.0,9.78024164678322,0.10000000149011612
71.171,1.0,9.725196553849512,0.10000000149011612
71.221,1.0,9.862500247276492,0.10000000149011612
71.271,1.0,9.697759379508595,0.10000000149011612
71.321,1.0,9.725160100911227,0.10000000149011612
71.371,1.0,9.83534968369123,0.10000000149011612
71.427,1.0,9.862672412954272,0.10000000149011612
71.475,1.0,9.945000000008278,0.10000000149011612
71.525,1.0,9.917606046423316,0.10000000149011612
71.575,1.0,9.753001607333621,0.10000000149011612
71.626,1.0,9.917615710281664,0.10000000149011612
71.683,1.0,9.862695511244237,0.10000000149011612
71.734,1.0,9.835069799795747,0.10000000149011612
71.784,1.0,9.78010873451001,0.10000000149011612
71.833,1.0,9.8625967056387,0.10000000149011612
71.885,1.0,9.83506451687879,0.10000000149011612
71.933,1.0,9.89014445638491,0.10000000149011612
71.987,1.0,9.862739733089175,0.10000000149011612
72.032,1.0,9.807716855448152,0.10000000149011612
72.084,1.0,9.752819931631286,0.10000000149011612
72.144,1.0,9.752685803568198,0.10000000149011612
72.19,1.0,9.917609229973621,0.10000000149011612
72.238,1.0,9.945000000008278,0.10000000149011612
72.293,1.0,9.670492518465553,0.10000000149011612
72.337,1.0,9.862690897596378,0.10000000149011612
72.39,1.0,9.725596102823813,0.10000000149011612
72.444,1.0,9.835320101140274,0.10000000149011612
72.489,1.0,9.780629617617363,0.10000000149011612
72.543,1.0,9.862747229739195,0.10000000149011612
72.593,1.0,9.75288455511133,0.10000000149011612
72.638,1.0,9.807719926494691,0.10000000149011612
72.691,1.0,9.890183002356853,0.10000000149011612
72.74,1.0,9.780228462980853,0.10000000149011612
72.789,1.0,9.8626308546712,0.10000000149011612
72.842,1.0,9.835335875509514,0.10000000149011612
72.89,1.0,9.780287373086644,0.10000000149011612
72.943,1.0,9.890058443488346,0.10000000149011612
72.993,1.0,9.753017582309743,0.10000000149011612
73.041,1.0,9.780244644565714,0.10000000149011612
73.09,1.0,9.80773126040068,0.10000000149011612
73.145,1.0,9.862703150986798,0.10000000149011612
73.189,1.0,9.807724548317491,0.10000000149011612
73.24,1.0,9.780151986827454,0.10000000149011612
73.29,1.0,9.972577450714178,0.12788225710391998
73.342,1.0,9.835052757523954,0.10000000149011612
73.39,1.0,9.725178371142182,0.10000000149011612
73.442,1.0,9.80782223780536,0.10000000149011612
73.491,1.0,9.835074205758671,0.10000000149011612
73.545,1.0,9.670650683695243,0.10000000149011612
73.592,1.0,9.752960815073715,0.10000000149011612
73.647,1.0,9.78025626892017,0.10000000149011612
73.69,1.0,9.697832334786654,0.10000000149011612
73.741,1.0,9.83545905980799,0.10000000149011612
73.795,1.0,9.890178294541935,0.10000000149011612
73.839,1.0,9.780208417835334,0.10000000149011612
73.891,1.0,9.807731278944347,0.10000000149011612
73.941,1.0,9.862528341449798,0.10000000149011612
73.991,1.0,9.697988216558265,0.10000000149011612
74.046,1.0,9.890042281171514,0.10000000149011612
74.091,1.0,9.807669159894187,0.10000000149011612
74.144,1.0,9.752967828719152,0.10000000149011612
74.202,1.0,9.780298385334511,0.10000000149011612
74.247,1.0,9.697859990741645,0.10000000149011612
74.296,1.0,9.835255290857619,0.10000000149011612
74.352,1.0,9.752807586453855,0.10000000149011612
74.396,1.0,9.807995187553267,0.10000000149011612
74.449,1.0,9.80753461693724,0.10000000149011612
74.5,1.0,9.670297849737107,0.10000000149011612
74.547,1.0,9.89031151994649,0.10000000149011612
74.596,1.0,9.917514490605228,0.10000000149011612
74.649,1.0,9.835126842827433,0.10000000149011612
74.702,1.0,9.807782841908436,0.10000000149011612
74.751,1.0,9.862529631828268,0.10000000149011612
74.799,1.0,9.6429447007469,0.10000000149011612
74.85,1.0,10.0,10.0
74.902,1.0,9.862568941733075,0.10000000149011612
74.956,1.0,9.72538802938329,0.10000000149011612
74.999,1.0,9.835049413931038,0.10000000149011612
75.05,1.0,9.917674721529087,0.10000000149011612
75.104,1.0,9.917574101852047,0.10000000149011612
75.16,1.0,9.862725567879776,0.10000000149011612
75.2,1.0,9.6978165305737,0.10000000149011612
75.267,1.0,9.890239648934868,0.10000000149011612
75.302,1.0,9.615593938260442,0.10000000149011612
75.352,1.0,9.670844222812189,0.10000000149011612
75.405,1.0,9.75282520486249,0.10000000149011612
75.452,1.0,9.697742447877923,0.10000000149011612
75.504,1.0,9.862645520352656,0.10000000149011612
75.553,1.0,9.698172739086052,0.10000000149011612
75.607,1.0,9.862702013221051,0.10000000149011612
75.652,1.0,9.78009650653435,0.10000000149011612
75.704,1.0,9.807702775734166,0.10000000149011612
75.762,1.0,9.697703282762733,0.10000000149011612
75.803,1.0,9.835153377449346,0.10000000149011612
75.861,1.0,9.780317103573017,0.10000000149011612
75.91,1.0,9.862750249045591,0.10000000149011612
75.953,1.0,9.835200567626291,0.10000000149011612
76.008,1.0,9.835345664951536,0.10000000149011612
76.056,1.0,9.835130183812645,0.10000000149011612
76.101,1.0,9.807848327089514,0.10000000149011612
76.154,1.0,9.835346290800306,0.10000000149011612
76.207,1.0,9.862880164798764,0.10000000149011612
76.254,1.0,9.8900207993264,0.10000000149011612
76.303,1.0,9.890258734797438,0.10000000149011612
76.357,1.0,9.917500000012417,0.10000000149011612
76.412,1.0,9.725435954539313,0.10000000149011612
76.458,1.0,9.725409781229164,0.10000000149011612
76.509,1.0,9.615663457889523,0.10000000149011612
76.561,1.0,9.780313704431885,0.10000000149011612
76.606,1.0,9.890168887252608,0.10000000149011612
76.66,1.0,9.725572855149705,0.10000000149011612
76.71,1.0,9.780531681432493,0.10000000149011612
76.761,1.0,9.725457336546647,0.10000000149011612
76.81,1.0,9.80778171784348,0.10000000149011612
76.862,1.0,9.835071187652648,0.10000000149011612
76.914,1.0,9.945112585524718,0.11979098618030548
76.963,1.0,9.83529431666765,0.10000000149011612
77.013,1.0,9.752760294245348,0.10000000149011612
77.063,1.0,9.752914893751344,0.10000000149011612
77.114,1.0,9.753092510936161,0.10000000149011612
77.166,1.0,9.643108186767334,0.10000000149011612
77.213,1.0,9.807841596917974,0.10000000149011612
77.263,1.0,9.890139850477377,0.10000000149011612
77.314,1.0,9.835279548044007,0.10000000149011612
77.365,1.0,9.835107371190356,0.10000000149011612
77.422,1.0,9.945072147560616,0.1029369905591011
77.465,1.0,9.670289829456143,0.10000000149011612
77.517,1.0,9.780347855037284,0.10000000149011612
77.569,1.0,9.780375849083066,0.10000000149011612
77.614,1.0,9.642762681779763,0.10000000149011612
77.665,1.0,9.780198121464087,0.10000000149011612
77.721,1.0,9.890197211317718,0.10000000149011612
77.764,1.0,9.78012313865539,0.10000000149011612
77.813,1.0,9.91783486439122,0.1255219429731369
77.87,1.0,9.752793588116765,0.10000000149011612
77.915,1.0,9.780327731019092,0.10000000149011612
77.965,1.0,9.670316503362523,0.10000000149011612
78.015,1.0,9.835164006820156,0.10000000149011612
78.071,1.0,9.862642182761597,0.10000000149011612
78.123,1.0,9.835371502613027,0.10000000149011612
78.169,1.0,9.91767885920902,0.10000000149011612
78.219,1.0,9.917753907520737,0.11052606254816055
78.269,1.0,9.752912472809355,0.10000000149011612
78.319,1.0,9.890358131606545,0.10962565988302231
78.367,1.0,9.89016107885788,0.10000000149011612
78.419,1.0,9.862727572520575,0.10000000149011612
78.469,1.0,9.862779441124035,0.10000000149011612
78.522,1.0,9.80791346470101,0.10000000149011612
78.563,1.0,9.807780469415917,0.10000000149011612
78.624,1.0,9.753058353045748,0.10000000149011612
78.668,1.0,9.807612028614514,0.10000000149011612
78.725,1.0,9.835163231690725,0.10000000149011612
78.774,1.0,9.86287068956428,0.10000000149011612
78.818,1.0,9.725394527365763,0.10000000149011612
78.869,1.0,9.78031447571185,0.10000000149011612
78.922,1.0,9.890232024445302,0.10000000149011612
78.972,1.0,9.807716930409272,0.10000000149011612
79.018,1.0,9.835284186340868,0.10000000149011612
79.069,1.0,9.807791636014977,0.10000000149011612
79.123,1.0,9.725300139830344,0.10000000149011612
79.172,1.0,9.752700689165957,0.10000000149011612
79.226,1.0,9.835137812275853,0.10000000149011612
79.274,1.0,9.807509006145928,0.10000000149011612
79.33,1.0,9.807510988228023,0.10000000149011612
79.375,1.0,9.862508301374813,0.10000000149011612
79.435,1.0,9.75289651579741,0.10000000149011612
79.472,1.0,9.807836440722976,0.10000000149011612
79.518,1.0,9.835010441371963,0.10000000149011612
79.576,1.0,9.780349889728758,0.10000000149011612
79.625,1.0,9.807668837925625,0.10000000149011612
79.682,1.0,9.862594279936618,0.10000000149011612
79.724,1.0,9.807775784697798,0.10000000149011612
79.775,1.0,9.752686635259952,0.10000000149011612
79.824,1.0,9.752658765928613,0.10000000149011612
79.874,1.0,9.780286850697465,0.10000000149011612
79.922,1.0,9.86283052381542,0.10000000149011612
79.973,1.0,9.670661586647233,0.10000000149011612
80.024,1.0,9.862831610151463,0.10000000149011612
80.087,1.0,9.890243360876209,0.10000000149011612
80.124,1.0,9.862633030116559,0.10000000149011612
80.175,1.0,9.862528585953017,0.10000000149011612
80.227,1.0,9.835366471753352,0.10000000149011612
80.274,1.0,9.6980276932319,0.10000000149011612
80.325,1.0,9.807830978350507,0.10000000149011612
80.378,1.0,9.862650264944467,0.10000000149011612
80.431,1.0,9.752829186639024,0.10000000149011612
80.474,1.0,9.945114549228714,0.10000000149011612
80.524,1.0,9.780250577049124,0.10000000149011612
80.582,1.0,9.670489533742268,0.10000000149011612
80.634,1.0,9.64289540366994,0.10000000149011612
80.682,1.0,9.807537447185153,0.10000000149011612
80.731,1.0,9.890129437690808,0.10000000149011612
80.792,1.0,9.835425605314473,0.10214546322822571
80.831,1.0,9.752770730045935,0.10000000149011612
80.884,1.0,9.83506442691303,0.10000000149011612
80.931,1.0,9.697726221258442,0.10000000149011612
80.981,1.0,9.890207260640132,0.10000000149011612
81.035,1.0,9.890087666921318,0.10000000149011612
81.081,1.0,9.890111255086959,0.10000000149011612
81.131,1.0,9.780144377549489,0.10000000149011612
81.181,1.0,9.725357206517623,0.10000000149011612
81.235,1.0,9.725158166926768,0.10000000149011612
81.287,1.0,9.780245001407133,0.10000000149011612
81.333,1.0,9.752742068614397,0.10000000149011612
81.386,1.0,9.862565364647242,0.10000000149011612
81.437,1.0,9.807801366204188,0.10000000149011612
81.486,1.0,9.807548538595437,0.10000000149011612
81.534,1.0,9.890221050257484,0.10000000149011612
81.585,1.0,9.752657897542749,0.10000000149011612
81.633,1.0,9.835499756866032,0.10000000149011612
81.684,1.0,9.780238126880592,0.10000000149011612
81.743,1.0,9.725353945771026,0.10000000149011612
81.785,1.0,9.890125413280394,0.10000000149011612
81.834,1.0,9.807601268072094,0.10000000149011612
81.886,1.0,9.752830293671124,0.10000000149011612
81.935,1.0,9.862509011994634,0.10000000149011612
81.985,1.0,9.890109639138812,0.10000000149011612
82.037,1.0,9.807673977625866,0.10000000149011612
82.085,1.0,9.835161310475733,0.10000000149011612
82.135,1.0,9.64317178711709,0.10000000149011612
82.184,1.0,9.890240785727899,0.10000000149011612
82.234,1.0,9.75297176481949,0.10000000149011612
82.285,1.0,9.83528550883962,0.10000000149011612
82.337,1.0,9.91770475347423,0.10000000149011612
82.384,1.0,9.917592086849941,0.10000000149011612
82.438,1.0,9.752797944388456,0.10000000149011612
82.485,1.0,9.6155792609685,0.10000000149011612
82.535,1.0,9.807733150550888,0.10000000149011612
82.584,1.0,9.72511610697127,0.10000000149011612
82.634,1.0,9.835063848313357,0.10000000149011612
82.687,1.0,9.725472384091052,0.10000000149011612
82.738,1.0,9.972500000004139,0.10000000149011612
82.784,1.0,9.807749668177632,0.10000000149011612
82.835,1.0,9.862760795031985,0.10000000149011612
82.886,1.0,9.835259812821944,0.10000000149011612
82.935,1.0,9.862808879526954,0.10000000149011612
82.986,1.0,9.890107432649367,0.10000000149011612
83.034,1.0,9.917605376781689,0.10000000149011612
83.084,1.0,9.807721478616198,0.10000000149011612
83.134,1.0,9.862687269970774,0.10000000149011612
83.191,1.0,9.890001224705742,0.10000000149011612
83.242,1.0,9.807741595411466,0.10000000149011612
83.286,1.0,9.807823827676476,0.10000000149011612
83.338,1.0,9.83526302985847,0.10000000149011612
83.388,1.0,9.725514716137614,0.10000000149011612
83.437,1.0,9.752733669057488,0.10000000149011612
83.486,1.0,9.72549712376462,0.10000000149011612
83.543,1.0,9.6980066895071,0.10000000149011612
83.587,1.0,9.835365250830849,0.10000000149011612
83.637,1.0,9.615477758997844,0.10000000149011612
83.694,1.0,9.807742214223577,0.10000000149011612
83.736,1.0,9.917615615742074,0.10000000149011612
83.787,1.0,9.670325168387757,0.10000000149011612
83.846,1.0,9.890218379514085,0.10000000149011612
83.888,1.0,9.890063171730274,0.10000000149011612
83.937,1.0,9.862916691311531,0.10000000149011612
83.987,1.0,9.752631415840652,0.10000000149011612
84.038,1.0,9.780161454404395,0.10000000149011612
84.089,1.0,9.835159149579704,0.10000000149011612
84.138,1.0,9.780267398080063,0.10000000149011612
84.187,1.0,9.835371145502561,0.10000000149011612
84.234,1.0,9.945095822235777,0.10000000149011612
84.287,1.0,9.807776793837547,0.10000000149011612
84.337,1.0,9.752638262117074,0.10000000149011612
84.391,1.0,9.698205004942913,0.10000000149011612
84.444,1.0,9.807780514926547,0.10000000149011612
84.488,1.0,9.780318172917598,0.10000000149011612
84.537,1.0,9.807877140202455,0.10000000149011612
84.595,1.0,9.890000000016556,0.10000000149011612
84.635,1.0,9.83526116181165,0.10000000149011612
84.689,1.0,9.835084072707428,0.10000000149011612
84.739,1.0,9.890189016341335,0.10000000149011612
84.789,1.0,9.752738235145808,0.10000000149011612
84.84,1.0,9.780162257473503,0.10000000149011612
84.889,1.0,9.780237148888409,0.10000000149011612
84.939,1.0,9.807795413210988,0.10000000149011612
84.991,1.0,9.917500000012417,0.10000000149011612
85.04,1.0,9.780393863593538,0.10000000149011612
85.093,1.0,9.725064093288449,0.10000000149011612
85.144,1.0,9.67035943882333,0.10000000149011612
85.191,1.0,9.752817596743505,0.10000000149011612
85.242,1.0,9.890110307704244,0.10000000149011612
85.292,1.0,9.862782317979468,0.10000000149011612
85.342,1.0,9.807798164503442,0.10000000149011612
85.4,1.0,9.890172613826063,0.10000000149011612
85.441,1.0,9.83510969094932,0.10000000149011612
85.491,1.0,9.80768386380126,0.10000000149011612
85.542,1.0,9.917538339996504,0.10000000149011612
85.594,1.0,9.835009210122129,0.10000000149011612
85.651,1.0,9.725195082628893,0.10000000149011612
85.691,1.0,9.69786288773434,0.10000000149011612
85.752,1.0,9.80760786127713,0.10000000149011612
85.798,1.0,9.80785369063831,0.10000000149011612
85.848,1.0,9.835338733469447,0.10000000149011612
85.899,1.0,9.917685750375192,0.10000000149011612
85.947,1.0,9.890122993290424,0.10000000149011612
85.998,1.0,9.89017307381663,0.10000000149011612
86.051,1.0,9.725598366020455,0.10000000149011612
86.103,1.0,9.807772832322453,0.10000000149011612
86.149,1.0,9.917626764149302,0.10000000149011612
86.199,1.0,9.752788458350633,0.10000000149011612
86.248,1.0,9.697688971832395,0.10000000149011612
86.296,1.0,9.945000000008278,0.10000000149011612
86.348,1.0,9.807700723554525,0.10000000149011612
86.395,1.0,9.835253844389484,0.10000000149011612
86.459,1.0,9.917669800441299,0.11154507845640182
86.498,1.0,9.862509679628744,0.10000000149011612
86.554,1.0,9.780173318708936,0.10000000149011612
86.591,1.0,9.78021321396033,0.10000000149011612
86.648,1.0,9.945000000008278,0.10000000149011612
86.698,1.0,9.807834629155696,0.10000000149011612
86.753,1.0,9.890013988812765,0.10000000149011612
86.801,1.0,9.807785178927912,0.10000000149011612
86.851,1.0,9.862726794203951,0.10000000149011612
86.901,1.0,9.835275947633717,0.10000000149011612
86.951,1.0,9.835283655673265,0.10000000149011612
87.002,1.0,9.917732363835805,0.11890167742967606
87.051,1.0,9.862664360304674,0.10000000149011612
87.1,1.0,9.862569696290626,0.10000000149011612
87.155,1.0,9.807792928442359,0.10000000149011612
87.202,1.0,9.75294040011035,0.10000000149011612
87.256,1.0,9.780230974219739,0.10000000149011612
87.3,1.0,9.780165186193255,0.10000000149011612
87.351,1.0,9.7806038669414,0.10000000149011612
87.405,1.0,9.807705629803241,0.10000000149011612
87.452,1.0,9.890201337759693,0.10000000149011612
87.501,1.0,9.86268472801894,0.10000000149011612
87.554,1.0,9.890152363582617,0.10000000149011612
87.608,1.0,9.835125969826347,0.10000000149011612
87.654,1.0,9.752820626004702,0.10000000149011612
87.701,1.0,9.725128627941013,0.10000000149011612
87.75,1.0,9.83507787409342,0.10000000149011612
87.802,1.0,9.835093223613997,0.10000000149011612
87.854,1.0,9.807794930537542,0.10000000149011612
87.901,1.0,9.780163643591933,0.10000000149011612
87.956,1.0,9.890172474727862,0.10000000149011612
88.006,1.0,9.807841159175668,0.10000000149011612
88.054,1.0,9.945064209505087,0.10147455334663391
88.105,1.0,9.835255801967449,0.10000000149011612
88.154,1.0,9.61545662029336,0.10000000149011612
88.207,1.0,9.780418302553395,0.10000000149011612
88.257,1.0,9.615511037678354,0.10000000149011612
88.308,1.0,9.587888049706816,0.10000000149011612
88.357,1.0,9.89018386374745,0.10000000149011612
88.407,1.0,9.890134194307029,0.10000000149011612
88.466,1.0,9.753051610125436,0.10000000149011612
88.514,1.0,9.807903360678917,0.10000000149011612
88.561,1.0,9.835003728398846,0.10000000149011612
88.613,1.0,9.725257898887826,0.10000000149011612
88.662,1.0,9.835451696316401,0.10000000149011612
88.715,1.0,9.917500000012417,0.10000000149011612
88.757,1.0,9.807662108374966,0.10000000149011612
88.812,1.0,9.835274216139481,0.10000000149011612
88.862,1.0,9.752853360813525,0.10000000149011612
88.912,1.0,9.807741651435693,0.10000000149011612
88.964,1.0,9.835262114347683,0.10000000149011612
89.019,1.0,9.890221848525107,0.10000000149011612
89.062,1.0,9.725143249332906,0.10000000149011612
89.113,1.0,9.862631874200371,0.10000000149011612
89.162,1.0,9.89025014595439,0.10000000149011612
89.214,1.0,9.752994439523253,0.10000000149011612
89.265,1.0,9.78043115410126,0.10000000149011612
89.312,1.0,9.752970944841703,0.10000000149011612
89.363,1.0,9.807598078706198,0.10000000149011612
89.414,1.0,9.807522814286251,0.10000000149011612
89.466,1.0,9.862768771416611,0.10000000149011612
89.515,1.0,9.807662842236459,0.10000000149011612
89.563,1.0,9.752932452017234,0.10000000149011612
89.613,1.0,9.862704683260786,0.10000000149011612
89.662,1.0,9.670495934598147,0.10000000149011612
89.716,1.0,9.6706030331759,0.10000000149011612
89.77,1.0,9.75291577550686,0.10000000149011612
89.81,1.0,9.862807849173745,0.10000000149011612
89.87,1.0,9.725010548821754,0.10000000149011612
89.917,1.0,9.862643703839018,0.10000000149011612
89.967,1.0,9.752963264638352,0.10000000149011612
90.017,1.0,9.780549102317956,0.10000000149011612
90.071,1.0,9.862701859925355,0.10000000149011612
90.118,1.0,9.89009794772913,0.10000000149011612
90.181,1.0,9.698138041711516,0.10000000149011612
90.216,1.0,9.725438217052982,0.10000000149011612
90.266,1.0,9.862714124822782,0.10000000149011612
90.317,1.0,9.862641519121826,0.10000000149011612
90.367,1.0,9.807830696118375,0.10000000149011612
90.415,1.0,9.917645661325919,0.10000000149011612
90.468,1.0,9.835343330932988,0.10000000149011612
90.521,1.0,9.835000000024836,0.10000000149011612
90.568,1.0,9.890256147997247,0.10000000149011612
90.617,1.0,9.725457301611701,0.10000000149011612
90.667,1.0,9.862802307969995,0.10000000149011612
90.731,1.0,9.725366231240333,0.10000000149011612
90.769,1.0,9.890076467746661,0.10000000149011612
90.817,1.0,9.670258598319359,0.10000000149011612
90.87,1.0,9.835109596802956,0.10000000149011612
90.917,1.0,9.862687111770112,0.10000000149011612
90.967,1.0,9.890094510921173,0.10000000149011612
91.022,1.0,9.917500000012417,0.10000000149011612
91.07,1.0,9.835121127342184,0.10000000149011612
91.12,1.0,9.67030492640204,0.10000000149011612
91.171,1.0,9.752770699291593,0.10000000149011612
91.23,1.0,9.835147945914004,0.10000000149011612
91.269,1.0,9.807500000028975,0.10000000149011612
91.32,1.0,9.945121591393319,0.10000000149011612
91.371,1.0,9.835156098028852,0.10000000149011612
91.424,1.0,9.725334690821667,0.10000000149011612
91.47,1.0,9.86277534984466,0.10000000149011612
91.525,1.0,9.670407217099434,0.10000000149011612
91.57,1.0,9.697922920828892,0.10000000149011612
91.619,1.0,9.8627378753076,0.10000000149011612
91.67,1.0,9.670207959475617,0.10000000149011612
91.72,1.0,9.807593332334525,0.10000000149011612
91.774,1.0,9.862669432266719,0.10000000149011612
91.823,1.0,9.890209314703114,0.10000000149011612
91.87,1.0,9.917584824230936,0.10000000149011612
91.932,1.0,9.917576713528899,0.10000000149011612
91.977,1.0,9.89002225599769,0.10000000149011612
92.027,1.0,9.945029530446563,0.10000000149011612
92.077,1.0,9.862793248084683,0.10000000149011612
92.129,1.0,9.835168454464938,0.10000000149011612
92.179,1.0,9.862688277785976,0.10000000149011612
92.223,1.0,9.615931109959881,0.10000000149011612
92.277,1.0,9.945000000008278,0.10000000149011612
92.328,1.0,9.7253307669527,0.10000000149011612
92.377,1.0,9.862577813594706,0.10000000149011612
92.428,1.0,9.91763307609492,0.10000000149011612
92.48,1.0,9.89032491762191,0.11826274544000626
92.527,1.0,9.80807397297273,0.10000000149011612
92.581,1.0,9.780219254725509,0.10000000149011612
92.63,1.0,9.807774661129548,0.10000000149011612
92.68,1.0,9.807809040074547,0.10000000149011612
92.729,1.0,9.890167542919517,0.10000000149011612
92.78,1.0,9.697744176557494,0.10000000149011612
92.829,1.0,9.752923303821849,0.10000000149011612
92.879,1.0,9.972500000004139,0.10000000149011612
92.929,1.0,9.835406254314714,0.10000000149011612
92.98,1.0,9.752933189976547,0.10000000149011612
93.03,1.0,9.615382565392387,0.10000000149011612
93.082,1.0,9.862606062057118,0.10000000149011612
93.125,1.0,9.780251718560855,0.10000000149011612
93.179,1.0,9.835305198571747,0.10000000149011612
93.232,1.0,9.725562724264131,0.10000000149011612
93.28,1.0,9.890117639468777,0.10000000149011612
93.337,1.0,9.945164379829334,0.1249273493885994
93.378,1.0,9.807761222248276,0.10000000149011612
93.43,1.0,9.780131690804328,0.10000000149011612
93.479,1.0,9.780304799063337,0.10000000149011612
93.53,1.0,9.752724792808294,0.10000000149011612
93.58,1.0,9.835371644339627,0.10000000149011612
93.63,1.0,9.615407897469899,0.10000000149011612
93.683,1.0,9.835285864377187,0.10000000149011612
93.73,1.0,9.780074069855942,0.10000000149011612
93.78,1.0,9.780199234228995,0.10000000149011612
93.837,1.0,9.835533197927806,0.11866556107997894
93.88,1.0,9.862684786568085,0.10000000149011612
93.93,1.0,9.780319869704545,0.10000000149011612
93.985,1.0,9.780327515635225,0.10000000149011612
94.034,1.0,9.890074013421932,0.10000000149011612
94.083,1.0,9.752992569800053,0.10000000149011612
94.13,1.0,9.835171656165686,0.10000000149011612
94.181,1.0,9.862823293316696,0.10000000149011612
94.233,1.0,9.835123444348573,0.10000000149011612
94.279,1.0,9.89010469696174,0.10000000149011612
94.338,1.0,9.917500000012417,0.10000000149011612
94.38,1.0,9.917540742953618,0.10000000149011612
94.431,1.0,9.780361819929547,0.10000000149011612
94.49,1.0,9.753002406429086,0.10000000149011612
94.53,1.0,9.670192035453187,0.10000000149011612
94.58,1.0,9.807787852796416,0.10000000149011612
94.631,1.0,9.698000289127231,0.10000000149011612
94.681,1.0,9.86270985054887,0.10000000149011612
94.728,1.0,9.807654397168921,0.10000000149011612
94.779,1.0,9.835458422783349,0.10000000149011612
94.83,1.0,9.917635572204988,0.10000000149011612
94.881,1.0,9.725227704954644,0.10000000149011612
94.928,1.0,9.697761378085447,0.10000000149011612
94.98,1.0,9.80771532025602,0.10000000149011612
95.031,1.0,9.862600004507435,0.10000000149011612
95.081,1.0,9.80765351632403,0.10000000149011612
95.135,1.0,9.835175680348442,0.10000000149011612
95.186,1.0,9.807585252159171,0.10000000149011612
95.242,1.0,9.670312753754358,0.10000000149011612
95.284,1.0,9.862552146592902,0.10000000149011612
95.333,1.0,9.615400871344738,0.10000000149011612
95.389,1.0,9.862839501951303,0.10000000149011612
95.442,1.0,9.752588563226164,0.10000000149011612
95.49,1.0,9.807796713275215,0.10000000149011612
95.54,1.0,9.807660456560551,0.10000000149011612
95.593,1.0,9.890077350681855,0.10000000149011612
95.64,1.0,9.752679282385442,0.10000000149011612
95.689,1.0,9.752907124492857,0.10000000149011612
95.739,1.0,9.917579205375578,0.10000000149011612
95.79,1.0,9.753096544577016,0.10000000149011612
95.84,1.0,9.862841244331664,0.10000000149011612
95.89,1.0,9.86272121326377,0.10000000149011612
95.945,1.0,9.890069368316068,0.10000000149011612
95.994,1.0,9.670223095495668,0.10000000149011612
96.043,1.0,9.697832575047181,0.10000000149011612
96.091,1.0,9.807654800824821,0.10000000149011612
96.142,1.0,9.862558711195986,0.10000000149011612
96.197,1.0,9.835363174395429,0.10000000149011612
96.242,1.0,9.780371781997383,0.10000000149011612
96.293,1.0,9.862644168196454,0.10000000149011612
96.345,1.0,9.780045437233316,0.10000000149011612
96.396,1.0,9.862627783873014,0.10000000149011612
96.442,1.0,9.835348860174417,0.10000000149011612
96.494,1.0,9.698021947013007,0.10000000149011612
96.543,1.0,9.780125199920601,0.10000000149011612
96.597,1.0,9.890180537891057,0.10000000149011612
96.646,1.0,9.835188347825573,0.10000000149011612
96.694,1.0,9.752718620292015,0.10000000149011612
96.742,1.0,9.83524024190588,0.10000000149011612
96.796,1.0,9.807766717734436,0.10000000149011612
96.849,1.0,9.807922061594825,0.10000000149011612
96.897,1.0,9.752929578576651,0.10000000149011612
96.946,1.0,9.862500000020695,0.10000000149011612
96.997,1.0,9.752685043608977,0.10000000149011612
97.047,1.0,9.752703690073556,0.10000000149011612
97.096,1.0,9.752625476361978,0.10000000149011612
97.148,1.0,9.807546669762168,0.10000000149011612
97.204,1.0,9.807763796630834,0.10000000149011612
97.247,1.0,9.83523331557711,0.10000000149011612
97.296,1.0,9.780175875851677,0.10000000149011612
97.347,1.0,9.752793647928371,0.10000000149011612
97.399,1.0,9.75285395971603,0.10000000149011612
97.45,1.0,9.86264642054836,0.10000000149011612
97.505,1.0,9.808168037732441,0.11144313216209412
97.549,1.0,9.752748707330062,0.10000000149011612
97.599,1.0,9.862720116455522,0.10000000149011612
97.647,1.0,9.725456279226476,0.10000000149011612
97.702,1.0,9.835144851211872,0.10000000149011612
97.751,1.0,9.780247581688066,0.10000000149011612
97.802,1.0,10.0,10.0
97.847,1.0,9.725312997669809,0.10000000149011612
97.901,1.0,9.89006986796028,0.10000000149011612
97.955,1.0,9.890079974196851,0.10000000149011612
98.0,1.0,9.697966635827388,0.10000000149011612
98.05,1.0,9.780438694440656,0.10000000149011612
98.102,1.0,9.697759882340002,0.10000000149011612
98.158,1.0,9.807696013131903,0.10000000149011612
98.214,1.0,9.725484556953113,0.10000000149011612
98.253,1.0,9.835211265832186,0.10000000149011612
98.306,1.0,9.780325482226909,0.10000000149011612
98.353,1.0,9.697886053638326,0.10000000149011612
98.403,1.0,9.890235197751059,0.10000000149011612
98.453,1.0,9.89000765066594,0.10000000149011612
98.509,1.0,9.72529468898558,0.10000000149011612
98.563,1.0,9.890307671183514,0.10000000149011612
98.61,1.0,9.80792498158084,0.10000000149011612
98.654,1.0,9.917568226634629,0.10000000149011612
98.704,1.0,9.862593056758245,0.10000000149011612
98.759,1.0,9.780176957117186,0.10000000149011612
98.807,1.0,9.807684782623417,0.10000000149011612
98.857,1.0,9.752834928677315,0.10000000149011612
98.907,1.0,9.752950030710135,0.10000000149011612
98.959,1.0,9.752747695168686,0.10000000149011612
99.009,1.0,9.725253029146955,0.10000000149011612
99.058,1.0,9.698190637905565,0.10000000149011612
99.108,1.0,9.725137344147596,0.10000000149011612
99.156,1.0,9.725530541936557,0.10000000149011612
99.207,1.0,9.780164620611403,0.10000000149011612
99.257,1.0,9.945131591355635,0.1216457262635231
99.307,1.0,9.89027150556859,0.10000000149011612
99.356,1.0,9.80762159290413,0.10000000149011612
99.412,1.0,9.890086300174396,0.10000000149011612
99.458,1.0,9.862707414374583,0.10000000149011612
99.508,1.0,9.862752635259595,0.10000000149011612
99.561,1.0,9.890269119168321,0.10000000149011612
99.608,1.0,9.752915394554536,0.10000000149011612
99.663,1.0,9.945118860631354,0.10000000149011612
99.708,1.0,9.725195877212617,0.10000000149011612
99.759,1.0,9.642954277329975,0.10000000149011612
99.809,1.0,9.780187389627098,0.10000000149011612
99.859,1.0,9.75278518197851,0.10000000149011612
99.909,1.0,9.945071754997803,0.10000000149011612
99.96,1.0,9.97255176347163,0.11863484978675842
100.012,1.0,9.780243620586893,0.10000000149011612
100.059,1.0,9.862740878077846,0.10000000149011612
100.112,1.0,9.752783456092907,0.10000000149011612
100.158,1.0,9.725496199230353,0.10000000149011612
100.215,1.0,9.862638191982276,0.10000000149011612
100.26,1.0,9.75280775071846,0.10000000149011612
100.31,1.0,9.807833394946323,0.10000000149011612
100.36,1.0,9.752645617350936,0.10000000149011612
100.412,1.0,9.862603500816558,0.10000000149011612
100.456,1.0,9.6978652111979,0.10000000149011612
100.509,1.0,9.725253063254058,0.10000000149011612
100.559,1.0,9.753021829927134,0.10000000149011612
100.611,1.0,9.807639509087636,0.10000000149011612
100.659,1.0,9.890130714223616,0.10000000149011612
100.71,1.0,9.917615251367291,0.10000000149011612
100.764,1.0,9.807597739104596,0.10000000149011612
100.809,1.0,9.780394509144955,0.10000000149011612
100.858,1.0,9.752679565093583,0.10000000149011612
100.914,1.0,9.835286296283206,0.10000000149011612
100.959,1.0,9.670624935026797,0.10000000149011612
101.009,1.0,9.643014161164562,0.10000000149011612
101.066,1.0,9.972500000004139,0.10000000149011612
101.11,1.0,9.780446846762466,0.10000000149011612
101.162,1.0,9.807654649329683,0.10000000149011612
101.212,1.0,9.642799247532254,0.10000000149011612
101.26,1.0,9.725728348083795,0.10000000149011612
101.314,1.0,9.698114509756367,0.10000000149011612
101.359,1.0,9.862881664393676,0.10364877432584763
101.416,1.0,9.780229100336632,0.10000000149011612
101.459,1.0,9.80774727138794,0.10000000149011612
101.509,1.0,9.725272514277862,0.10000000149011612
101.56,1.0,9.697718465597266,0.10000000149011612
101.612,1.0,9.725393011731406,0.10000000149011612
101.658,1.0,9.69767033379111,0.10000000149011612
101.708,1.0,9.862652672889332,0.10000000149011612
101.763,1.0,9.643111916383107,0.10000000149011612
101.812,1.0,9.862821734448273,0.10000000149011612
101.865,1.0,9.83518369955321,0.10000000149011612
101.91,1.0,9.972500000004139,0.10000000149011612
101.961,1.0,9.917575723677874,0.10000000149011612
102.017,1.0,9.862737967674104,0.10000000149011612
102.059,1.0,9.780265914648771,0.10000000149011612
102.119,1.0,9.725179790498482,0.10000000149011612
102.159,1.0,9.752810824579663,0.10000000149011612
102.21,1.0,9.835186123185688,0.10000000149011612
102.259,1.0,9.862589893655645,0.10000000149011612
102.309,1.0,9.752818221598863,0.10000000149011612
102.364,1.0,9.862794251036313,0.10000000149011612
102.413,1.0,9.725203779981369,0.10000000149011612
102.463,1.0,9.972500000004139,0.10000000149011612
102.513,1.0,9.9451220072185,0.10000000149011612
102.563,1.0,9.807565058560835,0.10000000149011612
102.615,1.0,9.80782008278701,0.10000000149011612
102.669,1.0,9.89000379451447,0.10000000149011612
102.72,1.0,9.862582382290727,0.10000000149011612
102.767,1.0,9.725682605823708,0.10000000149011612
102.816,1.0,9.752808000975184,0.10000000149011612
102.868,1.0,9.945069021835096,0.10000000149011612
102.917,1.0,9.862726924195886,0.10000000149011612
102.971,1.0,9.862677562050521,0.10000000149011612
103.018,1.0,9.80762072166221,0.10000000149011612
103.069,1.0,9.698035490988858,0.10000000149011612
103.115,1.0,9.807605788753264,0.10000000149011612
103.167,1.0,9.835122997582786,0.10000000149011612
103.219,1.0,9.643064874245061,0.10000000149011612
103.264,1.0,9.808017591593995,0.10000000149011612
103.317,1.0,9.807606602687802,0.10000000149011612
103.367,1.0,9.9175847997475,0.10000000149011612
103.416,1.0,9.78007648392684,0.10000000149011612
103.474,1.0,9.83524998612702,0.10000000149011612
103.52,1.0,9.94501458760351,0.10000000149011612
103.565,1.0,9.72526224717084,0.10000000149011612
103.616,1.0,9.80777955322216,0.10000000149011612
103.667,1.0,9.862669273031255,0.10000000149011612
103.717,1.0,9.780258798578547,0.10000000149011612
103.766,1.0,9.780227974367639,0.10000000149011612
103.816,1.0,9.780582851750983,0.10000000149011612
103.864,1.0,9.807918375999563,0.10000000149011612
103.916,1.0,9.642914198090633,0.10000000149011612
103.966,1.0,9.780472159923779,0.10000000149011612
104.016,1.0,9.752869347710575,0.10000000149011612
104.072,1.0,9.725321925659147,0.10000000149011612
104.124,1.0,9.80795039118578,0.10000000149011612
104.178,1.0,9.862717784382403,0.10000000149011612
104.22,1.0,9.698013429509269,0.10000000149011612
104.271,1.0,9.670421695419483,0.10000000149011612
104.329,1.0,9.725379711223972,0.10000000149011612
104.37,1.0,9.835230774722165,0.10000000149011612
104.422,1.0,9.835359366879695,0.10000000149011612
104.471,1.0,9.643047773155073,0.10000000149011612
104.519,1.0,9.807692870994408,0.10000000149011612
104.569,1.0,9.807544344353179,0.10000000149011612
104.621,1.0,9.835201104730368,0.10000000149011612
104.668,1.0,9.807765626245075,0.10000000149011612
104.726,1.0,9.69808974671695,0.10000000149011612
104.779,1.0,9.69795812327001,0.10000000149011612
104.827,1.0,9.643024271726608,0.10000000149011612
104.883,1.0,9.780508769945138,0.10000000149011612
104.927,1.0,9.697784199731217,0.10000000149011612
104.98,1.0,9.780491290179391,0.10000000149011612
105.036,1.0,9.72523669840561,0.10000000149011612
105.083,1.0,9.83513166513294,0.10000000149011612
105.142,1.0,9.725423149143657,0.10000000149011612
105.182,1.0,9.807793309663733,0.10000000149011612
105.234,1.0,9.697882103547453,0.10000000149011612
105.286,1.0,9.945000000008278,0.10000000149011612
105.332,1.0,9.917585157064927,0.10000000149011612
105.382,1.0,9.862623179310726,0.10000000149011612
105.436,1.0,9.862635144715508,0.10000000149011612
105.487,1.0,9.862733944195012,0.10000000149011612
105.541,1.0,9.835179006722239,0.10000000149011612
105.583,1.0,9.972565183229744,0.12346596270799637
105.635,1.0,9.78018855030338,0.10000000149011612
105.685,1.0,9.615642676129937,0.10000000149011612
105.734,1.0,9.835120091152687,0.10000000149011612
105.785,1.0,9.807732097535498,0.10000000149011612
105.835,1.0,9.807722546905278,0.10000000149011612
105.893,1.0,9.890219084401098,0.10000000149011612
105.934,1.0,9.67045566789392,0.10000000149011612
105.985,1.0,9.780208266754117,0.10000000149011612
106.036,1.0,9.670459752695429,0.10000000149011612
106.087,1.0,9.835334771643911,0.10000000149011612
106.136,1.0,9.807740922272206,0.10000000149011612
106.188,1.0,9.80762577296959,0.10000000149011612
106.235,1.0,9.807851435078515,0.10000000149011612
106.285,1.0,9.862678630629347,0.10000000149011612
106.34,1.0,9.78018733807322,0.10000000149011612
106.391,1.0,9.807734116518663,0.10000000149011612
106.437,1.0,9.780132339211802,0.10000000149011612
106.487,1.0,9.917500000012417,0.10000000149011612
106.538,1.0,9.917604924055437,0.10000000149011612
106.586,1.0,9.752733997462524,0.10000000149011612
106.636,1.0,9.945083118271496,0.10444502532482147
106.686,1.0,9.862616969355278,0.10000000149011612
106.742,1.0,9.890111738029454,0.10000000149011612
106.785,1.0,9.72517550744944,0.10000000149011612
106.835,1.0,9.890004659816622,0.10000000149011612
106.887,1.0,9.807800174856352,0.10000000149011612
106.937,1.0,9.80772789708442,0.10000000149011612
106.992,1.0,9.807657222180731,0.10000000149011612
107.042,1.0,9.835306317876611,0.10000000149011612
107.09,1.0,9.890016487158007,0.10000000149011612
107.141,1.0,9.752502715794577,0.10000000149011612
107.194,1.0,9.725424082101219,0.10000000149011612
107.246,1.0,9.780120048920313,0.10000000149011612
107.296,1.0,9.697917043686742,0.10000000149011612
107.343,1.0,9.862533383899265,0.10000000149011612
107.395,1.0,9.835197623115446,0.10000000149011612
107.445,1.0,9.752861617360677,0.10000000149011612
107.496,1.0,9.862808479534255,0.10000000149011612
107.543,1.0,9.6977729174205,0.10000000149011612
107.595,1.0,9.807707044089007,0.10000000149011612
107.644,1.0,9.862500000020695,0.10000000149011612
107.693,1.0,9.725330550368462,0.10000000149011612
107.746,1.0,9.752676761998899,0.10000000149011612
107.793,1.0,9.725099895894527,0.10000000149011612
107.842,1.0,9.752589511871339,0.10000000149011612
107.899,1.0,9.835145139321686,0.10000000149011612
107.943,1.0,9.78022336543848,0.10000000149011612
107.998,1.0,9.752796485026677,0.10000000149011612
108.044,1.0,9.780317858213351,0.10000000149011612
108.095,1.0,9.61531731740882,0.10000000149011612
108.15,1.0,9.917500000012417,0.10000000149011612
108.194,1.0,9.835254261704783,0.10000000149011612
108.247,1.0,9.890166705225905,0.10000000149011612
108.3,1.0,9.670254111621116,0.10000000149011612
108.342,1.0,9.83509600646794,0.10000000149011612
108.395,1.0,9.86274601492203,0.10000000149011612
108.445,1.0,9.807782074477938,0.10000000149011612
108.494,1.0,9.725279903266992,0.10000000149011612
108.544,1.0,9.780235966853798,0.10000000149011612
108.595,1.0,9.862764341591133,0.10000000149011612
108.651,1.0,9.780164810001022,0.10000000149011612
108.694,1.0,9.862648779588442,0.10000000149011612
108.748,1.0,9.615885290751855,0.10000000149011612
108.794,1.0,9.862712000082764,0.10000000149011612
108.844,1.0,9.835232718764908,0.10000000149011612
108.903,1.0,9.78019638073941,0.10000000149011612
108.949,1.0,9.807631564264495,0.10000000149011612
109.002,1.0,9.862599937700564,0.10000000149011612
109.05,1.0,9.780466871253319,0.10000000149011612
109.1,1.0,9.78030137858457,0.10000000149011612
109.155,1.0,9.945138044117225,0.11168898642063141
109.2,1.0,9.89017877785696,0.10000000149011612
109.249,1.0,9.69802806917578,0.10000000149011612
109.3,1.0,9.890139570873645,0.10153066366910934
109.351,1.0,9.807713952950305,0.10000000149011612
109.4,1.0,9.807811696061657,0.10000000149011612
109.452,1.0,9.917500000012417,0.10000000149011612
109.498,1.0,9.780216692243185,0.10000000149011612
109.553,1.0,9.78041465739823,0.10000000149011612
109.6,1.0,9.807755183904534,0.10000000149011612
109.66,1.0,9.670310254415703,0.10000000149011612
109.71,1.0,9.697819753073984,0.10000000149011612
109.753,1.0,9.862564811814163,0.10000000149011612
109.802,1.0,9.807644934703907,0.10000000149011612
109.854,1.0,9.890000000016556,0.10000000149011612
109.903,1.0,9.807610138298736,0.10000000149011612
109.951,1.0,9.807607033165793,0.10000000149011612
110.003,1.0,9.75282522595177,0.10000000149011612
110.05,1.0,9.642920977580879,0.10000000149011612
110.101,1.0,9.890237020370034,0.10000000149011612
110.151,1.0,9.780204008064336,0.10000000149011612
110.201,1.0,9.670305363730424,0.10000000149011612
110.249,1.0,9.642956282467479,0.10000000149011612
110.3,1.0,9.752826220542193,0.10000000149011612
110.354,1.0,9.807500000028975,0.10000000149011612
110.411,1.0,9.83509537908766,0.10000000149011612
110.451,1.0,9.945012694162626,0.10000000149011612
110.501,1.0,9.835187045029468,0.10000000149011612
110.551,1.0,9.725194652564824,0.10000000149011612
110.602,1.0,9.67053591751804,0.10000000149011612
110.652,1.0,9.83517905804846,0.10000000149011612
110.702,1.0,9.862701102822191,0.10000000149011612
110.76,1.0,9.807771711382602,0.10000000149011612
110.801,1.0,9.863054491165611,0.1272301971912384
110.85,1.0,9.807670587135686,0.10000000149011612
110.902,1.0,9.725328859107362,0.10000000149011612
110.961,1.0,9.917544919562836,0.10000000149011612
111.001,1.0,9.807779655543467,0.10000000149011612
111.055,1.0,9.890105718643301,0.10000000149011612
111.106,1.0,9.807726441220277,0.10000000149011612
111.152,1.0,9.725296453614202,0.10000000149011612
111.205,1.0,9.697863547607428,0.10000000149011612
111.251,1.0,9.83502415606959,0.10000000149011612
111.304,1.0,9.917570740150081,0.10000000149011612
111.353,1.0,9.643243006368477,0.10000000149011612
111.401,1.0,9.835367940759493,0.10000000149011612
111.455,1.0,9.80765655785799,0.10000000149011612
111.502,1.0,9.80772961554014,0.10000000149011612
111.554,1.0,9.807619704264734,0.10000000149011612
111.603,1.0,9.862574797165063,0.10000000149011612
111.653,1.0,9.780397855656014,0.10000000149011612
111.702,1.0,9.670582902121048,0.10000000149011612
111.753,1.0,9.835449877050188,0.10000000149011612
111.805,1.0,9.753014385865795,0.10000000149011612
111.855,1.0,9.697719914404054,0.10000000149011612
111.902,1.0,9.807784935438798,0.10000000149011612
111.954,1.0,9.725173971719212,0.10000000149011612
112.002,1.0,9.89024780102902,0.10000000149011612
112.051,1.0,9.80773964787109,0.10000000149011612
112.105,1.0,9.835375122042993,0.10000000149011612
112.16,1.0,9.807637134297854,0.10000000149011612
112.204,1.0,9.67024064504852,0.10000000149011612
112.254,1.0,9.780332320804398,0.10000000149011612
112.304,1.0,9.862545862690443,0.10000000149011612
112.355,1.0,9.835203773342073,0.10000000149011612
112.404,1.0,9.725448259752657,0.10000000149011612
112.457,1.0,9.835037335567176,0.10000000149011612
112.504,1.0,9.807673155164553,0.10000000149011612
112.554,1.0,9.807827389343744,0.10000000149011612
112.604,1.0,9.862686827468375,0.10000000149011612
112.654,1.0,9.725403899368313,0.10000000149011612
112.7,1.0,9.72532317723251,0.10000000149011612
112.754,1.0,9.89007744886395,0.10000000149011612
112.804,1.0,9.697792173446052,0.10000000149011612
112.858,1.0,9.890000000016556,0.10000000149011612
112.906,1.0,9.862655487842858,0.10000000149011612
112.954,1.0,9.670388472597633,0.10000000149011612
113.004,1.0,9.8353371395626,0.10000000149011612
113.061,1.0,9.752976538944576,0.10000000149011612
113.105,1.0,9.752966754386822,0.10000000149011612
113.159,1.0,9.86253186478797,0.10000000149011612
113.204,1.0,9.697982212839028,0.10000000149011612
113.254,1.0,9.89020753370391,0.10000000149011612
113.303,1.0,9.725159929754833,0.10000000149011612
113.355,1.0,9.862686128666004,0.10000000149011612
113.409,1.0,9.780237131814163,0.10000000149011612
113.455,1.0,9.807525480952528,0.10000000149011612
113.505,1.0,9.917637906430496,0.10000000149011612
113.554,1.0,9.890172971453932,0.10000000149011612
113.606,1.0,9.780331817807422,0.10000000149011612
113.655,1.0,9.697681569659876,0.10000000149011612
113.705,1.0,9.752659997882114,0.10000000149011612
113.764,1.0,9.80758312145869,0.10000000149011612
113.811,1.0,9.835308283050027,0.10000000149011612
113.861,1.0,9.945120542806883,0.10068253427743912
113.915,1.0,9.752740822835928,0.10000000149011612
113.967,1.0,9.725171368465656,0.10000000149011612
114.017,1.0,9.86259256452322,0.10000000149011612
114.068,1.0,9.890003562077052,0.10000000149011612
114.116,1.0,9.862735417298973,0.10000000149011612
114.166,1.0,9.725069051339394,0.10000000149011612
114.214,1.0,9.86253166064206,0.10000000149011612
114.267,1.0,9.780551327475242,0.10224074125289917
114.322,1.0,9.862629425111745,0.10000000149011612
114.365,1.0,9.91761876406769,0.10000000149011612
114.419,1.0,9.807500000028975,0.10000000149011612
114.467,1.0,9.835210109419293,0.10000000149011612
114.515,1.0,9.862795398467117,0.10000000149011612
114.572,1.0,9.89002201333642,0.10000000149011612
114.619,1.0,9.917500000012417,0.10000000149011612
114.666,1.0,9.835035315197375,0.10000000149011612
114.715,1.0,9.862758296521173,0.10000000149011612
114.765,1.0,9.917599591571424,0.10000000149011612
114.821,1.0,9.642801257140107,0.10000000149011612
114.866,1.0,9.642881815073391,0.10000000149011612
114.916,1.0,9.862766166424585,0.10000000149011612
114.967,1.0,9.917784283206695,0.12082330137491226
115.023,1.0,9.9176342861106,0.10000000149011612
115.067,1.0,9.807718052859936,0.10000000149011612
115.116,1.0,9.752695424792668,0.10000000149011612
115.168,1.0,9.890154619825383,0.10000000149011612
115.217,1.0,9.72524103609224,0.10000000149011612
115.27,1.0,9.725343294462396,0.10000000149011612
115.323,1.0,9.80766996656441,0.10000000149011612
115.366,1.0,9.7253238533727,0.10000000149011612
115.417,1.0,9.890182895834247,0.10000000149011612
115.468,1.0,9.780120301805436,0.10000000149011612
115.52,1.0,9.94513594381925,0.10000000149011612
115.566,1.0,9.752649400859243,0.10000000149011612
115.622,1.0,9.86260022326476,0.10000000149011612
115.665,1.0,9.835288688995773,0.10000000149011612
115.716,1.0,9.862576058093044,0.10000000149011612
115.765,1.0,9.780536638200283,0.10000000149011612
115.817,1.0,9.807742278898756,0.10000000149011612
115.867,1.0,9.752690296123426,0.10000000149011612
115.916,1.0,9.83523578879734,0.10000000149011612
115.966,1.0,9.83526434480316,0.10000000149011612
116.017,1.0,9.835104546778732,0.10000000149011612
116.068,1.0,9.917606913008624,0.10000000149011612
116.119,1.0,9.697568993911975,0.10000000149011612
116.173,1.0,9.780269491465555,0.10000000149011612
116.216,1.0,9.807803851945533,0.10000000149011612
116.269,1.0,9.862606325000524,0.10000000149011612
116.319,1.0,9.753003425275287,0.10000000149011612
116.371,1.0,9.835127439784507,0.10000000149011612
116.422,1.0,9.752888956562513,0.10000000149011612
116.468,1.0,9.752847840843929,0.10000000149011612
116.523,1.0,9.697842060422731,0.10000000149011612
116.573,1.0,9.780125874156754,0.10000000149011612
116.624,1.0,9.862803277787235,0.10000000149011612
116.675,1.0,9.890134338724117,0.10000000149011612
116.723,1.0,9.780257071513269,0.10000000149011612
116.774,1.0,9.835413625794981,0.10000000149011612
116.835,1.0,9.780391547973785,0.10000000149011612
116.875,1.0,9.945000000008278,0.10000000149011612
116.926,1.0,9.725151348486543,0.10000000149011612
116.978,1.0,9.752756940987375,0.10000000149011612
117.025,1.0,9.890181074105204,0.10000000149011612
117.074,1.0,9.72512495526009,0.10000000149011612
117.126,1.0,9.807828387990593,0.10000000149011612
117.174,1.0,9.78018861203972,0.10000000149011612
117.227,1.0,9.752790717325277,0.10000000149011612
117.276,1.0,9.807784999348224,0.10000000149011612
117.327,1.0,9.698082317577468,0.10000000149011612
117.374,1.0,9.780299370694491,0.10000000149011612
117.425,1.0,9.807885833705464,0.10000000149011612
117.477,1.0,9.75277283175124,0.10000000149011612
117.524,1.0,9.752859721105132,0.10000000149011612
117.576,1.0,9.862630192562937,0.10000000149011612
117.624,1.0,9.78048580404785,0.10000000149011612
117.675,1.0,9.807958381498853,0.10000000149011612
117.724,1.0,9.862597829269038,0.10000000149011612
117.777,1.0,9.780190141892268,0.10000000149011612
117.829,1.0,9.697776831065616,0.10000000149011612
117.874,1.0,9.89020155324704,0.10000000149011612
117.934,1.0,9.780178452655672,0.10000000149011612
117.974,1.0,9.80766412181159,0.10000000149011612
118.024,1.0,9.752821872341965,0.10000000149011612
118.076,1.0,9.917553658038377,0.10000000149011612
118.129,1.0,9.780167716555297,0.10000000149011612
118.173,1.0,9.862621874962416,0.10000000149011612
118.225,1.0,9.78007388230827,0.10000000149011612
118.285,1.0,9.670146932349438,0.10000000149011612
118.324,1.0,9.725281810160313,0.10000000149011612
118.373,1.0,9.752793247232006,0.10000000149011612
118.426,1.0,9.86264209571398,0.10000000149011612
118.474,1.0,9.78010121602565,0.10000000149011612
118.526,1.0,9.807818650826812,0.10000000149011612
118.574,1.0,9.835178225570255,0.10000000149011612
118.624,1.0,9.807746993439894,0.10000000149011612
118.674,1.0,9.697879228678842,0.10000000149011612
118.724,1.0,9.835176095325085,0.10000000149011612
118.781,1.0,9.780273809221883,0.10000000149011612
118.824,1.0,9.835123891362713,0.10000000149011612
118.874,1.0,9.6701386641711,0.10000000149011612
118.923,1.0,9.780329388048914,0.10000000149011612
118.978,1.0,9.862669220214917,0.10000000149011612
119.027,1.0,9.752754462365475,0.10000000149011612
119.078,1.0,9.72535870636089,0.10000000149011612
119.133,1.0,9.890137524882125,0.10000000149011612
119.178,1.0,9.862876997308598,0.10000000149011612
119.23,1.0,9.807647217975722,0.10000000149011612
119.276,1.0,9.862621242966917,0.10000000149011612
119.328,1.0,9.862783869935406,0.10000000149011612
119.377,1.0,9.835288090093268,0.10000000149011612
119.431,1.0,9.697909463507434,0.10000000149011612
119.478,1.0,9.972500000004139,0.10000000149011612
119.53,1.0,9.862534442419808,0.10000000149011612
119.578,1.0,9.780354571797782,0.10000000149011612
119.631,1.0,9.890066837436622,0.10000000149011612
119.681,1.0,9.835083490506642,0.10000000149011612
119.732,1.0,9.698058695139157,0.10000000149011612
119.782,1.0,9.862778039773305,0.10567508637905121
119.833,1.0,9.835255399946536,0.10000000149011612
119.885,1.0,9.807740502701037,0.10000000149011612
119.93,1.0,9.780183321961927,0.10000000149011612
119.985,1.0,9.890171429183749,0.10000000149011612
120.031,1.0,9.670628254012101,0.10000000149011612
120.091,1.0,9.780225797990958,0.10000000149011612
120.133,1.0,9.917625369131565,0.10000000149011612
120.184,1.0,9.752797945692308,0.10000000149011612
120.236,1.0,9.78022299075706,0.10000000149011612
120.283,1.0,9.862620854005218,0.10000000149011612
120.333,1.0,9.78018313774632,0.10000000149011612
120.384,1.0,9.835372024733159,0.10000000149011612
120.433,1.0,9.862774880892701,0.10000000149011612
120.483,1.0,9.642605826631188,0.10000000149011612
120.534,1.0,9.780220115847058,0.10000000149011612
120.586,1.0,9.862731100949976,0.10000000149011612
120.636,1.0,9.862820484489202,0.10000000149011612
120.69,1.0,9.780389680754807,0.10000000149011612
120.735,1.0,9.835255769412552,0.10000000149011612
120.785,1.0,9.752873356433378,0.10000000149011612
120.836,1.0,9.615468863791062,0.10000000149011612
120.887,1.0,9.917601765609449,0.10000000149011612
120.94,1.0,9.917574232837392,0.10000000149011612
120.986,1.0,9.862587771916555,0.10000000149011612
121.036,1.0,9.752974350460702,0.10000000149011612
121.086,1.0,9.807662513893511,0.10000000149011612
121.137,1.0,9.862686710204516,0.10000000149011612
121.191,1.0,9.807821822249227,0.10000000149011612
121.241,1.0,9.890154300650789,0.10000000149011612
121.285,1.0,9.917619415207042,0.10000000149011612
121.338,1.0,9.862802979950276,0.10000000149011612
121.386,1.0,9.725264158141282,0.10000000149011612
121.436,1.0,9.752796390362912,0.10000000149011612
121.491,1.0,9.807805103912122,0.10000000149011612
121.545,1.0,9.697960192441112,0.10000000149011612
121.59,1.0,9.862572457724147,0.10000000149011612
121.641,1.0,9.643017596792843,0.10000000149011612
121.69,1.0,9.643009484828346,0.10000000149011612
121.744,1.0,9.807684247299202,0.10000000149011612
121.797,1.0,9.80789968414853,0.10000000149011612
121.84,1.0,9.78052895795554,0.10000000149011612
121.892,1.0,9.697785994990005,0.10000000149011612
121.944,1.0,9.807628472935821,0.10000000149011612
121.998,1.0,9.862587619386613,0.10000000149011612
122.047,1.0,9.972500000004139,0.10000000149011612
122.092,1.0,9.780162359794808,0.10000000149011612
122.144,1.0,9.725311625893745,0.10000000149011612
122.197,1.0,9.945131616356472,0.10000000149011612
122.242,1.0,9.725278749254842,0.10000000149011612
122.303,1.0,9.780181871189011,0.10000000149011612
122.344,1.0,9.780276950221095,0.10000000149011612
122.395,1.0,9.917594255962305,0.10000000149011612
122.446,1.0,9.91759231409265,0.10000000149011612
122.5,1.0,9.835000000024836,0.10000000149011612
122.544,1.0,9.753091770389842,0.10000000149011612
122.596,1.0,9.780178058892488,0.10000000149011612
122.65,1.0,9.725123244855139,0.10000000149011612
122.7,1.0,9.780236706530882,0.10000000149011612
122.746,1.0,9.752598879713979,0.10000000149011612
122.802,1.0,9.80780163893683,0.10000000149011612
122.846,1.0,9.890064018778503,0.10000000149011612
122.904,1.0,9.752765128264825,0.10000000149011612
122.949,1.0,9.752742551060187,0.10000000149011612
122.997,1.0,10.0,10.0
123.047,1.0,9.835152362514702,0.10000000149011612
123.101,1.0,9.835207025313544,0.10000000149011612
123.147,1.0,9.615744777893026,0.10000000149011612
123.195,1.0,9.862638237844738,0.10000000149011612
123.246,1.0,9.780092947392,0.10000000149011612
123.296,1.0,9.752674629373683,0.10000000149011612
123.346,1.0,9.752602026632262,0.10000000149011612
123.398,1.0,9.725164357469314,0.10000000149011612
123.453,1.0,9.835154499920707,0.10000000149011612
123.497,1.0,9.72534286690255,0.10000000149011612
123.553,1.0,9.83520113894095,0.10000000149011612
123.606,1.0,9.725402502322362,0.10000000149011612
123.65,1.0,9.753046786205637,0.10000000149011612
123.699,1.0,9.807751970758869,0.10000000149011612
123.75,1.0,9.835177692895135,0.10000000149011612
123.801,1.0,9.835115129955941,0.10000000149011612
123.85,1.0,9.86273946919375,0.10000000149011612
123.9,1.0,9.86253560706973,0.10000000149011612
123.951,1.0,9.83524378877547,0.10000000149011612
124.003,1.0,9.78031586760448,0.10000000149011612
124.053,1.0,9.725411327721345,0.10000000149011612
124.095,1.0,9.80783938984904,0.10000000149011612
124.151,1.0,9.862597026572459,0.10000000149011612
124.201,1.0,9.862714020763006,0.10000000149011612
124.253,1.0,9.835020877151853,0.10000000149011612
124.303,1.0,9.862545132781896,0.10000000149011612
124.356,1.0,9.835158047266304,0.10000000149011612
124.403,1.0,9.835101089378197,0.10000000149011612
124.454,1.0,9.890284661038054,0.10655230283737183
124.503,1.0,9.752627916178769,0.10000000149011612
124.555,1.0,9.780377702870302,0.10000000149011612
124.603,1.0,9.67010250977344,0.10000000149011612
124.653,1.0,9.807766345991856,0.10000000149011612
124.703,1.0,9.972570491002665,0.12537676095962524
124.753,1.0,9.752879934281939,0.10000000149011612
124.805,1.0,9.862841179325349,0.10000000149011612
124.852,1.0,9.752644725268086,0.10000000149011612
124.9,1.0,9.91753468070593,0.10000000149011612
124.954,1.0,9.97257881052792,0.12837179005146027
125.003,1.0,9.752896576643819,0.10000000149011612
125.055,1.0,9.725493665184413,0.10000000149011612
125.108,1.0,9.725354160678883,0.10000000149011612
125.154,1.0,9.780194419125715,0.10000000149011612
125.203,1.0,9.780378758617573,0.10000000149011612
125.258,1.0,9.917710223897464,0.12009254097938538
125.305,1.0,9.78006835339798,0.10000000149011612
125.354,1.0,9.862734871378375,0.10000000149011612
125.406,1.0,9.75312097614838,0.10000000149011612
125.456,1.0,9.807892759040826,0.10000000149011612
125.506,1.0,9.835180255956947,0.10000000149011612
125.554,1.0,9.807588376353184,0.10000000149011612
125.603,1.0,9.780146194208,0.10000000149011612
125.653,1.0,9.752836392964754,0.10000000149011612
125.703,1.0,9.698029216875632,0.10000000149011612
125.753,1.0,9.917581560297144,0.10000000149011612
125.807,1.0,9.752817743395765,0.10000000149011612
125.856,1.0,9.725532828809486,0.10000000149011612
125.907,1.0,9.890244874689314,0.10000000149011612
125.964,1.0,9.835145970578823,0.10000000149011612
126.012,1.0,9.835404799506069,0.10000000149011612
126.06,1.0,9.945000000008278,0.10000000149011612
126.111,1.0,9.752750936254031,0.10000000149011612
126.16,1.0,9.725359581286709,0.10000000149011612
126.211,1.0,9.615882819746103,0.10000000149011612
126.266,1.0,9.945016589388251,0.10000000149011612
126.312,1.0,9.643310741066104,0.10000000149011612
126.362,1.0,9.890074886588586,0.10000000149011612
126.414,1.0,9.75273973138796,0.10000000149011612
126.472,1.0,9.862764790219565,0.10000000149011612
126.513,1.0,9.862749116598732,0.10977011173963547
126.562,1.0,9.89034351133224,0.10000000149011612
126.616,1.0,9.835295968213016,0.10000000149011612
126.662,1.0,9.80764058801449,0.10000000149011612
126.712,1.0,9.862704578186904,0.10000000149011612
126.77,1.0,9.807841856094699,0.10000000149011612
126.812,1.0,9.807901643589139,0.10000000149011612
126.862,1.0,9.945075855797363,0.10000000149011612
126.915,1.0,9.835086702079408,0.10000000149011612
126.962,1.0,9.862551273136503,0.10000000149011612
127.015,1.0,9.917677332336703,0.10000000149011612
127.062,1.0,9.835234328587022,0.10000000149011612
127.113,1.0,9.697953510243032,0.10000000149011612
127.162,1.0,9.75271354087939,0.10000000149011612
127.211,1.0,9.725432342973848,0.10000000149011612
127.271,1.0,9.780482598973645,0.10000000149011612
127.313,1.0,9.752714945086174,0.10000000149011612
127.364,1.0,9.670303742525478,0.10000000149011612
127.416,1.0,9.835155267433988,0.10000000149011612
127.461,1.0,9.78041024075614,0.10000000149011612
127.521,1.0,9.780279026118418,0.10000000149011612
127.571,1.0,9.890279302973713,0.1108914390206337
127.612,1.0,9.780016435268852,0.10000000149011612
127.666,1.0,9.78032809117188,0.10000000149011612
127.716,1.0,9.835166013406383,0.10000000149011612
127.771,1.0,9.890000000016556,0.10000000149011612
127.814,1.0,9.807745983306733,0.10000000149011612
127.865,1.0,9.890137777084277,0.10000000149011612
127.914,1.0,9.835264032002952,0.10000000149011612
127.969,1.0,9.78019677369545,0.10000000149011612
128.012,1.0,9.780383634629349,0.10000000149011612
128.063,1.0,9.890236691199243,0.10000000149011612
128.114,1.0,9.862667362660998,0.10000000149011612
128.167,1.0,9.752753736265003,0.10000000149011612
128.215,1.0,9.752791924857432,0.10000000149011612
128.272,1.0,10.0,10.0
128.315,1.0,9.862569144720005,0.10000000149011612
128.364,1.0,9.862740160421366,0.10000000149011612
128.417,1.0,9.725355860259798,0.10000000149011612
128.469,1.0,9.725315242529744,0.10000000149011612
128.512,1.0,9.780241003694634,0.10000000149011612
128.566,1.0,9.807726958331962,0.10000000149011612
128.615,1.0,9.64294949029055,0.10000000149011612
128.674,1.0,9.862661013690134,0.10000000149011612
128.718,1.0,9.807722078201671,0.10000000149011612
128.767,1.0,9.807692415391406,0.10000000149011612
128.815,1.0,9.780000000033114,0.10000000149011612
128.866,1.0,9.78037674131079,0.10000000149011612
128.913,1.0,9.835292398929596,0.10000000149011612
128.965,1.0,9.890020446913939,0.10000000149011612
129.014,1.0,9.807670790950457,0.10000000149011612
129.066,1.0,9.642797473693888,0.10000000149011612
129.118,1.0,9.862584770325984,0.10000000149011612
129.166,1.0,9.780086162500083,0.10000000149011612
129.215,1.0,9.890124522542788,0.10000000149011612
129.267,1.0,9.807949479669333,0.10000000149011612
129.319,1.0,9.862745211956401,0.10000000149011612
129.374,1.0,9.945245345102416,0.13952885568141937
129.42,1.0,9.780481536541547,0.10000000149011612
129.469,1.0,9.835245414968167,0.10000000149011612
129.519,1.0,9.835000000024836,0.10000000149011612
129.569,1.0,9.862533930150999,0.10000000149011612
129.619,1.0,9.752990368050005,0.10000000149011612
129.671,1.0,9.862682671555214,0.10000000149011612
129.719,1.0,9.807873369525705,0.10000000149011612
129.769,1.0,9.697873059867156,0.10000000149011612
129.819,1.0,9.615665850891835,0.10000000149011612
129.869,1.0,9.807817649841308,0.10000000149011612
129.926,1.0,9.917521206144658,0.10000000149011612
129.97,1.0,9.945000000008278,0.10000000149011612
130.023,1.0,9.835341669143075,0.10000000149011612
130.076,1.0,9.807839391566812,0.10000000149011612
130.119,1.0,9.8078522256679,0.10000000149011612
130.168,1.0,9.835199498323103,0.10000000149011612
130.219,1.0,9.725508177673651,0.10000000149011612
130.269,1.0,9.835236488013631,0.10000000149011612
130.319,1.0,9.83546986873779,0.10000000149011612
130.375,1.0,9.807789255554477,0.10000000149011612
130.418,1.0,9.807730750636095,0.10000000149011612
130.469,1.0,9.670311010090842,0.10000000149011612
130.523,1.0,9.807775276816553,0.10000000149011612
130.569,1.0,9.643007933638161,0.10000000149011612
130.624,1.0,9.835391998228927,0.10000000149011612
130.671,1.0,9.807982068984872,0.10000000149011612
130.719,1.0,9.752890945288042,0.10000000149011612
130.773,1.0,9.807842538609274,0.10000000149011612
130.819,1.0,9.862685384270218,0.10000000149011612
130.869,1.0,9.83508108643194,0.10000000149011612
130.923,1.0,9.807551656373674,0.10000000149011612
130.978,1.0,9.725361660102175,0.10000000149011612
131.021,1.0,9.643168121431437,0.10000000149011612
131.072,1.0,9.780290644822848,0.10000000149011612
131.13,1.0,9.69775903607822,0.10000000149011612
131.17,1.0,9.890149629219538,0.10000000149011612
131.225,1.0,9.86252391849541,0.10000000149011612
131.272,1.0,9.58828639646785,0.10000000149011612
131.325,1.0,9.835264406787852,0.10000000149011612
131.376,1.0,9.835154840391542,0.10000000149011612
131.433,1.0,9.780180798988376,0.10000000149011612
131.479,1.0,9.752955080423918,0.10000000149011612
131.529,1.0,9.917502329788274,0.10000000149011612
131.574,1.0,9.917654047802918,0.10000000149011612
131.627,1.0,9.972553057865136,0.11910083144903183
131.677,1.0,9.697934375475679,0.10000000149011612
131.728,1.0,9.917605280586415,0.10169631242752075
131.776,1.0,9.752998820402556,0.10000000149011612
131.834,1.0,9.890159066704411,0.10000000149011612
131.876,1.0,9.780437519277136,0.10000000149011612
131.931,1.0,9.9175466110102,0.10000000149011612
131.978,1.0,9.862935786611503,0.10375930368900299
132.026,1.0,9.945116778607998,0.10000000149011612
132.08,1.0,9.752688849841554,0.10000000149011612
132.127,1.0,9.807763398128252,0.10000000149011612
132.178,1.0,9.83518889616761,0.10000000149011612
132.232,1.0,9.725388242759639,0.10000000149011612
132.278,1.0,9.807783008511695,0.10000000149011612
132.327,1.0,9.780277563403878,0.10000000149011612
132.379,1.0,9.917610234394669,0.10000000149011612
132.428,1.0,9.835292288412651,0.10000000149011612
132.484,1.0,9.835355188987322,0.10000000149011612
132.527,1.0,9.8077750261873,0.10000000149011612
132.578,1.0,9.807619907334447,0.10000000149011612
132.626,1.0,9.780356111667222,0.10000000149011612
132.678,1.0,9.642964564450086,0.10000000149011612
132.731,1.0,9.945000000008278,0.10000000149011612
132.777,1.0,9.862907231102387,0.10341282188892365
132.833,1.0,9.835199754374722,0.10000000149011612
132.879,1.0,9.725219173170625,0.10000000149011612
132.928,1.0,9.86280088842743,0.10000000149011612
132.979,1.0,9.752828475584586,0.10000000149011612
133.033,1.0,9.945074900508756,0.10000000149011612
133.078,1.0,9.67026212575535,0.10000000149011612
133.134,1.0,9.890143138066762,0.10000000149011612
133.179,1.0,9.807680433036552,0.10000000149011612
133.229,1.0,9.670252864228354,0.10000000149011612
133.286,1.0,9.835285255395704,0.10000000149011612
133.343,1.0,9.835132336989044,0.10000000149011612
133.378,1.0,9.72548850333939,0.10000000149011612
133.431,1.0,9.835335400617785,0.10000000149011612
133.484,1.0,9.642914333442848,0.10000000149011612
133.531,1.0,9.8352592571742,0.10000000149011612
133.583,1.0,9.972500000004139,0.10000000149011612
133.631,1.0,9.862625948795014,0.10000000149011612
133.681,1.0,9.69771834106909,0.10000000149011612
133.738,1.0,9.725259680280255,0.10000000149011612
133.781,1.0,9.752861445376443,0.10000000149011612
133.834,1.0,9.807746278639469,0.10000000149011612
133.88,1.0,9.890118030520776,0.10000000149011612
133.932,1.0,9.862700428565343,0.10000000149011612
133.981,1.0,9.862830304519997,0.10180196911096573
134.037,1.0,9.753048773047825,0.10000000149011612
134.089,1.0,9.835385550144647,0.10000000149011612
134.132,1.0,9.917656945954594,0.10300207883119583
134.182,1.0,9.862790058698092,0.10000000149011612
134.233,1.0,9.890126395370398,0.10000000149011612
134.281,1.0,9.862684322810836,0.10000000149011612
134.333,1.0,9.890096217166219,0.10000000149011612
134.382,1.0,9.587868161582284,0.10000000149011612
134.433,1.0,9.752711056979994,0.10000000149011612
134.482,1.0,9.835134217205146,0.10000000149011612
134.534,1.0,9.835208927902082,0.10000000149011612
134.584,1.0,9.83510405243271,0.10000000149011612
134.633,1.0,9.917628407105804,0.10778996348381042
134.685,1.0,9.61524790165325,0.10000000149011612
134.734,1.0,9.862545296777453,0.10000000149011612
134.783,1.0,9.835176323188676,0.10000000149011612
134.841,1.0,9.752640652180546,0.10000000149011612
134.881,1.0,9.780311139362555,0.10000000149011612
134.935,1.0,9.697736389997106,0.10000000149011612
134.983,1.0,9.75303893449406,0.10000000149011612
135.034,1.0,9.780459246204959,0.10000000149011612
135.084,1.0,9.780281323732602,0.10000000149011612
135.134,1.0,9.670696427031524,0.10000000149011612
135.189,1.0,9.890073797893193,0.10000000149011612
135.233,1.0,9.94511203929368,0.10000000149011612
135.284,1.0,9.588081309406293,0.10000000149011612
135.336,1.0,9.917661327144337,0.10000000149011612
135.385,1.0,9.698107090985609,0.10000000149011612
135.435,1.0,9.615457399313648,0.10000000149011612
135.484,1.0,9.78034717252271,0.10000000149011612
135.54,1.0,9.807564258140822,0.10000000149011612
135.585,1.0,9.807597430195246,0.10000000149011612
135.635,1.0,9.780326329378617,0.10000000149011612
135.686,1.0,9.807842599848906,0.10000000149011612
135.724,1.0,9.917500000012417,0.10000000149011612
135.784,1.0,9.890065728334918,0.10000000149011612
135.835,1.0,9.80774817313585,0.10000000149011612
135.888,1.0,9.917500000012417,0.10000000149011612
135.936,1.0,9.807706595771014,0.10000000149011612
135.988,1.0,9.698154105142587,0.10000000149011612
136.036,1.0,9.86252782371723,0.10000000149011612
136.087,1.0,9.807830545782215,0.10000000149011612
136.134,1.0,9.890251594388651,0.10000000149011612
136.185,1.0,9.725530204052726,0.10000000149011612
136.236,1.0,9.917517385797368,0.10000000149011612
136.286,1.0,9.862771786832147,0.10000000149011612
136.337,1.0,9.945000000008278,0.10000000149011612
136.391,1.0,9.752941202620665,0.10000000149011612
136.44,1.0,9.890107291998962,0.10000000149011612
136.488,1.0,9.890117926129864,0.10000000149011612
136.538,1.0,9.643026139400899,0.10000000149011612
136.587,1.0,9.807818119848768,0.10000000149011612
136.64,1.0,9.725000000041392,0.10000000149011612
136.692,1.0,9.862763492142161,0.10000000149011612
136.739,1.0,9.75303643035392,0.10000000149011612
136.791,1.0,9.72509358158956,0.10000000149011612
136.842,1.0,9.945000000008278,0.10000000149011612
136.885,1.0,9.862610085618993,0.10000000149011612
136.939,1.0,9.75275286289139,0.10000000149011612
136.989,1.0,9.83538249499268,0.10000000149011612
137.042,1.0,9.698042377146582,0.10000000149011612
137.093,1.0,9.643019396459891,0.10000000149011612
137.141,1.0,9.890072591230274,0.10000000149011612
137.194,1.0,9.780162107344303,0.10000000149011612
137.237,1.0,9.725711136290597,0.10000000149011612
137.29,1.0,9.807893403598833,0.10000000149011612
137.342,1.0,9.80791547683378,0.10000000149011612
137.393,1.0,9.725272671174672,0.10000000149011612
137.441,1.0,9.780528286968668,0.10000000149011612
137.495,1.0,9.780347741664285,0.10000000149011612
137.55,1.0,9.780444809235632,0.10000000149011612
137.594,1.0,9.670290429517626,0.10000000149011612
137.642,1.0,9.862633065258462,0.10000000149011612
137.696,1.0,9.725368542327649,0.10000000149011612
137.749,1.0,9.780385264485247,0.10000000149011612
137.794,1.0,9.835545472573076,0.11253023892641068
137.842,1.0,9.94513847536097,0.10000000149011612
137.894,1.0,9.807799977188308,0.10000000149011612
137.943,1.0,9.725237225492796,0.10000000149011612
137.993,1.0,9.835127245945236,0.10000000149011612
138.046,1.0,9.835236551302176,0.10000000149011612
138.093,1.0,9.752724567676584,0.10000000149011612
138.144,1.0,9.890300810150801,0.10000000149011612
138.202,1.0,9.835298924272259,0.10000000149011612
138.244,1.0,9.780296707712115,0.10000000149011612
138.294,1.0,9.8625768477925,0.10000000149011612
138.344,1.0,9.780349388014939,0.10000000149011612
138.397,1.0,9.807816962525248,0.10000000149011612
138.45,1.0,9.917566933482885,0.10132332146167755
138.496,1.0,9.752856037227644,0.10000000149011612
138.544,1.0,9.835014706353347,0.10000000149011612
138.593,1.0,9.752885304329295,0.10000000149011612
138.65,1.0,9.890000000016556,0.10000000149011612
138.694,1.0,9.780353552992974,0.10000000149011612
138.744,1.0,9.917645329692297,0.10000000149011612
138.798,1.0,9.780439493577514,0.10000000149011612
138.85,1.0,9.72530637824287,0.10000000149011612
138.895,1.0,9.86267116839687,0.10000000149011612
138.952,1.0,9.67040383670893,0.10000000149011612
139.002,1.0,9.862670647001101,0.10000000149011612
139.051,1.0,9.835036893582178,0.10000000149011612
139.101,1.0,9.86273795105517,0.10000000149011612
139.151,1.0,9.89036301581396,0.11235809326171875
139.206,1.0,9.890133141622774,0.10000000149011612
139.254,1.0,9.752913056955569,0.10000000149011612
139.303,1.0,9.725187140227192,0.10000000149011612
139.357,1.0,9.780084515838988,0.10000000149011612
139.403,1.0,9.807936064898968,0.10000000149011612
139.454,1.0,9.972507343793081,0.10264376550912857
139.503,1.0,9.807585830282834,0.10000000149011612
139.555,1.0,9.917604757286608,0.10000000149011612
139.604,1.0,9.72548533996774,0.10000000149011612
139.655,1.0,9.945052413083612,0.10000000149011612
139.705,1.0,9.835352065641846,0.10000000149011612
139.752,1.0,9.835322866402567,0.10000000149011612
139.806,1.0,9.807745200230016,0.10000000149011612
139.855,1.0,9.725237149020863,0.10000000149011612
139.904,1.0,9.642844067700207,0.10000000149011612
139.958,1.0,9.945209701235095,0.13411478698253632
140.009,1.0,9.835502319100003,0.10000000149011612
140.057,1.0,9.835247465699084,0.10000000149011612
140.106,1.0,9.780305260440542,0.10000000149011612
140.161,1.0,9.64279410245104,0.10000000149011612
140.206,1.0,9.890118743624125,0.10000000149011612
140.258,1.0,9.890102915279567,0.10000000149011612
140.306,1.0,9.72544173726605,0.10000000149011612
140.355,1.0,9.697939457144175,0.10000000149011612
140.406,1.0,9.670454568084743,0.10000000149011612
140.455,1.0,9.780133298660319,0.10000000149011612
140.511,1.0,9.698137831501663,0.10000000149011612
140.556,1.0,9.64271116062171,0.10000000149011612
140.608,1.0,9.862738572040366,0.10000000149011612
140.656,1.0,9.780305992522173,0.10000000149011612
140.708,1.0,9.67029739924603,0.10000000149011612
140.757,1.0,9.752847425556846,0.10000000149011612
140.807,1.0,9.725502219299475,0.10000000149011612
140.86,1.0,9.807675763364468,0.10000000149011612
140.906,1.0,9.890126749438544,0.10000000149011612
140.958,1.0,9.890076187273694,0.10000000149011612
141.007,1.0,9.945005774539379,0.10000000149011612
141.057,1.0,9.725509116136365,0.10000000149011612
141.109,1.0,9.945013886400394,0.10000000149011612
141.161,1.0,9.780259545954566,0.10000000149011612
141.209,1.0,9.780373342687056,0.10000000149011612
141.259,1.0,9.752764368988574,0.10000000149011612
141.309,1.0,9.835136100629137,0.10000000149011612
141.358,1.0,9.83509994763881,0.10000000149011612
141.408,1.0,9.917618261381156,0.10000000149011612
141.458,1.0,9.862739719947179,0.10000000149011612
141.513,1.0,9.697988508103622,0.10000000149011612
141.562,1.0,9.835393711634808,0.10000000149011612
141.612,1.0,9.835086776419645,0.10000000149011612
141.661,1.0,9.890168945449922,0.10000000149011612
141.715,1.0,9.780400004382763,0.10000000149011612
141.762,1.0,9.807865438651707,0.10000000149011612
141.813,1.0,9.80771400268293,0.10000000149011612
141.861,1.0,9.670383322259617,0.10000000149011612
141.912,1.0,9.890018717779054,0.10000000149011612
141.962,1.0,9.752555576898157,0.10000000149011612
142.014,1.0,9.725195761273305,0.10000000149011612
142.064,1.0,9.807688405385449,0.10000000149011612
142.11,1.0,9.697645300564666,0.10000000149011612
142.164,1.0,9.725341907826563,0.10000000149011612
142.224,1.0,9.862500000020695,0.10000000149011612
142.27,1.0,9.725392470467423,0.10000000149011612
142.319,1.0,9.807630224008527,0.10000000149011612
142.368,1.0,9.670352105071975,0.10000000149011612
142.419,1.0,9.6976464200144,0.10000000149011612
142.479,1.0,9.670411210031146,0.10000000149011612
142.517,1.0,9.780170900333259,0.10000000149011612
142.569,1.0,9.807735565139188,0.10000000149011612
142.62,1.0,9.86258335320486,0.10000000149011612
142.669,1.0,9.862636130572193,0.10000000149011612
142.718,1.0,9.80766672535489,0.10000000149011612
142.77,1.0,9.835180988017884,0.10000000149011612
142.818,1.0,9.917653816752136,0.10000000149011612
142.867,1.0,9.752999262967043,0.10332167148590088
142.921,1.0,9.807663541080224,0.10000000149011612
142.968,1.0,9.75269555443277,0.10000000149011612
143.02,1.0,9.835322463222676,0.10000000149011612
143.064,1.0,9.83524542297754,0.10000000149011612
143.118,1.0,9.862632367801336,0.10000000149011612
143.167,1.0,9.807565864361823,0.10000000149011612
143.218,1.0,9.835000000024836,0.10000000149011612
143.269,1.0,9.807674103333719,0.10000000149011612
143.318,1.0,9.890084875685472,0.10000000149011612
143.368,1.0,9.862537678910627,0.10000000149011612
143.421,1.0,9.862702440760202,0.10000000149011612
143.469,1.0,9.697848413367238,0.10000000149011612
143.52,1.0,9.835067620707882,0.10000000149011612
143.577,1.0,9.753000815585256,0.10000000149011612
143.618,1.0,9.807626450020406,0.10000000149011612
143.67,1.0,9.75269029740658,0.10000000149011612
143.719,1.0,9.752768785154654,0.10000000149011612
143.777,1.0,9.780322343442176,0.10000000149011612
143.82,1.0,9.917692718220254,0.10000000149011612
143.87,1.0,9.780193601093359,0.10000000149011612
143.926,1.0,9.780016168351803,0.10000000149011612
143.975,1.0,9.560479788068267,0.10000000149011612
144.029,1.0,9.917593493478165,0.10000000149011612
144.074,1.0,9.8076043749849,0.10000000149011612
144.124,1.0,9.890101493025819,0.10000000149011612
144.18,1.0,9.862724665200545,0.10230550915002823
144.222,1.0,9.835094435595805,0.10000000149011612
144.273,1.0,9.69789965223107,0.10000000149011612
144.328,1.0,9.807587603045006,0.10000000149011612
144.372,1.0,9.752855110851426,0.10000000149011612
144.426,1.0,9.725409142403967,0.10000000149011612
144.476,1.0,9.807969479221438,0.10000000149011612
144.529,1.0,9.752876414317225,0.10000000149011612
144.575,1.0,9.890267992992367,0.10000000149011612
144.626,1.0,9.862619737411539,0.10000000149011612
144.673,1.0,9.670501171838906,0.10000000149011612
144.725,1.0,9.725367305158741,0.10000000149011612
144.776,1.0,9.670306294163067,0.10000000149011612
144.833,1.0,9.835090392848684,0.10000000149011612
144.875,1.0,9.642771074631147,0.10000000149011612
144.923,1.0,9.780104880904158,0.10000000149011612
144.981,1.0,9.835222815639442,0.10000000149011612
145.027,1.0,9.862634281876186,0.10000000149011612
145.078,1.0,9.670404163334105,0.10000000149011612
145.127,1.0,9.862803149202632,0.10000000149011612
145.182,1.0,9.72550936539968,0.10000000149011612
145.228,1.0,9.890303583401773,0.10000000149011612
145.279,1.0,9.780502897211248,0.10000000149011612
145.333,1.0,9.835193163508343,0.10000000149011612
145.383,1.0,9.780323081898192,0.10000000149011612
145.432,1.0,9.75297238772942,0.10000000149011612
145.483,1.0,9.78027558370183,0.10000000149011612
145.535,1.0,9.752779075151516,0.10000000149011612
145.583,1.0,9.83513152760764,0.10000000149011612
145.631,1.0,9.83518711641017,0.10000000149011612
145.692,1.0,9.862825703041421,0.10000000149011612
145.74,1.0,9.835307464996975,0.10000000149011612
145.783,1.0,9.862581042076151,0.10000000149011612
145.834,1.0,9.862644886722167,0.10000000149011612
145.884,1.0,9.835078274769087,0.10000000149011612
145.938,1.0,9.78011085457272,0.10000000149011612
145.983,1.0,9.72538636635161,0.10000000149011612
146.035,1.0,9.890044261328876,0.10000000149011612
146.083,1.0,9.807668721096384,0.10000000149011612
146.133,1.0,9.91761194260584,0.10000000149011612
146.184,1.0,9.807660738482243,0.10000000149011612
146.233,1.0,9.807760923956003,0.10000000149011612
146.287,1.0,9.807701556550132,0.10000000149011612
146.338,1.0,9.917603822176655,0.10000000149011612
146.382,1.0,9.862693780888286,0.10000000149011612
146.435,1.0,9.835277974626257,0.10000000149011612
146.484,1.0,9.807526271748873,0.10000000149011612
146.536,1.0,9.862735792580578,0.10000000149011612
146.583,1.0,9.835159303827417,0.10000000149011612
146.634,1.0,9.890151449458466,0.10000000149011612
146.689,1.0,9.890270091634658,0.10000000149011612
146.73,1.0,9.807551886989838,0.10000000149011612
146.783,1.0,9.752772738039493,0.10000000149011612
146.835,1.0,9.890167540787823,0.10000000149011612
146.883,1.0,9.752900841252671,0.10000000149011612
146.933,1.0,9.807720434769161,0.10000000149011612
146.988,1.0,9.807834113885958,0.10000000149011612
147.034,1.0,9.917616259761983,0.10000000149011612
147.083,1.0,9.780313599006169,0.10000000149011612
147.133,1.0,9.807500000028975,0.10000000149011612
147.187,1.0,9.807901349725823,0.10000000149011612
147.235,1.0,9.917591353340281,0.10000000149011612
147.29,1.0,9.697984578129319,0.10000000149011612
147.333,1.0,9.807607633537716,0.10000000149011612
147.383,1.0,9.890256863356464,0.11649096757173538
147.434,1.0,9.780065081165068,0.10000000149011612
147.484,1.0,9.835281717570291,0.10000000149011612
147.535,1.0,9.725312688698372,0.10000000149011612
147.585,1.0,9.780102938682669,0.10000000149011612
147.634,1.0,9.780210734013881,0.10000000149011612
147.683,1.0,9.835088070626888,0.10000000149011612
147.734,1.0,9.862585252771774,0.10000000149011612
147.786,1.0,9.917596907541157,0.10000000149011612
147.834,1.0,9.890277716372577,0.10000000149011612
147.885,1.0,9.80766821536753,0.10000000149011612
147.935,1.0,9.780149126342602,0.10000000149011612
147.986,1.0,9.725283156211178,0.10000000149011612
148.039,1.0,9.72549470629957,0.10000000149011612
148.092,1.0,9.780602721600896,0.10000000149011612
148.136,1.0,9.752999894548621,0.10000000149011612
148.186,1.0,9.780240554879937,0.10000000149011612
148.236,1.0,9.862584994774725,0.10000000149011612
148.291,1.0,9.862579178727335,0.10000000149011612
148.342,1.0,9.780303808508648,0.10000000149011612
148.387,1.0,9.780267725719346,0.10000000149011612
148.437,1.0,9.80784667270879,0.10000000149011612
148.486,1.0,9.780184861355357,0.10000000149011612
148.536,1.0,9.780334452518986,0.10000000149011612
148.587,1.0,9.78044733920445,0.10000000149011612
148.64,1.0,9.835134044827686,0.10000000149011612
148.688,1.0,9.835335482470692,0.10000000149011612
148.738,1.0,9.780423003807664,0.10000000149011612
148.794,1.0,9.862667700669004,0.10000000149011612
148.846,1.0,9.752884283185834,0.10000000149011612
148.892,1.0,9.862668999553554,0.10000000149011612
148.942,1.0,9.862698212245272,0.10000000149011612
148.992,1.0,9.725537645858195,0.10000000149011612
149.045,1.0,9.752953093395465,0.10000000149011612
149.101,1.0,9.807609241745538,0.10000000149011612
149.152,1.0,9.752845482714473,0.10000000149011612
149.197,1.0,9.752635773685244,0.10000000149011612
149.246,1.0,9.807793005017771,0.10000000149011612
149.298,1.0,9.835266163386404,0.10000000149011612
149.347,1.0,9.862766078197295,0.10000000149011612
149.397,1.0,9.697923286238478,0.10000000149011612
149.446,1.0,9.890114081237051,0.10000000149011612
149.498,1.0,9.862593218104706,0.10000000149011612
149.548,1.0,9.752739336631365,0.10000000149011612
149.597,1.0,9.780103748912612,0.10000000149011612
149.651,1.0,9.862742612448832,0.10000000149011612
149.703,1.0,9.862837075442076,0.10000000149011612
149.749,1.0,9.835207460137704,0.10000000149011612
149.8,1.0,9.890174380834733,0.10000000149011612
149.85,1.0,9.670257945482929,0.10000000149011612
149.899,1.0,9.91755650981019,0.10000000149011612
149.958,1.0,9.80766242519021,0.10000000149011612
149.999,1.0,9.670493030796449,0.10000000149011612
150.048,1.0,9.890381422659589,0.10000000149011612
150.1,1.0,9.890206706565287,0.10000000149011612
150.17,1.0,9.642729108594358,0.10000000149011612
150.21,1.0,9.64321509518971,0.10000000149011612
150.265,1.0,9.752858544141054,0.10000000149011612
150.317,1.0,9.780103285300235,0.10000000149011612
150.371,1.0,9.9175948617359,0.10000000149011612
150.414,1.0,9.835478783005641,0.11639220267534256
150.471,1.0,9.83519325606111,0.10000000149011612
150.518,1.0,9.83510192833427,0.10000000149011612
150.566,1.0,9.835285302541322,0.10000000149011612
150.618,1.0,9.862734105168945,0.10000000149011612
150.67,1.0,9.89020944080419,0.10000000149011612
150.723,1.0,9.890135603915486,0.10000000149011612
150.766,1.0,9.835300024909278,0.10000000149011612
150.827,1.0,9.807791421003639,0.10000000149011612
150.871,1.0,9.807825649260646,0.10000000149011612
150.921,1.0,9.807857136552533,0.10000000149011612
150.971,1.0,9.807593596416215,0.10000000149011612
151.021,1.0,9.697778629759947,0.10000000149011612
151.08,1.0,9.807909151601296,0.10000000149011612
151.121,1.0,9.780260799038741,0.10000000149011612
151.171,1.0,9.83527790883349,0.10000000149011612
151.222,1.0,9.862594708821012,0.10000000149011612
151.271,1.0,9.890166243952182,0.10000000149011612
151.322,1.0,9.890118018537759,0.10000000149011612
151.374,1.0,9.862712592486705,0.10000000149011612
151.425,1.0,9.862635263904101,0.10000000149011612
151.484,1.0,9.917500000012417,0.10000000149011612
151.527,1.0,9.83515440993425,0.10000000149011612
151.576,1.0,9.890323319348196,0.10000000149011612
151.626,1.0,9.890000000016556,0.10000000149011612
151.678,1.0,9.862551149125729,0.10000000149011612
151.733,1.0,9.862500000020695,0.10000000149011612
151.782,1.0,9.807572068501678,0.10000000149011612
151.838,1.0,9.752523270187279,0.10000000149011612
151.883,1.0,9.890162328216764,0.10000000149011612
151.932,1.0,9.807695170595414,0.10000000149011612
151.982,1.0,9.917593173185985,0.10000000149011612
152.035,1.0,9.725392933065693,0.10000000149011612
152.086,1.0,9.890136828956505,0.10000000149011612
152.138,1.0,9.835406358126138,0.10000000149011612
152.186,1.0,9.75303479300605,0.10000000149011612
152.236,1.0,9.670668277537658,0.10000000149011612
152.292,1.0,9.862730066312684,0.10000000149011612
152.337,1.0,9.945000000008278,0.10000000149011612
152.385,1.0,9.780588942414356,0.10000000149011612
152.436,1.0,9.890038249434696,0.10000000149011612
152.484,1.0,9.807795393301381,0.10000000149011612
152.542,1.0,9.862657119809754,0.10000000149011612
152.589,1.0,9.780254616091648,0.10000000149011612
152.638,1.0,9.75302960626367,0.10000000149011612
152.689,1.0,9.780212699932356,0.10000000149011612
152.742,1.0,9.807896677197682,0.10000000149011612
152.793,1.0,9.807786337431107,0.10000000149011612
152.838,1.0,9.890200293022726,0.10000000149011612
152.888,1.0,9.83503421716806,0.10000000149011612
152.943,1.0,9.697707998711202,0.10000000149011612
152.987,1.0,9.615367338827086,0.10000000149011612
153.037,1.0,9.80786231642382,0.10000000149011612
153.086,1.0,9.945152319553825,0.10944359004497528
153.138,1.0,9.80765026824342,0.10000000149011612
153.19,1.0,9.698073071800172,0.10000000149011612
153.24,1.0,9.752691443016131,0.10000000149011612
153.297,1.0,9.835152354194886,0.10000000149011612
153.342,1.0,9.862791253936788,0.1037956178188324
153.392,1.0,9.752873322657413,0.10000000149011612
153.439,1.0,9.72550057626019,0.10000000149011612
153.489,1.0,9.80778868212882,0.10000000149011612
153.542,1.0,9.835212622996833,0.10000000149011612
153.585,1.0,9.890021158485776,0.10000000149011612
153.639,1.0,9.862579882103535,0.10000000149011612
153.691,1.0,9.862691530150672,0.10000000149011612
153.741,1.0,9.807694772299794,0.10000000149011612
153.799,1.0,9.725223100764884,0.10000000149011612
153.848,1.0,9.83519561721219,0.10000000149011612
153.895,1.0,9.890096591454412,0.10000000149011612
153.948,1.0,9.780324509532916,0.10000000149011612
153.999,1.0,9.862841668393877,0.10980133712291718
154.052,1.0,9.752780463132593,0.10000000149011612
154.094,1.0,9.890255350288417,0.10000000149011612
154.146,1.0,9.697853059507906,0.10000000149011612
154.196,1.0,9.587993625427286,0.10000000149011612
154.247,1.0,9.725516343075368,0.10000000149011612
154.298,1.0,9.835134377164973,0.10000000149011612
154.35,1.0,9.890016519712905,0.10000000149011612
154.406,1.0,9.75285641613106,0.10000000149011612
154.448,1.0,9.752810771949589,0.10000000149011612
154.497,1.0,9.752884516989191,0.10000000149011612
154.557,1.0,9.862692812250721,0.10000000149011612
154.599,1.0,9.807630504440102,0.10000000149011612
154.65,1.0,9.72535380979793,0.10000000149011612
154.7,1.0,9.725444351012507,0.10000000149011612
154.749,1.0,9.780311254432632,0.10000000149011612
154.8,1.0,9.862761211395263,0.10000000149011612
154.855,1.0,9.83507189380212,0.10000000149011612
154.907,1.0,9.890062795951962,0.10000000149011612
154.95,1.0,9.780461302958429,0.10000000149011612
155.001,1.0,9.670265976256795,0.10000000149011612
155.052,1.0,9.643158107913203,0.10000000149011612
155.102,1.0,9.89008750507815,0.10000000149011612
155.151,1.0,9.780438641893367,0.10000000149011612
155.201,1.0,9.890111309020883,0.10000000149011612
155.254,1.0,9.80793658234179,0.10000000149011612
155.306,1.0,9.835116594429646,0.10000000149011612
155.356,1.0,9.862783464065028,0.10000000149011612
155.404,1.0,9.75284116934571,0.10000000149011612
155.463,1.0,9.752732472432156,0.10000000149011612
155.504,1.0,9.780241695356866,0.10000000149011612
155.554,1.0,9.78024669997394,0.10000000149011612
155.604,1.0,9.807907778397203,0.10000000149011612
155.654,1.0,9.835261660607324,0.10000000149011612
155.704,1.0,9.890107230159144,0.10000000149011612
155.755,1.0,9.72548419818696,0.10000000149011612
155.804,1.0,9.917580515187648,0.10000000149011612
155.854,1.0,9.780158036719595,0.10000000149011612
155.907,1.0,9.7254669289829,0.10000000149011612
155.955,1.0,9.807734106791516,0.10000000149011612
156.005,1.0,9.945143824360438,0.12268173694610596
156.05,1.0,9.835006334301498,0.10000000149011612
156.106,1.0,9.835149640879697,0.10000000149011612
156.152,1.0,9.890166643303301,0.10000000149011612
156.202,1.0,9.725116425214543,0.10000000149011612
156.265,1.0,9.697901628269918,0.10000000149011612
156.304,1.0,9.72537709520095,0.10000000149011612
156.358,1.0,9.862628595593074,0.10000000149011612
156.404,1.0,9.862573876914878,0.10000000149011612
156.458,1.0,9.780312909454935,0.10000000149011612
156.509,1.0,9.890133987180889,0.10000000149011612
156.556,1.0,9.75283688493073,0.10000000149011612
156.604,1.0,9.862603559365702,0.10000000149011612
156.655,1.0,9.807810804268552,0.10000000149011612
156.705,1.0,9.670536774624553,0.10000000149011612
156.754,1.0,9.780294881968034,0.10000000149011612
156.805,1.0,9.752857181450558,0.10000000149011612
156.86,1.0,9.835106837273472,0.10000000149011612
156.904,1.0,9.753018133673404,0.10000000149011612
156.954,1.0,9.862887924826808,0.10000000149011612
157.006,1.0,9.862543264362547,0.10000000149011612
157.059,1.0,9.780251785284943,0.10000000149011612
157.106,1.0,9.94518293891516,0.1294836401939392
157.155,1.0,9.780247370422714,0.10000000149011612
157.208,1.0,9.890143060042627,0.10000000149011612
157.26,1.0,9.780308216541178,0.10000000149011612
157.305,1.0,9.917500000012417,0.10000000149011612
157.355,1.0,9.862691216108699,0.10000000149011612
157.408,1.0,9.807500112553438,0.10000000149011612
157.457,1.0,9.780291969867216,0.10000000149011612
157.512,1.0,9.917592745274305,0.10000000149011612
157.556,1.0,9.752768354738752,0.10000000149011612
157.605,1.0,9.75302346524679,0.10000000149011612
157.662,1.0,9.752752971111072,0.10000000149011612
157.717,1.0,9.807579984184768,0.10000000149011612
157.764,1.0,9.64316725174172,0.10000000149011612
157.815,1.0,9.835238530507517,0.10000000149011612
157.86,1.0,9.835227637489636,0.10000000149011612
157.91,1.0,9.917718516103923,0.10000000149011612
157.963,1.0,9.917661157809198,0.10000000149011612
158.01,1.0,9.890027252253558,0.10000000149011612
158.06,1.0,9.780298572654525,0.10000000149011612
158.11,1.0,9.917580113973882,0.10000000149011612
158.162,1.0,9.835369822010398,0.10000000149011612
158.213,1.0,9.807759061993824,0.10000000149011612
158.267,1.0,9.862504273694423,0.10000000149011612
158.31,1.0,9.670402606659465,0.10000000149011612
158.361,1.0,9.835066205283834,0.10000000149011612
158.419,1.0,9.642883913488024,0.10000000149011612
158.461,1.0,9.890365366823971,0.11789782345294952
158.511,1.0,9.835287550402183,0.1122865229845047
158.561,1.0,9.890131577269898,0.10000000149011612
158.611,1.0,9.807564209443,0.10000000149011612
158.657,1.0,9.91754944336911,0.10000000149011612
158.711,1.0,9.75272931586951,0.10000000149011612
158.762,1.0,9.69794337608748,0.10000000149011612
158.807,1.0,9.808051760101485,0.10000000149011612
158.866,1.0,9.78028861410502,0.10000000149011612
158.911,1.0,9.752573851164843,0.10000000149011612
158.961,1.0,9.725456432191034,0.10000000149011612
159.015,1.0,9.725355657045212,0.10000000149011612
159.072,1.0,9.807716319565143,0.10000000149011612
159.115,1.0,9.780185713929434,0.10000000149011612
159.163,1.0,9.670267238592109,0.10000000149011612
159.214,1.0,9.72535870636089,0.10000000149011612
159.265,1.0,9.697929788463645,0.10000000149011612
159.317,1.0,9.807780794550975,0.10000000149011612
159.372,1.0,9.807645572784047,0.10000000149011612
159.415,1.0,9.835194082206321,0.10000000149011612
159.466,1.0,9.835369790179861,0.10000000149011612
159.514,1.0,9.752767618062595,0.10000000149011612
159.564,1.0,9.862500000020695,0.10000000149011612
159.615,1.0,9.752833347436454,0.10000000149011612
159.664,1.0,9.752661523409188,0.10000000149011612
159.718,1.0,9.780052542106972,0.10000000149011612
159.763,1.0,9.752636302966211,0.10000000149011612
159.815,1.0,9.808026489491263,0.10000000149011612
159.871,1.0,9.807676399292218,0.10000000149011612
159.912,1.0,9.890000000016556,0.10000000149011612
159.966,1.0,9.780167702751028,0.10000000149011612
160.014,1.0,9.835241022830209,0.10000000149011612
160.069,1.0,9.807768624441492,0.10000000149011612
160.128,1.0,9.807780312808852,0.10000000149011612
160.166,1.0,9.752955634809203,0.10000000149011612
160.224,1.0,9.752598984125587,0.10000000149011612
160.265,1.0,9.945085686362452,0.11134083569049835
160.316,1.0,9.807880328657726,0.10000000149011612
160.376,1.0,9.56062963447637,0.10000000149011612
160.416,1.0,9.86284080857618,0.10000000149011612
160.467,1.0,9.835284080625408,0.10000000149011612
160.516,1.0,9.725342341098521,0.10000000149011612
160.569,1.0,9.862585001066327,0.10000000149011612
160.62,1.0,9.725468594767154,0.10000000149011612
160.667,1.0,9.670330247055325,0.10000000149011612
160.716,1.0,9.83535812370893,0.10000000149011612
160.767,1.0,9.835380829705132,0.10000000149011612
160.817,1.0,9.862554352627033,0.10000000149011612
160.867,1.0,9.862836325458355,0.10000000149011612
160.919,1.0,9.83521965837313,0.10000000149011612
160.966,1.0,9.560482834859027,0.10000000149011612
161.018,1.0,9.807788588893082,0.10000000149011612
161.065,1.0,9.807617542623646,0.10000000149011612
161.122,1.0,9.835220390496154,0.10000000149011612
161.175,1.0,9.91760123177535,0.10000000149011612
161.225,1.0,9.752798452538748,0.10000000149011612
161.281,1.0,9.807728596073058,0.10000000149011612
161.323,1.0,9.835400990893444,0.10000000149011612
161.37,1.0,9.835032182538676,0.10000000149011612
161.422,1.0,9.835129552148283,0.10000000149011612
161.471,1.0,9.807949423293273,0.10000000149011612
161.521,1.0,9.780105151339537,0.10000000149011612
161.573,1.0,9.752679120976891,0.10000000149011612
161.623,1.0,9.835004144865605,0.10000000149011612
161.671,1.0,9.862578269694414,0.10000000149011612
161.722,1.0,9.807605704085695,0.10000000149011612
161.772,1.0,9.835304095658163,0.10000000149011612
161.829,1.0,9.83509532140775,0.10000000149011612
161.879,1.0,9.780472059734166,0.10000000149011612
161.927,1.0,9.80777202753557,0.10000000149011612
161.976,1.0,9.642947080565824,0.10000000149011612
162.026,1.0,9.780458585317763,0.10000000149011612
162.079,1.0,9.75305952117261,0.10000000149011612
162.126,1.0,9.835274711209866,0.10000000149011612
162.175,1.0,9.862703860551118,0.10000000149011612
162.228,1.0,9.917620203685429,0.10000000149011612
162.276,1.0,9.780283942011495,0.10000000149011612
162.326,1.0,9.89017908061958,0.10000000149011612
162.38,1.0,9.835237237045334,0.10000000149011612
162.427,1.0,9.780366740582718,0.10000000149011612
162.476,1.0,9.862500000020695,0.10000000149011612
162.525,1.0,9.890227791625593,0.10000000149011612
162.58,1.0,9.752699598794182,0.10000000149011612
162.627,1.0,9.725145748381813,0.10000000149011612
162.676,1.0,9.725234005579518,0.10000000149011612
162.731,1.0,9.917566524880629,0.10000000149011612
162.78,1.0,9.862702788019346,0.10000000149011612
162.825,1.0,9.917721117598315,0.10000000149011612
162.876,1.0,9.835163347588646,0.10000000149011612
162.927,1.0,9.862636295768121,0.10000000149011612
162.981,1.0,9.862680039223697,0.10000000149011612
163.028,1.0,9.972500000004139,0.10000000149011612
163.079,1.0,9.780429498602947,0.10000000149011612
163.127,1.0,9.780436527170242,0.10000000149011612
163.175,1.0,9.8080507448357,0.10000000149011612
163.228,1.0,9.83533766929888,0.10000000149011612
163.277,1.0,9.752805568381316,0.10000000149011612
163.325,1.0,9.835255296507643,0.10000000149011612
163.377,1.0,9.72514270308117,0.10000000149011612
163.426,1.0,9.75281606622868,0.10000000149011612
163.477,1.0,9.725167769855924,0.10000000149011612
163.534,1.0,9.752875202935602,0.10000000149011612
163.586,1.0,9.670691632438038,0.10000000149011612
163.627,1.0,9.862560997924042,0.10000000149011612
163.68,1.0,9.862795678277811,0.10000000149011612
163.725,1.0,9.69770298987213,0.10000000149011612
163.779,1.0,9.917546038619346,0.10000000149011612
163.825,1.0,9.725491420055429,0.10000000149011612
163.876,1.0,9.697710282086499,0.10000000149011612
163.936,1.0,9.780000000033114,0.10000000149011612
163.98,1.0,9.835272660002941,0.10000000149011612
164.027,1.0,9.670275344202915,0.10000000149011612
164.077,1.0,9.945008400103283,0.10000000149011612
164.126,1.0,9.862699288398856,0.10000000149011612
164.18,1.0,9.643066608015861,0.10000000149011612
164.227,1.0,9.752747763734725,0.10000000149011612
164.277,1.0,9.80757736100091,0.10000000149011612
164.328,1.0,9.697729756082925,0.10000000149011612
164.38,1.0,9.835191660312315,0.10000000149011612
164.431,1.0,9.83518079250223,0.10000000149011612
164.485,1.0,9.780067972735399,0.10000000149011612
164.528,1.0,9.807699407078326,0.10000000149011612
164.58,1.0,9.807753396737906,0.10000000149011612
164.636,1.0,9.91762433035506,0.10000000149011612
164.691,1.0,9.862637797577513,0.10000000149011612
164.735,1.0,9.752908978218006,0.10000000149011612
164.787,1.0,9.835360276740458,0.10000000149011612
164.84,1.0,9.752782802428637,0.10000000149011612
164.887,1.0,9.862500000020695,0.10000000149011612
164.939,1.0,9.725408183162411,0.10000000149011612
164.998,1.0,9.83517695605341,0.10000000149011612
165.039,1.0,9.697774830253588,0.10000000149011612
165.088,1.0,9.780271465124356,0.10000000149011612
165.139,1.0,9.725447943661775,0.10000000149011612
165.191,1.0,9.807598796362678,0.10000000149011612
165.24,1.0,9.835217662114236,0.10000000149011612
165.289,1.0,9.835305047449138,0.10000000149011612
165.34,1.0,9.698340859202046,0.10000000149011612
165.39,1.0,9.80791741601295,0.10000000149011612
165.438,1.0,9.917610252483023,0.11073467880487442
165.49,1.0,9.835139503516256,0.10000000149011612
165.538,1.0,9.752615089010861,0.10000000149011612
165.595,1.0,9.8078633799942,0.10000000149011612
165.638,1.0,9.78033235532542,0.10000000149011612
165.691,1.0,9.835135163304706,0.10000000149011612
165.74,1.0,9.94508682926082,0.10000000149011612
165.788,1.0,9.945054986824593,0.10000000149011612
165.841,1.0,9.83537956347896,0.10000000149011612
165.89,1.0,9.753005198389292,0.10000000149011612
165.939,1.0,9.752846273469428,0.10000000149011612
165.99,1.0,9.917500000012417,0.10000000149011612
166.04,1.0,9.752782317582104,0.10000000149011612
166.089,1.0,9.862535132798884,0.10000000149011612
166.138,1.0,9.890118389059271,0.10000000149011612
166.188,1.0,9.862661239484119,0.10000000149011612
166.242,1.0,9.890133017963834,0.10000000149011612
166.288,1.0,9.752859575591154,0.10000000149011612
166.338,1.0,9.807626314212879,0.10000000149011612
166.388,1.0,9.697712490645548,0.10000000149011612
166.442,1.0,9.807738109843598,0.10000000149011612
166.489,1.0,9.752709951148265,0.10000000149011612
166.538,1.0,9.862500000020695,0.10000000149011612
166.588,1.0,9.75282329407831,0.10000000149011612
166.639,1.0,9.807707758972214,0.10000000149011612
166.69,1.0,9.752711824286315,0.10000000149011612
166.737,1.0,9.862663645380072,0.10000000149011612
166.788,1.0,9.862653667976458,0.10000000149011612
166.844,1.0,9.698142017382715,0.10000000149011612
166.888,1.0,9.780115840459864,0.10000000149011612
166.939,1.0,9.890055053846703,0.10000000149011612
166.989,1.0,9.752962167147134,0.10000000149011612
167.039,1.0,9.670524235669937,0.10000000149011612
167.09,1.0,9.725163931834201,0.10000000149011612
167.138,1.0,9.862705352033178,0.10000000149011612
167.189,1.0,9.64294395421942,0.10000000149011612
167.239,1.0,9.780435146432783,0.10000000149011612
167.291,1.0,9.615435912604962,0.10000000149011612
167.341,1.0,9.697803906620377,0.10000000149011612
167.392,1.0,9.752784851483172,0.10000000149011612
167.441,1.0,9.69782517088784,0.10000000149011612
167.493,1.0,9.862569134578937,0.10000000149011612
167.544,1.0,9.670576623020073,0.10000000149011612
167.595,1.0,9.807560247182845,0.10000000149011612
167.646,1.0,9.780191136358512,0.10000000149011612
167.693,1.0,9.807752921121816,0.10000000149011612
167.743,1.0,9.917624367214739,0.10000000149011612
167.793,1.0,9.698041144385934,0.10000000149011612
167.843,1.0,9.89002957035684,0.10000000149011612
167.905,1.0,9.752793568248551,0.10000000149011612
167.943,1.0,9.917568569485512,0.10000000149011612
167.995,1.0,9.945069133862853,0.10000000149011612
168.045,1.0,9.835226476275258,0.10000000149011612
168.101,1.0,9.862620760334863,0.10000000149011612
168.143,1.0,9.945083191390667,0.10000000149011612
168.194,1.0,9.890000000016556,0.10000000149011612
168.243,1.0,9.835394751114977,0.10000000149011612
168.303,1.0,9.69806707451741,0.10000000149011612
168.343,1.0,9.780116452794108,0.10000000149011612
168.393,1.0,9.835223538407849,0.10000000149011612
168.449,1.0,9.83535192973084,0.10000000149011612
168.504,1.0,9.752786223880118,0.10000000149011612
168.548,1.0,9.835359734938377,0.10000000149011612
168.596,1.0,9.752812448744145,0.10000000149011612
168.645,1.0,9.945000000008278,0.10000000149011612
168.696,1.0,9.725193084610833,0.10000000149011612
168.747,1.0,9.807938467938866,0.10789944231510162
168.801,1.0,9.890130470672416,0.10000000149011612
168.85,1.0,9.862618532176647,0.10000000149011612
168.897,1.0,9.807894164944688,0.10000000149011612
168.949,1.0,9.83514352078653,0.10000000149011612
169.001,1.0,9.752934387636682,0.10000000149011612
169.047,1.0,9.78037805519998,0.10000000149011612
169.098,1.0,9.752610466587875,0.10000000149011612
169.15,1.0,9.725650875642895,0.10000000149011612
169.208,1.0,9.807635046583083,0.10000000149011612
169.251,1.0,9.75308035036756,0.10000000149011612
169.302,1.0,9.780291231328414,0.10000000149011612
169.353,1.0,9.972500000004139,0.10000000149011612
169.4,1.0,9.862612471315597,0.10000000149011612
169.45,1.0,9.780136754943264,0.10000000149011612
169.501,1.0,9.780492378750608,0.10000000149011612
169.555,1.0,9.890226578919425,0.10000000149011612
169.601,1.0,9.807911955710086,0.10000000149011612
169.65,1.0,9.697648892965582,0.10000000149011612
169.701,1.0,9.642838353787859,0.10000000149011612
169.751,1.0,9.835247174257205,0.10000000149011612
169.81,1.0,9.862632185282807,0.10000000149011612
169.849,1.0,9.94504477865994,0.10000000149011612
169.904,1.0,9.807554221256739,0.10000000149011612
169.951,1.0,9.780442185513675,0.10000000149011612
170.002,1.0,9.670635688180726,0.10000000149011612
170.051,1.0,9.835263019386264,0.10000000149011612
170.105,1.0,9.890132052948077,0.10000000149011612
170.152,1.0,9.862648157671922,0.10000000149011612
170.205,1.0,9.697794883905186,0.10000000149011612
170.253,1.0,9.780097478731639,0.10000000149011612
170.301,1.0,9.72552717294958,0.10000000149011612
170.354,1.0,9.807805923103459,0.10000000149011612
170.404,1.0,9.862531540894674,0.10000000149011612
170.451,1.0,9.807820284159646,0.10000000149011612
170.505,1.0,9.807765075088374,0.10000000149011612
170.555,1.0,9.807774493574268,0.10000000149011612
170.602,1.0,9.75267748379459,0.10000000149011612
170.653,1.0,9.752794388847219,0.10000000149011612
170.704,1.0,9.807621699074904,0.10000000149011612
170.756,1.0,9.780413404976327,0.10000000149011612
170.802,1.0,9.835308093060222,0.10000000149011612
170.854,1.0,9.697799746216171,0.10000000149011612
170.902,1.0,9.835343889436787,0.10000000149011612
170.957,1.0,9.78078927503278,0.11265449970960617
171.002,1.0,9.835125895465413,0.10000000149011612
171.054,1.0,9.752828297557102,0.10000000149011612
171.128,1.0,9.862633314935698,0.10000000149011612
171.154,1.0,9.780504159629345,0.10000000149011612
171.208,1.0,9.917599237006572,0.10000000149011612
171.254,1.0,9.725619474446608,0.10000000149011612
171.31,1.0,9.642808861720065,0.10000000149011612
171.357,1.0,9.780323634627793,0.10000000149011612
171.408,1.0,9.917592576187518,0.10000000149011612
171.458,1.0,9.752769119085537,0.10000000149011612
171.508,1.0,9.862628521708151,0.10000000149011612
171.559,1.0,9.890104213708804,0.10000000149011612
171.608,1.0,9.807739149344464,0.10000000149011612
171.658,1.0,9.945000000008278,0.10000000149011612
171.708,1.0,9.862666778142254,0.10000000149011612
171.76,1.0,9.835210430539316,0.10000000149011612
171.808,1.0,9.835205418306092,0.10000000149011612
171.859,1.0,9.752780781272385,0.10000000149011612
171.908,1.0,9.835230242688622,0.10000000149011612
171.958,1.0,9.725393936948644,0.10000000149011612
172.007,1.0,9.862631858016053,0.10000000149011612
172.058,1.0,9.752955608483818,0.10000000149011612
172.113,1.0,9.75300508307086,0.10000000149011612
172.161,1.0,9.752869137314459,0.10000000149011612
172.21,1.0,9.835241862386464,0.10000000149011612
172.26,1.0,9.615327587516772,0.10000000149011612
172.313,1.0,9.890169998672274,0.10000000149011612
172.362,1.0,9.862925205938518,0.10000000149011612
172.409,1.0,9.835035790875555,0.10000000149011612
172.461,1.0,9.835079357980026,0.10000000149011612
172.514,1.0,9.835297318485877,0.10000000149011612
172.565,1.0,9.835166151863005,0.10000000149011612
172.609,1.0,9.807600218140417,0.10000000149011612
172.66,1.0,9.83503011452655,0.10000000149011612
172.715,1.0,9.807672317098412,0.10000000149011612
172.758,1.0,9.780435886109869,0.10000000149011612
172.81,1.0,9.642804022567967,0.10000000149011612
172.862,1.0,9.890186967742112,0.10000000149011612
172.912,1.0,9.835054309728244,0.10000000149011612
172.961,1.0,9.835259535308513,0.10000000149011612
173.011,1.0,9.752628987344602,0.10000000149011612
173.061,1.0,9.670539612530007,0.10000000149011612
173.112,1.0,9.780370445528792,0.10000000149011612
173.161,1.0,9.807855981070961,0.10000000149011612
173.211,1.0,9.862783145759668,0.10000000149011612
173.261,1.0,9.835164390773409,0.10000000149011612
173.312,1.0,9.780340579938557,0.10000000149011612
173.361,1.0,9.890045071807172,0.10000000149011612
173.414,1.0,9.807812052799596,0.10000000149011612
173.455,1.0,9.725624071620405,0.10000000149011612
173.518,1.0,9.917563255586558,0.10000000149011612
173.561,1.0,9.725443333511551,0.10000000149011612
173.611,1.0,9.917544178333547,0.10000000149011612
173.665,1.0,9.86269836879025,0.10000000149011612
173.711,1.0,9.835369806157217,0.10000000149011612
173.76,1.0,9.890145693222681,0.10000000149011612
173.813,1.0,9.835426247616608,0.10000000149011612
173.864,1.0,9.807808075596888,0.10000000149011612
173.911,1.0,9.835195863329702,0.10000000149011612
173.962,1.0,9.78011333193216,0.10000000149011612
174.012,1.0,9.807714097636442,0.10000000149011612
174.056,1.0,9.835107674222026,0.10000000149011612
174.114,1.0,9.780485236706832,0.10000000149011612
174.165,1.0,9.75269338885943,0.10000000149011612
174.211,1.0,9.807756712308361,0.10000000149011612
174.262,1.0,9.890060365986493,0.10000000149011612
174.312,1.0,9.917534841452207,0.10000000149011612
174.367,1.0,9.780227098841634,0.10000000149011612
174.412,1.0,9.890208414735065,0.10483843088150024
174.461,1.0,9.670641712037225,0.10000000149011612
174.511,1.0,9.752739388309418,0.10000000149011612
174.565,1.0,9.835125230459703,0.10000000149011612
174.619,1.0,9.91755389124155,0.10000000149011612
174.661,1.0,9.890186427740588,0.10000000149011612
174.713,1.0,9.752652500549125,0.10000000149011612
174.761,1.0,9.725312656971315,0.10000000149011612
174.807,1.0,9.752905619930889,0.10000000149011612
174.86,1.0,9.862782197487023,0.10000000149011612
174.911,1.0,9.752760017601153,0.10000000149011612
174.962,1.0,9.83512003891584,0.10000000149011612
175.011,1.0,9.807763039982982,0.10000000149011612
175.061,1.0,9.862510458110934,0.10000000149011612
175.113,1.0,9.835262443704737,0.10000000149011612
175.161,1.0,9.780231651787956,0.10000000149011612
175.212,1.0,9.862604861085613,0.10000000149011612
175.262,1.0,9.917532201939158,0.10000000149011612
175.31,1.0,9.72527596331719,0.10000000149011612
175.361,1.0,9.862609157504307,0.10000000149011612
175.411,1.0,9.835304450885289,0.10000000149011612
175.462,1.0,9.697894315069748,0.10000000149011612
175.499,1.0,9.890236402654814,0.10000000149011612
175.566,1.0,9.862531338942548,0.10000000149011612
175.615,1.0,9.862754318594105,0.10000000149011612
175.67,1.0,9.752964361632865,0.10000000149011612
175.712,1.0,9.945000434708264,0.10000000149011612
175.761,1.0,9.807768142016398,0.10000000149011612
175.816,1.0,9.862603616528213,0.10000000149011612
175.86,1.0,9.780589216988947,0.10000000149011612
175.913,1.0,9.917788581425945,0.11085952818393707
175.965,1.0,9.835032342436413,0.10000000149011612
176.016,1.0,9.780331039614975,0.10000000149011612
176.062,1.0,9.78043775457061,0.10000000149011612
176.111,1.0,9.835305926679737,0.10000000149011612
176.162,1.0,9.890093336854545,0.10000000149011612
176.214,1.0,9.780280976018144,0.10000000149011612
176.267,1.0,9.862815587470928,0.10377191752195358
176.314,1.0,9.725345721654595,0.10000000149011612
176.364,1.0,9.835147729288373,0.10000000149011612
176.416,1.0,9.807589213094777,0.10000000149011612
176.466,1.0,9.69811176125788,0.10000000149011612
176.514,1.0,9.670291552506388,0.10000000149011612
176.564,1.0,9.780232266978258,0.10000000149011612
176.614,1.0,9.780389653767148,0.10000000149011612
176.67,1.0,9.835202555130753,0.10000000149011612
176.713,1.0,9.945201249462034,0.12794679403305054
176.765,1.0,9.86267477888614,0.10000000149011612
176.814,1.0,9.752686192550593,0.10000000149011612
176.864,1.0,9.917768688334359,0.11182065308094025
176.913,1.0,9.697702283971012,0.10000000149011612
176.965,1.0,9.835236715753044,0.10000000149011612
177.016,1.0,9.86266406768312,0.10000000149011612
177.064,1.0,9.6430054385422,0.10000000149011612
177.114,1.0,9.835263035798238,0.10000000149011612
177.164,1.0,9.835024665296078,0.10000000149011612
177.214,1.0,9.86258663063248,0.10000000149011612
177.265,1.0,9.835248558864825,0.10000000149011612
177.315,1.0,9.615472391910023,0.10000000149011612
177.365,1.0,9.780177892247837,0.10000000149011612
177.416,1.0,9.83519147042599,0.10000000149011612
177.471,1.0,9.69793274886906,0.10000000149011612
177.516,1.0,9.862668281172713,0.10000000149011612
177.565,1.0,9.89003978955249,0.10000000149011612
177.614,1.0,9.725233836906652,0.10000000149011612
177.667,1.0,9.80780521734721,0.10000000149011612
177.719,1.0,9.862653583474458,0.10000000149011612
177.766,1.0,9.780277590598498,0.10000000149011612
177.816,1.0,9.78033303194162,0.10000000149011612
177.866,1.0,9.890177496315705,0.10000000149011612
177.925,1.0,9.7804325690493,0.10000000149011612
177.971,1.0,9.94513231842882,0.11660483479499817
178.02,1.0,9.69789113410645,0.10000000149011612
178.071,1.0,9.807709004543721,0.10000000149011612
178.124,1.0,9.835297639792165,0.10000000149011612
178.171,1.0,9.807977661800882,0.10000000149011612
178.22,1.0,9.670134074033962,0.10000000149011612
178.271,1.0,9.780213451675243,0.10000000149011612
178.327,1.0,9.697672824954822,0.10000000149011612
178.371,1.0,9.752937206957075,0.10000000149011612
178.422,1.0,9.780000000033114,0.10000000149011612
178.476,1.0,9.725477455473609,0.10000000149011612
178.53,1.0,9.670455737101536,0.10000000149011612
178.575,1.0,9.91777597680274,0.12003640085458755
178.627,1.0,9.807811461223496,0.10000000149011612
178.675,1.0,9.80794314980093,0.10000000149011612
178.725,1.0,9.890199715354376,0.10000000149011612
178.775,1.0,9.917646186633242,0.10000000149011612
178.835,1.0,9.697750318174561,0.10000000149011612
178.874,1.0,9.643091975049012,0.10000000149011612
178.925,1.0,9.752887086549567,0.10000000149011612
178.97,1.0,9.725374656750096,0.10000000149011612
179.024,1.0,9.752672601884438,0.10000000149011612
179.076,1.0,9.835200009412235,0.10000000149011612
179.125,1.0,9.862636276334523,0.10000000149011612
179.174,1.0,9.86260358378705,0.10000000149011612
179.228,1.0,9.862610999494791,0.10000000149011612
179.274,1.0,9.835026444370548,0.10000000149011612
179.323,1.0,9.890000000016556,0.10000000149011612
179.374,1.0,9.752751734356085,0.10000000149011612
179.427,1.0,9.835495116478867,0.11776207387447357
179.475,1.0,9.862613828356068,0.10000000149011612
179.525,1.0,9.835228559871515,0.10000000149011612
179.578,1.0,9.753023202779392,0.10000000149011612
179.627,1.0,9.807908785281082,0.10000000149011612
179.677,1.0,9.80796480483065,0.10000000149011612
179.73,1.0,9.780241885967552,0.10000000149011612
179.777,1.0,9.917631409420736,0.10119213908910751
179.827,1.0,9.835117433427108,0.10000000149011612
179.878,1.0,9.890196380122669,0.10000000149011612
179.929,1.0,9.725654008198116,0.10000000149011612
179.977,1.0,9.780202047651013,0.10000000149011612
180.025,1.0,9.89015560835186,0.10000000149011612
180.076,1.0,9.862500000020695,0.10000000149011612
180.134,1.0,9.725642270594836,0.10000000149011612
180.191,1.0,9.725301931943331,0.10000000149011612
180.23,1.0,9.752831860693792,0.10000000149011612
180.28,1.0,9.670400934935444,0.10000000149011612
180.33,1.0,9.697721526937352,0.10000000149011612
180.381,1.0,9.86262994837016,0.10000000149011612
180.43,1.0,9.83522061318573,0.10000000149011612
180.48,1.0,9.780333688296377,0.10000000149011612
180.532,1.0,9.917671153839263,0.10000000149011612
180.588,1.0,9.862800999068552,0.10000000149011612
180.63,1.0,9.780369030891194,0.10000000149011612
180.682,1.0,9.725578374746773,0.10000000149011612
180.734,1.0,9.83538635207547,0.10000000149011612
180.78,1.0,9.890209155653913,0.10000000149011612
180.832,1.0,9.83523671047555,0.10000000149011612
180.88,1.0,9.890197774353954,0.10000000149011612
180.931,1.0,9.835039948609968,0.10000000149011612
180.979,1.0,9.780473648487694,0.10000000149011612
181.031,1.0,9.91782210179501,0.1267266720533371
181.084,1.0,9.890166843061646,0.10000000149011612
181.136,1.0,9.890097701632314,0.10000000149011612
181.18,1.0,9.615529768644935,0.10000000149011612
181.235,1.0,9.890307224541903,0.10000000149011612
181.282,1.0,9.752685448589425,0.10000000149011612
181.337,1.0,9.807940949810048,0.10000000149011612
181.383,1.0,9.890202881023288,0.10000000149011612
181.433,1.0,9.862831680435274,0.10000000149011612
181.482,1.0,9.75270321013199,0.10000000149011612
181.533,1.0,9.86257071337766,0.10000000149011612
181.583,1.0,9.835191251254743,0.10000000149011612
181.633,1.0,9.780287259817124,0.10000000149011612
181.683,1.0,9.862656314339903,0.10000000149011612
181.739,1.0,9.752851479128003,0.10000000149011612
181.783,1.0,9.89008156247437,0.10000000149011612
181.834,1.0,9.752916844913528,0.10000000149011612
181.889,1.0,9.890136508457363,0.10000000149011612
181.938,1.0,9.917602458368574,0.10000000149011612
181.986,1.0,9.752671303103368,0.10000000149011612
182.035,1.0,9.890074074102772,0.102300725877285
182.083,1.0,9.725318467182417,0.10000000149011612
182.139,1.0,9.725657366981936,0.10000000149011612
182.19,1.0,9.862712226766678,0.10000000149011612
182.239,1.0,9.807817583158613,0.10000000149011612
182.286,1.0,9.917623223985235,0.10000000149011612
182.336,1.0,9.807828449706237,0.10000000149011612
182.388,1.0,9.890203405047457,0.10000000149011612
182.446,1.0,9.890239962107605,0.10000000149011612
182.488,1.0,9.807752266691791,0.10000000149011612
182.538,1.0,9.80755077412145,0.10000000149011612
182.587,1.0,9.862645846025812,0.10000000149011612
182.643,1.0,9.642936835686365,0.10000000149011612
182.687,1.0,9.780340672056708,0.10000000149011612
182.742,1.0,9.752775309669476,0.10000000149011612
182.799,1.0,9.615496660831074,0.10000000149011612
182.843,1.0,9.835212821120189,0.10000000149011612
182.903,1.0,9.8901247135467,0.10000000149011612
182.949,1.0,9.807872764807609,0.10000000149011612
182.996,1.0,9.78044962870578,0.10000000149011612
183.047,1.0,9.890282514608568,0.11113909631967545
183.099,1.0,9.752500000037253,0.10000000149011612
183.15,1.0,9.862845094812412,0.10000000149011612
183.194,1.0,9.807764448432458,0.10000000149011612
183.247,1.0,9.835228423236146,0.10000000149011612
183.31,1.0,9.835326025676396,0.10000000149011612
183.347,1.0,9.69762356299907,0.10000000149011612
183.398,1.0,9.725106190869377,0.10000000149011612
183.455,1.0,9.808035251001517,0.10000000149011612
183.498,1.0,9.835001982789901,0.10000000149011612
183.548,1.0,9.807667664769623,0.10000000149011612
183.597,1.0,9.780284138561951,0.10000000149011612
183.647,1.0,9.862546714767813,0.10000000149011612
183.704,1.0,9.807835879156158,0.10000000149011612
183.747,1.0,9.780173096992076,0.10000000149011612
183.802,1.0,9.67046998416384,0.10000000149011612
183.848,1.0,9.862606328787903,0.10000000149011612
183.907,1.0,9.670399123306076,0.10000000149011612
183.951,1.0,9.807621399913398,0.10000000149011612
184.004,1.0,9.835281007550657,0.10000000149011612
184.053,1.0,9.862726364119185,0.10000000149011612
184.111,1.0,9.697586496960785,0.10000000149011612
184.154,1.0,9.752623365509013,0.10000000149011612
184.207,1.0,9.83508786726743,0.10000000149011612
184.252,1.0,9.835229475630655,0.10000000149011612
184.305,1.0,9.780225401889119,0.10000000149011612
184.354,1.0,9.75263719709797,0.10000000149011612
184.406,1.0,9.752832605855332,0.10000000149011612
184.459,1.0,9.725437231258386,0.10000000149011612
184.504,1.0,9.752949353783494,0.10000000149011612
184.557,1.0,9.752761613308556,0.10000000149011612
184.614,1.0,9.8900839564287,0.10000000149011612
184.655,1.0,9.890000000016556,0.10000000149011612
184.71,1.0,9.80785804413673,0.10000000149011612
184.756,1.0,9.752643574091296,0.10000000149011612
184.811,1.0,9.862573632266786,0.10000000149011612
184.86,1.0,9.835111438338128,0.10000000149011612
184.909,1.0,9.752599217349456,0.10000000149011612
184.959,1.0,9.752760971482429,0.10000000149011612
185.008,1.0,9.807669110906621,0.10000000149011612
185.06,1.0,9.807693613486158,0.10000000149011612
185.113,1.0,9.808020510607296,0.10000000149011612
185.16,1.0,9.670271254144609,0.10000000149011612
185.21,1.0,9.697874476181136,0.10000000149011612
185.26,1.0,9.697699707456762,0.10000000149011612
185.315,1.0,9.725021117118498,0.10000000149011612
185.36,1.0,9.835100952929093,0.10000000149011612
185.415,1.0,9.89002287822465,0.10000000149011612
185.458,1.0,9.78034160255144,0.10000000149011612
185.513,1.0,9.75279662443532,0.10000000149011612
185.559,1.0,9.862500000020695,0.10000000149011612
185.613,1.0,9.917600912993981,0.10000000149011612
185.659,1.0,9.725427101262742,0.10000000149011612
185.71,1.0,9.780414861047433,0.10000000149011612
185.756,1.0,9.835373809643917,0.10000000149011612
185.81,1.0,9.780165062058304,0.10000000149011612
185.862,1.0,9.80752056946771,0.10000000149011612
185.913,1.0,9.67021616935316,0.10000000149011612
185.963,1.0,9.862507482224869,0.10000000149011612
186.009,1.0,9.807662912747926,0.10000000149011612
186.065,1.0,9.835202178979914,0.10000000149011612
186.111,1.0,9.807751277937657,0.10000000149011612
186.162,1.0,9.725282821845678,0.10000000149011612
186.212,1.0,9.835299560903675,0.10000000149011612
186.267,1.0,9.890274776373472,0.10565400123596191
186.311,1.0,9.725413864706125,0.10000000149011612
186.366,1.0,9.752676140227251,0.10000000149011612
186.419,1.0,9.890000000016556,0.10000000149011612
186.472,1.0,9.835207292892866,0.10000000149011612
186.515,1.0,9.752758323277037,0.10000000149011612
186.574,1.0,9.780186631427043,0.10000000149011612
186.62,1.0,9.780087383422586,0.10000000149011612
186.673,1.0,9.725245167004566,0.10000000149011612
186.722,1.0,9.835397731036776,0.10000000149011612
186.775,1.0,9.890234497065345,0.10000000149011612
186.824,1.0,9.862710679777795,0.10000000149011612
186.872,1.0,9.862500000020695,0.10000000149011612
186.922,1.0,9.80786866798169,0.10000000149011612
186.977,1.0,9.945015911985603,0.10000000149011612
187.022,1.0,9.862785887676809,0.10000000149011612
187.079,1.0,9.972500000004139,0.10000000149011612
187.127,1.0,9.807845244453185,0.10000000149011612
187.177,1.0,9.862627792668839,0.10000000149011612
187.227,1.0,9.780087596778241,0.10000000149011612
187.285,1.0,9.807629439772832,0.10000000149011612
187.33,1.0,9.725364417189525,0.10000000149011612
187.381,1.0,9.80762158839239,0.10000000149011612
187.432,1.0,9.945123507765432,0.10000000149011612
187.482,1.0,9.752888564455013,0.10000000149011612
187.542,1.0,9.862733020964596,0.10000000149011612
187.583,1.0,9.945102436571485,0.10000000149011612
187.633,1.0,9.725268511660397,0.10000000149011612
187.689,1.0,9.807933024337721,0.10000000149011612
187.739,1.0,9.890111242462364,0.10000000149011612
187.788,1.0,9.807707414776086,0.10000000149011612
187.839,1.0,9.670377532330653,0.10000000149011612
187.893,1.0,9.862680551637379,0.10000000149011612
187.938,1.0,9.890134862975941,0.10000000149011612
187.993,1.0,9.890081362529761,0.10000000149011612
188.037,1.0,9.752710349485278,0.10000000149011612
188.088,1.0,9.917550900226665,0.10000000149011612
188.139,1.0,9.835218414022691,0.10000000149011612
188.192,1.0,9.725127319060267,0.10000000149011612
188.241,1.0,9.780296726504133,0.10000000149011612
188.289,1.0,9.752897199781405,0.10000000149011612
188.341,1.0,9.697685689686073,0.10000000149011612
188.391,1.0,9.780239471462037,0.10000000149011612
188.441,1.0,9.780310033799873,0.10000000149011612
188.493,1.0,9.862704096672436,0.10000000149011612
188.541,1.0,9.890068843401968,0.10000000149011612
188.594,1.0,9.697766918937365,0.10000000149011612
188.645,1.0,9.780080490828388,0.10000000149011612
188.693,1.0,9.835116128209565,0.10000000149011612
188.744,1.0,9.890220671002236,0.10000000149011612
188.795,1.0,9.725399865582585,0.10000000149011612
188.848,1.0,9.807668536777298,0.10000000149011612
188.893,1.0,9.698069300606019,0.10000000149011612
188.949,1.0,9.807775297367739,0.10000000149011612
188.992,1.0,9.890180388506916,0.10000000149011612
189.042,1.0,9.917681677432524,0.10000000149011612
189.095,1.0,9.697957593616511,0.10000000149011612
189.147,1.0,9.917514827226599,0.10000000149011612
189.19,1.0,9.69781690157122,0.10000000149011612
189.242,1.0,9.89009872207211,0.10000000149011612
189.293,1.0,9.69820025778479,0.10000000149011612
189.343,1.0,9.753015148391325,0.10000000149011612
189.397,1.0,9.75298781308035,0.10000000149011612
189.445,1.0,9.862726069158978,0.10000000149011612
189.494,1.0,9.862555173618926,0.10000000149011612
189.547,1.0,9.670306332223117,0.10000000149011612
189.593,1.0,9.862646770953305,0.10000000149011612
189.643,1.0,9.862712696753443,0.10000000149011612
189.696,1.0,9.890077825511495,0.10000000149011612
189.746,1.0,9.780399813730684,0.10000000149011612
189.799,1.0,9.917741134431626,0.12335821986198425
189.845,1.0,9.697692949117886,0.10000000149011612
189.895,1.0,9.917500000012417,0.10000000149011612
189.952,1.0,9.807587153154115,0.10000000149011612
190.046,1.0,9.80756553452876,0.10000000149011612
190.099,1.0,9.8078343918754,0.10000000149011612
190.152,1.0,9.752918679287864,0.10000000149011612
190.198,1.0,9.80767064243555,0.10000000149011612
190.25,1.0,9.67032960953398,0.10000000149011612
190.303,1.0,9.725400041126543,0.10000000149011612
190.348,1.0,9.670499878480202,0.10000000149011612
190.402,1.0,9.80759332422167,0.10000000149011612
190.459,1.0,9.725835455126232,0.10000000149011612
190.506,1.0,9.807718202244077,0.10000000149011612
190.554,1.0,9.80766772530559,0.10000000149011612
190.609,1.0,9.917615745278697,0.10000000149011612
190.662,1.0,9.725197547467218,0.10000000149011612
190.714,1.0,9.83525397806532,0.10000000149011612
190.754,1.0,9.917671493254602,0.10000000149011612
190.804,1.0,9.78027918777532,0.10000000149011612
190.859,1.0,9.807502713261378,0.10000000149011612
190.905,1.0,9.67072522867885,0.10000000149011612
190.959,1.0,9.780219903484815,0.10000000149011612
191.004,1.0,9.945097290538252,0.10000000149011612
191.057,1.0,9.807645646648275,0.10000000149011612
191.11,1.0,9.780208272155788,0.10000000149011612
191.161,1.0,9.807599752127297,0.10000000149011612
191.218,1.0,9.752871007410189,0.10000000149011612
191.26,1.0,9.807761378068891,0.10000000149011612
191.314,1.0,9.835259799183243,0.10000000149011612
191.367,1.0,9.725460980315175,0.10000000149011612
191.41,1.0,9.780255378120476,0.10000000149011612
191.461,1.0,9.83527844881432,0.10000000149011612
191.511,1.0,9.917623048234317,0.10000000149011612
191.561,1.0,9.780365406970184,0.10000000149011612
191.616,1.0,9.780395536849069,0.10000000149011612
191.661,1.0,9.890078100996712,0.10000000149011612
191.711,1.0,9.890218696308633,0.10000000149011612
191.762,1.0,9.862597244067324,0.10000000149011612
191.817,1.0,9.890317160284354,0.10049327462911606
191.863,1.0,9.835071002795464,0.10000000149011612
191.91,1.0,9.780174166812666,0.10000000149011612
191.962,1.0,9.94506522739927,0.10758591443300247
192.016,1.0,9.862838904807965,0.10000000149011612
192.064,1.0,9.945129052197768,0.11544590443372726
192.112,1.0,9.615422468860116,0.10000000149011612
192.167,1.0,9.698064083564613,0.10000000149011612
192.214,1.0,9.807747838998006,0.10000000149011612
192.264,1.0,9.917500000012417,0.10000000149011612
192.314,1.0,9.642745946078664,0.10000000149011612
192.37,1.0,9.890197363413042,0.10000000149011612
192.414,1.0,9.807702608944641,0.10000000149011612
192.465,1.0,9.835293242149055,0.10000000149011612
192.524,1.0,9.780461859640976,0.10000000149011612
192.572,1.0,9.807889478156964,0.10000000149011612
192.62,1.0,9.780297879791922,0.10000000149011612
192.668,1.0,9.807609206127625,0.10000000149011612
192.72,1.0,9.835238510784176,0.10000000149011612
192.771,1.0,9.917694834226536,0.10000000149011612
192.822,1.0,9.780301483637757,0.10000000149011612
192.865,1.0,9.862624156081843,0.10000000149011612
192.921,1.0,9.807823995107578,0.10000000149011612
192.97,1.0,9.862629018475612,0.10000000149011612
193.022,1.0,9.807940600667562,0.10000000149011612
193.07,1.0,9.697773691825569,0.10000000149011612
193.12,1.0,9.780407256902093,0.10000000149011612
193.17,1.0,9.752853446433114,0.10000000149011612
193.22,1.0,9.862595378028022,0.10000000149011612
193.274,1.0,9.835017689007024,0.10000000149011612
193.321,1.0,9.835340032892095,0.10000000149011612
193.37,1.0,9.862640741964182,0.10000000149011612
193.424,1.0,9.945000000008278,0.10000000149011612
193.479,1.0,9.862823339634472,0.10000000149011612
193.524,1.0,9.835493113286793,0.10000000149011612
193.579,1.0,9.862525970116257,0.10000000149011612
193.627,1.0,9.862674443837669,0.10000000149011612
193.675,1.0,9.862629781953162,0.10000000149011612
193.725,1.0,9.752763117642866,0.10000000149011612
193.782,1.0,9.862725839722488,0.10000000149011612
193.824,1.0,9.890046110542285,0.10000000149011612
193.874,1.0,9.890195174059935,0.10448215156793594
193.925,1.0,9.780245306591192,0.10000000149011612
193.973,1.0,9.75281853073587,0.10000000149011612
194.026,1.0,9.862811469597121,0.10000000149011612
194.074,1.0,9.835214720004135,0.10000000149011612
194.124,1.0,9.72523257891751,0.10000000149011612
194.18,1.0,9.835188087075949,0.10000000149011612
194.224,1.0,9.862664873628981,0.10000000149011612
194.279,1.0,9.835161644427313,0.10000000149011612
194.319,1.0,9.890203276814686,0.10000000149011612
194.374,1.0,9.780176852809058,0.10000000149011612
194.425,1.0,9.835362862650719,0.10000000149011612
194.476,1.0,9.752886225324538,0.10000000149011612
194.529,1.0,9.808056225379309,0.10000000149011612
194.575,1.0,9.91759552769363,0.10000000149011612
194.624,1.0,9.780197724782758,0.10000000149011612
194.678,1.0,9.670303067958189,0.10000000149011612
194.736,1.0,9.917576854634616,0.10000000149011612
194.774,1.0,9.862760345761975,0.10000000149011612
194.824,1.0,9.807605589967634,0.10000000149011612
194.878,1.0,9.835335346352723,0.10000000149011612
194.935,1.0,9.835317854190038,0.10000000149011612
194.975,1.0,9.890096877142787,0.10000000149011612
195.026,1.0,9.72543306849483,0.10000000149011612
195.075,1.0,9.725127479475406,0.10000000149011612
195.125,1.0,9.86278821900487,0.10000000149011612
195.174,1.0,9.86271474276566,0.10000000149011612
195.226,1.0,9.945103148660726,0.11334995180368423
195.276,1.0,9.642887044097815,0.10000000149011612
195.332,1.0,9.807797309528622,0.10000000149011612
195.379,1.0,9.643039582524862,0.10000000149011612
195.429,1.0,9.642685999679896,0.10000000149011612
195.48,1.0,9.752752359542582,0.10000000149011612
195.529,1.0,9.835125074514913,0.10000000149011612
195.581,1.0,9.642853637950289,0.10000000149011612
195.631,1.0,9.752798667757048,0.10000000149011612
195.679,1.0,9.587997932545841,0.10000000149011612
195.729,1.0,9.890112848476404,0.10000000149011612
195.78,1.0,9.752531225586104,0.10000000149011612
195.83,1.0,9.862722919777864,0.10000000149011612
195.88,1.0,9.862720448296104,0.10000000149011612
195.93,1.0,9.83502598885033,0.10000000149011612
195.978,1.0,9.835576530463166,0.11629155278205872
196.035,1.0,9.75287024838229,0.10000000149011612
196.08,1.0,9.862655673776235,0.10000000149011612
196.134,1.0,9.780337744433847,0.10000000149011612
196.184,1.0,9.752995003594293,0.10000000149011612
196.23,1.0,9.807732604878645,0.10000000149011612
196.281,1.0,9.862568857231073,0.10000000149011612
196.332,1.0,9.94513630028814,0.10000000149011612
196.379,1.0,9.835364548323883,0.10000000149011612
196.431,1.0,9.835219062575035,0.10000000149011612
196.48,1.0,9.807881044844786,0.10000000149011612
196.536,1.0,9.86255628855692,0.10000000149011612
196.579,1.0,9.807677075184055,0.10000000149011612
196.631,1.0,9.807841560120384,0.10000000149011612
196.68,1.0,9.780245267434253,0.10000000149011612
196.733,1.0,9.862942176105248,0.10222646594047546
196.782,1.0,9.835321927919155,0.10000000149011612
196.833,1.0,9.697840813526676,0.10000000149011612
196.881,1.0,9.780618702123563,0.10000000149011612
196.931,1.0,9.890260614102914,0.10000000149011612
196.981,1.0,9.807726960981057,0.10000000149011612
197.042,1.0,9.807720120437443,0.10000000149011612
197.084,1.0,9.725242894639571,0.10000000149011612
197.143,1.0,9.86269106351667,0.10000000149011612
197.184,1.0,9.890053298676179,0.10000000149011612
197.237,1.0,9.86261534606003,0.10000000149011612
197.289,1.0,9.80780102275312,0.10000000149011612
197.336,1.0,9.7802855015008,0.10000000149011612
197.385,1.0,9.862592476088967,0.10000000149011612
197.433,1.0,9.725206885279881,0.10000000149011612
197.486,1.0,9.780200934824016,0.10000000149011612
197.536,1.0,9.835267389565706,0.10000000149011612
197.582,1.0,9.807656634723147,0.10000000149011612
197.64,1.0,9.807831888418232,0.10000000149011612
197.688,1.0,9.75296410717484,0.10000000149011612
197.741,1.0,9.890099501485626,0.10000000149011612
197.787,1.0,9.780238078037899,0.10000000149011612
197.84,1.0,9.807647886272106,0.10000000149011612
197.888,1.0,9.72560652082579,0.10000000149011612
197.937,1.0,9.890161277705596,0.10000000149011612
197.991,1.0,9.86250396354331,0.10000000149011612
198.037,1.0,9.642901611555782,0.10000000149011612
198.082,1.0,9.78022978067812,0.10000000149011612
198.139,1.0,9.835304805988239,0.10000000149011612
198.198,1.0,9.80767887354725,0.10000000149011612
198.248,1.0,9.80793561939564,0.10000000149011612
198.304,1.0,10.0,10.0
198.353,1.0,9.890120559082263,0.10000000149011612
198.398,1.0,9.807500000028975,0.10000000149011612
198.457,1.0,9.78034408994847,0.10000000149011612
198.501,1.0,9.780249667560888,0.10000000149011612
198.552,1.0,9.780097016257544,0.10000000149011612
198.602,1.0,9.890210481339858,0.10000000149011612
198.656,1.0,9.945145120326844,0.1067233458161354
198.708,1.0,9.835126615108715,0.10000000149011612
198.759,1.0,9.752845419570804,0.10000000149011612
198.806,1.0,9.86262297179136,0.10000000149011612
198.859,1.0,9.862515037900044,0.10000000149011612
198.91,1.0,9.697930070530209,0.10000000149011612
198.964,1.0,9.752790298623344,0.10000000149011612
199.009,1.0,9.890107080650827,0.10000000149011612
199.062,1.0,9.780373350034157,0.10000000149011612
199.111,1.0,9.752805607000159,0.10000000149011612
199.161,1.0,9.697885912346344,0.10000000149011612
199.212,1.0,9.862591894674633,0.10000000149011612
199.263,1.0,9.890185725751023,0.10000000149011612
199.318,1.0,9.89009601595915,0.10000000149011612
199.366,1.0,9.780384684933557,0.10000000149011612
199.417,1.0,9.780289763460557,0.10000000149011612
199.468,1.0,9.890070472140279,0.10000000149011612
199.518,1.0,9.807707860920992,0.10000000149011612
199.574,1.0,9.835124330160518,0.10000000149011612
199.619,1.0,9.780161809548735,0.10000000149011612
199.672,1.0,9.86255621212638,0.10000000149011612
199.719,1.0,9.807626843224797,0.10000000149011612
199.768,1.0,9.807915697577927,0.10000000149011612
199.821,1.0,9.807675545103848,0.10000000149011612
199.871,1.0,9.890206507738267,0.10000000149011612
199.921,1.0,9.698051023441884,0.10000000149011612
199.971,1.0,9.835177581384778,0.10000000149011612
200.019,1.0,9.807756080664694,0.10000000149011612
200.082,1.0,9.807902421305577,0.10000000149011612
200.126,1.0,9.807607044941848,0.10000000149011612
200.176,1.0,9.835144742474787,0.10000000149011612
200.229,1.0,9.752932206417123,0.10000000149011612
200.274,1.0,9.725510172380341,0.10000000149011612
200.324,1.0,9.72563030668017,0.10000000149011612
200.377,1.0,9.807645026615097,0.10000000149011612
200.433,1.0,9.752761026678813,0.10000000149011612
200.478,1.0,9.835415987587638,0.10000000149011612
200.528,1.0,9.807940895482897,0.10000000149011612
200.588,1.0,9.890167424289716,0.10000000149011612
200.631,1.0,9.86263419042031,0.10000000149011612
200.691,1.0,9.642993689680265,0.10000000149011612
200.732,1.0,9.807831507755651,0.10000000149011612
200.783,1.0,9.8076390232063,0.10000000149011612
200.832,1.0,9.83505855842183,0.10000000149011612
200.882,1.0,9.615528445711567,0.10000000149011612
200.933,1.0,9.78050168816828,0.10000000149011612
200.988,1.0,9.835259590753251,0.10000000149011612
201.035,1.0,9.807750714508195,0.10000000149011612
201.082,1.0,9.835148538897435,0.10000000149011612
201.128,1.0,9.807749318145216,0.10000000149011612
201.181,1.0,9.835236135042376,0.10000000149011612
201.235,1.0,9.780389206235608,0.10000000149011612
201.283,1.0,9.862785160334575,0.10000000149011612
201.335,1.0,9.862531348193686,0.10000000149011612
201.384,1.0,9.807571267833312,0.10000000149011612
201.435,1.0,9.862539661882652,0.10000000149011612
201.482,1.0,9.697893993163275,0.10000000149011612
201.538,1.0,9.752865223897,0.10000000149011612
201.583,1.0,9.69825486149639,0.10000000149011612
201.641,1.0,9.75290470485472,0.10000000149011612
201.689,1.0,9.697772333439854,0.10000000149011612
201.739,1.0,9.835209518050155,0.10000000149011612
201.796,1.0,9.890393751756184,0.1072339341044426
201.841,1.0,9.80772319369846,0.10000000149011612
201.889,1.0,9.753008865337405,0.10000000149011612
201.944,1.0,9.83504866645154,0.10000000149011612
201.994,1.0,9.780314903064735,0.10000000149011612
202.043,1.0,9.725196410653492,0.10000000149011612
202.102,1.0,9.890029875126977,0.10000000149011612
202.144,1.0,9.72548608864761,0.10000000149011612
202.195,1.0,9.725255231931806,0.10000000149011612
202.243,1.0,9.75270191176484,0.10000000149011612
202.288,1.0,9.780109321284625,0.10000000149011612
202.343,1.0,9.752769081460105,0.10000000149011612
202.394,1.0,9.83507558622708,0.10000000149011612
202.448,1.0,9.752835989391638,0.10000000149011612
202.498,1.0,9.86260127251347,0.10000000149011612
202.546,1.0,9.835223570755787,0.10000000149011612
202.597,1.0,9.725392252724204,0.10000000149011612
202.646,1.0,9.780130303319957,0.10000000149011612
202.697,1.0,9.8351801953175,0.10000000149011612
202.745,1.0,9.807988129597572,0.10000000149011612
202.796,1.0,9.83516422263864,0.10000000149011612
202.846,1.0,9.752798605027298,0.10000000149011612
202.898,1.0,9.862630050857033,0.10000000149011612
202.947,1.0,9.72521872298999,0.10000000149011612
203.0,1.0,9.725500106335515,0.10000000149011612
203.047,1.0,9.91767105453958,0.10000000149011612
203.099,1.0,9.780312422393925,0.10000000149011612
203.155,1.0,9.945000000008278,0.10000000149011612
203.196,1.0,9.862583296476966,0.10000000149011612
203.246,1.0,9.835186514299776,0.10000000149011612
203.308,1.0,9.807633723753193,0.10000000149011612
203.353,1.0,9.80796962895741,0.10000000149011612
203.399,1.0,9.890315565528969,0.10000000149011612
203.456,1.0,9.862601753696799,0.10000000149011612
203.503,1.0,9.780277323619359,0.10000000149011612
203.553,1.0,9.725287685129377,0.10000000149011612
203.603,1.0,9.80764415976074,0.10000000149011612
203.651,1.0,9.862707324822743,0.10000000149011612
203.704,1.0,9.75271706968132,0.10000000149011612
203.755,1.0,9.862675914975505,0.10000000149011612
203.803,1.0,9.89021485896988,0.10000000149011612
203.856,1.0,9.78020536152439,0.10000000149011612
203.9,1.0,9.780397898289893,0.10000000149011612
203.955,1.0,9.945104588381946,0.10000000149011612
204.003,1.0,9.753079692833126,0.10000000149011612
204.053,1.0,9.670132567236822,0.10000000149011612
204.101,1.0,9.72537400610745,0.10000000149011612
204.158,1.0,9.780296050984827,0.10000000149011612
204.2,1.0,9.807682446825007,0.10000000149011612
204.256,1.0,9.752788787645597,0.10000000149011612
204.304,1.0,9.808021462853585,0.10000000149011612
204.353,1.0,9.890070910565555,0.10000000149011612
204.405,1.0,9.807772147593399,0.10000000149011612
204.455,1.0,9.862744991626176,0.10000000149011612
204.5,1.0,9.807634782087472,0.10000000149011612
204.553,1.0,9.807745768709315,0.10000000149011612
204.604,1.0,9.670506016434066,0.10000000149011612
204.658,1.0,9.835318527412083,0.10000000149011612
204.705,1.0,9.890162667300967,0.10000000149011612
204.752,1.0,9.807679791106946,0.10000000149011612
204.803,1.0,9.862909502246314,0.10000000149011612
204.858,1.0,9.862586809860336,0.10000000149011612
204.903,1.0,9.752670852198369,0.10000000149011612
204.954,1.0,9.780323287244473,0.10000000149011612
205.003,1.0,9.7803784451137,0.10000000149011612
205.053,1.0,9.807729023736384,0.10000000149011612
205.104,1.0,9.835169061231944,0.10000000149011612
205.15,1.0,9.80780538421952,0.10000000149011612
205.209,1.0,9.697720414131052,0.10000000149011612
205.262,1.0,9.80789319270601,0.10000000149011612
205.309,1.0,9.72550885633876,0.10000000149011612
205.359,1.0,9.835258504810433,0.10000000149011612
205.409,1.0,9.780360248457226,0.10000000149011612
205.459,1.0,9.752959184865984,0.10000000149011612
205.508,1.0,9.83523469577647,0.10000000149011612
205.558,1.0,9.862609809968207,0.10000000149011612
205.608,1.0,9.780182188997665,0.10000000149011612
205.667,1.0,9.807570227732262,0.10000000149011612
205.709,1.0,9.69803849771205,0.10000000149011612
205.76,1.0,9.80776414492478,0.10000000149011612
205.815,1.0,9.86268625172476,0.10000000149011612
205.86,1.0,9.862829963904288,0.10000000149011612
205.91,1.0,9.917560189403593,0.10000000149011612
205.962,1.0,9.780000000033114,0.10000000149011612
206.018,1.0,9.835274313866265,0.10000000149011612
206.059,1.0,9.753188957915539,0.10000000149011612
206.111,1.0,9.890187476947904,0.10000000149011612
206.163,1.0,9.780247471046945,0.10000000149011612
206.211,1.0,9.835074432421889,0.10000000149011612
206.264,1.0,9.725227357840373,0.10000000149011612
206.317,1.0,9.890277548196416,0.10000000149011612
206.366,1.0,9.917624546649556,0.10000000149011612
206.415,1.0,9.72533084799846,0.10000000149011612
206.463,1.0,9.698071974991924,0.10000000149011612
206.519,1.0,9.780410108777383,0.10000000149011612
206.565,1.0,9.972508349041972,0.10300565510988235
206.617,1.0,9.615186291974451,0.10000000149011612
206.669,1.0,9.917732935191857,0.10739855468273163
206.715,1.0,9.835122714874645,0.10000000149011612
206.769,1.0,9.890016567003396,0.10000000149011612
206.816,1.0,9.917549049543839,0.10000000149011612
206.865,1.0,9.835337032087976,0.10000000149011612
206.914,1.0,9.78019025851455,0.10000000149011612
206.966,1.0,9.862563876104023,0.10000000149011612
207.013,1.0,9.972500000004139,0.10000000149011612
207.064,1.0,9.917606320314936,0.10000000149011612
207.116,1.0,9.862701518895726,0.10000000149011612
207.164,1.0,9.780301434877845,0.10000000149011612
207.217,1.0,9.862677799392905,0.10000000149011612
207.27,1.0,9.835211598521305,0.10000000149011612
207.315,1.0,9.890000000016556,0.10000000149011612
207.369,1.0,9.807721960234145,0.10000000149011612
207.416,1.0,9.862598672385017,0.10000000149011612
207.466,1.0,9.89010119881067,0.10000000149011612
207.519,1.0,9.752976987842057,0.10000000149011612
207.568,1.0,9.75275078256511,0.10000000149011612
207.615,1.0,9.752743571065366,0.10000000149011612
207.665,1.0,9.862812985873056,0.10000000149011612
207.717,1.0,9.75289182037943,0.10000000149011612
207.768,1.0,9.780250710931917,0.10000000149011612
207.823,1.0,9.670466451450354,0.10000000149011612
207.867,1.0,9.862648286939494,0.10000000149011612
207.924,1.0,9.86260240636766,0.10000000149011612
207.966,1.0,9.64281236750798,0.10000000149011612
208.02,1.0,9.890254124916263,0.10000000149011612
208.071,1.0,9.780400000119375,0.10000000149011612
208.124,1.0,9.808035205863415,0.10000000149011612
208.171,1.0,9.725411070345176,0.10000000149011612
208.22,1.0,9.862635622504685,0.10000000149011612
208.271,1.0,9.752843882971339,0.10000000149011612
208.325,1.0,9.91762279731532,0.10120729357004166
208.375,1.0,9.7530995833584,0.10000000149011612
208.428,1.0,9.917637942234675,0.10408354550600052
208.473,1.0,9.80781989035507,0.10000000149011612
208.522,1.0,9.780131110528277,0.10000000149011612
208.571,1.0,9.78024336234149,0.10000000149011612
208.629,1.0,9.835236599379115,0.10000000149011612
208.671,1.0,9.917763834301796,0.10000000149011612
208.724,1.0,9.917815569332904,0.13541942834854126
208.771,1.0,9.835202813065715,0.10000000149011612
208.822,1.0,9.807621289292971,0.10000000149011612
208.871,1.0,9.89018736810734,0.10000000149011612
208.923,1.0,9.807879895178807,0.10000000149011612
208.972,1.0,9.752741403111981,0.10000000149011612
209.025,1.0,9.725424826269348,0.10000000149011612
209.076,1.0,9.780337829370465,0.10000000149011612
209.122,1.0,9.698208748011126,0.10000000149011612
209.174,1.0,9.697659303827418,0.10000000149011612
209.227,1.0,9.780278207796316,0.10000000149011612
209.274,1.0,9.835086092414956,0.10000000149011612
209.328,1.0,9.807973803352152,0.10000000149011612
209.373,1.0,9.780410074649586,0.10000000149011612
209.431,1.0,9.780160830480357,0.10000000149011612
209.477,1.0,9.945054129966431,0.10000000149011612
209.532,1.0,9.69785815671914,0.10000000149011612
209.589,1.0,9.807832604460419,0.10000000149011612
209.63,1.0,9.917731631236771,0.10000000149011612
209.679,1.0,9.835005036162006,0.10000000149011612
209.729,1.0,9.780296717294389,0.10000000149011612
209.778,1.0,9.807823216770258,0.10000000149011612
209.829,1.0,9.807630905467603,0.10000000149011612
209.884,1.0,9.807865990429288,0.10000000149011612
209.929,1.0,9.78018102482375,0.10000000149011612
209.978,1.0,9.725381584051583,0.10000000149011612
210.03,1.0,9.835162572293646,0.10000000149011612
210.084,1.0,9.890222621460756,0.10000000149011612
210.134,1.0,9.917715365708702,0.10556519776582718
210.181,1.0,9.835285430794789,0.10000000149011612
210.232,1.0,9.697637920723194,0.10000000149011612
210.287,1.0,9.725450939022833,0.10000000149011612
210.332,1.0,9.83535744011816,0.10000000149011612
210.383,1.0,9.752836011681293,0.10000000149011612
210.433,1.0,9.890207175496553,0.10000000149011612
210.484,1.0,9.835106878500017,0.10000000149011612
210.534,1.0,9.807637972260515,0.10000000149011612
210.584,1.0,9.835244216604366,0.10000000149011612
210.634,1.0,9.780336178156237,0.10000000149011612
210.684,1.0,9.890149047060145,0.10000000149011612
210.734,1.0,9.862812828024229,0.10000000149011612
210.783,1.0,9.807576952998836,0.10000000149011612
210.836,1.0,9.83530507956942,0.10000000149011612
210.885,1.0,9.835297608727382,0.10000000149011612
210.932,1.0,9.725375460171037,0.10000000149011612
210.988,1.0,9.752653602903916,0.10000000149011612
211.032,1.0,9.94512644275609,0.10000000149011612
211.093,1.0,9.78012920897454,0.10000000149011612
211.136,1.0,9.835134443247483,0.10000000149011612
211.184,1.0,9.807688984254169,0.10000000149011612
211.237,1.0,9.697920442248384,0.10000000149011612
211.29,1.0,9.780185563158657,0.10000000149011612
211.337,1.0,9.835237891371879,0.10000000149011612
211.387,1.0,9.835171424638894,0.10000000149011612
211.444,1.0,9.780141538754105,0.10000000149011612
211.496,1.0,9.89016629403664,0.10000000149011612
211.544,1.0,9.670250953071648,0.10000000149011612
211.59,1.0,9.725544615276158,0.10000000149011612
211.647,1.0,9.835287244224714,0.10000000149011612
211.692,1.0,9.807864054582184,0.10000000149011612
211.743,1.0,9.835370962921944,0.10000000149011612
211.793,1.0,9.780541274758678,0.10000000149011612
211.845,1.0,9.807710557037758,0.10000000149011612
211.892,1.0,9.807631111993558,0.10000000149011612
211.942,1.0,9.835058278093735,0.10000000149011612
211.993,1.0,9.862688295522497,0.10000000149011612
212.043,1.0,9.780252107667426,0.10000000149011612
212.098,1.0,9.725244292202923,0.10000000149011612
212.142,1.0,9.80774785172608,0.10000000149011612
212.196,1.0,9.780340038343436,0.10000000149011612
212.256,1.0,9.862729438642662,0.10000000149011612
212.296,1.0,9.780308970001837,0.10000000149011612
212.346,1.0,9.835268897045818,0.10000000149011612
212.396,1.0,9.670400503940053,0.10000000149011612
212.447,1.0,9.780311736236843,0.10000000149011612
212.498,1.0,9.780180067796675,0.10000000149011612
212.549,1.0,9.67024663966149,0.10000000149011612
212.601,1.0,9.890097296879523,0.10000000149011612
212.652,1.0,9.807655750939416,0.10000000149011612
212.698,1.0,9.807829996653728,0.10000000149011612
212.746,1.0,9.890006231268247,0.10000000149011612
212.798,1.0,9.91761406465537,0.10000000149011612
212.847,1.0,9.780106871657901,0.10000000149011612
212.899,1.0,9.890000000016556,0.10000000149011612
212.945,1.0,9.835193308856752,0.10000000149011612
212.997,1.0,9.698214755952359,0.10000000149011612
213.054,1.0,9.807832402984301,0.10000000149011612
213.097,1.0,9.780256926951308,0.10000000149011612
213.147,1.0,9.75279382198221,0.10000000149011612
213.198,1.0,9.862644896387225,0.10000000149011612
213.246,1.0,9.752716015258597,0.10000000149011612
213.305,1.0,9.862544738170174,0.10000000149011612
213.347,1.0,9.725313373054895,0.10000000149011612
213.398,1.0,9.752991479987072,0.10000000149011612
213.447,1.0,9.80760984443542,0.10000000149011612
213.499,1.0,9.670586346793506,0.10000000149011612
213.546,1.0,9.807786273832123,0.10000000149011612
213.603,1.0,9.780310798871021,0.10000000149011612
213.646,1.0,9.725697918401824,0.10000000149011612
213.707,1.0,9.698115236394935,0.10000000149011612
213.752,1.0,9.780217487737536,0.10000000149011612
213.804,1.0,9.835126625725792,0.10000000149011612
213.857,1.0,9.835371843311522,0.10000000149011612
213.9,1.0,9.91770097805808,0.10701888054609299
213.951,1.0,9.75269692045533,0.10000000149011612
214.003,1.0,9.670650992666681,0.10000000149011612
214.051,1.0,9.780251653244099,0.10000000149011612
214.107,1.0,9.725583181261188,0.10000000149011612
214.157,1.0,9.698135420680046,0.10000000149011612
214.207,1.0,9.670420128769345,0.10000000149011612
214.256,1.0,9.8626310284146,0.10000000149011612
214.31,1.0,9.807784842182365,0.10000000149011612
214.359,1.0,9.890197622817423,0.10000000149011612
214.41,1.0,9.752656162737145,0.10000000149011612
214.459,1.0,9.780477702617645,0.10000000149011612
214.509,1.0,9.8351485485211,0.10000000149011612
214.567,1.0,9.697780566000276,0.10000000149011612
214.609,1.0,9.780428876313898,0.10000000149011612
214.659,1.0,9.807842803932726,0.10000000149011612
214.71,1.0,9.807724073301587,0.10000000149011612
214.761,1.0,9.89029530769007,0.10000000149011612
214.815,1.0,9.835343054806193,0.10000000149011612
214.86,1.0,9.807729085762467,0.10000000149011612
214.91,1.0,9.807690966439743,0.10000000149011612
214.962,1.0,9.917500000012417,0.10000000149011612
215.012,1.0,9.83507410765936,0.10000000149011612
215.061,1.0,9.752895755010346,0.10000000149011612
215.116,1.0,9.78062407374382,0.10696882754564285
215.161,1.0,9.752955846488476,0.10000000149011612
215.21,1.0,9.643074369368454,0.10000000149011612
215.268,1.0,9.890209844708442,0.10000000149011612
215.313,1.0,9.890028250196742,0.10000000149011612
215.363,1.0,9.752673242841329,0.10000000149011612
215.416,1.0,9.94506623585605,0.10000000149011612
215.463,1.0,9.505595802743402,0.10000000149011612
215.515,1.0,9.862500000020695,0.10000000149011612
215.564,1.0,9.7804645858912,0.10000000149011612
215.616,1.0,9.835014348228773,0.10000000149011612
215.666,1.0,9.752858152012859,0.10000000149011612
215.72,1.0,9.8353649177692,0.10000000149011612
215.765,1.0,9.780261697454584,0.10000000149011612
215.814,1.0,9.835320106604033,0.10000000149011612
215.869,1.0,9.725235250509447,0.10000000149011612
215.926,1.0,9.807942551498611,0.10000000149011612
215.965,1.0,9.890056719920702,0.10000000149011612
216.022,1.0,9.725228377535112,0.10000000149011612
216.068,1.0,9.780281193368136,0.10000000149011612
216.113,1.0,9.862753972307676,0.10000000149011612
216.168,1.0,9.890089544840157,0.10000000149011612
216.217,1.0,9.752751296220554,0.10000000149011612
216.267,1.0,9.752828376367688,0.10000000149011612
216.319,1.0,9.752709144995444,0.10000000149011612
216.379,1.0,9.78009359654453,0.10000000149011612
216.421,1.0,9.835205142841572,0.10000000149011612
216.467,1.0,9.697961432900694,0.10000000149011612
216.517,1.0,9.588014924567606,0.10000000149011612
216.568,1.0,9.780319087807502,0.10000000149011612
216.617,1.0,9.835088171168334,0.10000000149011612
216.666,1.0,9.917675988458925,0.11305467784404755
216.718,1.0,9.78013131417748,0.10000000149011612
216.773,1.0,9.890093981226284,0.10518242418766022
216.816,1.0,9.917500000012417,0.10000000149011612
216.871,1.0,9.670329365423983,0.10000000149011612
216.919,1.0,9.91765061126401,0.10000000149011612
216.97,1.0,9.917515116516087,0.10000000149011612
217.02,1.0,9.862644091828003,0.10000000149011612
217.07,1.0,9.670691204712623,0.10000000149011612
217.12,1.0,9.780451053049829,0.10000000149011612
217.171,1.0,9.725294045172632,0.10000000149011612
217.219,1.0,9.78043204550114,0.10000000149011612
217.27,1.0,9.835119067794746,0.10000000149011612
217.325,1.0,9.725135620290207,0.10000000149011612
217.37,1.0,9.80789274384992,0.10000000149011612
217.426,1.0,9.89037159971065,0.12290044128894806
217.478,1.0,9.780148421103755,0.10000000149011612
217.526,1.0,9.780494850584203,0.10000000149011612
217.571,1.0,9.835175937496954,0.10000000149011612
217.621,1.0,9.78023484841817,0.10000000149011612
217.677,1.0,9.835357268071837,0.10000000149011612
217.723,1.0,9.807516259782844,0.10000000149011612
217.773,1.0,9.835449114007254,0.10000000149011612
217.821,1.0,9.807602534608709,0.10000000149011612
217.875,1.0,9.807890837660267,0.10000000149011612
217.921,1.0,9.78039592185782,0.10000000149011612
217.971,1.0,9.780166610847745,0.10000000149011612
218.028,1.0,9.862767108240062,0.10000000149011612
218.07,1.0,9.890099273642733,0.10000000149011612
218.12,1.0,9.69789395932522,0.10000000149011612
218.173,1.0,9.890139602993925,0.10000000149011612
218.222,1.0,9.835180471258031,0.10000000149011612
218.273,1.0,9.917559974371558,0.10000000149011612
218.316,1.0,9.890172872071465,0.10000000149011612
218.373,1.0,9.725312114858793,0.10000000149011612
218.422,1.0,9.752714403491053,0.10000000149011612
218.471,1.0,9.807878312985931,0.10000000149011612
218.521,1.0,9.75312218779905,0.10000000149011612
218.574,1.0,9.835045038618976,0.10000000149011612
218.621,1.0,9.807830686929325,0.10000000149011612
218.68,1.0,9.725287817480664,0.10000000149011612
218.722,1.0,9.807735260182785,0.10000000149011612
218.774,1.0,9.835134485964145,0.10000000149011612
218.825,1.0,9.670290421922173,0.10000000149011612
218.874,1.0,9.917500000012417,0.10000000149011612
218.931,1.0,9.80759768281132,0.10000000149011612
218.976,1.0,9.69783533066511,0.10000000149011612
219.026,1.0,9.917500000012417,0.10000000149011612
219.076,1.0,9.725330767138965,0.10000000149011612
219.127,1.0,9.807754379510879,0.10000000149011612
219.183,1.0,9.698112664061288,0.10000000149011612
219.231,1.0,9.862621398021778,0.10000000149011612
219.277,1.0,9.698217842603723,0.10000000149011612
219.326,1.0,9.862908794710206,0.10000000149011612
219.379,1.0,9.862743583259483,0.10000000149011612
219.425,1.0,9.862673472509616,0.10000000149011612
219.481,1.0,9.780347267186476,0.10000000149011612
219.527,1.0,9.752900267247524,0.10000000149011612
219.577,1.0,9.917710909619927,0.10821415483951569
219.626,1.0,9.725482087437477,0.10000000149011612
219.678,1.0,9.725226590471964,0.10000000149011612
219.732,1.0,9.752803155676359,0.10000000149011612
219.777,1.0,9.890194916538894,0.10000000149011612
219.829,1.0,9.807614966647492,0.10000000149011612
219.883,1.0,9.780314227855868,0.10000000149011612
219.93,1.0,9.835267451239957,0.10000000149011612
219.984,1.0,9.807822191901504,0.10000000149011612
220.03,1.0,9.890138184341291,0.10000000149011612
220.08,1.0,9.807781909737322,0.10000000149011612
220.133,1.0,9.862620586570767,0.10000000149011612
220.185,1.0,9.8080055133957,0.10000000149011612
220.231,1.0,9.752853290736676,0.10000000149011612
220.279,1.0,9.917587959104115,0.10000000149011612
220.331,1.0,9.890106595949167,0.10000000149011612
220.38,1.0,9.752851379455791,0.10000000149011612
220.435,1.0,9.835213566447297,0.10000000149011612
220.48,1.0,9.807829583663906,0.10000000149011612
220.533,1.0,9.890258668238918,0.10000000149011612
220.58,1.0,9.752897900446422,0.10000000149011612
220.631,1.0,9.807824094158908,0.10000000149011612
220.681,1.0,9.835257778523697,0.10000000149011612
220.736,1.0,9.780169619764719,0.10000000149011612
220.782,1.0,9.890020382797552,0.10000000149011612
220.832,1.0,9.780081791761848,0.10000000149011612
220.883,1.0,9.752857228968706,0.10000000149011612
220.933,1.0,9.945067094928689,0.10000000149011612
220.981,1.0,9.642833833831052,0.10000000149011612
221.034,1.0,9.752764820493757,0.10000000149011612
221.081,1.0,9.80776692558494,0.10000000149011612
221.131,1.0,9.835140002539589,0.10000000149011612
221.181,1.0,9.780526953438917,0.10000000149011612
221.233,1.0,9.807802749777006,0.10000000149011612
221.282,1.0,9.862666804384855,0.10000000149011612
221.33,1.0,9.780442634514637,0.10000000149011612
221.384,1.0,9.697862528533571,0.10000000149011612
221.428,1.0,9.807778146759503,0.10000000149011612
221.481,1.0,9.862670893946456,0.10000000149011612
221.531,1.0,9.890000401727027,0.10000000149011612
221.591,1.0,9.807681664969358,0.10000000149011612
221.631,1.0,9.780247936811712,0.10000000149011612
221.688,1.0,9.725251293906735,0.10000000149011612
221.731,1.0,9.835351018442047,0.10000000149011612
221.785,1.0,9.753065962158143,0.10000000149011612
221.835,1.0,9.752780219043295,0.10000000149011612
221.881,1.0,9.80767598381887,0.10000000149011612
221.932,1.0,9.752761597351896,0.10000000149011612
221.982,1.0,9.862832135789924,0.10000000149011612
222.031,1.0,9.56062868717644,0.10000000149011612
222.08,1.0,9.780425728133155,0.10000000149011612
222.143,1.0,9.753036018543773,0.10000000149011612
222.181,1.0,9.945118130743504,0.11031477153301239
222.234,1.0,9.835214883461594,0.10000000149011612
222.281,1.0,9.835240650052826,0.10000000149011612
222.33,1.0,9.807728164436089,0.10000000149011612
222.383,1.0,9.752991702324815,0.10000000149011612
222.44,1.0,9.670523434028857,0.10000000149011612
222.481,1.0,9.807899109543198,0.10000000149011612
222.53,1.0,9.807651851988501,0.10000000149011612
222.588,1.0,9.725155619552567,0.10000000149011612
222.629,1.0,9.75268279173308,0.10000000149011612
222.682,1.0,9.75287641328242,0.10000000149011612
222.733,1.0,9.670505138424536,0.10000000149011612
222.78,1.0,9.725345321806769,0.10000000149011612
222.829,1.0,9.642986441238058,0.10000000149011612
222.883,1.0,9.670732982332508,0.10000000149011612
222.934,1.0,9.780175261572003,0.10000000149011612
222.992,1.0,9.862660936369664,0.10000000149011612
223.032,1.0,9.890134900663462,0.10000000149011612
223.088,1.0,9.890129614435136,0.10000000149011612
223.135,1.0,9.807968547484942,0.10000000149011612
223.182,1.0,9.917698668336703,0.11298862844705582
223.239,1.0,9.697771787684825,0.10000000149011612
223.282,1.0,9.890216898028221,0.10000000149011612
223.331,1.0,9.725198295008806,0.10000000149011612
223.381,1.0,9.890168373017675,0.10000000149011612
223.434,1.0,9.780543180410232,0.10000000149011612
223.481,1.0,9.835363888347315,0.10000000149011612
223.532,1.0,9.862725032659041,0.10000000149011612
223.583,1.0,9.80761471670121,0.10000000149011612
223.634,1.0,9.752746299612854,0.10000000149011612
223.685,1.0,9.807716209068895,0.10000000149011612
223.735,1.0,9.862729064313074,0.10000000149011612
223.785,1.0,9.78038863144401,0.10000000149011612
223.838,1.0,9.917530839724673,0.10000000149011612
223.882,1.0,9.780238770610756,0.10000000149011612
223.937,1.0,9.780231228243146,0.10000000149011612
223.984,1.0,9.835236185313098,0.10000000149011612
224.034,1.0,9.670197274949816,0.10000000149011612
224.083,1.0,9.752649523172941,0.10000000149011612
224.134,1.0,9.862728998334044,0.10000000149011612
224.184,1.0,9.752643082104623,0.10000000149011612
224.243,1.0,9.72516218436261,0.10000000149011612
224.283,1.0,9.725265968384015,0.10000000149011612
224.335,1.0,9.643150226585567,0.10000000149011612
224.4,1.0,9.670495547850926,0.10000000149011612
224.438,1.0,9.725326095480058,0.10000000149011612
224.494,1.0,9.835170975575844,0.10000000149011612
224.538,1.0,9.862705011686517,0.10000000149011612
224.596,1.0,9.835222099328206,0.10000000149011612
224.644,1.0,9.807732247623305,0.10000000149011612
224.694,1.0,9.642896858023272,0.10000000149011612
224.746,1.0,9.780297210833265,0.10000000149011612
224.803,1.0,9.890224814332194,0.10000000149011612
224.849,1.0,9.725460022708608,0.10000000149011612
224.893,1.0,9.780396041191286,0.10000000149011612
224.937,1.0,9.945028143458897,0.10000000149011612
224.994,1.0,9.862614307738841,0.10000000149011612
225.051,1.0,9.8352045873387,0.10000000149011612
225.094,1.0,9.862905317648417,0.10000000149011612
225.144,1.0,9.890108040927185,0.10000000149011612
225.202,1.0,9.780093142638604,0.10000000149011612
225.243,1.0,9.862707793898881,0.10000000149011612
225.299,1.0,9.780125281380283,0.10000000149011612
225.355,1.0,9.835300802460146,0.10000000149011612
225.395,1.0,9.75261154425227,0.10000000149011612
225.448,1.0,9.615648126498693,0.10000000149011612
225.499,1.0,9.835000000024836,0.10000000149011612
225.546,1.0,9.862565746365322,0.10000000149011612
225.596,1.0,9.725351523959802,0.10000000149011612
225.651,1.0,9.807776109170582,0.10000000149011612
225.698,1.0,9.698090667029222,0.10000000149011612
225.759,1.0,9.835169800702069,0.10000000149011612
225.806,1.0,9.807623987086117,0.10000000149011612
225.853,1.0,9.807567177630133,0.10000000149011612
225.906,1.0,9.835161260867284,0.10000000149011612
225.955,1.0,9.752737083389528,0.10000000149011612
226.009,1.0,9.725429429921011,0.10000000149011612
226.062,1.0,9.835242957332069,0.10000000149011612
226.105,1.0,9.780265325100885,0.10000000149011612
226.156,1.0,9.835293282940984,0.10000000149011612
226.199,1.0,9.835000504429141,0.10000000149011612
226.255,1.0,9.642827808505132,0.10000000149011612
226.305,1.0,9.835150531886352,0.10000000149011612
226.356,1.0,9.78019811378585,0.10000000149011612
226.407,1.0,9.917637881802188,0.1082313284277916
226.458,1.0,9.698101455014612,0.10000000149011612
226.511,1.0,9.86276638644437,0.10000000149011612
226.558,1.0,9.835114614893165,0.10000000149011612
226.608,1.0,9.780091367103159,0.10000000149011612
226.658,1.0,9.917562700104382,0.10000000149011612
226.71,1.0,9.807515244806806,0.10000000149011612
226.757,1.0,9.697765323685275,0.10000000149011612
226.809,1.0,9.697811617929903,0.10000000149011612
226.861,1.0,9.72513198275119,0.10000000149011612
226.91,1.0,9.6978278239982,0.10000000149011612
226.958,1.0,9.807655792269442,0.10000000149011612
227.014,1.0,9.725177646945749,0.10000000149011612
227.059,1.0,9.78028469197452,0.10000000149011612
227.108,1.0,9.697732458222244,0.10000000149011612
227.17,1.0,9.78030146246569,0.10000000149011612
227.209,1.0,9.890022141051789,0.10000000149011612
227.263,1.0,9.862739157531824,0.10000000149011612
227.307,1.0,9.80788620379236,0.10000000149011612
227.373,1.0,9.83512832497557,0.10000000149011612
227.41,1.0,9.862824927953382,0.10000000149011612
227.461,1.0,9.80785071272403,0.10000000149011612
227.511,1.0,9.835246784819496,0.10000000149011612
227.574,1.0,9.780243561748001,0.10000000149011612
227.614,1.0,9.72507010621743,0.10000000149011612
227.671,1.0,9.7528568447671,0.10000000149011612
227.715,1.0,9.862792053818703,0.10464603453874588
227.765,1.0,9.697851117017368,0.10000000149011612
227.813,1.0,9.835127388872206,0.10000000149011612
227.871,1.0,9.807514510303736,0.10000000149011612
227.917,1.0,9.83506958530181,0.10000000149011612
227.964,1.0,9.807740403339267,0.10000000149011612
228.016,1.0,9.725285983478857,0.10000000149011612
228.063,1.0,9.780298888041742,0.10000000149011612
228.125,1.0,9.807789243612852,0.10000000149011612
228.166,1.0,9.7252604863089,0.10000000149011612
228.226,1.0,9.835046253932846,0.10000000149011612
228.27,1.0,9.752865299768747,0.10000000149011612
228.335,1.0,9.862637657527294,0.10000000149011612
228.373,1.0,9.807762118987739,0.10000000149011612
228.433,1.0,9.725290598244303,0.10000000149011612
228.482,1.0,9.890246090375715,0.10000000149011612
228.529,1.0,9.91768446781983,0.10000000149011612
228.579,1.0,9.725155460068748,0.10000000149011612
228.628,1.0,9.725137743229668,0.10000000149011612
228.68,1.0,9.890120994113385,0.10000000149011612
228.739,1.0,9.807821941396428,0.10000000149011612
228.783,1.0,9.752998471053111,0.10000000149011612
228.84,1.0,9.835160945397284,0.10000000149011612
228.885,1.0,9.75263792063213,0.10000000149011612
228.937,1.0,9.835271555040446,0.10000000149011612
228.988,1.0,9.780346921996937,0.10000000149011612
229.035,1.0,9.807991947171589,0.10000000149011612
229.09,1.0,9.80775355009569,0.10000000149011612
229.134,1.0,9.862561563878424,0.10000000149011612
229.185,1.0,9.862664759842058,0.10000000149011612
229.24,1.0,9.86269947571887,0.10000000149011612
229.286,1.0,9.75286073235588,0.10000000149011612
229.335,1.0,9.945052913990285,0.10000000149011612
229.39,1.0,9.752742018798987,0.10000000149011612
229.442,1.0,9.862707553617657,0.10000000149011612
229.49,1.0,9.807600793863337,0.10000000149011612
229.543,1.0,9.86266629933897,0.10000000149011612
229.595,1.0,9.835225039141045,0.10000000149011612
229.643,1.0,9.835024314829045,0.10000000149011612
229.696,1.0,9.725304952036176,0.10000000149011612
229.746,1.0,9.752954137925473,0.10000000149011612
229.81,1.0,9.862500000020695,0.10000000149011612
229.852,1.0,9.890230030028356,0.10000000149011612
229.906,1.0,9.807789857147469,0.10000000149011612
229.951,1.0,9.80768544808444,0.10000000149011612
230.001,1.0,9.91765852705058,0.10000000149011612
230.052,1.0,9.807829558062885,0.10000000149011612
230.112,1.0,9.725199085246357,0.10000000149011612
230.168,1.0,9.780322801797753,0.10000000149011612
230.213,1.0,9.807569776744478,0.10000000149011612
230.262,1.0,9.917500000012417,0.10000000149011612
230.316,1.0,9.835177655311094,0.10000000149011612
230.364,1.0,9.615691020567384,0.10000000149011612
230.414,1.0,9.780282246135176,0.10000000149011612
230.477,1.0,9.86257953569293,0.10000000149011612
230.514,1.0,9.862665748368535,0.10000000149011612
230.568,1.0,9.752687543402944,0.10000000149011612
230.617,1.0,9.835044477528168,0.10000000149011612
230.679,1.0,9.835323330408169,0.10000000149011612
230.722,1.0,9.862664797529579,0.10000000149011612
230.773,1.0,9.835348975141015,0.10162319242954254
230.822,1.0,9.807623414115774,0.10000000149011612
230.872,1.0,9.670401433834598,0.10000000149011612
230.923,1.0,9.807775098188884,0.10082028061151505
230.981,1.0,9.807835149971975,0.10000000149011612
231.023,1.0,9.835228681688507,0.10000000149011612
231.081,1.0,9.725250124682983,0.10000000149011612
231.124,1.0,9.67079510966109,0.10000000149011612
231.17,1.0,9.752864972895217,0.10000000149011612
231.222,1.0,9.89005254726443,0.10000000149011612
231.276,1.0,9.780258460777501,0.10000000149011612
231.324,1.0,9.697875733963317,0.10000000149011612
231.377,1.0,9.807778337039053,0.10000000149011612
231.425,1.0,9.725605284464027,0.10000000149011612
231.476,1.0,9.835175687943895,0.10000000149011612
231.53,1.0,9.862661436324318,0.10000000149011612
231.578,1.0,9.780232746402422,0.10000000149011612
231.632,1.0,9.780142467531066,0.10000000149011612
231.679,1.0,9.835311448118754,0.10000000149011612
231.727,1.0,9.862703262642025,0.10000000149011612
231.782,1.0,9.835126108427842,0.10000000149011612
231.827,1.0,9.698024570672876,0.10000000149011612
231.876,1.0,9.807710657310155,0.10000000149011612
231.935,1.0,9.560423968732357,0.10000000149011612
231.98,1.0,9.917638252261613,0.10000000149011612
232.033,1.0,9.752852715158628,0.10000000149011612
232.085,1.0,9.917613393730587,0.10000000149011612
232.131,1.0,9.807941629592744,0.10000000149011612
232.184,1.0,9.67049651770956,0.10000000149011612
232.236,1.0,9.807694747236868,0.10000000149011612
232.283,1.0,9.890223940937883,0.10000000149011612
232.336,1.0,9.807947694758575,0.10000000149011612
232.388,1.0,9.75276022437546,0.10000000149011612
232.439,1.0,9.835190729962456,0.10000000149011612
232.487,1.0,9.725506368755466,0.10000000149011612
232.536,1.0,9.807952934876084,0.10000000149011612
232.585,1.0,9.83516303193238,0.10000000149011612
232.636,1.0,9.917500000012417,0.10000000149011612
232.697,1.0,9.807703462967442,0.10000000149011612
232.74,1.0,9.67033550642017,0.10000000149011612
232.786,1.0,9.862573595138059,0.10000000149011612
232.837,1.0,9.862665563697616,0.10000000149011612
232.89,1.0,9.862730763273106,0.10000000149011612
232.936,1.0,9.80774257350713,0.10000000149011612
232.986,1.0,9.725335309199162,0.10000000149011612
233.035,1.0,9.780155298796792,0.10000000149011612
233.089,1.0,9.7805422961091,0.10000000149011612
233.135,1.0,9.945000000008278,0.10000000149011612
233.186,1.0,9.807807458916471,0.10000000149011612
233.231,1.0,9.835000000024836,0.10000000149011612
233.286,1.0,9.917531208590502,0.10000000149011612
233.341,1.0,9.835259968456295,0.10000000149011612
233.387,1.0,9.752830766576032,0.10000000149011612
233.439,1.0,9.83506373293284,0.10000000149011612
233.49,1.0,9.752886585498022,0.10000000149011612
233.538,1.0,9.862769532203675,0.10000000149011612
233.585,1.0,9.80790365063068,0.10000000149011612
233.642,1.0,9.862659109031988,0.10000000149011612
233.687,1.0,9.69779904232257,0.10000000149011612
233.739,1.0,9.807730874729653,0.10000000149011612
233.793,1.0,9.807648701903721,0.10000000149011612
233.839,1.0,9.862603928893805,0.10016380250453949
233.89,1.0,9.972567527948154,0.12431006133556366
233.948,1.0,9.780279543540544,0.10000000149011612
234.004,1.0,9.835347101526956,0.10000000149011612
234.042,1.0,9.835237365278106,0.10000000149011612
234.092,1.0,9.698272396230863,0.10000000149011612
234.143,1.0,9.78048221634494,0.10000000149011612
234.205,1.0,9.807873709706797,0.10000000149011612
234.244,1.0,9.890000000016556,0.10000000149011612
234.296,1.0,9.58812531578458,0.10000000149011612
234.344,1.0,9.91771040596068,0.10261785984039307
234.4,1.0,9.835114238473276,0.10000000149011612
234.446,1.0,9.862500000020695,0.10000000149011612
234.497,1.0,9.780310712589158,0.10000000149011612
234.548,1.0,9.780379536747933,0.10000000149011612
234.598,1.0,9.890122674881583,0.10000000149011612
234.652,1.0,9.807734835230642,0.10000000149011612
234.698,1.0,9.780000000033114,0.10000000149011612
234.748,1.0,9.725294509447282,0.10000000149011612
234.798,1.0,9.835162311357756,0.10000000149011612
234.848,1.0,9.752860933625035,0.10000000149011612
234.898,1.0,9.78010403830558,0.10000000149011612
234.959,1.0,9.945084575170444,0.10000000149011612
235.001,1.0,9.725477969170445,0.10000000149011612
235.05,1.0,9.725385795699225,0.10000000149011612
235.1,1.0,9.780418588531514,0.10000000149011612
235.15,1.0,9.780115503424572,0.10000000149011612
235.202,1.0,9.835206244016687,0.10000000149011612
235.251,1.0,9.780157689708803,0.10000000149011612
235.3,1.0,9.835220127449267,0.10000000149011612
235.351,1.0,9.725349502844942,0.10000000149011612
235.402,1.0,9.807673714351322,0.10000000149011612
235.454,1.0,9.835243398406439,0.10000000149011612
235.504,1.0,9.807667478670677,0.10000000149011612
235.551,1.0,9.752771142290698,0.10000000149011612
235.6,1.0,9.72510584872216,0.10000000149011612
235.66,1.0,9.835153289760152,0.10000000149011612
235.703,1.0,9.917801682816611,0.11374236643314362
235.751,1.0,9.780216847339439,0.10000000149011612
235.808,1.0,9.780267521863182,0.10000000149011612
235.854,1.0,9.91759397611022,0.10000000149011612
235.904,1.0,9.75275711580697,0.10000000149011612
235.954,1.0,9.753055961988867,0.10000000149011612
236.009,1.0,9.862674845713709,0.10000000149011612
236.056,1.0,9.972600222296185,0.13608002662658691
236.104,1.0,9.80760285736372,0.10000000149011612
236.157,1.0,9.80761460661888,0.10000000149011612
236.205,1.0,9.835361508383519,0.10000000149011612
236.255,1.0,9.752652363458441,0.10000000149011612
236.305,1.0,9.862685947492718,0.10000000149011612
236.348,1.0,9.780472038313746,0.10000000149011612
236.405,1.0,9.890232481517726,0.10000000149011612
236.458,1.0,9.807804361027149,0.10000000149011612
236.504,1.0,9.752697672425873,0.10000000149011612
236.557,1.0,9.725555912715693,0.10000000149011612
236.607,1.0,9.807694304134284,0.10000000149011612
236.665,1.0,9.752813245190515,0.10000000149011612
236.708,1.0,9.862767791541087,0.10000000149011612
236.756,1.0,9.807691832052337,0.10000000149011612
236.809,1.0,9.642961931476991,0.10000000149011612
236.86,1.0,9.835321033373475,0.10000000149011612
236.909,1.0,9.72540250217749,0.10000000149011612
236.968,1.0,9.86279332768172,0.10000000149011612
237.015,1.0,9.752880257761312,0.10000000149011612
237.063,1.0,9.780409784697824,0.10000000149011612
237.117,1.0,9.83521670734303,0.10000000149011612
237.169,1.0,9.945061241359346,0.10000000149011612
237.211,1.0,9.752776348404586,0.10000000149011612
237.266,1.0,9.862639541261727,0.10000000149011612
237.313,1.0,9.725314393101467,0.10000000149011612
237.371,1.0,9.588196625788179,0.10000000149011612
237.413,1.0,9.862588046491146,0.10000000149011612
237.464,1.0,9.890045131722259,0.10000000149011612
237.512,1.0,9.807888822216126,0.10000000149011612
237.564,1.0,9.753060417311888,0.10000000149011612
237.618,1.0,9.69811109383073,0.10000000149011612
237.665,1.0,9.80764892320666,0.10000000149011612
237.717,1.0,9.807635762666662,0.10000000149011612
237.766,1.0,9.670203396222657,0.10000000149011612
237.816,1.0,9.835207676887512,0.10000000149011612
237.873,1.0,9.835120275678735,0.10000000149011612
237.916,1.0,9.890019343400168,0.10000000149011612
237.967,1.0,9.86257840299772,0.10000000149011612
238.027,1.0,9.835235251900222,0.10000000149011612
238.071,1.0,9.835169199481607,0.10000000149011612
238.119,1.0,9.780513040617937,0.10000000149011612
238.167,1.0,9.780144883464608,0.10000000149011612
238.218,1.0,9.945071995692949,0.10000000149011612
238.271,1.0,9.807745320515501,0.10000000149011612
238.317,1.0,9.72547783880598,0.10000000149011612
238.377,1.0,9.807829359277255,0.10000000149011612
238.417,1.0,9.807792442126406,0.10000000149011612
238.474,1.0,9.835000000024836,0.10000000149011612
238.519,1.0,9.752836640303334,0.10000000149011612
238.568,1.0,9.752741894891692,0.10000000149011612
238.617,1.0,9.725461889948281,0.10000000149011612
238.669,1.0,9.752823253679606,0.10000000149011612
238.719,1.0,9.780216328096058,0.10000000149011612
238.778,1.0,9.890272821113467,0.10000000149011612
238.818,1.0,9.972500000004139,0.10000000149011612
238.868,1.0,9.835096218975053,0.10000000149011612
238.925,1.0,9.752836787369516,0.10000000149011612
238.969,1.0,9.615565121981005,0.10000000149011612
239.021,1.0,9.69798486592869,0.10000000149011612
239.069,1.0,9.780713463595344,0.10000000149011612
239.121,1.0,9.807834397918649,0.10000000149011612
239.169,1.0,9.72553761003332,0.10000000149011612
239.221,1.0,9.83512826696452,0.10000000149011612
239.269,1.0,9.89014802183956,0.10000000149011612
239.326,1.0,9.780191531901558,0.10000000149011612
239.369,1.0,9.80787039525393,0.10000000149011612
239.425,1.0,9.835505538454486,0.10000000149011612
239.469,1.0,9.945050594831507,0.10000000149011612
239.519,1.0,9.835205501400763,0.10000000149011612
239.568,1.0,9.835184117779136,0.10000000149011612
239.619,1.0,9.780051192661954,0.10000000149011612
239.678,1.0,9.80763339822491,0.10000000149011612
239.727,1.0,9.780313373170793,0.10000000149011612
239.78,1.0,9.835104704751737,0.10000000149011612
239.824,1.0,9.917607840771476,0.10000000149011612
239.877,1.0,9.862547191832629,0.10000000149011612
239.924,1.0,9.862589025104212,0.10000000149011612
239.973,1.0,9.752902258870503,0.10000000149011612
240.025,1.0,9.862745733165907,0.10000000149011612
240.075,1.0,9.917715847347345,0.10000000149011612
240.125,1.0,9.835360113634831,0.10000000149011612
240.174,1.0,9.807620904242826,0.10000000149011612
240.234,1.0,9.725203000257412,0.10000000149011612
240.276,1.0,9.752846525568101,0.10000000149011612
240.332,1.0,9.78023538933032,0.10000000149011612
240.377,1.0,9.752645912414623,0.10000000149011612
240.428,1.0,9.780330945592787,0.10000000149011612
240.476,1.0,9.862658991871609,0.10000000149011612
240.532,1.0,9.80794881037954,0.10000000149011612
240.577,1.0,9.890074116571082,0.10000000149011612
240.629,1.0,9.835144463098711,0.10000000149011612
240.678,1.0,9.83514668210927,0.10000000149011612
240.728,1.0,9.69780969934331,0.10000000149011612
240.778,1.0,9.835116014257073,0.10000000149011612
240.83,1.0,9.69791589151654,0.10000000149011612
240.879,1.0,9.588053807492058,0.10000000149011612
240.929,1.0,9.753174261127908,0.10000000149011612
240.981,1.0,9.862848498361807,0.10000000149011612
241.027,1.0,9.83513511835287,0.10000000149011612
241.082,1.0,9.752943142441412,0.10000000149011612
241.132,1.0,9.862503315963679,0.10000000149011612
241.179,1.0,9.835090591241087,0.10000000149011612
241.228,1.0,9.835295528815024,0.10000000149011612
241.279,1.0,9.862743774987758,0.10000000149011612
241.329,1.0,9.862685745726857,0.10000000149011612
241.381,1.0,9.807661104388535,0.10000000149011612
241.428,1.0,9.78027208234287,0.10000000149011612
241.48,1.0,9.86265088946869,0.10000000149011612
241.533,1.0,9.697758967594968,0.10000000149011612
241.591,1.0,9.890129312707318,0.10000000149011612
241.635,1.0,9.69791858813001,0.10000000149011612
241.686,1.0,9.780256090954774,0.10000000149011612
241.733,1.0,9.835346616618335,0.10000000149011612
241.785,1.0,9.697859385899372,0.10000000149011612
241.835,1.0,9.835101215934587,0.10000000149011612
241.884,1.0,9.835255613529847,0.10000000149011612
241.932,1.0,9.807703520750835,0.10000000149011612
241.983,1.0,9.945111476567885,0.10000000149011612
242.035,1.0,9.642965808365908,0.10000000149011612
242.085,1.0,9.91755330382536,0.10000000149011612
242.141,1.0,9.86255174043278,0.10000000149011612
242.177,1.0,9.69802903143896,0.10000000149011612
242.227,1.0,9.725313755124807,0.10000000149011612
242.287,1.0,9.890090562465291,0.10000000149011612
242.346,1.0,9.890239186295204,0.10000000149011612
242.386,1.0,9.780152654482258,0.10000000149011612
242.432,1.0,9.89011316280812,0.10000000149011612
242.486,1.0,9.670807044001089,0.10000000149011612
242.535,1.0,9.752895613904629,0.10000000149011612
242.588,1.0,9.80757663504531,0.10000000149011612
242.633,1.0,9.780000093206763,0.10000000149011612
242.688,1.0,9.725280753274758,0.10000000149011612
242.733,1.0,9.807682047391104,0.10000000149011612
242.786,1.0,9.890000000016556,0.10000000149011612
242.839,1.0,9.725520579806632,0.10000000149011612
242.883,1.0,9.917597611289885,0.10000000149011612
242.938,1.0,9.752604065400858,0.10000000149011612
242.984,1.0,9.752869925751455,0.10000000149011612
243.037,1.0,9.780187848065463,0.10000000149011612
243.084,1.0,9.75290903504938,0.10000000149011612
243.134,1.0,9.752992220181557,0.10000000149011612
243.182,1.0,9.752632918726238,0.10000000149011612
243.234,1.0,9.725264767681558,0.10000000149011612
243.284,1.0,9.780160677267446,0.10000000149011612
243.334,1.0,9.86260560510887,0.10000000149011612
243.384,1.0,9.890119928763145,0.10000000149011612
243.435,1.0,9.890109914334284,0.10000000149011612
243.485,1.0,9.890142378459375,0.10000000149011612
243.534,1.0,9.917500000012417,0.10000000149011612
243.588,1.0,9.780264507710106,0.10000000149011612
243.634,1.0,9.890177836517493,0.10000000149011612
243.683,1.0,9.780284500059983,0.10000000149011612
243.733,1.0,9.780130158385468,0.10000000149011612
243.786,1.0,9.780039800144731,0.10000000149011612
243.837,1.0,9.890116477778388,0.10000000149011612
243.886,1.0,9.72545484236131,0.10000000149011612
243.936,1.0,9.835376070274247,0.10000000149011612
243.986,1.0,9.862540846524967,0.10000000149011612
244.039,1.0,9.80773843102571,0.10000000149011612
244.092,1.0,9.862669223091668,0.10000000149011612
244.15,1.0,9.725565181175869,0.10000000149011612
244.193,1.0,9.752726426741315,0.10000000149011612
244.241,1.0,9.835356606915592,0.10000000149011612
244.292,1.0,9.835043131249646,0.10000000149011612
244.342,1.0,9.86257166100873,0.10000000149011612
244.39,1.0,9.80778779944198,0.10000000149011612
244.441,1.0,9.890108173361256,0.10000000149011612
244.494,1.0,9.862812846567895,0.10000000149011612
244.544,1.0,9.835344038593272,0.10000000149011612
244.591,1.0,9.780242983645035,0.10000000149011612
244.643,1.0,9.807670371337897,0.10000000149011612
244.691,1.0,9.945122033440404,0.10874363780021667
244.74,1.0,9.862607099364201,0.10000000149011612
244.794,1.0,9.862693168761002,0.10000000149011612
244.851,1.0,9.862717583175336,0.10000000149011612
244.896,1.0,9.752721161705752,0.10000000149011612
244.947,1.0,9.753172415101695,0.10000000149011612
244.994,1.0,9.890173021083077,0.10000000149011612
245.041,1.0,9.807799549028278,0.10000000149011612
245.094,1.0,9.78029532291823,0.10000000149011612
245.157,1.0,9.835264930729236,0.10000000149011612
245.199,1.0,9.890070233183602,0.10000000149011612
245.251,1.0,9.725465571756164,0.10000000149011612
245.299,1.0,9.587970112947126,0.10000000149011612
245.36,1.0,9.807696458345486,0.10000000149011612
245.404,1.0,9.945012231998973,0.10000000149011612
245.455,1.0,9.862501153349877,0.10000000149011612
245.506,1.0,9.862676195572648,0.10000000149011612
245.559,1.0,9.835226544241111,0.10000000149011612
245.614,1.0,9.835216452450387,0.10000000149011612
245.677,1.0,9.752800997822648,0.10000000149011612
245.72,1.0,9.835200463483732,0.10000000149011612
245.761,1.0,9.86256787100186,0.10000000149011612
245.822,1.0,9.862670599089729,0.10000000149011612
245.863,1.0,9.725153155728346,0.10000000149011612
245.91,1.0,9.835217108287745,0.10000000149011612
245.962,1.0,9.83523429185152,0.10000000149011612
246.013,1.0,9.890104810334742,0.10000000149011612
246.064,1.0,9.807610016626617,0.10000000149011612
246.113,1.0,9.780193910561502,0.10000000149011612
246.167,1.0,9.78033462241292,0.10000000149011612
246.216,1.0,9.862626463837094,0.10000000149011612
246.263,1.0,9.752567149160637,0.10000000149011612
246.319,1.0,9.83513577396257,0.10000000149011612
246.362,1.0,9.91763091393643,0.10000000149011612
246.418,1.0,9.80783612291432,0.10000000149011612
246.462,1.0,9.780196904328962,0.10000000149011612
246.512,1.0,9.890135174244643,0.10000000149011612
246.574,1.0,9.83511005571733,0.10000000149011612
246.613,1.0,9.75293498976777,0.10000000149011612
246.662,1.0,9.697963377046916,0.10000000149011612
246.711,1.0,9.862815300106174,0.10000000149011612
246.764,1.0,9.835209784946509,0.10000000149011612
246.817,1.0,9.862643578834831,0.10000000149011612
246.866,1.0,9.835251394100487,0.10000000149011612
246.931,1.0,9.917511011825667,0.10000000149011612
246.972,1.0,9.7526556606301,0.10000000149011612
247.017,1.0,9.752675533356767,0.10000000149011612
247.068,1.0,9.807975463051763,0.10000000149011612
247.128,1.0,9.862844517330329,0.10571964085102081
247.176,1.0,9.835000000024836,0.10000000149011612
247.225,1.0,9.835197790339588,0.10000000149011612
247.276,1.0,9.807605432822472,0.10000000149011612
247.324,1.0,9.807766354146104,0.10000000149011612
247.375,1.0,9.807826215897997,0.10000000149011612
247.432,1.0,9.917823609068162,0.11684759706258774
247.475,1.0,9.642908934255441,0.10000000149011612
247.525,1.0,9.835282186542948,0.10000000149011612
247.577,1.0,9.862994476324982,0.1173756867647171
247.629,1.0,9.835354162152443,0.10000000149011612
247.684,1.0,9.807823779496054,0.10000000149011612
247.724,1.0,9.807912790382074,0.10000000149011612
247.779,1.0,9.725218733710546,0.10000000149011612
247.825,1.0,9.780138713887169,0.10000000149011612
247.882,1.0,9.972500000004139,0.10000000149011612
247.927,1.0,9.80788174368855,0.10000000149011612
247.982,1.0,9.835225298276377,0.10000000149011612
248.029,1.0,9.8629126759246,0.10000000149011612
248.076,1.0,9.835119161547887,0.10000000149011612
248.125,1.0,9.83525461761488,0.10000000149011612
248.184,1.0,9.780543803568516,0.10000000149011612
248.225,1.0,9.890000000016556,0.10000000149011612
248.28,1.0,9.670375330642694,0.10000000149011612
248.329,1.0,9.807793456998963,0.10000000149011612
248.374,1.0,9.725477534242803,0.10000000149011612
248.432,1.0,9.780248150808944,0.10000000149011612
248.475,1.0,9.780372511698967,0.10000000149011612
248.525,1.0,9.972513997637563,0.10503914952278137
248.575,1.0,9.807686419371102,0.10000000149011612
248.63,1.0,9.725450686075622,0.10000000149011612
248.675,1.0,9.807781227615973,0.10000000149011612
248.727,1.0,9.917658586448265,0.10000000149011612
248.775,1.0,9.917513417907887,0.10000000149011612
248.826,1.0,9.698059385725193,0.10000000149011612
248.874,1.0,9.862691724652217,0.10000000149011612
248.924,1.0,9.835112738443746,0.10000000149011612
248.981,1.0,9.588073384844595,0.10000000149011612
249.025,1.0,9.780539948700202,0.10000000149011612
249.081,1.0,9.807633165497746,0.10000000149011612
249.13,1.0,9.72527119833976,0.10000000149011612
249.182,1.0,9.807813612040546,0.10000000149011612
249.242,1.0,9.697681051409907,0.10000000149011612
249.283,1.0,9.780431397300628,0.10000000149011612
249.337,1.0,9.862748087280327,0.10000000149011612
249.386,1.0,9.780108445324004,0.10000000149011612
249.436,1.0,9.615621308423579,0.10000000149011612
249.496,1.0,9.697820661072102,0.10000000149011612
249.535,1.0,9.917584098585777,0.10000000149011612
249.588,1.0,9.835250502452254,0.10000000149011612
249.642,1.0,9.780132173850305,0.10000000149011612
249.687,1.0,9.890102828832136,0.10000000149011612
249.741,1.0,9.862665489067634,0.10000000149011612
249.786,1.0,9.862758504620029,0.10000000149011612
249.838,1.0,9.835000000024836,0.10000000149011612
249.891,1.0,9.862610629821818,0.10000000149011612
249.939,1.0,9.75302953204761,0.10000000149011612
249.985,1.0,9.752727451506589,0.10000000149011612
250.04,1.0,9.835147060950597,0.10000000149011612
250.093,1.0,9.945017924615078,0.10000000149011612
250.136,1.0,9.862702949220935,0.10000000149011612
250.188,1.0,9.862845040919881,0.10000000149011612
250.238,1.0,9.752724486527343,0.10000000149011612
250.288,1.0,9.807822343231075,0.10000000149011612
250.342,1.0,9.642861882328159,0.10000000149011612
250.399,1.0,9.752967671222157,0.10000000149011612
250.442,1.0,9.917703225111795,0.10000000149011612
250.492,1.0,9.83507526912209,0.10000000149011612
250.54,1.0,9.642583716991876,0.10000000149011612
250.589,1.0,9.807859334970514,0.10000000149011612
250.643,1.0,9.697945221534205,0.10000000149011612
250.697,1.0,9.752609175402258,0.10000000149011612
250.744,1.0,9.752676154279875,0.10000000149011612
250.794,1.0,9.86276211289482,0.10000000149011612
250.842,1.0,9.697609485127032,0.10000000149011612
250.898,1.0,9.862639681643081,0.10000000149011612
250.943,1.0,9.862652340034645,0.10000000149011612
250.994,1.0,9.917716725894975,0.10000000149011612
251.053,1.0,9.862639688659046,0.10000000149011612
251.096,1.0,9.890211744233966,0.10000000149011612
251.145,1.0,9.835147800441417,0.10000000149011612
251.195,1.0,9.835221930882996,0.10000000149011612
251.248,1.0,9.780164215568867,0.10000000149011612
251.293,1.0,9.75299103440096,0.10000000149011612
251.344,1.0,9.752819174631602,0.10000000149011612
251.4,1.0,9.807894242823952,0.10000000149011612
251.444,1.0,9.807964645905628,0.10375909507274628
251.5,1.0,9.890244602618946,0.10000000149011612
251.546,1.0,9.862500000020695,0.10000000149011612
251.594,1.0,9.835115230352514,0.10000000149011612
251.643,1.0,9.80757761887378,0.10000000149011612
251.693,1.0,9.890298856505089,0.11491377651691437
251.745,1.0,9.752909666941397,0.10000000149011612
251.796,1.0,9.780253993161022,0.10000000149011612
251.847,1.0,9.862598613877264,0.10000000149011612
251.892,1.0,9.725717727777859,0.10767190158367157
251.946,1.0,9.945000000008278,0.10000000149011612
251.995,1.0,9.862753422992926,0.10000000149011612
252.046,1.0,9.80791304413643,0.10000000149011612
252.098,1.0,9.83520455546677,0.10000000149011612
252.147,1.0,9.890139854430325,0.10000000149011612
252.196,1.0,9.780096719827917,0.10000000149011612
252.246,1.0,9.807831181130476,0.10000000149011612
252.295,1.0,9.7802915563186,0.10000000149011612
252.348,1.0,9.835097844174339,0.10000000149011612
252.395,1.0,9.642987027619448,0.10000000149011612
252.454,1.0,9.917638149733344,0.10000000149011612
252.497,1.0,9.89024874145786,0.10087695717811584
252.556,1.0,9.917500000012417,0.10000000149011612
252.59,1.0,9.807583504625493,0.10000000149011612
252.646,1.0,9.642827635175651,0.10000000149011612
252.695,1.0,9.835127886343333,0.10000000149011612
252.747,1.0,9.807713114201194,0.10000000149011612
252.796,1.0,9.86266829708798,0.10000000149011612
252.849,1.0,9.78039015405294,0.10000000149011612
252.896,1.0,9.862521953984267,0.10000000149011612
252.945,1.0,9.807564649523961,0.10000000149011612
252.996,1.0,9.862527410334183,0.10000000149011612
253.046,1.0,9.752705354512566,0.10000000149011612
253.095,1.0,9.862591868452729,0.10000000149011612
253.147,1.0,9.780131260243556,0.10000000149011612
253.204,1.0,9.69795162934396,0.10000000149011612
253.247,1.0,9.862768529438311,0.10000000149011612
253.291,1.0,9.780145547269948,0.10000000149011612
253.347,1.0,9.807917226892378,0.10000000149011612
253.398,1.0,9.8354228808855,0.10032841563224792
253.451,1.0,9.780052557670407,0.10000000149011612
253.523,1.0,9.862921617635422,0.11782365292310715
253.559,1.0,9.835264699057573,0.10000000149011612
253.602,1.0,9.83533127537618,0.10000000149011612
253.651,1.0,9.780157652414507,0.10000000149011612
253.704,1.0,9.615736519545317,0.10000000149011612
253.753,1.0,9.75287346618457,0.10000000149011612
253.809,1.0,9.697877763749824,0.10000000149011612
253.856,1.0,9.835131894238293,0.10000000149011612
253.906,1.0,9.752891665076216,0.10000000149011612
253.953,1.0,9.835177014912997,0.10000000149011612
254.009,1.0,9.75276454664353,0.10000000149011612
254.056,1.0,9.807798982577191,0.10000000149011612
254.103,1.0,9.890086107183661,0.10000000149011612
254.155,1.0,9.780239154108697,0.10000000149011612
254.204,1.0,9.780364263616502,0.10000000149011612
254.268,1.0,9.697749926956991,0.10000000149011612
254.303,1.0,9.83515046702491,0.10000000149011612
254.356,1.0,9.807821489415234,0.10000000149011612
254.412,1.0,9.670567934960127,0.10000000149011612
254.46,1.0,9.807791856345203,0.10000000149011612
254.507,1.0,9.862732203118503,0.10000000149011612
254.556,1.0,9.890096802181668,0.10000000149011612
254.615,1.0,9.780263288981384,0.10000000149011612
254.657,1.0,9.752852964670295,0.10000000149011612
254.707,1.0,9.72521835282031,0.10000000149011612
254.759,1.0,9.725160762502087,0.10000000149011612
254.817,1.0,9.807695886099504,0.10000000149011612
254.86,1.0,9.75284180916432,0.10000000149011612
254.908,1.0,9.780302505402101,0.10000000149011612
254.958,1.0,9.78024407060196,0.10000000149011612
255.012,1.0,9.807762596735524,0.10000000149011612
255.057,1.0,9.807784843341343,0.10000000149011612
255.106,1.0,9.835104754877587,0.10000000149011612
255.156,1.0,9.670511875446472,0.10000000149011612
255.207,1.0,9.725435977429152,0.10000000149011612
255.263,1.0,9.890086848702696,0.10000000149011612
255.309,1.0,9.780310188751255,0.10000000149011612
255.364,1.0,9.780347381842633,0.10000000149011612
255.411,1.0,9.835259356391099,0.10000000149011612
255.459,1.0,9.862824376982948,0.10000000149011612
255.507,1.0,9.835143834807807,0.10000000149011612
255.557,1.0,9.862678959862226,0.10000000149011612
255.611,1.0,9.807880401466456,0.10000000149011612
255.657,1.0,9.945000000008278,0.10000000149011612
255.709,1.0,9.945103790466156,0.10000000149011612
255.766,1.0,9.862590873406994,0.10000000149011612
255.81,1.0,9.890141059458255,0.10000000149011612
255.863,1.0,9.780308783944282,0.10000000149011612
255.909,1.0,9.78018138139612,0.10000000149011612
255.96,1.0,9.780276494431828,0.10000000149011612
256.013,1.0,9.835285036452115,0.10000000149011612
256.058,1.0,9.862606857220332,0.10000000149011612
256.112,1.0,9.890076509614785,0.10000000149011612
256.158,1.0,9.780212232822345,0.10000000149011612
256.208,1.0,9.89003437774049,0.10000000149011612
256.26,1.0,9.835203293710947,0.10000000149011612
256.315,1.0,9.862648321108686,0.10000000149011612
256.372,1.0,9.835241690360837,0.10000000149011612
256.415,1.0,9.725311272487872,0.10000000149011612
256.465,1.0,9.752919625697864,0.10000000149011612
256.517,1.0,9.83510555225528,0.10000000149011612
256.567,1.0,9.917565971116225,0.10000000149011612
256.615,1.0,9.807778036118382,0.10000000149011612
256.666,1.0,9.752836083724267,0.10000000149011612
256.715,1.0,9.78018070852591,0.10000000149011612
256.779,1.0,9.697839229822987,0.10000000149011612
256.816,1.0,9.72547155333062,0.10000000149011612
256.864,1.0,9.780250948460566,0.10000000149011612
256.915,1.0,9.752814911719826,0.10000000149011612
256.968,1.0,9.917599185328516,0.10000000149011612
257.016,1.0,9.83514811175151,0.10000000149011612
257.071,1.0,9.752940955095822,0.10000000149011612
257.115,1.0,9.752501584486001,0.10000000149011612
257.17,1.0,9.780326605691679,0.10000000149011612
257.214,1.0,9.83512294497341,0.10000000149011612
257.265,1.0,9.862700778784024,0.10000000149011612
257.322,1.0,9.780118136149314,0.10000000149011612
257.369,1.0,9.807620801507598,0.10000000149011612
257.418,1.0,9.780350935521225,0.10000000149011612
257.467,1.0,9.91757352480458,0.10000000149011612
257.522,1.0,9.780222332539658,0.10000000149011612
257.568,1.0,9.862758101812668,0.10000000149011612
257.622,1.0,9.780118295715916,0.10000000149011612
257.686,1.0,9.86281265237679,0.10000000149011612
257.723,1.0,9.917527229525149,0.10000000149011612
257.771,1.0,9.780022699510058,0.10000000149011612
257.822,1.0,9.835128101292584,0.10000000149011612
257.876,1.0,9.780424973472124,0.10000000149011612
257.922,1.0,9.862500000020695,0.10000000149011612
257.982,1.0,9.862773913703858,0.10000000149011612
258.023,1.0,9.725211972763969,0.10000000149011612
258.086,1.0,9.890246135658687,0.10000000149011612
258.133,1.0,9.890230677566594,0.10000000149011612
258.187,1.0,9.890029953689211,0.10001792013645172
258.233,1.0,9.752825250352423,0.10000000149011612
258.283,1.0,9.890323174310227,0.10000000149011612
258.334,1.0,9.890220152752267,0.10000000149011612
258.387,1.0,9.75302506968793,0.10000000149011612
258.436,1.0,9.780406274812089,0.10000000149011612
258.484,1.0,9.917615526086754,0.10000000149011612
258.535,1.0,9.7803215149997,0.10000000149011612
258.586,1.0,9.780330864071018,0.10000000149011612
258.638,1.0,9.807751716549198,0.10000000149011612
258.683,1.0,9.807746924811767,0.10000000149011612
258.736,1.0,9.94508234930949,0.10000000149011612
258.783,1.0,9.69800780682514,0.10000000149011612
258.835,1.0,9.780138294502265,0.10000000149011612
258.887,1.0,9.72525212197668,0.10000000149011612
258.936,1.0,9.86264433523433,0.10000000149011612
258.984,1.0,9.83529918042736,0.10000000149011612
259.037,1.0,9.615587171146439,0.10000000149011612
259.083,1.0,9.862806995833914,0.10000000149011612
259.134,1.0,9.670496479794384,0.10000000149011612
259.185,1.0,9.862852926552296,0.10000000149011612
259.236,1.0,9.890050775164532,0.10000000149011612
259.285,1.0,9.862614657150374,0.10000000149011612
259.343,1.0,9.780368670179612,0.10000000149011612
259.39,1.0,9.725372049315936,0.10000000149011612
259.44,1.0,9.945072235270507,0.10000000149011612
259.49,1.0,9.862728685182002,0.10000000149011612
259.541,1.0,9.725267783304055,0.10000000149011612
259.591,1.0,9.697658388978905,0.10000000149011612
259.637,1.0,9.670362509580123,0.10000000149011612
259.694,1.0,9.752992585549752,0.10000000149011612
259.744,1.0,9.807704334685372,0.10000000149011612
259.792,1.0,9.78016689968192,0.10000000149011612
259.843,1.0,9.698029435363908,0.10000000149011612
259.898,1.0,9.752778368712299,0.10000000149011612
259.945,1.0,9.807590726411178,0.10000000149011612
259.994,1.0,9.835000000024836,0.10000000149011612
260.044,1.0,9.835168263647292,0.10000000149011612
260.093,1.0,9.862562110523383,0.10000000149011612
260.149,1.0,9.807745752421518,0.10000000149011612
260.195,1.0,9.752808525247707,0.10000000149011612
260.242,1.0,9.9450502841216,0.10000000149011612
260.3,1.0,9.835118026555412,0.10000000149011612
260.344,1.0,9.725148118825423,0.10000000149011612
260.395,1.0,9.890090038855043,0.10000000149011612
260.443,1.0,9.86274613963647,0.10000000149011612
260.499,1.0,9.807576177145044,0.10000000149011612
260.554,1.0,9.83502005185518,0.10000000149011612
260.594,1.0,9.725322483790418,0.10000000149011612
260.645,1.0,9.890147129860189,0.10000000149011612
260.694,1.0,9.807946273912158,0.10000000149011612
260.744,1.0,9.670238603920572,0.10000000149011612
260.797,1.0,9.917663479720552,0.10000000149011612
260.844,1.0,9.75271769139088,0.10000000149011612
260.894,1.0,9.862548968175219,0.10000000149011612
260.944,1.0,9.835112461551196,0.10000000149011612
260.994,1.0,9.835229597902961,0.10000000149011612
261.049,1.0,9.83521655301253,0.10000000149011612
261.096,1.0,9.670843524713483,0.10000000149011612
261.141,1.0,9.945000000008278,0.10000000149011612
261.194,1.0,9.835170964399973,0.10000000149011612
261.246,1.0,9.697806573741966,0.10000000149011612
261.296,1.0,9.83524853400886,0.10000000149011612
261.346,1.0,9.890035046409402,0.10000000149011612
261.397,1.0,9.752820350581572,0.10000000149011612
261.453,1.0,9.80804417743865,0.10000000149011612
261.507,1.0,9.890171254922945,0.10000000149011612
261.554,1.0,9.725351804474162,0.10000000149011612
261.603,1.0,9.752764143235982,0.10000000149011612
261.652,1.0,9.69794875079145,0.10000000149011612
261.702,1.0,9.890249698795378,0.11789711564779282
261.754,1.0,9.670394052958322,0.10000000149011612
261.803,1.0,9.643199012014602,0.10000000149011612
261.852,1.0,9.83533284417871,0.10000000149011612
261.904,1.0,9.862500000020695,0.10000000149011612
261.952,1.0,9.725204920272033,0.10000000149011612
262.006,1.0,9.807716122476592,0.10000000149011612
262.052,1.0,9.890119550977316,0.10000000149011612
262.108,1.0,9.807727510999474,0.10000000149011612
262.156,1.0,9.697972082636422,0.10000000149011612
262.204,1.0,9.807790500091182,0.10000000149011612
262.254,1.0,9.697980966543158,0.10000000149011612
262.304,1.0,9.80778256451918,0.10000000149011612
262.36,1.0,9.807723046156267,0.10000000149011612
262.404,1.0,9.47788822878566,0.10000000149011612
262.461,1.0,9.670188420038256,0.10000000149011612
262.504,1.0,9.697750451063945,0.10000000149011612
262.558,1.0,9.917614460819298,0.10000000149011612
262.607,1.0,9.835491199770736,0.11245330423116684
262.654,1.0,9.890062184197207,0.10000000149011612
262.706,1.0,9.752586198763716,0.10000000149011612
262.759,1.0,9.835133827167253,0.10000000149011612
262.809,1.0,9.725217960526546,0.10000000149011612
262.857,1.0,9.807643525840508,0.10000000149011612
262.909,1.0,9.807730397126742,0.10000000149011612
262.957,1.0,9.917578324013286,0.10000000149011612
263.007,1.0,9.780255498385264,0.10000000149011612
263.058,1.0,9.945010519048406,0.10000000149011612
263.107,1.0,9.807861483345429,0.10000000149011612
263.158,1.0,9.780218547479146,0.10000000149011612
263.208,1.0,9.753166398116283,0.10000000149011612
263.26,1.0,9.835274455882608,0.10000000149011612
263.309,1.0,9.890075580485993,0.10000000149011612
263.358,1.0,9.890169820210172,0.10000000149011612
263.408,1.0,9.862586537583006,0.10000000149011612
263.46,1.0,9.862745666296945,0.10000000149011612
263.522,1.0,9.752819250461956,0.10000000149011612
263.564,1.0,9.725575311771697,0.10000000149011612
263.613,1.0,9.862593501847652,0.10000000149011612
263.67,1.0,9.807781286516951,0.10000000149011612
263.715,1.0,9.780523081413573,0.10000000149011612
263.769,1.0,9.862510707477728,0.10000000149011612
263.821,1.0,9.807582637253734,0.10000000149011612
263.867,1.0,9.752857744445404,0.10000000149011612
263.919,1.0,9.862781346879071,0.10000000149011612
263.967,1.0,9.75272065854321,0.10000000149011612
264.019,1.0,9.89010471927209,0.10000000149011612
264.065,1.0,9.862633637835582,0.10000000149011612
264.129,1.0,9.807996674875419,0.10000000149011612
264.17,1.0,9.89007766497218,0.10000000149011612
264.221,1.0,9.83515084263765,0.10000000149011612
264.273,1.0,9.862685671055482,0.10000000149011612
264.329,1.0,9.835052074823114,0.10000000149011612
264.371,1.0,9.670483178355628,0.10000000149011612
264.422,1.0,9.835347261673046,0.10000000149011612
264.478,1.0,9.862500000020695,0.10000000149011612
264.521,1.0,9.862707368346552,0.10000000149011612
264.571,1.0,9.807619576818412,0.10000000149011612
264.627,1.0,9.807777828454144,0.10000000149011612
264.677,1.0,9.807885863031778,0.10000000149011612
264.726,1.0,9.780323766751422,0.10000000149011612
264.776,1.0,9.72507510104527,0.10000000149011612
264.828,1.0,9.862600408370296,0.10000000149011612
264.878,1.0,9.917662488751942,0.10000000149011612
264.927,1.0,9.835206451246307,0.10000000149011612
264.985,1.0,9.890243071814378,0.10000000149011612
265.026,1.0,9.862679107839035,0.10000000149011612
265.075,1.0,9.835391735306217,0.10000000149011612
265.131,1.0,9.862667482511865,0.10000000149011612
265.175,1.0,9.89028191930718,0.10815392434597015
265.228,1.0,9.75269887873696,0.10000000149011612
265.276,1.0,9.752680081232555,0.10000000149011612
265.331,1.0,9.807744373670882,0.10000000149011612
265.376,1.0,9.862740033099222,0.10000000149011612
265.426,1.0,9.89022248931643,0.10000000149011612
265.476,1.0,9.725332238463064,0.10000000149011612
265.527,1.0,9.835219731554389,0.10000000149011612
265.575,1.0,9.72543409270131,0.10000000149011612
265.626,1.0,9.725425715351271,0.10000000149011612
265.683,1.0,9.917617763164971,0.10000000149011612
265.727,1.0,9.72521891484244,0.10000000149011612
265.777,1.0,9.615269350012143,0.10000000149011612
265.829,1.0,9.807617600427733,0.10000000149011612
265.884,1.0,9.917713549733161,0.11815059930086136
265.925,1.0,9.890081997898717,0.10000000149011612
265.976,1.0,9.780330319971673,0.10000000149011612
266.029,1.0,9.86271512079984,0.10000000149011612
266.085,1.0,9.725226713447935,0.10000000149011612
266.126,1.0,9.890082937706676,0.10000000149011612
266.179,1.0,9.642697292607691,0.10000000149011612
266.236,1.0,9.670270671591991,0.10000000149011612
266.288,1.0,9.83523930058711,0.10000000149011612
266.332,1.0,9.835189634478754,0.10000000149011612
266.395,1.0,9.78045008747528,0.10000000149011612
266.431,1.0,9.725307344334821,0.10000000149011612
266.489,1.0,9.78023227347682,0.10000000149011612
266.531,1.0,9.835160614363849,0.10000000149011612
266.581,1.0,9.945112041197717,0.10000000149011612
266.629,1.0,9.890290427953005,0.10000000149011612
266.687,1.0,9.807638975357015,0.10000000149011612
266.73,1.0,9.862716456730332,0.10000000149011612
266.784,1.0,9.752866957791978,0.10000000149011612
266.831,1.0,9.890043334331777,0.10000000149011612
266.884,1.0,9.807834409591225,0.10000000149011612
266.931,1.0,9.725486184387572,0.10000000149011612
266.98,1.0,9.862743700895873,0.10000000149011612
267.031,1.0,9.807626634360188,0.10000000149011612
267.092,1.0,9.890158486055832,0.10000000149011612
267.141,1.0,9.697760452268025,0.10000000149011612
267.183,1.0,9.69780653466781,0.10000000149011612
267.241,1.0,9.64287001254658,0.10000000149011612
267.282,1.0,9.807832300725083,0.10000000149011612
267.334,1.0,9.862703160382807,0.10000000149011612
267.382,1.0,9.7801275982418,0.10000000149011612
267.444,1.0,9.835148408450186,0.10000000149011612
267.483,1.0,9.807796980647577,0.10000000149011612
267.531,1.0,9.890107224157287,0.10000000149011612
267.584,1.0,9.890113208918935,0.10000000149011612
267.631,1.0,9.862800996854073,0.10000000149011612
267.683,1.0,9.752667301934625,0.10000000149011612
267.731,1.0,9.862605243424575,0.10000000149011612
267.783,1.0,9.643519992629686,0.10000000149011612
267.836,1.0,9.835000000024836,0.10000000149011612
267.885,1.0,9.75280019994825,0.10000000149011612
267.937,1.0,9.917608475250502,0.10000000149011612
267.986,1.0,9.807897270450162,0.10000000149011612
268.034,1.0,9.917721782479848,0.10000000149011612
268.085,1.0,9.862522984461652,0.10000000149011612
268.132,1.0,9.725359075433678,0.10000000149011612
268.188,1.0,9.752757668350306,0.10000000149011612
268.234,1.0,9.780305619620615,0.10000000149011612
268.283,1.0,9.78036768221193,0.10000000149011612
268.337,1.0,9.890127754728827,0.10000000149011612
268.384,1.0,9.835064992308617,0.10000000149011612
268.434,1.0,9.80770525901268,0.10000000149011612
268.482,1.0,9.807690289575193,0.10000000149011612
268.533,1.0,9.725492690358724,0.10000000149011612
268.593,1.0,9.862725188065735,0.10000000149011612
268.638,1.0,9.725268141014709,0.10000000149011612
268.688,1.0,9.697790099990865,0.10000000149011612
268.742,1.0,9.807748262087504,0.10000000149011612
268.788,1.0,9.807655498344037,0.10000000149011612
268.838,1.0,9.862619528671106,0.10000000149011612
268.886,1.0,9.890227374144727,0.10000000149011612
268.939,1.0,9.835120946230989,0.10000000149011612
268.988,1.0,9.862884100940493,0.10000000149011612
269.044,1.0,9.83508977095286,0.10000000149011612
269.094,1.0,9.807543072932296,0.10000000149011612
269.139,1.0,9.642784583651357,0.10000000149011612
269.194,1.0,9.725333016634815,0.10000000149011612
269.241,1.0,9.917526806870269,0.10000000149011612
269.299,1.0,9.780130736591916,0.10000000149011612
269.34,1.0,9.75265317644096,0.10000000149011612
269.393,1.0,9.890068059518105,0.10000000149011612
269.441,1.0,9.780111206343605,0.10000000149011612
269.49,1.0,9.725046104627351,0.10000000149011612
269.528,1.0,9.89008244317439,0.10000000149011612
269.59,1.0,9.69780996946825,0.10000000149011612
269.641,1.0,9.917550010337598,0.10000000149011612
269.691,1.0,9.75273548476398,0.10000000149011612
269.74,1.0,9.945181243639025,0.12471506744623184
269.796,1.0,9.780232264929348,0.10000000149011612
269.84,1.0,9.890119981993404,0.10000000149011612
269.891,1.0,9.752867634242607,0.10000000149011612
269.94,1.0,9.862717045077847,0.10000000149011612
269.996,1.0,9.890000000016556,0.10000000149011612
270.039,1.0,9.807827515713871,0.10000000149011612
270.097,1.0,9.670453007001843,0.10000000149011612
270.143,1.0,9.86269948884017,0.10000000149011612
270.197,1.0,9.75276024757574,0.10000000149011612
270.246,1.0,9.835204834863543,0.10000000149011612
270.298,1.0,9.835159960885843,0.10000000149011612
270.343,1.0,9.752640484666658,0.10000000149011612
270.394,1.0,9.752705030950407,0.10000000149011612
270.448,1.0,9.780377353831298,0.10000000149011612
270.492,1.0,9.862595890421007,0.10000000149011612
270.548,1.0,9.835430415223042,0.10000000149011612
270.596,1.0,9.670503105657795,0.10000000149011612
270.658,1.0,9.807781127115918,0.10000000149011612
270.692,1.0,9.72538284048852,0.10000000149011612
270.748,1.0,9.835291867330671,0.10000000149011612
270.795,1.0,9.862779865206944,0.10000000149011612
270.845,1.0,9.807930988528662,0.10000000149011612
270.897,1.0,9.78027985530595,0.10000000149011612
270.947,1.0,9.862872920268112,0.10000000149011612
270.999,1.0,9.780414751772252,0.10000000149011612
271.059,1.0,9.862609227684636,0.10000000149011612
271.097,1.0,9.780395101735161,0.10000000149011612
271.144,1.0,9.80761296465579,0.10000000149011612
271.198,1.0,9.80772646388246,0.10000000149011612
271.248,1.0,9.83509003671093,0.10000000149011612
271.303,1.0,9.698042651534909,0.10000000149011612
271.347,1.0,9.890137127828266,0.10000000149011612
271.398,1.0,9.835253807571199,0.10000000149011612
271.448,1.0,9.807900507023765,0.10000000149011612
271.493,1.0,9.862704546915161,0.10000000149011612
271.547,1.0,9.835224218376808,0.10000000149011612
271.598,1.0,9.835107242171135,0.10000000149011612
271.648,1.0,9.780287263397542,0.10000000149011612
271.699,1.0,9.780326364913748,0.10000000149011612
271.748,1.0,9.807777468259964,0.10000000149011612
271.798,1.0,9.862696253942946,0.10000000149011612
271.848,1.0,9.862707829930716,0.10000000149011612
271.899,1.0,9.808024623638225,0.10000000149011612
271.947,1.0,9.780371946365468,0.10000000149011612
272.003,1.0,9.670338419390221,0.10000000149011612
272.053,1.0,9.75290075890306,0.10000000149011612
272.099,1.0,9.725360429038604,0.10000000149011612
272.151,1.0,9.780226987972856,0.10000000149011612
272.205,1.0,9.807761242302755,0.10000000149011612
272.25,1.0,9.835337002471917,0.10000000149011612
272.302,1.0,9.835003505854143,0.10000000149011612
272.357,1.0,9.835324590549702,0.10000000149011612
272.404,1.0,9.752784999501374,0.10000000149011612
272.461,1.0,9.588132170898218,0.10000000149011612
272.509,1.0,9.780269378713436,0.10000000149011612
272.553,1.0,9.643122993657986,0.10000000149011612
272.604,1.0,9.69794517258803,0.10000000149011612
272.659,1.0,9.752696930348046,0.10000000149011612
272.705,1.0,9.890117751330965,0.10000000149011612
272.755,1.0,9.780260426054399,0.10000000149011612
272.805,1.0,9.807735904368261,0.10000000149011612
272.857,1.0,9.807718004679515,0.10000000149011612
272.904,1.0,9.752970430482593,0.10000000149011612
272.963,1.0,9.890099636817144,0.10000000149011612
273.005,1.0,9.807753014461033,0.10000000149011612
273.055,1.0,9.780233151341479,0.10000000149011612
273.119,1.0,9.835329636393322,0.10000000149011612
273.162,1.0,9.588449769363635,0.10000000149011612
273.208,1.0,9.862500000020695,0.10000000149011612
273.255,1.0,9.725424739221731,0.10000000149011612
273.307,1.0,9.780388707419236,0.10000000149011612
273.363,1.0,9.807664883612759,0.10000000149011612
273.411,1.0,9.752669996188747,0.10000000149011612
273.46,1.0,9.752975564491418,0.10000000149011612
273.51,1.0,9.835092723576558,0.10000000149011612
273.566,1.0,9.642902020530569,0.10000000149011612
273.608,1.0,9.835161583829258,0.10000000149011612
273.661,1.0,9.753044413071539,0.10000000149011612
273.711,1.0,9.725554002076388,0.10000000149011612
273.763,1.0,9.725252632734676,0.10000000149011612
273.818,1.0,9.917500000012417,0.10000000149011612
273.868,1.0,9.807849537125891,0.10000000149011612
273.913,1.0,9.89021319411695,0.10000000149011612
273.963,1.0,9.807741524775823,0.10000000149011612
274.013,1.0,9.807759977897836,0.10000000149011612
274.068,1.0,9.807796323320105,0.10000000149011612
274.115,1.0,9.752734679666657,0.10000000149011612
274.163,1.0,9.807894925980104,0.10000000149011612
274.214,1.0,9.835259176728625,0.10000000149011612
274.267,1.0,9.697930844024652,0.10000000149011612
274.322,1.0,9.807815719933973,0.10000000149011612
274.363,1.0,9.807806696742773,0.10000000149011612
274.418,1.0,9.917635669538544,0.10000000149011612
274.469,1.0,9.75284485589299,0.10000000149011612
274.526,1.0,9.670464037172497,0.10000000149011612
274.575,1.0,9.670263808841506,0.10000000149011612
274.622,1.0,9.835184114053845,0.10000000149011612
274.674,1.0,9.917716004927126,0.10000000149011612
274.721,1.0,9.807691169923379,0.10000000149011612
274.777,1.0,9.780274112543298,0.10000000149011612
274.823,1.0,9.753026675122479,0.10000000149011612
274.877,1.0,9.80786586780515,0.10000000149011612
274.922,1.0,9.835365476666226,0.10000000149011612
274.975,1.0,9.917704020626843,0.10000000149011612
275.026,1.0,9.752780948869056,0.10000000149011612
275.071,1.0,9.752828026625018,0.10000000149011612
275.123,1.0,9.807786286084188,0.10000000149011612
275.174,1.0,9.807580518018868,0.10000000149011612
275.229,1.0,9.670528982869453,0.10000000149011612
275.277,1.0,9.83506550223877,0.10000000149011612
275.326,1.0,9.615101304484739,0.10000000149011612
275.376,1.0,9.945000000008278,0.10000000149011612
275.423,1.0,9.780327310185466,0.10000000149011612
275.477,1.0,9.780402269255784,0.10000000149011612
275.529,1.0,9.945085350858669,0.10000000149011612
275.579,1.0,9.78023426801794,0.10000000149011612
275.628,1.0,9.835170439817011,0.10000000149011612
275.677,1.0,9.89006196734392,0.10000000149011612
275.727,1.0,9.807784584247404,0.10000000149011612
275.779,1.0,9.725347531959414,0.10000000149011612
275.834,1.0,9.80770689383563,0.10000000149011612
275.88,1.0,9.890029007589652,0.10000000149011612
275.926,1.0,9.752657688388394,0.10000000149011612
275.988,1.0,9.78019951445361,0.10000000149011612
276.028,1.0,9.890201529405184,0.10000000149011612
276.079,1.0,9.725255752520429,0.10000000149011612
276.129,1.0,9.752690694356959,0.10000000149011612
276.176,1.0,9.890177546565731,0.10000000149011612
276.228,1.0,9.725510267954734,0.10000000149011612
276.278,1.0,9.835303902626038,0.10000000149011612
276.327,1.0,9.83522863154196,0.10000000149011612
276.379,1.0,9.780115111524033,0.10000000149011612
276.428,1.0,9.890238375092546,0.10000000149011612
276.479,1.0,9.752702947312759,0.10000000149011612
276.528,1.0,9.835243264523646,0.10000000149011612
276.577,1.0,9.862706577715775,0.10000000149011612
276.631,1.0,9.86287366863754,0.10000000149011612
276.677,1.0,9.80772022275875,0.10000000149011612
276.732,1.0,9.72550990190357,0.10000000149011612
276.785,1.0,9.862586407404807,0.10000000149011612
276.829,1.0,9.697723091041876,0.10000000149011612
276.881,1.0,9.697713555292124,0.10000000149011612
276.939,1.0,9.752720392433305,0.10000000149011612
276.982,1.0,9.862817898661726,0.10000000149011612
277.036,1.0,9.89035985202839,0.10000000149011612
277.086,1.0,9.862624069158402,0.10000000149011612
277.133,1.0,9.862726113034618,0.10000000149011612
277.192,1.0,9.807808397213618,0.10000000149011612
277.237,1.0,9.835325205263992,0.10000000149011612
277.286,1.0,9.75277526161323,0.10000000149011612
277.335,1.0,9.890046175983217,0.10000000149011612
277.382,1.0,9.835150967331396,0.10000000149011612
277.437,1.0,9.835217872179216,0.10000000149011612
277.489,1.0,9.69787275387595,0.10000000149011612
277.535,1.0,9.835079906032318,0.10000000149011612
277.587,1.0,9.752941833705538,0.10000000149011612
277.645,1.0,9.780324164984954,0.10000000149011612
277.693,1.0,9.752934633899066,0.10000000149011612
277.738,1.0,9.862500000020695,0.10000000149011612
277.795,1.0,9.725429864558908,0.10000000149011612
277.842,1.0,9.752788379664223,0.10000000149011612
277.901,1.0,9.807747576654785,0.10000000149011612
277.943,1.0,9.80778094910913,0.10000000149011612
277.995,1.0,9.75283379358136,0.10000000149011612
278.043,1.0,9.890129919060403,0.10000000149011612
278.094,1.0,9.807650713767442,0.10000000149011612
278.143,1.0,9.780172728250424,0.10000000149011612
278.196,1.0,9.835200137686398,0.10000000149011612
278.242,1.0,9.807729649936988,0.10000000149011612
278.298,1.0,9.780392414807446,0.10000000149011612
278.343,1.0,9.752863299329247,0.10000000149011612
278.402,1.0,9.780057227694327,0.10000000149011612
278.447,1.0,9.807760990762876,0.10000000149011612
278.498,1.0,9.89026296991441,0.10000000149011612
278.548,1.0,9.642932755644951,0.10000000149011612
278.601,1.0,9.752745476799706,0.10000000149011612
278.647,1.0,9.752644924095108,0.10000000149011612
278.705,1.0,9.752751278835866,0.10000000149011612
278.748,1.0,9.8077744414409,0.10000000149011612
278.801,1.0,9.917545695830551,0.10000000149011612
278.848,1.0,9.890250296311246,0.10000000149011612
278.898,1.0,9.890187096637156,0.10000000149011612
278.949,1.0,9.752854973553783,0.10000000149011612
278.998,1.0,9.835016447347071,0.10000000149011612
279.05,1.0,9.807630087994038,0.10000000149011612
279.098,1.0,9.862594044332702,0.10000000149011612
279.148,1.0,9.890199913043116,0.10000000149011612
279.202,1.0,9.780641431796054,0.10000000149011612
279.252,1.0,9.862723318342534,0.10000000149011612
279.299,1.0,9.697867424724002,0.10000000149011612
279.349,1.0,9.725409752792782,0.10000000149011612
279.404,1.0,9.697781727525095,0.10000000149011612
279.449,1.0,9.75274723538508,0.10000000149011612
279.503,1.0,9.807892724499107,0.10000000149011612
279.548,1.0,9.890280353816019,0.10000000149011612
279.6,1.0,9.697769200201664,0.10000000149011612
279.652,1.0,9.780152703800963,0.10000000149011612
279.702,1.0,9.835215743113723,0.10000000149011612
279.751,1.0,9.807763819872505,0.10000000149011612
279.803,1.0,9.752916746007072,0.10000000149011612
279.861,1.0,9.807712764127388,0.10000000149011612
279.904,1.0,9.890107065791057,0.10000000149011612
279.962,1.0,9.862857463686831,0.10000000149011612
280.009,1.0,9.725329800446827,0.10000000149011612
280.067,1.0,9.862679070834485,0.10000000149011612
280.109,1.0,9.698027873453167,0.10000000149011612
280.16,1.0,9.780248489272264,0.10000000149011612
280.206,1.0,9.533115953558848,0.10000000149011612
280.262,1.0,9.890046443976463,0.10000000149011612
280.31,1.0,9.67068154896713,0.10000000149011612
280.359,1.0,9.78024710882455,0.10000000149011612
280.414,1.0,9.725263224790494,0.10000000149011612
280.458,1.0,9.862653550319374,0.10000000149011612
280.518,1.0,9.890000000016556,0.10000000149011612
280.559,1.0,9.752586200647055,0.10000000149011612
280.609,1.0,9.807639669171637,0.10000000149011612
280.661,1.0,9.752820654234124,0.10000000149011612
280.71,1.0,9.780371486416293,0.10000000149011612
280.761,1.0,9.835306815327042,0.10000000149011612
280.81,1.0,9.780038378408385,0.10000000149011612
280.863,1.0,9.780279360711575,0.10000000149011612
280.909,1.0,9.917584737431671,0.10000000149011612
280.972,1.0,9.807695153583255,0.10000000149011612
281.011,1.0,9.862595328005652,0.10000000149011612
281.058,1.0,9.807629483462208,0.10000000149011612
281.102,1.0,9.752740848457648,0.10000000149011612
281.158,1.0,9.807731828424666,0.10000000149011612
281.211,1.0,9.807711259503332,0.10000000149011612
281.266,1.0,9.94513339429266,0.11467775702476501
281.313,1.0,9.835185614580082,0.10000000149011612
281.363,1.0,9.835201329137716,0.10000000149011612
281.417,1.0,9.780496843221288,0.10000000149011612
281.471,1.0,9.780232840652268,0.10000000149011612
281.514,1.0,9.890085007684926,0.10000000149011612
281.566,1.0,9.725292947991855,0.10000000149011612
281.617,1.0,9.725228324491116,0.10000000149011612
281.665,1.0,9.72550273856355,0.10000000149011612
281.702,1.0,9.83544739279896,0.10439617186784744
281.764,1.0,9.697754051081008,0.10000000149011612
281.818,1.0,9.890065348189738,0.10000000149011612
281.866,1.0,9.807759528358778,0.10000000149011612
281.918,1.0,9.945093129182027,0.10000000149011612
281.967,1.0,9.890059143656657,0.10000000149011612
282.022,1.0,9.835260914348893,0.10000000149011612
282.067,1.0,9.80787353625314,0.10000000149011612
282.119,1.0,9.64293114569866,0.10000000149011612
282.163,1.0,9.86252074237499,0.10000000149011612
282.218,1.0,9.725663327115278,0.10000000149011612
282.271,1.0,9.835291092780729,0.10000000149011612
282.317,1.0,9.725323258712887,0.10000000149011612
282.371,1.0,9.807804052593807,0.10000000149011612
282.418,1.0,9.862608275355564,0.10000000149011612
282.467,1.0,9.807833799347282,0.10000000149011612
282.526,1.0,9.69770547217793,0.10000000149011612
282.57,1.0,9.80773135436078,0.10000000149011612
282.62,1.0,9.725247925230198,0.10000000149011612
282.67,1.0,9.780162800579435,0.10000000149011612
282.722,1.0,9.890241650491953,0.10000000149011612
282.776,1.0,9.752758417485488,0.10000000149011612
282.821,1.0,9.698068959203859,0.10000000149011612
282.873,1.0,9.615294861027763,0.10000000149011612
282.921,1.0,9.752739503565762,0.10000000149011612
282.981,1.0,9.697985327947471,0.10000000149011612
283.024,1.0,9.752613582399984,0.10000000149011612
283.075,1.0,9.807680181682938,0.10000000149011612
283.125,1.0,9.917574152681564,0.10000000149011612
283.177,1.0,9.835135803061227,0.10000000149011612
283.227,1.0,9.83511070749826,0.10000000149011612
283.278,1.0,9.835122558578021,0.10000000149011612
283.326,1.0,9.753033907214801,0.10000000149011612
283.378,1.0,9.780225450048844,0.10000000149011612
283.427,1.0,9.69766846280545,0.10000000149011612
283.477,1.0,9.780216447263957,0.10000000149011612
283.528,1.0,9.780130299491187,0.10000000149011612
283.577,1.0,9.890051124555368,0.10000000149011612
283.63,1.0,9.862647418119014,0.10000000149011612
283.677,1.0,9.890204636793998,0.10000000149011612
283.734,1.0,9.807596970846255,0.10000000149011612
283.784,1.0,9.890257843149206,0.10000000149011612
283.839,1.0,9.725473195831809,0.10000000149011612
283.885,1.0,9.862775768650074,0.10000000149011612
283.936,1.0,9.91757072005421,0.10000000149011612
283.986,1.0,9.752724352147844,0.10000000149011612
284.037,1.0,9.67040286662264,0.10000000149011612
284.092,1.0,9.835204780577785,0.10000000149011612
284.136,1.0,9.807843060501748,0.10000000149011612
284.187,1.0,9.890318486549788,0.10000000149011612
284.243,1.0,9.86260099319948,0.10000000149011612
284.288,1.0,9.752715874090791,0.10000000149011612
284.336,1.0,9.725157830305397,0.10000000149011612
284.389,1.0,9.890098176834483,0.10000000149011612
284.438,1.0,9.917764552372198,0.12263787537813187
284.486,1.0,9.862527334897054,0.10000000149011612
284.536,1.0,9.780375797653363,0.10000000149011612
284.585,1.0,9.7252756362367,0.10000000149011612
284.64,1.0,9.917638382315635,0.10000000149011612
284.706,1.0,9.835304257956643,0.10000000149011612
284.758,1.0,9.835386018268764,0.10000000149011612
284.807,1.0,9.643132779830031,0.10000000149011612
284.853,1.0,9.725452275450031,0.10000000149011612
284.916,1.0,9.725141379775273,0.10000000149011612
284.954,1.0,9.807745593682759,0.10000000149011612
285.011,1.0,9.642714806501235,0.10000000149011612
285.058,1.0,9.725439333294828,0.10000000149011612
285.106,1.0,9.835296948854294,0.10000000149011612
285.157,1.0,9.725242859228617,0.10000000149011612
285.207,1.0,9.725572911236021,0.10000000149011612
285.256,1.0,9.807649777850344,0.10000000149011612
285.306,1.0,9.78034298978746,0.10000000149011612
285.359,1.0,9.890251281712619,0.10000000149011612
285.406,1.0,9.91762280025416,0.10000000149011612
285.456,1.0,9.807615306456055,0.10000000149011612
285.511,1.0,9.725121644056506,0.10000000149011612
285.558,1.0,9.69769489682383,0.10000000149011612
285.608,1.0,9.835176527665721,0.10000000149011612
285.659,1.0,9.643443167851203,0.10000000149011612
285.71,1.0,9.642943797757228,0.10000000149011612
285.759,1.0,9.89013368965437,0.10000000149011612
285.81,1.0,9.835360745030146,0.10000000149011612
285.861,1.0,9.917594476126963,0.10000000149011612
285.91,1.0,9.890145168515543,0.10000000149011612
285.965,1.0,9.890019191801548,0.10000000149011612
286.017,1.0,9.780035785420074,0.10000000149011612
286.065,1.0,9.80783506559415,0.10000000149011612
286.11,1.0,9.588002613497277,0.10000000149011612
286.162,1.0,9.725218013135922,0.10000000149011612
286.214,1.0,9.807837419149775,0.10000000149011612
286.264,1.0,9.780173177975747,0.10000000149011612
286.315,1.0,9.890118505929907,0.10000000149011612
286.365,1.0,9.807721995231178,0.10000000149011612
286.413,1.0,9.807813298660848,0.10000000149011612
286.463,1.0,9.89028447613948,0.10000000149011612
286.512,1.0,9.752639413769874,0.10000000149011612
286.567,1.0,9.917657183172802,0.10000000149011612
286.615,1.0,9.86271087984658,0.10000000149011612
286.664,1.0,9.807781151144042,0.10000000149011612
286.712,1.0,9.75302167151951,0.10000000149011612
286.763,1.0,9.697867570113804,0.10000000149011612
286.812,1.0,9.835157646756205,0.10000000149011612
286.862,1.0,9.780207250225875,0.10000000149011612
286.912,1.0,9.80773753648003,0.10000000149011612
286.961,1.0,9.752969311777916,0.10000000149011612
287.016,1.0,9.835079682639076,0.10000000149011612
287.065,1.0,9.862569532978037,0.10000000149011612
287.117,1.0,9.807911561926206,0.10000000149011612
287.169,1.0,9.862650708419581,0.10000000149011612
287.22,1.0,9.835135406400594,0.10000000149011612
287.264,1.0,9.807686947575874,0.10000000149011612
287.309,1.0,9.807924567183687,0.10000000149011612
287.366,1.0,9.862594967956344,0.10000000149011612
287.418,1.0,9.945078563379745,0.10000000149011612
287.467,1.0,9.86251349767877,0.10000000149011612
287.523,1.0,9.835256769197683,0.10000000149011612
287.57,1.0,9.835297893091209,0.10097097605466843
287.62,1.0,9.780381725997561,0.10000000149011612
287.672,1.0,9.83503220770508,0.10000000149011612
287.721,1.0,9.890130321867764,0.10000000149011612
287.775,1.0,9.807691888697445,0.10000000149011612
287.821,1.0,9.670332454062171,0.10000000149011612
287.877,1.0,9.807625990154015,0.10000000149011612
287.922,1.0,9.862783237795036,0.10000000149011612
287.972,1.0,9.725393688430389,0.10000000149011612
288.027,1.0,9.752897973710464,0.10000000149011612
288.074,1.0,9.835128794341452,0.10000000149011612
288.122,1.0,9.835000000024836,0.10000000149011612
288.172,1.0,9.752781289629638,0.10000000149011612
288.224,1.0,9.752675418514345,0.10000000149011612
288.271,1.0,9.807733342693084,0.10000000149011612
288.327,1.0,9.917500000012417,0.10000000149011612
288.371,1.0,9.725580733145277,0.10000000149011612
288.422,1.0,9.807851250800821,0.10000000149011612
288.471,1.0,9.80770922942708,0.10000000149011612
288.523,1.0,9.835142994320227,0.10000000149011612
288.575,1.0,9.890089107967086,0.10000000149011612
288.626,1.0,9.890132735938662,0.10000000149011612
288.673,1.0,9.807664590142668,0.10000000149011612
288.724,1.0,9.890056753448315,0.10000000149011612
288.773,1.0,9.862618543186949,0.10000000149011612
288.826,1.0,9.862781774066388,0.10000000149011612
288.876,1.0,9.945000000008278,0.10000000149011612
288.929,1.0,9.75282018021163,0.10000000149011612
288.978,1.0,9.91766433003876,0.10020536929368973
289.031,1.0,9.807710288340846,0.10000000149011612
289.083,1.0,9.752777177923255,0.10000000149011612
289.131,1.0,9.890091879189843,0.10000000149011612
289.183,1.0,9.78038643617183,0.10000000149011612
289.234,1.0,9.78013520586408,0.10000000149011612
289.283,1.0,9.725235483919581,0.10000000149011612
289.339,1.0,9.780122387905916,0.10000000149011612
289.386,1.0,9.780318768798477,0.10000000149011612
289.433,1.0,9.862759505377875,0.10000000149011612
289.484,1.0,9.862599936003486,0.10000000149011612
289.534,1.0,9.83512910447187,0.10000000149011612
289.585,1.0,9.835501365694736,0.10000000149011612
289.628,1.0,9.945000000008278,0.10000000149011612
289.683,1.0,9.835352243917685,0.10000000149011612
289.736,1.0,9.890066917323404,0.10000000149011612
289.807,1.0,9.780214803872838,0.10000000149011612
289.839,1.0,9.91758624712626,0.10000000149011612
289.885,1.0,9.835236743092537,0.10000000149011612
289.943,1.0,9.780314179799623,0.10000000149011612
289.984,1.0,9.890104850733445,0.10000000149011612
290.035,1.0,9.835233965454002,0.10000000149011612
