Timestamp,Valid Ratio,Mean Range,Min Range
0.222,1.0,9.835244463322063,0.10000000149011612
0.268,1.0,9.890264015644789,0.10000000149011612
0.318,1.0,9.890148949519627,0.10000000149011612
0.368,1.0,9.862727657767634,0.10000000149011612
0.418,1.0,9.780465860292315,0.10000000149011612
0.468,1.0,9.862710165894693,0.10000000149011612
0.518,1.0,9.807722565138505,0.10000000149011612
0.568,1.0,9.945000000008278,0.10000000149011612
0.618,1.0,9.862793626553483,0.10000000149011612
0.669,1.0,9.917705909183455,0.10000000149011612
0.719,1.0,9.642841201896468,0.10000000149011612
0.768,1.0,9.78011479317728,0.10000000149011612
0.818,1.0,9.752755424173342,0.10000000149011612
0.868,1.0,9.725563889576328,0.10000000149011612
0.918,1.0,9.890048753532271,0.10000000149011612
0.968,1.0,9.945202303305269,0.12933991849422455
1.018,1.0,9.835274601313802,0.10000000149011612
1.068,1.0,9.862778231046265,0.10000000149011612
1.1179999999999999,1.0,9.780246002558204,0.10000000149011612
1.168,1.0,9.862694806895322,0.10000000149011612
1.218,1.0,9.807788646428122,0.10000000149011612
1.268,1.0,9.642766011361447,0.10000000149011612
1.318,1.0,9.890147947726978,0.10000000149011612
1.3679999999999999,1.0,9.780458905506466,0.10000000149011612
1.418,1.0,9.753119503437645,0.10000000149011612
1.468,1.0,9.917751919581658,0.11762683838605881
1.518,1.0,9.697688317878379,0.10000000149011612
1.568,1.0,9.807753835080398,0.10000000149011612
1.6179999999999999,1.0,9.670308840605948,0.10000000149011612
1.6680000000000001,1.0,9.752699241249097,0.10000000149011612
1.718,1.0,9.86278693382111,0.10000000149011612
1.768,1.0,9.752792305933932,0.10000000149011612
1.818,1.0,9.917500000012417,0.10000000149011612
1.8679999999999999,1.0,9.67038835276746,0.10000000149011612
1.9180000000000001,1.0,9.862932674400508,0.10000000149011612
1.968,1.0,9.835223317249781,0.10000000149011612
2.018,1.0,9.780381237529218,0.10000000149011612
2.068,1.0,9.862809449289408,0.10000000149011612
2.118,1.0,9.725457771122455,0.10000000149011612
2.168,1.0,9.698093187457157,0.10000000149011612
2.218,1.0,9.807714831063317,0.10000000149011612
2.268,1.0,9.807661441485916,0.10000000149011612
2.318,1.0,9.807741512792806,0.10000000149011612
2.368,1.0,9.835305759186546,0.10000000149011612
2.418,1.0,9.94505794238713,0.1025443822145462
2.468,1.0,9.91772792947789,0.10663500428199768
2.518,1.0,9.725022587759627,0.10000000149011612
2.568,1.0,9.78032152319534,0.10000000149011612
2.618,1.0,9.835284262171221,0.10000000149011612
2.668,1.0,9.917519865226414,0.10000000149011612
2.718,1.0,9.835123968103694,0.10000000149011612
2.768,1.0,9.807538250171476,0.10000000149011612
2.818,1.0,9.835122777956228,0.10000000149011612
2.868,1.0,9.862601888924837,0.10000000149011612
2.918,1.0,9.670325539074838,0.10000000149011612
2.968,1.0,9.725535375314454,0.10000000149011612
3.018,1.0,9.862725972384215,0.10000000149011612
3.068,1.0,9.862773707177904,0.10000000149011612
3.1189999999999998,1.0,9.807700454505781,0.10000000149011612
3.169,1.0,9.643100636493829,0.10000000149011612
3.218,1.0,9.807792072722481,0.10000000149011612
3.268,1.0,9.780042651005918,0.10000000149011612
3.318,1.0,9.807552766323917,0.10000000149011612
3.368,1.0,9.807612440424661,0.10000000149011612
3.418,1.0,9.780459022252924,0.10000000149011612
3.468,1.0,9.83500683380084,0.10000000149011612
3.518,1.0,9.780264245635934,0.10000000149011612
3.568,1.0,9.698302153704894,0.10000000149011612
3.618,1.0,9.835147434762783,0.10000000149011612
3.668,1.0,9.807677206521232,0.10000000149011612
3.718,1.0,9.890133154868252,0.10000000149011612
3.768,1.0,9.807810124175417,0.10000000149011612
3.818,1.0,9.890014826444288,0.10000000149011612
3.868,1.0,9.78027044110414,0.10000000149011612
3.918,1.0,9.862858327147034,0.11373309791088104
3.968,1.0,9.890168878746529,0.10000000149011612
4.018,1.0,9.80773824925224,0.10000000149011612
4.068,1.0,9.862560546439555,0.10000000149011612
4.118,1.0,9.890309481757383,0.10000000149011612
4.168,1.0,9.972508547144631,0.10307697206735611
4.219,1.0,9.945193154199256,0.12636013329029083
4.269,1.0,9.86262607715196,0.10000000149011612
4.319,1.0,9.807671200297772,0.10000000149011612
4.369,1.0,9.890083473320637,0.10000000149011612
4.419,1.0,9.642949978531234,0.10000000149011612
4.468,1.0,9.862760697408683,0.10000000149011612
4.518,1.0,9.807743062099648,0.10000000149011612
4.568,1.0,9.83516069903142,0.10000000149011612
4.618,1.0,9.89017321349432,0.10000000149011612
4.668,1.0,9.752667683197393,0.10000000149011612
4.718,1.0,9.78045896815343,0.10000000149011612
4.768,1.0,9.725324790986877,0.10000000149011612
4.818,1.0,9.75266714747995,0.10000000149011612
4.869,1.0,9.807597158807848,0.10000000149011612
4.918,1.0,9.807841061117749,0.10000000149011612
4.968,1.0,9.862630176813239,0.10000000149011612
5.018,1.0,9.807628007046878,0.10000000149011612
5.068,1.0,9.835196388161016,0.10000000149011612
5.118,1.0,9.835180987976491,0.10000000149011612
5.169,1.0,9.752594079077245,0.10000000149011612
5.219,1.0,9.835239848039217,0.10000000149011612
5.269,1.0,9.945151200331747,0.10517115145921707
5.318,1.0,9.807762246351276,0.10000000149011612
5.369,1.0,9.78025050446805,0.10000000149011612
5.418,1.0,9.752718250287904,0.10000000149011612
5.468,1.0,9.725231274527808,0.10000000149011612
5.518,1.0,9.752575368723935,0.10000000149011612
5.568,1.0,9.862772312512,0.10000000149011612
5.618,1.0,9.725327395854725,0.10000000149011612
5.6690000000000005,1.0,9.807559875605834,0.10000000149011612
5.718,1.0,9.752829065629177,0.10000000149011612
5.769,1.0,9.835153995081782,0.10000000149011612
5.818,1.0,9.862621066926254,0.10000000149011612
5.869,1.0,9.670269432312084,0.10000000149011612
5.9190000000000005,1.0,9.917623166615764,0.10000000149011612
5.969,1.0,9.752824009499616,0.10000000149011612
6.018,1.0,9.807619537868433,0.10000000149011612
6.069,1.0,9.725343203441136,0.10000000149011612
6.118,1.0,9.862796490184135,0.10000000149011612
6.169,1.0,9.752713187618388,0.10000000149011612
6.219,1.0,9.89018292311165,0.10000000149011612
6.269,1.0,9.890038967525793,0.10000000149011612
6.318,1.0,9.753076202877693,0.10000000149011612
6.369,1.0,9.78040467204733,0.10000000149011612
6.42,1.0,9.86254483765612,0.10000000149011612
6.469,1.0,9.807756216451526,0.10000000149011612
6.519,1.0,9.8625477604568,0.10000000149011612
6.568,1.0,9.86250814265675,0.10000000149011612
6.619,1.0,9.807887278186778,0.10000000149011612
6.6690000000000005,1.0,9.835405409398179,0.10856668651103973
6.719,1.0,9.725465040736728,0.10000000149011612
6.768,1.0,9.835293902001448,0.10000000149011612
6.818,1.0,9.890040359459817,0.10000000149011612
6.868,1.0,9.752768733559384,0.10000000149011612
6.918,1.0,9.807720629767411,0.10000000149011612
6.969,1.0,9.670738945156335,0.10000000149011612
7.018,1.0,9.780249086726043,0.10000000149011612
7.068,1.0,9.890261589363217,0.10000000149011612
7.118,1.0,9.752961412527496,0.10000000149011612
7.169,1.0,9.835176194521289,0.10000000149011612
7.218,1.0,9.835026193803383,0.10000000149011612
7.269,1.0,9.862702743978137,0.10000000149011612
7.319,1.0,9.725378037223386,0.10000000149011612
7.369,1.0,9.697745204468568,0.10000000149011612
7.419,1.0,9.862668187398878,0.10000000149011612
7.469,1.0,9.642903205441932,0.10000000149011612
7.518,1.0,9.835201750964755,0.10000000149011612
7.568,1.0,9.807689114825592,0.10000000149011612
7.618,1.0,9.862842755971684,0.10000000149011612
7.6690000000000005,1.0,9.91766697006921,0.10000000149011612
7.719,1.0,9.780294575293858,0.10000000149011612
7.768,1.0,9.725300087427927,0.10000000149011612
7.818,1.0,9.862634872872796,0.10000000149011612
7.869,1.0,9.752840200107958,0.10000000149011612
7.918,1.0,9.697759853241344,0.10000000149011612
7.968,1.0,9.780095313861967,0.10000000149011612
8.019,1.0,9.862705623544752,0.10000000149011612
8.069,1.0,9.808044422583448,0.10000000149011612
8.119,1.0,9.91764919952386,0.10000000149011612
8.168,1.0,9.752846663445235,0.10000000149011612
8.219,1.0,9.835425733754205,0.10000000149011612
8.268,1.0,9.780174380934072,0.10000000149011612
8.319,1.0,9.780380074721243,0.10000000149011612
8.369,1.0,9.752857093533708,0.10000000149011612
8.418,1.0,9.807877219902972,0.10000000149011612
8.468,1.0,9.94503854624927,0.10000000149011612
8.518,1.0,9.835227079586023,0.10000000149011612
8.568,1.0,9.862653770773775,0.10000000149011612
8.618,1.0,9.890125513283742,0.10000000149011612
8.668,1.0,9.80777193719728,0.10000000149011612
8.719,1.0,9.807634453620349,0.10000000149011612
8.768,1.0,9.835055358438856,0.10000000149011612
8.818999999999999,1.0,9.86273593834291,0.10000000149011612
8.868,1.0,9.6978535314401,0.10000000149011612
8.919,1.0,9.670400396962133,0.10000000149011612
8.968,1.0,9.835189728811383,0.10000000149011612
9.019,1.0,9.780073293319179,0.10000000149011612
9.068,1.0,9.917590463616781,0.10000000149011612
9.119,1.0,9.83522188934601,0.10000000149011612
9.168,1.0,9.752875255131059,0.10000000149011612
9.219,1.0,9.835197939785818,0.10000000149011612
9.269,1.0,9.697895473096933,0.10000000149011612
9.319,1.0,9.697919378160602,0.10000000149011612
9.368,1.0,9.917735027418368,0.11943880468606949
9.418,1.0,9.890000000016556,0.10000000149011612
9.468,1.0,9.835288442588515,0.10000000149011612
9.518,1.0,9.835178656482862,0.10000000149011612
9.568,1.0,9.807516373424894,0.10000000149011612
9.618,1.0,9.86271743432929,0.10000000149011612
9.669,1.0,9.807854218387769,0.10000000149011612
9.718,1.0,9.780495238283443,0.10000000149011612
9.769,1.0,9.890128156646258,0.10000000149011612
9.818,1.0,9.835247003970046,0.10000000149011612
9.869,1.0,9.69790123845968,0.10000000149011612
9.919,1.0,9.807718384017546,0.10000000149011612
9.969,1.0,9.890203026061256,0.10000000149011612
10.019,1.0,9.8079515149196,0.10000000149011612
10.069,1.0,9.972500000004139,0.10000000149011612
10.119,1.0,9.835318710717063,0.10000000149011612
10.168,1.0,9.69811562428044,0.10000000149011612
10.219,1.0,9.835218821300401,0.10000000149011612
10.268,1.0,9.78032010079672,0.10000000149011612
10.319,1.0,9.75289455993722,0.10000000149011612
10.369,1.0,9.8078811990925,0.10000000149011612
10.419,1.0,9.80765710129506,0.10000000149011612
10.469,1.0,9.917500000012417,0.10000000149011612
10.518,1.0,9.7803141295289,0.10000000149011612
10.568999999999999,1.0,9.807713188065422,0.10000000149011612
10.619,1.0,9.75285923452013,0.10000000149011612
10.669,1.0,9.807684151083231,0.10000000149011612
10.719,1.0,9.807748798053298,0.10000000149011612
10.769,1.0,9.807726868014369,0.10000000149011612
10.818,1.0,9.835005588746734,0.10000000149011612
10.869,1.0,9.890133160042266,0.10000000149011612
10.918,1.0,9.78025823953665,0.10000000149011612
10.968,1.0,9.697935130488542,0.10000000149011612
11.018,1.0,9.780055520476566,0.10000000149011612
11.069,1.0,9.807725003506574,0.10000000149011612
11.118,1.0,9.83506334281216,0.10000000149011612
11.169,1.0,9.807824650717277,0.10000000149011612
11.219,1.0,9.780269113534855,0.10000000149011612
11.268,1.0,9.807656302903261,0.10000000149011612
11.319,1.0,9.78022084991551,0.10000000149011612
11.368,1.0,9.945101235703461,0.10000000149011612
11.419,1.0,9.917647469561134,0.10000000149011612
11.468,1.0,9.890062761762076,0.10000000149011612
11.519,1.0,9.917519623289506,0.10000000149011612
11.568999999999999,1.0,9.83520636798607,0.10000000149011612
11.619,1.0,9.83526207258304,0.10000000149011612
11.668,1.0,9.890000000016556,0.10000000149011612
11.718,1.0,9.780385416601266,0.10000000149011612
11.769,1.0,9.917556020182868,0.10000000149011612
11.818,1.0,9.80785744862838,0.10000000149011612
11.868,1.0,9.835233427211643,0.10000000149011612
11.919,1.0,9.86263899832136,0.10000000149011612
11.968,1.0,9.78054317937543,0.10000000149011612
12.019,1.0,9.670592637298007,0.10000000149011612
12.069,1.0,9.807918008251322,0.10000000149011612
12.118,1.0,9.890142625528906,0.10000000149011612
12.168,1.0,9.780691132880747,0.10829667001962662
12.219,1.0,9.67029458075348,0.10000000149011612
12.269,1.0,9.780408991376559,0.10000000149011612
12.318,1.0,9.670838775258098,0.10000000149011612
12.368,1.0,9.8351110348271,0.10000000149011612
12.418,1.0,9.752801794165538,0.10000000149011612
12.468,1.0,9.72540646036052,0.10000000149011612
12.519,1.0,9.752897163521911,0.10000000149011612
12.568999999999999,1.0,9.890336167998612,0.10000000149011612
12.618,1.0,9.8901151638685,0.10000000149011612
12.668,1.0,9.917508572298619,0.10000000149011612
12.718,1.0,9.945146989139419,0.10808881372213364
12.769,1.0,9.917688224195606,0.10000000149011612
12.818,1.0,9.725203954573306,0.10000000149011612
12.868,1.0,9.890116771145,0.10000000149011612
12.918,1.0,9.945157231183515,0.11925356090068817
12.969,1.0,9.835119423497883,0.10000000149011612
13.018,1.0,9.807780196124481,0.10000000149011612
13.068,1.0,9.807647820210292,0.10000000149011612
13.118,1.0,9.917672112294369,0.10000000149011612
13.169,1.0,9.972637456696894,0.14948441088199615
13.218,1.0,9.835356565916705,0.10000000149011612
13.268,1.0,9.890178742508093,0.10000000149011612
13.319,1.0,9.83502553835925,0.10000000149011612
13.368,1.0,9.83526178068585,0.10000000149011612
13.418,1.0,9.780328161021073,0.10000000149011612
13.469,1.0,9.670679028311538,0.10000000149011612
13.518,1.0,9.80789195601311,0.10000000149011612
13.568999999999999,1.0,9.835236660784318,0.10000000149011612
13.619,1.0,9.752967515318758,0.10000000149011612
13.669,1.0,9.890152086752156,0.10000000149011612
13.718,1.0,9.890098139250444,0.10000000149011612
13.769,1.0,9.780451621777482,0.10000000149011612
13.818999999999999,1.0,9.697836608170634,0.10000000149011612
13.869,1.0,9.78036715142015,0.10000000149011612
13.918,1.0,9.75293439866768,0.10000000149011612
13.969,1.0,9.807586596575048,0.10000000149011612
14.018,1.0,9.725395647312205,0.10000000149011612
14.068,1.0,9.752663692190415,0.10000000149011612
14.119,1.0,9.753052692549923,0.10000000149011612
14.169,1.0,9.835551838452618,0.1035366952419281
14.219,1.0,9.72543289789723,0.10000000149011612
14.269,1.0,9.83526332721942,0.10000000149011612
14.318,1.0,9.807774237377776,0.10000000149011612
14.369,1.0,9.780314458741081,0.10000000149011612
14.418,1.0,9.835246684360836,0.10000000149011612
14.468,1.0,9.780399302786423,0.10000000149011612
14.518,1.0,9.72525493517104,0.10000000149011612
14.568,1.0,9.64275677787761,0.10000000149011612
14.619,1.0,9.917578300606046,0.10000000149011612
14.669,1.0,9.725264296059807,0.10000000149011612
14.718,1.0,9.752559292813142,0.10000000149011612
14.769,1.0,9.725450556973616,0.10000000149011612
14.818,1.0,9.890063866393433,0.10000000149011612
14.869,1.0,9.752742934413254,0.10000000149011612
14.918,1.0,9.780147956891192,0.10000000149011612
14.969,1.0,9.807592501843141,0.10000000149011612
15.019,1.0,9.917707441602316,0.10406333208084106
15.069,1.0,9.835147157787448,0.10000000149011612
15.118,1.0,9.80769963980549,0.10000000149011612
15.169,1.0,9.752723405468796,0.10000000149011612
15.219,1.0,9.83507555923942,0.10000000149011612
15.269,1.0,9.725252552661631,0.10000000149011612
15.319,1.0,9.725438623233801,0.10000000149011612
15.369,1.0,9.83520188871771,0.10000000149011612
15.419,1.0,9.862693860816458,0.10000000149011612
15.469,1.0,9.862643402028414,0.10000000149011612
15.519,1.0,9.94502489918636,0.10395826399326324
15.568999999999999,1.0,9.862705904742082,0.10000000149011612
15.619,1.0,9.807910737209022,0.10000000149011612
15.669,1.0,9.780433052240147,0.10000000149011612
15.719,1.0,9.807733474320008,0.10000000149011612
15.768,1.0,9.69804188126905,0.10000000149011612
15.818999999999999,1.0,9.587875480908487,0.10000000149011612
15.869,1.0,9.917587825614545,0.10000000149011612
15.919,1.0,9.725307768686777,0.10000000149011612
15.968,1.0,9.890296784581409,0.10000000149011612
16.018,1.0,9.752797536696825,0.10000000149011612
16.069,1.0,9.835476785670553,0.10274234414100647
16.118,1.0,9.80784089397639,0.10000000149011612
16.168,1.0,9.697854759916662,0.10000000149011612
16.219,1.0,9.72508572044058,0.10000000149011612
16.269,1.0,9.72520094865726,0.10000000149011612
16.319,1.0,9.890101830412943,0.10000000149011612
16.369,1.0,9.725370641777085,0.10000000149011612
16.419,1.0,9.890038045826886,0.10000000149011612
16.468,1.0,9.89016257967386,0.10000000149011612
16.519,1.0,9.91758093200624,0.10000000149011612
16.569,1.0,9.807751269969675,0.10000000149011612
16.619,1.0,9.890275395268368,0.10000000149011612
16.668,1.0,9.862588666400148,0.10000000149011612
16.718,1.0,9.80760696399957,0.10000000149011612
16.769,1.0,9.835110129271117,0.10000000149011612
16.818,1.0,9.725664908480313,0.10000000149011612
16.868,1.0,9.725517097198301,0.10000000149011612
16.918,1.0,9.780338436903225,0.10000000149011612
16.969,1.0,9.780195283910466,0.10000000149011612
17.019,1.0,9.835148320843777,0.10000000149011612
17.068,1.0,9.835207831238707,0.10000000149011612
17.119,1.0,9.725357756101422,0.10000000149011612
17.168,1.0,9.835184605047107,0.10000000149011612
17.218,1.0,9.780272724686398,0.10000000149011612
17.269,1.0,9.670611257995997,0.10000000149011612
17.318,1.0,9.835280851502386,0.10000000149011612
17.369,1.0,9.725306630362239,0.10000000149011612
17.418,1.0,9.643131686291762,0.10000000149011612
17.469,1.0,9.780423440908391,0.10000000149011612
17.519,1.0,9.780125874446497,0.10000000149011612
17.568,1.0,9.807779654322399,0.10000000149011612
17.619,1.0,9.917506845688655,0.10000000149011612
17.669,1.0,9.725146191132565,0.10000000149011612
17.719,1.0,9.697751795376341,0.10000000149011612
17.769,1.0,9.835183121884862,0.10000000149011612
17.818,1.0,9.807987037404544,0.10000000149011612
17.869,1.0,9.835104668761293,0.10000000149011612
17.919,1.0,9.807687133033243,0.10000000149011612
17.969,1.0,9.862729257634944,0.10000000149011612
18.019,1.0,9.807893270088567,0.10000000149011612
18.068,1.0,9.72538058637745,0.10000000149011612
18.118,1.0,9.835260484926403,0.10000000149011612
18.169,1.0,9.780430256471865,0.10000000149011612
18.219,1.0,9.75279239171909,0.10000000149011612
18.269,1.0,9.780313038474155,0.10000000149011612
18.318,1.0,9.917617406240767,0.10000000149011612
18.368,1.0,9.80779661670741,0.10000000149011612
18.418,1.0,9.862716600071225,0.10000000149011612
18.468,1.0,9.835279893978603,0.10000000149011612
18.518,1.0,9.890202323098977,0.10000000149011612
18.569,1.0,9.670502324381637,0.10000000149011612
18.619,1.0,9.752971840173833,0.10000000149011612
18.669,1.0,9.890154744415648,0.10000000149011612
18.719,1.0,9.807687298270563,0.10000000149011612
18.769,1.0,9.86257168079416,0.10000000149011612
18.818,1.0,9.890304323844612,0.10508127510547638
18.869,1.0,9.862754615168605,0.10000000149011612
18.918,1.0,9.780291998779608,0.10000000149011612
18.968,1.0,9.835340059196783,0.10000000149011612
19.019,1.0,9.917545774723921,0.10000000149011612
19.068,1.0,9.725232866820361,0.10000000149011612
19.119,1.0,9.835217514075339,0.10000000149011612
19.168,1.0,9.835102025067641,0.10000000149011612
19.218,1.0,9.780204014935427,0.10000000149011612
19.269,1.0,9.890026407378416,0.10000000149011612
19.318,1.0,9.697908658016887,0.10000000149011612
19.369,1.0,9.835119854638146,0.10000000149011612
19.419,1.0,9.835257216294606,0.10000000149011612
19.469,1.0,9.807751091859407,0.10000000149011612
19.518,1.0,9.807702101498014,0.10000000149011612
19.568,1.0,9.862500000020695,0.10000000149011612
19.618,1.0,9.752893003055618,0.10000000149011612
19.669,1.0,9.862563092240856,0.10000000149011612
19.718,1.0,9.862635871933566,0.10000000149011612
19.769,1.0,9.835208203974698,0.10000000149011612
19.819,1.0,9.83526902343664,0.10000000149011612
19.869,1.0,9.807765594849156,0.10000000149011612
19.919,1.0,9.807920742283265,0.10000000149011612
19.969,1.0,9.780307914771967,0.10000000149011612
20.018,1.0,9.725429633404646,0.10000000149011612
20.069,1.0,9.89024344401227,0.10000000149011612
20.12,1.0,9.890138584623735,0.10000000149011612
20.169,1.0,9.725215122041602,0.10000000149011612
20.219,1.0,9.725309895392922,0.10000000149011612
20.269,1.0,9.670457308532463,0.10000000149011612
20.318,1.0,9.78046806531234,0.10000000149011612
20.368,1.0,9.917624800983402,0.10000000149011612
20.418,1.0,9.780408073858254,0.10000000149011612
20.469,1.0,9.807900244928897,0.10000000149011612
20.519,1.0,9.86276309347401,0.10000000149011612
20.568,1.0,9.890214394032956,0.10000000149011612
20.619,1.0,9.807736579121816,0.10000000149011612
20.669,1.0,9.890093461320632,0.10000000149011612
20.719,1.0,9.725864765379164,0.10000000149011612
20.769,1.0,9.780358769703243,0.10000000149011612
20.819,1.0,9.752970853240953,0.10000000149011612
20.868,1.0,9.835176678829724,0.10000000149011612
20.919,1.0,9.780280753783881,0.10000000149011612
20.969,1.0,9.862615687565672,0.10000000149011612
21.018,1.0,9.890041017346084,0.10000000149011612
21.068,1.0,9.752827134624951,0.10000000149011612
21.119,1.0,9.862604373279545,0.10000000149011612
21.169,1.0,9.780482492720088,0.10000000149011612
21.219,1.0,9.835084036758376,0.10000000149011612
21.269,1.0,9.862531420422926,0.10000000149011612
21.319,1.0,9.697928542167777,0.10000000149011612
21.368,1.0,9.890103019898136,0.10000000149011612
21.418,1.0,9.75272490243531,0.10000000149011612
21.469,1.0,9.807600791338418,0.10000000149011612
21.519,1.0,9.72543145629267,0.10000000149011612
21.569,1.0,9.835204911025034,0.10000000149011612
21.619,1.0,9.807876238640812,0.10000000149011612
21.669,1.0,9.697544098624753,0.10000000149011612
21.719,1.0,9.725341569404636,0.10000000149011612
21.769,1.0,9.725543958507478,0.10000000149011612
21.819,1.0,9.807909611488382,0.10000000149011612
21.869,1.0,9.807704963928295,0.10000000149011612
21.918,1.0,9.862676744100948,0.10000000149011612
21.968,1.0,9.807597658389973,0.10000000149011612
22.019,1.0,9.862734532025126,0.10000000149011612
22.069,1.0,9.835198861422638,0.10000000149011612
22.118,1.0,9.945085321263306,0.10000000149011612
22.168,1.0,9.89020165933503,0.10000000149011612
22.218,1.0,9.752749015659921,0.10000000149011612
22.268,1.0,9.945044745918777,0.10000000149011612
22.318,1.0,9.780156218260526,0.10000000149011612
22.368,1.0,9.835092673140268,0.10000000149011612
22.419,1.0,9.697755834853483,0.10000000149011612
22.469,1.0,9.807670419787367,0.10000000149011612
22.518,1.0,9.780080462661054,0.10000000149011612
22.568,1.0,9.917671392319932,0.10000000149011612
22.619,1.0,9.89011047648059,0.10000000149011612
22.668,1.0,9.780139882759087,0.10000000149011612
22.72,1.0,9.835291764098738,0.10000000149011612
22.768,1.0,9.807717064292067,0.10000000149011612
22.818,1.0,9.89016041143073,0.10000000149011612
22.868,1.0,9.835337472686337,0.10000000149011612
22.918,1.0,9.862784208295245,0.10000000149011612
22.968,1.0,9.862577497069207,0.10000000149011612
23.019,1.0,9.835131163357033,0.10000000149011612
23.068,1.0,9.862633859159217,0.10000000149011612
23.119,1.0,9.972505432160364,0.10195557773113251
23.168,1.0,9.917531362569166,0.10000000149011612
23.219,1.0,9.670263787772921,0.10000000149011612
23.268,1.0,9.780518964036471,0.10000000149011612
23.318,1.0,9.780490362395843,0.10000000149011612
23.369,1.0,9.752686150330636,0.10000000149011612
23.418,1.0,9.78016661523531,0.10000000149011612
23.469,1.0,9.780190552502043,0.10000000149011612
23.519,1.0,9.835507387419542,0.10000000149011612
23.568,1.0,9.807670137120617,0.10000000149011612
23.619,1.0,9.86270154679401,0.10000000149011612
23.668,1.0,9.890106024531027,0.10000000149011612
23.719,1.0,9.780214790047872,0.10000000149011612
23.769,1.0,9.862637172515194,0.10000000149011612
23.818,1.0,9.89020825665858,0.10000000149011612
23.868,1.0,9.725545527951585,0.10000000149011612
23.918,1.0,9.80766618680209,0.10000000149011612
23.968,1.0,9.862527053451373,0.10000000149011612
24.018,1.0,9.780116166112323,0.10000000149011612
24.069,1.0,9.83528938183768,0.10000000149011612
24.118,1.0,9.8902048283774,0.10000000149011612
24.168,1.0,9.780706049543287,0.10000000149011612
24.219,1.0,9.83500868100673,0.10000000149011612
24.269,1.0,9.752677601720723,0.10000000149011612
24.319,1.0,9.808137706149783,0.11880757659673691
24.369,1.0,9.917533906073206,0.10000000149011612
24.418,1.0,9.835108075559967,0.10000000149011612
24.468,1.0,9.698074066245722,0.10000000149011612
24.519,1.0,9.835184269646804,0.10000000149011612
24.569,1.0,9.94513008017093,0.10000000149011612
24.618,1.0,9.643084675032231,0.10000000149011612
24.669,1.0,9.835229746417866,0.10000000149011612
24.718,1.0,9.725158837603198,0.10000000149011612
24.768,1.0,9.917665206289126,0.10000000149011612
24.818,1.0,9.80781288428439,0.10000000149011612
24.869,1.0,9.752894232380722,0.10000000149011612
24.919,1.0,9.862777806839182,0.10000000149011612
24.969,1.0,9.67045104102128,0.10000000149011612
25.019,1.0,9.807906462707454,0.10000000149011612
25.068,1.0,9.670236001639731,0.10000000149011612
25.119,1.0,9.78023214681695,0.10000000149011612
25.168,1.0,9.78031667723424,0.10000000149011612
25.218,1.0,9.8350687612469,0.10000000149011612
25.268,1.0,9.69791213505798,0.10000000149011612
25.318,1.0,9.7801116373183,0.10000000149011612
25.369,1.0,9.835448510737884,0.10000000149011612
25.418,1.0,9.835336469238003,0.10000000149011612
25.468,1.0,9.80762800257653,0.10000000149011612
25.519,1.0,9.890099817369547,0.10000000149011612
25.569,1.0,9.752999295025235,0.10000000149011612
25.618,1.0,9.725589150293834,0.10000000149011612
25.668,1.0,9.807725245795316,0.10000000149011612
25.718,1.0,9.807933826723861,0.10000000149011612
25.768,1.0,9.807727064730393,0.10000000149011612
25.82,1.0,9.7803264181854,0.10000000149011612
25.868,1.0,9.725150128888588,0.10000000149011612
25.918,1.0,9.808007611872421,0.10000000149011612
25.968,1.0,9.78038732951714,0.10000000149011612
26.018,1.0,9.890086924450266,0.10000000149011612
26.068,1.0,9.80785610915886,0.10000000149011612
26.118,1.0,9.753060693604251,0.10000000149011612
26.169,1.0,9.807653794810175,0.10000000149011612
26.218,1.0,9.890113784600462,0.10000000149011612
26.269,1.0,9.780132748517726,0.10000000149011612
26.318,1.0,9.780457445503108,0.10000000149011612
26.369,1.0,9.807885953577028,0.10000000149011612
26.418,1.0,9.86255167223927,0.10000000149011612
26.468,1.0,9.890005035946766,0.10000000149011612
26.518,1.0,9.807702327374782,0.10000000149011612
26.568,1.0,9.86259596242259,0.10000000149011612
26.619,1.0,9.835426864959299,0.10312046855688095
26.668,1.0,9.807697757333518,0.10000000149011612
26.719,1.0,9.780241449177264,0.10000000149011612
26.769,1.0,9.807704209619098,0.10000000149011612
26.818,1.0,9.780018201573855,0.10000000149011612
26.869,1.0,9.752911749337283,0.10000000149011612
26.918,1.0,9.725434875943595,0.10000000149011612
26.969,1.0,9.807669266002874,0.10000000149011612
27.018,1.0,9.780571651541525,0.10000000149011612
27.069,1.0,9.725406774092052,0.10000000149011612
27.119,1.0,9.862669381519986,0.10000000149011612
27.169,1.0,9.725291476936803,0.10000000149011612
27.218,1.0,9.862583592575458,0.10000000149011612
27.269,1.0,9.752747632149193,0.10000000149011612
27.318,1.0,9.862656053755845,0.10000000149011612
27.369,1.0,9.725282833663126,0.10000000149011612
27.419,1.0,9.780381694332593,0.10000000149011612
27.468,1.0,9.780044339824881,0.10000000149011612
27.518,1.0,9.86271376947148,0.10000000149011612
27.569,1.0,9.752576696810623,0.10000000149011612
27.618,1.0,9.8353155033249,0.10000000149011612
27.669,1.0,9.917571488271157,0.10000000149011612
27.719,1.0,9.945105997390217,0.11597311496734619
27.769,1.0,9.807726913752655,0.10000000149011612
27.819,1.0,9.752810598082013,0.10000000149011612
27.869,1.0,9.890024120029477,0.10000000149011612
27.919,1.0,9.780359591998987,0.10000000149011612
27.968,1.0,9.752677831985057,0.10000000149011612
28.019,1.0,9.807658934137887,0.10000000149011612
28.069,1.0,9.780327340318925,0.10000000149011612
28.119,1.0,9.862787369721465,0.10000000149011612
28.169,1.0,9.807767706198824,0.10000000149011612
28.218,1.0,9.780192444639074,0.10000000149011612
28.268,1.0,9.807646428110699,0.10000000149011612
28.319,1.0,9.890107757204937,0.10000000149011612
28.368,1.0,9.725507016169528,0.10000000149011612
28.419,1.0,9.780412914293509,0.10000000149011612
28.469,1.0,9.642978735268116,0.10000000149011612
28.518,1.0,9.67021936904639,0.10000000149011612
28.569,1.0,9.835065781263014,0.10000000149011612
28.619,1.0,9.862609399772353,0.10000000149011612
28.669,1.0,9.890131452617545,0.10000000149011612
28.719,1.0,9.890202096104622,0.10000000149011612
28.769,1.0,9.917500000012417,0.10000000149011612
28.818,1.0,9.780271394364537,0.10000000149011612
28.868,1.0,9.752908266935911,0.10000000149011612
28.919,1.0,9.697839149584373,0.10000000149011612
28.969,1.0,9.835192484843235,0.10000000149011612
29.019,1.0,9.80756801687595,0.10000000149011612
29.068,1.0,9.780283092396955,0.10000000149011612
29.118,1.0,9.75274557992816,0.10000000149011612
29.168,1.0,9.917753126575715,0.10000000149011612
29.218,1.0,9.752695173542532,0.10000000149011612
29.269,1.0,9.780145482242935,0.10000000149011612
29.318,1.0,9.725405667556657,0.10000000149011612
29.368,1.0,9.725270211282703,0.10000000149011612
29.418,1.0,9.78041973258886,0.10000000149011612
29.469,1.0,9.807590320292446,0.10000000149011612
29.519,1.0,9.807628228556778,0.10000000149011612
29.569,1.0,9.67038357264052,0.10000000149011612
29.618,1.0,9.89035073382159,0.12365582585334778
29.669,1.0,9.890076409714917,0.10000000149011612
29.719,1.0,9.78029589023855,0.10000000149011612
29.768,1.0,9.69783336424993,0.10000000149011612
29.819,1.0,9.89016942474991,0.10000000149011612
29.869,1.0,9.91762119581302,0.10000000149011612
29.919,1.0,9.862753531585136,0.10000000149011612
29.969,1.0,9.615568486063017,0.10000000149011612
30.018,1.0,9.890193645242189,0.10000000149011612
30.068,1.0,9.780320639929009,0.10000000149011612
30.118,1.0,9.587917712144554,0.10000000149011612
30.168,1.0,9.698003943140309,0.10000000149011612
30.219,1.0,9.807749190926552,0.10000000149011612
30.269,1.0,9.780480493770705,0.10000000149011612
30.319,1.0,9.725062963449293,0.10000000149011612
30.369,1.0,9.78022395964298,0.10000000149011612
30.418,1.0,9.752682461092869,0.10000000149011612
30.469,1.0,9.69776742603216,0.10000000149011612
30.52,1.0,9.780078643746673,0.10000000149011612
30.568,1.0,9.862500000020695,0.10000000149011612
30.619,1.0,9.862758646429413,0.10000000149011612
30.669,1.0,9.807861333505976,0.10000000149011612
30.718,1.0,9.835117202397022,0.10000000149011612
30.769,1.0,9.725471967914038,0.10000000149011612
30.818,1.0,9.75256735396882,0.10000000149011612
30.869,1.0,9.7527773472377,0.10000000149011612
30.918,1.0,9.780426836945116,0.10000000149011612
30.969,1.0,9.697783621338507,0.10000000149011612
31.019,1.0,9.752881955562366,0.10000000149011612
31.068,1.0,9.835144969986544,0.10000000149011612
31.118,1.0,9.807699370777442,0.10000000149011612
31.169,1.0,9.78050753492862,0.10000000149011612
31.219,1.0,9.890107295848429,0.10000000149011612
31.268,1.0,9.752993144653738,0.10000000149011612
31.319,1.0,9.890136809378035,0.10000000149011612
31.368,1.0,9.86260944240623,0.10000000149011612
31.418,1.0,9.835149760006203,0.10000000149011612
31.468,1.0,9.807855353628595,0.10000000149011612
31.518,1.0,9.835281135969693,0.10000000149011612
31.569,1.0,9.780346020352509,0.10000000149011612
31.619,1.0,9.807694524919821,0.10000000149011612
31.669,1.0,9.890088633220229,0.10000000149011612
31.718,1.0,9.835027801535196,0.10000000149011612
31.769,1.0,9.75293048179398,0.10000000149011612
31.819,1.0,9.725435979209012,0.10000000149011612
31.869,1.0,9.75256034858111,0.10000000149011612
31.918,1.0,9.862652531473174,0.10000000149011612
31.968,1.0,9.807666411002478,0.10000000149011612
32.019,1.0,9.725265277860066,0.10000000149011612
32.069,1.0,9.807772088651028,0.10000000149011612
32.119,1.0,9.862669779608646,0.10000000149011612
32.168,1.0,9.587898515868519,0.10000000149011612
32.219,1.0,9.807818881091144,0.10000000149011612
32.268,1.0,9.80794257418149,0.10000000149011612
32.318,1.0,9.807711445105573,0.10000000149011612
32.369,1.0,9.752857100218534,0.10000000149011612
32.418,1.0,9.890140791796147,0.10000000149011612
32.468,1.0,9.8077787976712,0.10000000149011612
32.519,1.0,9.752833919661741,0.10000000149011612
32.568,1.0,9.752781547792257,0.10000000149011612
32.619,1.0,9.890177406101591,0.10000000149011612
32.669,1.0,9.917500000012417,0.10000000149011612
32.719,1.0,9.917527448385954,0.10000000149011612
32.768,1.0,9.753094010468986,0.10000000149011612
32.818,1.0,9.752748058487972,0.10000000149011612
32.868,1.0,9.725167518046995,0.10000000149011612
32.919,1.0,9.807717479765415,0.10000000149011612
32.969,1.0,9.780292084606158,0.10000000149011612
33.019,1.0,9.725040981007947,0.10000000149011612
33.069,1.0,9.97255099815213,0.11835933476686478
33.119,1.0,9.752895873060657,0.10000000149011612
33.168,1.0,9.725212685453394,0.10000000149011612
33.219,1.0,9.780272607236272,0.10000000149011612
33.269,1.0,9.83530405751533,0.10000000149011612
33.318,1.0,9.83534572414226,0.10000000149011612
33.368,1.0,9.807587824596299,0.10000000149011612
33.419,1.0,9.780116444908911,0.10000000149011612
33.469,1.0,9.945146994830834,0.11028210818767548
33.519,1.0,9.835078712614875,0.10000000149011612
33.569,1.0,9.725416360091831,0.10000000149011612
33.619,1.0,9.835246582577627,0.10000000149011612
33.668,1.0,9.752745592987372,0.10000000149011612
33.718,1.0,9.697932723123166,0.10000000149011612
33.769,1.0,9.725215184523,0.10000000149011612
33.819,1.0,9.697830094893773,0.10000000149011612
33.868,1.0,9.780215031012064,0.10000000149011612
33.919,1.0,9.807819946586259,0.10000000149011612
33.969,1.0,9.94505803508477,0.10000000149011612
34.018,1.0,9.890000000016556,0.10000000149011612
34.069,1.0,9.643117260663873,0.10000000149011612
34.118,1.0,9.890101177597211,0.10000000149011612
34.169,1.0,9.752920115325185,0.10000000149011612
34.218,1.0,9.835121010450854,0.10000000149011612
34.269,1.0,9.807829524762928,0.10000000149011612
34.319,1.0,9.725612804790337,0.10000000149011612
34.369,1.0,9.615511458925903,0.10000000149011612
34.418,1.0,9.835184372050895,0.10000000149011612
34.469,1.0,9.835399585279326,0.10000000149011612
34.518,1.0,9.752941960427496,0.10000000149011612
34.569,1.0,9.86267736988763,0.10377448052167892
34.619,1.0,9.86261644475162,0.10000000149011612
34.668,1.0,9.72523958629204,0.10000000149011612
34.719,1.0,9.80785300731659,0.10000000149011612
34.768,1.0,9.835352652230197,0.10000000149011612
34.818,1.0,9.807696377879216,0.10000000149011612
34.869,1.0,9.725412008311185,0.10000000149011612
34.918,1.0,9.725373263864054,0.10000000149011612
34.968,1.0,9.890215587409006,0.10000000149011612
35.019,1.0,9.807800797849065,0.10000000149011612
35.069,1.0,9.862713967491356,0.10000000149011612
35.119,1.0,9.835220538824796,0.10000000149011612
35.169,1.0,9.807811934666502,0.10000000149011612
35.219,1.0,9.780253488591148,0.10000000149011612
35.269,1.0,9.89010208511932,0.10000000149011612
35.318,1.0,9.670260812031726,0.10000000149011612
35.368,1.0,9.890000000016556,0.10000000149011612
35.418,1.0,9.725567517657247,0.10000000149011612
35.469,1.0,9.780134356228842,0.10000000149011612
35.518,1.0,9.807500000028975,0.10000000149011612
35.569,1.0,9.83537919152942,0.10000000149011612
35.618,1.0,9.890130798539353,0.10000000149011612
35.669,1.0,9.862633774615825,0.10000000149011612
35.719,1.0,9.807683295280569,0.10000000149011612
35.769,1.0,9.780151997320354,0.10000000149011612
35.82,1.0,9.725172509729035,0.10000000149011612
35.869,1.0,9.75288040306833,0.10000000149011612
35.918,1.0,9.780049678083095,0.10000000149011612
35.968,1.0,9.780388907281061,0.10000000149011612
36.018,1.0,9.780267977528274,0.10000000149011612
36.068,1.0,9.89030455948992,0.10588739067316055
36.119,1.0,9.835035834213098,0.10000000149011612
36.169,1.0,9.862628037855028,0.10000000149011612
36.219,1.0,9.835265673531426,0.10000000149011612
36.269,1.0,9.780345953669812,0.10000000149011612
36.318,1.0,9.780148461792205,0.10000000149011612
36.368,1.0,9.835322836558852,0.10000000149011612
36.419,1.0,9.75295319205357,0.10000000149011612
36.468,1.0,9.917690221447911,0.10000000149011612
36.519,1.0,9.7801161882778,0.10000000149011612
36.568,1.0,9.725423936194016,0.10000000149011612
36.618,1.0,9.89003315454142,0.10000000149011612
36.668,1.0,9.835053643253115,0.10000000149011612
36.718,1.0,9.86261989472227,0.10000000149011612
36.768,1.0,9.89014610612972,0.10000000149011612
36.818,1.0,9.807864576288395,0.10000000149011612
36.868,1.0,9.862655327179366,0.10000000149011612
36.919,1.0,9.890190337639716,0.10000000149011612
36.968,1.0,9.86273492783722,0.10000000149011612
37.018,1.0,9.807835964196258,0.10000000149011612
37.068,1.0,9.835142742469907,0.10000000149011612
37.118,1.0,9.89004551809695,0.10000000149011612
37.169,1.0,9.862706521381106,0.10000000149011612
37.218,1.0,9.75320161961847,0.10000000149011612
37.269,1.0,9.752561432330145,0.10000000149011612
37.319,1.0,9.807788547873496,0.10000000149011612
37.369,1.0,9.697822936438024,0.10000000149011612
37.418,1.0,9.890090125240386,0.10000000149011612
37.468,1.0,9.835309439545703,0.10000000149011612
37.518,1.0,9.697730312372247,0.10000000149011612
37.569,1.0,9.890261708862251,0.10000000149011612
37.619,1.0,9.890017641956607,0.10000000149011612
37.669,1.0,9.69776841101961,0.10000000149011612
37.719,1.0,9.890051839500666,0.10000000149011612
37.769,1.0,9.835196551846133,0.10000000149011612
37.818,1.0,9.752611093016135,0.10000000149011612
37.868,1.0,9.72546420360191,0.10000000149011612
37.918,1.0,9.917549716515673,0.10000000149011612
37.968,1.0,9.835243929550051,0.10000000149011612
38.018,1.0,9.807751379865739,0.10000000149011612
38.068,1.0,9.83526253145602,0.10000000149011612
38.118,1.0,9.725258452590142,0.10000000149011612
38.169,1.0,9.725227776583697,0.10000000149011612
38.219,1.0,9.835167868932087,0.10000000149011612
38.269,1.0,9.752685267995629,0.10000000149011612
38.319,1.0,9.69798593732218,0.10000000149011612
38.368,1.0,9.780525417667295,0.10000000149011612
38.419,1.0,9.670310069682698,0.10000000149011612
38.469,1.0,9.725402552758654,0.10000000149011612
38.518,1.0,9.835215025270978,0.10000000149011612
38.569,1.0,9.75268383630448,0.10000000149011612
38.619,1.0,9.890256534951428,0.10000000149011612
38.669,1.0,9.807706558311152,0.10000000149011612
38.718,1.0,9.862667960528698,0.10000000149011612
38.768,1.0,9.69783443113168,0.10000000149011612
38.819,1.0,9.807544786607226,0.10000000149011612
38.869,1.0,9.86265513199485,0.10000000149011612
38.918,1.0,9.753112304852241,0.10000000149011612
38.969,1.0,9.780387948039506,0.10000000149011612
39.019,1.0,9.862665557261142,0.10000000149011612
39.068,1.0,9.752732933767968,0.10000000149011612
39.118,1.0,9.780258809154232,0.10000000149011612
39.168,1.0,9.807813218111793,0.10000000149011612
39.219,1.0,9.862696104103492,0.10000000149011612
39.269,1.0,9.80771139934659,0.10000000149011612
39.319,1.0,9.752673469690812,0.10000000149011612
39.368,1.0,9.890101826253037,0.10000000149011612
39.418,1.0,9.752661306473117,0.10000000149011612
39.469,1.0,9.752638588576682,0.10000000149011612
39.518,1.0,9.780219657864007,0.10000000149011612
39.569,1.0,9.807637180636327,0.10000000149011612
39.618,1.0,9.807660525064502,0.10000000149011612
39.668,1.0,9.890212605024377,0.10000000149011612
39.719,1.0,9.835000000024836,0.10000000149011612
39.769,1.0,9.752976105444962,0.10000000149011612
39.819,1.0,9.835200604279008,0.10000000149011612
39.868,1.0,9.807651279390686,0.10000000149011612
39.918,1.0,9.890095397954186,0.10000000149011612
39.969,1.0,9.862628066105147,0.10000000149011612
40.019,1.0,9.698107182296614,0.10000000149011612
40.069,1.0,9.890291739855375,0.10000000149011612
40.118,1.0,9.8901339535291,0.10000000149011612
40.168,1.0,9.807928435111211,0.10000000149011612
40.219,1.0,9.862881337996159,0.10000000149011612
40.269,1.0,9.752586707327929,0.10000000149011612
40.319,1.0,9.890130976649623,0.10000000149011612
40.368,1.0,9.862693564862841,0.10000000149011612
40.418,1.0,9.780395527825588,0.10000000149011612
40.469,1.0,9.587950867662828,0.10000000149011612
40.518,1.0,9.890044001821014,0.10000000149011612
40.568,1.0,9.752679834266504,0.10000000149011612
40.619,1.0,9.80778034519818,0.10000000149011612
40.668,1.0,9.807692596212858,0.10000000149011612
40.719,1.0,9.807816037308012,0.10000000149011612
40.769,1.0,9.67055861680872,0.10000000149011612
40.818,1.0,9.835121094269885,0.10000000149011612
40.869,1.0,9.752972546261217,0.10000000149011612
40.918,1.0,9.917500000012417,0.10000000149011612
40.968,1.0,9.83538307239198,0.10000000149011612
41.018,1.0,9.890119177579052,0.10000000149011612
41.069,1.0,9.75260980727358,0.10000000149011612
41.119,1.0,9.780292066310842,0.10000000149011612
41.168,1.0,9.917500197452803,0.10000000149011612
41.218,1.0,9.86272769725571,0.10000000149011612
41.269,1.0,9.725417448580265,0.10000000149011612
41.318,1.0,9.807682788289256,0.10000000149011612
41.369,1.0,9.835089049798746,0.10000000149011612
41.419,1.0,9.752760640304121,0.10000000149011612
41.469,1.0,9.780104278607501,0.10000000149011612
41.519,1.0,9.780216096486482,0.10000000149011612
41.569,1.0,9.807604975957009,0.10000000149011612
41.619,1.0,9.80756411589682,0.10000000149011612
41.669,1.0,9.61525293464462,0.10000000149011612
41.719,1.0,9.560583105497063,0.10000000149011612
41.768,1.0,9.697814466431737,0.10000000149011612
41.818,1.0,9.890071315628786,0.10000000149011612
41.869,1.0,9.752799699828028,0.10000000149011612
41.918,1.0,9.890000000016556,0.10000000149011612
41.968,1.0,9.890000000016556,0.10000000149011612
42.019,1.0,9.917522821202875,0.10000000149011612
42.069,1.0,9.945140093564987,0.11704546213150024
42.119,1.0,9.835107315538657,0.10000000149011612
42.169,1.0,9.80786385215405,0.10000000149011612
42.219,1.0,9.780209540285998,0.10000000149011612
42.269,1.0,9.835200934753649,0.10000000149011612
42.319,1.0,9.835174994294842,0.10000000149011612
42.369,1.0,9.890237482802736,0.10000000149011612
42.418,1.0,9.807847717052532,0.10000000149011612
42.469,1.0,9.697796033405595,0.10000000149011612
42.52,1.0,9.670481212644113,0.10000000149011612
42.569,1.0,9.835212980190086,0.10000000149011612
42.618,1.0,9.780248246755864,0.10000000149011612
42.668,1.0,9.752888654275901,0.10000000149011612
42.718,1.0,9.807557339573073,0.10000000149011612
42.769,1.0,9.890189951327113,0.10000000149011612
42.818,1.0,9.752542831934988,0.10000000149011612
42.868,1.0,9.86252939156774,0.10000000149011612
42.919,1.0,9.835192858965861,0.10000000149011612
42.969,1.0,9.725454671701623,0.10000000149011612
43.019,1.0,9.615414487218692,0.10000000149011612
43.069,1.0,9.725092417891656,0.10000000149011612
43.119,1.0,9.862535255878337,0.10000000149011612
43.168,1.0,9.780416965608795,0.10000000149011612
43.219,1.0,9.670271147311562,0.10000000149011612
43.269,1.0,9.917532166569597,0.10000000149011612
43.319,1.0,9.862515304030644,0.10000000149011612
43.369,1.0,9.780262688754334,0.10000000149011612
43.418,1.0,9.725342059135437,0.10000000149011612
43.468,1.0,9.807916214606829,0.10000000149011612
43.518,1.0,9.835009977863066,0.10000000149011612
43.568,1.0,9.835130083478159,0.10000000149011612
43.618,1.0,9.835167689600752,0.10000000149011612
43.669,1.0,9.752634635546968,0.10000000149011612
43.719,1.0,9.752616896935635,0.10000000149011612
43.769,1.0,9.835134983269704,0.10000000149011612
43.819,1.0,9.890101778445144,0.10000000149011612
43.868,1.0,9.862718673029708,0.10000000149011612
43.918,1.0,9.890236165188252,0.10000000149011612
43.969,1.0,9.807959022166001,0.10000000149011612
44.019,1.0,9.862813480198383,0.10000000149011612
44.069,1.0,9.835359347508186,0.10000000149011612
44.118,1.0,9.780201231812438,0.10000000149011612
44.169,1.0,9.697740331768161,0.10000000149011612
44.219,1.0,9.862574448519283,0.10000000149011612
44.268,1.0,9.862588536201251,0.10000000149011612
44.319,1.0,9.725588504349192,0.10000000149011612
44.369,1.0,9.752724088542163,0.10000000149011612
44.418,1.0,9.83501715440717,0.10000000149011612
44.469,1.0,9.917584558121032,0.10000000149011612
44.518,1.0,9.890110958595242,0.10000000149011612
44.569,1.0,9.807948024902078,0.10000000149011612
44.619,1.0,9.862617013582753,0.10000000149011612
44.669,1.0,9.890163739066985,0.10000000149011612
44.719,1.0,9.835361816878947,0.10000000149011612
44.769,1.0,9.752668132281137,0.10000000149011612
44.819,1.0,9.807803796749148,0.10000000149011612
44.868,1.0,9.780379524764916,0.10000000149011612
44.919,1.0,9.78031554983722,0.10000000149011612
44.969,1.0,9.807812848356035,0.10000000149011612
45.019,1.0,9.752759169186984,0.10000000149011612
45.069,1.0,9.725321993852655,0.10000000149011612
45.119,1.0,9.917629160504374,0.10000000149011612
45.168,1.0,9.780195948357383,0.10000000149011612
45.218,1.0,9.697894054485692,0.10000000149011612
45.269,1.0,9.697916920876338,0.10000000149011612
45.319,1.0,9.64282389904062,0.10000000149011612
45.369,1.0,9.80786462513109,0.10000000149011612
45.418,1.0,9.780070853626562,0.10000000149011612
45.468,1.0,9.698121455829178,0.10000000149011612
45.518,1.0,9.862907679813604,0.10000000149011612
45.569,1.0,9.697602379984327,0.10000000149011612
45.619,1.0,9.780198051697678,0.10000000149011612
45.669,1.0,9.69789965076165,0.10000000149011612
45.719,1.0,9.780200995546249,0.10000000149011612
45.769,1.0,9.725337441782985,0.10000000149011612
45.818,1.0,9.862638809345663,0.10000000149011612
45.869,1.0,9.752686077252859,0.10000000149011612
45.919,1.0,9.752599918304218,0.10000000149011612
45.968,1.0,9.890377291271257,0.12422192096710205
46.018,1.0,9.8077468291132,0.10000000149011612
46.068,1.0,9.835278712026774,0.10000000149011612
46.119,1.0,9.917500000012417,0.10000000149011612
46.169,1.0,9.752726558016406,0.10000000149011612
46.218,1.0,9.917551504385967,0.10000000149011612
46.268,1.0,9.780423656354348,0.10000000149011612
46.318,1.0,9.807638499616749,0.10000000149011612
46.369,1.0,9.807627001508243,0.10000000149011612
46.419,1.0,9.807605743739341,0.10000000149011612
46.469,1.0,9.697703799874418,0.10000000149011612
46.519,1.0,9.808047263820965,0.10000000149011612
46.569,1.0,9.752856795489787,0.10000000149011612
46.619,1.0,9.807775966181524,0.10000000149011612
46.668,1.0,9.917508614146048,0.10000000149011612
46.719,1.0,9.862741520566244,0.10000000149011612
46.768,1.0,9.807644699141383,0.10000000149011612
46.819,1.0,9.697773939536678,0.10000000149011612
46.868,1.0,9.780183555392755,0.10000000149011612
46.92,1.0,9.78021406220893,0.10000000149011612
46.969,1.0,9.780357192767163,0.10000000149011612
47.02,1.0,9.862831846914357,0.10000000149011612
47.069,1.0,9.91756708526777,0.10000000149011612
47.119,1.0,9.890093003378974,0.10000000149011612
47.169,1.0,9.69794904390971,0.10000000149011612
47.219,1.0,9.752827491011058,0.10000000149011612
47.268,1.0,9.588143721119398,0.10000000149011612
47.318,1.0,9.75271232072264,0.10000000149011612
47.368,1.0,9.835270179414914,0.10000000149011612
47.419,1.0,9.780225852049059,0.10000000149011612
47.468,1.0,9.835319309453997,0.10000000149011612
47.519,1.0,9.808003102242946,0.10000000149011612
47.569,1.0,9.780521132527953,0.10000000149011612
47.618,1.0,9.7528688305575,0.10000000149011612
47.669,1.0,9.780604038594497,0.10000000149011612
47.718,1.0,9.917523216890793,0.10000000149011612
47.768,1.0,9.725380524082317,0.10000000149011612
47.819,1.0,9.835124252322647,0.10000000149011612
47.868,1.0,9.890217894067368,0.10000000149011612
47.918,1.0,9.780389181586603,0.10000000149011612
47.969,1.0,9.697699382694232,0.10000000149011612
48.018,1.0,9.807701041549445,0.10000000149011612
48.068,1.0,9.725507709756494,0.10000000149011612
48.119,1.0,9.835074407358965,0.10000000149011612
48.168,1.0,9.698058439066841,0.10000000149011612
48.218,1.0,9.862781152522398,0.10000000149011612
48.268,1.0,9.725148198070626,0.10000000149011612
48.319,1.0,9.835112290456891,0.10000000149011612
48.369,1.0,9.862649459391832,0.10000000149011612
48.419,1.0,9.780210600462224,0.10000000149011612
48.469,1.0,9.80776434470382,0.10000000149011612
48.519,1.0,9.862615806609393,0.10000000149011612
48.569,1.0,9.807848215434287,0.10000000149011612
48.619,1.0,9.72545069259488,0.10000000149011612
48.668,1.0,9.835182838100526,0.10000000149011612
48.718,1.0,9.862717794668344,0.10000000149011612
48.768,1.0,9.862582217488024,0.10000000149011612
48.819,1.0,9.725292604126864,0.10000000149011612
48.869,1.0,9.615279420568712,0.10000000149011612
48.919,1.0,9.835249264082975,0.10000000149011612
48.968,1.0,9.862582886901995,0.10000000149011612
49.019,1.0,9.808059865463939,0.10000000149011612
49.069,1.0,9.835302827734914,0.10000000149011612
49.118,1.0,9.752665119700962,0.10000000149011612
49.168,1.0,9.86270871301078,0.10000000149011612
49.218,1.0,9.69795793828865,0.10000000149011612
49.269,1.0,9.725232139871352,0.10000000149011612
49.319,1.0,9.862809696400332,0.10000000149011612
49.368,1.0,9.780435128054686,0.10000000149011612
49.419,1.0,9.69782171913733,0.10000000149011612
49.468,1.0,9.89018295728084,0.10003960877656937
49.518,1.0,9.917645063582395,0.10000000149011612
49.568,1.0,9.752727449230022,0.10000000149011612
49.619,1.0,9.835195240399075,0.10000000149011612
49.669,1.0,9.697832958234681,0.10000000149011612
49.719,1.0,9.890023677051067,0.10000000149011612
49.769,1.0,9.725443185617527,0.10000000149011612
49.818,1.0,9.890114992546538,0.10000000149011612
49.869,1.0,9.890076128289932,0.10000000149011612
49.919,1.0,9.807670573600465,0.10000000149011612
49.969,1.0,9.698128382426997,0.10000000149011612
50.019,1.0,9.835386600490246,0.10000000149011612
50.069,1.0,9.890005839636757,0.10000000149011612
50.119,1.0,9.807719269291395,0.10000000149011612
50.169,1.0,9.72502859921919,0.10000000149011612
50.219,1.0,9.862687010048992,0.10000000149011612
50.269,1.0,9.862553212398456,0.10000000149011612
50.319,1.0,9.862825769848294,0.10000000149011612
50.369,1.0,9.697760105402105,0.10000000149011612
50.419,1.0,9.835309459662271,0.10000000149011612
50.469,1.0,9.752795421166553,0.10000000149011612
50.519,1.0,9.862605744724473,0.10000000149011612
50.569,1.0,9.807508462791642,0.10000000149011612
50.618,1.0,9.835224581509829,0.10000000149011612
50.668,1.0,9.83510758854035,0.10000000149011612
50.719,1.0,9.780268960052894,0.10000000149011612
50.768,1.0,9.807790323077805,0.10000000149011612
50.818,1.0,9.780285158132513,0.10000000149011612
50.868,1.0,9.807696097571817,0.10000000149011612
50.918,1.0,9.835280945814318,0.10000000149011612
50.968,1.0,9.945000513643027,0.10000000149011612
51.018,1.0,9.917638061361181,0.10000000149011612
51.069,1.0,9.890037153061066,0.10000000149011612
51.118,1.0,9.780169995087716,0.10000000149011612
51.168,1.0,9.917675431672897,0.10000000149011612
51.219,1.0,9.807755753501421,0.10000000149011612
51.269,1.0,9.670254815845853,0.10000000149011612
51.318,1.0,9.80776137177729,0.10000000149011612
51.368,1.0,9.725189976414873,0.10000000149011612
51.419,1.0,9.642874935227963,0.10000000149011612
51.469,1.0,9.780207950332098,0.10000000149011612
51.519,1.0,9.807921195009516,0.10000000149011612
51.569,1.0,9.725427779948546,0.10000000149011612
51.619,1.0,9.752865925824477,0.10000000149011612
51.668,1.0,9.89001528494474,0.10000000149011612
51.719,1.0,9.835000000024836,0.10000000149011612
51.768,1.0,9.807947218935523,0.10000000149011612
51.818,1.0,9.91761808068388,0.10000000149011612
51.868,1.0,9.752619290310475,0.10000000149011612
51.918,1.0,9.917721521999272,0.10000000149011612
51.968,1.0,9.725231268298295,0.10000000149011612
52.018,1.0,9.670312797071205,0.10000000149011612
52.069,1.0,9.670430453639064,0.10000000149011612
52.119,1.0,9.64306769662847,0.10000000149011612
52.169,1.0,9.890262386968566,0.10000000149011612
52.218,1.0,9.890135701083475,0.10000000149011612
52.268,1.0,9.862749832682312,0.10000000149011612
52.319,1.0,9.780305494181812,0.10000000149011612
52.368,1.0,9.697878203727305,0.10000000149011612
52.419,1.0,9.75272754834344,0.10000000149011612
52.468,1.0,9.835208643600344,0.10000000149011612
52.518,1.0,9.835297734021312,0.10000000149011612
52.568,1.0,9.890002739222513,0.10000000149011612
52.619,1.0,9.807804674241279,0.10000000149011612
52.669,1.0,9.835242694843974,0.10000000149011612
52.719,1.0,9.80769956641727,0.10000000149011612
52.768,1.0,9.807823817287055,0.10000000149011612
52.818,1.0,9.8351273269703,0.10000000149011612
52.869,1.0,9.80779073488795,0.10000000149011612
52.918,1.0,9.807548755324548,0.10000000149011612
52.968,1.0,9.780261436084078,0.10000000149011612
53.018,1.0,9.835171715232233,0.10000000149011612
53.068,1.0,9.752971211903626,0.10000000149011612
53.118,1.0,9.835216244537797,0.10000000149011612
53.169,1.0,9.862758196248777,0.10000000149011612
53.218,1.0,9.532892714006206,0.10000000149011612
53.269,1.0,9.67048093529625,0.10000000149011612
53.318,1.0,9.752862750821643,0.10000000149011612
53.369,1.0,9.780115956875186,0.10000000149011612
53.418,1.0,9.945053445465035,0.10000000149011612
53.468,1.0,9.890135712569787,0.10000000149011612
53.518,1.0,9.725490453280509,0.10000000149011612
53.569,1.0,9.752827127402027,0.10000000149011612
53.619,1.0,9.835382140862444,0.10000000149011612
53.669,1.0,9.75286876404037,0.10000000149011612
53.719,1.0,9.835192239594956,0.10000000149011612
53.769,1.0,9.807714557813274,0.10000000149011612
53.819,1.0,9.75282986006803,0.10000000149011612
53.868,1.0,9.807714292572605,0.10000000149011612
53.918,1.0,9.780032736787366,0.10000000149011612
53.968,1.0,9.835140183071296,0.10000000149011612
54.019,1.0,9.725199237279593,0.10000000149011612
54.068,1.0,9.83513356683155,0.10000000149011612
54.119,1.0,9.835334916537006,0.10000000149011612
54.169,1.0,9.8351646091789,0.10000000149011612
54.218,1.0,9.80753974272973,0.10000000149011612
54.268,1.0,9.86276479218569,0.10000000149011612
54.318,1.0,9.835178710354699,0.10000000149011612
54.368,1.0,9.807802965326442,0.10000000149011612
54.419,1.0,9.69778048247099,0.10000000149011612
54.469,1.0,9.835099396130277,0.10000000149011612
54.518,1.0,9.835357175539766,0.10000000149011612
54.569,1.0,9.670223577589624,0.10000000149011612
54.619,1.0,9.835308085920083,0.10000000149011612
54.668,1.0,9.807805630688867,0.10000000149011612
54.719,1.0,9.807778746138016,0.10000000149011612
54.768,1.0,9.725235580363208,0.10000000149011612
54.819,1.0,9.83504043807172,0.10000000149011612
54.868,1.0,9.780258003022109,0.10000000149011612
54.918,1.0,9.835126817288499,0.10000000149011612
54.968,1.0,9.670246379512053,0.10000000149011612
55.018,1.0,9.780294032208621,0.10000000149011612
55.068,1.0,9.780616890908115,0.10000000149011612
55.118,1.0,9.752771732521554,0.10000000149011612
55.168,1.0,9.890000000016556,0.10000000149011612
55.219,1.0,9.890118728412522,0.10000000149011612
55.269,1.0,9.862721157011887,0.10000000149011612
55.319,1.0,9.835204890991252,0.10000000149011612
55.369,1.0,9.807861501682137,0.10000000149011612
55.419,1.0,9.780249046389427,0.10000000149011612
55.468,1.0,9.780242201127113,0.10000000149011612
55.519,1.0,9.80781925982899,0.10000000149011612
55.569,1.0,9.835365015702942,0.10000000149011612
55.619,1.0,9.8078548444435,0.10000000149011612
55.669,1.0,9.780063137639727,0.10000000149011612
55.719,1.0,9.807792931484679,0.10000000149011612
55.768,1.0,9.807700123493042,0.10000000149011612
55.818,1.0,9.752674608429272,0.10000000149011612
55.869,1.0,9.835229155793787,0.10000000149011612
55.919,1.0,9.752753046424024,0.10000000149011612
55.968,1.0,9.643177889308168,0.10000000149011612
56.019,1.0,9.807853747076459,0.10000000149011612
56.068,1.0,9.697877975718843,0.10000000149011612
56.119,1.0,9.890225332602858,0.10000000149011612
56.168,1.0,9.725302669157584,0.10000000149011612
56.22,1.0,9.890014043450355,0.10000000149011612
56.269,1.0,9.835210023799704,0.10000000149011612
56.319,1.0,9.588289493653509,0.10000000149011612
56.368,1.0,9.752819599894186,0.10000000149011612
56.419,1.0,9.752645005803142,0.10000000149011612
56.468,1.0,9.835000000024836,0.10000000149011612
56.518,1.0,9.752747590922647,0.10000000149011612
56.569,1.0,9.807656596745883,0.10000000149011612
56.619,1.0,9.807812582349612,0.10000000149011612
56.669,1.0,9.835158312900198,0.10000000149011612
56.719,1.0,9.890185133057336,0.10000000149011612
56.769,1.0,9.807722760964598,0.10000000149011612
56.818,1.0,9.862634758237336,0.10000000149011612
56.869,1.0,9.752782577917808,0.10000000149011612
56.918,1.0,9.698124820387198,0.10000000149011612
56.968,1.0,9.752518586959276,0.10000000149011612
57.019,1.0,9.89015779224121,0.10000000149011612
57.068,1.0,9.835396450592413,0.10000000149011612
57.119,1.0,9.80776509506007,0.10000000149011612
57.169,1.0,9.835101905796263,0.10000000149011612
57.218,1.0,9.8352907365188,0.10000000149011612
57.269,1.0,9.890107039631241,0.10000000149011612
57.319,1.0,9.697922121671338,0.10000000149011612
57.368,1.0,9.697771570769449,0.10000000149011612
57.419,1.0,9.780225534819895,0.10000000149011612
57.468,1.0,9.752759882724947,0.10000000149011612
57.519,1.0,9.835259683388802,0.10000000149011612
57.569,1.0,9.8628009657479,0.10000000149011612
57.619,1.0,9.862695998056894,0.10000000149011612
57.669,1.0,9.862688114721742,0.10000000149011612
57.718,1.0,9.890090167108509,0.10000000149011612
57.769,1.0,9.862640336176588,0.10000000149011612
57.818,1.0,9.862832007184625,0.10000000149011612
57.869,1.0,9.80803546797898,0.11569718271493912
57.918,1.0,9.752528799635668,0.10000000149011612
57.968,1.0,9.807746105103028,0.10000000149011612
58.018,1.0,9.807726117678815,0.10000000149011612
58.068,1.0,9.725303414174252,0.10000000149011612
58.119,1.0,9.697766428192457,0.10000000149011612
58.168,1.0,9.862725871408152,0.10000000149011612
58.219,1.0,9.835368356667459,0.10000000149011612
58.268,1.0,9.835000000024836,0.10000000149011612
58.319,1.0,9.780284059689277,0.10000000149011612
58.369,1.0,9.835329318191443,0.10000000149011612
58.419,1.0,9.862805768392152,0.10000000149011612
58.468,1.0,9.780304361527993,0.10000000149011612
58.518,1.0,9.89010359208203,0.10000000149011612
58.568,1.0,9.75279791355133,0.10000000149011612
58.619,1.0,9.862580505054858,0.10000000149011612
58.669,1.0,9.917589251945417,0.10000000149011612
58.718,1.0,9.80777729522023,0.10000000149011612
58.769,1.0,9.780155831451218,0.10000000149011612
58.818,1.0,9.835272249082724,0.10000000149011612
58.869,1.0,9.807709129133986,0.10000000149011612
58.919,1.0,9.807809985739489,0.10000000149011612
58.969,1.0,9.780330254882575,0.10000000149011612
59.018,1.0,9.917601117574506,0.10000000149011612
59.069,1.0,9.86251222141501,0.10000000149011612
59.119,1.0,9.807855528386103,0.10000000149011612
59.168,1.0,9.69770596228126,0.10000000149011612
59.218,1.0,9.835239828398658,0.10000000149011612
59.268,1.0,9.725378393837147,0.10000000149011612
59.319,1.0,9.862761115344862,0.10000000149011612
59.369,1.0,9.835164224252933,0.10000000149011612
59.418,1.0,9.890105793749292,0.10000000149011612
59.469,1.0,9.725181987467739,0.10000000149011612
59.518,1.0,9.670471797407501,0.10000000149011612
59.569,1.0,9.752833278311623,0.10000000149011612
59.619,1.0,9.807871398557392,0.10000000149011612
59.668,1.0,9.752785808820692,0.10000000149011612
59.719,1.0,9.80800593847202,0.10000000149011612
59.769,1.0,9.86253250727637,0.10000000149011612
59.819,1.0,9.807857517629033,0.10000000149011612
59.868,1.0,9.807825600273079,0.10000000149011612
59.918,1.0,9.890000000016556,0.10000000149011612
59.969,1.0,9.83513455239849,0.10000000149011612
60.019,1.0,9.917697145603597,0.11062607169151306
60.068,1.0,9.835271981627576,0.10000000149011612
60.119,1.0,9.80762952922119,0.10000000149011612
60.169,1.0,9.670536789629194,0.10000000149011612
60.218,1.0,9.752884439606634,0.10000000149011612
60.268,1.0,9.725394869761335,0.10000000149011612
60.318,1.0,9.835170097959539,0.10000000149011612
60.368,1.0,9.807881323144668,0.10000000149011612
60.419,1.0,9.697743213011158,0.10000000149011612
60.468,1.0,9.917538424395024,0.10000000149011612
60.519,1.0,9.862687499303785,0.10000000149011612
60.568,1.0,9.752830081288185,0.10000000149011612
60.618,1.0,9.917630470088787,0.10000000149011612
60.669,1.0,9.86272029524876,0.10000000149011612
60.718,1.0,9.72508232674251,0.10000000149011612
60.768,1.0,9.752953079425627,0.10000000149011612
60.818,1.0,9.835200092610386,0.10000000149011612
60.868,1.0,9.862573290885322,0.10000000149011612
60.918,1.0,9.835228387887279,0.10000000149011612
60.969,1.0,9.75284365411434,0.10000000149011612
61.019,1.0,9.835279097884065,0.10000000149011612
61.068,1.0,9.807676620884902,0.10000000149011612
61.118,1.0,9.725279852623741,0.10000000149011612
61.169,1.0,9.780362351797521,0.10000000149011612
61.218,1.0,9.862563096545637,0.10000000149011612
61.269,1.0,9.78029083855864,0.10000000149011612
61.318,1.0,9.945193284770681,0.12401851266622543
61.369,1.0,9.807628181059327,0.10000000149011612
61.418,1.0,9.8077942488922,0.10000000149011612
61.468,1.0,9.780245169045196,0.10000000149011612
61.519,1.0,9.752908621376587,0.10000000149011612
61.568,1.0,9.83505044511209,0.10000000149011612
61.618,1.0,9.917621052906744,0.10000000149011612
61.668,1.0,9.697935235976345,0.10000000149011612
61.719,1.0,9.780113633515107,0.10000000149011612
61.769,1.0,9.835139699156086,0.10000000149011612
61.818,1.0,9.807953575067222,0.10000000149011612
61.869,1.0,9.752792470736637,0.10000000149011612
61.919,1.0,9.64304014508509,0.10000000149011612
61.968,1.0,9.752875885139737,0.10000000149011612
62.018,1.0,9.642869207283688,0.10000000149011612
62.068,1.0,9.752737985427181,0.10000000149011612
62.119,1.0,9.752965507904689,0.10000000149011612
62.169,1.0,9.835152419759995,0.10000000149011612
62.22,1.0,9.807714956336552,0.10000000149011612
62.269,1.0,9.835228970419202,0.10000000149011612
62.319,1.0,9.725411087419424,0.10000000149011612
62.369,1.0,9.780223342341682,0.10000000149011612
62.419,1.0,9.91771186782668,0.10000000149011612
62.469,1.0,9.917532016150654,0.10285831242799759
62.519,1.0,9.835279041528702,0.10000000149011612
62.569,1.0,9.752906632071568,0.10000000149011612
62.62,1.0,9.75275741248495,0.10000000149011612
62.668,1.0,9.835388266191714,0.10000000149011612
62.719,1.0,9.862858649653694,0.10000000149011612
62.769,1.0,9.89002237978081,0.10000000149011612
62.818,1.0,9.698044831926625,0.10000000149011612
62.868,1.0,9.753041501984828,0.10000000149011612
62.918,1.0,9.917605542867548,0.10000000149011612
62.968,1.0,9.670304220769967,0.10000000149011612
63.018,1.0,9.862679736523164,0.10000000149011612
63.068,1.0,9.835374640694095,0.10000000149011612
63.119,1.0,9.752791160138116,0.10000000149011612
63.169,1.0,9.917502024190293,0.10000000149011612
63.218,1.0,9.780310489961671,0.10000000149011612
63.268,1.0,9.835154207816554,0.10000000149011612
63.318,1.0,9.862679691467848,0.10000000149011612
63.369,1.0,9.615393559158676,0.10000000149011612
63.418,1.0,9.807662306043008,0.10000000149011612
63.468,1.0,9.807658823807206,0.10000000149011612
63.519,1.0,9.890123223658238,0.10000000149011612
63.569,1.0,9.945000000008278,0.10000000149011612
63.62,1.0,9.890123910208542,0.10000000149011612
63.669,1.0,9.890089102730983,0.10000000149011612
63.719,1.0,9.83529033306986,0.10000000149011612
63.769,1.0,9.807685434611308,0.10000000149011612
63.819,1.0,9.862662481537296,0.10000000149011612
63.869,1.0,9.75272936667833,0.10000000149011612
63.919,1.0,9.807812996684676,0.10000000149011612
63.969,1.0,9.670568056818512,0.10000000149011612
64.019,1.0,9.862734080043932,0.10000000149011612
64.068,1.0,9.89025194456594,0.10000000149011612
64.119,1.0,9.75300926634421,0.10000000149011612
64.169,1.0,9.80764708167149,0.10000000149011612
64.218,1.0,9.72520392479168,0.10000000149011612
64.269,1.0,9.83535056228025,0.10000000149011612
64.319,1.0,9.69779771409101,0.10000000149011612
64.369,1.0,9.807575989059275,0.10000000149011612
64.418,1.0,9.752500000037253,0.10000000149011612
64.469,1.0,9.89009408151938,0.10000000149011612
64.519,1.0,9.807604754633374,0.10000000149011612
64.568,1.0,9.780241732713248,0.10000000149011612
64.619,1.0,9.890089040891164,0.10000000149011612
64.669,1.0,9.835253899151253,0.10000000149011612
64.719,1.0,9.807886069350772,0.10000000149011612
64.768,1.0,9.945068311091099,0.10000000149011612
64.819,1.0,9.835320064425469,0.10000000149011612
64.868,1.0,9.94509010201113,0.10000000149011612
64.918,1.0,9.752737075814771,0.10000000149011612
64.968,1.0,9.835427969611354,0.10000000149011612
65.018,1.0,9.780183575054009,0.10000000149011612
65.068,1.0,9.945168576513728,0.11545298993587494
65.118,1.0,9.725657807766563,0.10000000149011612
65.168,1.0,9.69797317093859,0.10000000149011612
65.218,1.0,9.917552591322197,0.10000000149011612
65.269,1.0,9.80776919103745,0.10000000149011612
65.319,1.0,9.725162097956572,0.10000000149011612
65.368,1.0,9.752911896755299,0.10000000149011612
65.419,1.0,9.890093183579545,0.10000000149011612
65.469,1.0,9.890268421090312,0.10000000149011612
65.519,1.0,9.807605569644107,0.10000000149011612
65.569,1.0,9.862582751777436,0.10000000149011612
65.619,1.0,9.890097659474446,0.10000000149011612
65.669,1.0,9.615545855586728,0.10000000149011612
65.718,1.0,9.780356205565234,0.10000000149011612
65.769,1.0,9.807844460507233,0.10000000149011612
65.819,1.0,9.780515148304403,0.10000000149011612
65.868,1.0,9.807999100536108,0.10000000149011612
65.918,1.0,9.698143448722032,0.10000000149011612
65.969,1.0,9.725621916974584,0.10000000149011612
66.018,1.0,9.67041309742878,0.10000000149011612
66.068,1.0,9.752754752938118,0.10000000149011612
66.119,1.0,9.862657826414539,0.10000000149011612
66.169,1.0,9.72516136041118,0.10000000149011612
66.218,1.0,9.835460807610717,0.10000000149011612
66.269,1.0,9.725360489574571,0.10000000149011612
66.318,1.0,9.807624710806541,0.10000000149011612
66.369,1.0,9.78028525273419,0.10000000149011612
66.418,1.0,9.725155620297624,0.10000000149011612
66.468,1.0,9.780326099755863,0.10000000149011612
66.519,1.0,9.945197336955204,0.1343560516834259
66.568,1.0,9.75276916761779,0.10000000149011612
66.619,1.0,9.780405799568527,0.10000000149011612
66.668,1.0,9.835269746722446,0.10000000149011612
66.719,1.0,9.862721982225775,0.10000000149011612
66.768,1.0,9.670517721813585,0.10000000149011612
66.819,1.0,9.780124662112858,0.10000000149011612
66.868,1.0,9.697878810991016,0.10000000149011612
66.919,1.0,9.862630592493547,0.10000000149011612
66.969,1.0,9.835094056299162,0.10000000149011612
67.019,1.0,9.862722270625333,0.10000000149011612
67.069,1.0,9.835075152934426,0.10000000149011612
67.118,1.0,9.807708717654977,0.10000000149011612
67.168,1.0,9.807581495369474,0.10000000149011612
67.219,1.0,9.670261668144828,0.10000000149011612
67.268,1.0,9.890056433673534,0.10000000149011612
67.319,1.0,9.752850069002145,0.10000000149011612
67.369,1.0,9.670597039577034,0.10000000149011612
67.419,1.0,9.807700648821063,0.10000000149011612
67.469,1.0,9.75294523127377,0.10000000149011612
67.519,1.0,9.725217847567466,0.10000000149011612
67.568,1.0,9.862500000020695,0.10000000149011612
67.619,1.0,9.835258736668361,0.10000000149011612
67.668,1.0,9.917621255231401,0.10000000149011612
67.718,1.0,9.752828560935127,0.10000000149011612
67.768,1.0,9.807560244740712,0.10000000149011612
67.818,1.0,9.670680805626843,0.10000000149011612
67.869,1.0,9.698049049079419,0.10000000149011612
67.919,1.0,9.862508027855721,0.10000000149011612
67.969,1.0,9.725453366380599,0.10000000149011612
68.019,1.0,9.752809467290838,0.10000000149011612
68.069,1.0,9.643162278748221,0.10000000149011612
68.119,1.0,9.972607427049015,0.13867373764514923
68.168,1.0,9.697914066827959,0.10000000149011612
68.219,1.0,9.890311535096004,0.10000000149011612
68.269,1.0,9.670619238664706,0.10000000149011612
68.319,1.0,9.917623814154002,0.10000000149011612
68.369,1.0,9.807627345145576,0.10000000149011612
68.419,1.0,9.835171883863707,0.10000000149011612
68.469,1.0,9.780250417420433,0.10000000149011612
68.519,1.0,9.807847691575686,0.10000000149011612
68.569,1.0,9.917676360346377,0.10000000149011612
68.619,1.0,9.890171080910497,0.10000000149011612
68.668,1.0,9.917684226462411,0.1212497353553772
68.719,1.0,9.835046689295107,0.10000000149011612
68.768,1.0,9.807625144140587,0.10000000149011612
68.819,1.0,9.725318752953577,0.10000000149011612
68.868,1.0,9.780184367547433,0.10000000149011612
68.919,1.0,9.917562446701858,0.10000000149011612
68.969,1.0,9.86266900476896,0.10000000149011612
69.018,1.0,9.697776612453163,0.10000000149011612
69.069,1.0,9.560595024273628,0.10000000149011612
69.119,1.0,9.862678874139156,0.10000000149011612
69.168,1.0,9.670439887667696,0.10000000149011612
69.219,1.0,9.807752196180324,0.10000000149011612
69.269,1.0,9.753022695746687,0.10000000149011612
69.319,1.0,9.75266591231856,0.10000000149011612
69.369,1.0,9.890128553389674,0.10000000149011612
69.418,1.0,9.780182263503471,0.10000000149011612
69.468,1.0,9.862617496690817,0.10000000149011612
69.518,1.0,9.835077484986849,0.10000000149011612
69.569,1.0,9.835174243855807,0.10000000149011612
69.618,1.0,9.698023513766627,0.10000000149011612
69.669,1.0,9.835143042397167,0.10000000149011612
69.719,1.0,9.670346471729378,0.10000000149011612
69.769,1.0,9.862640653923155,0.10000000149011612
69.819,1.0,9.780082068654398,0.10000000149011612
69.869,1.0,9.890157432978352,0.10000000149011612
69.919,1.0,9.807876972750657,0.10000000149011612
69.968,1.0,9.588175679763985,0.10000000149011612
70.018,1.0,9.780479988559252,0.10000000149011612
70.069,1.0,9.83529803926746,0.10000000149011612
70.119,1.0,9.780294800508354,0.10000000149011612
70.168,1.0,9.945132883783016,0.10000000149011612
70.22,1.0,9.670519820704229,0.10000000149011612
70.269,1.0,9.807707055968542,0.10000000149011612
70.319,1.0,9.64285829588771,0.10000000149011612
70.368,1.0,9.725214048971733,0.10000000149011612
70.419,1.0,9.752851258901257,0.10000000149011612
70.469,1.0,9.780241656303406,0.10000000149011612
70.518,1.0,9.807636748792397,0.10000000149011612
70.569,1.0,9.807648966668381,0.10000000149011612
70.619,1.0,9.890132952543597,0.10000000149011612
70.669,1.0,9.890128033773767,0.10000000149011612
70.718,1.0,9.890026404708625,0.10000000149011612
70.768,1.0,9.807740969790352,0.10000000149011612
70.818,1.0,9.615447959924738,0.10000000149011612
70.869,1.0,9.807594219843546,0.10000000149011612
70.919,1.0,9.835162208539744,0.10000000149011612
70.969,1.0,9.78026330133693,0.10000000149011612
71.018,1.0,9.780129716752304,0.10000000149011612
71.069,1.0,9.697915394811167,0.10000000149011612
71.119,1.0,9.835371205665998,0.10000000149011612
71.169,1.0,9.917556784219212,0.10000000149011612
71.219,1.0,9.835247992227474,0.10000000149011612
71.269,1.0,9.807747840198378,0.10000000149011612
71.319,1.0,9.670502037141059,0.10000000149011612
71.369,1.0,9.807643297314645,0.10000000149011612
71.418,1.0,9.890034249631896,0.10000000149011612
71.469,1.0,9.862539489587975,0.10000000149011612
71.519,1.0,9.725340632266468,0.10000000149011612
71.568,1.0,9.752988316801687,0.10000000149011612
71.618,1.0,9.862687089790901,0.10000000149011612
71.668,1.0,9.780361866040362,0.10000000149011612
71.719,1.0,9.862534294836223,0.10000000149011612
71.769,1.0,9.807721289226578,0.10000000149011612
71.819,1.0,9.890115497281982,0.10000000149011612
71.869,1.0,9.697720653956964,0.10000000149011612
71.918,1.0,9.75293324318611,0.10000000149011612
71.969,1.0,9.725391263721718,0.10000000149011612
72.019,1.0,9.917678457126021,0.10320182144641876
72.068,1.0,9.780181850782698,0.10000000149011612
72.119,1.0,9.835461386893359,0.10000000149011612
72.168,1.0,9.6154144950418,0.10000000149011612
72.219,1.0,9.835398387495015,0.10000000149011612
72.268,1.0,9.86260490761035,0.10000000149011612
72.319,1.0,9.917738288827241,0.10000000149011612
72.369,1.0,9.835134389520519,0.10000000149011612
72.419,1.0,9.78004036369837,0.10000000149011612
72.469,1.0,9.56046735789213,0.10000000149011612
72.519,1.0,9.725172360965775,0.10000000149011612
72.568,1.0,9.753026778830423,0.10000000149011612
72.619,1.0,9.752779603811602,0.10000000149011612
72.669,1.0,9.83519925541348,0.10000000149011612
72.718,1.0,9.725458502314156,0.10000000149011612
72.769,1.0,9.862613728601072,0.10000000149011612
72.818,1.0,9.670269643163515,0.10000000149011612
72.868,1.0,9.890044650042222,0.10000000149011612
72.918,1.0,9.917529442844291,0.10000000149011612
72.969,1.0,9.890081661939622,0.10000000149011612
73.019,1.0,9.917663703548412,0.10000000149011612
73.068,1.0,9.807528711420794,0.10000000149011612
73.119,1.0,9.807686440936394,0.10000000149011612
73.169,1.0,9.862584613884488,0.10000000149011612
73.219,1.0,9.835115942545235,0.10000000149011612
73.269,1.0,9.807673784034948,0.10000000149011612
73.319,1.0,9.917594402614567,0.10000000149011612
73.369,1.0,9.835298831698795,0.10000000149011612
73.419,1.0,9.917735480434365,0.11441002786159515
73.469,1.0,9.80783753424055,0.10000000149011612
73.518,1.0,9.725174301014178,0.10000000149011612
73.569,1.0,9.752937974884277,0.10000000149011612
73.618,1.0,9.725558913809557,0.10000000149011612
73.669,1.0,9.80772137110018,0.10000000149011612
73.718,1.0,9.780291802912123,0.10000000149011612
73.769,1.0,9.725344040596651,0.10000000149011612
73.819,1.0,9.862664231554502,0.10000000149011612
73.868,1.0,9.835350753201379,0.10000000149011612
73.919,1.0,9.780339568625722,0.10000000149011612
73.968,1.0,9.835351085683538,0.10000000149011612
74.018,1.0,9.807756513357162,0.10000000149011612
74.069,1.0,9.807663184404372,0.10000000149011612
74.119,1.0,9.807685554089646,0.10000000149011612
74.169,1.0,9.86258643399924,0.10000000149011612
74.218,1.0,9.7803345857809,0.10000000149011612
74.269,1.0,9.697852970390684,0.10000000149011612
74.318,1.0,9.780524332510929,0.10000000149011612
74.369,1.0,9.835246758804553,0.10000000149011612
74.419,1.0,9.725569234540066,0.10000000149011612
74.469,1.0,9.917600355959602,0.10000000149011612
74.519,1.0,9.725230143177841,0.10000000149011612
74.569,1.0,9.835251586863563,0.10000000149011612
74.618,1.0,9.862953439665338,0.10000000149011612
74.669,1.0,9.80781604003989,0.10000000149011612
74.718,1.0,9.862715110969212,0.10000000149011612
74.769,1.0,9.780112765439682,0.10000000149011612
74.818,1.0,9.752784629000558,0.10000000149011612
74.869,1.0,9.752762067980237,0.10000000149011612
74.919,1.0,9.835579792968929,0.10000000149011612
74.969,1.0,9.780214948931501,0.10000000149011612
75.019,1.0,9.697703218046161,0.10000000149011612
75.069,1.0,9.862808090055154,0.10000000149011612
75.119,1.0,9.69803559842209,0.10000000149011612
75.169,1.0,9.945000000008278,0.10000000149011612
75.219,1.0,9.8901562249081,0.10000000149011612
75.268,1.0,9.917552410831881,0.10000000149011612
75.318,1.0,9.7254259645318,0.10000000149011612
75.369,1.0,9.753125017301905,0.10000000149011612
75.419,1.0,9.862500000020695,0.10000000149011612
75.469,1.0,9.78032202778591,0.10000000149011612
75.518,1.0,9.780231125590701,0.10000000149011612
75.569,1.0,9.835319215783642,0.10000000149011612
75.618,1.0,9.835335149202082,0.10000000149011612
75.669,1.0,9.835283129227658,0.10000000149011612
75.718,1.0,9.917659453178446,0.10000000149011612
75.769,1.0,9.808000102080404,0.10000000149011612
75.819,1.0,9.890115320703222,0.10000000149011612
75.868,1.0,9.862684842902754,0.10000000149011612
75.918,1.0,9.862800342444745,0.10000000149011612
75.969,1.0,9.725665878276859,0.10000000149011612
76.019,1.0,9.780190594308078,0.10000000149011612
76.068,1.0,9.753050803434517,0.10000000149011612
76.118,1.0,9.58800250219388,0.10000000149011612
76.169,1.0,9.753064671779672,0.10000000149011612
76.218,1.0,9.615816393246254,0.10000000149011612
76.268,1.0,9.780432705933022,0.10000000149011612
76.319,1.0,9.807910333573819,0.10000000149011612
76.369,1.0,9.643237974743048,0.10000000149011612
76.419,1.0,9.752893907825152,0.10000000149011612
76.468,1.0,9.80780477637632,0.10000000149011612
76.519,1.0,9.780098506208095,0.10000000149011612
76.569,1.0,9.780043374291724,0.10000000149011612
76.618,1.0,9.725239364119867,0.10000000149011612
76.669,1.0,9.72536356680923,0.10000000149011612
76.718,1.0,9.945000464841723,0.10000000149011612
76.768,1.0,9.890000000016556,0.10000000149011612
76.819,1.0,9.725307836383582,0.10000000149011612
76.869,1.0,9.835249080777997,0.10000000149011612
76.919,1.0,9.917698491137061,0.10000000149011612
76.969,1.0,9.780189016357893,0.10000000149011612
77.019,1.0,9.75304429580768,0.10000000149011612
77.069,1.0,9.78017141578926,0.10000000149011612
77.119,1.0,9.80773364611798,0.10000000149011612
77.168,1.0,9.780268297137486,0.10000000149011612
77.219,1.0,9.698030179138813,0.10000000149011612
77.269,1.0,9.862818019506005,0.10000000149011612
77.32,1.0,9.780160695252318,0.10000000149011612
77.369,1.0,9.917586218110388,0.10000000149011612
77.418,1.0,9.807528083502419,0.10000000149011612
77.468,1.0,9.67034862856898,0.10000000149011612
77.519,1.0,9.780168265187077,0.10000000149011612
77.569,1.0,9.945017245556745,0.10000000149011612
77.619,1.0,9.890132208706603,0.10000000149011612
77.669,1.0,9.807669988605712,0.10000000149011612
77.719,1.0,9.807576527881126,0.10000000149011612
77.769,1.0,9.835373651091423,0.10000000149011612
77.818,1.0,9.890047835662132,0.10000000149011612
77.869,1.0,9.835324292485085,0.10000000149011612
77.918,1.0,9.835179765646656,0.10000000149011612
77.968,1.0,9.780461165515913,0.10000000149011612
78.018,1.0,9.83515573574437,0.10000000149011612
78.069,1.0,9.75285759361254,0.10000000149011612
78.119,1.0,9.917614169605077,0.10000000149011612
78.169,1.0,9.752994393743574,0.10000000149011612
78.219,1.0,9.835322762570447,0.10000000149011612
78.269,1.0,9.78012132814361,0.10000000149011612
78.32,1.0,9.78024982470605,0.10000000149011612
78.368,1.0,9.890187670497431,0.10000000149011612
78.419,1.0,9.780336801769833,0.10000000149011612
78.469,1.0,9.945022083943089,0.10000000149011612
78.519,1.0,9.698005152183274,0.10000000149011612
78.569,1.0,9.697995823952887,0.10000000149011612
78.618,1.0,9.917500000012417,0.10000000149011612
78.668,1.0,9.807827039125065,0.10000000149011612
78.718,1.0,9.807915843050512,0.10000000149011612
78.769,1.0,9.725331107692586,0.10000000149011612
78.819,1.0,9.890146718981365,0.10000000149011612
78.868,1.0,9.807847661525011,0.10000000149011612
78.919,1.0,9.862665487080813,0.10000000149011612
78.968,1.0,9.835437758432494,0.10000000149011612
79.02,1.0,9.807706456569333,0.10000000149011612
79.068,1.0,9.80775374484559,0.10000000149011612
79.118,1.0,9.862564169201587,0.10000000149011612
79.169,1.0,9.752787322054306,0.10000000149011612
79.219,1.0,9.725499691131214,0.10000000149011612
79.269,1.0,9.972607168224123,0.1385805606842041
79.319,1.0,9.862601198980379,0.10000000149011612
79.368,1.0,9.752688744809065,0.10000000149011612
79.418,1.0,9.752500000037253,0.10000000149011612
79.469,1.0,9.835295684118238,0.10000000149011612
79.519,1.0,9.752943780500855,0.10000000149011612
79.569,1.0,9.835241488739848,0.10000000149011612
79.618,1.0,9.917522222672899,0.10000000149011612
79.669,1.0,9.890130054433312,0.10000000149011612
79.719,1.0,9.780096883078416,0.10000000149011612
79.769,1.0,9.890106804979345,0.10000000149011612
79.818,1.0,9.862684314573805,0.10000000149011612
79.869,1.0,9.835157561405666,0.10000000149011612
79.919,1.0,9.862522425357666,0.10000000149011612
79.968,1.0,9.752957357445524,0.10000000149011612
80.019,1.0,9.917586212460366,0.10000000149011612
80.069,1.0,9.80781854742931,0.10000000149011612
80.119,1.0,9.807608004618022,0.10000000149011612
80.168,1.0,9.890073627875083,0.10000000149011612
80.218,1.0,9.807801385575699,0.10000000149011612
80.268,1.0,9.86273629601217,0.10000000149011612
80.318,1.0,9.78019643475612,0.10000000149011612
80.368,1.0,9.807755403903624,0.10000000149011612
80.419,1.0,9.78046582436396,0.10000000149011612
80.469,1.0,9.752879680610365,0.10000000149011612
80.518,1.0,9.752819842886593,0.10000000149011612
80.568,1.0,9.780378868637813,0.10000000149011612
80.619,1.0,9.835314419617255,0.10000000149011612
80.668,1.0,9.725165112337304,0.10000000149011612
80.719,1.0,9.807801235363716,0.10000000149011612
80.768,1.0,9.862814822627438,0.10088614374399185
80.819,1.0,9.752902978472411,0.10000000149011612
80.868,1.0,9.890272557901012,0.10000000149011612
80.918,1.0,9.890043795108795,0.10000000149011612
80.969,1.0,9.80780008751899,0.10000000149011612
81.019,1.0,9.780371484532953,0.10000000149011612
81.069,1.0,9.86261277169817,0.10000000149011612
81.119,1.0,9.725206804109945,0.10000000149011612
81.169,1.0,9.72515166134884,0.10000000149011612
81.219,1.0,9.807542570080194,0.10000000149011612
81.269,1.0,9.835433831728167,0.10000000149011612
81.319,1.0,9.807566085581978,0.10000000149011612
81.368,1.0,9.807753858156502,0.10000000149011612
81.418,1.0,9.917589899649222,0.10000000149011612
81.469,1.0,9.862759724404249,0.10000000149011612
81.518,1.0,9.835000000024836,0.10000000149011612
81.568,1.0,9.86271468632751,0.10000000149011612
81.618,1.0,9.890211835731234,0.10000000149011612
81.668,1.0,9.780382554771172,0.10000000149011612
81.718,1.0,9.890207734621233,0.10000000149011612
81.768,1.0,9.862551121889718,0.10000000149011612
81.819,1.0,9.807572505995632,0.10000000149011612
81.868,1.0,9.697678370484047,0.10000000149011612
81.918,1.0,9.890413861432009,0.1264296919107437
81.968,1.0,9.75301427025762,0.10000000149011612
82.018,1.0,9.64284349537144,0.10000000149011612
82.069,1.0,9.835225683202346,0.10000000149011612
82.119,1.0,9.945098870599436,0.10000000149011612
82.169,1.0,9.835180703488488,0.10000000149011612
82.219,1.0,9.72532836056004,0.10000000149011612
82.269,1.0,9.862629690600766,0.10000000149011612
82.318,1.0,9.807693310475184,0.10000000149011612
82.368,1.0,9.83523201222221,0.10000000149011612
82.418,1.0,9.83526253302892,0.10000000149011612
82.469,1.0,9.780138431965478,0.10000000149011612
82.518,1.0,9.945120696971815,0.11344671249389648
82.568,1.0,9.780353369977739,0.10000000149011612
82.618,1.0,9.615521517685718,0.10000000149011612
82.668,1.0,9.835304703377187,0.10000000149011612
82.718,1.0,9.670609114650222,0.10000000149011612
82.769,1.0,9.917646958223648,0.10000000149011612
82.819,1.0,9.835208113284574,0.10000000149011612
82.868,1.0,9.835394243751136,0.10000000149011612
82.918,1.0,9.807760657411482,0.10000000149011612
82.968,1.0,9.69794240117901,0.10000000149011612
83.018,1.0,9.725233193238576,0.10000000149011612
83.069,1.0,9.835247298681901,0.10000000149011612
83.119,1.0,9.862691755613518,0.10000000149011612
83.168,1.0,9.780459798127414,0.10000000149011612
83.219,1.0,9.86290360927168,0.10000000149011612
83.268,1.0,9.75277897949434,0.10000000149011612
83.319,1.0,9.807662655454543,0.10000000149011612
83.368,1.0,9.835178802638419,0.10000000149011612
83.418,1.0,9.83521987311542,0.10000000149011612
83.468,1.0,9.807616370854278,0.10000000149011612
83.518,1.0,9.862648327793512,0.10000000149011612
83.568,1.0,9.835223727300763,0.10000000149011612
83.618,1.0,9.835413334953289,0.10000000149011612
83.668,1.0,9.725537792137928,0.10000000149011612
83.718,1.0,9.862770703476336,0.10000000149011612
83.768,1.0,9.697999523766338,0.10000000149011612
83.818,1.0,9.752776529929704,0.10000000149011612
83.868,1.0,9.862616897871098,0.10000000149011612
83.919,1.0,9.725514138696923,0.10000000149011612
83.969,1.0,9.835241273376678,0.10000000149011612
84.018,1.0,9.78021915881998,0.10000000149011612
84.069,1.0,9.917530365453826,0.10000000149011612
84.119,1.0,9.725514945553408,0.10000000149011612
84.168,1.0,9.78024186976254,0.10000000149011612
84.219,1.0,9.862607275901569,0.10000000149011612
84.269,1.0,9.752599784586993,0.10000000149011612
84.318,1.0,9.780061857278149,0.10000000149011612
84.368,1.0,9.807684911063149,0.10000000149011612
84.418,1.0,9.945093790938456,0.10374459624290466
84.469,1.0,9.670394474060998,0.10000000149011612
84.518,1.0,9.670249613167512,0.10000000149011612
84.568,1.0,9.752622317833206,0.10000000149011612
84.618,1.0,9.890000000016556,0.10000000149011612
84.668,1.0,9.835114123879208,0.10000000149011612
84.718,1.0,9.807500000028975,0.10000000149011612
84.769,1.0,9.780288704298437,0.10000000149011612
84.819,1.0,9.807609547819528,0.10000000149011612
84.868,1.0,9.972500000004139,0.10000000149011612
84.918,1.0,9.862691470132106,0.10000000149011612
84.968,1.0,9.670290807924337,0.10000000149011612
85.019,1.0,9.835244229063392,0.10000000149011612
85.069,1.0,9.807586168684065,0.10000000149011612
85.118,1.0,9.752970061285628,0.10000000149011612
85.168,1.0,9.643220040326318,0.10000000149011612
85.218,1.0,9.835305902010036,0.10000000149011612
85.268,1.0,9.917569975741207,0.10442505031824112
85.319,1.0,9.752746907290485,0.10000000149011612
85.369,1.0,9.642745344920291,0.10000000149011612
85.418,1.0,9.725326812329392,0.10000000149011612
85.469,1.0,9.835181894360318,0.10000000149011612
85.518,1.0,9.78044183521221,0.10000000149011612
85.568,1.0,9.835220729808013,0.10000000149011612
85.618,1.0,9.80766551449067,0.10000000149011612
85.668,1.0,9.78031620008664,0.10000000149011612
85.718,1.0,9.670306059904396,0.10000000149011612
85.768,1.0,9.862689209998482,0.10000000149011612
85.819,1.0,9.835360353709095,0.10000000149011612
85.868,1.0,9.780322564724418,0.10000000149011612
85.918,1.0,9.725259037336542,0.10000000149011612
85.968,1.0,9.862751704206069,0.10000000149011612
86.019,1.0,9.725258334374262,0.10000000149011612
86.069,1.0,9.83511098941995,0.10000000149011612
86.118,1.0,9.752773562860158,0.10000000149011612
86.169,1.0,9.753077002904481,0.10000000149011612
86.219,1.0,9.917633381734293,0.10000000149011612
86.269,1.0,9.807587002755866,0.10000000149011612
86.318,1.0,9.862744559616678,0.10000000149011612
86.369,1.0,9.945000000008278,0.10000000149011612
86.418,1.0,9.83508891771651,0.10000000149011612
86.469,1.0,9.725285710290903,0.10000000149011612
86.519,1.0,9.86263569123629,0.10000000149011612
86.568,1.0,9.86264917852564,0.10000000149011612
86.618,1.0,9.780323787447479,0.10000000149011612
86.669,1.0,9.890090217627584,0.10000000149011612
86.718,1.0,9.945000000008278,0.10000000149011612
86.769,1.0,9.835342947621312,0.10000000149011612
86.818,1.0,9.780172686009772,0.10000000149011612
86.868,1.0,9.780345366915896,0.10000000149011612
86.918,1.0,9.835098876472976,0.10000000149011612
86.968,1.0,9.615403057179517,0.10000000149011612
87.019,1.0,9.7802390391421,0.10000000149011612
87.068,1.0,9.83522410808752,0.10000000149011612
87.119,1.0,9.8075625643755,0.10000000149011612
87.168,1.0,9.835208589852684,0.10000000149011612
87.219,1.0,9.75293343892942,0.10000000149011612
87.269,1.0,9.670451321142416,0.10000000149011612
87.318,1.0,9.86251305418296,0.10000000149011612
87.368,1.0,9.780455682074859,0.10000000149011612
87.419,1.0,9.78014071147061,0.10000000149011612
87.468,1.0,9.697830366467436,0.10000000149011612
87.518,1.0,9.780184187160598,0.10000000149011612
87.568,1.0,9.780349894116322,0.10000000149011612
87.618,1.0,9.807826172250012,0.10000000149011612
87.668,1.0,9.780295221880078,0.10000000149011612
87.719,1.0,9.780119182148741,0.10000000149011612
87.768,1.0,9.807822618343764,0.10000000149011612
87.818,1.0,9.670598269833459,0.10000000149011612
87.868,1.0,9.890000000016556,0.10000000149011612
87.918,1.0,9.835337838468453,0.10000000149011612
87.968,1.0,9.862592569676538,0.10000000149011612
88.018,1.0,9.807626674324274,0.10000000149011612
88.068,1.0,9.890016332496371,0.10000000149011612
88.119,1.0,9.780344944592152,0.10000000149011612
88.168,1.0,9.807757768366072,0.10000000149011612
88.219,1.0,9.697698909830716,0.10000000149011612
88.269,1.0,9.835386369439464,0.10000000149011612
88.318,1.0,9.80763208065182,0.10000000149011612
88.368,1.0,9.670573298798667,0.10000000149011612
88.419,1.0,9.752670719950563,0.10000000149011612
88.469,1.0,9.752663504208128,0.10000000149011612
88.518,1.0,9.780089199915528,0.10000000149011612
88.569,1.0,9.642856023522715,0.10000000149011612
88.619,1.0,9.862668117901517,0.10000000149011612
88.668,1.0,9.917565805775423,0.10000000149011612
88.718,1.0,9.917500000012417,0.10000000149011612
88.768,1.0,9.752797991699643,0.10000000149011612
88.818,1.0,9.807730108230478,0.10000000149011612
88.868,1.0,9.835074637126592,0.10000000149011612
88.918,1.0,9.807529696304766,0.10000000149011612
88.969,1.0,9.862640785446597,0.10000000149011612
89.019,1.0,9.9176715216082,0.10000000149011612
89.068,1.0,9.89003178021974,0.10000000149011612
89.119,1.0,9.89020432519416,0.10000000149011612
89.168,1.0,9.670501544471417,0.10000000149011612
89.219,1.0,9.807758648776346,0.10000000149011612
89.269,1.0,9.917575613119537,0.10272946953773499
89.318,1.0,9.643249034426278,0.10000000149011612
89.369,1.0,9.780429442847769,0.10000000149011612
89.418,1.0,9.697627754281793,0.10000000149011612
89.469,1.0,9.670560775386791,0.10000000149011612
89.519,1.0,9.835520946400033,0.10000000149011612
89.569,1.0,9.835195170446402,0.10000000149011612
89.619,1.0,9.752924295369949,0.10000000149011612
89.669,1.0,9.780175287566252,0.10000000149011612
89.719,1.0,9.807794834135308,0.10000000149011612
89.768,1.0,9.780104781583779,0.10000000149011612
89.819,1.0,9.917545482081671,0.10000000149011612
89.869,1.0,9.752874932707185,0.10000000149011612
89.918,1.0,9.83513284449776,0.10000000149011612
89.969,1.0,9.725682977856033,0.10000000149011612
90.019,1.0,9.78009859273831,0.10000000149011612
90.069,1.0,9.75261514938126,0.10000000149011612
90.119,1.0,9.807749884223773,0.10000000149011612
90.168,1.0,9.862626200624637,0.10000000149011612
90.219,1.0,9.642870279318757,0.10000000149011612
90.269,1.0,9.698087115109795,0.10000000149011612
90.319,1.0,9.752685315575864,0.10000000149011612
90.368,1.0,9.862844215581815,0.10000000149011612
90.419,1.0,9.78022920574165,0.10000000149011612
90.469,1.0,9.752792738605704,0.10000000149011612
90.519,1.0,9.78002740258558,0.10000000149011612
90.569,1.0,9.835381588029366,0.10000000149011612
90.618,1.0,9.698087118462556,0.10000000149011612
90.668,1.0,9.642978554198312,0.10000000149011612
90.718,1.0,9.670440410056877,0.10000000149011612
90.769,1.0,9.83510445230123,0.10000000149011612
90.819,1.0,9.917630915799075,0.10000000149011612
90.869,1.0,9.8351073846014,0.10000000149011612
90.918,1.0,9.835160896430413,0.10000000149011612
90.968,1.0,9.862695127911866,0.10000000149011612
91.019,1.0,9.862785884531007,0.10000000149011612
91.068,1.0,9.6429948164771,0.10000000149011612
91.119,1.0,9.780323775257502,0.10000000149011612
91.168,1.0,9.862593555988537,0.10000000149011612
91.218,1.0,9.75264628769623,0.10000000149011612
91.269,1.0,9.752711194236245,0.10000000149011612
91.318,1.0,9.752677292707894,0.10000000149011612
91.369,1.0,9.862630142250822,0.10000000149011612
91.419,1.0,9.917500000012417,0.10000000149011612
91.469,1.0,9.780196693870757,0.10000000149011612
91.519,1.0,9.835325052485699,0.10000000149011612
91.569,1.0,9.78015120861431,0.10000000149011612
91.618,1.0,9.862607670451204,0.10000000149011612
91.669,1.0,9.698000572642519,0.10000000149011612
91.718,1.0,9.835219991558956,0.10000000149011612
91.769,1.0,9.835222948590914,0.10000000149011612
91.819,1.0,9.972622128203511,0.14396615326404572
91.869,1.0,9.642906538169417,0.10000000149011612
91.919,1.0,9.78047667880439,0.10000000149011612
91.968,1.0,9.862755439658132,0.10000000149011612
92.019,1.0,9.835189824323688,0.10000000149011612
92.069,1.0,9.7801214562729,0.10000000149011612
92.118,1.0,9.890130898956624,0.10000000149011612
92.168,1.0,9.752734762057662,0.10000000149011612
92.219,1.0,9.670242004096508,0.10000000149011612
92.269,1.0,9.945112019094328,0.10875415056943893
92.319,1.0,9.807830201710264,0.10000000149011612
92.369,1.0,9.753128750022087,0.10000000149011612
92.419,1.0,9.725307399531205,0.10000000149011612
92.468,1.0,9.725288168734146,0.10000000149011612
92.518,1.0,9.807714517952668,0.10000000149011612
92.569,1.0,9.807736200901369,0.10000000149011612
92.619,1.0,9.725261993271609,0.10000000149011612
92.668,1.0,9.807753748405311,0.10000000149011612
92.719,1.0,9.642949046918915,0.10000000149011612
92.769,1.0,9.862880994048384,0.11058245599269867
92.819,1.0,9.780246648978856,0.10000000149011612
92.868,1.0,9.835079475450847,0.10000000149011612
92.919,1.0,9.917587338346575,0.10000000149011612
92.968,1.0,9.780290048528048,0.10000000149011612
93.018,1.0,9.780121694960528,0.10000000149011612
93.069,1.0,9.862703516975873,0.10000000149011612
93.119,1.0,9.780299492614965,0.10000000149011612
93.169,1.0,9.835136807358099,0.10000000149011612
93.219,1.0,9.835114028842913,0.10000000149011612
93.269,1.0,9.807861566005482,0.10000000149011612
93.319,1.0,9.780233169781665,0.10000000149011612
93.368,1.0,9.89014755419145,0.10000000149011612
93.418,1.0,9.807635309278137,0.10000000149011612
93.469,1.0,9.862617894986437,0.10000000149011612
93.518,1.0,9.83530902641101,0.10000000149011612
93.568,1.0,9.697778724196057,0.10000000149011612
93.618,1.0,9.697877087464763,0.10000000149011612
93.668,1.0,9.75285017480039,0.10000000149011612
93.719,1.0,9.807772083953022,0.10000000149011612
93.769,1.0,9.725109469828507,0.10000000149011612
93.819,1.0,9.780032812659112,0.10000000149011612
93.868,1.0,9.75286294259131,0.10000000149011612
93.918,1.0,9.835198275579346,0.10000000149011612
93.969,1.0,9.917619665298197,0.10578315705060959
94.018,1.0,9.835165722067986,0.10000000149011612
94.069,1.0,9.83543220522503,0.10000000149011612
94.119,1.0,9.780341583055755,0.10000000149011612
94.169,1.0,9.78008764218539,0.10000000149011612
94.219,1.0,9.835214809514582,0.10000000149011612
94.269,1.0,9.835180498473346,0.10000000149011612
94.319,1.0,9.780311020132569,0.10000000149011612
94.369,1.0,9.780441511525876,0.10000000149011612
94.419,1.0,9.835141221785712,0.10000000149011612
94.469,1.0,9.64317474818478,0.10000000149011612
94.518,1.0,9.807722314654125,0.10000000149011612
94.568,1.0,9.780370775941346,0.10000000149011612
94.618,1.0,9.890253996766276,0.10000000149011612
94.668,1.0,9.862739771832194,0.10000000149011612
94.719,1.0,9.725163858425287,0.10000000149011612
94.768,1.0,9.835223120037053,0.10000000149011612
94.818,1.0,9.725465017908977,0.10000000149011612
94.869,1.0,9.835178273667891,0.10000000149011612
94.919,1.0,9.917545324977901,0.10000000149011612
94.968,1.0,9.835143654462364,0.10000000149011612
95.018,1.0,9.835265293013718,0.10000000149011612
95.069,1.0,9.862696315534413,0.10000000149011612
95.12,1.0,9.780333201421632,0.10000000149011612
95.168,1.0,9.780398341723615,0.10000000149011612
95.219,1.0,9.83529704614646,0.10000000149011612
95.269,1.0,9.80787122802188,0.10000000149011612
95.319,1.0,9.780274314702385,0.10000000149011612
95.368,1.0,9.75288970646345,0.10000000149011612
95.419,1.0,9.807647738543649,0.10000000149011612
95.469,1.0,9.862587369999124,0.10000000149011612
95.518,1.0,9.780427555801968,0.10000000149011612
95.568,1.0,9.86272718142718,0.10000000149011612
95.618,1.0,9.752861269273692,0.10000000149011612
95.668,1.0,9.862500000020695,0.10000000149011612
95.718,1.0,9.697634662915435,0.10000000149011612
95.768,1.0,9.725485069532361,0.10000000149011612
95.819,1.0,9.917526187996069,0.10000000149011612
95.868,1.0,9.615868978181647,0.10000000149011612
95.919,1.0,9.780342728706698,0.10000000149011612
95.969,1.0,9.917627977041734,0.10000000149011612
96.018,1.0,9.890194274940425,0.10000000149011612
96.069,1.0,9.752744683437049,0.10000000149011612
96.118,1.0,9.835299821115202,0.10000000149011612
96.168,1.0,9.917593880121906,0.10000000149011612
96.218,1.0,9.835218272730708,0.10000000149011612
96.268,1.0,9.808025317514936,0.10000000149011612
96.319,1.0,9.8352382634249,0.10000000149011612
96.369,1.0,9.752858387596078,0.10000000149011612
96.419,1.0,9.752941991968287,0.10000000149011612
96.469,1.0,9.835449360290335,0.10000000149011612
96.519,1.0,9.91757771321055,0.10000000149011612
96.569,1.0,9.917633037600252,0.10000000149011612
96.618,1.0,9.862858943786058,0.10000000149011612
96.669,1.0,9.890000000016556,0.10000000149011612
96.719,1.0,9.725560396123264,0.10000000149011612
96.768,1.0,9.862863342174226,0.10000000149011612
96.819,1.0,9.642767423267166,0.10000000149011612
96.868,1.0,9.697548108299573,0.10000000149011612
96.919,1.0,9.917560443592569,0.10000000149011612
96.969,1.0,9.835316449465852,0.10000000149011612
97.018,1.0,9.835156305382649,0.10000000149011612
97.068,1.0,9.752807851984269,0.10000000149011612
97.119,1.0,9.862645853807528,0.10000000149011612
97.168,1.0,9.917569584440853,0.10000000149011612
97.219,1.0,9.752650968316528,0.10000000149011612
97.268,1.0,9.670510418878662,0.10000000149011612
97.318,1.0,9.697616821610266,0.10000000149011612
97.368,1.0,9.780221679765317,0.10000000149011612
97.418,1.0,9.780215211647253,0.10000000149011612
97.469,1.0,9.780338234537178,0.10000000149011612
97.518,1.0,9.80773725192994,0.10000000149011612
97.569,1.0,9.80769167666634,0.10000000149011612
97.618,1.0,9.697739751098885,0.10000000149011612
97.669,1.0,9.80779303378529,0.10000000149011612
97.718,1.0,9.807978774420917,0.10000000149011612
97.769,1.0,9.780317084677517,0.10000000149011612
97.819,1.0,9.862781080624295,0.10000000149011612
97.868,1.0,9.862681418181294,0.10000000149011612
97.919,1.0,9.80780768516577,0.10000000149011612
97.968,1.0,9.862708277524346,0.10000000149011612
98.019,1.0,9.72509520591961,0.10000000149011612
98.069,1.0,9.862602567424377,0.10000000149011612
98.118,1.0,9.725190749454002,0.10000000149011612
98.169,1.0,9.835437958542672,0.10000000149011612
98.219,1.0,9.725373083973924,0.10000000149011612
98.269,1.0,9.862590053284334,0.10000000149011612
98.319,1.0,9.780392185288171,0.10000000149011612
98.368,1.0,9.807864547479484,0.10000000149011612
98.418,1.0,9.89018506138689,0.10000000149011612
98.468,1.0,9.835077655646536,0.10000000149011612
98.518,1.0,9.780398487713601,0.10000000149011612
98.569,1.0,9.8627886629146,0.10000000149011612
98.618,1.0,9.890191190731194,0.10000000149011612
98.668,1.0,9.780251549784508,0.10000000149011612
98.718,1.0,9.753225473811229,0.10000000149011612
98.768,1.0,9.862765043704874,0.10000000149011612
98.818,1.0,9.75303257542352,0.10000000149011612
98.868,1.0,9.835293141359257,0.10000000149011612
98.919,1.0,9.697727000092467,0.10000000149011612
98.969,1.0,9.725525064973368,0.10000000149011612
99.018,1.0,9.890141808779703,0.10000000149011612
99.068,1.0,9.752779908395476,0.10000000149011612
99.118,1.0,9.862649203940398,0.10000000149011612
99.169,1.0,9.698227065532572,0.10000000149011612
99.219,1.0,9.752793790710468,0.10000000149011612
99.269,1.0,9.725300685481892,0.10000000149011612
99.319,1.0,9.8627072888323,0.10000000149011612
99.368,1.0,9.725346246858438,0.10000000149011612
99.419,1.0,9.780212499842875,0.10000000149011612
99.468,1.0,9.780174670616786,0.10000000149011612
99.518,1.0,9.780324735575253,0.10000000149011612
99.568,1.0,9.862563228814139,0.10000000149011612
99.618,1.0,9.725516618250145,0.10000000149011612
99.668,1.0,9.697686326276097,0.10000000149011612
99.718,1.0,9.862711880935564,0.10000000149011612
99.768,1.0,9.752702801219291,0.10000000149011612
99.818,1.0,9.780389576032757,0.10000000149011612
99.868,1.0,9.917526761359639,0.10000000149011612
99.919,1.0,9.75301753439837,0.10000000149011612
99.968,1.0,9.807701717772417,0.10000000149011612
100.019,1.0,9.862614942714572,0.10000000149011612
100.068,1.0,9.670536993650927,0.10000000149011612
100.119,1.0,9.780256994772289,0.10000000149011612
100.168,1.0,9.697834537757767,0.10000000149011612
100.218,1.0,9.835122495827575,0.10000000149011612
100.268,1.0,9.752823221207493,0.10000000149011612
100.319,1.0,9.83517521839175,0.10000000149011612
100.369,1.0,9.752787086160646,0.10000000149011612
100.419,1.0,9.78014598397745,0.10000000149011612
100.468,1.0,9.890213498762913,0.10000000149011612
100.518,1.0,9.83523870975607,0.10000000149011612
100.569,1.0,9.835259342731701,0.10000000149011612
100.618,1.0,9.807825441968937,0.10000000149011612
100.668,1.0,9.862545587557058,0.10000000149011612
100.718,1.0,9.725260084370772,0.10000000149011612
100.768,1.0,9.725425076132847,0.10000000149011612
100.819,1.0,9.780523418179817,0.10000000149011612
100.869,1.0,9.752621797472239,0.10000000149011612
100.918,1.0,9.807654716198643,0.10000000149011612
100.969,1.0,9.835356339895062,0.10000000149011612
101.019,1.0,9.752870331083734,0.10000000149011612
101.068,1.0,9.75288967916535,0.10000000149011612
101.119,1.0,9.78030809070915,0.10000000149011612
101.169,1.0,9.752860113502377,0.10000000149011612
101.219,1.0,9.83527796332621,0.10000000149011612
101.269,1.0,9.725092053330608,0.10000000149011612
101.319,1.0,9.780153568316665,0.10000000149011612
101.369,1.0,9.780239025503397,0.10000000149011612
101.419,1.0,9.807751759907438,0.10000000149011612
101.468,1.0,9.725379207357765,0.10000000149011612
101.519,1.0,9.862648438186282,0.10000000149011612
101.569,1.0,9.752778663279281,0.10000000149011612
101.618,1.0,9.835292235016823,0.10000000149011612
101.669,1.0,9.807814599511524,0.10000000149011612
101.718,1.0,9.890005565848615,0.10000000149011612
101.768,1.0,9.752872293939193,0.10000000149011612
101.819,1.0,9.807737009682588,0.10000000149011612
101.868,1.0,9.835194631872906,0.10000000149011612
101.918,1.0,9.75275118191623,0.10000000149011612
101.969,1.0,9.835379731572337,0.10000000149011612
102.018,1.0,9.862829065157307,0.10000000149011612
102.069,1.0,9.7802158087492,0.10000000149011612
102.118,1.0,9.835223065585726,0.10000000149011612
102.168,1.0,9.725165298891564,0.10000000149011612
102.219,1.0,9.780276875011623,0.10000000149011612
102.268,1.0,9.835106312297285,0.10000000149011612
102.318,1.0,9.835180171454946,0.10000000149011612
102.368,1.0,9.697820970809294,0.10000000149011612
102.419,1.0,9.862605341585974,0.10000000149011612
102.469,1.0,9.807630981608398,0.10000000149011612
102.518,1.0,9.835077472610607,0.10000000149011612
102.569,1.0,9.780345145178337,0.10000000149011612
102.618,1.0,9.753020041063428,0.10000000149011612
102.667,1.0,9.862567996461358,0.10000000149011612
102.718,1.0,9.780399026638932,0.10000000149011612
102.768,1.0,9.890000000016556,0.10000000149011612
102.818,1.0,9.780505962483584,0.10000000149011612
102.869,1.0,9.807859567925334,0.10000000149011612
102.918,1.0,9.89022431857884,0.10000000149011612
102.969,1.0,9.972500000004139,0.10000000149011612
103.018,1.0,9.917629782193236,0.10000000149011612
103.069,1.0,9.780341403538154,0.10000000149011612
103.119,1.0,9.780173528960182,0.10000000149011612
103.169,1.0,9.72514150440693,0.10000000149011612
103.219,1.0,9.835150424142679,0.10000000149011612
103.269,1.0,9.807731738831434,0.10000000149011612
103.318,1.0,9.780178524760736,0.10000000149011612
103.368,1.0,9.807700761490398,0.10000000149011612
103.418,1.0,9.83516105632815,0.10000000149011612
103.469,1.0,9.67039662419508,0.10000000149011612
103.519,1.0,9.69782250734667,0.10000000149011612
103.568,1.0,9.945008687426647,0.10000000149011612
103.619,1.0,9.917608060604996,0.10000000149011612
103.669,1.0,9.807924646573762,0.10000000149011612
103.718,1.0,9.80767141715106,0.10000000149011612
103.768,1.0,9.862851569718785,0.10000000149011612
103.818,1.0,9.752668590450453,0.10000000149011612
103.869,1.0,9.835299024875793,0.10000000149011612
103.918,1.0,9.752675367084642,0.10000000149011612
103.969,1.0,9.862733976087636,0.10000000149011612
104.018,1.0,9.945015470994015,0.10000000149011612
104.069,1.0,9.725584467707408,0.10000000149011612
104.118,1.0,9.780330764502287,0.10000000149011612
104.168,1.0,9.780152242879073,0.10000000149011612
104.218,1.0,9.835209380711118,0.10000000149011612
104.268,1.0,9.67044595359928,0.10000000149011612
104.318,1.0,9.890034701468217,0.10000000149011612
104.369,1.0,9.835241841442055,0.10000000149011612
104.418,1.0,9.780143803730606,0.10000000149011612
104.469,1.0,9.945178970197837,0.12346385419368744
104.518,1.0,9.752657822664414,0.10000000149011612
104.568,1.0,9.890115475695994,0.10000000149011612
104.618,1.0,9.890181685735781,0.10000000149011612
104.668,1.0,9.725574987981883,0.10000000149011612
104.719,1.0,9.890231847990718,0.10000000149011612
104.769,1.0,9.807525704469946,0.10000000149011612
104.819,1.0,9.78003530514737,0.10000000149011612
104.869,1.0,9.725486420384712,0.10000000149011612
104.918,1.0,9.807654910410443,0.10000000149011612
104.968,1.0,9.725279267028801,0.10000000149011612
105.018,1.0,9.89021859454612,0.10000000149011612
105.068,1.0,9.725242521324091,0.10000000149011612
105.118,1.0,9.780374822724196,0.10000000149011612
105.169,1.0,9.917616582165161,0.10000000149011612
105.219,1.0,9.752621063879795,0.10000000149011612
105.268,1.0,9.807876371116274,0.10000000149011612
105.318,1.0,9.835282794282667,0.10000000149011612
105.369,1.0,9.807883851126665,0.10000000149011612
105.418,1.0,9.807927808144854,0.10000000149011612
105.469,1.0,9.917650166733397,0.10000000149011612
105.518,1.0,9.780436837673188,0.10000000149011612
105.569,1.0,9.917669205615917,0.10000000149011612
105.619,1.0,9.807782914075586,0.10000000149011612
105.669,1.0,9.670573245237271,0.10000000149011612
105.718,1.0,9.780072901190984,0.10000000149011612
105.768,1.0,9.780299428477884,0.10000000149011612
105.819,1.0,9.807790584862232,0.10000000149011612
105.868,1.0,9.643051296824382,0.10000000149011612
105.918,1.0,9.752685114265317,0.10000000149011612
105.969,1.0,9.890125840653976,0.10000000149011612
106.018,1.0,9.83513197551171,0.10000000149011612
106.069,1.0,9.835163144560324,0.10000000149011612
106.119,1.0,9.642728362832631,0.10000000149011612
106.168,1.0,9.725415615323517,0.10000000149011612
106.218,1.0,9.835085563237469,0.10000000149011612
106.268,1.0,9.807776752548913,0.10000000149011612
106.318,1.0,9.80758213289082,0.10000000149011612
106.369,1.0,9.725395206568969,0.10000000149011612
106.419,1.0,9.752563774399459,0.10000000149011612
106.469,1.0,9.807754397537146,0.10000000149011612
106.518,1.0,9.972630590986874,0.14701275527477264
106.569,1.0,9.780144293461408,0.10000000149011612
106.618,1.0,9.670188556715019,0.10000000149011612
106.668,1.0,9.725309800542892,0.10000000149011612
106.719,1.0,9.862721164565947,0.10000000149011612
106.768,1.0,9.807842859522337,0.10000000149011612
106.819,1.0,9.862780331571896,0.10000000149011612
106.868,1.0,9.780173216139277,0.10000000149011612
106.918,1.0,9.780098803776006,0.10000000149011612
106.968,1.0,9.862608978897333,0.10000000149011612
107.018,1.0,9.725355508571697,0.10000000149011612
107.068,1.0,9.752640908149381,0.10000000149011612
107.119,1.0,9.6979254067565,0.10000000149011612
107.169,1.0,9.945000000008278,0.10000000149011612
107.219,1.0,9.725472616611256,0.10000000149011612
107.27,1.0,9.80763443818109,0.10000000149011612
107.318,1.0,9.835399093996319,0.10000000149011612
107.369,1.0,9.780178266266981,0.10000000149011612
107.418,1.0,9.80758260484371,0.10000000149011612
107.469,1.0,9.752930177727507,0.10000000149011612
107.519,1.0,9.835170586138135,0.10000000149011612
107.569,1.0,9.752814916604095,0.10000000149011612
107.618,1.0,9.780202432494196,0.10000000149011612
107.668,1.0,9.835305568017066,0.10000000149011612
107.718,1.0,9.69810982733551,0.10000000149011612
107.768,1.0,9.807703906442557,0.10000000149011612
107.818,1.0,9.752681300520068,0.10000000149011612
107.869,1.0,9.862797272412314,0.10000000149011612
107.918,1.0,9.752788460854855,0.10000000149011612
107.969,1.0,9.835211840127076,0.10000000149011612
108.019,1.0,9.890151145371298,0.10196713358163834
108.068,1.0,9.64276365507394,0.10000000149011612
108.118,1.0,9.862687757549187,0.10000000149011612
108.168,1.0,9.72518069292936,0.10000000149011612
108.218,1.0,9.80766786624574,0.10000000149011612
108.269,1.0,9.890129115411805,0.10000000149011612
108.319,1.0,9.862742433345153,0.10000000149011612
108.369,1.0,9.807723861477442,0.10000000149011612
108.418,1.0,9.862858144090408,0.10000000149011612
108.468,1.0,9.752697381460004,0.10000000149011612
108.519,1.0,9.752908190981382,0.10000000149011612
108.568,1.0,9.752847499255505,0.10000000149011612
108.619,1.0,9.780424355612032,0.10000000149011612
108.669,1.0,9.807714411409364,0.10000000149011612
108.719,1.0,9.890271683306329,0.10000000149011612
108.768,1.0,9.972595293612944,0.1343057006597519
108.819,1.0,9.725389497313234,0.10000000149011612
108.869,1.0,9.670604684162472,0.10000000149011612
108.918,1.0,9.725572564680544,0.10000000149011612
108.968,1.0,9.780501701806982,0.10000000149011612
109.018,1.0,9.807702655862602,0.10000000149011612
109.069,1.0,9.780012468579743,0.10000000149011612
109.118,1.0,9.917733180771272,0.11513121426105499
109.168,1.0,9.642824245223569,0.10000000149011612
109.218,1.0,9.643103532079193,0.10000000149011612
109.269,1.0,9.862765308573014,0.10000000149011612
109.318,1.0,9.725476821180846,0.10000000149011612
109.368,1.0,9.807563177703155,0.10000000149011612
109.419,1.0,9.807959132538073,0.10083166509866714
109.468,1.0,9.835315490017335,0.10000000149011612
109.519,1.0,9.835184310852654,0.10000000149011612
109.568,1.0,9.780231353061067,0.10000000149011612
109.618,1.0,9.835261092148722,0.10000000149011612
109.668,1.0,9.86298537792431,0.1257818341255188
109.718,1.0,9.890126395867103,0.10000000149011612
109.769,1.0,9.890206276584003,0.10000000149011612
109.819,1.0,9.835024396247334,0.10000000149011612
109.869,1.0,9.835306236975724,0.10000000149011612
109.919,1.0,9.835365239551498,0.10000000149011612
109.969,1.0,9.835056856916182,0.10000000149011612
110.019,1.0,9.807831827302774,0.10000000149011612
110.069,1.0,9.862625876048373,0.10000000149011612
110.119,1.0,9.752652500197291,0.10000000149011612
110.168,1.0,9.835112371212906,0.10000000149011612
110.219,1.0,9.642812767066061,0.10000000149011612
110.269,1.0,9.725382019455234,0.10000000149011612
110.318,1.0,9.890255079811645,0.10000000149011612
110.369,1.0,9.890162032304538,0.10000000149011612
110.419,1.0,9.64289173717714,0.10000000149011612
110.469,1.0,9.697658128725985,0.10000000149011612
110.519,1.0,9.725341497610012,0.10000000149011612
110.568,1.0,9.807917870891592,0.10000000149011612
110.619,1.0,9.752602819870743,0.10000000149011612
110.669,1.0,9.670494665702185,0.10000000149011612
110.718,1.0,9.7528196963999,0.10000000149011612
110.769,1.0,9.890167802137633,0.10000000149011612
110.819,1.0,9.890092176654273,0.10000000149011612
110.869,1.0,9.807830169258846,0.10000000149011612
110.918,1.0,9.835248699680799,0.10000000149011612
110.969,1.0,9.890000000016556,0.10000000149011612
111.018,1.0,9.917603926257128,0.10564795881509781
111.069,1.0,9.835150161985721,0.10000000149011612
111.119,1.0,9.917500000012417,0.10000000149011612
111.168,1.0,9.752943588172396,0.10000000149011612
111.218,1.0,9.917623653469814,0.10000000149011612
111.268,1.0,9.752676819968555,0.10000000149011612
111.318,1.0,9.780150928948489,0.10000000149011612
111.368,1.0,9.835255447133548,0.10000000149011612
111.418,1.0,9.78054145131674,0.10000000149011612
111.468,1.0,9.670558135997918,0.10000000149011612
111.518,1.0,9.835236790610685,0.10000000149011612
111.568,1.0,9.780069454014301,0.10000000149011612
111.618,1.0,9.862674614973367,0.10000000149011612
111.669,1.0,9.75283859781921,0.10000000149011612
111.719,1.0,9.83513460037195,0.10000000149011612
111.769,1.0,9.78025414560818,0.10000000149011612
111.819,1.0,9.945022438963255,0.10000000149011612
111.869,1.0,9.725445782724353,0.10000000149011612
111.918,1.0,9.7803234865682,0.10000000149011612
111.969,1.0,9.780078269582656,0.10000000149011612
112.019,1.0,9.862631011712882,0.10000000149011612
112.068,1.0,9.917554472593798,0.10000000149011612
112.118,1.0,9.862686032926042,0.10000000149011612
112.169,1.0,9.780327479727566,0.10000000149011612
112.218,1.0,9.862751323046783,0.10000000149011612
112.268,1.0,9.670509952844846,0.10000000149011612
112.318,1.0,9.780161382237242,0.10000000149011612
112.368,1.0,9.725262278173533,0.10000000149011612
112.418,1.0,9.807736480629279,0.10000000149011612
112.469,1.0,9.780203226001726,0.10000000149011612
112.518,1.0,9.862658064046668,0.10000000149011612
112.568,1.0,9.752724017264942,0.10000000149011612
112.618,1.0,9.698016393557191,0.10000000149011612
112.668,1.0,9.780436862301496,0.10000000149011612
112.718,1.0,9.75290886718366,0.10000000149011612
112.769,1.0,9.835235365625056,0.10000000149011612
112.818,1.0,9.86265006158501,0.10000000149011612
112.868,1.0,9.725283392767112,0.10000000149011612
112.919,1.0,9.780204209809503,0.10000000149011612
112.968,1.0,9.890206958250038,0.10000000149011612
113.018,1.0,9.86278218374484,0.10000000149011612
113.068,1.0,9.725131496724982,0.10000000149011612
113.119,1.0,9.890100672882465,0.10000000149011612
113.168,1.0,9.725329202993048,0.10000000149011612
113.218,1.0,9.835126567901009,0.10000000149011612
113.269,1.0,9.917592410784628,0.10000000149011612
113.318,1.0,9.807689544392957,0.10000000149011612
113.368,1.0,9.862616923968826,0.10000000149011612
113.419,1.0,9.890069202768306,0.10000000149011612
113.468,1.0,9.780376980639994,0.10000000149011612
113.518,1.0,9.807914417319827,0.10000000149011612
113.569,1.0,9.780315932652188,0.10000000149011612
113.619,1.0,9.780210292608373,0.10000000149011612
113.669,1.0,9.80780367071016,0.10000000149011612
113.718,1.0,9.670246466787326,0.10000000149011612
113.768,1.0,9.752776479265757,0.10000000149011612
113.819,1.0,9.89010460064229,0.10000000149011612
113.868,1.0,9.752629573167198,0.10000000149011612
113.919,1.0,9.91758530566262,0.10000000149011612
113.969,1.0,9.835210204000274,0.10000000149011612
114.018,1.0,9.835258045523531,0.10000000149011612
114.069,1.0,9.862648778636423,0.10000000149011612
114.119,1.0,9.890000000016556,0.10000000149011612
114.169,1.0,9.807823870351745,0.10000000149011612
114.218,1.0,9.890283725141652,0.10000000149011612
114.268,1.0,9.780153719708323,0.10000000149011612
114.319,1.0,9.67062177910573,0.10000000149011612
114.368,1.0,9.780321556909216,0.10000000149011612
114.419,1.0,9.862500000020695,0.10000000149011612
114.469,1.0,9.752827316439815,0.10000000149011612
114.519,1.0,9.862740927148197,0.10000000149011612
114.569,1.0,9.752730321822067,0.10000000149011612
114.618,1.0,9.890076207390262,0.10000000149011612
114.668,1.0,9.835368445888161,0.10000000149011612
114.718,1.0,9.835328781377111,0.10000000149011612
114.769,1.0,9.835287252234089,0.10000000149011612
114.819,1.0,9.807911833189427,0.10000000149011612
114.868,1.0,9.807660295710795,0.10000000149011612
114.919,1.0,9.862664732999272,0.10000000149011612
114.969,1.0,9.78013208322227,0.10000000149011612
115.019,1.0,9.835009077501793,0.10000000149011612
115.068,1.0,9.890066761689054,0.10000000149011612
115.118,1.0,9.697726655813556,0.10000000149011612
115.168,1.0,9.725201930995617,0.10000000149011612
115.219,1.0,9.917598095515537,0.10000000149011612
115.268,1.0,9.807800098301636,0.10000000149011612
115.319,1.0,9.642862878015471,0.10000000149011612
115.369,1.0,9.862651594500575,0.10000000149011612
115.419,1.0,9.75289387276603,0.10000000149011612
115.468,1.0,9.780581288701958,0.10000000149011612
115.518,1.0,9.72523024369859,0.10000000149011612
115.568,1.0,9.725210218069455,0.10000000149011612
115.619,1.0,9.862729950766596,0.10000000149011612
115.668,1.0,9.83532359186146,0.10000000149011612
115.719,1.0,9.780312222821845,0.10000000149011612
115.768,1.0,9.89014024047388,0.10000000149011612
115.819,1.0,9.807862543852792,0.10000000149011612
115.868,1.0,9.835227304614252,0.10000000149011612
115.918,1.0,9.890000000016556,0.10000000149011612
115.968,1.0,9.78035261241926,0.10000000149011612
116.019,1.0,9.835377548945447,0.10000000149011612
116.069,1.0,9.697828896343708,0.10000000149011612
116.119,1.0,9.80772699057642,0.10000000149011612
116.169,1.0,9.862735243534877,0.10000000149011612
116.219,1.0,9.890126696704991,0.10000000149011612
116.269,1.0,9.807815067635643,0.10000000149011612
116.318,1.0,9.752778016941415,0.10000000149011612
116.369,1.0,9.917586981049842,0.10000000149011612
116.419,1.0,9.78019398216986,0.10000000149011612
116.469,1.0,9.890341622754931,0.12332864105701447
116.519,1.0,9.890032777562737,0.10000000149011612
116.569,1.0,9.69767880404575,0.10000000149011612
116.618,1.0,9.807505900247229,0.10000000149011612
116.668,1.0,9.670368544405534,0.10000000149011612
116.718,1.0,9.807674092468288,0.10000000149011612
116.769,1.0,9.780186323345536,0.10000000149011612
116.819,1.0,9.807928026819395,0.10000000149011612
116.868,1.0,9.83511100038886,0.10000000149011612
116.918,1.0,9.780137605075208,0.10000000149011612
116.968,1.0,9.752949004289176,0.10000000149011612
117.018,1.0,9.890243935667806,0.10000000149011612
117.069,1.0,9.725283492149579,0.10000000149011612
117.119,1.0,9.697690913433002,0.10000000149011612
117.169,1.0,9.752901537592212,0.10000000149011612
117.219,1.0,9.890188592734436,0.10000000149011612
117.269,1.0,9.862847533904844,0.10000000149011612
117.319,1.0,9.86262378818873,0.10000000149011612
117.368,1.0,9.752829691664212,0.10000000149011612
117.419,1.0,9.835401257106827,0.10000000149011612
117.468,1.0,9.752656566827662,0.10000000149011612
117.519,1.0,9.725200390650166,0.10000000149011612
117.568,1.0,9.670368134499425,0.10000000149011612
117.618,1.0,9.862667565813496,0.10000000149011612
117.668,1.0,9.752852752742667,0.10000000149011612
117.719,1.0,9.670215125092202,0.10000000149011612
117.768,1.0,9.643048670846555,0.10000000149011612
117.819,1.0,9.753034902902114,0.10000000149011612
117.868,1.0,9.890159386851721,0.10000000149011612
117.919,1.0,9.642774732307428,0.10000000149011612
117.969,1.0,9.80762686599046,0.10000000149011612
118.019,1.0,9.807723714349171,0.10000000149011612
118.069,1.0,9.890205890726712,0.10000000149011612
118.118,1.0,9.890124153676961,0.10000000149011612
118.169,1.0,9.780206004882025,0.10000000149011612
118.218,1.0,9.807756543325054,0.10000000149011612
118.268,1.0,9.753122644167806,0.10000000149011612
118.319,1.0,9.725213575984041,0.10000000149011612
118.368,1.0,9.780243116596507,0.10000000149011612
118.418,1.0,9.75272803167916,0.10000000149011612
118.468,1.0,9.807500000028975,0.10000000149011612
118.519,1.0,9.835229558145834,0.10000000149011612
118.569,1.0,9.862664633451237,0.10000000149011612
118.618,1.0,9.890116998573973,0.10000000149011612
118.668,1.0,9.917601032637888,0.10000000149011612
118.719,1.0,9.752660957641071,0.10000000149011612
118.768,1.0,9.890141143028934,0.10000000149011612
118.818,1.0,9.75295755772127,0.10000000149011612
118.868,1.0,9.890190939025747,0.10000000149011612
118.919,1.0,9.780410499415463,0.10000000149011612
118.968,1.0,9.780205984289447,0.10000000149011612
119.018,1.0,9.642761753809948,0.10000000149011612
119.068,1.0,9.780265842233266,0.10000000149011612
119.119,1.0,9.780466186213825,0.10000000149011612
119.169,1.0,9.807629153960281,0.10000000149011612
119.219,1.0,9.807653429731726,0.10000000149011612
119.268,1.0,9.890290598012507,0.10000000149011612
119.318,1.0,9.780308976562488,0.10000000149011612
119.368,1.0,9.752773280007144,0.10000000149011612
119.418,1.0,9.835227014786668,0.10000000149011612
119.469,1.0,9.835342789441347,0.10000000149011612
119.518,1.0,9.725288413071798,0.10000000149011612
119.569,1.0,9.8352150939198,0.10000000149011612
119.618,1.0,9.862721646432247,0.10000000149011612
119.669,1.0,9.890000000016556,0.10000000149011612
119.718,1.0,9.807620069301791,0.10000000149011612
119.768,1.0,9.80787551107092,0.10000000149011612
119.818,1.0,9.752764929706851,0.10000000149011612
119.868,1.0,9.807654331417547,0.10000000149011612
119.919,1.0,9.862638068757951,0.10000000149011612
119.968,1.0,9.835129406427344,0.10000000149011612
120.018,1.0,9.807749050545196,0.10000000149011612
120.069,1.0,9.670176163150204,0.10000000149011612
120.118,1.0,9.670463829984268,0.10000000149011612
120.169,1.0,9.86268340309875,0.10000000149011612
120.218,1.0,9.807801096762221,0.10000000149011612
120.268,1.0,9.725444486178457,0.10000000149011612
120.318,1.0,9.89017241694447,0.10000000149011612
120.368,1.0,9.917500000012417,0.10000000149011612
120.418,1.0,9.83513803295791,0.10000000149011612
120.469,1.0,9.697958302663432,0.10000000149011612
120.518,1.0,9.780149574929641,0.10000000149011612
120.568,1.0,9.752884427809882,0.10000000149011612
120.618,1.0,9.835295309105682,0.10000000149011612
120.668,1.0,9.83543057748013,0.10000000149011612
120.718,1.0,9.725308149328662,0.10000000149011612
120.768,1.0,9.835304376213914,0.10000000149011612
120.818,1.0,9.807980140836703,0.10000000149011612
120.869,1.0,9.697852305447062,0.10000000149011612
120.918,1.0,9.725435185266866,0.10000000149011612
120.968,1.0,9.780279575143423,0.10000000149011612
121.019,1.0,9.945000000008278,0.10000000149011612
121.068,1.0,9.86265248612811,0.10000000149011612
121.119,1.0,9.752918625622987,0.10000000149011612
121.169,1.0,9.752804958592687,0.10000000149011612
121.218,1.0,9.615580972180599,0.10000000149011612
121.269,1.0,9.807725975621079,0.10000000149011612
121.318,1.0,9.835281743730109,0.10000000149011612
121.368,1.0,9.698004796604316,0.10000000149011612
121.419,1.0,9.917500000012417,0.10000000149011612
121.469,1.0,9.780548311542306,0.10000000149011612
121.519,1.0,9.752769871345825,0.10000000149011612
121.569,1.0,9.917571612364716,0.10000000149011612
121.618,1.0,9.890104598179459,0.10000000149011612
121.669,1.0,9.835085373909937,0.10000000149011612
121.719,1.0,9.752722267744442,0.10000000149011612
121.768,1.0,9.752825932701429,0.10000000149011612
121.818,1.0,9.752868204894993,0.10000000149011612
121.868,1.0,9.752885187334485,0.10000000149011612
121.919,1.0,9.807715697193311,0.10000000149011612
121.969,1.0,9.862500000020695,0.10000000149011612
122.019,1.0,9.697770224553015,0.10000000149011612
122.068,1.0,9.807777368153134,0.10000000149011612
122.119,1.0,9.75290807740142,0.10000000149011612
122.169,1.0,9.9177291225435,0.10000000149011612
122.219,1.0,9.780530323460699,0.10000000149011612
122.268,1.0,9.725281359876195,0.10000000149011612
122.318,1.0,9.67042125682864,0.10000000149011612
122.368,1.0,9.780328053401576,0.10000000149011612
122.418,1.0,9.808003566476206,0.10000000149011612
122.469,1.0,9.670316761566532,0.10000000149011612
122.519,1.0,9.890266926979853,0.10000000149011612
122.569,1.0,9.835373077417414,0.10000000149011612
122.618,1.0,9.862641285753085,0.10000000149011612
122.669,1.0,9.69762644647724,0.10000000149011612
122.719,1.0,9.835138429701328,0.10000000149011612
122.769,1.0,9.945000000008278,0.10000000149011612
122.818,1.0,9.780449622331394,0.10000000149011612
122.869,1.0,9.917526005456844,0.10000000149011612
122.918,1.0,9.807535999371774,0.10000000149011612
122.969,1.0,9.67036296406554,0.10000000149011612
123.019,1.0,9.862653969787061,0.10000000149011612
123.068,1.0,9.780293746230504,0.10000000149011612
123.118,1.0,9.89004474375397,0.10000000149011612
123.168,1.0,9.86267628322045,0.10000000149011612
123.219,1.0,9.780240637146765,0.10000000149011612
123.268,1.0,9.835140073609848,0.10000000149011612
123.318,1.0,9.862602991817726,0.10000000149011612
123.368,1.0,9.752990745773745,0.10000000149011612
123.418,1.0,9.862617480423715,0.10000000149011612
123.469,1.0,9.80783957042214,0.10000000149011612
123.519,1.0,9.862500000020695,0.10000000149011612
123.569,1.0,9.780247834925023,0.10000000149011612
123.618,1.0,9.862610692882704,0.10000000149011612
123.668,1.0,9.752837982504731,0.10000000149011612
123.718,1.0,9.835384032854604,0.10000000149011612
123.768,1.0,9.86255928095844,0.10000000149011612
123.819,1.0,9.807937061000201,0.10000000149011612
123.868,1.0,9.807861383424864,0.10000000149011612
123.918,1.0,9.917547843419015,0.10000000149011612
123.969,1.0,9.862880860186285,0.10000000149011612
124.018,1.0,9.780117173617084,0.10000000149011612
124.068,1.0,9.862709596525464,0.10000000149011612
124.118,1.0,9.642838833998475,0.10000000149011612
124.169,1.0,9.780435296355023,0.10000000149011612
124.219,1.0,9.807985641703837,0.10000000149011612
124.269,1.0,9.78028672658321,0.10000000149011612
124.318,1.0,9.725479315014349,0.10000000149011612
124.369,1.0,9.78035789794392,0.10000000149011612
124.419,1.0,9.862714315557646,0.10000000149011612
124.469,1.0,9.80763118914846,0.10000000149011612
124.519,1.0,9.697633405091862,0.10000000149011612
124.568,1.0,9.697910366331538,0.10000000149011612
124.618,1.0,9.752859547361732,0.10000000149011612
124.669,1.0,9.862822992954817,0.10000000149011612
124.718,1.0,9.862545134065051,0.10000000149011612
124.769,1.0,9.780170597963863,0.10000000149011612
124.819,1.0,9.835239108196562,0.10000000149011612
124.869,1.0,9.83522213484264,0.10000000149011612
124.918,1.0,9.890187559814917,0.10000000149011612
124.969,1.0,9.780294146947563,0.10000000149011612
125.019,1.0,9.697858229879703,0.10000000149011612
125.068,1.0,9.725402356539336,0.10000000149011612
125.119,1.0,9.725416617343823,0.10000000149011612
125.168,1.0,9.780390923946268,0.10000000149011612
125.219,1.0,9.917500000012417,0.10000000149011612
125.269,1.0,9.917607673692206,0.10370618849992752
125.319,1.0,9.752746103724672,0.10000000149011612
125.369,1.0,9.780225063280927,0.10000000149011612
125.418,1.0,9.780415548549758,0.10000000149011612
125.469,1.0,9.752743771465289,0.10000000149011612
125.519,1.0,9.890079308901395,0.10000000149011612
125.568,1.0,9.752977207158175,0.10000000149011612
125.618,1.0,9.807671916878057,0.10000000149011612
125.668,1.0,9.862714394119878,0.10000000149011612
125.719,1.0,9.69784512784746,0.10000000149011612
125.769,1.0,9.780140335919956,0.10000000149011612
125.818,1.0,9.807612852296895,0.10000000149011612
125.868,1.0,9.807914127823379,0.10213306546211243
125.919,1.0,9.83524550774859,0.10000000149011612
125.969,1.0,9.945000000008278,0.10000000149011612
126.018,1.0,9.75266081303772,0.10000000149011612
126.069,1.0,9.835274162536694,0.10000000149011612
126.118,1.0,9.780214205260078,0.10000000149011612
126.168,1.0,9.83524051743249,0.10000000149011612
126.218,1.0,9.780244941471352,0.10000000149011612
126.269,1.0,9.8350665188291,0.10000000149011612
126.318,1.0,9.917624947594271,0.10000000149011612
126.369,1.0,9.807700337428185,0.10000000149011612
126.418,1.0,9.80754198996971,0.10000000149011612
126.469,1.0,9.89000570943786,0.10000000149011612
126.518,1.0,9.83532119066351,0.10000000149011612
126.568,1.0,9.835190731638836,0.10000000149011612
126.618,1.0,9.78006318014943,0.10000000149011612
126.669,1.0,9.917606102964944,0.10000000149011612
126.718,1.0,9.835412932001054,0.10000000149011612
126.769,1.0,9.807690663656427,0.10000000149011612
126.818,1.0,9.862546109573708,0.10000000149011612
126.868,1.0,9.780431329541736,0.10000000149011612
126.919,1.0,9.67060846866419,0.10000000149011612
126.968,1.0,9.78025817376458,0.10000000149011612
127.018,1.0,9.835402600881126,0.10904105752706528
127.068,1.0,9.780382903561824,0.10000000149011612
127.118,1.0,9.80778204848369,0.10000000149011612
127.169,1.0,9.890099543519318,0.10000000149011612
127.218,1.0,9.917596711715062,0.10000000149011612
127.269,1.0,9.752814662663473,0.10000000149011612
127.318,1.0,9.697946789798637,0.10000000149011612
127.368,1.0,9.917630730072657,0.10000000149011612
127.418,1.0,9.780330825617744,0.10000000149011612
127.468,1.0,9.835383598920371,0.10000000149011612
127.519,1.0,9.807640350837675,0.10000000149011612
127.568,1.0,9.890259047908087,0.10000000149011612
127.618,1.0,9.725510348276131,0.10000000149011612
127.668,1.0,9.807710213772953,0.10000000149011612
127.719,1.0,9.89015263672918,0.10000000149011612
127.768,1.0,9.75281791885694,0.10000000149011612
127.819,1.0,9.86254199732923,0.10000000149011612
127.869,1.0,9.835211919931075,0.10000000149011612
127.918,1.0,9.83518114377641,0.10000000149011612
127.969,1.0,9.807709320717388,0.10000000149011612
128.019,1.0,9.752725593807797,0.10000000149011612
128.069,1.0,9.890163818022444,0.10000000149011612
128.119,1.0,9.807947230483922,0.10000000149011612
128.169,1.0,9.890119162760675,0.10000000149011612
128.219,1.0,9.807761141885486,0.10000000149011612
128.269,1.0,9.83533531508098,0.10000000149011612
128.318,1.0,9.697753248756959,0.10000000149011612
128.368,1.0,9.862640873715282,0.10000000149011612
128.418,1.0,9.807770796823833,0.10000000149011612
128.469,1.0,9.780350489417712,0.10000000149011612
128.518,1.0,9.670633268294235,0.10000000149011612
128.569,1.0,9.807964350510803,0.10000000149011612
128.619,1.0,9.89011693118761,0.10000000149011612
128.668,1.0,9.86273481556111,0.10000000149011612
128.718,1.0,9.89015088406288,0.10000000149011612
128.769,1.0,9.862596402110325,0.10000000149011612
128.818,1.0,9.80778230542524,0.10000000149011612
128.869,1.0,9.807818588821425,0.10000000149011612
128.918,1.0,9.697591668532954,0.10000000149011612
128.968,1.0,9.807673086350162,0.10000000149011612
129.018,1.0,9.807977877660758,0.10000000149011612
129.068,1.0,9.780389515600271,0.10000000149011612
129.118,1.0,9.835374077575075,0.10000000149011612
129.169,1.0,9.753052736322084,0.10000000149011612
129.219,1.0,9.862775902636349,0.10000000149011612
129.268,1.0,9.917500000012417,0.10000000149011612
129.318,1.0,9.862500000020695,0.10000000149011612
129.369,1.0,9.83538106897225,0.10000000149011612
129.419,1.0,9.752668166429633,0.10000000149011612
129.468,1.0,9.835157829047077,0.10000000149011612
129.519,1.0,9.752582131450374,0.10000000149011612
129.569,1.0,9.917500000012417,0.10000000149011612
129.618,1.0,9.917500000012417,0.10000000149011612
129.669,1.0,9.862598428378503,0.10000000149011612
129.719,1.0,9.725246235107383,0.10000000149011612
129.768,1.0,9.752662075248857,0.10000000149011612
129.819,1.0,9.86263739158296,0.10000000149011612
129.869,1.0,9.725385571188397,0.10000000149011612
129.919,1.0,9.862603860389855,0.10000000149011612
129.968,1.0,9.72531503416184,0.10000000149011612
130.018,1.0,9.835275816627675,0.10000000149011612
130.069,1.0,9.75288777773579,0.10000000149011612
130.119,1.0,9.862675135148068,0.10000000149011612
130.169,1.0,9.697899871236748,0.10000000149011612
130.219,1.0,9.807730390504002,0.10000000149011612
130.269,1.0,9.835115777701139,0.10000000149011612
130.32,1.0,9.807648709788918,0.10000000149011612
130.368,1.0,9.752709413154257,0.10000000149011612
130.418,1.0,9.89012652716289,0.10000000149011612
130.468,1.0,9.670650758552883,0.10000000149011612
130.519,1.0,9.835076139701737,0.10000000149011612
130.569,1.0,9.780320164230135,0.10000000149011612
130.619,1.0,9.780437009388374,0.10000000149011612
130.669,1.0,9.78046017932809,0.10000000149011612
130.719,1.0,9.835276158216098,0.10000000149011612
130.769,1.0,9.752757236734032,0.10000000149011612
130.819,1.0,9.83520044585069,0.10000000149011612
130.868,1.0,9.670625354763533,0.10000000149011612
130.918,1.0,9.670403158644007,0.10000000149011612
130.968,1.0,9.807656300212773,0.10000000149011612
131.019,1.0,9.917572885006667,0.10000000149011612
131.069,1.0,9.86272957407766,0.1005425751209259
131.118,1.0,9.780000000033114,0.10000000149011612
131.168,1.0,9.972600084832973,0.13603053987026215
131.219,1.0,9.890206255722378,0.10236123204231262
131.269,1.0,9.835103901765413,0.10000000149011612
131.318,1.0,9.890083965969582,0.10000000149011612
131.368,1.0,9.780374882328841,0.10000000149011612
131.418,1.0,9.807673308646514,0.10000000149011612
131.468,1.0,9.862727340869606,0.10000000149011612
131.518,1.0,9.917512873580886,0.10000000149011612
131.569,1.0,9.890121176321474,0.10000000149011612
131.619,1.0,9.61547799234589,0.10000000149011612
131.668,1.0,9.835339178372589,0.10000000149011612
131.719,1.0,9.835277822365363,0.10000000149011612
131.769,1.0,9.780225138097174,0.10000000149011612
131.818,1.0,9.780224506350027,0.10000000149011612
131.868,1.0,9.78022601376805,0.10000000149011612
131.919,1.0,9.780365099633734,0.10000000149011612
131.969,1.0,9.890216687466536,0.10000000149011612
132.018,1.0,9.917530365598699,0.10000000149011612
132.069,1.0,9.615451297577884,0.10000000149011612
132.119,1.0,9.835150530541108,0.10000000149011612
132.169,1.0,9.890013960086637,0.10000000149011612
132.219,1.0,9.807819543675416,0.10000000149011612
132.269,1.0,9.780544030231734,0.10000000149011612
132.318,1.0,9.862532446223002,0.10000000149011612
132.369,1.0,9.752808851934969,0.10000000149011612
132.418,1.0,9.835474112547105,0.10000000149011612
132.468,1.0,9.835113788934217,0.10000000149011612
132.518,1.0,9.862746670924954,0.10000000149011612
132.569,1.0,9.835195775950949,0.10000000149011612
132.618,1.0,9.807827866905265,0.10000000149011612
132.669,1.0,9.83529771125565,0.10000000149011612
132.719,1.0,9.835216941622397,0.10000000149011612
132.769,1.0,9.917569137840635,0.10000000149011612
132.819,1.0,9.752764087729156,0.10000000149011612
132.869,1.0,9.890242653257317,0.10000000149011612
132.919,1.0,9.807909947302607,0.10000000149011612
132.969,1.0,9.725078827059932,0.10000000149011612
133.018,1.0,9.862585038402015,0.10000000149011612
133.069,1.0,9.752896071680718,0.10000000149011612
133.119,1.0,9.780371108775338,0.10000000149011612
133.169,1.0,9.780175159561137,0.10000000149011612
133.219,1.0,9.807823929314813,0.10000000149011612
133.269,1.0,9.780339762506385,0.10000000149011612
133.32,1.0,9.835215341548125,0.10000000149011612
133.368,1.0,9.807890572895607,0.10000000149011612
133.419,1.0,9.890113424654636,0.10000000149011612
133.468,1.0,9.780135257914662,0.10000000149011612
133.519,1.0,9.862664538145893,0.10000000149011612
133.569,1.0,9.780397723594474,0.10000000149011612
133.619,1.0,9.835036583493153,0.10000000149011612
133.668,1.0,9.780401663978894,0.10000000149011612
133.718,1.0,9.725230916837852,0.10000000149011612
133.769,1.0,9.890131459467941,0.10000000149011612
133.818,1.0,9.75303653586242,0.10000000149011612
133.869,1.0,9.7251923735357,0.10000000149011612
133.918,1.0,9.780379027790493,0.10000000149011612
133.968,1.0,9.725486303369204,0.10000000149011612
134.019,1.0,9.86256840419438,0.10000000149011612
134.069,1.0,9.753007995751169,0.10000000149011612
134.119,1.0,9.670446980972256,0.10000000149011612
134.169,1.0,9.69794283989403,0.10000000149011612
134.218,1.0,9.780286735896436,0.10000000149011612
134.268,1.0,9.697915263122155,0.10000000149011612
134.319,1.0,9.835271454271343,0.10000000149011612
134.369,1.0,9.835286009539333,0.10000000149011612
134.419,1.0,9.697903630199532,0.10000000149011612
134.469,1.0,9.670314654749301,0.10000000149011612
134.519,1.0,9.862556979039477,0.10000000149011612
134.569,1.0,9.917500000012417,0.10000000149011612
134.618,1.0,9.89039383203619,0.12170344591140747
134.669,1.0,9.890002731709844,0.10000000149011612
134.718,1.0,9.835311442965434,0.10000000149011612
134.769,1.0,9.752767237358624,0.10000000149011612
134.82,1.0,9.752738039775027,0.10000000149011612
134.868,1.0,9.780122671152155,0.10000000149011612
134.918,1.0,9.835030627333456,0.10000000149011612
134.969,1.0,9.780155565341314,0.10000000149011612
135.019,1.0,9.835369042845237,0.10000000149011612
135.068,1.0,9.780300204952558,0.10000000149011612
135.119,1.0,9.780377038050856,0.10000000149011612
135.169,1.0,9.862640869348413,0.10000000149011612
135.219,1.0,9.835348059795797,0.10000000149011612
135.269,1.0,9.835326968857812,0.10000000149011612
135.319,1.0,9.75316550899297,0.10000000149011612
135.369,1.0,9.752885953295563,0.10000000149011612
135.419,1.0,9.945000000008278,0.10000000149011612
135.469,1.0,9.835228209611442,0.10000000149011612
135.519,1.0,9.807726934552193,0.10000000149011612
135.568,1.0,9.780148923604024,0.10000000149011612
135.619,1.0,9.780135516677465,0.10000000149011612
135.668,1.0,9.780064497639735,0.10000000149011612
135.72,1.0,9.670417459495365,0.10000000149011612
135.769,1.0,9.78022218665315,0.10000000149011612
135.82,1.0,9.89024757931216,0.10322922468185425
135.868,1.0,9.86298414365285,0.10539017617702484
135.918,1.0,9.807614952553477,0.10000000149011612
135.969,1.0,9.807635251039432,0.10000000149011612
136.019,1.0,9.862620147152079,0.10000000149011612
136.069,1.0,9.835355632503827,0.10000000149011612
136.119,1.0,9.72524912448393,0.10000000149011612
136.169,1.0,9.780111525828639,0.10000000149011612
136.218,1.0,9.78044584095478,0.10000000149011612
136.268,1.0,9.862783982542654,0.10000000149011612
136.318,1.0,9.862611109597815,0.10000000149011612
136.369,1.0,9.72534956915511,0.10000000149011612
136.418,1.0,9.752617284738355,0.10000000149011612
136.469,1.0,9.917500000012417,0.10000000149011612
136.519,1.0,9.862754556578066,0.10000000149011612
136.568,1.0,9.725572469892601,0.10000000149011612
136.618,1.0,9.83542748004612,0.10000000149011612
136.669,1.0,9.752927675926022,0.10000000149011612
136.718,1.0,9.890011848426527,0.10000000149011612
136.768,1.0,9.697773323497838,0.10000000149011612
136.818,1.0,9.752883675135672,0.10000000149011612
136.869,1.0,9.780156174322798,0.10000000149011612
136.919,1.0,9.835325122852293,0.10000000149011612
136.969,1.0,9.862599685746762,0.10000000149011612
137.019,1.0,9.945099843935006,0.10000000149011612
137.069,1.0,9.752799861236578,0.10000000149011612
137.118,1.0,9.752827874943614,0.10000000149011612
137.169,1.0,9.752869915568994,0.10000000149011612
137.218,1.0,9.83528029233631,0.10000000149011612
137.269,1.0,9.862744537968602,0.1061871126294136
137.319,1.0,9.917534585711028,0.10000000149011612
137.369,1.0,9.862596539759801,0.10000000149011612
137.419,1.0,9.780189873526494,0.10000000149011612
137.468,1.0,9.83518329206854,0.10000000149011612
137.518,1.0,9.862569751549099,0.10000000149011612
137.568,1.0,9.752976929893096,0.10000000149011612
137.619,1.0,9.862697683585187,0.10000000149011612
137.669,1.0,9.862630544333822,0.10000000149011612
137.718,1.0,9.780182285441292,0.10000000149011612
137.768,1.0,9.807616341321005,0.10000000149011612
137.818,1.0,9.917554458686046,0.10000000149011612
137.868,1.0,9.86254292310526,0.10000000149011612
137.919,1.0,9.752710787910555,0.10000000149011612
137.968,1.0,9.80755328612609,0.10000000149011612
138.019,1.0,9.780256964990663,0.10000000149011612
138.068,1.0,9.80780822614001,0.10000000149011612
138.119,1.0,9.917532848297721,0.10000000149011612
138.168,1.0,9.86262749924014,0.10000000149011612
138.218,1.0,9.945076709551115,0.10000000149011612
138.269,1.0,9.835108571872116,0.10000000149011612
138.319,1.0,9.80773652597434,0.10000000149011612
138.368,1.0,9.725261982675228,0.10000000149011612
138.418,1.0,9.780284792039957,0.10000000149011612
138.468,1.0,9.83521024980065,0.10000000149011612
138.518,1.0,9.78006274615311,0.10000000149011612
138.569,1.0,9.835096223486794,0.10000000149011612
138.618,1.0,9.80770062233011,0.10000000149011612
138.669,1.0,9.807605278802415,0.10000000149011612
138.719,1.0,9.780304025092887,0.10000000149011612
138.769,1.0,9.752844426056576,0.10000000149011612
138.819,1.0,9.725368063006965,0.10000000149011612
138.869,1.0,9.890258367380333,0.10000000149011612
138.919,1.0,9.752855564571089,0.10000000149011612
138.968,1.0,9.835188144776556,0.10000000149011612
139.019,1.0,9.835210522553988,0.10000000149011612
139.069,1.0,9.807701588711804,0.10000000149011612
139.119,1.0,9.97262351533605,0.14446552097797394
139.168,1.0,9.89015994415515,0.10000000149011612
139.219,1.0,9.807663586963383,0.10000000149011612
139.269,1.0,9.862817238933511,0.10000000149011612
139.318,1.0,9.780085461296968,0.10000000149011612
139.369,1.0,9.698061912734476,0.10000000149011612
139.419,1.0,9.80797401310669,0.10000000149011612
139.469,1.0,9.917606792950796,0.10000000149011612
139.519,1.0,9.780293418011732,0.10000000149011612
139.569,1.0,9.697908679934011,0.10000000149011612
139.618,1.0,9.862543421569798,0.10000000149011612
139.668,1.0,9.835428667834236,0.10000000149011612
139.719,1.0,9.780071613151167,0.10000000149011612
139.769,1.0,9.917671393458214,0.10000000149011612
139.818,1.0,9.945114118750725,0.11982446908950806
139.869,1.0,9.862736491134598,0.10000000149011612
139.919,1.0,9.862717389729287,0.10000000149011612
139.968,1.0,9.862666997375587,0.10000000149011612
140.019,1.0,9.752885683108534,0.10000000149011612
140.068,1.0,9.642886037545072,0.10000000149011612
140.119,1.0,9.80770222770257,0.10000000149011612
140.169,1.0,9.89018244114187,0.10000000149011612
140.218,1.0,9.807821348516477,0.10000000149011612
140.269,1.0,9.697950801356798,0.10000000149011612
140.318,1.0,9.752645899914205,0.10000000149011612
140.369,1.0,9.89017814890378,0.10000000149011612
140.419,1.0,9.835279250579577,0.10000000149011612
140.469,1.0,9.61525775572906,0.10000000149011612
140.518,1.0,9.835179802278677,0.10000000149011612
140.569,1.0,9.83529503730436,0.10000000149011612
140.618,1.0,9.780141923286848,0.10000000149011612
140.669,1.0,9.725349887688127,0.10000000149011612
140.719,1.0,9.917512650870615,0.10000000149011612
140.768,1.0,9.78012958108965,0.10000000149011612
140.819,1.0,9.752765929740336,0.10000000149011612
140.868,1.0,9.753162051633828,0.10000000149011612
140.918,1.0,9.78019086971051,0.10000000149011612
140.968,1.0,9.890170491693748,0.10000000149011612
141.018,1.0,9.807764921130406,0.10000000149011612
141.068,1.0,9.80776608776715,0.10000000149011612
141.118,1.0,9.725201965806384,0.10000000149011612
141.168,1.0,9.80786754205409,0.10000000149011612
141.218,1.0,9.780398126650187,0.10000000149011612
141.268,1.0,9.835088172430794,0.10000000149011612
141.318,1.0,9.89002705756575,0.10000000149011612
141.368,1.0,9.752881841175258,0.10000000149011612
141.419,1.0,9.862662326151298,0.10000000149011612
141.468,1.0,9.780304704234004,0.10000000149011612
141.518,1.0,9.643020268157125,0.10000000149011612
141.568,1.0,9.835090881958603,0.10000000149011612
141.618,1.0,9.752987904329267,0.10000000149011612
141.669,1.0,9.67055755617718,0.10000000149011612
141.718,1.0,9.83518127805243,0.10000000149011612
141.768,1.0,9.670539720149504,0.10000000149011612
141.819,1.0,9.780316053827603,0.10000000149011612
141.869,1.0,9.752995915628142,0.10000000149011612
141.918,1.0,9.67045648333927,0.10000000149011612
141.968,1.0,9.835155379254784,0.10000000149011612
142.018,1.0,9.80764061756846,0.10000000149011612
142.068,1.0,9.697803754566444,0.10000000149011612
142.119,1.0,9.75285159173525,0.10000000149011612
142.168,1.0,9.835222584961189,0.10000000149011612
142.218,1.0,9.862582071518732,0.10000000149011612
142.269,1.0,9.807960372542341,0.10000000149011612
142.318,1.0,9.862646793843144,0.10000000149011612
142.368,1.0,9.862564315936632,0.10000000149011612
142.418,1.0,9.752503090496692,0.10000000149011612
142.468,1.0,9.835051543782983,0.10000000149011612
142.518,1.0,9.697876275641223,0.10000000149011612
142.568,1.0,9.807733746514552,0.10000000149011612
142.618,1.0,9.780532410244147,0.10000000149011612
142.668,1.0,9.807792085967957,0.10000000149011612
142.718,1.0,9.835168861680561,0.10000000149011612
142.769,1.0,9.697979719916152,0.10000000149011612
142.818,1.0,9.862623099837865,0.10000000149011612
142.869,1.0,9.780387496410144,0.10000000149011612
142.918,1.0,9.69786714375433,0.10000000149011612
142.969,1.0,9.917568846419453,0.10000000149011612
143.019,1.0,9.725137140084472,0.10000000149011612
143.069,1.0,9.890196123470863,0.10000000149011612
143.119,1.0,9.862743371766474,0.10000000149011612
143.169,1.0,9.725481345090602,0.10000000149011612
143.218,1.0,9.89006235289077,0.10000000149011612
143.268,1.0,9.643060084929068,0.10000000149011612
143.318,1.0,9.752646801517242,0.10000000149011612
143.368,1.0,9.670424347660608,0.10000000149011612
143.419,1.0,9.835155557572014,0.10000000149011612
143.468,1.0,9.862517563895219,0.10000000149011612
143.519,1.0,9.75284986069633,0.10000000149011612
143.568,1.0,9.780117801949382,0.10000000149011612
143.619,1.0,9.862725638474027,0.10000000149011612
143.669,1.0,9.862714975492821,0.10000000149011612
143.718,1.0,9.835182130543721,0.10000000149011612
143.769,1.0,9.862622753158211,0.10000000149011612
143.818,1.0,9.752710851716499,0.10000000149011612
143.868,1.0,9.725380259648793,0.10000000149011612
143.918,1.0,9.945000000008278,0.10000000149011612
143.969,1.0,9.862782401094835,0.10000000149011612
144.019,1.0,9.835036641338633,0.10000000149011612
144.068,1.0,9.725257041760617,0.10000000149011612
144.12,1.0,9.780166097523438,0.10000000149011612
144.169,1.0,9.807943329649667,0.10000000149011612
144.218,1.0,9.643300745760401,0.10000000149011612
144.268,1.0,9.80778746008873,0.10000000149011612
144.318,1.0,9.807682031206786,0.10000000149011612
144.368,1.0,9.78004776276648,0.10000000149011612
144.418,1.0,9.807814083434641,0.10000000149011612
144.468,1.0,9.752729798956878,0.10000000149011612
144.518,1.0,9.643161350157525,0.10000000149011612
144.568,1.0,9.808075738636155,0.10000000149011612
144.618,1.0,9.780425866548386,0.10000000149011612
144.669,1.0,9.890270378771756,0.11503604054450989
144.718,1.0,9.862593835468093,0.10000000149011612
144.768,1.0,9.807724746461544,0.10000000149011612
144.818,1.0,9.862745164127814,0.10000000149011612
144.869,1.0,9.890053534714712,0.10000000149011612
144.919,1.0,9.83537857323471,0.10000000149011612
144.968,1.0,9.917643836720123,0.10121124982833862
145.019,1.0,9.890000000016556,0.10000000149011612
145.069,1.0,9.72513763759699,0.10000000149011612
145.119,1.0,9.75261908504698,0.10000000149011612
145.169,1.0,9.807648833137419,0.10000000149011612
145.219,1.0,9.807982719068725,0.10000000149011612
145.268,1.0,9.890217284713355,0.10000000149011612
145.318,1.0,9.862738171571658,0.10000000149011612
145.368,1.0,9.835184999845094,0.10000000149011612
145.419,1.0,9.780285974364315,0.10000000149011612
145.468,1.0,9.86261333314081,0.10000000149011612
145.518,1.0,9.835037015854484,0.10000000149011612
145.569,1.0,9.780085747047432,0.10000000149011612
145.619,1.0,9.72530082238631,0.10000000149011612
145.668,1.0,9.752990080312722,0.10000000149011612
145.719,1.0,9.725093857364522,0.10000000149011612
145.768,1.0,9.780360030279391,0.10000000149011612
145.819,1.0,9.807602553773258,0.10000000149011612
145.869,1.0,9.780402645489408,0.10075638443231583
145.919,1.0,9.80770690790895,0.10000000149011612
145.968,1.0,9.80766927080436,0.10000000149011612
146.018,1.0,9.752501588935653,0.10000000149011612
146.069,1.0,9.807647522683773,0.10000000149011612
146.118,1.0,9.835044990314378,0.10000000149011612
146.168,1.0,9.752762536828717,0.10000000149011612
146.219,1.0,9.807929663608471,0.10000000149011612
146.268,1.0,9.862668281545242,0.10000000149011612
146.319,1.0,9.78048511851165,0.10000000149011612
146.369,1.0,9.752871171364355,0.10000000149011612
146.419,1.0,9.862702665995393,0.10000000149011612
146.469,1.0,9.835112855831783,0.10000000149011612
146.518,1.0,9.725421632371015,0.10000000149011612
146.569,1.0,9.697930608151687,0.10000000149011612
146.618,1.0,9.80781910220782,0.10000000149011612
146.669,1.0,9.890013487802612,0.10000000149011612
146.718,1.0,9.780581381316814,0.10572225600481033
146.768,1.0,9.862717561589347,0.10000000149011612
146.818,1.0,9.807710554740495,0.10000000149011612
146.868,1.0,9.752771111018955,0.10000000149011612
146.918,1.0,9.643130408123964,0.10000000149011612
146.968,1.0,9.75277191311535,0.10000000149011612
147.018,1.0,9.890171405155625,0.10000000149011612
147.068,1.0,9.835231059810354,0.10000000149011612
147.119,1.0,9.725105306899382,0.10000000149011612
147.169,1.0,9.780075967291163,0.10000000149011612
147.219,1.0,9.670394211345249,0.10000000149011612
147.269,1.0,9.835023233687712,0.10000000149011612
147.319,1.0,9.835219519005882,0.10000000149011612
147.369,1.0,9.9175906587806,0.10000000149011612
147.419,1.0,9.807930523074335,0.10000000149011612
147.469,1.0,9.862540457728837,0.10000000149011612
147.519,1.0,9.780273425930904,0.10000000149011612
147.568,1.0,9.780397896634208,0.10000000149011612
147.618,1.0,9.64273560643196,0.10000000149011612
147.668,1.0,9.780388581566513,0.10000000149011612
147.719,1.0,9.670290438975725,0.10000000149011612
147.768,1.0,9.835199228819047,0.10000000149011612
147.819,1.0,9.807704307656321,0.10000000149011612
147.869,1.0,9.807969938798083,0.10000000149011612
147.918,1.0,9.752598187120425,0.10000000149011612
147.968,1.0,9.835227695645557,0.10000000149011612
148.019,1.0,9.780343129961855,0.10000000149011612
148.068,1.0,9.780304537154734,0.10000000149011612
148.118,1.0,9.752665047471721,0.10000000149011612
148.169,1.0,9.890162863665157,0.10000000149011612
148.218,1.0,9.725515428702865,0.10000000149011612
148.269,1.0,9.862694133673276,0.10000000149011612
148.318,1.0,9.780291662054758,0.10000000149011612
148.368,1.0,9.862732596115933,0.10000000149011612
148.418,1.0,9.780283861234784,0.10000000149011612
148.469,1.0,9.835222160153918,0.10000000149011612
148.518,1.0,9.807701745587918,0.10000000149011612
148.568,1.0,9.862621207369699,0.10000000149011612
148.619,1.0,9.86259124490122,0.10000000149011612
148.669,1.0,9.615757860533066,0.10000000149011612
148.719,1.0,9.807702436856925,0.10000000149011612
148.768,1.0,9.807733551267948,0.10000000149011612
148.819,1.0,9.89018291203926,0.10000000149011612
148.868,1.0,9.86274074440201,0.10000000149011612
148.918,1.0,9.862585763716035,0.10000000149011612
148.968,1.0,9.807649381438063,0.10000000149011612
149.018,1.0,9.862761738254791,0.10000000149011612
149.069,1.0,9.780191933425764,0.10000000149011612
149.118,1.0,9.725124529956116,0.10000000149011612
149.169,1.0,9.670440617659025,0.10000000149011612
149.219,1.0,9.807739982257287,0.10000000149011612
149.268,1.0,9.835438926869797,0.10000000149011612
149.318,1.0,9.890023057183457,0.10000000149011612
149.368,1.0,9.890000000016556,0.10000000149011612
149.418,1.0,9.835160855576396,0.10000000149011612
149.468,1.0,9.917536493514975,0.10000000149011612
149.519,1.0,9.945095575249029,0.11117823421955109
149.569,1.0,9.862638420942757,0.10000000149011612
149.619,1.0,9.752738568041888,0.10000000149011612
149.668,1.0,9.835219474509358,0.10000000149011612
149.718,1.0,9.807762161704401,0.10000000149011612
149.768,1.0,9.75297019980434,0.10000000149011612
149.818,1.0,9.725285285525024,0.10000000149011612
149.868,1.0,9.83518784004781,0.10000000149011612
149.918,1.0,9.862608057219122,0.10000000149011612
149.969,1.0,9.807718769792054,0.10000000149011612
150.019,1.0,9.835287936528523,0.10000000149011612
150.069,1.0,9.89015921027296,0.10000000149011612
150.118,1.0,9.670559811012613,0.10000000149011612
150.169,1.0,9.78028665896919,0.10000000149011612
150.218,1.0,9.8626490627312,0.10000000149011612
150.268,1.0,9.752841260242793,0.10000000149011612
150.319,1.0,9.725805223857362,0.10000000149011612
150.369,1.0,9.890038436671926,0.10000000149011612
150.418,1.0,9.890154694248405,0.10000000149011612
150.469,1.0,9.752675545215606,0.10000000149011612
150.519,1.0,9.807755411954389,0.10000000149011612
150.569,1.0,9.86273782002843,0.10000000149011612
150.618,1.0,9.643026275436084,0.10000000149011612
150.669,1.0,9.64299816623744,0.10000000149011612
150.719,1.0,9.725545674127837,0.10000000149011612
150.769,1.0,9.725159188629025,0.10000000149011612
150.818,1.0,9.725371130204035,0.10000000149011612
150.868,1.0,9.86261584620095,0.10000000149011612
150.918,1.0,9.945231889353858,0.13957534730434418
150.968,1.0,9.807726689159042,0.10000000149011612
151.018,1.0,9.697966086740296,0.10000000149011612
151.068,1.0,9.615567780865563,0.10000000149011612
151.119,1.0,9.780210926383734,0.10000000149011612
151.169,1.0,9.835015356292327,0.10000000149011612
151.219,1.0,9.75300746642881,0.10000000149011612
151.268,1.0,9.780242665174107,0.10000000149011612
151.318,1.0,9.670343692580031,0.10000000149011612
151.368,1.0,9.83514839294884,0.10000000149011612
151.418,1.0,9.72518208798849,0.10000000149011612
151.468,1.0,9.670263744911386,0.10000000149011612
151.519,1.0,9.725310316868127,0.10000000149011612
151.569,1.0,9.89010784642564,0.10000000149011612
151.618,1.0,9.807729648674528,0.10000000149011612
151.668,1.0,9.835099563437204,0.10000000149011612
151.719,1.0,9.75298783990244,0.10000000149011612
151.769,1.0,9.862651509108643,0.10000000149011612
151.819,1.0,9.752832399432858,0.10000000149011612
151.869,1.0,9.725215602128042,0.10000000149011612
151.919,1.0,9.945032259821891,0.10000000149011612
151.968,1.0,9.917838626644677,0.12868086993694305
152.018,1.0,9.725199750479725,0.10000000149011612
152.069,1.0,9.835084885648556,0.10000000149011612
152.119,1.0,9.780234563433462,0.10000000149011612
152.169,1.0,9.917560101155605,0.10000000149011612
152.219,1.0,9.697957982909347,0.10000000149011612
152.268,1.0,9.752980678901077,0.10000000149011612
152.318,1.0,9.835151638835669,0.10000000149011612
152.368,1.0,9.890037956978713,0.10000000149011612
152.419,1.0,9.69768452503615,0.10000000149011612
152.469,1.0,9.697818409837783,0.10000000149011612
152.519,1.0,9.91765614843203,0.10000000149011612
152.569,1.0,9.780342874965735,0.10000000149011612
152.619,1.0,9.780410210912427,0.10000000149011612
152.669,1.0,9.835184919482304,0.10000000149011612
152.718,1.0,9.615306286555198,0.10000000149011612
152.769,1.0,9.862646105802721,0.10000000149011612
152.819,1.0,9.69791026086443,0.10000000149011612
152.868,1.0,9.890074719923238,0.10000000149011612
152.918,1.0,9.752823049906228,0.10000000149011612
152.968,1.0,9.91753789283749,0.10000000149011612
153.019,1.0,9.835015840021272,0.10000000149011612
153.069,1.0,9.917562687086562,0.10000000149011612
153.119,1.0,9.807844666909013,0.10000000149011612
153.169,1.0,9.86272197547886,0.10000000149011612
153.218,1.0,9.835119916643533,0.10000000149011612
153.269,1.0,9.697954170178209,0.10000000149011612
153.319,1.0,9.917628928998278,0.10000000149011612
153.369,1.0,9.835126448567543,0.10000000149011612
153.418,1.0,9.862678900961246,0.10000000149011612
153.468,1.0,9.835171444796854,0.10000000149011612
153.518,1.0,9.752799681429234,0.10000000149011612
153.568,1.0,9.862820411163073,0.11061368137598038
153.618,1.0,9.642622133634157,0.10000000149011612
153.668,1.0,9.698003295953903,0.10000000149011612
153.718,1.0,9.83513171484487,0.10000000149011612
153.768,1.0,9.697888046668636,0.10000000149011612
153.819,1.0,9.835411602031026,0.10987034440040588
153.869,1.0,9.75276583397968,0.10000000149011612
153.918,1.0,9.835289761672417,0.10000000149011612
153.969,1.0,9.862592737418082,0.10000000149011612
154.019,1.0,9.917598505690695,0.10000000149011612
154.069,1.0,9.780090399852229,0.10000000149011612
154.119,1.0,9.807638183587954,0.10000000149011612
154.168,1.0,9.807721414127284,0.10000000149011612
154.218,1.0,9.80776639657302,0.10000000149011612
154.268,1.0,9.835552589822974,0.10000000149011612
154.319,1.0,9.862701182481315,0.10000000149011612
154.369,1.0,9.835208065766427,0.10000000149011612
154.419,1.0,9.890137342674036,0.10000000149011612
154.468,1.0,9.807750524911615,0.10000000149011612
154.518,1.0,9.725455383935737,0.10000000149011612
154.568,1.0,9.807755090772277,0.10000000149011612
154.619,1.0,9.807696833523611,0.10000000149011612
154.669,1.0,9.835113569224875,0.10000000149011612
154.718,1.0,9.780276521026261,0.10000000149011612
154.768,1.0,9.80771280100776,0.10000000149011612
154.819,1.0,9.862578663685255,0.10000000149011612
154.869,1.0,9.862859319233232,0.10000000149011612
154.919,1.0,9.807862091912991,0.10000000149011612
154.968,1.0,9.945105385138756,0.11327336728572845
155.018,1.0,9.725396366562281,0.10000000149011612
155.069,1.0,9.91759966177245,0.10000000149011612
155.118,1.0,9.835255974965792,0.10000000149011612
155.169,1.0,9.807589173937837,0.10000000149011612
155.219,1.0,9.890015738333265,0.10000000149011612
155.269,1.0,9.80766590129998,0.10000000149011612
155.319,1.0,9.862688989419905,0.10000000149011612
155.369,1.0,9.697860073608657,0.10000000149011612
155.418,1.0,9.80795296749307,0.10000000149011612
155.469,1.0,9.780322484423717,0.10000000149011612
155.518,1.0,9.89016919216762,0.10000000149011612
155.568,1.0,9.890000000016556,0.10000000149011612
155.618,1.0,9.780484437073271,0.10000000149011612
155.668,1.0,9.780287541138629,0.10000000149011612
155.719,1.0,9.945090751701759,0.10000000149011612
155.768,1.0,9.807787554214398,0.10000000149011612
155.818,1.0,9.752982069386377,0.10000000149011612
155.868,1.0,9.752951919825541,0.10000000149011612
155.919,1.0,9.752857711931897,0.10000000149011612
155.969,1.0,9.807754726770023,0.10000000149011612
156.018,1.0,9.917691378316118,0.10617201030254364
156.069,1.0,9.807945182277924,0.10000000149011612
156.118,1.0,9.890108017250896,0.10000000149011612
156.168,1.0,9.75252030355235,0.10000000149011612
156.219,1.0,9.780199780149593,0.10000000149011612
156.268,1.0,9.835370077668793,0.10000000149011612
156.318,1.0,9.752702484134998,0.10000000149011612
156.368,1.0,9.835131581375997,0.10000000149011612
156.418,1.0,9.917680694183542,0.10000000149011612
156.469,1.0,9.917603577011162,0.10000000149011612
156.519,1.0,9.862687419706749,0.10000000149011612
156.569,1.0,9.643000078408255,0.10000000149011612
156.618,1.0,9.780423363856972,0.10000000149011612
156.669,1.0,9.670576565878259,0.10000000149011612
156.719,1.0,9.725240699470872,0.10000000149011612
156.769,1.0,9.945241662404603,0.14224305748939514
156.818,1.0,9.670453570431306,0.10000000149011612
156.868,1.0,9.807711810535855,0.10000000149011612
156.918,1.0,9.807842453279429,0.10000000149011612
156.969,1.0,9.890188209091624,0.10000000149011612
157.019,1.0,9.752903492024375,0.10000000149011612
157.069,1.0,9.862563666804798,0.10000000149011612
157.119,1.0,9.91762750301924,0.10000000149011612
157.168,1.0,9.917671198459963,0.1013549193739891
157.218,1.0,9.725370906024343,0.10000000149011612
157.268,1.0,9.807613621445165,0.10000000149011612
157.318,1.0,9.862758224188454,0.10000000149011612
157.368,1.0,9.752745941136446,0.10000000149011612
157.419,1.0,9.780221533071664,0.10000000149011612
157.469,1.0,9.835259488204287,0.10000000149011612
157.519,1.0,9.670711633687217,0.10000000149011612
157.569,1.0,9.670523767628604,0.10000000149011612
157.619,1.0,9.807813696273499,0.10000000149011612
157.668,1.0,9.642968325275515,0.10000000149011612
157.72,1.0,9.862722814517717,0.10000000149011612
157.768,1.0,9.862500000020695,0.10000000149011612
157.819,1.0,9.890000000016556,0.10000000149011612
157.869,1.0,9.725248242148922,0.10000000149011612
157.919,1.0,9.780179817208813,0.10000000149011612
157.969,1.0,9.89015823379159,0.10000000149011612
158.019,1.0,9.780369367346996,0.10000000149011612
158.069,1.0,9.862662012067934,0.10000000149011612
158.118,1.0,9.8076225384242,0.10000000149011612
158.169,1.0,9.83514878174497,0.10000000149011612
158.218,1.0,9.917562599790593,0.10000000149011612
158.268,1.0,9.780425758142439,0.10000000149011612
158.319,1.0,9.780174665691124,0.10000000149011612
158.369,1.0,9.80775269470695,0.10000000149011612
158.418,1.0,9.780157377115554,0.10000000149011612
158.469,1.0,9.835040665852526,0.10000000149011612
158.518,1.0,9.890037422916956,0.10000000149011612
158.568,1.0,9.835160748122467,0.10000000149011612
158.618,1.0,9.753155203018752,0.10000000149011612
158.669,1.0,9.862579692982965,0.10000000149011612
158.719,1.0,9.89006461178263,0.10000000149011612
158.769,1.0,9.807859300718539,0.10000000149011612
158.819,1.0,9.725388908096486,0.10000000149011612
158.869,1.0,9.862758967238996,0.10000000149011612
158.918,1.0,9.917500000012417,0.10000000149011612
158.969,1.0,9.780327452077634,0.10000000149011612
159.018,1.0,9.780331223292484,0.10000000149011612
159.068,1.0,9.890254299735858,0.10000000149011612
159.119,1.0,9.835314937225647,0.10000000149011612
159.169,1.0,9.835344382085735,0.10000000149011612
159.219,1.0,9.890253261932068,0.10000000149011612
159.269,1.0,9.78028679881245,0.10000000149011612
159.319,1.0,9.753023452974029,0.10000000149011612
159.369,1.0,9.862610128418439,0.10000000149011612
159.419,1.0,9.862501471924285,0.10000000149011612
159.468,1.0,9.83512709726476,0.10000000149011612
159.518,1.0,9.890143730553488,0.10000000149011612
159.568,1.0,9.807705993122525,0.10000000149011612
159.619,1.0,9.835136305809849,0.10000000149011612
159.669,1.0,9.835281615931954,0.10000000149011612
159.719,1.0,9.725378750616478,0.10000000149011612
159.768,1.0,9.835120983897811,0.10000000149011612
159.818,1.0,9.890246599622898,0.10000000149011612
159.869,1.0,9.8900878339385,0.10000000149011612
159.919,1.0,9.725237735381556,0.10000000149011612
159.969,1.0,9.752673434259163,0.10000000149011612
160.018,1.0,9.862666760447125,0.10000000149011612
160.069,1.0,9.862775736612578,0.10000000149011612
160.119,1.0,9.780208521294925,0.10000000149011612
160.168,1.0,9.835424234055811,0.10000000149011612
160.218,1.0,9.780252047814429,0.10000000149011612
160.269,1.0,9.7253184405052,0.10000000149011612
160.318,1.0,9.64314840272483,0.10000000149011612
160.368,1.0,9.80783175519771,0.10000000149011612
160.419,1.0,9.642692968601153,0.10000000149011612
160.468,1.0,9.83527441829857,0.10000000149011612
160.519,1.0,9.807757578190003,0.10000000149011612
160.568,1.0,9.835222245939075,0.10000000149011612
160.618,1.0,9.807884342927071,0.10000000149011612
160.669,1.0,9.780372989322576,0.10000000149011612
160.719,1.0,9.807500000028975,0.10000000149011612
160.769,1.0,9.862539494223892,0.10000000149011612
160.819,1.0,9.752736641363137,0.10000000149011612
160.868,1.0,9.835113112649156,0.10000000149011612
160.918,1.0,9.835126917622983,0.10000000149011612
160.968,1.0,9.862669470719993,0.10000000149011612
161.018,1.0,9.890073514419297,0.10000000149011612
161.069,1.0,9.835144667989677,0.10000000149011612
161.118,1.0,9.752695685562989,0.10000000149011612
161.169,1.0,9.75291990497046,0.10000000149011612
161.218,1.0,9.807723920647469,0.10000000149011612
161.269,1.0,9.698036497106983,0.10000000149011612
161.319,1.0,9.945117578117383,0.11209973692893982
161.368,1.0,9.752650666981936,0.10000000149011612
161.419,1.0,9.67063528071675,0.10000000149011612
161.469,1.0,9.780314061852794,0.10000000149011612
161.518,1.0,9.752980505902734,0.10000000149011612
161.569,1.0,9.862813270547324,0.10000000149011612
161.619,1.0,9.725257773283456,0.10000000149011612
161.669,1.0,9.780222731311287,0.10000000149011612
161.719,1.0,9.80786418641607,0.10000000149011612
161.769,1.0,9.89001889369554,0.10000000149011612
161.819,1.0,9.835533274586002,0.11711142957210541
161.868,1.0,9.862777461753124,0.10000000149011612
161.918,1.0,9.862753113338517,0.10000000149011612
161.969,1.0,9.862790246928732,0.10000000149011612
162.019,1.0,9.670287874009874,0.10000000149011612
162.068,1.0,9.725305256640745,0.10000000149011612
162.119,1.0,9.890073186697231,0.10000000149011612
162.168,1.0,9.862731928875048,0.10000000149011612
162.219,1.0,9.752818379426996,0.10000000149011612
162.269,1.0,9.835094365167121,0.10000000149011612
162.319,1.0,9.753083656003906,0.10000000149011612
162.369,1.0,9.835250690620807,0.10000000149011612
162.418,1.0,9.752719131070707,0.10000000149011612
162.469,1.0,9.752902301835517,0.10000000149011612
162.518,1.0,9.64301896819638,0.10000000149011612
162.569,1.0,9.752740361106893,0.10000000149011612
162.618,1.0,9.752895182764364,0.10000000149011612
162.669,1.0,9.862669114437368,0.10000000149011612
162.719,1.0,9.69766338173714,0.10000000149011612
162.768,1.0,9.752843484468759,0.10000000149011612
162.819,1.0,9.78028553639435,0.10000000149011612
162.869,1.0,9.752813150237005,0.10000000149011612
162.919,1.0,9.835049318874049,0.10000000149011612
162.969,1.0,9.725203877377014,0.10000000149011612
163.018,1.0,9.917500000012417,0.10000000149011612
163.069,1.0,9.697983795570003,0.10000000149011612
163.118,1.0,9.890148385241627,0.10000000149011612
163.169,1.0,9.752910828859441,0.10000000149011612
163.218,1.0,9.835083588026464,0.10000000149011612
163.269,1.0,9.83529612287465,0.10000000149011612
163.319,1.0,9.862714749926495,0.10000000149011612
163.368,1.0,9.780230393260718,0.10000000149011612
163.419,1.0,9.835194116002983,0.10000000149011612
163.468,1.0,9.91756596252736,0.10000000149011612
163.518,1.0,9.752958212792873,0.10000000149011612
163.569,1.0,9.945022315697537,0.10000000149011612
163.619,1.0,9.917725727665756,0.11512922495603561
163.669,1.0,9.807562902983692,0.10000000149011612
163.719,1.0,9.890153666689164,0.10000000149011612
163.769,1.0,9.72540795598179,0.10000000149011612
163.819,1.0,9.752851278086503,0.10000000149011612
163.869,1.0,9.835101721332306,0.10000000149011612
163.919,1.0,9.835223998253545,0.10000000149011612
163.969,1.0,9.835117208357486,0.10000000149011612
164.019,1.0,9.807735599515338,0.10000000149011612
164.069,1.0,9.807660137013428,0.10000000149011612
164.118,1.0,9.835197197687295,0.10000000149011612
164.168,1.0,9.725329127079911,0.10000000149011612
164.219,1.0,9.80766941273792,0.10000000149011612
164.268,1.0,9.835205573133296,0.10000000149011612
164.319,1.0,9.89018455406444,0.10000000149011612
164.369,1.0,9.862723663076759,0.10000000149011612
164.419,1.0,9.780519072297547,0.10000000149011612
164.468,1.0,9.697821698586147,0.10000000149011612
164.518,1.0,9.752774002796246,0.10000000149011612
164.569,1.0,9.917637932714488,0.10000000149011612
164.618,1.0,9.780372246313426,0.10000000149011612
164.668,1.0,9.752720205340948,0.10000000149011612
164.719,1.0,9.697979257649017,0.10000000149011612
164.769,1.0,9.917789329381453,0.12628962099552155
164.819,1.0,9.80791036143071,0.10000000149011612
164.869,1.0,9.83507127892226,0.10000000149011612
164.919,1.0,9.835227395635512,0.10000000149011612
164.969,1.0,9.725336032464272,0.10000000149011612
165.019,1.0,9.725205406670769,0.10000000149011612
165.068,1.0,9.725300982718666,0.10000000149011612
165.119,1.0,9.83534924696303,0.10000000149011612
165.169,1.0,9.780394509745141,0.10000000149011612
165.219,1.0,9.835282980609271,0.10000000149011612
165.268,1.0,9.862500000020695,0.10000000149011612
165.318,1.0,9.807851300678319,0.10000000149011612
165.369,1.0,9.890122396374743,0.10000000149011612
165.419,1.0,9.807652400475408,0.10000000149011612
165.468,1.0,9.780053709240423,0.10000000149011612
165.518,1.0,9.807649685421751,0.10000000149011612
165.569,1.0,9.780282722910245,0.10000000149011612
165.618,1.0,9.835333930225008,0.10000000149011612
165.668,1.0,9.807854451942775,0.10000000149011612
165.719,1.0,9.890142176879777,0.10000000149011612
165.768,1.0,9.807714897042347,0.10000000149011612
165.818,1.0,9.890260789088076,0.10000000149011612
165.869,1.0,9.807500000028975,0.10000000149011612
165.919,1.0,9.890124547667801,0.10000000149011612
165.968,1.0,9.835464482402635,0.10108517855405807
166.019,1.0,9.862670544617705,0.10000000149011612
166.068,1.0,9.862549357343878,0.10000000149011612
166.119,1.0,9.75288545321673,0.10000000149011612
166.169,1.0,9.83512437639551,0.10000000149011612
166.219,1.0,9.862676320845882,0.10000000149011612
166.268,1.0,9.807911943023404,0.10000000149011612
166.319,1.0,9.807715933273236,0.10000000149011612
166.369,1.0,9.807667411118747,0.10000000149011612
166.419,1.0,9.835181475120287,0.10000000149011612
166.468,1.0,9.670512540700535,0.10000000149011612
166.518,1.0,9.945000000008278,0.10000000149011612
166.568,1.0,9.890198574960232,0.10000000149011612
166.618,1.0,9.670569188416833,0.10000000149011612
166.669,1.0,9.917500000012417,0.10000000149011612
166.719,1.0,9.835414087751673,0.10000000149011612
166.769,1.0,9.807673413389258,0.10000000149011612
166.818,1.0,9.835283639944262,0.10000000149011612
166.869,1.0,9.862576816396581,0.10000000149011612
166.919,1.0,9.752516446655823,0.10000000149011612
166.969,1.0,9.780409802455042,0.10000000149011612
167.019,1.0,9.807874375726614,0.10000000149011612
167.069,1.0,9.835374750196934,0.10000000149011612
167.119,1.0,9.75261299641182,0.10000000149011612
167.169,1.0,9.835342312893934,0.10000000149011612
167.219,1.0,9.752752411965695,0.10000000149011612
167.268,1.0,9.89022194656233,0.10000000149011612
167.319,1.0,9.862790633468991,0.10000000149011612
167.368,1.0,9.835111119784415,0.10000000149011612
167.419,1.0,9.642731932902501,0.10000000149011612
167.469,1.0,9.780296274647117,0.10000000149011612
167.518,1.0,9.890100518448484,0.10000000149011612
167.568,1.0,9.945035048532818,0.10000000149011612
167.618,1.0,9.752707313208116,0.10000000149011612
167.669,1.0,9.780433685829243,0.10000000149011612
167.719,1.0,9.725543019113442,0.10000000149011612
167.768,1.0,9.890024751342006,0.10000000149011612
167.818,1.0,9.752779750670824,0.10000000149011612
167.869,1.0,9.780213923710916,0.10000000149011612
167.919,1.0,9.835277393336098,0.10000000149011612
167.968,1.0,9.725289781246747,0.10000000149011612
168.018,1.0,9.752695156695943,0.10000000149011612
168.068,1.0,9.862785165301627,0.10000000149011612
168.119,1.0,9.80774083505902,0.10000000149011612
168.168,1.0,9.752690527857178,0.10000000149011612
168.218,1.0,9.752809474989771,0.10000000149011612
168.268,1.0,9.752720604774852,0.10000000149011612
168.319,1.0,9.890216839003067,0.10000000149011612
168.369,1.0,9.807773279336592,0.10000000149011612
168.418,1.0,9.890154238376352,0.10000000149011612
168.468,1.0,9.835278702568676,0.10000000149011612
168.518,1.0,9.835204289791484,0.10000000149011612
168.568,1.0,9.862500000020695,0.10000000149011612
168.618,1.0,9.72524800962872,0.10000000149011612
168.669,1.0,9.835014101076457,0.10000000149011612
168.718,1.0,9.835247078579332,0.10000000149011612
168.768,1.0,9.78051301555501,0.10000000149011612
168.818,1.0,9.670410675658948,0.10000000149011612
168.868,1.0,9.835055474854178,0.10000000149011612
168.918,1.0,9.89010018799454,0.10000000149011612
168.969,1.0,9.835125211936733,0.10000000149011612
169.018,1.0,9.8076326739043,0.10000000149011612
169.069,1.0,9.835274756078919,0.10000000149011612
169.118,1.0,9.75284155919734,0.10000000149011612
169.168,1.0,9.807673039763339,0.10000000149011612
169.218,1.0,9.780347752095096,0.10000000149011612
169.268,1.0,9.560661409464148,0.10000000149011612
169.319,1.0,9.890089664835896,0.10000000149011612
169.369,1.0,9.67032611210727,0.10000000149011612
169.419,1.0,9.725348225153155,0.10000000149011612
169.468,1.0,9.697808014849821,0.10000000149011612
169.519,1.0,9.86272664072199,0.10000000149011612
169.568,1.0,9.890102319253815,0.10000000149011612
169.619,1.0,9.780231939256192,0.10000000149011612
169.669,1.0,9.917550721619692,0.10000000149011612
169.719,1.0,9.862670868717961,0.10000000149011612
169.769,1.0,9.835223629429109,0.10000000149011612
169.818,1.0,9.752867722718252,0.10000000149011612
169.868,1.0,9.86261018961668,0.10000000149011612
169.919,1.0,9.835345064372651,0.10000000149011612
169.968,1.0,9.808071339420147,0.10000000149011612
170.018,1.0,9.725195743454,0.10000000149011612
170.069,1.0,9.807683575712144,0.10000000149011612
170.119,1.0,9.862719699905979,0.10000000149011612
170.168,1.0,9.752704293549888,0.10000000149011612
170.218,1.0,9.8625814465185,0.10000000149011612
170.268,1.0,9.835042366654509,0.10000000149011612
170.319,1.0,9.615378743120365,0.10000000149011612
170.369,1.0,9.86290252442575,0.10000000149011612
170.419,1.0,9.835261959748136,0.10000000149011612
170.468,1.0,9.862680724904768,0.10000000149011612
170.519,1.0,9.862633503973484,0.10000000149011612
170.568,1.0,9.780363460795748,0.10000000149011612
170.618,1.0,9.835154454327292,0.10000000149011612
170.668,1.0,9.752673340236974,0.10000000149011612
170.718,1.0,9.72536183481829,0.10000000149011612
170.768,1.0,9.67054735718088,0.10000000149011612
170.818,1.0,9.862664303514693,0.10000000149011612
170.868,1.0,9.752589379457964,0.10000000149011612
170.919,1.0,9.89014938150843,0.10000000149011612
170.968,1.0,9.780334923230111,0.10000000149011612
171.018,1.0,9.835017549225853,0.10000000149011612
171.068,1.0,9.80776182597296,0.10000000149011612
171.118,1.0,9.835277090490692,0.10000000149011612
171.169,1.0,9.697848496317036,0.10000000149011612
171.218,1.0,9.807741181221273,0.10000000149011612
171.268,1.0,9.835366411672698,0.1059400886297226
171.318,1.0,9.890079987649289,0.10000000149011612
171.369,1.0,9.752875415566894,0.10000000149011612
171.419,1.0,9.78047893581291,0.10000000149011612
171.468,1.0,9.75286824953639,0.10000000149011612
171.52,1.0,9.890164048866266,0.10000000149011612
171.568,1.0,9.7804158606463,0.10000000149011612
171.618,1.0,9.780400694451398,0.10000000149011612
171.668,1.0,9.83549943715334,0.10000000149011612
171.719,1.0,9.89014952453888,0.10000000149011612
171.769,1.0,9.807765652073755,0.10000000149011612
171.818,1.0,9.835203532129526,0.10000000149011612
171.868,1.0,9.862543316247562,0.10000000149011612
171.918,1.0,9.615574439946148,0.10000000149011612
171.968,1.0,9.945101095053056,0.10000000149011612
172.019,1.0,9.80769769532813,0.10000000149011612
172.069,1.0,9.835109723587003,0.10000000149011612
172.118,1.0,9.862868017372158,0.10000000149011612
172.168,1.0,9.780328802412583,0.10000000149011612
172.219,1.0,9.725421815406945,0.10000000149011612
172.268,1.0,9.86284191560828,0.10000000149011612
172.318,1.0,9.835279482396112,0.10000000149011612
172.368,1.0,9.670380676620537,0.10000000149011612
172.419,1.0,9.752998304015232,0.10000000149011612
172.468,1.0,9.697858411011596,0.10000000149011612
172.519,1.0,9.670381939576732,0.10000000149011612
172.569,1.0,9.780186863967941,0.10000000149011612
172.619,1.0,9.807611313627826,0.10000000149011612
172.668,1.0,9.807857675539951,0.10000000149011612
172.718,1.0,9.780585229272644,0.10000000149011612
172.768,1.0,9.697897337956562,0.10000000149011612
172.818,1.0,9.945225608473022,0.13222026824951172
172.868,1.0,9.862657647083203,0.10000000149011612
172.919,1.0,9.725551497605112,0.10000000149011612
172.969,1.0,9.835388440493908,0.10000000149011612
173.019,1.0,9.917650916054845,0.10000000149011612
173.068,1.0,9.752931187343266,0.10000000149011612
173.118,1.0,9.69792341608554,0.10000000149011612
173.169,1.0,9.86281016473141,0.10000000149011612
173.218,1.0,9.945000000008278,0.10000000149011612
173.268,1.0,9.835239073613451,0.10000000149011612
173.319,1.0,9.807867797257172,0.10000000149011612
173.369,1.0,9.807728777577479,0.10000000149011612
173.418,1.0,9.807889040683706,0.10000000149011612
173.469,1.0,9.780253311557074,0.10000000149011612
173.519,1.0,9.780120268360609,0.10000000149011612
173.568,1.0,9.835283115485476,0.10000000149011612
173.619,1.0,9.697851518479487,0.10000000149011612
173.668,1.0,9.75264171699269,0.10000000149011612
173.718,1.0,9.862586313175658,0.10000000149011612
173.769,1.0,9.807760938153498,0.10000000149011612
173.818,1.0,9.890097163348562,0.10000000149011612
173.869,1.0,9.808035387347141,0.10000000149011612
173.918,1.0,9.780150658947726,0.10000000149011612
173.969,1.0,9.725436555863254,0.10000000149011612
174.018,1.0,9.807871222061415,0.10000000149011612
174.068,1.0,9.807883083861736,0.10000000149011612
174.119,1.0,9.780263655508557,0.10000000149011612
174.169,1.0,9.862866701185704,0.10616093873977661
174.218,1.0,9.807643741079502,0.10000000149011612
174.268,1.0,9.807653510363565,0.10000000149011612
174.318,1.0,9.862593735195697,0.10000000149011612
174.369,1.0,9.780233865541716,0.10000000149011612
174.418,1.0,9.725366869320473,0.10000000149011612
174.468,1.0,9.725291943757071,0.10000000149011612
174.519,1.0,9.725269342503614,0.10000000149011612
174.568,1.0,9.780357037422558,0.10000000149011612
174.618,1.0,9.725272542983294,0.10000000149011612
174.669,1.0,9.807611308267546,0.10000000149011612
174.718,1.0,9.807569804580675,0.10000000149011612
174.768,1.0,9.807554690870974,0.10000000149011612
174.819,1.0,9.86284609987504,0.10000000149011612
174.868,1.0,9.917500000012417,0.10000000149011612
174.918,1.0,9.83517194212311,0.10000000149011612
174.969,1.0,9.80774813985659,0.10000000149011612
175.019,1.0,9.697546064460443,0.10000000149011612
175.068,1.0,9.862603718476992,0.10000000149011612
175.118,1.0,9.862735902973347,0.10000000149011612
175.168,1.0,9.862891020170517,0.10000000149011612
175.219,1.0,9.807731802099282,0.10000000149011612
175.268,1.0,9.725198362809088,0.10000000149011612
175.319,1.0,9.83533344887611,0.10000000149011612
175.368,1.0,9.752795792577995,0.10000000149011612
175.419,1.0,9.588141317003304,0.10000000149011612
175.468,1.0,9.917683152171472,0.10000000149011612
175.518,1.0,9.807511117619773,0.10000000149011612
175.569,1.0,9.752965969633724,0.10000000149011612
175.618,1.0,9.835176114944948,0.10000000149011612
175.668,1.0,9.890000000016556,0.10000000149011612
175.719,1.0,9.725313865269223,0.10000000149011612
175.769,1.0,9.86276264635639,0.10000000149011612
175.818,1.0,9.753061919079887,0.10000000149011612
175.868,1.0,9.752651504075361,0.10000000149011612
175.918,1.0,9.835003529530432,0.10000000149011612
175.969,1.0,9.917681552076505,0.10406427085399628
176.019,1.0,9.917628094512555,0.10000000149011612
176.069,1.0,9.752770638755626,0.10000000149011612
176.119,1.0,9.862520379345451,0.10000000149011612
176.169,1.0,9.725429828051064,0.10000000149011612
176.218,1.0,9.835267878385881,0.10000000149011612
176.268,1.0,9.780765080762405,0.10351190716028214
176.318,1.0,9.807586683974497,0.10000000149011612
176.368,1.0,9.780261687044469,0.10000000149011612
176.418,1.0,9.80756135036548,0.10000000149011612
176.469,1.0,9.835306592658162,0.10000000149011612
176.518,1.0,9.835360413665573,0.10000000149011612
176.569,1.0,9.780191144968073,0.10000000149011612
176.618,1.0,9.835105067532924,0.10000000149011612
176.669,1.0,9.835213339928952,0.10000000149011612
176.719,1.0,9.697718000163634,0.10000000149011612
176.768,1.0,9.835324774723913,0.10000000149011612
176.819,1.0,9.835289083234965,0.10000000149011612
176.869,1.0,9.643098968039784,0.10000000149011612
176.919,1.0,9.862660511541698,0.10000000149011612
176.969,1.0,9.917668207983176,0.10647104680538177
177.019,1.0,9.725417899940577,0.10000000149011612
177.069,1.0,9.725435361700754,0.10000000149011612
177.119,1.0,9.780288161792688,0.10000000149011612
177.169,1.0,9.780164892309243,0.10000000149011612
177.219,1.0,9.753026200147966,0.10000000149011612
177.269,1.0,9.752593084486822,0.10000000149011612
177.319,1.0,9.698036627305878,0.10000000149011612
177.369,1.0,9.80798154870669,0.10000000149011612
177.419,1.0,9.780282535900673,0.10000000149011612
177.469,1.0,9.698278222026097,0.10000000149011612
177.519,1.0,9.86257624555793,0.10000000149011612
177.569,1.0,9.725216553981106,0.10000000149011612
177.618,1.0,9.835069074978431,0.10000000149011612
177.669,1.0,9.835107554743688,0.10000000149011612
177.719,1.0,9.752538324354424,0.10000000149011612
177.769,1.0,9.80764857035958,0.10000000149011612
177.819,1.0,9.862596785566874,0.10000000149011612
177.869,1.0,9.780608899518848,0.10000000149011612
177.918,1.0,9.780230581180916,0.10000000149011612
177.969,1.0,9.83506610594276,0.10000000149011612
178.018,1.0,9.752556146743396,0.10000000149011612
178.069,1.0,9.780333437087636,0.10000000149011612
178.118,1.0,9.835180066070622,0.10000000149011612
178.169,1.0,9.670435537584126,0.10000000149011612
178.219,1.0,9.917500000012417,0.10000000149011612
178.269,1.0,9.61542210491995,0.10000000149011612
178.319,1.0,9.807687240404388,0.10000000149011612
178.369,1.0,9.807702888941598,0.10000000149011612
178.418,1.0,9.69769055603279,0.10000000149011612
178.469,1.0,9.642814864280323,0.10000000149011612
178.518,1.0,9.835126586237715,0.10000000149011612
178.569,1.0,9.890125168839262,0.10000000149011612
178.618,1.0,9.807833337287109,0.10000000149011612
178.669,1.0,9.697790704419216,0.10000000149011612
178.719,1.0,9.670541510254973,0.10000000149011612
178.768,1.0,9.862732431478799,0.10000000149011612
178.819,1.0,9.835194017241399,0.10000000149011612
178.869,1.0,9.890264029242099,0.10000000149011612
178.919,1.0,9.753024797969394,0.10000000149011612
178.969,1.0,9.752881804253493,0.10000000149011612
179.019,1.0,9.752880439245038,0.10000000149011612
179.069,1.0,9.780333872035973,0.10000000149011612
179.119,1.0,9.945118500437173,0.10000000149011612
179.169,1.0,9.807624244400197,0.10000000149011612
179.219,1.0,9.72537589247028,0.10000000149011612
179.268,1.0,9.670411444020768,0.10000000149011612
179.319,1.0,9.862505576718185,0.10000000149011612
179.368,1.0,9.78020186022752,0.10000000149011612
179.419,1.0,9.780354711765217,0.10000000149011612
179.469,1.0,9.725182705041435,0.10000000149011612
179.518,1.0,9.78025498121149,0.10000000149011612
179.569,1.0,9.86257541101012,0.10000000149011612
179.619,1.0,9.917765002552834,0.10000000149011612
179.669,1.0,9.75285907731288,0.10000000149011612
179.719,1.0,9.835146284889843,0.10000000149011612
179.769,1.0,9.835079125501215,0.10000000149011612
179.819,1.0,9.835213125786847,0.10000000149011612
179.868,1.0,9.862622985036836,0.10000000149011612
179.919,1.0,9.642829913708072,0.10000000149011612
179.969,1.0,9.89017464559939,0.10000000149011612
180.019,1.0,9.807894589855438,0.10000000149011612
180.068,1.0,9.862587905178467,0.10000000149011612
180.119,1.0,9.807822754358252,0.10000000149011612
180.169,1.0,9.725466662148635,0.10000000149011612
180.219,1.0,9.862693521897826,0.10000000149011612
180.269,1.0,9.752711254461772,0.10000000149011612
180.319,1.0,9.835193848920365,0.10000000149011612
180.368,1.0,9.890252749539084,0.10000000149011612
180.418,1.0,9.780407693237066,0.10000000149011612
180.469,1.0,9.69789114565485,0.10000000149011612
180.518,1.0,9.807744563329551,0.10000000149011612
180.568,1.0,9.917675509365896,0.10000000149011612
180.618,1.0,9.780573680686453,0.10000000149011612
180.668,1.0,9.835113674091795,0.10000000149011612
180.718,1.0,9.670384846503536,0.10000000149011612
180.768,1.0,9.697814799431297,0.10000000149011612
180.818,1.0,9.80778603858004,0.10000000149011612
180.869,1.0,9.835163638720083,0.10000000149011612
180.918,1.0,9.83529931159897,0.10000000149011612
180.968,1.0,9.670239843904143,0.10000000149011612
181.018,1.0,9.835132866166532,0.10000000149011612
181.068,1.0,9.862832214641902,0.10000000149011612
181.119,1.0,9.890126734330423,0.10000000149011612
181.169,1.0,9.917500000012417,0.10000000149011612
181.218,1.0,9.807908474550478,0.10000000149011612
181.268,1.0,9.670160654000938,0.10000000149011612
181.318,1.0,9.862640212062333,0.10000000149011612
181.369,1.0,9.890204114094377,0.10000000149011612
181.419,1.0,9.807656204990215,0.10000000149011612
181.468,1.0,9.725228610531323,0.10000000149011612
181.519,1.0,9.807732922935651,0.10000000149011612
181.569,1.0,9.862619101256133,0.10000000149011612
181.619,1.0,9.835216773032315,0.10000000149011612
181.669,1.0,9.780235112810301,0.10000000149011612
181.719,1.0,9.835119761091967,0.10000000149011612
181.768,1.0,9.862706553936004,0.10000000149011612
181.819,1.0,9.807738757174876,0.10000000149011612
181.868,1.0,9.752927104011178,0.10000000149011612
181.918,1.0,9.862529826743735,0.10000000149011612
181.969,1.0,9.917669922403164,0.10000000149011612
182.018,1.0,9.725236212110353,0.10000000149011612
182.069,1.0,9.91757524713046,0.10000000149011612
182.119,1.0,9.917736036102806,0.10827528685331345
182.168,1.0,9.752875188634627,0.10000000149011612
182.218,1.0,9.643191021535959,0.10000000149011612
182.268,1.0,9.807765372304452,0.10000000149011612
182.318,1.0,9.780410108218591,0.10000000149011612
182.368,1.0,9.8902598247139,0.10000000149011612
182.419,1.0,9.835204881678026,0.10000000149011612
182.468,1.0,9.725152106810775,0.10000000149011612
182.519,1.0,9.862549716275598,0.10000000149011612
182.569,1.0,9.807828876107104,0.10000000149011612
182.619,1.0,9.807640293033586,0.10000000149011612
182.668,1.0,9.615537730583714,0.10000000149011612
182.719,1.0,9.835051818047132,0.10000000149011612
182.768,1.0,9.835149444308545,0.10000000149011612
182.819,1.0,9.83506681734903,0.10000000149011612
182.868,1.0,9.862668293217817,0.10000000149011612
182.918,1.0,9.725190181761151,0.10000000149011612
182.969,1.0,9.807836545507113,0.10000000149011612
183.018,1.0,9.780312736166849,0.10000000149011612
183.069,1.0,9.835424334638649,0.10000000149011612
183.119,1.0,9.615520264642933,0.10000000149011612
183.168,1.0,9.835098127834499,0.10000000149011612
183.218,1.0,9.807663450741934,0.10000000149011612
183.269,1.0,9.780130945021908,0.10000000149011612
183.319,1.0,9.862602462619543,0.10000000149011612
183.369,1.0,9.697893387844992,0.10000000149011612
183.419,1.0,9.807717260883914,0.10000000149011612
183.468,1.0,9.75287553185804,0.10000000149011612
183.518,1.0,9.917529814028077,0.10000000149011612
183.568,1.0,9.835192832992309,0.10000000149011612
183.618,1.0,9.78007671934449,0.10000000149011612
183.668,1.0,9.862632285410331,0.10000000149011612
183.718,1.0,9.780186718619532,0.10000000149011612
183.769,1.0,9.89029573655377,0.10000000149011612
183.818,1.0,9.835190373162428,0.10000000149011612
183.869,1.0,9.69775445562684,0.10000000149011612
183.918,1.0,9.890334955168267,0.10000000149011612
183.968,1.0,9.753059313922293,0.10000000149011612
184.018,1.0,9.890287440435754,0.10000000149011612
184.069,1.0,9.862722493583957,0.10000000149011612
184.118,1.0,9.917687435013553,0.10000000149011612
184.169,1.0,9.697988714940019,0.10000000149011612
184.219,1.0,9.697888454215395,0.10000000149011612
184.269,1.0,9.752593074242274,0.10000000149011612
184.319,1.0,9.862706266736819,0.10000000149011612
184.369,1.0,9.752901884209779,0.10000000149011612
184.419,1.0,9.807525827673574,0.10000000149011612
184.469,1.0,9.780171180640657,0.10000000149011612
184.519,1.0,9.862500000020695,0.10000000149011612
184.568,1.0,9.642873716209497,0.10000000149011612
184.618,1.0,9.780369814443919,0.10000000149011612
184.668,1.0,9.78037328246153,0.10000000149011612
184.719,1.0,9.807675908630094,0.10000000149011612
184.768,1.0,9.752912378704382,0.10000000149011612
184.819,1.0,9.835321834497154,0.10000000149011612
184.869,1.0,9.752757771292494,0.10000000149011612
184.919,1.0,9.83514650027371,0.10000000149011612
184.969,1.0,9.78039481078999,0.10000000149011612
185.019,1.0,9.780047585484054,0.10000000149011612
185.069,1.0,9.917500000012417,0.10000000149011612
185.118,1.0,9.807706466068824,0.10000000149011612
185.169,1.0,9.725198151792089,0.10000000149011612
185.218,1.0,9.917716355269981,0.10000000149011612
185.268,1.0,9.807870957048403,0.10000000149011612
185.319,1.0,9.807825454469356,0.10000000149011612
185.368,1.0,9.835237756371498,0.10000000149011612
185.418,1.0,9.89011363927275,0.10000000149011612
185.469,1.0,9.807621542033221,0.10000000149011612
185.518,1.0,9.835314232007496,0.10000000149011612
185.568,1.0,9.890268722528385,0.10000000149011612
185.619,1.0,9.83516760625773,0.10000000149011612
185.669,1.0,9.835251827579405,0.10000000149011612
185.719,1.0,9.780327606449525,0.10000000149011612
185.769,1.0,9.780214014028509,0.10000000149011612
185.819,1.0,9.862605004674858,0.10000000149011612
185.869,1.0,9.752766886229317,0.10000000149011612
185.918,1.0,9.80784272911648,0.10000000149011612
185.969,1.0,9.78007131655597,0.10000000149011612
186.018,1.0,9.780380187556148,0.10000000149011612
186.069,1.0,9.807869705826873,0.10000000149011612
186.118,1.0,9.807668867583077,0.10000000149011612
186.168,1.0,9.725347488808135,0.10000000149011612
186.219,1.0,9.780438792291616,0.10000000149011612
186.269,1.0,9.862500000020695,0.10000000149011612
186.318,1.0,9.725179300912552,0.10000000149011612
186.368,1.0,9.69778023424248,0.10000000149011612
186.418,1.0,9.86285997900284,0.10029231011867523
186.469,1.0,9.862500000020695,0.10000000149011612
186.519,1.0,9.78006272357371,0.10000000149011612
186.569,1.0,9.86285156324092,0.10000000149011612
186.618,1.0,9.697564389908479,0.10000000149011612
186.669,1.0,9.725448188392653,0.10000000149011612
186.719,1.0,9.86269824275126,0.10000000149011612
186.769,1.0,9.890000000016556,0.10000000149011612
186.818,1.0,9.890188370127644,0.10000000149011612
186.868,1.0,9.890136058193942,0.10000000149011612
186.918,1.0,9.94512760794411,0.10000000149011612
186.968,1.0,9.6981560115392,0.10000000149011612
187.018,1.0,9.807540729952356,0.10000000149011612
187.068,1.0,9.78022225153529,0.10000000149011612
187.119,1.0,9.72544891687317,0.10000000149011612
187.169,1.0,9.780324056475527,0.10000000149011612
187.218,1.0,9.917657967408498,0.10000000149011612
187.269,1.0,9.780451282196575,0.10000000149011612
187.318,1.0,9.780361476685439,0.10000000149011612
187.369,1.0,9.780159508250653,0.10000000149011612
187.418,1.0,9.807607632565002,0.10000000149011612
187.468,1.0,9.807621960631675,0.10000000149011612
187.519,1.0,9.862578656876252,0.10000000149011612
187.569,1.0,9.7804735928153,0.10000000149011612
187.618,1.0,9.862729962025252,0.10000000149011612
187.669,1.0,9.752728700555034,0.10000000149011612
187.718,1.0,9.945049018205868,0.10000000149011612
187.768,1.0,9.72551499089847,0.10000000149011612
187.818,1.0,9.78001283597615,0.10000000149011612
187.868,1.0,9.58815812903146,0.10000000149011612
187.918,1.0,9.807743039437467,0.10000000149011612
187.968,1.0,9.780358854039676,0.10000000149011612
188.018,1.0,9.808125244598422,0.10000000149011612
188.068,1.0,9.80769888829026,0.10000000149011612
188.118,1.0,9.807797921904259,0.10000000149011612
188.169,1.0,9.780348801405893,0.10000000149011612
188.218,1.0,9.780151614132855,0.10000000149011612
188.268,1.0,9.8352746055358,0.10000000149011612
188.318,1.0,9.807891674381164,0.10000000149011612
188.369,1.0,9.890068112624189,0.10000000149011612
188.418,1.0,9.780215768060751,0.10000000149011612
188.468,1.0,9.835229348763823,0.10000000149011612
188.519,1.0,9.80789663311508,0.10000000149011612
188.569,1.0,9.807578361386227,0.10000000149011612
188.619,1.0,9.890179971377883,0.10000000149011612
188.668,1.0,9.80762817973478,0.10000000149011612
188.718,1.0,9.725357988766499,0.10000000149011612
188.768,1.0,9.890121014809443,0.10000000149011612
188.819,1.0,9.80781819830752,0.10000000149011612
188.868,1.0,9.807646934005122,0.10000000149011612
188.919,1.0,9.835224904554586,0.10000000149011612
188.968,1.0,9.698119975440203,0.10000000149011612
189.018,1.0,9.78037748158806,0.10000000149011612
189.068,1.0,9.807944465035366,0.10000000149011612
189.119,1.0,9.835163473586242,0.10000000149011612
189.169,1.0,9.78037602810396,0.10000000149011612
189.218,1.0,9.61564455922279,0.10000000149011612
189.269,1.0,9.697985111404623,0.10000000149011612
189.319,1.0,9.917604309030706,0.10000000149011612
189.369,1.0,9.890166494064033,0.1050817146897316
189.419,1.0,9.86275380599416,0.10000000149011612
189.468,1.0,9.780278150737285,0.10000000149011612
189.519,1.0,9.75271327988141,0.10000000149011612
189.569,1.0,9.642876102485591,0.10000000149011612
189.618,1.0,9.890000000016556,0.10000000149011612
189.668,1.0,9.862619826652937,0.10000000149011612
189.719,1.0,9.752877629569007,0.10000000149011612
189.768,1.0,9.835091649968591,0.10000000149011612
189.818,1.0,9.890168094221089,0.10000000149011612
189.869,1.0,9.8351290869837,0.10000000149011612
189.918,1.0,9.752765213387708,0.10000000149011612
189.969,1.0,9.917625771752663,0.10000000149011612
190.018,1.0,9.615788872498605,0.10000000149011612
190.069,1.0,9.83538915016171,0.10000000149011612
190.118,1.0,9.890050551233193,0.10000000149011612
190.169,1.0,9.807781003974378,0.10000000149011612
190.218,1.0,9.94506954755634,0.10000000149011612
190.268,1.0,9.9175750359065,0.10000000149011612
190.318,1.0,9.725559291719563,0.10000000149011612
190.369,1.0,9.752855375077988,0.10000000149011612
190.419,1.0,9.807714796687167,0.10000000149011612
190.468,1.0,9.83504985988968,0.10000000149011612
190.518,1.0,9.80768603651474,0.10000000149011612
190.569,1.0,9.91759927984741,0.10000000149011612
190.618,1.0,9.752968225214216,0.10000000149011612
190.669,1.0,9.890143428970543,0.10000000149011612
190.718,1.0,9.780154164590769,0.10000000149011612
190.769,1.0,9.86266053919163,0.10000000149011612
190.818,1.0,9.835463805786437,0.10000000149011612
190.868,1.0,9.862776817070941,0.10000000149011612
190.92,1.0,9.890140443854033,0.10000000149011612
190.968,1.0,9.835059819680948,0.10000000149011612
191.019,1.0,9.752511702415843,0.10000000149011612
191.069,1.0,9.862752272230056,0.10000000149011612
191.118,1.0,9.835147210500306,0.10000000149011612
191.169,1.0,9.615430849790574,0.10000000149011612
191.218,1.0,9.807710553788477,0.10000000149011612
191.268,1.0,9.725253879071937,0.10000000149011612
191.319,1.0,9.642896263280676,0.10000000149011612
191.369,1.0,9.835222529578541,0.10000000149011612
191.418,1.0,9.753053509071469,0.10000000149011612
191.468,1.0,9.752752823630969,0.10000000149011612
191.518,1.0,9.917583185103204,0.10000000149011612
191.568,1.0,9.780258054306938,0.10000000149011612
191.618,1.0,9.725384124865135,0.10000000149011612
191.668,1.0,9.862603698153462,0.10000000149011612
191.719,1.0,9.917534981895653,0.10000000149011612
191.769,1.0,9.945065615636606,0.10000000149011612
191.818,1.0,9.78036008398566,0.10000000149011612
191.868,1.0,9.780454308663804,0.10000000149011612
191.918,1.0,9.945217354885406,0.13389140367507935
191.968,1.0,9.890084361947245,0.10000000149011612
192.018,1.0,9.835082633834746,0.10000000149011612
192.069,1.0,9.752981088248392,0.10000000149011612
192.118,1.0,9.697922934364113,0.10000000149011612
192.169,1.0,9.862567827498747,0.10000000149011612
192.219,1.0,9.807706051237053,0.10000000149011612
192.269,1.0,9.75286207507468,0.10000000149011612
192.318,1.0,9.86271267682314,0.10000000149011612
192.368,1.0,9.780227142344746,0.10000000149011612
192.419,1.0,9.752681656595733,0.10000000149011612
192.469,1.0,9.835316337169045,0.10000000149011612
192.519,1.0,9.725305449507303,0.10000000149011612
192.568,1.0,9.780481261428859,0.10000000149011612
192.618,1.0,9.725493621660604,0.10000000149011612
192.668,1.0,9.91754884980619,0.10000000149011612
192.718,1.0,9.752962996810675,0.10000000149011612
192.769,1.0,9.945054543722007,0.10000000149011612
192.819,1.0,10.0,10.0
192.868,1.0,9.917611926359434,0.10000000149011612
192.919,1.0,9.835117166178922,0.10000000149011612
192.969,1.0,9.752904773131013,0.10000000149011612
193.019,1.0,9.862700751278963,0.10000000149011612
193.069,1.0,9.890098384374546,0.10000000149011612
193.118,1.0,9.780289416222109,0.10000000149011612
193.168,1.0,9.890189651855165,0.10000000149011612
193.218,1.0,9.835308119178647,0.10000000149011612
193.269,1.0,9.945062640102373,0.10000000149011612
193.318,1.0,9.807778374084997,0.10000000149011612
193.369,1.0,9.8076540030746,0.10000000149011612
193.419,1.0,9.753197249542508,0.10000000149011612
193.468,1.0,9.80771144516766,0.10000000149011612
193.519,1.0,9.64289408729722,0.10000000149011612
193.569,1.0,9.780096952265335,0.10000000149011612
193.618,1.0,9.69811229803082,0.10000000149011612
193.668,1.0,9.780378132210009,0.10000000149011612
193.718,1.0,9.69807669332044,0.10000000149011612
193.769,1.0,9.752651125234035,0.10000000149011612
193.819,1.0,9.505581595562399,0.10000000149011612
193.869,1.0,9.670384735262228,0.10000000149011612
193.919,1.0,9.862760093580517,0.10000000149011612
193.968,1.0,9.752860344635943,0.10000000149011612
194.019,1.0,9.807872199598286,0.10000000149011612
194.068,1.0,9.862766593901647,0.10000000149011612
194.118,1.0,9.862687403211991,0.10000000149011612
194.169,1.0,9.753065794540776,0.10000000149011612
194.22,1.0,9.862500030381812,0.10000000149011612
194.269,1.0,9.890004827765127,0.10000000149011612
194.318,1.0,9.780412548739049,0.10000000149011612
194.368,1.0,9.75285445443458,0.10000000149011612
194.419,1.0,9.753107441837589,0.10000000149011612
194.468,1.0,9.752970044708086,0.10000000149011612
194.519,1.0,9.697853519684738,0.10000000149011612
194.569,1.0,9.835103815152413,0.10000000149011612
194.619,1.0,9.80787317858388,0.10000000149011612
194.668,1.0,9.780414288553098,0.10000000149011612
194.718,1.0,9.725383500485785,0.10000000149011612
194.769,1.0,9.780306867468688,0.10000000149011612
194.818,1.0,9.862613740128776,0.10000000149011612
194.869,1.0,9.80776316660146,0.10000000149011612
194.918,1.0,9.835313782447741,0.10000000149011612
194.969,1.0,9.69792520434906,0.10000000149011612
195.018,1.0,9.83523131971144,0.10000000149011612
195.068,1.0,9.75304146754659,0.10000000149011612
195.119,1.0,9.835069853129486,0.10000000149011612
195.169,1.0,9.91758712782628,0.10000000149011612
195.218,1.0,9.80780588162856,0.10000000149011612
195.268,1.0,9.697664960597953,0.10000000149011612
195.318,1.0,9.752789505115814,0.10000000149011612
195.369,1.0,9.725283770201107,0.10000000149011612
195.419,1.0,9.807647558508648,0.10000000149011612
195.469,1.0,9.725375348081192,0.10000000149011612
195.519,1.0,9.835246315288048,0.10000000149011612
195.569,1.0,9.807709157156447,0.10000000149011612
195.618,1.0,9.725121117942034,0.10000000149011612
195.669,1.0,9.69795919282155,0.10000000149011612
195.719,1.0,9.807575472299423,0.10000000149011612
195.769,1.0,9.780304425147673,0.10000000149011612
195.818,1.0,9.835279733335806,0.10000000149011612
195.868,1.0,9.807912039094502,0.10260158032178879
195.919,1.0,9.807573771062824,0.10000000149011612
195.968,1.0,9.862522336923414,0.10000000149011612
196.019,1.0,9.917582599404785,0.10000000149011612
196.068,1.0,9.780331120122638,0.10000000149011612
196.118,1.0,9.862597528058622,0.10000000149011612
196.169,1.0,9.80771560917298,0.10000000149011612
196.218,1.0,9.807789452498158,0.10000000149011612
196.269,1.0,9.890204210641484,0.10000000149011612
196.319,1.0,9.86258194156819,0.10000000149011612
196.368,1.0,9.890168317697114,0.10000000149011612
196.418,1.0,9.807765768613253,0.10000000149011612
196.469,1.0,9.835212112300926,0.10000000149011612
196.518,1.0,9.862679327300025,0.10000000149011612
196.569,1.0,9.752627965559562,0.10000000149011612
196.619,1.0,9.752596427355375,0.10000000149011612
196.668,1.0,9.807723402273323,0.10000000149011612
196.718,1.0,9.945131085750957,0.10000000149011612
196.768,1.0,9.862671142920023,0.10000000149011612
196.818,1.0,9.862691949328614,0.10000000149011612
196.869,1.0,9.780294358564747,0.10000000149011612
196.919,1.0,9.83521740105417,0.10000000149011612
196.969,1.0,9.780487365523975,0.10000000149011612
197.018,1.0,9.807689052944381,0.10000000149011612
197.068,1.0,9.835127311489648,0.10000000149011612
197.118,1.0,9.697660302184522,0.10000000149011612
197.169,1.0,9.80766778130912,0.10000000149011612
197.218,1.0,9.780157105045186,0.10000000149011612
197.268,1.0,9.83511440337946,0.10000000149011612
197.319,1.0,9.890157339804702,0.10000000149011612
197.368,1.0,9.86264040004462,0.10000000149011612
197.419,1.0,9.780293746996257,0.10000000149011612
197.468,1.0,9.780337514314386,0.10000000149011612
197.519,1.0,9.83516315397703,0.10000000149011612
197.569,1.0,9.86272823907849,0.10000000149011612
197.619,1.0,9.752784664597776,0.10000000149011612
197.669,1.0,9.835307296055058,0.10000000149011612
197.719,1.0,9.862586215490268,0.10000000149011612
197.768,1.0,9.862609207837117,0.10000000149011612
197.819,1.0,9.725361346681085,0.10000000149011612
197.868,1.0,9.807740983304878,0.10000000149011612
197.919,1.0,9.78002742698623,0.10000000149011612
197.969,1.0,9.807943715569046,0.10000000149011612
198.019,1.0,9.807885367112855,0.10000000149011612
198.069,1.0,9.890187960904505,0.10000000149011612
198.118,1.0,9.67034449968487,0.10000000149011612
198.168,1.0,9.67060669068661,0.10000000149011612
198.219,1.0,9.91753357247346,0.10000000149011612
198.268,1.0,9.780018351578878,0.10000000149011612
198.318,1.0,9.780308819396629,0.10000000149011612
198.369,1.0,9.698028927130832,0.10000000149011612
198.419,1.0,9.752735972321696,0.10000000149011612
198.468,1.0,9.862600250252418,0.10000000149011612
198.518,1.0,9.780205525147418,0.10000000149011612
198.568,1.0,9.725418426468968,0.10000000149011612
198.618,1.0,9.725469757844177,0.10000000149011612
198.668,1.0,9.670148870762851,0.10000000149011612
198.718,1.0,9.752770975646046,0.10000000149011612
198.769,1.0,9.890048565011885,0.10000000149011612
198.819,1.0,9.890174201048083,0.10000000149011612
198.869,1.0,9.807841202078594,0.10000000149011612
198.918,1.0,9.670740761980415,0.10000000149011612
198.968,1.0,9.835129807206492,0.10000000149011612
199.019,1.0,9.86260652138541,0.10000000149011612
199.068,1.0,9.725508066866961,0.10000000149011612
199.119,1.0,9.862500000020695,0.10000000149011612
199.169,1.0,9.890133654678033,0.10000000149011612
199.219,1.0,9.698337583637072,0.10000000149011612
199.269,1.0,9.697999255400564,0.10000000149011612
199.318,1.0,9.698057210445404,0.10000000149011612
199.369,1.0,9.835243597067892,0.10000000149011612
199.418,1.0,9.945123989404076,0.10000000149011612
199.468,1.0,9.807617169701391,0.10000000149011612
199.519,1.0,9.752809178332488,0.10000000149011612
199.569,1.0,9.807863139030006,0.10000000149011612
199.618,1.0,9.780053068097267,0.10000000149011612
199.669,1.0,9.835165943971111,0.10000000149011612
199.719,1.0,9.752627451407413,0.10000000149011612
199.769,1.0,9.752560788351628,0.10000000149011612
199.818,1.0,9.972500000004139,0.10000000149011612
199.869,1.0,9.862683942976098,0.10000000149011612
199.919,1.0,9.862583919924994,0.10000000149011612
199.969,1.0,9.6428430116218,0.10000000149011612
200.018,1.0,9.917741101835336,0.10000000149011612
200.069,1.0,9.890219274266727,0.10000000149011612
200.119,1.0,9.780201374056439,0.10000000149011612
200.168,1.0,9.58801700303124,0.10000000149011612
200.218,1.0,9.807783806551662,0.10000000149011612
200.268,1.0,9.725398311329384,0.10000000149011612
200.318,1.0,9.862810314798521,0.10000000149011612
200.368,1.0,9.807622449410458,0.10000000149011612
200.418,1.0,9.807804969160093,0.10000000149011612
200.468,1.0,9.917611918391453,0.10000000149011612
200.519,1.0,9.862724838343759,0.10000000149011612
200.568,1.0,9.862664453374842,0.10000000149011612
200.618,1.0,9.615541553600794,0.10000000149011612
200.668,1.0,9.670172975233031,0.10000000149011612
200.718,1.0,9.835201585334207,0.10000000149011612
200.768,1.0,9.83546788746284,0.10000000149011612
200.819,1.0,9.862564022590716,0.10000000149011612
200.869,1.0,9.752790271304548,0.10000000149011612
200.918,1.0,9.532866826405128,0.10000000149011612
200.968,1.0,9.807810431263514,0.10000000149011612
201.019,1.0,9.890161265287961,0.10000000149011612
201.068,1.0,9.862618975672458,0.10000000149011612
201.118,1.0,9.835327969594962,0.10000000149011612
201.169,1.0,9.807964471893179,0.10000000149011612
201.219,1.0,9.8077099054017,0.10000000149011612
201.268,1.0,9.78036020203597,0.10000000149011612
201.318,1.0,9.752708581441807,0.10000000149011612
201.368,1.0,9.862585949380364,0.10000000149011612
201.418,1.0,9.642809302525388,0.10000000149011612
201.469,1.0,9.862587642090189,0.10000000149011612
201.518,1.0,9.890221016398735,0.10000000149011612
201.568,1.0,9.780400974489748,0.10000000149011612
201.619,1.0,9.780420631687674,0.10000000149011612
201.668,1.0,9.835111238931615,0.10000000149011612
201.719,1.0,9.725070839230385,0.10000000149011612
201.769,1.0,9.835130447645982,0.10000000149011612
201.818,1.0,9.835117345220512,0.10000000149011612
201.869,1.0,9.862800924314392,0.10000000149011612
201.918,1.0,9.80764944805867,0.10000000149011612
201.969,1.0,9.890131775682999,0.10000000149011612
202.018,1.0,9.780234173561135,0.10000000149011612
202.069,1.0,9.862561105212404,0.10000000149011612
202.118,1.0,9.917500000012417,0.10000000149011612
202.169,1.0,9.752911724895238,0.10000000149011612
202.218,1.0,9.642885908194714,0.10000000149011612
202.269,1.0,9.890229703506662,0.10368835926055908
202.318,1.0,9.91776354584015,0.12064220756292343
202.369,1.0,9.780254113632772,0.10000000149011612
202.418,1.0,9.780123615740901,0.10000000149011612
202.468,1.0,9.890059916923443,0.10000000149011612
202.519,1.0,9.752814665892059,0.10000000149011612
202.568,1.0,9.94502190012071,0.10000000149011612
202.618,1.0,9.752650058414373,0.10000000149011612
202.669,1.0,9.80763144240611,0.10000000149011612
202.718,1.0,9.72540500484821,0.10000000149011612
202.768,1.0,9.91750899778886,0.10000000149011612
202.818,1.0,9.78037842468669,0.10000000149011612
202.868,1.0,9.83539579378234,0.10000000149011612
202.918,1.0,9.752913767492606,0.10000000149011612
202.969,1.0,9.697847348286047,0.10000000149011612
203.018,1.0,9.862749980410769,0.10000000149011612
203.068,1.0,9.72535649564945,0.10000000149011612
203.119,1.0,9.780260185876655,0.10000000149011612
203.168,1.0,9.972500000004139,0.10000000149011612
203.218,1.0,9.890115366296635,0.10000000149011612
203.269,1.0,9.780422974709008,0.10000000149011612
203.318,1.0,9.862673806254234,0.10000000149011612
203.369,1.0,9.780370638519525,0.10000000149011612
203.418,1.0,9.752824406346512,0.10000000149011612
203.468,1.0,9.917626980071267,0.10000000149011612
203.519,1.0,9.780056408854822,0.10000000149011612
203.569,1.0,9.862628494906756,0.10000000149011612
203.618,1.0,9.780075758612819,0.10000000149011612
203.669,1.0,9.80751436100238,0.10000000149011612
203.719,1.0,9.725148602885504,0.10000000149011612
203.769,1.0,9.752971142426961,0.10000000149011612
203.819,1.0,9.7528163338287,0.10000000149011612
203.869,1.0,9.917586542707351,0.10000000149011612
203.918,1.0,9.753005570939017,0.10000000149011612
203.968,1.0,9.808015032816265,0.10000000149011612
204.018,1.0,9.780126670685908,0.10000000149011612
204.069,1.0,9.780389685390723,0.10000000149011612
204.119,1.0,9.752995954184897,0.10000000149011612
204.168,1.0,9.862500000020695,0.10000000149011612
204.218,1.0,9.697872437433237,0.10000000149011612
204.268,1.0,9.780158749885029,0.10000000149011612
204.318,1.0,9.862737045126657,0.10000000149011612
204.369,1.0,9.75281293524636,0.10000000149011612
204.418,1.0,9.752901853538221,0.10000000149011612
204.469,1.0,9.780263885855675,0.10000000149011612
204.518,1.0,9.890271437271602,0.10000000149011612
204.568,1.0,9.862620409433212,0.10000000149011612
204.619,1.0,9.697954892367125,0.10000000149011612
204.668,1.0,9.91757429395285,0.10000000149011612
204.719,1.0,9.862723526503476,0.10000000149011612
204.769,1.0,9.89028568977697,0.10000000149011612
204.819,1.0,9.91754271996518,0.10000000149011612
204.869,1.0,9.835270202180578,0.10000000149011612
204.919,1.0,9.697906706709828,0.10000000149011612
204.969,1.0,9.780252080369326,0.10000000149011612
205.018,1.0,9.780391421086259,0.10000000149011612
205.069,1.0,9.890008114671542,0.10000000149011612
205.118,1.0,9.890170622327261,0.10000000149011612
205.168,1.0,9.807631723893186,0.10000000149011612
205.218,1.0,9.780434885579679,0.10000000149011612
205.268,1.0,9.807753723321689,0.10000000149011612
205.319,1.0,9.862885019162462,0.10000000149011612
205.369,1.0,9.890072432967523,0.10000000149011612
205.419,1.0,9.752780184211831,0.10000000149011612
205.469,1.0,9.725414117984474,0.10000000149011612
205.518,1.0,9.697936052001184,0.10000000149011612
205.568,1.0,9.780262981913983,0.10000000149011612
205.618,1.0,9.890172128006816,0.10000000149011612
205.669,1.0,9.67046381899466,0.10000000149011612
205.718,1.0,9.83530538847877,0.10000000149011612
205.769,1.0,9.752649030089378,0.10000000149011612
205.82,1.0,9.697996448973814,0.10000000149011612
205.868,1.0,9.725600759829913,0.10000000149011612
205.918,1.0,9.917579033805264,0.10000000149011612
205.969,1.0,9.780074782441888,0.10000000149011612
206.018,1.0,9.80773216765374,0.10000000149011612
206.068,1.0,9.807860300213926,0.10000000149011612
206.118,1.0,9.862500000020695,0.10000000149011612
206.169,1.0,9.643174212115506,0.10000000149011612
206.218,1.0,9.780000000033114,0.10000000149011612
206.268,1.0,9.89010423808876,0.10000000149011612
206.319,1.0,9.917622195101446,0.10000000149011612
206.368,1.0,9.86265973881301,0.10000000149011612
206.418,1.0,9.752873375887672,0.10000000149011612
206.469,1.0,9.75277661666688,0.10000000149011612
206.519,1.0,9.917537942963342,0.10000000149011612
206.569,1.0,9.752755066504081,0.10000000149011612
206.618,1.0,9.69788649947279,0.10000000149011612
206.669,1.0,9.835257779993118,0.10000000149011612
206.72,1.0,9.807630982456935,0.10000000149011612
206.769,1.0,9.80780473428054,0.10000000149011612
206.819,1.0,9.862513376172219,0.10000000149011612
206.869,1.0,9.835231361931397,0.10000000149011612
206.918,1.0,9.807798561805653,0.10000000149011612
206.969,1.0,9.835295998118818,0.10000000149011612
207.019,1.0,9.780372375022207,0.10000000149011612
207.068,1.0,9.835209897346795,0.10000000149011612
207.118,1.0,9.80776805445138,0.10000000149011612
207.168,1.0,9.67023659106344,0.10000000149011612
207.219,1.0,9.862673889866306,0.10000000149011612
207.269,1.0,9.670458990004327,0.10000000149011612
207.319,1.0,9.725334351861642,0.10000000149011612
207.368,1.0,9.780015676923924,0.10000000149011612
207.418,1.0,9.752703244011435,0.10000000149011612
207.469,1.0,9.670731968618929,0.10000000149011612
207.518,1.0,9.752779482636187,0.10000000149011612
207.568,1.0,9.917628055810928,0.10000000149011612
207.618,1.0,9.83518299508012,0.10000000149011612
207.668,1.0,9.80761763362421,0.10000000149011612
207.718,1.0,9.835342049764263,0.10000000149011612
207.768,1.0,9.752715628511377,0.10000000149011612
207.819,1.0,9.917598923833834,0.10266895592212677
207.869,1.0,9.862666327547696,0.10000000149011612
207.918,1.0,9.752727664572497,0.10000000149011612
207.969,1.0,9.807641273716257,0.10000000149011612
208.019,1.0,9.862705304908255,0.10000000149011612
208.069,1.0,9.835296725626621,0.10000000149011612
208.118,1.0,9.752912201691005,0.10000000149011612
208.168,1.0,9.835362336349984,0.10000000149011612
208.219,1.0,9.807691000567543,0.10000000149011612
208.268,1.0,9.862641979505618,0.10000000149011612
208.319,1.0,9.752939368432594,0.10000000149011612
208.369,1.0,9.83528070503639,0.10000000149011612
208.42,1.0,9.75275448312362,0.10000000149011612
208.469,1.0,9.835307245742943,0.10000000149011612
208.519,1.0,9.890119607270591,0.10000000149011612
208.569,1.0,9.808016863465308,0.10000000149011612
208.619,1.0,9.670583213762276,0.10000000149011612
208.669,1.0,9.697894522527026,0.10000000149011612
208.719,1.0,9.835386986140575,0.10000000149011612
208.769,1.0,9.890173644531105,0.10000000149011612
208.818,1.0,9.72531414423138,0.10000000149011612
208.869,1.0,9.835111004300416,0.10000000149011612
208.919,1.0,9.862564224604931,0.10000000149011612
208.968,1.0,9.86251861964249,0.10000000149011612
209.019,1.0,9.835128538041479,0.10000000149011612
209.068,1.0,9.835219615014891,0.10000000149011612
209.119,1.0,9.862632098173101,0.10000000149011612
209.169,1.0,9.890217776348193,0.10000000149011612
209.218,1.0,9.890120331591202,0.10000000149011612
209.269,1.0,9.835235601829158,0.10000000149011612
209.318,1.0,9.75278523893406,0.10000000149011612
209.369,1.0,9.86276998726858,0.10000000149011612
209.418,1.0,9.670680208255847,0.10000000149011612
209.469,1.0,9.835281471038858,0.10000000149011612
209.519,1.0,9.752686694326501,0.10000000149011612
209.569,1.0,9.75290391203016,0.10000000149011612
209.619,1.0,9.807940888322062,0.10000000149011612
209.668,1.0,9.945141670025057,0.1148228794336319
209.719,1.0,9.725300214832856,0.10000000149011612
209.769,1.0,9.78023620630718,0.10000000149011612
209.819,1.0,9.862673188373446,0.10000000149011612
209.868,1.0,9.91767312174456,0.10000000149011612
209.919,1.0,9.780060770900713,0.10000000149011612
209.969,1.0,9.835116918529902,0.10000000149011612
210.018,1.0,9.780499492916796,0.10000000149011612
210.069,1.0,9.725415037820737,0.10000000149011612
210.119,1.0,9.725482941108446,0.10000000149011612
210.169,1.0,9.835311855272286,0.10000000149011612
210.22,1.0,9.807626511715352,0.10000000149011612
210.268,1.0,9.670554034598172,0.10000000149011612
210.319,1.0,9.835035799795556,0.10000000149011612
210.369,1.0,9.862596900305814,0.10000000149011612
210.418,1.0,9.780278268932468,0.10000000149011612
210.468,1.0,9.725285713002085,0.10000000149011612
210.519,1.0,9.862684493160081,0.10000000149011612
210.568,1.0,9.917588436044753,0.10000000149011612
210.618,1.0,9.72535012529956,0.10000000149011612
210.668,1.0,9.862658387277689,0.10000000149011612
210.719,1.0,9.890096263049378,0.10000000149011612
210.768,1.0,9.725288730011219,0.10000000149011612
210.819,1.0,9.862603308012089,0.10000000149011612
210.868,1.0,9.780188934815426,0.10000000149011612
210.918,1.0,9.89014701663206,0.10000000149011612
210.968,1.0,9.725288288212484,0.10000000149011612
211.018,1.0,9.835150202653475,0.10000000149011612
211.068,1.0,9.807794404071238,0.10000000149011612
211.118,1.0,9.890124990252986,0.10000000149011612
211.169,1.0,9.862741628910104,0.10000000149011612
211.218,1.0,9.86274676459531,0.10000000149011612
211.268,1.0,9.780185718648136,0.10000000149011612
211.319,1.0,9.917783775677284,0.12395656108856201
211.369,1.0,9.752609057931437,0.10000000149011612
211.418,1.0,9.890179943355422,0.10000000149011612
211.469,1.0,9.752662191270954,0.10000000149011612
211.519,1.0,9.807912267889414,0.10000000149011612
211.569,1.0,9.890084532627629,0.10000000149011612
211.619,1.0,9.752720659598708,0.10000000149011612
211.669,1.0,9.807659737000035,0.10000000149011612
211.719,1.0,9.69793685687085,0.10000000149011612
211.768,1.0,9.807845183213551,0.10000000149011612
211.818,1.0,9.78027840267039,0.10000000149011612
211.868,1.0,9.835399178519017,0.10072420537471771
211.919,1.0,9.752851267221073,0.10000000149011612
211.968,1.0,9.890281560396154,0.10040044784545898
212.018,1.0,9.72544110280772,0.10000000149011612
212.069,1.0,9.78027530366348,0.10000000149011612
212.119,1.0,9.697854343470599,0.10000000149011612
212.168,1.0,9.807798661270903,0.10000000149011612
212.218,1.0,9.780377675054801,0.10000000149011612
212.268,1.0,9.753021718106336,0.10000000149011612
212.318,1.0,9.725199106170072,0.10000000149011612
212.369,1.0,9.780198350134823,0.10000000149011612
212.419,1.0,9.862568871035345,0.10000000149011612
212.469,1.0,9.75275117194073,0.10000000149011612
212.519,1.0,9.835107872490253,0.10000000149011612
212.569,1.0,9.780216184920734,0.10000000149011612
212.618,1.0,9.698044637135334,0.10000000149011612
212.669,1.0,9.78060849375195,0.10000000149011612
212.718,1.0,9.80789777017716,0.10000000149011612
212.768,1.0,9.780246265211867,0.10000000149011612
212.819,1.0,9.780199131079845,0.10000000149011612
212.868,1.0,9.752898857825333,0.10000000149011612
212.919,1.0,9.780387145777544,0.10000000149011612
212.969,1.0,9.752895248743394,0.10000000149011612
213.018,1.0,9.78016323076768,0.10000000149011612
213.069,1.0,9.807605654953255,0.10000000149011612
213.119,1.0,9.917628349405195,0.10000000149011612
213.169,1.0,9.725283659146063,0.10000000149011612
213.218,1.0,9.780327760717935,0.10000000149011612
213.269,1.0,9.725524898887508,0.10000000149011612
213.319,1.0,9.725140349153016,0.10000000149011612
213.369,1.0,9.752857224187917,0.10000000149011612
213.419,1.0,9.835339564354056,0.10000000149011612
213.468,1.0,9.807652175674836,0.10000000149011612
213.519,1.0,9.890171511802409,0.10000000149011612
213.569,1.0,9.862601689539021,0.10000000149011612
213.618,1.0,9.807822170232733,0.10000000149011612
213.669,1.0,9.835373415342636,0.10000000149011612
213.719,1.0,9.752735311889815,0.10000000149011612
213.768,1.0,9.890092213555343,0.10000000149011612
213.819,1.0,9.8902243434555,0.10423879325389862
213.869,1.0,9.807627076158921,0.10000000149011612
213.919,1.0,9.80776701350179,0.10000000149011612
213.969,1.0,9.890067505153517,0.10000000149011612
214.019,1.0,9.835170324726237,0.10000000149011612
214.068,1.0,9.862547562209269,0.10000000149011612
214.119,1.0,9.835156301822927,0.10000000149011612
214.169,1.0,9.7529927217712,0.10000000149011612
214.219,1.0,9.752691332706148,0.10000000149011612
214.269,1.0,9.807662516853048,0.10000000149011612
214.318,1.0,9.86254147545745,0.10000000149011612
214.368,1.0,9.890034040622414,0.10000000149011612
214.418,1.0,9.697780100566645,0.10000000149011612
214.469,1.0,9.862621375131939,0.10000000149011612
214.519,1.0,9.752676371050377,0.10000000149011612
214.568,1.0,9.780284990039137,0.10000000149011612
214.619,1.0,9.862702008564439,0.10000000149011612
214.669,1.0,9.86273892900596,0.10000000149011612
214.718,1.0,9.75273436864631,0.10000000149011612
214.769,1.0,9.780551114098893,0.10000000149011612
214.819,1.0,9.642906073563628,0.10000000149011612
214.869,1.0,9.807831389084459,0.10000000149011612
214.919,1.0,9.780380314857595,0.10000000149011612
214.969,1.0,9.697663096255726,0.10000000149011612
215.019,1.0,9.780531960373951,0.10000000149011612
215.069,1.0,9.752824043586022,0.10000000149011612
215.118,1.0,9.862778494362201,0.10000000149011612
215.169,1.0,9.780237378862997,0.10000000149011612
215.218,1.0,9.9177390926828,0.10824646055698395
215.269,1.0,9.91756859510723,0.10000000149011612
215.319,1.0,9.862741611359848,0.10000000149011612
215.369,1.0,9.807588178022868,0.10000000149011612
215.418,1.0,9.890183824631903,0.10000000149011612
215.468,1.0,9.78020633554293,0.10000000149011612
215.518,1.0,9.835324336464206,0.10000000149011612
215.569,1.0,9.807626308086846,0.10000000149011612
215.618,1.0,9.58787682838738,0.10000000149011612
215.669,1.0,9.72531990458568,0.10000000149011612
215.719,1.0,9.752813737073707,0.10000000149011612
215.769,1.0,9.862642660819821,0.10000000149011612
215.818,1.0,9.78022252118422,0.10000000149011612
215.869,1.0,9.780220858732031,0.10000000149011612
215.919,1.0,9.807676101951964,0.10000000149011612
215.969,1.0,9.752688708590965,0.10000000149011612
216.018,1.0,9.752778020604618,0.10000000149011612
216.068,1.0,9.862766274354524,0.10000000149011612
216.118,1.0,9.725200059844388,0.10000000149011612
216.168,1.0,9.780338785197172,0.10000000149011612
216.219,1.0,9.945051656001144,0.10000000149011612
216.269,1.0,9.862619129733908,0.10000000149011612
216.319,1.0,9.862662324454222,0.10000000149011612
216.369,1.0,9.780349469971325,0.10000000149011612
216.418,1.0,9.807633861920072,0.10000000149011612
216.469,1.0,9.807628359314467,0.10000000149011612
216.518,1.0,9.80787316761497,0.10000000149011612
216.569,1.0,9.91758002171086,0.10000000149011612
216.62,1.0,9.780488393248783,0.10000000149011612
216.669,1.0,9.725237287084262,0.10000000149011612
216.718,1.0,9.780149234106972,0.10000000149011612
216.769,1.0,9.807832788613934,0.10000000149011612
216.82,1.0,9.890209855429001,0.10000000149011612
216.869,1.0,9.890126783669823,0.10000000149011612
216.919,1.0,9.780217830174498,0.10000000149011612
216.968,1.0,9.917571254902416,0.10000000149011612
217.018,1.0,9.835156739068529,0.10000000149011612
217.07,1.0,9.917500000012417,0.10000000149011612
217.119,1.0,9.752951969827215,0.10000000149011612
217.169,1.0,9.835290284703175,0.10000000149011612
217.219,1.0,9.697927965554927,0.10000000149011612
217.268,1.0,9.75279329791665,0.10000000149011612
217.318,1.0,9.835129079864258,0.10000000149011612
217.369,1.0,9.807885311647421,0.10000000149011612
217.419,1.0,9.807708232332434,0.10000000149011612
217.469,1.0,9.835121384221647,0.10000000149011612
217.519,1.0,9.945004654199712,0.10000000149011612
217.569,1.0,9.835119837688076,0.10000000149011612
217.619,1.0,9.835183341925342,0.10000000149011612
217.669,1.0,9.752863781402509,0.10000000149011612
217.719,1.0,9.807726122728653,0.10000000149011612
217.768,1.0,9.752896978023152,0.10000000149011612
217.818,1.0,9.835119705254005,0.10000000149011612
217.868,1.0,9.862814279314545,0.10000000149011612
217.918,1.0,9.835339568182826,0.10000000149011612
217.969,1.0,9.835392296852337,0.10000000149011612
218.019,1.0,9.69786014082945,0.10000000149011612
218.069,1.0,9.890079416541589,0.10000000149011612
218.119,1.0,9.835334568946726,0.10000000149011612
218.168,1.0,9.752863728917307,0.10000000149011612
218.219,1.0,9.78039055172768,0.10000000149011612
218.269,1.0,9.835395311336551,0.10000000149011612
218.318,1.0,9.862624686418307,0.10000000149011612
218.369,1.0,9.835512044280767,0.10684946924448013
218.418,1.0,9.8351531000187,0.10000000149011612
218.469,1.0,9.72542092392428,0.10000000149011612
218.519,1.0,9.83523468631837,0.10000000149011612
218.569,1.0,9.945124227657086,0.10000000149011612
218.619,1.0,9.86258338727057,0.10000000149011612
218.669,1.0,9.780323794815276,0.10000000149011612
218.719,1.0,9.642729992647137,0.10000000149011612
218.768,1.0,9.835180161893367,0.10000000149011612
218.818,1.0,9.862773673008714,0.10000000149011612
218.868,1.0,9.780377338992224,0.10000000149011612
218.918,1.0,9.78008387438539,0.10000000149011612
218.969,1.0,9.725307892407809,0.10000000149011612
219.018,1.0,9.917623859002358,0.10000000149011612
219.068,1.0,9.890054634296233,0.10000000149011612
219.119,1.0,9.86259091719985,0.10000000149011612
219.168,1.0,9.917818839102983,0.12501311302185059
219.219,1.0,9.780620804139309,0.10000000149011612
219.269,1.0,9.835026207545566,0.10000000149011612
219.318,1.0,9.780203683922688,0.10000000149011612
219.369,1.0,9.862616027684675,0.10000000149011612
219.419,1.0,9.670486280280683,0.10000000149011612
219.469,1.0,9.725442544515762,0.10000000149011612
219.519,1.0,9.752692214979065,0.10000000149011612
219.569,1.0,9.80791426866005,0.10000000149011612
219.618,1.0,9.752820877130661,0.10000000149011612
219.668,1.0,9.752872896484202,0.10000000149011612
219.719,1.0,9.780414855418107,0.10000000149011612
219.769,1.0,9.890247066381077,0.10711859911680222
219.819,1.0,9.780449392625854,0.10000000149011612
219.868,1.0,9.807507768356137,0.10000000149011612
219.918,1.0,9.807816179593404,0.10000000149011612
219.969,1.0,9.8352105865255,0.10000000149011612
220.019,1.0,9.835189379979338,0.10000000149011612
220.069,1.0,9.752842179913488,0.10000000149011612
220.118,1.0,9.917543137797878,0.10000000149011612
220.168,1.0,9.86289291197641,0.10000000149011612
220.218,1.0,9.835282880192002,0.10000000149011612
220.269,1.0,9.807623675920897,0.10000000149011612
220.319,1.0,9.698284488626653,0.10000000149011612
220.369,1.0,9.862613145551748,0.10000000149011612
220.419,1.0,9.67055072473983,0.10000000149011612
220.468,1.0,9.835100165568292,0.10000000149011612
220.518,1.0,9.890035673499936,0.10000000149011612
220.568,1.0,9.72533112814029,0.10000000149011612
220.618,1.0,9.8351409152978,0.10000000149011612
220.669,1.0,9.807736716812684,0.10000000149011612
220.718,1.0,9.83510178445528,0.10000000149011612
220.769,1.0,9.917615909915831,0.10000000149011612
220.818,1.0,9.780267523787916,0.10000000149011612
220.868,1.0,9.807970078579254,0.10000000149011612
220.918,1.0,9.807674549768368,0.10000000149011612
220.968,1.0,9.752597392246955,0.10000000149011612
221.019,1.0,9.780185394216742,0.10000000149011612
221.068,1.0,9.697958940826357,0.10000000149011612
221.118,1.0,9.890000000016556,0.10000000149011612
221.169,1.0,9.807649774642455,0.10000000149011612
221.219,1.0,9.752737404281895,0.10000000149011612
221.269,1.0,9.807647001598443,0.10000000149011612
221.318,1.0,9.89013150828994,0.10000000149011612
221.369,1.0,9.697752157433165,0.10000000149011612
221.419,1.0,9.753022192873889,0.10000000149011612
221.468,1.0,9.780197459024688,0.10000000149011612
221.518,1.0,9.697829281186891,0.10000000149011612
221.569,1.0,9.835109770939582,0.10000000149011612
221.619,1.0,9.670394004819293,0.10000000149011612
221.669,1.0,9.643030770536926,0.10000000149011612
221.719,1.0,9.697862184730669,0.10000000149011612
221.768,1.0,9.807906880891986,0.10000000149011612
221.818,1.0,9.725232548494306,0.10000000149011612
221.869,1.0,9.670501327866482,0.10000000149011612
221.919,1.0,9.807624979813893,0.10000000149011612
221.969,1.0,9.835296451900568,0.10000000149011612
222.019,1.0,9.643241272370021,0.10000000149011612
222.069,1.0,9.917684213630855,0.10000000149011612
222.119,1.0,9.72559083406296,0.10000000149011612
222.168,1.0,9.78014913091643,0.10000000149011612
222.219,1.0,9.862563662396537,0.10000000149011612
222.268,1.0,9.890132386340863,0.10000000149011612
222.319,1.0,9.752947305639585,0.10000000149011612
222.369,1.0,9.807896819648644,0.10000000149011612
222.42,1.0,9.835249642386204,0.10000000149011612
222.468,1.0,9.725239799295862,0.10000000149011612
222.519,1.0,9.697886571370892,0.10000000149011612
222.569,1.0,9.917643213334182,0.10079451650381088
222.618,1.0,9.835396702835958,0.10000000149011612
222.669,1.0,9.862617901257343,0.10000000149011612
222.718,1.0,9.780400751262075,0.10000000149011612
222.768,1.0,9.862553098176916,0.10000000149011612
222.818,1.0,9.780378466161588,0.10000000149011612
222.869,1.0,9.807707253967722,0.10000000149011612
222.918,1.0,9.78038046155125,0.10000000149011612
222.969,1.0,9.807646937088833,0.10000000149011612
223.018,1.0,9.752864920741153,0.10000000149011612
223.068,1.0,9.890345609622697,0.10000000149011612
223.118,1.0,9.80789474255095,0.10000000149011612
223.169,1.0,9.8902968098306,0.10000000149011612
223.218,1.0,9.670236669791242,0.10000000149011612
223.269,1.0,9.83528635394242,0.10000000149011612
223.319,1.0,9.752662287445531,0.10000000149011612
223.369,1.0,9.807616668173836,0.10000000149011612
223.419,1.0,9.862766892711322,0.10000000149011612
223.469,1.0,9.72517784566929,0.10000000149011612
223.519,1.0,9.862545415386558,0.10000000149011612
223.568,1.0,9.807754573536416,0.10000000149011612
223.619,1.0,9.80782109581762,0.10000000149011612
223.669,1.0,9.752833708831005,0.10000000149011612
223.719,1.0,9.780279445461929,0.10000000149011612
223.769,1.0,9.753066160157323,0.10000000149011612
223.819,1.0,9.807765941756466,0.10000000149011612
223.868,1.0,9.725199427083135,0.10000000149011612
223.918,1.0,9.807723871411548,0.10000000149011612
223.968,1.0,9.752779407675067,0.10000000149011612
224.018,1.0,9.807669884276887,0.10000000149011612
224.069,1.0,9.780271429071824,0.10000000149011612
224.119,1.0,9.8078263082645,0.10000000149011612
224.169,1.0,9.807656017566721,0.10000000149011612
224.218,1.0,9.752971256400148,0.10000000149011612
224.268,1.0,9.725254972258377,0.10000000149011612
224.318,1.0,9.725578287512892,0.10000000149011612
224.368,1.0,9.780211973480052,0.10000000149011612
224.418,1.0,9.862594063124723,0.10000000149011612
224.469,1.0,9.752763843764033,0.10000000149011612
224.519,1.0,9.890094801245464,0.10000000149011612
224.569,1.0,9.835426932283573,0.10000000149011612
224.619,1.0,9.72540058032092,0.10000000149011612
224.669,1.0,9.7253204781976,0.10000000149011612
224.718,1.0,9.86268813347237,0.10000000149011612
224.768,1.0,9.83526275023404,0.10000000149011612
224.818,1.0,9.725506277051236,0.10000000149011612
224.868,1.0,9.890088278303544,0.10000000149011612
224.92,1.0,9.752795093817015,0.10000000149011612
224.968,1.0,9.83533533933676,0.10000000149011612
225.018,1.0,9.725170002546575,0.10000000149011612
225.069,1.0,9.835184862174922,0.10000000149011612
225.119,1.0,9.807637293222879,0.10000000149011612
225.168,1.0,9.917500000012417,0.10000000149011612
225.218,1.0,9.670484415214094,0.10000000149011612
225.269,1.0,9.835280197734635,0.10000000149011612
225.318,1.0,9.642919553733535,0.10000000149011612
225.369,1.0,9.862625333439144,0.10000000149011612
225.418,1.0,9.917657115393215,0.10000000149011612
225.468,1.0,9.807881324614089,0.10000000149011612
225.519,1.0,9.725530671431786,0.10000000149011612
225.569,1.0,9.8077708242875,0.10000000149011612
225.618,1.0,9.835245645832684,0.10000000149011612
225.668,1.0,9.835106968072553,0.10000000149011612
225.719,1.0,9.917555819099976,0.10000000149011612
225.769,1.0,9.753098364443415,0.10000000149011612
225.818,1.0,9.80775053900563,0.10000000149011612
225.869,1.0,9.945121962225272,0.10000000149011612
225.918,1.0,9.862671612617042,0.10000000149011612
225.968,1.0,9.752976869522698,0.10000000149011612
226.018,1.0,9.862796775748333,0.10000000149011612
226.069,1.0,9.86269351726191,0.10000000149011612
226.119,1.0,9.697784261571037,0.10000000149011612
226.169,1.0,9.835114784000648,0.10000000149011612
226.219,1.0,9.890000000016556,0.10000000149011612
226.268,1.0,9.862704776206778,0.10000000149011612
226.318,1.0,9.835222111745841,0.10000000149011612
226.369,1.0,9.862762626239823,0.10000000149011612
226.419,1.0,9.807997780210442,0.10000000149011612
226.468,1.0,9.780245648779802,0.10000000149011612
226.519,1.0,9.697910611207286,0.10000000149011612
226.568,1.0,9.780166401734782,0.10000000149011612
226.618,1.0,9.972500000004139,0.10000000149011612
226.668,1.0,9.862731163265805,0.10000000149011612
226.718,1.0,9.780418846362995,0.10000000149011612
226.769,1.0,9.752659244048926,0.10000000149011612
226.819,1.0,9.86271766287585,0.10000000149011612
226.869,1.0,9.89016393120918,0.10000000149011612
226.919,1.0,9.807804501553376,0.10000000149011612
226.968,1.0,9.752619370776745,0.10000000149011612
227.018,1.0,9.835316552946137,0.10000000149011612
227.068,1.0,9.75309420072784,0.10000000149011612
227.118,1.0,9.725284457599951,0.10000000149011612
227.168,1.0,9.917780607524845,0.10576927661895752
227.219,1.0,9.725716659219728,0.10000000149011612
227.269,1.0,9.917776021485528,0.11840055882930756
227.319,1.0,9.862750970655018,0.10000000149011612
227.368,1.0,9.697853058638673,0.10000000149011612
227.418,1.0,9.725423175613914,0.10000000149011612
227.468,1.0,9.807616097769804,0.10000000149011612
227.519,1.0,9.835233369717995,0.10000000149011612
227.569,1.0,9.697815618394978,0.10000000149011612
227.619,1.0,9.752987852154506,0.10000000149011612
227.669,1.0,9.780198200171192,0.10000000149011612
227.718,1.0,9.835312186450594,0.10000000149011612
227.769,1.0,9.725512255314325,0.10000000149011612
227.818,1.0,9.697841603350309,0.10000000149011612
227.868,1.0,9.807597399296032,0.10000000149011612
227.919,1.0,9.890136292224957,0.10000000149011612
227.969,1.0,9.890266135997242,0.10491479188203812
228.019,1.0,9.807693096829786,0.10000000149011612
228.068,1.0,9.862610878050328,0.10000000149011612
228.118,1.0,9.917605754112204,0.10000000149011612
228.168,1.0,9.917591085181469,0.10000000149011612
228.219,1.0,9.835099542140961,0.10000000149011612
228.269,1.0,9.752808669023215,0.10000000149011612
228.318,1.0,9.752652247870962,0.10000000149011612
228.368,1.0,9.862700088280771,0.10000000149011612
228.419,1.0,9.83520962310334,0.10000000149011612
228.468,1.0,9.752783828311497,0.10000000149011612
228.518,1.0,9.780329851640595,0.10000000149011612
228.568,1.0,9.862566892575058,0.10000000149011612
228.619,1.0,9.780239386690987,0.10000000149011612
228.668,1.0,9.835241359120442,0.10000000149011612
228.719,1.0,9.752601612793903,0.10000000149011612
228.769,1.0,9.835143292633196,0.10000000149011612
228.819,1.0,9.752782897340754,0.10000000149011612
228.869,1.0,9.862730078047349,0.10000000149011612
228.919,1.0,9.697739717405703,0.10000000149011612
228.969,1.0,9.862643963967761,0.10000000149011612
229.019,1.0,9.807734798784885,0.10000000149011612
229.069,1.0,9.753057688433262,0.10000000149011612
229.119,1.0,9.862680484664937,0.10000000149011612
229.169,1.0,9.780345798863305,0.10000000149011612
229.219,1.0,9.780215035047796,0.10000000149011612
229.269,1.0,9.862743780741262,0.10000000149011612
229.318,1.0,9.807713330309424,0.10000000149011612
229.368,1.0,9.835242742093072,0.10000000149011612
229.418,1.0,9.780413468885753,0.10000000149011612
229.469,1.0,9.890000000016556,0.10000000149011612
229.519,1.0,9.83514788719929,0.10000000149011612
229.569,1.0,9.917500000012417,0.10000000149011612
229.618,1.0,9.862647612703343,0.10000000149011612
229.669,1.0,9.917541063328583,0.10000000149011612
229.719,1.0,9.862676257702212,0.10000000149011612
229.768,1.0,9.91768078321798,0.10000000149011612
229.818,1.0,9.862753350142803,0.10000000149011612
229.868,1.0,9.752706636736791,0.10000000149011612
229.918,1.0,9.78017915468663,0.10000000149011612
229.968,1.0,9.670350323824419,0.10000000149011612
230.019,1.0,9.752622858869533,0.10000000149011612
230.068,1.0,9.780184898028772,0.10000000149011612
230.118,1.0,9.67028639720132,0.10000000149011612
230.168,1.0,9.75267755759673,0.10000000149011612
230.219,1.0,9.780127914622426,0.10000000149011612
230.268,1.0,9.72547181840572,0.10000000149011612
230.319,1.0,9.835258654380839,0.10000000149011612
230.369,1.0,9.835230557434262,0.10000000149011612
230.418,1.0,9.670018778099783,0.10000000149011612
230.468,1.0,9.862628585452008,0.10000000149011612
230.519,1.0,9.945088850230807,0.10000000149011612
230.568,1.0,9.89016153038376,0.10000000149011612
230.619,1.0,9.945058372471895,0.10000000149011612
230.668,1.0,9.86294255434639,0.11609674990177155
230.719,1.0,9.807601614420612,0.10000000149011612
230.768,1.0,9.862653763302498,0.10000000149011612
230.819,1.0,9.780077935403419,0.10000000149011612
230.869,1.0,9.862649419117306,0.10000000149011612
230.919,1.0,9.862772546853456,0.10000000149011612
230.969,1.0,9.862856368430787,0.10000000149011612
231.019,1.0,9.807715209801163,0.10000000149011612
231.069,1.0,9.890000000016556,0.10000000149011612
231.119,1.0,9.725427736362649,0.10000000149011612
231.169,1.0,9.807652160463233,0.10000000149011612
231.218,1.0,9.752828631736339,0.10000000149011612
231.269,1.0,9.697909989166591,0.10000000149011612
231.319,1.0,9.780236401967704,0.10000000149011612
231.369,1.0,9.780100604643424,0.10000000149011612
231.418,1.0,9.725324870087206,0.10000000149011612
231.468,1.0,9.807747094478044,0.10000000149011612
231.518,1.0,9.752814306360152,0.10000000149011612
231.569,1.0,9.862555048552652,0.10000000149011612
231.618,1.0,9.835229180732535,0.10000000149011612
231.669,1.0,9.780441984886096,0.10000000149011612
231.719,1.0,9.86273265056726,0.10000000149011612
231.769,1.0,9.862721579377022,0.10000000149011612
231.818,1.0,9.80785582344979,0.10000000149011612
231.868,1.0,9.807724052377873,0.10000000149011612
231.918,1.0,9.862540831416846,0.10000000149011612
231.968,1.0,9.642904143056107,0.10000000149011612
232.019,1.0,9.670453782959116,0.10000000149011612
232.069,1.0,9.780126235033903,0.10000000149011612
232.119,1.0,9.808010851529737,0.10000000149011612
232.169,1.0,9.780104016802378,0.10000000149011612
232.219,1.0,9.780447247707182,0.10000000149011612
232.269,1.0,9.86263480472068,0.10000000149011612
232.318,1.0,9.725200470516251,0.10000000149011612
232.368,1.0,9.780253903857536,0.10000000149011612
232.418,1.0,9.697697835270729,0.10000000149011612
232.468,1.0,9.752650716797346,0.10000000149011612
232.519,1.0,9.752778921400507,0.10000000149011612
232.569,1.0,9.807757026039893,0.10000000149011612
232.619,1.0,9.83531436673883,0.10000000149011612
232.669,1.0,9.835103898226388,0.10000000149011612
232.718,1.0,9.78044959070782,0.10000000149011612
232.769,1.0,9.697857164736423,0.10000000149011612
232.819,1.0,9.807800339824624,0.10000000149011612
232.868,1.0,9.862663635445966,0.10000000149011612
232.918,1.0,9.560639441137512,0.10000000149011612
232.969,1.0,9.78048569686297,0.10000000149011612
233.019,1.0,9.807777252710528,0.10000000149011612
233.068,1.0,9.862850969264077,0.10000000149011612
233.119,1.0,9.83515886556771,0.10000000149011612
233.169,1.0,9.752747728551428,0.10000000149011612
233.219,1.0,9.807721118484107,0.10000000149011612
233.269,1.0,9.725062289151053,0.10000000149011612
233.319,1.0,9.697917262899379,0.10000000149011612
233.368,1.0,9.835163279353745,0.10000000149011612
233.418,1.0,9.890181022178796,0.10000000149011612
233.469,1.0,9.862590000012682,0.10000000149011612
233.519,1.0,9.807739567135771,0.10000000149011612
233.569,1.0,9.780207919867502,0.10000000149011612
233.618,1.0,9.862737737761604,0.10000000149011612
233.668,1.0,9.807615227935214,0.10000000149011612
233.718,1.0,9.835442060832348,0.10422543436288834
233.768,1.0,9.780419621430337,0.10000000149011612
233.819,1.0,9.753077526287072,0.10000000149011612
233.869,1.0,9.752813223066429,0.10000000149011612
233.918,1.0,9.807828068257207,0.10000000149011612
233.969,1.0,9.807627807267838,0.10000000149011612
234.019,1.0,9.615211783722042,0.10000000149011612
234.069,1.0,9.86263928487897,0.10000000149011612
234.119,1.0,9.862574684019718,0.10000000149011612
234.168,1.0,9.725267235686381,0.10000000149011612
234.218,1.0,9.807913056823114,0.10000000149011612
234.268,1.0,9.780110140289697,0.10000000149011612
234.319,1.0,9.862610931549636,0.10000000149011612
234.369,1.0,9.72540662019617,0.10000000149011612
234.419,1.0,9.780270130890939,0.10000000149011612
234.468,1.0,9.835115601018899,0.10000000149011612
234.519,1.0,9.862660165069004,0.10000000149011612
234.569,1.0,9.807673083597587,0.10000000149011612
234.618,1.0,9.752735939249396,0.10000000149011612
234.668,1.0,9.835273877510595,0.10000000149011612
234.72,1.0,9.807800685821308,0.10000000149011612
234.769,1.0,9.835251400661138,0.10000000149011612
234.818,1.0,9.835039867729776,0.10000000149011612
234.869,1.0,9.83532904436191,0.10000000149011612
234.919,1.0,9.862831955692835,0.10000000149011612
234.968,1.0,9.83519195533461,0.10000000149011612
235.018,1.0,9.86302614617679,0.11552408337593079
235.068,1.0,9.862713599225714,0.10000000149011612
235.118,1.0,9.8078943974235,0.10000000149011612
235.169,1.0,9.890031956198316,0.10000000149011612
235.218,1.0,9.780148287986716,0.10000000149011612
235.268,1.0,9.752811653394666,0.10000000149011612
235.318,1.0,9.807680215831432,0.10000000149011612
235.368,1.0,9.753014542203811,0.10000000149011612
235.419,1.0,9.862779017620616,0.10000000149011612
235.468,1.0,9.807602702764173,0.10000000149011612
235.518,1.0,9.89011293368207,0.10000000149011612
235.568,1.0,9.890101258891324,0.10000000149011612
235.618,1.0,9.67043611868802,0.10000000149011612
235.669,1.0,9.697810399387446,0.10000000149011612
235.718,1.0,9.862731301515467,0.10591010004281998
235.768,1.0,9.835173339148362,0.10000000149011612
235.819,1.0,9.890048793185915,0.10000000149011612
235.869,1.0,9.835120716628929,0.10000000149011612
235.919,1.0,9.780120939906272,0.10000000149011612
235.968,1.0,9.752723178226088,0.10000000149011612
236.018,1.0,9.807724462739296,0.10000000149011612
236.069,1.0,9.78037743696736,0.10000000149011612
236.119,1.0,9.80782632285522,0.10000000149011612
236.168,1.0,9.697659708745778,0.10000000149011612
236.219,1.0,9.862524579299821,0.10000000149011612
236.269,1.0,9.807931999841498,0.10000000149011612
236.318,1.0,9.725200848591824,0.10000000149011612
236.369,1.0,9.698058681935072,0.10000000149011612
236.419,1.0,9.835074425799151,0.10000000149011612
236.468,1.0,9.835271963828967,0.10000000149011612
236.519,1.0,9.780349100112087,0.10000000149011612
236.569,1.0,9.80785292442888,0.10000000149011612
236.618,1.0,9.725363716048498,0.10000000149011612
236.669,1.0,9.752939823518197,0.10000000149011612
236.719,1.0,9.780380465462803,0.10000000149011612
236.768,1.0,9.862833829886384,0.10000000149011612
236.818,1.0,9.835133248567582,0.10000000149011612
236.868,1.0,9.917500000012417,0.10000000149011612
236.919,1.0,9.725361516036921,0.10000000149011612
236.968,1.0,9.780402750294241,0.10000000149011612
237.018,1.0,9.752703027634157,0.10000000149011612
237.068,1.0,9.697619205340743,0.10000000149011612
237.119,1.0,9.807574816689723,0.10000000149011612
237.168,1.0,9.80769999799215,0.10000000149011612
237.218,1.0,9.862918392713699,0.11745240539312363
237.269,1.0,9.78027277239081,0.10000000149011612
237.319,1.0,9.6704917271725,0.10000000149011612
237.368,1.0,9.862506039792464,0.10000000149011612
237.419,1.0,9.807748149273296,0.10000000149011612
237.468,1.0,9.807772830418415,0.10000000149011612
237.518,1.0,9.80795885177536,0.10000000149011612
237.569,1.0,9.752703485555118,0.10000000149011612
237.619,1.0,9.917742655012344,0.12402543425559998
237.668,1.0,9.89011873807758,0.10000000149011612
237.718,1.0,9.698172621242701,0.10000000149011612
237.768,1.0,9.753052130962411,0.10000000149011612
237.819,1.0,9.835523539616002,0.10000000149011612
237.869,1.0,9.780403102789489,0.10000000149011612
237.919,1.0,9.697710496166515,0.10000000149011612
237.969,1.0,9.780095837865439,0.10000000149011612
238.019,1.0,9.8350628423608,0.10000000149011612
238.069,1.0,9.725353079454766,0.10000000149011612
238.119,1.0,9.807820873707533,0.10000000149011612
238.168,1.0,9.752830046146281,0.10000000149011612
238.218,1.0,9.642837667154769,0.10000000149011612
238.269,1.0,9.890010151970717,0.10000000149011612
238.319,1.0,9.862635871685214,0.10000000149011612
238.369,1.0,9.80768829110182,0.10000000149011612
238.418,1.0,9.862663385789428,0.10000000149011612
238.468,1.0,9.862653789793452,0.10000000149011612
238.519,1.0,9.78013788231959,0.10000000149011612
238.569,1.0,9.890016125680672,0.10000000149011612
238.619,1.0,9.862541549714903,0.10000000149011612
238.668,1.0,9.807686336607569,0.10000000149011612
238.719,1.0,9.807687292889588,0.10000000149011612
238.768,1.0,9.835103813558817,0.10000000149011612
238.818,1.0,9.752803278569546,0.10000000149011612
238.868,1.0,9.807707783662611,0.10000000149011612
238.918,1.0,9.862668262649741,0.10000000149011612
238.968,1.0,9.835233693342243,0.10000000149011612
239.019,1.0,9.752652268153097,0.10000000149011612
239.069,1.0,9.780232399639983,0.10000000149011612
239.119,1.0,9.807816899650627,0.10000000149011612
239.169,1.0,9.862857560068369,0.10000000149011612
239.218,1.0,9.917836873233318,0.13662585616111755
239.268,1.0,9.890215406939387,0.10000000149011612
239.319,1.0,9.890000000016556,0.10000000149011612
239.369,1.0,9.780413272521562,0.10000000149011612
239.419,1.0,9.588372112127642,0.10000000149011612
239.469,1.0,9.835296289933224,0.10000000149011612
239.518,1.0,9.752976628372238,0.10000000149011612
239.569,1.0,9.752848248204423,0.10000000149011612
239.618,1.0,9.725473946581284,0.10000000149011612
239.669,1.0,9.780169591783649,0.10000000149011612
239.719,1.0,9.752539114115967,0.10000000149011612
239.768,1.0,9.862750308608843,0.10000000149011612
239.818,1.0,9.780468744474152,0.10000000149011612
239.869,1.0,9.917641985809638,0.10200142115354538
239.919,1.0,9.835373138967487,0.10000000149011612
239.969,1.0,9.780169774488442,0.10000000149011612
240.019,1.0,9.835418511202766,0.10000000149011612
240.069,1.0,9.83522835570491,0.10000000149011612
240.119,1.0,9.725289548788634,0.10000000149011612
240.169,1.0,9.72556066825572,0.10000000149011612
240.218,1.0,9.835157853364944,0.10000000149011612
240.269,1.0,9.80763898924407,0.10000000149011612
240.318,1.0,9.835174063468973,0.10000000149011612
240.368,1.0,9.615730458849834,0.10000000149011612
240.418,1.0,9.807816494711572,0.10000000149011612
240.469,1.0,9.697749976275695,0.10000000149011612
240.518,1.0,9.890213242794077,0.10000000149011612
240.569,1.0,9.862638878429102,0.10000000149011612
240.618,1.0,9.890049024526444,0.10000000149011612
240.669,1.0,9.86255403858506,0.10000000149011612
240.719,1.0,9.78027033538868,0.10000000149011612
240.768,1.0,9.780246563938757,0.10000000149011612
240.818,1.0,9.890206354070042,0.10000000149011612
240.868,1.0,9.725167443396316,0.10000000149011612
240.919,1.0,9.807588585321273,0.10000000149011612
240.968,1.0,9.752787822464274,0.10000000149011612
241.018,1.0,9.862500000020695,0.10000000149011612
241.068,1.0,9.752671752125025,0.10000000149011612
241.118,1.0,9.862555039425692,0.10000000149011612
241.169,1.0,9.725309164966975,0.10000000149011612
241.218,1.0,9.862720574624836,0.10000000149011612
241.269,1.0,9.642813822399411,0.10000000149011612
241.319,1.0,9.780281084962189,0.10000000149011612
241.369,1.0,9.862745667455926,0.10000000149011612
241.419,1.0,9.72516859151009,0.10000000149011612
241.469,1.0,9.862798054537011,0.10000000149011612
241.519,1.0,9.560780374933447,0.10000000149011612
241.569,1.0,9.89023149104582,0.10000000149011612
241.618,1.0,9.670442244576083,0.10000000149011612
241.669,1.0,9.752781510415177,0.10000000149011612
241.718,1.0,9.78012902006093,0.10000000149011612
241.768,1.0,9.780364272039797,0.10000000149011612
241.819,1.0,9.725357359854712,0.10000000149011612
241.869,1.0,9.83539818469435,0.10000000149011612
241.919,1.0,9.862602804601192,0.10000000149011612
241.968,1.0,9.75299732937581,0.10000000149011612
242.018,1.0,9.83515118184603,0.10000000149011612
242.069,1.0,9.807596076486838,0.10000000149011612
242.118,1.0,9.780370226792163,0.10000000149011612
242.168,1.0,9.862813079957332,0.10000000149011612
242.218,1.0,9.917649815748963,0.10000000149011612
242.269,1.0,9.862787929073804,0.10000000149011612
242.318,1.0,9.780307141898406,0.10000000149011612
242.369,1.0,9.835103386454284,0.10000000149011612
242.418,1.0,9.80789600180255,0.10000000149011612
242.468,1.0,9.780071780561572,0.10000000149011612
242.518,1.0,9.862582571804523,0.10000000149011612
242.569,1.0,9.835186836454604,0.10000000149011612
242.618,1.0,9.83517792272485,0.10000000149011612
242.669,1.0,9.807664184148113,0.10000000149011612
242.719,1.0,9.780410197894607,0.10000000149011612
242.769,1.0,9.835183082396785,0.10000000149011612
242.818,1.0,9.835181271243426,0.10000000149011612
242.869,1.0,9.890134065515465,0.10000000149011612
242.918,1.0,9.753148440602754,0.10000000149011612
242.968,1.0,9.450955366984838,0.10000000149011612
243.018,1.0,9.80761130263822,0.10000000149011612
243.069,1.0,9.752683996595442,0.10000000149011612
243.119,1.0,9.807766909773152,0.10000000149011612
243.168,1.0,9.86280476955904,0.10000000149011612
243.219,1.0,9.807683354761037,0.10000000149011612
243.269,1.0,9.752830215046803,0.10000000149011612
243.318,1.0,9.807730367034674,0.10000000149011612
243.369,1.0,9.78058052793559,0.10000000149011612
243.419,1.0,9.945246014330122,0.14047972857952118
243.469,1.0,9.890276436693966,0.10000000149011612
243.519,1.0,9.780169666227367,0.10000000149011612
243.569,1.0,9.670300814116167,0.10000000149011612
243.618,1.0,9.80770197963963,0.10000000149011612
243.668,1.0,9.862538247452013,0.10000000149011612
243.718,1.0,9.643045627118813,0.10000000149011612
243.768,1.0,9.753061089933746,0.10000000149011612
243.818,1.0,9.945000000008278,0.10000000149011612
243.868,1.0,9.835123293060395,0.10000000149011612
243.919,1.0,9.725231054797769,0.10000000149011612
243.969,1.0,9.835484290930133,0.10000000149011612
244.019,1.0,9.588411188167003,0.10000000149011612
244.068,1.0,9.862708671556579,0.10000000149011612
244.119,1.0,9.807860034145415,0.10000000149011612
244.169,1.0,9.835417272253997,0.10000000149011612
244.219,1.0,9.862733562311364,0.10000000149011612
244.268,1.0,9.725408596421282,0.10000000149011612
244.318,1.0,9.917717082819177,0.11184331029653549
244.368,1.0,9.807626567760275,0.10000000149011612
244.419,1.0,9.862516832910478,0.10000000149011612
244.469,1.0,9.780372284166514,0.10000000149011612
244.518,1.0,9.807527667221924,0.10000000149011612
244.569,1.0,9.862627118660344,0.10000000149011612
244.618,1.0,9.670380246494378,0.10000000149011612
244.669,1.0,9.725397249683738,0.10000000149011612
244.719,1.0,9.8900894795234,0.10000000149011612
244.77,1.0,9.8078596394923,0.10000000149011612
244.818,1.0,9.835237534633942,0.10000000149011612
244.868,1.0,9.890069407121175,0.10000000149011612
244.919,1.0,9.862610405849086,0.10000000149011612
244.968,1.0,9.835190863783161,0.10000000149011612
245.019,1.0,9.917585650355452,0.10000000149011612
245.068,1.0,9.835125803450744,0.10000000149011612
245.118,1.0,9.780512276498808,0.10000000149011612
245.169,1.0,9.780505197722878,0.10000000149011612
245.219,1.0,9.835215511090226,0.10000000149011612
245.269,1.0,9.862598395119939,0.10000000149011612
245.318,1.0,9.80763980017768,0.10000000149011612
245.368,1.0,9.862757774732179,0.10000000149011612
245.418,1.0,9.752873765946262,0.10000000149011612
245.468,1.0,9.725301714986562,0.10000000149011612
245.518,1.0,9.835145851038396,0.10000000149011612
245.569,1.0,9.83532611746341,0.10000000149011612
245.618,1.0,9.752814776802229,0.10000000149011612
245.669,1.0,9.80776602971471,0.10000000149011612
245.719,1.0,9.890000000016556,0.10000000149011612
245.768,1.0,9.807749267853797,0.10000000149011612
245.818,1.0,9.72522050258186,0.10000000149011612
245.869,1.0,9.807689967585935,0.10000000149011612
245.919,1.0,9.670386845866838,0.10000000149011612
245.969,1.0,9.780122847958571,0.10000000149011612
246.019,1.0,9.697922977349824,0.10000000149011612
246.068,1.0,9.862569367016356,0.10000000149011612
246.119,1.0,9.780195898210836,0.10000000149011612
246.168,1.0,9.780353724894423,0.10000000149011612
246.219,1.0,9.835346403655906,0.10000000149011612
246.269,1.0,9.725152746712167,0.10000000149011612
246.319,1.0,9.80780073226326,0.10000000149011612
246.369,1.0,9.862553721293807,0.10000000149011612
246.422,1.0,9.72546467911452,0.10000000149011612
246.469,1.0,9.752711854688823,0.10000000149011612
246.52,1.0,9.807652808022167,0.10000000149011612
246.569,1.0,9.807882018552887,0.10000000149011612
246.619,1.0,9.725635220379464,0.10000000149011612
246.669,1.0,9.8350981441016,0.10000000149011612
246.719,1.0,9.670343535993663,0.10000000149011612
246.769,1.0,9.6976780263914,0.10000000149011612
246.818,1.0,9.835157102367116,0.10000000149011612
246.868,1.0,9.835123989234368,0.10000000149011612
246.919,1.0,9.835077367619508,0.10000000149011612
246.968,1.0,9.890200196951628,0.10000000149011612
247.019,1.0,9.807639738379253,0.10000000149011612
247.068,1.0,9.753174135813282,0.10000000149011612
247.118,1.0,9.560205954085621,0.10000000149011612
247.169,1.0,9.697946765211721,0.10000000149011612
247.219,1.0,9.862559673169422,0.10000000149011612
247.269,1.0,9.835247291272713,0.10000000149011612
247.319,1.0,9.83523872308433,0.10000000149011612
247.369,1.0,9.780205388180912,0.10000000149011612
247.419,1.0,9.670286844981213,0.10000000149011612
247.468,1.0,9.86282837614417,0.10747887939214706
247.519,1.0,9.752694453733662,0.10000000149011612
247.568,1.0,9.890274658985437,0.10000000149011612
247.619,1.0,9.807763205034037,0.10000000149011612
247.669,1.0,9.780087992569639,0.10000000149011612
247.719,1.0,9.780417139455675,0.10000000149011612
247.768,1.0,9.670407569056584,0.10000000149011612
247.819,1.0,9.560551029216084,0.10000000149011612
247.868,1.0,9.862716047693457,0.10000000149011612
247.919,1.0,9.862669097777042,0.10000000149011612
247.969,1.0,9.807695209710962,0.10000000149011612
248.018,1.0,9.807788506398598,0.10000000149011612
248.068,1.0,9.835186536817087,0.10000000149011612
248.118,1.0,9.890145494830277,0.10000000149011612
248.168,1.0,9.972555321599874,0.11991577595472336
248.219,1.0,9.752690415663851,0.10000000149011612
248.268,1.0,9.780000000033114,0.10000000149011612
248.319,1.0,9.752819763413735,0.10000000149011612
248.369,1.0,9.697909358081718,0.10000000149011612
248.418,1.0,9.945000000008278,0.10000000149011612
248.469,1.0,9.945044596100018,0.10000000149011612
248.518,1.0,9.697848651206328,0.10000000149011612
248.569,1.0,9.725401556140019,0.10000000149011612
248.618,1.0,9.83513363049262,0.10000000149011612
248.668,1.0,9.752810152702862,0.10000000149011612
248.719,1.0,9.835256873174673,0.10000000149011612
248.768,1.0,9.807704856391583,0.10000000149011612
248.819,1.0,9.835056767260863,0.10000000149011612
248.869,1.0,9.862554851919413,0.10000000149011612
248.919,1.0,9.780225479685598,0.10000000149011612
248.969,1.0,9.752588358914686,0.10000000149011612
249.018,1.0,9.807911651519438,0.10000000149011612
249.068,1.0,9.890136245244907,0.10000000149011612
249.119,1.0,9.8626186022328,0.10000000149011612
249.169,1.0,9.890210593077871,0.10000000149011612
249.219,1.0,9.670102451617518,0.10000000149011612
249.269,1.0,9.807817012506227,0.10000000149011612
249.319,1.0,9.725523903738294,0.10000000149011612
249.368,1.0,9.89007039885554,0.10000000149011612
249.418,1.0,9.835281834233966,0.10000000149011612
249.469,1.0,9.752689762765336,0.10000000149011612
249.519,1.0,9.78036363352504,0.10033415257930756
249.569,1.0,9.862691455996698,0.10000000149011612
249.618,1.0,9.807924503067301,0.10000000149011612
249.669,1.0,9.725198042951524,0.10000000149011612
249.719,1.0,9.807646530845927,0.10000000149011612
249.769,1.0,9.64307878199551,0.10000000149011612
249.819,1.0,9.835088234663838,0.10000000149011612
249.868,1.0,9.917579726895525,0.10000000149011612
249.918,1.0,9.75287093733334,0.10000000149011612
249.969,1.0,9.752773547669252,0.10000000149011612
250.018,1.0,9.80788486343291,0.10000000149011612
250.069,1.0,9.780160770089262,0.10000000149011612
250.118,1.0,9.917534018556276,0.10000000149011612
250.168,1.0,9.807639728279577,0.10000000149011612
250.219,1.0,9.697971637340055,0.10000000149011612
250.268,1.0,9.725423542637792,0.10000000149011612
250.318,1.0,9.835196347534657,0.10000000149011612
250.369,1.0,9.752838858361873,0.10000000149011612
250.419,1.0,9.80768895238224,0.10000000149011612
250.469,1.0,9.890173523210818,0.10000000149011612
250.519,1.0,9.725271958112717,0.10000000149011612
250.568,1.0,9.725409378214843,0.10000000149011612
250.618,1.0,9.862737134409448,0.10000000149011612
250.668,1.0,9.807649953911701,0.10000000149011612
250.719,1.0,9.807564015396768,0.10000000149011612
250.768,1.0,9.807674610345728,0.10000000149011612
250.818,1.0,9.80777693875134,0.10000000149011612
250.868,1.0,9.835354854166507,0.10000000149011612
250.919,1.0,9.725415558098918,0.10000000149011612
250.969,1.0,9.78047889477263,0.10000000149011612
251.018,1.0,9.807621910712784,0.10000000149011612
251.069,1.0,9.890141753252182,0.10000000149011612
251.119,1.0,9.862500000020695,0.10000000149011612
251.168,1.0,9.91761219965087,0.10000000149011612
251.219,1.0,9.917540618777275,0.10000000149011612
251.269,1.0,9.78039386226899,0.10000000149011612
251.318,1.0,9.670298115350306,0.10000000149011612
251.369,1.0,9.807808560588294,0.10000000149011612
251.418,1.0,9.752700979904168,0.10000000149011612
251.468,1.0,9.835277513559493,0.10000000149011612
251.519,1.0,9.890081783321996,0.10000000149011612
251.568,1.0,9.807812494287889,0.10000000149011612
251.619,1.0,9.780499224054317,0.10000000149011612
251.668,1.0,9.862586638910903,0.10000000149011612
251.718,1.0,9.697722034632331,0.10000000149011612
251.769,1.0,9.835240500461724,0.10000000149011612
251.818,1.0,9.7255026301783,0.10000000149011612
251.869,1.0,9.862559508159757,0.10000000149011612
251.919,1.0,9.917583314619131,0.10000000149011612
251.968,1.0,9.835145710801912,0.10000000149011612
252.018,1.0,9.835332164727152,0.10000000149011612
252.068,1.0,9.642935342217486,0.10000000149011612
252.119,1.0,9.835006641058458,0.10000000149011612
252.168,1.0,9.752830486516986,0.10000000149011612
252.218,1.0,9.753077720685138,0.10000000149011612
252.269,1.0,9.69810316895859,0.10000000149011612
252.319,1.0,9.83524328019056,0.10000000149011612
252.369,1.0,9.835201269450287,0.10000000149011612
252.418,1.0,9.725399408406682,0.10000000149011612
252.469,1.0,9.862725175917149,0.10000000149011612
252.518,1.0,9.835255849547684,0.10000000149011612
252.569,1.0,9.807636505841382,0.10000000149011612
252.618,1.0,9.835138514058457,0.10000000149011612
252.669,1.0,9.670442907181052,0.10000000149011612
252.719,1.0,9.75271405438996,0.10000000149011612
252.769,1.0,9.725280482259889,0.10000000149011612
252.819,1.0,9.835085377862884,0.10000000149011612
252.869,1.0,9.890170125518408,0.10000000149011612
252.919,1.0,9.890174749452207,0.10000000149011612
252.969,1.0,9.752987310124768,0.10000000149011612
253.018,1.0,9.835423255484137,0.10105662792921066
253.069,1.0,9.807565209890406,0.10000000149011612
253.119,1.0,9.69798791302989,0.10000000149011612
253.168,1.0,9.835190774748723,0.10000000149011612
253.218,1.0,9.890083017096751,0.10000000149011612
253.268,1.0,9.725397036948966,0.10000000149011612
253.318,1.0,9.807741258810792,0.10000000149011612
253.368,1.0,9.752775754407049,0.10000000149011612
253.419,1.0,9.862710275977022,0.10000000149011612
253.468,1.0,9.945058294406367,0.10000000149011612
253.518,1.0,9.72527690033118,0.10000000149011612
253.569,1.0,9.890164635682272,0.10000000149011612
253.618,1.0,9.807764873177641,0.10000000149011612
253.669,1.0,9.807649618470007,0.10000000149011612
253.718,1.0,9.780260085500776,0.10000000149011612
253.768,1.0,9.72529983083821,0.10000000149011612
253.818,1.0,9.8901313589058,0.10000000149011612
253.869,1.0,9.7802937814138,0.10000000149011612
253.918,1.0,9.917698766808543,0.10000000149011612
253.968,1.0,9.9176310810157,0.10252729058265686
254.019,1.0,9.917754754196439,0.10000000149011612
254.068,1.0,9.835180679170621,0.10000000149011612
254.119,1.0,9.725139827219149,0.10000000149011612
254.169,1.0,9.752599316814708,0.10000000149011612
254.218,1.0,9.752701153419912,0.10000000149011612
254.269,1.0,9.972500000004139,0.10000000149011612
254.319,1.0,9.7527895828709,0.10000000149011612
254.369,1.0,9.752613417431713,0.10000000149011612
254.418,1.0,9.862661854198409,0.10000000149011612
254.469,1.0,9.642767711501154,0.10000000149011612
254.518,1.0,9.807591100099186,0.10000000149011612
254.568,1.0,9.807771917391154,0.10000000149011612
254.619,1.0,9.807631918001507,0.10000000149011612
254.668,1.0,9.780102102686133,0.10000000149011612
254.719,1.0,9.808006739885442,0.10000000149011612
254.769,1.0,9.890135721551875,0.10000000149011612
254.818,1.0,9.725423425042795,0.10000000149011612
254.869,1.0,9.643362512294617,0.10000000149011612
254.918,1.0,9.862728812773195,0.10000000149011612
254.968,1.0,9.725217075935669,0.10000000149011612
255.019,1.0,9.780395198509925,0.10000000149011612
255.069,1.0,9.697870477413138,0.10000000149011612
255.119,1.0,9.752794452715252,0.10000000149011612
255.168,1.0,9.835404440056946,0.11624177545309067
255.219,1.0,9.917500000012417,0.10000000149011612
255.269,1.0,9.698122311114437,0.10000000149011612
255.318,1.0,9.835298162657354,0.10000000149011612
255.368,1.0,9.83524245172739,0.10000000149011612
255.418,1.0,9.83506878345377,0.10000000149011612
255.469,1.0,9.890004364525279,0.10000000149011612
255.519,1.0,9.78038911620776,0.10000000149011612
255.568,1.0,9.725451272643275,0.10000000149011612
255.618,1.0,9.670510299214058,0.10000000149011612
255.669,1.0,9.780146644781862,0.10000000149011612
255.718,1.0,9.752819955742194,0.10000000149011612
255.769,1.0,9.89008588898513,0.10000000149011612
255.818,1.0,9.752834592573345,0.10000000149011612
255.869,1.0,9.67027732986543,0.10000000149011612
255.918,1.0,9.615821645429564,0.10000000149011612
255.968,1.0,9.835263292905356,0.10000000149011612
256.018,1.0,9.807782638859418,0.10000000149011612
256.068,1.0,9.917571794738372,0.10000000149011612
256.119,1.0,9.890030966595644,0.10000000149011612
256.169,1.0,9.86268491583566,0.10000000149011612
256.219,1.0,9.780147278101907,0.10000000149011612
256.268,1.0,9.862694116329981,0.10000000149011612
256.319,1.0,9.752508937484688,0.10000000149011612
256.368,1.0,9.91764142420143,0.10395193099975586
256.419,1.0,9.807794633590513,0.10000000149011612
256.469,1.0,9.752768909993272,0.10000000149011612
256.518,1.0,9.780148116168048,0.10000000149011612
256.569,1.0,9.807663338134686,0.10000000149011612
256.619,1.0,9.835163824115362,0.10000000149011612
256.669,1.0,9.862600051239133,0.10000000149011612
256.719,1.0,9.835202139967846,0.10000000149011612
256.768,1.0,9.835208236488203,0.10000000149011612
256.818,1.0,9.807858036003179,0.10000000149011612
256.868,1.0,9.697931729795204,0.10000000149011612
256.919,1.0,9.725283500614266,0.10000000149011612
256.968,1.0,9.835147319465047,0.10000000149011612
257.018,1.0,9.835109581343001,0.10000000149011612
257.069,1.0,9.862728356466524,0.10000000149011612
257.119,1.0,9.862520631382035,0.10000000149011612
257.169,1.0,9.917677092717753,0.10000000149011612
257.218,1.0,9.780098963446088,0.10000000149011612
257.269,1.0,9.752738075517119,0.10000000149011612
257.319,1.0,9.752676539123058,0.10000000149011612
257.368,1.0,9.917617944338255,0.10000000149011612
257.419,1.0,9.807769332370825,0.10000000149011612
257.468,1.0,9.862819109153417,0.10000000149011612
257.519,1.0,9.807682728663915,0.10000000149011612
257.568,1.0,9.780385607522394,0.10000000149011612
257.618,1.0,9.890207730564807,0.10000000149011612
257.668,1.0,9.752772519820267,0.10000000149011612
257.718,1.0,9.890079603737426,0.10000000149011612
257.768,1.0,9.752703155183958,0.10000000149011612
257.819,1.0,9.78033031695005,0.10000000149011612
257.868,1.0,9.83508785398056,0.10000000149011612
257.918,1.0,9.752766087340811,0.10000000149011612
257.968,1.0,9.807627019989821,0.10000000149011612
258.018,1.0,9.807784194664823,0.10000000149011612
258.069,1.0,9.725531782768666,0.10000000149011612
258.118,1.0,9.890001486717827,0.10000000149011612
258.169,1.0,9.835194518499904,0.10000000149011612
258.218,1.0,9.86286337317692,0.10000000149011612
258.269,1.0,9.945106656145718,0.11743158102035522
258.319,1.0,9.780134447291493,0.10000000149011612
258.369,1.0,9.807757663726807,0.10000000149011612
258.419,1.0,9.807893139455054,0.10000000149011612
258.469,1.0,9.780389817121128,0.10000000149011612
258.518,1.0,9.835166002478864,0.10000000149011612
258.569,1.0,9.807725461344752,0.10000000149011612
258.618,1.0,9.862623639115029,0.10000000149011612
258.668,1.0,9.725248774741258,0.10000000149011612
258.718,1.0,9.862700562489529,0.10000000149011612
258.769,1.0,9.80775129267325,0.10000000149011612
258.82,1.0,9.945063330812587,0.10000000149011612
258.869,1.0,9.862733627938562,0.10000000149011612
258.919,1.0,9.807651775847706,0.10000000149011612
258.969,1.0,9.752597113015751,0.10000000149011612
259.018,1.0,9.807678566790289,0.10000000149011612
259.068,1.0,9.8901110244294,0.10000000149011612
259.118,1.0,9.835120787988934,0.10000000149011612
259.169,1.0,9.890063929723368,0.10000000149011612
259.219,1.0,9.72516223974526,0.10000000149011612
259.269,1.0,9.862655674479901,0.10000000149011612
259.318,1.0,9.80774438528137,0.10000000149011612
259.368,1.0,9.917564597436124,0.10000000149011612
259.418,1.0,9.807776300133103,0.10000000149011612
259.468,1.0,9.890127223481734,0.10000000149011612
259.519,1.0,9.890171710857087,0.10000000149011612
259.568,1.0,9.670777033021052,0.10000000149011612
259.618,1.0,9.80770101669348,0.10000000149011612
259.668,1.0,9.835361955583924,0.10000000149011612
259.718,1.0,9.697794084271623,0.10000000149011612
259.768,1.0,9.807965234335926,0.10000000149011612
259.818,1.0,9.835307619513737,0.10000000149011612
259.868,1.0,9.917724653271337,0.10000000149011612
259.92,1.0,9.945103544969525,0.11460953205823898
259.969,1.0,9.835488149627215,0.10000000149011612
260.019,1.0,9.890095795670318,0.10000000149011612
260.069,1.0,9.725582983862195,0.10000000149011612
260.118,1.0,9.835306032208933,0.10000000149011612
260.168,1.0,9.752904494251641,0.10000000149011612
260.219,1.0,9.862586047997077,0.10000000149011612
260.269,1.0,9.835202258514862,0.10000000149011612
260.319,1.0,9.890102694970038,0.10000000149011612
260.368,1.0,9.752771026392777,0.10000000149011612
260.418,1.0,9.862664132213427,0.10206156969070435
260.468,1.0,9.807871049000985,0.10000000149011612
260.518,1.0,9.69792710174289,0.10000000149011612
260.569,1.0,9.780171692412761,0.10000000149011612
260.619,1.0,9.752800374064181,0.10000000149011612
260.669,1.0,9.75274233981553,0.10000000149011612
260.718,1.0,9.917638239119615,0.10000000149011612
260.768,1.0,9.917765601889954,0.1143960952758789
260.819,1.0,9.890117081192633,0.10000000149011612
260.868,1.0,9.752869653225773,0.10000000149011612
260.919,1.0,9.835265873124202,0.10000000149011612
260.968,1.0,9.83529962019788,0.10000000149011612
261.019,1.0,9.78039856236428,0.10000000149011612
261.068,1.0,9.807777526519365,0.10000000149011612
261.118,1.0,9.835148361263176,0.10000000149011612
261.168,1.0,9.80772694359637,0.10000000149011612
261.218,1.0,9.807744851687715,0.10000000149011612
261.268,1.0,9.835276193461484,0.10000000149011612
261.318,1.0,9.945000000008278,0.10000000149011612
261.369,1.0,9.697780162530641,0.10000000149011612
261.419,1.0,9.83506697513577,0.10000000149011612
261.468,1.0,9.835118559147748,0.10000000149011612
261.518,1.0,9.780241458593972,0.10000000149011612
261.568,1.0,9.807621009233925,0.10000000149011612
261.618,1.0,9.725410544354883,0.10000000149011612
261.668,1.0,9.890192436613143,0.10000000149011612
261.718,1.0,9.725227523843447,0.10000000149011612
261.768,1.0,9.697854493537712,0.10000000149011612
261.818,1.0,9.862532270720436,0.10000000149011612
261.868,1.0,9.780239586470028,0.10000000149011612
261.919,1.0,9.725272542962598,0.10000000149011612
261.968,1.0,9.752864790728523,0.10000000149011612
262.019,1.0,9.945143049437966,0.11846957355737686
262.069,1.0,9.862766004001928,0.10000000149011612
262.118,1.0,9.862754862238136,0.10000000149011612
262.169,1.0,9.97254853244457,0.11747168004512787
262.22,1.0,9.807596794805592,0.10000000149011612
262.269,1.0,9.697969855306049,0.10000000149011612
262.318,1.0,9.725625598161585,0.10000000149011612
262.369,1.0,9.752930090017617,0.10000000149011612
262.418,1.0,9.725368337622948,0.10000000149011612
262.468,1.0,9.835245320159528,0.10000000149011612
262.519,1.0,9.6980581190851,0.10000000149011612
262.568,1.0,9.697628554536237,0.10000000149011612
262.618,1.0,9.752722967064216,0.10000000149011612
262.669,1.0,9.697626309821175,0.10000000149011612
262.719,1.0,9.725197281791932,0.10000000149011612
262.769,1.0,9.862671858879427,0.10000000149011612
262.819,1.0,9.862868113877873,0.11559288203716278
262.868,1.0,9.697622477490869,0.10000000149011612
262.918,1.0,9.670446135765976,0.10000000149011612
262.968,1.0,9.807828094085885,0.10000000149011612
263.019,1.0,9.890170791062216,0.10000000149011612
263.069,1.0,9.670325841527019,0.10000000149011612
263.119,1.0,9.75285317396952,0.10000000149011612
263.168,1.0,9.780285510586367,0.10000000149011612
263.218,1.0,9.752987041800386,0.10000000149011612
263.268,1.0,9.752723460706571,0.10000000149011612
263.318,1.0,9.89013676972439,0.10000000149011612
263.368,1.0,9.862681575595504,0.10000000149011612
263.419,1.0,9.835121221053932,0.10000000149011612
263.469,1.0,9.697961130841739,0.10000000149011612
263.519,1.0,9.752856589232882,0.10000000149011612
263.569,1.0,9.807695701801114,0.10000000149011612
263.618,1.0,9.807648938231997,0.10000000149011612
263.669,1.0,9.643016955753167,0.10000000149011612
263.718,1.0,9.807900976389647,0.10000000149011612
263.768,1.0,9.835352537015247,0.10000000149011612
263.819,1.0,9.753048089353575,0.10000000149011612
263.869,1.0,9.862845622044471,0.10000000149011612
263.919,1.0,9.835246000542408,0.10000000149011612
263.968,1.0,9.862662540728019,0.10000000149011612
264.018,1.0,9.8075847659467,0.10000000149011612
264.068,1.0,9.780321470461786,0.10000000149011612
264.119,1.0,9.807575293547577,0.10000000149011612
264.169,1.0,9.752753214641578,0.10000000149011612
264.218,1.0,9.890177558259003,0.10512618720531464
264.268,1.0,9.917701660200125,0.11380375176668167
264.318,1.0,9.807646837458014,0.10000000149011612
264.368,1.0,9.917647885903715,0.10000000149011612
264.418,1.0,9.91762792546716,0.10000000149011612
264.469,1.0,9.752977484692302,0.10000000149011612
264.518,1.0,9.698060509396925,0.10000000149011612
264.569,1.0,9.780125914472674,0.10000000149011612
264.619,1.0,9.780395896712111,0.10000000149011612
264.668,1.0,9.917650141339335,0.10000000149011612
264.718,1.0,9.807802222048243,0.10000000149011612
264.768,1.0,9.917586536126004,0.10000000149011612
264.818,1.0,9.835358341141708,0.10000000149011612
264.869,1.0,9.780337298806343,0.10000000149011612
264.918,1.0,9.862755034532812,0.10000000149011612
264.968,1.0,9.972500000004139,0.10000000149011612
265.019,1.0,9.752686002788444,0.10000000149011612
265.069,1.0,9.890082361528442,0.10000000149011612
265.119,1.0,9.862772066891193,0.10000000149011612
265.169,1.0,9.890000000016556,0.10000000149011612
265.218,1.0,9.862707197997306,0.10000000149011612
265.269,1.0,9.615537353356679,0.10000000149011612
265.318,1.0,9.752608201342325,0.10000000149011612
265.369,1.0,9.807897140851452,0.10000000149011612
265.418,1.0,9.670382481916912,0.10000000149011612
265.469,1.0,9.698039745042722,0.10000000149011612
265.519,1.0,9.64279230605397,0.10000000149011612
265.569,1.0,9.780062127092647,0.10000000149011612
265.619,1.0,9.835058838956886,0.10000000149011612
265.668,1.0,9.807657361382411,0.10000000149011612
265.718,1.0,9.697771201924317,0.10000000149011612
265.769,1.0,9.835083905338413,0.10000000149011612
265.819,1.0,9.670625993609429,0.10000000149011612
265.869,1.0,9.807930741024514,0.10000000149011612
265.919,1.0,9.80770108677033,0.10000000149011612
265.968,1.0,9.725421768282022,0.10000000149011612
266.018,1.0,9.807966133931444,0.10000000149011612
266.068,1.0,9.835279402985341,0.10000000149011612
266.119,1.0,9.780194501702985,0.10000000149011612
266.169,1.0,9.862587391626503,0.10000000149011612
266.219,1.0,9.80752744966497,0.10000000149011612
266.269,1.0,9.862609506253566,0.10000000149011612
266.318,1.0,9.862633297737274,0.10000000149011612
266.368,1.0,9.615676846665641,0.10000000149011612
266.418,1.0,9.752692517327766,0.10000000149011612
266.468,1.0,9.835372091705601,0.10000000149011612
266.518,1.0,9.80771555757771,0.10000000149011612
266.569,1.0,9.917500000012417,0.10000000149011612
266.619,1.0,9.780261426646677,0.10000000149011612
266.668,1.0,9.642946178797219,0.10000000149011612
266.719,1.0,9.752825310226116,0.10000000149011612
266.769,1.0,9.780172657159467,0.10000000149011612
266.818,1.0,9.780294859243764,0.10000000149011612
266.868,1.0,9.780041590022543,0.10000000149011612
266.919,1.0,9.752937988874812,0.10000000149011612
266.969,1.0,9.780255377230544,0.10000000149011612
267.019,1.0,9.752800226791038,0.10000000149011612
267.069,1.0,9.890249394087327,0.10000000149011612
267.118,1.0,9.725275431325038,0.10000000149011612
267.168,1.0,9.807790587532024,0.10000000149011612
267.218,1.0,9.752939970542988,0.10000000149011612
267.269,1.0,9.917672867659066,0.10000000149011612
267.318,1.0,9.697807406985925,0.10000000149011612
267.368,1.0,9.807649245299398,0.10000000149011612
267.418,1.0,9.752768593509163,0.10000000149011612
267.468,1.0,9.835144132706855,0.10000000149011612
267.519,1.0,9.697763589810993,0.10000000149011612
267.569,1.0,9.752694733296003,0.10000000149011612
267.618,1.0,9.780209554359317,0.10000000149011612
267.668,1.0,9.890240252680249,0.10000000149011612
267.718,1.0,9.807545285278724,0.10000000149011612
267.769,1.0,9.807905558455321,0.10000000149011612
267.818,1.0,9.835233866444064,0.10000000149011612
267.869,1.0,9.698186145164073,0.10000000149011612
267.919,1.0,9.780485370403362,0.10000000149011612
267.968,1.0,9.780343236318894,0.10000000149011612
268.018,1.0,9.697588834166528,0.10000000149011612
268.068,1.0,9.69808288520823,0.10000000149011612
268.118,1.0,9.807747305288084,0.10000000149011612
268.169,1.0,9.835175869551797,0.10000000149011612
268.219,1.0,9.725417086337176,0.10000000149011612
268.269,1.0,9.890048067457974,0.10000000149011612
268.318,1.0,9.725490491775174,0.10000000149011612
268.369,1.0,9.80769480044643,0.10000000149011612
268.419,1.0,9.670345751941204,0.10000000149011612
268.469,1.0,9.752942829165194,0.10000000149011612
268.519,1.0,9.807755749879611,0.10000000149011612
268.569,1.0,9.807886060782605,0.10000000149011612
268.618,1.0,9.807833289499913,0.10000000149011612
268.669,1.0,9.835027348332934,0.10000000149011612
268.719,1.0,9.835266224398381,0.10000000149011612
268.769,1.0,9.862857043370605,0.10000000149011612
268.818,1.0,9.835000000024836,0.10000000149011612
268.869,1.0,9.835026390498712,0.10000000149011612
268.919,1.0,9.780181432432599,0.10000000149011612
268.969,1.0,9.6979464755704,0.10000000149011612
269.019,1.0,9.89001749722908,0.10000000149011612
269.068,1.0,9.780456732648114,0.10000000149011612
269.119,1.0,9.890068359838592,0.10000000149011612
269.168,1.0,9.725408009563884,0.10000000149011612
269.218,1.0,9.588092437469298,0.10000000149011612
269.269,1.0,9.807838168926537,0.10000000149011612
269.319,1.0,9.78019744331638,0.10000000149011612
269.368,1.0,9.917611000769668,0.10000000149011612
269.419,1.0,9.670811499986383,0.10000000149011612
269.469,1.0,9.642798461702963,0.10000000149011612
269.519,1.0,9.835218435981208,0.10000000149011612
269.569,1.0,9.752650715431406,0.10000000149011612
269.618,1.0,9.862632840664851,0.10000000149011612
269.669,1.0,9.752626253850758,0.10000000149011612
269.719,1.0,9.69781327166905,0.10000000149011612
269.768,1.0,9.835000000024836,0.10000000149011612
269.818,1.0,9.835122525422937,0.10000000149011612
269.869,1.0,9.72548905675196,0.10000000149011612
269.918,1.0,9.725247874131632,0.10000000149011612
269.969,1.0,9.807651965030365,0.10000000149011612
270.019,1.0,9.807623925142819,0.10000000149011612
270.069,1.0,9.890203358853856,0.10000000149011612
270.119,1.0,9.780372437234554,0.10000000149011612
270.168,1.0,9.917599236406385,0.10000000149011612
270.219,1.0,9.75309135603408,0.10000000149011612
270.269,1.0,9.780246054174171,0.10000000149011612
270.318,1.0,9.697826652228832,0.10000000149011612
270.369,1.0,9.807761190231476,0.10000000149011612
270.419,1.0,9.890000000016556,0.10000000149011612
270.469,1.0,9.807689643775424,0.10000000149011612
270.518,1.0,9.862623629801803,0.10000000149011612
270.569,1.0,9.643038276893398,0.10000000149011612
270.618,1.0,9.78020543249117,0.10000000149011612
270.669,1.0,9.83521957496802,0.10000000149011612
270.719,1.0,9.75292672728085,0.10000000149011612
270.769,1.0,9.8353456341765,0.10000000149011612
270.818,1.0,9.807693306542934,0.10000000149011612
270.868,1.0,9.835257227097948,0.10000000149011612
270.919,1.0,9.835386511890425,0.10000000149011612
270.969,1.0,9.807885750879844,0.10000000149011612
271.019,1.0,9.725260006822646,0.10000000149011612
271.069,1.0,9.780110118393269,0.10000000149011612
271.119,1.0,9.862801869027317,0.10000000149011612
271.168,1.0,9.670286663187047,0.10000000149011612
271.219,1.0,9.780359778615336,0.10000000149011612
271.269,1.0,9.752816048347288,0.10000000149011612
271.318,1.0,9.780358294438985,0.10000000149011612
271.369,1.0,9.753096983147165,0.10000000149011612
271.418,1.0,9.917500000012417,0.10000000149011612
271.468,1.0,9.862639972029461,0.10000000149011612
271.519,1.0,9.752749394418466,0.10000000149011612
271.568,1.0,9.780389792327252,0.10000000149011612
271.619,1.0,9.780188176987899,0.10000000149011612
271.668,1.0,9.725697243151565,0.10000000149011612
271.719,1.0,9.72522228465726,0.10000000149011612
271.768,1.0,9.69782993313339,0.10000000149011612
271.818,1.0,9.752651472555266,0.10000000149011612
271.869,1.0,9.862589608857201,0.10000000149011612
271.919,1.0,9.807798264424006,0.10000000149011612
271.968,1.0,9.807644632582862,0.10000000149011612
272.019,1.0,9.615402991614408,0.10000000149011612
272.068,1.0,9.835181074051393,0.10000000149011612
272.118,1.0,9.69769714994149,0.10000000149011612
272.169,1.0,9.8354132461879,0.10000000149011612
272.218,1.0,9.917725174149705,0.10000000149011612
272.269,1.0,9.698044957489603,0.10000000149011612
272.318,1.0,9.780133041987817,0.10000000149011612
272.369,1.0,9.807653926416403,0.10000000149011612
272.418,1.0,9.780412161267465,0.10000000149011612
272.468,1.0,9.835326874214742,0.10000000149011612
272.518,1.0,9.780101061964201,0.10000000149011612
272.569,1.0,9.89012766805374,0.10000000149011612
272.618,1.0,9.725550136177077,0.10000000149011612
272.669,1.0,9.780177848330803,0.10000000149011612
272.719,1.0,9.835122380736802,0.10000000149011612
272.768,1.0,9.835257865840362,0.10000000149011612
272.819,1.0,9.862683179332977,0.10000000149011612
272.869,1.0,9.917500000012417,0.10000000149011612
272.918,1.0,9.725274046489762,0.10000000149011612
272.969,1.0,9.835309361314607,0.10000000149011612
273.018,1.0,9.807756333611906,0.10000000149011612
273.069,1.0,9.807751492183241,0.10000000149011612
273.119,1.0,9.72534519272546,0.10000000149011612
273.169,1.0,9.697999220858845,0.10000000149011612
273.219,1.0,9.862684164775743,0.10000000149011612
273.269,1.0,9.917581277009514,0.10000000149011612
273.317,1.0,9.725325506139132,0.10000000149011612
273.369,1.0,9.917626327669455,0.10000000149011612
273.419,1.0,9.890158934932616,0.10000000149011612
273.469,1.0,9.752795312036243,0.10000000149011612
273.519,1.0,9.75262640747759,0.10000000149011612
273.569,1.0,9.725652172271577,0.10000000149011612
273.619,1.0,9.890130209074252,0.10000000149011612
273.669,1.0,9.835203209726346,0.10000000149011612
273.719,1.0,9.807689499089287,0.10000000149011612
273.769,1.0,9.945117341499362,0.10000000149011612
273.819,1.0,9.835017502307892,0.10000000149011612
273.868,1.0,9.86272783095224,0.10000000149011612
273.919,1.0,9.835334303312832,0.10000000149011612
273.969,1.0,9.8077409448723,0.10000000149011612
274.018,1.0,9.752917226486735,0.10000000149011612
274.069,1.0,9.725069361449115,0.10000000149011612
274.118,1.0,9.780479026627209,0.10000000149011612
274.169,1.0,9.862656795668105,0.10000000149011612
274.219,1.0,9.890142888244656,0.10000000149011612
274.268,1.0,9.697920552123751,0.10000000149011612
274.319,1.0,9.670585352410045,0.10000000149011612
274.369,1.0,9.862785817434391,0.10000000149011612
274.418,1.0,9.78017730837067,0.10000000149011612
274.469,1.0,9.917641762726836,0.10000000149011612
274.518,1.0,9.725507270317111,0.10000000149011612
274.569,1.0,9.670793983319568,0.10000000149011612
274.619,1.0,9.752603386032085,0.10000000149011612
274.669,1.0,9.807706572467254,0.10000000149011612
274.719,1.0,9.835558699154191,0.11810490489006042
274.769,1.0,9.780186153016984,0.10000000149011612
274.819,1.0,9.890160869020555,0.10000000149011612
274.869,1.0,9.807726906302074,0.10000000149011612
274.918,1.0,9.890035203906397,0.10000000149011612
274.969,1.0,9.862701052241027,0.10000000149011612
275.019,1.0,9.72542210895982,0.10000000149011612
275.069,1.0,9.807587133886086,0.10000000149011612
275.118,1.0,9.89015790892558,0.10000000149011612
275.169,1.0,9.697862667735253,0.10000000149011612
275.219,1.0,9.835468934269414,0.10000000149011612
275.268,1.0,9.917576647715435,0.10000000149011612
275.318,1.0,9.835107894821299,0.10000000149011612
275.369,1.0,9.835518102699684,0.10000000149011612
275.419,1.0,9.862906778645185,0.10000000149011612
275.469,1.0,9.83529285972731,0.10000000149011612
275.519,1.0,9.67034039064828,0.10000000149011612
275.568,1.0,9.725331547628674,0.10000000149011612
275.618,1.0,9.725326901694967,0.10000000149011612
275.668,1.0,9.83509503013144,0.10000000149011612
275.718,1.0,9.615290188396143,0.10000000149011612
275.769,1.0,9.835189579551418,0.10000000149011612
275.818,1.0,9.780382817818058,0.10000000149011612
275.868,1.0,9.890138731545044,0.10000000149011612
275.919,1.0,9.752855152077974,0.10000000149011612
275.969,1.0,9.725438814320498,0.10000000149011612
276.019,1.0,9.807926154943804,0.10000000149011612
276.068,1.0,9.835110801416967,0.10000000149011612
276.118,1.0,9.807729765027762,0.10000000149011612
276.169,1.0,9.780238116573956,0.10000000149011612
276.218,1.0,9.890000000016556,0.10000000149011612
276.268,1.0,9.752819789138933,0.10000000149011612
276.319,1.0,9.890144504172106,0.10000000149011612
276.368,1.0,9.83531870243864,0.10000000149011612
276.418,1.0,9.725793785498373,0.10000000149011612
276.468,1.0,9.862860502840745,0.10000000149011612
276.519,1.0,9.752795791087879,0.10000000149011612
276.569,1.0,9.780155169777572,0.10000000149011612
276.618,1.0,9.835050537354416,0.10000000149011612
276.669,1.0,9.835393210624655,0.10000000149011612
276.718,1.0,9.807748384690948,0.10000000149011612
276.769,1.0,9.862812125393086,0.10000000149011612
276.819,1.0,9.807907176328202,0.10000000149011612
276.869,1.0,9.917500000012417,0.10000000149011612
276.918,1.0,9.862703512753878,0.10000000149011612
276.969,1.0,9.725139037809438,0.10000000149011612
277.018,1.0,9.752868062568208,0.10000000149011612
277.069,1.0,9.89010670799762,0.10000000149011612
277.118,1.0,9.835158220657872,0.10000000149011612
277.169,1.0,9.862500000020695,0.10000000149011612
277.218,1.0,9.69760889456504,0.10000000149011612
277.269,1.0,9.8626307433885,0.10000000149011612
277.318,1.0,9.862575314442317,0.10000000149011612
277.369,1.0,9.642737491428852,0.10000000149011612
277.419,1.0,9.89010350000527,0.10000000149011612
277.468,1.0,9.862581817143493,0.10000000149011612
277.518,1.0,9.890275683295396,0.10000000149011612
277.569,1.0,9.698067606426775,0.10000000149011612
277.618,1.0,9.698099860755933,0.10000000149011612
277.669,1.0,9.83516879522552,0.10000000149011612
277.718,1.0,9.835145936823553,0.10000000149011612
277.769,1.0,9.807726353220641,0.10000000149011612
277.82,1.0,9.890000000016556,0.10000000149011612
277.869,1.0,9.725193042515052,0.10000000149011612
277.919,1.0,9.89000651565277,0.10000000149011612
277.968,1.0,9.835136231448915,0.10000000149011612
278.018,1.0,9.69781709758358,0.10000000149011612
278.068,1.0,9.780409310861595,0.10000000149011612
278.119,1.0,9.725361197835042,0.10000000149011612
278.168,1.0,9.890220861054129,0.10000000149011612
278.219,1.0,9.753111337559918,0.10000000149011612
278.269,1.0,9.780566268434955,0.10000000149011612
278.319,1.0,9.780234303180542,0.10000000149011612
278.369,1.0,9.780263266091545,0.10000000149011612
278.418,1.0,9.752900127445658,0.10000000149011612
278.468,1.0,9.862584390905168,0.10000000149011612
278.518,1.0,9.890191846237414,0.10000000149011612
278.569,1.0,9.86269829840296,0.10000000149011612
278.619,1.0,9.807780538975365,0.10000000149011612
278.668,1.0,9.86254660507871,0.10000000149011612
278.718,1.0,9.807712386113902,0.10000000149011612
278.768,1.0,9.807697239083549,0.10000000149011612
278.818,1.0,9.83525095515781,0.10000000149011612
278.868,1.0,9.835338006541132,0.10000000149011612
278.919,1.0,9.697796937637031,0.10000000149011612
278.968,1.0,9.862657633134061,0.10000000149011612
279.019,1.0,9.78026304770675,0.10000000149011612
279.069,1.0,9.807682145490414,0.10000000149011612
279.119,1.0,9.807813513610098,0.10000000149011612
279.168,1.0,9.862824491783977,0.10000000149011612
279.219,1.0,9.835247966398795,0.10000000149011612
279.269,1.0,9.835106930426425,0.10000000149011612
279.318,1.0,9.862551339156926,0.10000000149011612
279.368,1.0,9.862791045506794,0.10000000149011612
279.419,1.0,9.86260631425927,0.10000000149011612
279.468,1.0,9.753091742325989,0.10000000149011612
279.519,1.0,9.78018250523342,0.10000000149011612
279.569,1.0,9.862755663113461,0.10000000149011612
279.619,1.0,9.69763637209932,0.10000000149011612
279.668,1.0,9.890147948803174,0.10000000149011612
279.719,1.0,9.670276833284232,0.10000000149011612
279.768,1.0,9.862516353072392,0.10000000149011612
279.819,1.0,9.862555442936719,0.10000000149011612
279.868,1.0,9.725405731093552,0.10000000149011612
279.919,1.0,9.780192411049372,0.10000000149011612
279.969,1.0,9.83544818698946,0.10000000149011612
280.019,1.0,9.807853870342175,0.10000000149011612
280.069,1.0,9.780349209718405,0.10000000149011612
280.118,1.0,9.807643992867735,0.10000000149011612
280.168,1.0,9.725344738964406,0.10000000149011612
280.219,1.0,9.725224694340593,0.10000000149011612
280.268,1.0,9.862773164630765,0.10000000149011612
280.319,1.0,9.780130015686154,0.10000000149011612
280.369,1.0,9.945055970963505,0.10000000149011612
280.418,1.0,9.835297711814443,0.10000000149011612
280.469,1.0,9.862779477818144,0.10000000149011612
280.519,1.0,9.72550952753259,0.10000000149011612
280.568,1.0,9.9725847442117,0.1305079162120819
280.619,1.0,9.725316843349074,0.10000000149011612
280.669,1.0,9.752753719728855,0.10000000149011612
280.719,1.0,9.807697105718155,0.10000000149011612
280.769,1.0,9.862801736820902,0.10000000149011612
280.819,1.0,9.862742151278589,0.10000000149011612
280.869,1.0,9.807911686619951,0.10000000149011612
280.918,1.0,9.780248403528498,0.10000000149011612
280.969,1.0,9.835106671994758,0.10000000149011612
281.018,1.0,9.670307546295225,0.10000000149011612
281.068,1.0,9.725208128181597,0.10000000149011612
281.118,1.0,9.835299027193752,0.10000000149011612
281.169,1.0,9.61539362579998,0.10000000149011612
281.219,1.0,9.752746345578796,0.10000000149011612
281.268,1.0,9.83515128404316,0.10000000149011612
281.318,1.0,9.807573911961581,0.10000000149011612
281.369,1.0,9.697975201966862,0.10000000149011612
281.418,1.0,9.862555149901244,0.10000000149011612
281.468,1.0,9.862588347660171,0.10000000149011612
281.519,1.0,9.890349288243387,0.11843952536582947
281.569,1.0,9.8078356159644,0.10000000149011612
281.619,1.0,9.752923697502249,0.10000000149011612
281.668,1.0,9.753004904256926,0.10000000149011612
281.719,1.0,9.835464563924406,0.10000000149011612
281.769,1.0,9.80766397099942,0.10000000149011612
281.818,1.0,9.780179734672938,0.10000000149011612
281.868,1.0,9.752861725518272,0.10000000149011612
281.919,1.0,9.75279358304623,0.10000000149011612
281.969,1.0,9.72535678392483,0.10000000149011612
282.018,1.0,9.862557193492021,0.10000000149011612
282.069,1.0,9.835000000024836,0.10000000149011612
282.119,1.0,9.752883390233748,0.10000000149011612
282.169,1.0,9.862651832132704,0.10000000149011612
282.219,1.0,9.862698579020797,0.10000000149011612
282.269,1.0,9.807717961859371,0.10000000149011612
282.319,1.0,9.862646699924436,0.10000000149011612
282.368,1.0,9.862804773077368,0.10672341287136078
282.419,1.0,9.697801987040375,0.10000000149011612
282.469,1.0,9.807904195785522,0.10000000149011612
282.519,1.0,9.80769777285556,0.10000000149011612
282.569,1.0,9.862696693754858,0.10000000149011612
282.619,1.0,9.890146594411798,0.10000000149011612
282.668,1.0,9.752881938632992,0.10000000149011612
282.719,1.0,9.78033647843533,0.10000000149011612
282.769,1.0,9.725502418871555,0.10000000149011612
282.819,1.0,9.917656857127117,0.10000000149011612
282.868,1.0,9.725338199051718,0.10000000149011612
282.919,1.0,9.862917822827068,0.10000000149011612
282.969,1.0,9.780144606965283,0.10000000149011612
283.018,1.0,9.780126943666902,0.10000000149011612
283.068,1.0,9.807600399148132,0.10000000149011612
283.118,1.0,9.917772693269782,0.12157410383224487
283.168,1.0,9.83530724696401,0.10000000149011612
283.218,1.0,9.8075919167863,0.10000000149011612
283.269,1.0,9.862635926219324,0.10000000149011612
283.318,1.0,9.945000000008278,0.10000000149011612
283.369,1.0,9.725090570851332,0.10000000149011612
283.419,1.0,9.862679811318715,0.10000000149011612
283.469,1.0,9.78007866402881,0.10000000149011612
283.518,1.0,9.780207797222667,0.10000000149011612
283.569,1.0,9.697866279818118,0.10000000149011612
283.618,1.0,9.835156185097164,0.10000000149011612
283.669,1.0,9.807847685159908,0.10000000149011612
283.719,1.0,9.78027629148629,0.10000000149011612
283.768,1.0,9.835138000382317,0.10000000149011612
283.819,1.0,9.807736391719017,0.10000000149011612
283.868,1.0,9.780271090111798,0.10000000149011612
283.918,1.0,9.945133584551513,0.10000000149011612
283.968,1.0,9.807635499578383,0.10000000149011612
284.018,1.0,9.862636017302671,0.10000000149011612
284.068,1.0,9.835137297399342,0.10000000149011612
284.119,1.0,9.697883661484553,0.10000000149011612
284.169,1.0,9.807626185959412,0.10000000149011612
284.219,1.0,9.752816860398484,0.10000000149011612
284.268,1.0,9.78054923090256,0.10000000149011612
284.319,1.0,9.780229299784535,0.10000000149011612
284.369,1.0,9.835343045679231,0.10000000149011612
284.418,1.0,9.807605259182553,0.10000000149011612
284.468,1.0,9.752702002268698,0.10000000149011612
284.519,1.0,9.78022392253495,0.10000000149011612
284.569,1.0,9.807673433733482,0.10000000149011612
284.618,1.0,9.835230286709136,0.10000000149011612
284.669,1.0,9.835169452677171,0.10000000149011612
284.719,1.0,9.752716037755212,0.10000000149011612
284.768,1.0,9.670381988978221,0.10000000149011612
284.819,1.0,9.835217430587445,0.10000000149011612
284.869,1.0,9.807938171902464,0.10000000149011612
284.918,1.0,9.8902086470897,0.10000000149011612
284.968,1.0,9.752811278195844,0.10000000149011612
285.018,1.0,9.807737985253334,0.10000000149011612
285.068,1.0,9.862669825947119,0.10000000149011612
285.118,1.0,9.83507414660934,0.10000000149011612
285.168,1.0,9.80760082739095,0.10000000149011612
285.219,1.0,9.697770423690478,0.10000000149011612
285.269,1.0,9.780314899339444,0.10000000149011612
285.318,1.0,9.75274158399552,0.10000000149011612
285.369,1.0,9.835140209458768,0.10000000149011612
285.419,1.0,9.505333155352208,0.10000000149011612
285.468,1.0,9.780376192906665,0.10000000149011612
285.518,1.0,9.835117688050701,0.10000000149011612
285.568,1.0,9.835363901344438,0.10000000149011612
285.618,1.0,9.780318188418944,0.10000000149011612
285.668,1.0,9.642714229640033,0.10000000149011612
285.718,1.0,9.835217646219665,0.10000000149011612
285.769,1.0,9.807768017405436,0.10000000149011612
285.818,1.0,9.890078979585734,0.10000000149011612
285.869,1.0,9.890069001085228,0.10000000149011612
285.919,1.0,9.890141108404432,0.10000000149011612
285.968,1.0,9.697991617272297,0.10000000149011612
286.018,1.0,9.835213058048652,0.10000000149011612
286.068,1.0,9.725466425427133,0.10000000149011612
286.118,1.0,9.835000000024836,0.10000000149011612
286.169,1.0,9.86260284487572,0.10000000149011612
286.218,1.0,9.80758514985856,0.10000000149011612
286.269,1.0,9.835188066462676,0.10000000149011612
286.318,1.0,9.83532416044424,0.10000000149011612
286.368,1.0,9.807992208480007,0.10000000149011612
286.418,1.0,9.752715346755252,0.10000000149011612
286.469,1.0,9.890221125611829,0.10000000149011612
286.519,1.0,9.725176761423548,0.10000000149011612
286.568,1.0,9.862527027974526,0.10000000149011612
286.618,1.0,9.862718403484259,0.10000000149011612
286.669,1.0,9.588084470418591,0.10000000149011612
286.718,1.0,9.807749427482486,0.10000000149011612
286.768,1.0,9.780262171953089,0.10000000149011612
286.818,1.0,9.698152706523736,0.10000000149011612
286.869,1.0,9.725419162731203,0.10000000149011612
286.919,1.0,9.94516606554389,0.12730079889297485
286.969,1.0,9.78023463346892,0.10000000149011612
287.018,1.0,9.835164480697777,0.10000000149011612
287.069,1.0,9.752611660584808,0.10000000149011612
287.119,1.0,9.835000000024836,0.10000000149011612
287.169,1.0,9.752778227254748,0.10000000149011612
287.219,1.0,9.862554825283587,0.10000000149011612
287.269,1.0,9.807745767715904,0.10000000149011612
287.319,1.0,9.835259594519933,0.10000000149011612
287.368,1.0,9.862598307389352,0.10000000149011612
287.418,1.0,9.807831862713728,0.10000000149011612
287.468,1.0,9.862524139819046,0.10000000149011612
287.518,1.0,9.752749718456633,0.10000000149011612
287.569,1.0,9.890345850028098,0.12049708515405655
287.618,1.0,9.752783185347086,0.10000000149011612
287.669,1.0,9.890259216622345,0.10000000149011612
287.719,1.0,9.807949977409509,0.10000000149011612
287.769,1.0,9.78030804693699,0.10000000149011612
287.819,1.0,9.807810173887345,0.10000000149011612
287.868,1.0,9.835273697744642,0.10000000149011612
287.918,1.0,9.670288115863999,0.10000000149011612
287.969,1.0,9.780280408408078,0.10000000149011612
288.019,1.0,9.890238508168194,0.10000000149011612
288.069,1.0,9.835193557726841,0.10000000149011612
288.118,1.0,9.752662259878385,0.10000000149011612
288.168,1.0,9.752762791203956,0.10000000149011612
288.219,1.0,9.752642924773196,0.10000000149011612
288.268,1.0,9.835247041761047,0.10000000149011612
288.319,1.0,9.835204522228903,0.10000000149011612
288.369,1.0,9.835416379777921,0.10000000149011612
288.418,1.0,9.835037639737129,0.10000000149011612
288.469,1.0,9.725301398088535,0.10000000149011612
288.518,1.0,9.615396324627929,0.10000000149011612
288.569,1.0,9.780305369881292,0.10000000149011612
288.618,1.0,9.725078436194195,0.10000000149011612
288.668,1.0,9.917500000012417,0.10000000149011612
288.718,1.0,9.862558301227788,0.10000000149011612
288.769,1.0,9.752668333633078,0.10000000149011612
288.818,1.0,9.862833988811406,0.10000000149011612
288.869,1.0,9.752882721316483,0.10000000149011612
288.919,1.0,9.670384269538854,0.10000000149011612
288.968,1.0,9.780046208306318,0.10000000149011612
289.018,1.0,9.862575095250374,0.10000000149011612
289.068,1.0,9.807611010140842,0.10000000149011612
289.119,1.0,9.83501714312782,0.10000000149011612
289.169,1.0,9.780314569340812,0.10000000149011612
289.218,1.0,9.752644913974736,0.10000000149011612
289.268,1.0,9.752619535869194,0.10000000149011612
289.318,1.0,9.862701597644223,0.10000000149011612
289.368,1.0,9.725460244073636,0.10000000149011612
289.418,1.0,9.835434423324962,0.10000000149011612
289.468,1.0,9.807810877201458,0.10000000149011612
289.518,1.0,9.780436118443808,0.10000000149011612
289.568,1.0,9.835186168427269,0.10000000149011612
289.619,1.0,9.807500000028975,0.10000000149011612
289.668,1.0,9.917503908897439,0.10000000149011612
289.719,1.0,9.697655674132209,0.10000000149011612
289.768,1.0,9.615722474331656,0.10000000149011612
289.818,1.0,9.64325660282953,0.10000000149011612
289.868,1.0,9.807542108765078,0.10000000149011612
289.919,1.0,9.835207050335075,0.10000000149011612
289.968,1.0,9.725394724681973,0.10000000149011612
290.019,1.0,9.780279082370301,0.10000000149011612
290.069,1.0,9.835147125998304,0.10000000149011612
290.118,1.0,9.643114079824752,0.10000000149011612
290.169,1.0,9.835364180285897,0.10000000149011612
290.218,1.0,9.807729538033406,0.10000000149011612
290.269,1.0,9.890124382761618,0.10000000149011612
290.318,1.0,9.780426920660668,0.10000000149011612
290.368,1.0,9.780146143564748,0.10000000149011612
290.419,1.0,9.835480528262755,0.10000000149011612
290.468,1.0,9.807890178532237,0.10000000149011612
290.518,1.0,9.752893729507923,0.10000000149011612
290.569,1.0,9.6703611848255,0.10000000149011612
290.618,1.0,9.75266761150625,0.10000000149011612
290.669,1.0,9.780444469323589,0.10000000149011612
290.718,1.0,9.945016367319557,0.10000000149011612
290.768,1.0,9.807705861371424,0.10000000149011612
290.818,1.0,9.780495017746256,0.10000000149011612
290.868,1.0,9.83520300940921,0.10000000149011612
290.919,1.0,9.752759692300526,0.10000000149011612
290.969,1.0,9.807733697464897,0.10000000149011612
291.018,1.0,9.835230474256807,0.10000000149011612
291.069,1.0,9.807540572786497,0.10000000149011612
291.118,1.0,9.780387149606314,0.10000000149011612
291.169,1.0,9.835051417309376,0.10000000149011612
291.218,1.0,9.807995920876662,0.10000000149011612
291.268,1.0,9.917519498740633,0.10000000149011612
291.319,1.0,9.972500000004139,0.10000000149011612
291.369,1.0,9.83523013084713,0.10000000149011612
291.418,1.0,9.862637760303915,0.10000000149011612
291.469,1.0,9.835241769688825,0.10000000149011612
291.518,1.0,9.945242634498412,0.13912807404994965
291.568,1.0,9.890144875914686,0.10000000149011612
291.618,1.0,9.890090284889771,0.10000000149011612
291.668,1.0,9.780437476187945,0.10000000149011612
291.718,1.0,9.670424792253309,0.10000000149011612
291.768,1.0,9.835214590943522,0.10000000149011612
291.819,1.0,9.7526308570885,0.10000000149011612
291.868,1.0,9.917500000012417,0.10000000149011612
291.918,1.0,9.89011528485765,0.10000000149011612
291.968,1.0,9.835173299101491,0.10000000149011612
292.018,1.0,9.862757192427914,0.10000000149011612
292.069,1.0,9.780392975505027,0.10000000149011612
292.118,1.0,9.752682633511721,0.10000000149011612
292.168,1.0,9.917539603097572,0.10000000149011612
292.218,1.0,9.780433934906291,0.10000000149011612
292.269,1.0,9.83527340710991,0.10000000149011612
292.318,1.0,9.807765384825567,0.10000000149011612
292.368,1.0,9.890082312478787,0.10000000149011612
292.418,1.0,9.78064341671351,0.10000000149011612
292.468,1.0,9.780470115567248,0.10000000149011612
292.518,1.0,9.642801991042992,0.10000000149011612
292.568,1.0,9.86267517355995,0.10000000149011612
292.619,1.0,9.780173865995474,0.10000000149011612
292.668,1.0,9.807622779326307,0.10000000149011612
292.718,1.0,9.725186148637698,0.10000000149011612
292.768,1.0,9.89022369639327,0.10000000149011612
292.819,1.0,9.890103087408676,0.10000000149011612
292.869,1.0,9.752729652470185,0.10000000149011612
292.919,1.0,9.752868153548075,0.10000000149011612
292.969,1.0,9.862638380544054,0.10000000149011612
293.018,1.0,9.697940266339316,0.10000000149011612
293.068,1.0,9.780170661004053,0.10000000149011612
293.119,1.0,9.89032456672026,0.10881491005420685
293.168,1.0,9.780447043519882,0.10000000149011612
293.219,1.0,9.862797002183894,0.10000000149011612
293.269,1.0,9.807965155442556,0.10000000149011612
293.318,1.0,9.780180199485686,0.10000000149011612
293.368,1.0,9.75320016141567,0.10000000149011612
293.419,1.0,9.725651531935567,0.10000000149011612
293.469,1.0,9.835140720734167,0.10000000149011612
293.518,1.0,9.72525469004694,0.10000000149011612
293.569,1.0,9.862727904754381,0.10000000149011612
293.618,1.0,9.780008081057005,0.10000000149011612
293.668,1.0,9.6153949584398,0.10000000149011612
293.718,1.0,9.752712218090892,0.10000000149011612
293.769,1.0,9.80800778898928,0.10000000149011612
293.819,1.0,9.890251761426528,0.10000000149011612
293.869,1.0,9.807636135899358,0.10000000149011612
293.919,1.0,9.91754072194712,0.10000000149011612
293.968,1.0,9.725340391943853,0.10000000149011612
294.018,1.0,9.862618965862525,0.10000000149011612
294.068,1.0,9.78032033826328,0.10000000149011612
294.118,1.0,9.835100835334096,0.10000000149011612
294.169,1.0,9.835000000024836,0.10000000149011612
294.219,1.0,9.862798279275497,0.10000000149011612
294.269,1.0,9.780496107372972,0.10000000149011612
294.318,1.0,9.80774027518928,0.10000000149011612
294.368,1.0,9.835365009535519,0.10000000149011612
294.419,1.0,9.862808990851045,0.10000000149011612
294.469,1.0,9.643197974128027,0.10000000149011612
294.518,1.0,9.780322981067002,0.10000000149011612
294.569,1.0,9.78012540474948,0.10000000149011612
294.618,1.0,9.780338285987575,0.10000000149011612
294.668,1.0,9.835304974454145,0.10000000149011612
294.719,1.0,9.917584855440591,0.10000000149011612
294.768,1.0,9.807613069067399,0.10000000149011612
294.819,1.0,9.752896267920732,0.10000000149011612
294.869,1.0,9.67023359640605,0.10000000149011612
294.918,1.0,9.725258712760276,0.10000000149011612
294.968,1.0,9.8079097310702,0.10000000149011612
295.018,1.0,9.753003583889868,0.10000000149011612
295.069,1.0,9.752910343226459,0.10000000149011612
295.118,1.0,9.8900612771925,0.10000000149011612
295.169,1.0,9.835113659149243,0.10000000149011612
295.218,1.0,9.780413654487994,0.10000000149011612
295.269,1.0,9.917594612803724,0.10000000149011612
295.319,1.0,9.807693949114118,0.10000000149011612
295.369,1.0,9.780446520799565,0.10000000149011612
295.418,1.0,9.725014142961138,0.10000000149011612
295.469,1.0,9.670366197679606,0.10000000149011612
295.518,1.0,9.752753467133475,0.10000000149011612
295.569,1.0,9.835087392913799,0.10000000149011612
295.618,1.0,9.80766228882389,0.10000000149011612
295.669,1.0,9.75288331117481,0.10000000149011612
295.719,1.0,9.917679907940329,0.10000000149011612
295.768,1.0,9.752976966028411,0.10000000149011612
295.819,1.0,9.835146320031749,0.10000000149011612
295.869,1.0,9.807603936352663,0.10000000149011612
295.918,1.0,9.862615280081,0.10000000149011612
295.968,1.0,9.807901578520735,0.10000000149011612
296.019,1.0,9.835083642995192,0.10000000149011612
296.068,1.0,9.780170008167625,0.10000000149011612
296.118,1.0,9.835340828117397,0.10000000149011612
296.168,1.0,9.697824328558312,0.10000000149011612
296.219,1.0,9.835218934445745,0.10000000149011612
296.269,1.0,9.835197712853551,0.10000000149011612
296.318,1.0,9.807650056315794,0.10000000149011612
296.368,1.0,9.752813706402149,0.10000000149011612
296.419,1.0,9.917726715592046,0.10000000149011612
296.468,1.0,9.89010758029504,0.10000000149011612
296.518,1.0,9.780242386149864,0.10000000149011612
296.568,1.0,9.807733706798818,0.10000000149011612
296.619,1.0,9.8351647440758,0.10000000149011612
296.668,1.0,9.945070109702646,0.10135583579540253
296.719,1.0,9.890030907839536,0.10000000149011612
296.769,1.0,9.807706468179822,0.10000000149011612
296.818,1.0,9.697716102397276,0.10000000149011612
296.868,1.0,9.725518964955377,0.10000000149011612
296.919,1.0,9.835310951889388,0.10000000149011612
296.968,1.0,9.753036187547776,0.10000000149011612
297.018,1.0,9.917731615714729,0.11765129864215851
297.069,1.0,9.807683111023572,0.10000000149011612
297.118,1.0,9.670344698532588,0.10000000149011612
297.168,1.0,9.697627893773218,0.10000000149011612
297.218,1.0,9.725355881556041,0.10000000149011612
297.269,1.0,9.752670302987099,0.10000000149011612
297.319,1.0,9.725189185452958,0.10000000149011612
297.369,1.0,9.862851260892219,0.10000000149011612
297.419,1.0,9.890001904674703,0.10000000149011612
297.469,1.0,9.890199298515087,0.10000000149011612
297.519,1.0,9.697848096345034,0.10000000149011612
297.569,1.0,9.807736820127401,0.10000000149011612
297.619,1.0,9.835097880930537,0.10000000149011612
297.669,1.0,9.698142116268476,0.10000000149011612
297.718,1.0,9.862557129023804,0.10000000149011612
297.768,1.0,9.78041183863663,0.10000000149011612
297.819,1.0,9.780270480716394,0.10000000149011612
297.868,1.0,9.807986039709714,0.10000000149011612
297.919,1.0,9.780133891002171,0.10000000149011612
297.969,1.0,9.835317159920104,0.10000000149011612
298.019,1.0,9.862665744043058,0.10000000149011612
298.069,1.0,9.945086976244218,0.10000000149011612
298.119,1.0,9.780662497753898,0.10667680948972702
298.168,1.0,9.780376019039087,0.10000000149011612
298.218,1.0,9.917589386925101,0.10000000149011612
298.269,1.0,9.78036358985636,0.10000000149011612
298.318,1.0,9.780127739513086,0.10000000149011612
298.368,1.0,9.945156476336221,0.1070544645190239
298.418,1.0,9.670287237564724,0.10000000149011612
298.469,1.0,9.780251472588215,0.10000000149011612
298.519,1.0,9.862689145509567,0.10000000149011612
298.568,1.0,9.945039992282789,0.10000000149011612
298.618,1.0,9.807772778905928,0.10000000149011612
298.668,1.0,9.752940579855608,0.10000000149011612
298.718,1.0,9.862500000020695,0.10000000149011612
298.769,1.0,9.835365947356655,0.10000000149011612
298.818,1.0,9.835183800280921,0.10000000149011612
298.868,1.0,9.752779824617836,0.10000000149011612
298.918,1.0,9.780290945101942,0.10000000149011612
298.969,1.0,9.780172326167424,0.10000000149011612
299.018,1.0,9.835163822480373,0.10000000149011612
299.069,1.0,9.835216001110773,0.10000000149011612
299.118,1.0,9.917536759376526,0.10000000149011612
299.169,1.0,9.890218080000745,0.10000000149011612
299.219,1.0,9.752767922191156,0.10000000149011612
299.269,1.0,9.807620171271264,0.10000000149011612
299.319,1.0,9.752769974453582,0.10000000149011612
299.369,1.0,9.780459758535855,0.10000000149011612
299.418,1.0,9.807726643151707,0.10000000149011612
299.468,1.0,9.835000000024836,0.10000000149011612
299.519,1.0,9.697983443509374,0.10000000149011612
299.569,1.0,9.890112682431937,0.10000000149011612
299.619,1.0,9.780486863810156,0.10000000149011612
299.669,1.0,9.83502186930014,0.10000000149011612
299.718,1.0,9.56033903275513,0.10000000149011612
299.769,1.0,9.752600993878312,0.10000000149011612
299.82,1.0,9.72553495141781,0.10000000149011612
299.869,1.0,9.862609559752874,0.10000000149011612
299.918,1.0,9.807773851437702,0.10000000149011612
299.969,1.0,9.780503937063946,0.10000000149011612
300.018,1.0,9.75265405194627,0.10000000149011612
300.068,1.0,9.80776652412282,0.10000000149011612
300.119,1.0,9.697983136235012,0.10000000149011612
300.17,1.0,9.835280314853621,0.10000000149011612
300.219,1.0,9.835125598953002,0.10000000149011612
300.268,1.0,9.862561273657613,0.10000000149011612
300.318,1.0,9.780447806293767,0.10000000149011612
300.369,1.0,9.780351105187503,0.10000000149011612
300.418,1.0,9.753137029376294,0.10000000149011612
300.468,1.0,9.862622238240307,0.10000000149011612
300.518,1.0,9.807843013024993,0.10000000149011612
300.568,1.0,9.780157122222914,0.10000000149011612
300.618,1.0,9.697771520747079,0.10000000149011612
300.669,1.0,9.69789467393938,0.10000000149011612
300.718,1.0,9.83522114230113,0.10000000149011612
300.768,1.0,9.752925242545704,0.10000000149011612
300.819,1.0,9.807653388587966,0.10000000149011612
300.868,1.0,9.67039020307776,0.10000000149011612
300.919,1.0,9.780549011710617,0.10000000149011612
300.968,1.0,9.86285722731716,0.10000000149011612
301.018,1.0,9.862662314685682,0.10000000149011612
301.069,1.0,9.698038140891327,0.10000000149011612
301.119,1.0,9.862622513146036,0.10000000149011612
301.168,1.0,9.752946544086768,0.10000000149011612
301.219,1.0,9.753077283708585,0.10000000149011612
301.269,1.0,9.80789325930592,0.10000000149011612
301.318,1.0,9.890326611180273,0.11750784516334534
301.369,1.0,9.670632093606724,0.10000000149011612
301.419,1.0,9.835176996141673,0.10000000149011612
301.469,1.0,9.80777488886896,0.10000000149011612
301.518,1.0,9.697870517128871,0.10000000149011612
301.568,1.0,9.780448721494112,0.10000000149011612
301.618,1.0,9.780148791418307,0.10000000149011612
301.669,1.0,9.835062201114164,0.10000000149011612
301.718,1.0,9.890039769415226,0.10000000149011612
301.768,1.0,9.752922760736611,0.10000000149011612
301.819,1.0,9.643001072481274,0.10000000149011612
301.868,1.0,9.780208699218928,0.10000000149011612
301.918,1.0,9.862673859753542,0.10000000149011612
301.969,1.0,9.917752477816409,0.11663703620433807
302.019,1.0,9.835177752003073,0.10000000149011612
302.069,1.0,9.7253592485355,0.10000000149011612
302.119,1.0,9.97255594825579,0.12014137208461761
302.168,1.0,9.835345785216324,0.10000000149011612
302.219,1.0,9.752813338715997,0.10000000149011612
302.269,1.0,9.69782613368912,0.10000000149011612
302.318,1.0,9.780108195377721,0.10000000149011612
302.368,1.0,9.835157664389246,0.10000000149011612
302.418,1.0,9.862721187000473,0.10000000149011612
302.468,1.0,9.780161559995678,0.10000000149011612
302.518,1.0,9.835091725736856,0.10000000149011612
302.568,1.0,9.835160774178803,0.10000000149011612
302.618,1.0,9.752958159873055,0.10000000149011612
302.668,1.0,9.835046689915988,0.10000000149011612
302.718,1.0,9.8627769164948,0.10000000149011612
302.769,1.0,9.725199489957756,0.10000000149011612
302.819,1.0,9.86280458358427,0.10000000149011612
302.869,1.0,9.917542725904948,0.10000000149011612
302.919,1.0,9.890133480293056,0.10000000149011612
302.968,1.0,9.862510585019159,0.10000000149011612
303.018,1.0,9.890069847905801,0.10000000149011612
303.069,1.0,9.917647004024023,0.10361720621585846
303.119,1.0,9.780250654576554,0.10000000149011612
303.168,1.0,9.890113719780413,0.10000000149011612
303.218,1.0,9.835189491282735,0.10000000149011612
303.269,1.0,9.862829531398084,0.10000000149011612
303.318,1.0,9.835263156187203,0.10000000149011612
303.369,1.0,9.780297700750332,0.10000000149011612
303.419,1.0,9.807559018168185,0.10000000149011612
303.468,1.0,9.86263015102595,0.10000000149011612
303.519,1.0,9.83518522212075,0.10000000149011612
303.568,1.0,9.917713032724956,0.10000000149011612
303.618,1.0,9.835135969147085,0.10000000149011612
303.669,1.0,9.835260011773142,0.10000000149011612
303.719,1.0,9.862607377726171,0.10000000149011612
303.769,1.0,9.807634616146485,0.10000000149011612
303.818,1.0,9.807944861385558,0.10000000149011612
303.868,1.0,9.725343527913921,0.10000000149011612
303.918,1.0,9.862563440576196,0.10000000149011612
303.968,1.0,9.83531301425149,0.10000000149011612
304.018,1.0,9.753009720581273,0.10000000149011612
304.069,1.0,9.670551690811084,0.10000000149011612
304.118,1.0,9.80781126992984,0.10000000149011612
304.169,1.0,9.58798857734849,0.10000000149011612
304.219,1.0,9.807724272480442,0.10000000149011612
304.269,1.0,9.780348204345339,0.10000000149011612
304.319,1.0,9.8627130533879,0.10000000149011612
304.369,1.0,9.697756976737745,0.10000000149011612
304.419,1.0,9.725267175626424,0.10000000149011612
304.469,1.0,9.807901082808772,0.10000000149011612
304.518,1.0,10.0,10.0
304.568,1.0,9.862767193445729,0.10000000149011612
304.619,1.0,9.78052236388127,0.10000000149011612
304.669,1.0,9.917525838294791,0.10000000149011612
304.719,1.0,9.752684399547677,0.10000000149011612
304.769,1.0,9.835446225789687,0.10000000149011612
304.818,1.0,9.807637541596261,0.10000000149011612
304.869,1.0,9.807988119559983,0.10000000149011612
304.919,1.0,9.78015978961355,0.10000000149011612
304.969,1.0,9.890027897908455,0.10000000149011612
305.019,1.0,9.6703632288302,0.10000000149011612
305.069,1.0,9.67027423537026,0.10000000149011612
305.119,1.0,9.917649758876198,0.10000000149011612
305.168,1.0,9.862707255097726,0.10000000149011612
305.218,1.0,9.835167323611676,0.10000000149011612
305.268,1.0,9.780421136837038,0.10000000149011612
305.319,1.0,9.752707005147304,0.10000000149011612
305.369,1.0,9.835402299132612,0.10000000149011612
305.418,1.0,9.7805407665256,0.10000000149011612
305.469,1.0,9.752808497432206,0.10000000149011612
305.519,1.0,9.94503633112957,0.1037372499704361
305.568,1.0,9.917615475919511,0.10000000149011612
305.618,1.0,9.670559784790708,0.10000000149011612
305.669,1.0,9.890037159787283,0.10000000149011612
305.719,1.0,9.807823104514844,0.10000000149011612
305.768,1.0,9.615841259703869,0.10000000149011612
305.819,1.0,9.862628910028272,0.10000000149011612
305.868,1.0,9.835335619292325,0.10000000149011612
305.919,1.0,9.725206861996817,0.10000000149011612
305.969,1.0,9.780312471298707,0.10000000149011612
306.019,1.0,9.670526202085117,0.10000000149011612
306.069,1.0,9.75307867752595,0.10000000149011612
306.119,1.0,9.752736705852051,0.10000000149011612
306.168,1.0,9.78011495810416,0.10000000149011612
306.218,1.0,9.725394639641875,0.10000000149011612
306.269,1.0,9.780254475379156,0.10000000149011612
306.318,1.0,9.780287235085336,0.10000000149011612
306.368,1.0,9.835230836313631,0.10000000149011612
306.419,1.0,9.780261114136213,0.10000000149011612
306.468,1.0,9.725363577716053,0.10000000149011612
306.519,1.0,9.835144268638558,0.10000000149011612
306.568,1.0,9.807694532784323,0.10000000149011612
306.619,1.0,9.835177317634225,0.10000000149011612
306.669,1.0,9.780321035616927,0.10000000149011612
306.72,1.0,9.780346112263699,0.10000000149011612
306.768,1.0,9.862819671320418,0.10000000149011612
306.818,1.0,9.697836362467044,0.10000000149011612
306.869,1.0,9.835128678381443,0.10000000149011612
306.918,1.0,9.89020133221315,0.10000000149011612
306.968,1.0,9.835113803814682,0.10000000149011612
307.019,1.0,9.862781313786076,0.10000000149011612
307.069,1.0,9.890323354407316,0.10000000149011612
307.119,1.0,9.945173999853433,0.11979132145643234
307.168,1.0,9.780291471713118,0.10000000149011612
307.219,1.0,9.917609434781802,0.10000000149011612
307.269,1.0,9.670267441765303,0.10000000149011612
307.319,1.0,9.75285484811498,0.10000000149011612
307.368,1.0,9.78024601497584,0.10000000149011612
307.419,1.0,9.807789785953032,0.10000000149011612
307.468,1.0,9.807753657839365,0.10000000149011612
307.518,1.0,9.752781243912048,0.10000000149011612
307.568,1.0,9.917759762476717,0.10000000149011612
307.618,1.0,9.917500000012417,0.10000000149011612
307.669,1.0,9.89017543155286,0.10000000149011612
307.719,1.0,9.835097682372563,0.10000000149011612
307.768,1.0,9.91761117482351,0.10000000149011612
307.819,1.0,9.890036237570975,0.10000000149011612
307.868,1.0,9.807741323775716,0.10000000149011612
307.918,1.0,9.835124663553303,0.10000000149011612
307.969,1.0,9.725201867810554,0.10000000149011612
308.019,1.0,9.83525877961268,0.10000000149011612
308.069,1.0,9.807863495084975,0.10000000149011612
308.119,1.0,9.80780607993818,0.10000000149011612
308.169,1.0,9.9176664541372,0.10000000149011612
308.219,1.0,9.890030444247856,0.10000000149011612
308.269,1.0,9.80763384581854,0.10000000149011612
308.319,1.0,9.807896333684523,0.10000000149011612
308.369,1.0,9.780269742881257,0.10000000149011612
308.418,1.0,9.835195911406643,0.10000000149011612
308.469,1.0,9.752984728250238,0.10000000149011612
308.518,1.0,9.86271221689466,0.10000000149011612
308.569,1.0,9.752603541438779,0.10000000149011612
308.618,1.0,9.780124843658673,0.10000000149011612
308.668,1.0,9.890040883897907,0.10000000149011612
308.718,1.0,9.752819351541499,0.10000000149011612
308.769,1.0,9.890273120999336,0.1108325868844986
308.818,1.0,9.807630102439887,0.10000000149011612
308.869,1.0,9.890215999633075,0.10000000149011612
308.919,1.0,9.72515951372269,0.10000000149011612
308.968,1.0,9.807755773473117,0.10000000149011612
309.018,1.0,9.752923203570147,0.10000000149011612
309.069,1.0,9.835124978112677,0.10000000149011612
309.119,1.0,9.697993535196616,0.10000000149011612
309.168,1.0,9.725206175798343,0.10000000149011612
309.219,1.0,9.862538400126828,0.10000000149011612
309.268,1.0,9.725313869222171,0.10000000149011612
309.319,1.0,9.697878829100066,0.10000000149011612
309.368,1.0,9.533082325673766,0.10000000149011612
309.419,1.0,9.670644266034166,0.10000000149011612
309.468,1.0,9.835192372649908,0.10000000149011612
309.519,1.0,9.835193760858642,0.10000000149011612
309.569,1.0,9.72538291282124,0.10000000149011612
309.618,1.0,9.862528401282098,0.10000000149011612
309.668,1.0,9.835268428963092,0.10000000149011612
309.719,1.0,9.917630614671442,0.10000000149011612
309.768,1.0,9.835428785822458,0.10000000149011612
309.819,1.0,9.697940818551514,0.10000000149011612
309.868,1.0,9.807656642566952,0.10000000149011612
309.918,1.0,9.835056326083011,0.10000000149011612
309.969,1.0,9.780389022578795,0.10000000149011612
310.019,1.0,9.560341780632735,0.10000000149011612
310.069,1.0,9.917602460500266,0.10000000149011612
310.119,1.0,9.862620140198205,0.10000000149011612
310.168,1.0,9.917500000012417,0.10000000149011612
310.219,1.0,9.835159671968883,0.10000000149011612
310.269,1.0,9.807514848187566,0.10000000149011612
310.318,1.0,9.560940831444329,0.10000000149011612
310.369,1.0,9.917529804404412,0.10000000149011612
310.419,1.0,9.86262485196607,0.10000000149011612
310.469,1.0,9.835378423229688,0.10000000149011612
310.518,1.0,9.753034665704602,0.10000000149011612
310.568,1.0,9.83511389684346,0.10000000149011612
310.619,1.0,9.725342639059656,0.10000000149011612
310.669,1.0,9.725475506008499,0.10000000149011612
310.719,1.0,9.972500000004139,0.10000000149011612
310.768,1.0,9.752642739150259,0.10000000149011612
310.819,1.0,9.83502753716376,0.10000000149011612
310.868,1.0,9.917545637219316,0.10000000149011612
310.918,1.0,9.807857374598582,0.10000000149011612
310.969,1.0,9.835345258501668,0.10000000149011612
311.018,1.0,9.835223748514222,0.10000000149011612
311.069,1.0,9.698053271302747,0.10000000149011612
311.119,1.0,9.890000000016556,0.10000000149011612
311.169,1.0,9.725099982590311,0.10000000149011612
311.218,1.0,9.780449594495197,0.10000000149011612
311.268,1.0,9.835061474744645,0.10000000149011612
311.318,1.0,9.807537122567494,0.10000000149011612
311.368,1.0,9.862609147487415,0.10000000149011612
311.418,1.0,9.917500000012417,0.10000000149011612
311.469,1.0,9.86262104705804,0.10000000149011612
311.518,1.0,9.8353987282349,0.10000000149011612
311.569,1.0,9.807638315483928,0.10000000149011612
311.618,1.0,9.807771609040598,0.10000000149011612
311.669,1.0,9.807810951748657,0.10000000149011612
311.719,1.0,9.86263144829621,0.10000000149011612
311.769,1.0,9.807649574221836,0.10000000149011612
311.818,1.0,9.80787326776319,0.10000000149011612
311.869,1.0,9.862540984733236,0.10000000149011612
311.918,1.0,9.917500000012417,0.10000000149011612
311.969,1.0,9.752866189492245,0.10000000149011612
312.02,1.0,9.752662854538196,0.10000000149011612
312.069,1.0,9.807546081456046,0.10000000149011612
312.12,1.0,9.862743568089273,0.10000000149011612
312.169,1.0,9.835185854509472,0.10000000149011612
312.218,1.0,9.862913063106438,0.10666454583406448
312.269,1.0,9.78014532553239,0.10000000149011612
312.319,1.0,9.807562834748792,0.10000000149011612
312.369,1.0,9.86275192629546,0.10000000149011612
312.419,1.0,9.780202160527308,0.10000000149011612
312.469,1.0,9.917699639809628,0.10000000149011612
312.519,1.0,9.752702736254367,0.10000000149011612
312.569,1.0,9.725305530159838,0.10000000149011612
312.618,1.0,9.835130508057773,0.10000000149011612
312.669,1.0,9.862543206889596,0.10000000149011612
312.718,1.0,9.75269957633896,0.10000000149011612
312.769,1.0,9.670513676044841,0.10000000149011612
312.819,1.0,9.835201409024497,0.10000000149011612
312.869,1.0,9.642956533386476,0.10000000149011612
312.919,1.0,9.615317981814345,0.10000000149011612
312.968,1.0,9.725494002116223,0.10000000149011612
313.018,1.0,9.67031471149789,0.10000000149011612
313.069,1.0,9.862639066763222,0.10000000149011612
313.119,1.0,9.752789004602366,0.10000000149011612
313.169,1.0,9.890113154281345,0.10000000149011612
313.219,1.0,9.835270493187839,0.10000000149011612
313.269,1.0,9.917589094738165,0.10000000149011612
313.318,1.0,9.725339726917445,0.10000000149011612
313.369,1.0,9.807655478848352,0.10000000149011612
313.419,1.0,9.807914186372525,0.10000000149011612
313.469,1.0,9.78030147695293,0.10000000149011612
313.518,1.0,9.862871165366636,0.10000000149011612
313.569,1.0,9.917548944594131,0.10000000149011612
313.619,1.0,9.725562059548166,0.10000000149011612
313.669,1.0,9.752756953280834,0.10000000149011612
313.719,1.0,9.807905244661702,0.10000000149011612
313.769,1.0,9.972500000004139,0.10000000149011612
313.818,1.0,9.83511108133114,0.10000000149011612
313.868,1.0,9.86273127347231,0.10000000149011612
313.919,1.0,9.780022250115872,0.10000000149011612
313.969,1.0,9.807600026225877,0.10000000149011612
314.019,1.0,9.862630488475164,0.10000000149011612
314.069,1.0,9.890141376708117,0.10000000149011612
314.119,1.0,9.917529418588513,0.10000000149011612
314.169,1.0,9.697803743597534,0.10000000149011612
314.219,1.0,9.752724555507303,0.10000000149011612
314.269,1.0,9.835063431287805,0.10000000149011612
314.318,1.0,9.752844914918144,0.10000000149011612
314.368,1.0,9.91759872517238,0.10000000149011612
314.419,1.0,9.807688224605387,0.10000000149011612
314.469,1.0,9.917500000012417,0.10000000149011612
314.518,1.0,9.83505150868247,0.10000000149011612
314.569,1.0,9.835019984179073,0.10000000149011612
314.619,1.0,9.945036001979476,0.10000000149011612
314.668,1.0,9.80790024097595,0.10000000149011612
314.719,1.0,9.780155338781576,0.10000000149011612
314.769,1.0,9.890181671931511,0.10000000149011612
314.819,1.0,9.588074082591467,0.10000000149011612
314.869,1.0,9.835289518845578,0.10000000149011612
314.919,1.0,9.945000000008278,0.10000000149011612
314.969,1.0,9.670321608355476,0.10000000149011612
315.018,1.0,9.807696151278085,0.10000000149011612
315.069,1.0,9.75287882503536,0.10000000149011612
315.118,1.0,9.835175951342617,0.10000000149011612
315.168,1.0,9.86276169222676,0.10000000149011612
315.219,1.0,9.862609389093187,0.10000000149011612
315.269,1.0,9.80763652931071,0.10000000149011612
315.319,1.0,9.89011034777181,0.10000000149011612
315.368,1.0,9.945086695812643,0.10000000149011612
315.418,1.0,9.697949992016786,0.10000000149011612
315.469,1.0,9.807703522965312,0.10000000149011612
315.519,1.0,9.835073663149442,0.10000000149011612
315.569,1.0,9.862719429905216,0.10000000149011612
315.618,1.0,9.835197502664395,0.10000000149011612
315.668,1.0,9.835185816656384,0.10000000149011612
315.718,1.0,9.697890245666107,0.10000000149011612
315.769,1.0,9.780190709088412,0.10000000149011612
315.818,1.0,9.697664214298129,0.10000000149011612
315.869,1.0,9.89017801090247,0.11118161678314209
315.919,1.0,9.752640093304217,0.10000000149011612
315.968,1.0,9.83500608365155,0.10000000149011612
316.019,1.0,9.807868879909316,0.10000000149011612
316.069,1.0,9.91763659177555,0.10000000149011612
316.118,1.0,9.752855306739608,0.10000000149011612
316.168,1.0,9.862776607088744,0.10000000149011612
316.219,1.0,9.807785785901878,0.10000000149011612
316.268,1.0,9.835219783874022,0.10000000149011612
316.319,1.0,9.862739563340114,0.10000000149011612
316.369,1.0,9.75264281531175,0.10000000149011612
316.418,1.0,9.78009607769135,0.10000000149011612
316.468,1.0,9.780341380813883,0.10000000149011612
316.519,1.0,9.780253163704442,0.10000000149011612
316.569,1.0,9.835072682611644,0.10000000149011612
316.619,1.0,9.835247416752908,0.10000000149011612
316.669,1.0,9.807768978406157,0.10000000149011612
316.719,1.0,9.697903405171301,0.10000000149011612
316.768,1.0,9.725309183241592,0.10000000149011612
316.819,1.0,9.670227536745369,0.10000000149011612
316.868,1.0,9.945060798981123,0.1102953851222992
316.919,1.0,9.917596718441281,0.10698637366294861
316.969,1.0,9.69788014613506,0.10000000149011612
317.019,1.0,9.80784314022296,0.10000000149011612
317.068,1.0,9.807894210144877,0.10000000149011612
317.118,1.0,9.752757814816302,0.10000000149011612
317.17,1.0,9.752734798151586,0.10000000149011612
317.219,1.0,9.890149781232079,0.10000000149011612
317.269,1.0,9.807954598321682,0.10000000149011612
317.318,1.0,9.752729245130386,0.10000000149011612
317.369,1.0,9.862595132345128,0.10000000149011612
317.418,1.0,9.780236103985873,0.10000000149011612
317.469,1.0,9.835057577697768,0.10000000149011612
317.519,1.0,9.917554054305786,0.10000000149011612
317.568,1.0,9.753114978948402,0.10000000149011612
317.618,1.0,9.697979723351697,0.10000000149011612
317.668,1.0,9.780221945275034,0.10000000149011612
317.718,1.0,9.725553801904121,0.10000000149011612
317.768,1.0,9.835248743763401,0.10000000149011612
317.818,1.0,9.917616478809052,0.10000000149011612
317.868,1.0,9.917819895057214,0.1316293179988861
317.919,1.0,9.86283587511215,0.10000000149011612
317.968,1.0,9.752859408035874,0.10000000149011612
318.018,1.0,9.75285151137246,0.10000000149011612
318.069,1.0,9.725164658017457,0.10000000149011612
318.118,1.0,9.862644403158791,0.10000000149011612
318.169,1.0,9.780175569736295,0.10000000149011612
318.218,1.0,9.835303316803442,0.10000000149011612
318.269,1.0,9.917500000012417,0.10000000149011612
318.319,1.0,9.725369015708566,0.10000000149011612
318.368,1.0,9.890000000016556,0.10000000149011612
318.419,1.0,9.642845719969936,0.10000000149011612
318.468,1.0,9.86274763887955,0.10000000149011612
318.518,1.0,9.89021668040918,0.10000000149011612
318.569,1.0,9.780333327646884,0.10000000149011612
318.619,1.0,9.89019313150396,0.10000000149011612
318.668,1.0,9.780220600921247,0.10000000149011612
318.718,1.0,9.862518991405766,0.10000000149011612
318.769,1.0,9.753000999076498,0.10000000149011612
318.818,1.0,9.780203346163034,0.10000000149011612
318.868,1.0,9.835244544098774,0.10000000149011612
318.918,1.0,9.697754973235229,0.10000000149011612
318.968,1.0,9.780383585558997,0.10000000149011612
319.018,1.0,9.725288459555143,0.10000000149011612
319.068,1.0,9.780388967009882,0.10000000149011612
319.118,1.0,9.780310203880072,0.10000000149011612
319.168,1.0,9.752744855835205,0.10000000149011612
319.218,1.0,9.807945530261431,0.10000000149011612
319.269,1.0,9.780408129551345,0.10000000149011612
319.318,1.0,9.835340471565724,0.10000000149011612
319.368,1.0,9.780103516723546,0.10000000149011612
319.418,1.0,9.890100665287012,0.10000000149011612
319.468,1.0,9.835057054273785,0.10000000149011612
319.518,1.0,9.862644651221732,0.10000000149011612
319.569,1.0,9.862510092204644,0.10000000149011612
319.618,1.0,9.752857696575424,0.10000000149011612
319.669,1.0,9.862592761922214,0.10000000149011612
319.718,1.0,9.83525005719728,0.10000000149011612
319.768,1.0,9.725091371705963,0.10000000149011612
319.818,1.0,9.835154497106043,0.10000000149011612
319.868,1.0,9.72539684408241,0.10000000149011612
319.919,1.0,9.780000000033114,0.10000000149011612
319.968,1.0,9.725315690309637,0.10000000149011612
320.018,1.0,9.8076377077856,0.10000000149011612
320.068,1.0,9.862587247892387,0.10000000149011612
320.119,1.0,9.725352701834506,0.10000000149011612
320.169,1.0,9.83526682195564,0.10000000149011612
320.218,1.0,9.752757469585372,0.10000000149011612
320.269,1.0,9.945005465216108,0.10000000149011612
320.318,1.0,9.780284141107566,0.10000000149011612
320.369,1.0,9.780078928296765,0.10000000149011612
320.418,1.0,9.862650152875318,0.10000000149011612
320.469,1.0,9.835194848084615,0.10000000149011612
320.518,1.0,9.75271329710053,0.10000000149011612
320.569,1.0,9.780406676108639,0.10000000149011612
320.619,1.0,9.835279291578464,0.10000000149011612
320.669,1.0,9.753188184938496,0.10000000149011612
320.718,1.0,9.835000000024836,0.10000000149011612
320.768,1.0,9.752603259517088,0.10000000149011612
320.818,1.0,9.862789850288795,0.10000000149011612
320.869,1.0,9.80780465460072,0.10000000149011612
320.919,1.0,9.890110738037361,0.10000000149011612
320.968,1.0,9.835299639590085,0.10000000149011612
321.02,1.0,9.807727430781556,0.10000000149011612
321.068,1.0,9.780348760655357,0.10000000149011612
321.118,1.0,9.835324045995044,0.10000000149011612
321.169,1.0,9.752918911828763,0.10000000149011612
321.218,1.0,9.862919357812238,0.10000000149011612
321.269,1.0,9.780308105444742,0.10000000149011612
321.318,1.0,9.752735908991761,0.10000000149011612
321.368,1.0,9.725371512646477,0.10000000149011612
321.419,1.0,9.642758005712595,0.10000000149011612
321.468,1.0,9.725328669324517,0.10000000149011612
321.519,1.0,9.890231129444308,0.10000000149011612
321.569,1.0,9.835180759098794,0.10000000149011612
321.619,1.0,9.807772318439351,0.10000000149011612
321.668,1.0,9.945000000008278,0.10000000149011612
321.718,1.0,9.780189722507364,0.10000000149011612
321.768,1.0,9.862603870323962,0.10000000149011612
321.818,1.0,9.725210562824374,0.10000000149011612
321.868,1.0,9.917622176681956,0.10000000149011612
321.918,1.0,9.725344317509895,0.10000000149011612
321.969,1.0,9.780371520254347,0.10000000149011612
322.019,1.0,9.698012706927127,0.10000000149011612
322.068,1.0,9.835304797151023,0.10000000149011612
322.118,1.0,9.807632771403425,0.10000000149011612
322.168,1.0,9.80774313043803,0.10000000149011612
322.218,1.0,9.697717692806489,0.10000000149011612
322.269,1.0,9.752980830416911,0.10000000149011612
322.319,1.0,9.835232637574276,0.10000000149011612
322.368,1.0,9.807809756965273,0.10000000149011612
322.419,1.0,9.835286973747943,0.10000000149011612
322.468,1.0,9.890135059795446,0.10000000149011612
322.518,1.0,9.80778296024849,0.10000000149011612
322.569,1.0,9.670120099580123,0.10000000149011612
322.618,1.0,9.752998650322358,0.10000000149011612
322.669,1.0,9.83526421510097,0.10000000149011612
322.718,1.0,9.725640267175105,0.10000000149011612
322.768,1.0,9.835400838860208,0.10000000149011612
322.819,1.0,9.862704817764461,0.10000000149011612
322.868,1.0,9.752783547134863,0.10000000149011612
322.918,1.0,9.917557991337445,0.10000000149011612
322.968,1.0,9.643094643433061,0.10000000149011612
323.018,1.0,9.752923987598884,0.10000000149011612
323.068,1.0,9.670350087620317,0.10000000149011612
323.119,1.0,9.835221955532,0.10000000149011612
323.168,1.0,9.780000000033114,0.10000000149011612
323.219,1.0,9.780307470593188,0.10000000149011612
323.269,1.0,9.835190388187765,0.10000000149011612
323.318,1.0,9.807973836114009,0.10000000149011612
323.368,1.0,9.917537673003972,0.10000000149011612
323.418,1.0,9.835286904250582,0.10000000149011612
323.468,1.0,9.80810377922737,0.10834428668022156
323.518,1.0,9.862633837511142,0.10000000149011612
323.569,1.0,9.72525092497882,0.10000000149011612
323.618,1.0,9.890130512685412,0.10000000149011612
323.668,1.0,9.80760663230386,0.10000000149011612
323.718,1.0,9.807655209985873,0.10000000149011612
323.768,1.0,9.780236130849355,0.10000000149011612
323.818,1.0,9.807883514360421,0.10000000149011612
323.869,1.0,9.725262023260196,0.10000000149011612
323.919,1.0,9.64292941507366,0.10000000149011612
323.969,1.0,9.862562969616718,0.10000000149011612
324.019,1.0,9.917569208414191,0.10000000149011612
324.068,1.0,9.753178138492835,0.10764644294977188
324.119,1.0,9.83531352310545,0.10000000149011612
324.168,1.0,9.972500000004139,0.10000000149011612
324.219,1.0,9.890006476206084,0.10000000149011612
324.269,1.0,9.780186824583344,0.10000000149011612
324.318,1.0,9.752671148586604,0.10000000149011612
324.368,1.0,9.643014171678159,0.10000000149011612
324.419,1.0,9.945111263025966,0.10800271481275558
324.469,1.0,9.698072034368913,0.10000000149011612
324.519,1.0,9.807733669007819,0.10000000149011612
324.569,1.0,9.697952263036536,0.10000000149011612
324.618,1.0,9.807731560369332,0.10000000149011612
324.668,1.0,9.780316279600893,0.10000000149011612
324.718,1.0,9.862810265541905,0.10000000149011612
324.769,1.0,9.835232417492403,0.10000000149011612
324.818,1.0,9.890330034825537,0.11831307411193848
324.868,1.0,9.780169885253741,0.10000000149011612
324.919,1.0,9.862810616319377,0.10000000149011612
324.969,1.0,9.862594192495777,0.10000000149011612
325.018,1.0,9.890172731089923,0.10000000149011612
325.068,1.0,9.807530498959952,0.10000000149011612
325.119,1.0,9.835309544516106,0.10000000149011612
325.168,1.0,9.83519291192707,0.10000000149011612
325.218,1.0,9.807883010701174,0.10000000149011612
325.269,1.0,9.972500000004139,0.10000000149011612
325.318,1.0,9.697981513498558,0.10000000149011612
325.368,1.0,9.862572128201524,0.10000000149011612
325.419,1.0,9.752955943118367,0.10000000149011612
325.468,1.0,9.725520338221557,0.10000000149011612
325.518,1.0,9.890401443880465,0.12441112101078033
325.569,1.0,9.835089448156456,0.10000000149011612
325.618,1.0,9.835302332250608,0.10000000149011612
325.669,1.0,9.75269233137369,0.10000000149011612
325.719,1.0,9.725248432531952,0.10000000149011612
325.769,1.0,9.752772322504057,0.10000000149011612
325.818,1.0,9.69785654478603,0.10000000149011612
325.868,1.0,9.807682547366454,0.10000000149011612
325.919,1.0,9.807723855040967,0.10000000149011612
325.968,1.0,9.807696913451784,0.10000000149011612
326.019,1.0,9.890023135683602,0.10000000149011612
326.068,1.0,9.780228576353855,0.10000000149011612
326.118,1.0,9.780297587749859,0.10000000149011612
326.169,1.0,9.78002357803699,0.10000000149011612
326.219,1.0,9.670499256087673,0.10000000149011612
326.269,1.0,9.890000000016556,0.10000000149011612
326.318,1.0,9.752705870134134,0.10000000149011612
326.369,1.0,9.780312974192203,0.10000000149011612
326.418,1.0,9.86263526885046,0.10000000149011612
326.469,1.0,9.86260222500811,0.10000000149011612
326.518,1.0,9.83532214998785,0.10000000149011612
326.568,1.0,9.83500175567137,0.10000000149011612
326.619,1.0,9.835161473250224,0.10000000149011612
326.669,1.0,9.75292474343959,0.10000000149011612
326.719,1.0,9.725434671238892,0.10000000149011612
326.769,1.0,9.835116312011248,0.10000000149011612
326.818,1.0,9.862580419290397,0.10000000149011612
326.868,1.0,9.862630475602217,0.10000000149011612
326.918,1.0,9.862735559418798,0.10000000149011612
326.969,1.0,9.83522608516117,0.10000000149011612
327.018,1.0,9.835048387178944,0.10000000149011612
327.068,1.0,9.890134249048101,0.10289084911346436
327.119,1.0,9.780422030099563,0.10000000149011612
327.168,1.0,9.835323447382285,0.10000000149011612
327.219,1.0,9.807593870100876,0.10000000149011612
327.268,1.0,9.780548422845701,0.10000000149011612
327.318,1.0,9.78035065204733,0.10000000149011612
327.369,1.0,9.670298198920985,0.10000000149011612
327.418,1.0,9.807738042064011,0.10000000149011612
327.468,1.0,9.862641849306723,0.10000000149011612
327.518,1.0,9.890000000016556,0.10000000149011612
327.569,1.0,9.725214347201916,0.10000000149011612
327.618,1.0,9.835235940996144,0.10000000149011612
327.669,1.0,9.72512357061108,0.10000000149011612
327.718,1.0,9.725581830636495,0.10000000149011612
327.768,1.0,9.780277442870041,0.10000000149011612
327.818,1.0,9.752938652473192,0.10000000149011612
327.869,1.0,9.945000000008278,0.10000000149011612
327.918,1.0,9.780301697759164,0.10000000149011612
327.968,1.0,9.890046302953529,0.10000000149011612
328.018,1.0,9.917756305490103,0.10373003035783768
328.069,1.0,9.862578047977554,0.10000000149011612
328.119,1.0,9.780115316911704,0.10000000149011612
328.168,1.0,9.78023303658184,0.10000000149011612
328.218,1.0,9.862807090083757,0.10000000149011612
328.269,1.0,9.725147719681264,0.10000000149011612
328.318,1.0,9.8626392978347,0.10000000149011612
328.369,1.0,9.670359036305712,0.10000000149011612
328.418,1.0,9.780261699296535,0.10000000149011612
328.469,1.0,9.945123092643916,0.10000000149011612
328.518,1.0,9.752999075895382,0.10000000149011612
328.569,1.0,9.945000000008278,0.10000000149011612
328.619,1.0,9.780194842691223,0.10000000149011612
328.668,1.0,9.890185001575285,0.10000000149011612
328.718,1.0,9.83510742617978,0.10000000149011612
328.769,1.0,9.86290060525967,0.10000000149011612
328.818,1.0,9.835323146130476,0.10000000149011612
328.868,1.0,9.752925398180054,0.10000000149011612
328.918,1.0,9.61549366787076,0.10000000149011612
328.969,1.0,9.7256016065677,0.10000000149011612
329.018,1.0,9.725228021480143,0.10000000149011612
329.069,1.0,9.807811137350898,0.10000000149011612
329.118,1.0,9.725228824300899,0.10000000149011612
329.168,1.0,9.697653801304599,0.10000000149011612
329.219,1.0,9.807564622950222,0.10000000149011612
329.268,1.0,9.862614811004864,0.10000000149011612
329.318,1.0,9.8352071142445,0.10000000149011612
329.368,1.0,9.807760650354128,0.10000000149011612
329.418,1.0,9.587914250190888,0.10000000149011612
329.469,1.0,9.80779241722905,0.10000000149011612
329.518,1.0,9.78028239723709,0.10000000149011612
329.569,1.0,9.862574225829707,0.10000000149011612
329.618,1.0,9.807682781976958,0.10000000149011612
329.668,1.0,9.752925378373927,0.10000000149011612
329.718,1.0,9.835160383582116,0.10000000149011612
329.768,1.0,9.83506453177995,0.10000000149011612
329.818,1.0,9.780156380703879,0.10000000149011612
329.868,1.0,9.807816290338007,0.10000000149011612
329.918,1.0,9.697769845401247,0.10000000149011612
329.968,1.0,9.588124576624896,0.10000000149011612
330.018,1.0,9.862638679250248,0.10000000149011612
330.068,1.0,9.725103489764862,0.10000000149011612
330.119,1.0,9.862794336241981,0.10000000149011612
330.169,1.0,9.697865652044614,0.10000000149011612
330.219,1.0,9.752736461245352,0.10000000149011612
330.269,1.0,9.78056765716109,0.10000000149011612
330.319,1.0,9.890075667140385,0.10000000149011612
330.369,1.0,9.725282684423858,0.10000000149011612
330.418,1.0,9.86276953495625,0.10000000149011612
330.468,1.0,9.835061990262734,0.10000000149011612
330.518,1.0,9.890000000016556,0.10000000149011612
330.568,1.0,9.780206036443511,0.10000000149011612
330.619,1.0,9.945165028609335,0.11322944611310959
330.669,1.0,9.697869885878431,0.10000000149011612
330.718,1.0,9.890077089952927,0.10000000149011612
330.768,1.0,9.780252036452293,0.10000000149011612
330.819,1.0,9.697827577114934,0.10000000149011612
330.868,1.0,9.725367076757054,0.10000000149011612
330.918,1.0,9.752744177356362,0.10000000149011612
330.968,1.0,9.890250908562706,0.10000000149011612
331.018,1.0,9.917500000012417,0.10000000149011612
331.069,1.0,9.862543152872886,0.10000000149011612
331.118,1.0,9.807625911219253,0.10000000149011612
331.168,1.0,9.862633672004772,0.10000000149011612
331.218,1.0,9.890219082683325,0.10000000149011612
331.268,1.0,9.917666814207204,0.10000000149011612
331.319,1.0,9.67032893885755,0.10000000149011612
331.368,1.0,9.752835440097584,0.10000000149011612
331.419,1.0,9.890239632253845,0.10000000149011612
331.469,1.0,9.80759227602846,0.10000000149011612
331.519,1.0,9.807812225032183,0.10000000149011612
331.569,1.0,9.72530468803727,0.10000000149011612
331.619,1.0,9.807785604314672,0.10000000149011612
331.668,1.0,9.917628908736837,0.10000000149011612
331.719,1.0,9.752858543747829,0.10000000149011612
331.769,1.0,9.835209164478712,0.10000000149011612
331.818,1.0,9.89000245736291,0.10000000149011612
331.868,1.0,9.862671642253796,0.10000000149011612
331.918,1.0,9.917747401218447,0.10000000149011612
331.968,1.0,9.890000000016556,0.10000000149011612
332.018,1.0,9.78023160909199,0.10000000149011612
332.069,1.0,9.807965014295446,0.10000000149011612
332.119,1.0,9.752939710083107,0.10000000149011612
332.168,1.0,9.862527499078876,0.10000000149011612
332.219,1.0,9.807896506061985,0.10000000149011612
332.268,1.0,9.780305987948346,0.10000000149011612
332.318,1.0,9.725511748364402,0.10000000149011612
332.369,1.0,9.752690166317754,0.10000000149011612
332.418,1.0,9.615427425752083,0.10000000149011612
332.469,1.0,9.807853914135032,0.10000000149011612
332.518,1.0,9.670144149019487,0.10000000149011612
332.568,1.0,9.697998622784183,0.10000000149011612
332.618,1.0,9.862648545516034,0.10000000149011612
332.669,1.0,9.670430360858639,0.10000000149011612
332.719,1.0,9.752615323724847,0.10000000149011612
332.769,1.0,9.807873831192653,0.10000000149011612
332.819,1.0,9.862613940176864,0.10000000149011612
332.868,1.0,9.835222776896424,0.10000000149011612
332.919,1.0,9.752908946573735,0.10000000149011612
332.969,1.0,9.807757997802563,0.10000000149011612
333.018,1.0,9.862698533965482,0.10000000149011612
333.069,1.0,9.670545166254872,0.10000000149011612
333.118,1.0,9.698075370221503,0.10000000149011612
333.169,1.0,9.752658308256004,0.10000000149011612
333.219,1.0,9.807741378040777,0.10000000149011612
333.268,1.0,9.807686186912987,0.10000000149011612
333.319,1.0,9.83536385235687,0.10000000149011612
333.368,1.0,9.945245818214284,0.14229115843772888
333.418,1.0,9.890000000016556,0.10000000149011612
333.468,1.0,9.862772564465802,0.10000000149011612
333.519,1.0,9.780252449938821,0.10000000149011612
333.569,1.0,9.86271167151216,0.10000000149011612
333.618,1.0,9.86283510459794,0.10000000149011612
333.669,1.0,9.83522528215415,0.10000000149011612
333.719,1.0,9.807799994676477,0.10000000149011612
333.769,1.0,9.752831266489293,0.10000000149011612
333.819,1.0,9.752877962982488,0.10000000149011612
333.869,1.0,9.917568304907117,0.10000000149011612
333.919,1.0,9.752823466228115,0.10000000149011612
333.969,1.0,9.835097145578928,0.10000000149011612
334.019,1.0,9.835241280144288,0.10000000149011612
334.068,1.0,9.698067933693528,0.10000000149011612
334.119,1.0,9.89014340310047,0.10000000149011612
334.168,1.0,9.752879112110369,0.10000000149011612
334.219,1.0,9.917500000012417,0.10000000149011612
334.269,1.0,9.917681385204196,0.10000000149011612
334.319,1.0,9.642792161429922,0.10000000149011612
334.369,1.0,9.7800735971373,0.10000000149011612
334.418,1.0,9.697790040013691,0.10000000149011612
334.468,1.0,9.835328358308308,0.10000000149011612
334.519,1.0,9.752611440709895,0.10000000149011612
334.569,1.0,9.91760657723579,0.10000000149011612
334.619,1.0,9.8626219039162,0.10000000149011612
334.669,1.0,9.78056721335484,0.10000000149011612
334.718,1.0,9.752758965889614,0.10000000149011612
334.769,1.0,9.780341128860083,0.10000000149011612
334.819,1.0,9.835465106140408,0.10000000149011612
334.868,1.0,9.69794229037232,0.10000000149011612
334.919,1.0,9.697858325288527,0.10000000149011612
334.968,1.0,9.86271807015356,0.10000000149011612
335.019,1.0,9.69833517126325,0.10000000149011612
335.069,1.0,9.890047483001318,0.10000000149011612
335.119,1.0,9.807917431804041,0.10000000149011612
335.168,1.0,9.69799649371869,0.10000000149011612
335.218,1.0,9.780171706817216,0.10000000149011612
335.269,1.0,9.807721628600525,0.10000000149011612
335.319,1.0,9.862760283653106,0.10000000149011612
335.369,1.0,9.725505989313953,0.10000000149011612
335.418,1.0,9.780262232116527,0.10000000149011612
335.468,1.0,9.83539346901493,0.10000000149011612
335.519,1.0,9.862753665550715,0.10000000149011612
335.568,1.0,9.697789526937736,0.10000000149011612
335.619,1.0,9.890080234884389,0.10000000149011612
335.668,1.0,9.835285292379558,0.10000000149011612
335.718,1.0,9.835172539080183,0.10000000149011612
335.769,1.0,9.725495884319146,0.10000000149011612
335.819,1.0,9.752595137142473,0.10000000149011612
335.869,1.0,9.807773907006615,0.10000000149011612
335.918,1.0,9.862664108930362,0.10000000149011612
335.969,1.0,9.807745254909,0.10000000149011612
336.018,1.0,9.615480866076219,0.10000000149011612
336.069,1.0,9.780219499870308,0.10000000149011612
336.119,1.0,9.835112051914136,0.10000000149011612
336.169,1.0,9.807674951271878,0.10000000149011612
336.219,1.0,9.780251052644518,0.10000000149011612
336.268,1.0,9.725138137758606,0.10000000149011612
336.319,1.0,9.780253214016557,0.10000000149011612
336.369,1.0,9.890100192547672,0.10000000149011612
336.419,1.0,9.780171566684214,0.10000000149011612
336.469,1.0,9.83543592888034,0.10000000149011612
336.518,1.0,9.807885055802762,0.10000000149011612
336.569,1.0,9.862635804961124,0.10000000149011612
336.618,1.0,9.807653303796219,0.10000000149011612
336.668,1.0,9.670493800296551,0.10000000149011612
336.719,1.0,9.780415354648397,0.10000000149011612
336.769,1.0,9.86270804984702,0.10000000149011612
336.818,1.0,9.697918168248401,0.10000000149011612
336.869,1.0,9.835089942316214,0.10000000149011612
336.919,1.0,9.862647647638287,0.10000000149011612
336.969,1.0,9.807547486490673,0.10000000149011612
337.019,1.0,9.725261002530655,0.10000000149011612
337.068,1.0,9.83511910699308,0.10000000149011612
337.118,1.0,9.835340188567837,0.10000000149011612
337.169,1.0,9.780006382034884,0.10000000149011612
337.22,1.0,9.835129557384384,0.10000000149011612
337.268,1.0,9.643031675782469,0.10000000149011612
337.318,1.0,9.725378859353562,0.10000000149011612
337.369,1.0,9.752770455636911,0.10000000149011612
337.419,1.0,9.83517922817005,0.10000000149011612
337.469,1.0,9.835328290880554,0.10000000149011612
337.518,1.0,9.807721282417576,0.10000000149011612
337.569,1.0,9.835186824099058,0.10000000149011612
337.619,1.0,9.780376164863506,0.10000000149011612
337.669,1.0,9.807615939258701,0.10000000149011612
337.718,1.0,9.835106140561402,0.10000000149011612
337.769,1.0,9.862612282236418,0.10000000149011612
337.819,1.0,9.725190172923936,0.10000000149011612
337.869,1.0,9.807606830923921,0.10000000149011612
337.919,1.0,9.862687994932962,0.10000000149011612
337.969,1.0,9.697903043693966,0.10000000149011612
338.019,1.0,9.752905164079534,0.10000000149011612
338.069,1.0,9.697827004268765,0.10000000149011612
338.119,1.0,9.725476571441524,0.10000000149011612
338.168,1.0,10.0,10.0
338.218,1.0,9.807725084241893,0.10000000149011612
338.268,1.0,9.560258449345,0.10000000149011612
338.318,1.0,9.86254396610376,0.10000000149011612
338.369,1.0,9.725169049638014,0.10000000149011612
338.418,1.0,9.807777667480211,0.10000000149011612
338.468,1.0,9.752858554261426,0.10000000149011612
338.518,1.0,9.780393600588043,0.10000000149011612
338.569,1.0,9.890225210827257,0.10000000149011612
338.619,1.0,9.780479142959747,0.10000000149011612
338.669,1.0,9.862631439376209,0.10000000149011612
338.718,1.0,9.835192011959023,0.10000000149011612
338.769,1.0,9.780220573478275,0.10000000149011612
338.818,1.0,9.78038131745739,0.10000000149011612
338.868,1.0,9.807699636100894,0.10000000149011612
338.919,1.0,9.780203659459948,0.10000000149011612
338.968,1.0,9.7528368105491,0.10000000149011612
339.019,1.0,9.917736640055146,0.10000000149011612
339.069,1.0,9.86267802675979,0.10000000149011612
339.12,1.0,9.670565009613831,0.10000000149011612
339.168,1.0,9.725478678962423,0.10000000149011612
339.219,1.0,9.670500236646168,0.10000000149011612
339.268,1.0,9.862928086188104,0.10000000149011612
339.318,1.0,9.862613421492279,0.10000000149011612
339.369,1.0,9.890098460266987,0.10000000149011612
339.419,1.0,9.725400776519544,0.10000000149011612
339.469,1.0,9.835311319120228,0.10000000149011612
339.519,1.0,9.890075652777321,0.10000000149011612
339.569,1.0,9.835130506650442,0.10000000149011612
339.618,1.0,9.917500000012417,0.10000000149011612
339.668,1.0,9.780048837429947,0.10000000149011612
339.718,1.0,9.752927724209924,0.10000000149011612
339.769,1.0,9.862612170187964,0.10000000149011612
339.819,1.0,9.807666754722595,0.10000000149011612
339.868,1.0,9.780306626235445,0.10000000149011612
339.919,1.0,9.725400759238337,0.10000000149011612
339.968,1.0,9.725330228461987,0.10000000149011612
340.018,1.0,9.780240265259312,0.10000000149011612
340.068,1.0,9.780089460540976,0.10000000149011612
340.118,1.0,9.780321212630305,0.10000000149011612
340.169,1.0,9.83549679675036,0.10000000149011612
340.219,1.0,9.807767884164221,0.10000000149011612
340.269,1.0,9.807645673387581,0.10000000149011612
340.319,1.0,9.807788996274272,0.10000000149011612
340.368,1.0,9.807737059063381,0.10000000149011612
340.419,1.0,9.890232886560261,0.10000000149011612
340.469,1.0,9.697716369128061,0.10000000149011612
340.518,1.0,9.670515859954888,0.10000000149011612
340.569,1.0,9.807789497822522,0.10000000149011612
340.619,1.0,9.862662644415266,0.10000000149011612
340.669,1.0,9.835232689231635,0.10000000149011612
340.718,1.0,9.807698194454941,0.10000000149011612
340.769,1.0,9.917603727388713,0.10000000149011612
340.818,1.0,9.780263435385294,0.10000000149011612
340.868,1.0,9.890271931245096,0.10000000149011612
340.918,1.0,9.807644338905812,0.10000000149011612
340.968,1.0,9.80770098960234,0.10000000149011612
341.019,1.0,9.752816602360044,0.10000000149011612
341.069,1.0,9.780285983470579,0.10000000149011612
341.118,1.0,9.698084669208361,0.10000000149011612
341.168,1.0,9.8626438278084,0.10000000149011612
341.218,1.0,9.862547680921853,0.10000000149011612
341.269,1.0,9.862560973419912,0.10000000149011612
341.318,1.0,9.753093897882435,0.10000000149011612
341.369,1.0,9.725134768192138,0.10000000149011612
341.419,1.0,9.917589875848757,0.10000000149011612
341.468,1.0,9.807902072514924,0.10000000149011612
341.52,1.0,9.835312061342929,0.10000000149011612
341.568,1.0,9.91771667452736,0.10000000149011612
341.618,1.0,9.615711688167519,0.10000000149011612
341.669,1.0,9.670417346412108,0.10000000149011612
341.719,1.0,9.752676936487356,0.10000000149011612
341.768,1.0,9.862676608231332,0.10000000149011612
341.819,1.0,9.835184521186683,0.10000000149011612
341.869,1.0,9.725422309918535,0.10000000149011612
341.918,1.0,9.83504675541901,0.10000000149011612
341.969,1.0,9.945147573471898,0.10335881263017654
342.019,1.0,9.835290360305873,0.10000000149011612
342.068,1.0,9.86262713227835,0.10000000149011612
342.119,1.0,9.615587765868339,0.10000000149011612
342.169,1.0,9.890205096494821,0.10000000149011612
342.219,1.0,9.835292652187247,0.10000000149011612
342.269,1.0,9.862886875288353,0.11400117725133896
342.318,1.0,9.642916382745737,0.10000000149011612
342.369,1.0,9.725318786398404,0.10000000149011612
342.419,1.0,9.752770105914937,0.10000000149011612
342.468,1.0,9.752736111481985,0.10000000149011612
342.518,1.0,9.807670584424502,0.10000000149011612
342.568,1.0,9.80774488084846,0.10000000149011612
342.619,1.0,9.917638294398785,0.10000000149011612
342.669,1.0,9.752607262031072,0.10000000149011612
342.718,1.0,9.807629118963249,0.10000000149011612
342.769,1.0,9.890265490818354,0.10000000149011612
342.818,1.0,9.86260403620286,0.10000000149011612
342.868,1.0,9.7801057483587,0.10000000149011612
342.918,1.0,9.890045139503975,0.10000000149011612
342.969,1.0,9.835365537222888,0.10000000149011612
343.018,1.0,9.83516198868553,0.10000000149011612
343.069,1.0,9.862732528957228,0.10000000149011612
343.119,1.0,9.835121293800572,0.10000000149011612
343.169,1.0,9.890065809711814,0.10000000149011612
343.218,1.0,9.725447235028778,0.10000000149011612
343.269,1.0,9.890146289972796,0.10000000149011612
343.318,1.0,9.643046398771306,0.10000000149011612
343.369,1.0,9.862544668879774,0.10000000149011612
343.418,1.0,9.780285278811222,0.10000000149011612
343.469,1.0,9.835022351352706,0.10000000149011612
343.519,1.0,9.752844278679953,0.10000000149011612
343.569,1.0,9.835261224355135,0.10000000149011612
343.619,1.0,9.643008298923572,0.10000000149011612
343.669,1.0,9.862751716354655,0.10000000149011612
343.719,1.0,9.725455244527096,0.10000000149011612
343.769,1.0,9.890202626130646,0.10000000149011612
343.818,1.0,9.807674216644632,0.10000000149011612
343.869,1.0,9.917520982275407,0.10000000149011612
343.919,1.0,9.890120780364507,0.10000000149011612
343.969,1.0,9.91768156002379,0.10000000149011612
344.018,1.0,9.75288453232497,0.10000000149011612
344.068,1.0,9.78024625521567,0.10000000149011612
344.118,1.0,9.86254620011896,0.10000000149011612
344.169,1.0,9.807727999302248,0.10000000149011612
344.218,1.0,9.862730485200881,0.10000000149011612
344.269,1.0,9.83512183736182,0.10000000149011612
344.319,1.0,9.725350607538388,0.10000000149011612
344.369,1.0,9.835175117829607,0.10000000149011612
344.419,1.0,9.780111783742905,0.10000000149011612
344.468,1.0,9.835034627136256,0.10000000149011612
344.518,1.0,9.780310531353784,0.10000000149011612
344.568,1.0,9.917604735307396,0.10000000149011612
344.619,1.0,9.835128509646488,0.10000000149011612
344.669,1.0,9.945111617176897,0.10000000149011612
344.719,1.0,9.670519930993517,0.10000000149011612
344.768,1.0,9.780231736828055,0.10000000149011612
344.819,1.0,9.86270490605384,0.10000000149011612
344.868,1.0,9.835305698733363,0.10000000149011612
344.918,1.0,9.972500000004139,0.10000000149011612
344.969,1.0,9.862668451791007,0.10000000149011612
345.019,1.0,9.807834784934919,0.10000000149011612
345.069,1.0,9.698016901210778,0.10000000149011612
345.119,1.0,9.862559693472253,0.10000000149011612
345.168,1.0,9.725511195448538,0.10000000149011612
345.218,1.0,9.807756843438579,0.10000000149011612
345.269,1.0,9.835235515485207,0.10000000149011612
345.318,1.0,9.862652713288035,0.10000000149011612
345.368,1.0,9.725309967146151,0.10000000149011612
345.419,1.0,9.807915462284452,0.10000000149011612
345.469,1.0,9.780239788008233,0.10000000149011612
345.518,1.0,9.80761745882531,0.10000000149011612
345.568,1.0,9.75301029557983,0.10000000149011612
345.618,1.0,9.890019223797653,0.10000000149011612
345.668,1.0,9.835089219506417,0.10000000149011612
345.719,1.0,9.697804263089266,0.10000000149011612
345.768,1.0,9.807701849440734,0.10000000149011612
345.819,1.0,9.807538118213415,0.10000000149011612
345.868,1.0,9.91758960361282,0.10000000149011612
345.919,1.0,9.725569429496923,0.10000000149011612
345.968,1.0,9.780191915585762,0.10000000149011612
346.019,1.0,9.862771282427842,0.10000000149011612
346.069,1.0,9.725637852835158,0.10000000149011612
346.119,1.0,9.752715139815377,0.10000000149011612
346.169,1.0,9.807815744106968,0.10000000149011612
346.219,1.0,9.807575664979716,0.10000000149011612
346.268,1.0,9.835120738173524,0.10000000149011612
346.319,1.0,9.58777778595686,0.10000000149011612
346.369,1.0,9.807841508318152,0.10000000149011612
346.418,1.0,9.697775220726099,0.10000000149011612
346.468,1.0,9.862719027263422,0.10000000149011612
346.519,1.0,9.807804024447169,0.10000000149011612
346.569,1.0,9.862519165935616,0.10000000149011612
346.618,1.0,9.862700113447175,0.10000000149011612
346.668,1.0,9.75289661993997,0.10000000149011612
346.718,1.0,9.670428641119765,0.10000000149011612
346.769,1.0,9.890129791634779,0.10000000149011612
346.818,1.0,9.862528323920237,0.10000000149011612
346.868,1.0,9.917500000012417,0.10000000149011612
346.918,1.0,9.945124609333773,0.10000000149011612
346.969,1.0,9.72544381916523,0.10000000149011612
347.019,1.0,9.725288730114698,0.10000000149011612
347.069,1.0,9.862500000020695,0.10000000149011612
347.118,1.0,9.835209366617104,0.10000000149011612
347.169,1.0,9.917768988385797,0.11877776682376862
347.218,1.0,9.752748689365884,0.10000000149011612
347.268,1.0,9.697759495986004,0.10000000149011612
347.318,1.0,9.835000000024836,0.10000000149011612
347.368,1.0,9.862611029711035,0.10000000149011612
347.418,1.0,9.835038216308588,0.10000000149011612
347.468,1.0,9.697840614823832,0.10000000149011612
347.519,1.0,9.807691219014426,0.10000000149011612
347.568,1.0,9.917520373438796,0.10000000149011612
347.618,1.0,9.807881932953993,0.10000000149011612
347.669,1.0,9.780241086499558,0.10000000149011612
347.718,1.0,9.807717867361175,0.10000000149011612
347.769,1.0,9.505466636891166,0.10000000149011612
347.818,1.0,9.89018231998715,0.10000000149011612
347.868,1.0,9.780593810375366,0.10000000149011612
347.918,1.0,9.752947887302273,0.10000000149011612
347.969,1.0,9.917628089628286,0.10000000149011612
348.019,1.0,9.752624658681452,0.10000000149011612
348.068,1.0,9.86277489633196,0.10000000149011612
348.118,1.0,9.808012956422235,0.1010550931096077
348.169,1.0,9.752843646994895,0.10000000149011612
348.219,1.0,9.862637650904556,0.10000000149011612
348.268,1.0,9.862765400960214,0.10250940918922424
348.319,1.0,9.807811883071231,0.10000000149011612
348.369,1.0,9.752896213469405,0.10000000149011612
348.418,1.0,9.670600731898514,0.10000000149011612
348.469,1.0,9.890290395667156,0.10000000149011612
348.519,1.0,9.862682519646155,0.10000000149011612
348.569,1.0,9.807817930997246,0.10000000149011612
348.618,1.0,9.808075114174022,0.10000000149011612
348.668,1.0,9.807678883233004,0.10000000149011612
348.718,1.0,9.725337518586052,0.10000000149011612
348.768,1.0,9.917601790506806,0.10000000149011612
348.818,1.0,9.80801268292384,0.10000000149011612
348.868,1.0,9.80758050320049,0.10000000149011612
348.918,1.0,9.72501574860265,0.10000000149011612
348.968,1.0,9.86265869486249,0.10000000149011612
349.018,1.0,9.862710280944075,0.10000000149011612
349.069,1.0,9.835231639444828,0.10000000149011612
349.118,1.0,9.807803442536128,0.10000000149011612
349.168,1.0,9.752869201327364,0.10000000149011612
349.218,1.0,9.725472086357573,0.10000000149011612
349.268,1.0,9.752587160012789,0.10000000149011612
349.318,1.0,9.698094735501542,0.10000000149011612
349.369,1.0,9.670509474020864,0.10000000149011612
349.418,1.0,9.752961272601452,0.10000000149011612
349.468,1.0,9.697801835421059,0.10000000149011612
349.519,1.0,9.807794833742083,0.10000000149011612
349.568,1.0,9.835172624741164,0.10000000149011612
349.619,1.0,9.753029543678794,0.10000000149011612
349.668,1.0,9.835327990580764,0.10000000149011612
349.719,1.0,9.643382301823133,0.10000000149011612
349.769,1.0,9.80786850568321,0.10000000149011612
349.818,1.0,9.752997037602796,0.10000000149011612
349.868,1.0,9.862606693969832,0.10000000149011612
349.919,1.0,9.835109745773176,0.10000000149011612
349.968,1.0,9.890182334681352,0.10000000149011612
350.018,1.0,9.80777194460647,0.10000000149011612
350.069,1.0,9.86250063209898,0.10000000149011612
350.119,1.0,9.807673500085043,0.10000000149011612
350.169,1.0,9.780407834984363,0.10000000149011612
350.218,1.0,9.835000000024836,0.10000000149011612
350.268,1.0,9.862752289324998,0.10000000149011612
350.319,1.0,9.780329830427137,0.10000000149011612
350.369,1.0,9.80773494746536,0.10000000149011612
350.418,1.0,9.890203196658856,0.10000000149011612
350.468,1.0,9.862878061334293,0.11438141763210297
350.519,1.0,9.835441684019234,0.10000000149011612
350.568,1.0,9.780331732622452,0.10000000149011612
350.618,1.0,9.890122686098847,0.10000000149011612
350.668,1.0,9.752667817059491,0.10000000149011612
350.718,1.0,9.780255884366731,0.10000000149011612
350.768,1.0,9.588385921323464,0.10000000149011612
350.818,1.0,9.8078876659895,0.10000000149011612
350.869,1.0,9.917678452262448,0.10000000149011612
350.918,1.0,9.752650884849329,0.10000000149011612
350.968,1.0,9.725543535542156,0.10000000149011612
351.018,1.0,9.80768806019591,0.10000000149011612
351.069,1.0,9.80780102264964,0.10000000149011612
351.118,1.0,9.752777069600093,0.10000000149011612
351.168,1.0,9.780516494375965,0.10000000149011612
351.219,1.0,9.780268264603283,0.10000000149011612
351.269,1.0,9.862767185436354,0.10000000149011612
351.319,1.0,9.725235920978918,0.10000000149011612
351.369,1.0,9.807681696655022,0.10000000149011612
351.418,1.0,9.807662021824056,0.10000000149011612
351.469,1.0,9.7526123718669,0.10000000149011612
351.519,1.0,9.780281800900896,0.10000000149011612
351.569,1.0,9.780536710243258,0.10000000149011612
351.618,1.0,9.917540900968016,0.10000000149011612
351.669,1.0,9.890059690798322,0.10000000149011612
351.718,1.0,9.807752296100889,0.10000000149011612
351.769,1.0,9.862736670176188,0.10000000149011612
351.818,1.0,9.862786047305498,0.10000000149011612
351.868,1.0,9.780347607947059,0.10000000149011612
351.918,1.0,9.917526092711423,0.10000000149011612
351.968,1.0,9.780338248113791,0.10000000149011612
352.019,1.0,9.890086090005934,0.10000000149011612
352.069,1.0,9.862649723887444,0.10000000149011612
352.118,1.0,9.780303809398578,0.10000000149011612
352.169,1.0,9.835182781455417,0.10000000149011612
352.219,1.0,9.780391949891216,0.10000000149011612
352.268,1.0,9.807748987028996,0.10000000149011612
352.319,1.0,9.807684244484538,0.10000000149011612
352.369,1.0,9.89011741646876,0.10000000149011612
352.419,1.0,9.780305647498203,0.10000000149011612
352.468,1.0,9.862655754263203,0.10000000149011612
352.519,1.0,9.752839224206078,0.10000000149011612
352.569,1.0,9.835260718791849,0.10000000149011612
352.619,1.0,9.890102693831755,0.10000000149011612
352.669,1.0,9.835212755410208,0.10000000149011612
352.719,1.0,9.917747220334908,0.11787689477205276
352.768,1.0,9.615624143907594,0.10000000149011612
352.818,1.0,9.972500000004139,0.10000000149011612
352.868,1.0,9.752758731072147,0.10000000149011612
352.918,1.0,9.670494656471742,0.10000000149011612
352.969,1.0,9.8350866979195,0.10000000149011612
353.018,1.0,9.862619189069504,0.10000000149011612
353.069,1.0,9.752964570249121,0.10000000149011612
353.119,1.0,9.807586731492645,0.10000000149011612
353.169,1.0,9.807762527962526,0.10000000149011612
353.219,1.0,9.807562370722492,0.10000000149011612
353.268,1.0,9.80773821628342,0.10000000149011612
353.318,1.0,9.752821906407673,0.10000000149011612
353.368,1.0,9.862707689880496,0.10000000149011612
353.418,1.0,9.835189866191811,0.10000000149011612
353.469,1.0,9.890280202300184,0.10000000149011612
353.519,1.0,9.752744790125224,0.10000000149011612
353.569,1.0,9.588036726104717,0.10000000149011612
353.619,1.0,9.835226465347741,0.10000000149011612
353.668,1.0,9.917500000012417,0.10000000149011612
353.718,1.0,9.83511029082454,0.10000000149011612
353.769,1.0,9.890090164273149,0.10000000149011612
353.818,1.0,9.89014406553987,0.10163140296936035
353.868,1.0,9.890135856655737,0.10000000149011612
353.919,1.0,9.670284600059192,0.10000000149011612
353.969,1.0,9.807746755311058,0.10000000149011612
354.018,1.0,9.807804534542893,0.10000000149011612
354.069,1.0,9.807522978240417,0.10000000149011612
354.119,1.0,9.862839912643864,0.10000000149011612
354.169,1.0,9.807842218627533,0.10000000149011612
354.219,1.0,9.725335761842627,0.10000000149011612
354.269,1.0,9.890157839759356,0.10000000149011612
354.318,1.0,9.807741017432676,0.10000000149011612
354.368,1.0,9.807816239984499,0.10000000149011612
354.418,1.0,9.890040996256802,0.10000000149011612
354.468,1.0,9.670445710503392,0.10000000149011612
354.518,1.0,9.89022959669431,0.10000000149011612
354.569,1.0,9.835225358191463,0.10000000149011612
354.618,1.0,9.752916804266473,0.10000000149011612
354.669,1.0,9.862627037221358,0.10000000149011612
354.718,1.0,9.725389505364001,0.10000000149011612
354.768,1.0,9.835274578775797,0.10000000149011612
354.818,1.0,9.862572868499491,0.10000000149011612
354.868,1.0,9.890189512612091,0.10000000149011612
354.919,1.0,9.725337978804276,0.10000000149011612
354.969,1.0,9.78017897558295,0.10000000149011612
355.018,1.0,9.780246532439358,0.10000000149011612
355.069,1.0,9.83518401282943,0.10000000149011612
355.118,1.0,9.835179109457467,0.10000000149011612
355.169,1.0,9.917512941650218,0.10000000149011612
355.218,1.0,9.835355222183797,0.10592959821224213
355.268,1.0,9.780337145758999,0.10000000149011612
355.319,1.0,9.835397531526784,0.10000000149011612
355.368,1.0,9.725092505394585,0.10000000149011612
355.418,1.0,9.835148546679152,0.10000000149011612
355.468,1.0,9.86269418504089,0.10000000149011612
355.518,1.0,9.862668659186198,0.10000000149011612
355.569,1.0,9.752992290920682,0.10000000149011612
355.618,1.0,9.725329421170883,0.10000000149011612
355.668,1.0,9.69770383739637,0.10000000149011612
355.718,1.0,9.698039119421608,0.10000000149011612
355.768,1.0,9.835355047240025,0.10000000149011612
355.819,1.0,9.83509005136374,0.10000000149011612
355.869,1.0,9.835175105867286,0.10000000149011612
355.918,1.0,9.780250675334699,0.10000000149011612
355.968,1.0,9.862718625490864,0.10000000149011612
356.019,1.0,9.807636706199911,0.10000000149011612
356.069,1.0,9.697908452670607,0.10000000149011612
356.118,1.0,9.862500000020695,0.10000000149011612
356.169,1.0,9.890122415642772,0.10000000149011612
356.218,1.0,9.835026730100314,0.10000000149011612
356.269,1.0,9.917828229193885,0.13178694248199463
356.319,1.0,9.752833702787758,0.10000000149011612
356.369,1.0,9.752691389868657,0.10000000149011612
356.418,1.0,9.807970637766024,0.10000000149011612
356.468,1.0,9.890116503793333,0.10000000149011612
356.518,1.0,9.780396913426618,0.10000000149011612
356.568,1.0,9.780152317053743,0.10000000149011612
356.618,1.0,9.752813643858664,0.10000000149011612
356.669,1.0,9.670286774200697,0.10000000149011612
356.718,1.0,9.835139888483617,0.10000000149011612
356.769,1.0,9.752758082933724,0.10000000149011612
356.818,1.0,9.72518459951712,0.10000000149011612
356.868,1.0,9.808052942053312,0.10000000149011612
356.918,1.0,9.780203385692504,0.10000000149011612
356.969,1.0,9.862575360553132,0.10000000149011612
357.018,1.0,9.670141027288304,0.10000000149011612
357.068,1.0,9.890080620617502,0.10000000149011612
357.118,1.0,9.890099151577386,0.10000000149011612
357.169,1.0,9.807696006281509,0.10000000149011612
357.219,1.0,9.945093033359283,0.10000000149011612
357.269,1.0,9.697882979673643,0.10000000149011612
357.318,1.0,9.862574559574325,0.10000000149011612
357.368,1.0,9.752888197389742,0.10000000149011612
357.418,1.0,9.807903929116826,0.10000000149011612
357.469,1.0,9.72535704769608,0.10000000149011612
357.518,1.0,9.807631969513993,0.10000000149011612
357.568,1.0,9.670219131973054,0.10000000149011612
357.618,1.0,9.94502602002273,0.10000000149011612
357.668,1.0,9.835278218136066,0.10000000149011612
357.719,1.0,9.807861737472315,0.10000000149011612
357.768,1.0,9.835285980544157,0.10000000149011612
357.818,1.0,9.862751702529689,0.10000000149011612
357.868,1.0,9.807698934256203,0.10000000149011612
357.919,1.0,9.86251712894688,0.10000000149011612
357.969,1.0,9.80796508917378,0.10000000149011612
358.019,1.0,9.835028376926978,0.10000000149011612
358.069,1.0,9.862697824028631,0.10000000149011612
358.119,1.0,9.807726996847325,0.10000000149011612
358.169,1.0,9.807769702333543,0.10000000149011612
358.219,1.0,9.835199746261868,0.10000000149011612
358.269,1.0,9.752681775411798,0.10000000149011612
358.319,1.0,9.835232748815583,0.10000000149011612
358.369,1.0,9.807607975788414,0.10000000149011612
358.418,1.0,9.80767206452373,0.10000000149011612
358.468,1.0,9.862577624412047,0.10000000149011612
358.519,1.0,9.862616145900555,0.10000000149011612
358.569,1.0,9.807956721302535,0.10000000149011612
358.618,1.0,9.752823814563452,0.10000000149011612
358.669,1.0,9.807885425020423,0.10000000149011612
358.718,1.0,9.945000000008278,0.10000000149011612
358.769,1.0,9.752811115690404,0.10000000149011612
358.818,1.0,9.862521121713023,0.10000000149011612
358.869,1.0,9.835066034396489,0.10000000149011612
358.918,1.0,9.83544458626873,0.10085452347993851
358.968,1.0,9.807640987303522,0.10000000149011612
359.018,1.0,9.780495737803479,0.10000000149011612
359.068,1.0,9.78019875942005,0.10000000149011612
359.119,1.0,9.698057517098883,0.10000000149011612
359.168,1.0,9.807597028836607,0.10000000149011612
359.218,1.0,9.89005974282821,0.10000000149011612
359.268,1.0,9.780386410074101,0.10000000149011612
359.318,1.0,9.780181092148025,0.10000000149011612
359.368,1.0,9.945214802813199,0.12842343747615814
359.418,1.0,9.835052259783778,0.10000000149011612
359.469,1.0,9.78015842915823,0.10000000149011612
359.519,1.0,9.8354380932947,0.10000000149011612
359.568,1.0,9.725363256678813,0.10000000149011612
359.618,1.0,9.780405052565039,0.10000000149011612
359.669,1.0,9.670202030531234,0.10000000149011612
359.719,1.0,9.83515590077473,0.10000000149011612
359.769,1.0,9.780343386241132,0.10000000149011612
359.819,1.0,9.780251557214392,0.10000000149011612
359.868,1.0,9.862735072378483,0.10000000149011612
359.919,1.0,9.807733664682342,0.10000000149011612
359.968,1.0,9.862523893163436,0.10000000149011612
360.018,1.0,9.862580010129346,0.10000000149011612
