Timestamp,Valid Ratio,Mean Range,Min Range
0.237,1.0,9.752760510146619,0.10000000149011612
0.287,1.0,9.890138534228836,0.10000000149011612
0.336,1.0,9.752686805422936,0.10000000149011612
0.386,1.0,9.752762379455898,0.10000000149011612
0.436,1.0,9.807755436975922,0.10000000149011612
0.486,1.0,9.725196057040659,0.10000000149011612
0.536,1.0,9.890037873097592,0.10000000149011612
0.586,1.0,9.8351419845389,0.10000000149011612
0.636,1.0,9.780058485083282,0.10000000149011612
0.687,1.0,9.780273002054956,0.10000000149011612
0.736,1.0,9.72517749818249,0.10000000149011612
0.786,1.0,9.890066472834183,0.10000000149011612
0.836,1.0,9.67044861095233,0.10000000149011612
0.887,1.0,9.83533439538959,0.10000000149011612
0.937,1.0,9.862769022025168,0.10000000149011612
0.986,1.0,9.725439650213552,0.10000000149011612
1.036,1.0,9.835000000024836,0.10000000149011612
1.086,1.0,9.78051856899013,0.10000000149011612
1.1360000000000001,1.0,9.835224506734974,0.10000000149011612
1.187,1.0,9.807989120235046,0.10000000149011612
1.236,1.0,9.835192222789757,0.10000000149011612
1.287,1.0,9.86267088043193,0.10000000149011612
1.336,1.0,9.807875513720015,0.10000000149011612
1.3860000000000001,1.0,9.83525655871878,0.10000000149011612
1.436,1.0,9.698062432515952,0.10000000149011612
1.486,1.0,9.780294062569737,0.10000000149011612
1.537,1.0,9.835297739981778,0.10000000149011612
1.5859999999999999,1.0,9.890000904268689,0.10000000149011612
1.6360000000000001,1.0,9.807874270362987,0.10000000149011612
1.687,1.0,9.780125224362646,0.10000000149011612
1.736,1.0,9.917700364523464,0.10000000149011612
1.788,1.0,9.752726234681905,0.10000000149011612
1.8359999999999999,1.0,9.80762174156391,0.10000000149011612
1.887,1.0,9.917722012413044,0.10400097817182541
1.936,1.0,9.725592560693622,0.10000000149011612
1.987,1.0,9.86275470111933,0.10000000149011612
2.036,1.0,9.917609476380878,0.10000000149011612
2.086,1.0,9.862820189963612,0.10000000149011612
2.137,1.0,9.807764110755588,0.10000000149011612
2.186,1.0,9.862536733680301,0.10000000149011612
2.238,1.0,9.725474647122125,0.10000000149011612
2.292,1.0,9.862761707686715,0.10000000149011612
2.338,1.0,9.807841950903336,0.10000000149011612
2.387,1.0,9.752700811107125,0.10000000149011612
2.439,1.0,9.752692081675761,0.10000000149011612
2.493,1.0,9.862675276481443,0.10000000149011612
2.5380000000000003,1.0,9.89014757629484,0.10000000149011612
2.5869999999999997,1.0,9.8626825881708,0.10000000149011612
2.638,1.0,9.890260623850756,0.10000000149011612
2.693,1.0,9.752616178161569,0.10000000149011612
2.741,1.0,9.725267843881415,0.10000000149011612
2.786,1.0,9.83523933324549,0.10000000149011612
2.838,1.0,9.615506774621705,0.10000000149011612
2.887,1.0,9.752835387902127,0.10000000149011612
2.9370000000000003,1.0,9.8352946738609,0.10000000149011612
2.998,1.0,9.917618334438238,0.10000000149011612
3.038,1.0,9.86259033733772,0.10000000149011612
3.088,1.0,9.780314886776937,0.10000000149011612
3.14,1.0,9.862606902027295,0.10000000149011612
3.19,1.0,9.807649956705669,0.10000000149011612
3.251,1.0,9.8901808893515,0.10000000149011612
3.292,1.0,9.890032713280783,0.10000000149011612
3.342,1.0,9.862702913499541,0.10000000149011612
3.394,1.0,9.807907186531358,0.10000000149011612
3.441,1.0,9.89024695828557,0.10000000149011612
3.496,1.0,9.807508286999331,0.10000000149011612
3.542,1.0,9.862740037610962,0.10000000149011612
3.596,1.0,9.807788669504225,0.10000000149011612
3.66,1.0,9.89001587242302,0.10000000149011612
3.695,1.0,9.862530338722799,0.10000000149011612
3.7439999999999998,1.0,9.69762589480314,0.10000000149011612
3.794,1.0,9.780256934277713,0.10000000149011612
3.844,1.0,9.780231151253814,0.10000000149011612
3.901,1.0,9.780309735942218,0.10000000149011612
3.95,1.0,9.780410317207377,0.10000000149011612
4.001,1.0,9.78019436771671,0.10000000149011612
4.052,1.0,9.917604869997335,0.10000000149011612
4.1,1.0,9.835399417454997,0.10000000149011612
4.151,1.0,9.807865312302278,0.10000000149011612
4.202,1.0,9.890131648691993,0.10000000149011612
4.253,1.0,9.862596046262317,0.10000000149011612
4.297,1.0,9.725544208557242,0.10000000149011612
4.351,1.0,9.80789500584619,0.10000000149011612
4.412,1.0,9.752855788088507,0.10000000149011612
4.452,1.0,9.835117629729211,0.10000000149011612
4.504,1.0,9.752691980720394,0.10000000149011612
4.551,1.0,9.8078977804631,0.10000000149011612
4.602,1.0,9.862616329122748,0.10000000149011612
4.651,1.0,9.807929021678865,0.10000000149011612
4.701,1.0,9.807777778928479,0.10000000149011612
4.754,1.0,9.725758675154712,0.10000000149011612
4.804,1.0,9.642945174603826,0.10000000149011612
4.854,1.0,9.780488988177645,0.10000000149011612
4.905,1.0,9.78047464620322,0.10000000149011612
4.967,1.0,9.725406184937391,0.10000000149011612
5.009,1.0,9.862809897089997,0.10000000149011612
5.064,1.0,9.835130175389349,0.10000000149011612
5.108,1.0,9.835120652657416,0.10000000149011612
5.163,1.0,9.64267043073972,0.10000000149011612
5.211,1.0,9.86261863520162,0.10000000149011612
5.26,1.0,9.780316238933139,0.10000000149011612
5.312,1.0,9.807755825916926,0.10000000149011612
5.364,1.0,9.83521990188294,0.10000000149011612
5.423,1.0,9.78035627440032,0.10000000149011612
5.464,1.0,9.753037540386948,0.10000000149011612
5.524,1.0,9.725187398410506,0.10000000149011612
5.5649999999999995,1.0,9.862693715944058,0.10000000149011612
5.627,1.0,9.725367267616093,0.10000000149011612
5.673,1.0,9.697901285315554,0.10000000149011612
5.72,1.0,9.752811409470935,0.10000000149011612
5.775,1.0,9.807685919437144,0.10000000149011612
5.821,1.0,9.86276128033383,0.10000000149011612
5.878,1.0,9.917624908644292,0.10000000149011612
5.921,1.0,9.862824986957841,0.10000000149011612
5.98,1.0,9.642955972481932,0.10000000149011612
6.028,1.0,9.86274023919056,0.10000000149011612
6.078,1.0,9.780595026931001,0.10000000149011612
6.129,1.0,9.917617804122468,0.10000000149011612
6.18,1.0,9.72550145501478,0.10000000149011612
6.228,1.0,9.835055004329318,0.10000000149011612
6.279,1.0,9.917544580271674,0.10000000149011612
6.332,1.0,9.80799002074119,0.10000000149011612
6.38,1.0,9.80757582195931,0.10000000149011612
6.432,1.0,9.780305997799669,0.10000000149011612
6.481,1.0,9.725285674569507,0.10000000149011612
6.532,1.0,9.835362279042602,0.10000000149011612
6.592,1.0,9.780155827912191,0.10000000149011612
6.631,1.0,9.835154210237993,0.10000000149011612
6.678,1.0,9.780200009627475,0.10000000149011612
6.736,1.0,9.697884402134353,0.10000000149011612
6.779,1.0,9.890111847056282,0.10000000149011612
6.832,1.0,9.835237642563879,0.10000000149011612
6.878,1.0,9.752843474555347,0.10000000149011612
6.934,1.0,9.835082238519357,0.10000000149011612
6.981,1.0,9.890130161307752,0.10000000149011612
7.035,1.0,9.835107520988418,0.10000000149011612
7.083,1.0,9.670591086832186,0.10000000149011612
7.135,1.0,9.807811543345451,0.10000000149011612
7.184,1.0,9.72564736650222,0.10000000149011612
7.235,1.0,9.945037344739669,0.10000000149011612
7.284,1.0,9.86263573538098,0.10000000149011612
7.334,1.0,9.917616686763035,0.10432402789592743
7.393,1.0,9.807854029246503,0.10000000149011612
7.433,1.0,9.69788901441627,0.10000000149011612
7.483,1.0,9.75294798593968,0.10000000149011612
7.534,1.0,9.697931574367814,0.10000000149011612
7.585,1.0,9.862631617755525,0.10000000149011612
7.634,1.0,9.835138622009092,0.10000000149011612
7.6850000000000005,1.0,9.835300001046724,0.10000000149011612
7.735,1.0,9.807675468838877,0.10000000149011612
7.7940000000000005,1.0,9.807610361298753,0.10000000149011612
7.837,1.0,9.807652736869123,0.10000000149011612
7.886,1.0,9.80777710576852,0.10000000149011612
7.939,1.0,9.780443644151092,0.10000000149011612
7.986,1.0,9.835250007154213,0.10000000149011612
8.041,1.0,9.752962885797023,0.10000000149011612
8.086,1.0,9.917500000012417,0.10000000149011612
8.137,1.0,9.752920586408841,0.10000000149011612
8.195,1.0,9.91760012983448,0.10000000149011612
8.241,1.0,9.890057996991608,0.10000000149011612
8.295,1.0,9.725395622352758,0.10000000149011612
8.34,1.0,9.78015679301073,0.10000000149011612
8.39,1.0,9.780383009670508,0.10000000149011612
8.439,1.0,9.835182305177053,0.10000000149011612
8.494,1.0,9.72534266203228,0.10000000149011612
8.544,1.0,9.862642408803934,0.10000000149011612
8.593,1.0,9.835117725551957,0.10000000149011612
8.644,1.0,9.752763019502163,0.10000000149011612
8.698,1.0,9.697970604896545,0.10000000149011612
8.744,1.0,9.780390372872352,0.10000000149011612
8.795,1.0,9.862614800077345,0.10000000149011612
8.844,1.0,9.890015339830683,0.10000000149011612
8.899000000000001,1.0,9.72531972417815,0.10000000149011612
8.943,1.0,9.780455873948004,0.10000000149011612
8.997,1.0,9.890119229112234,0.10000000149011612
9.047,1.0,9.862704547618826,0.10000000149011612
9.103,1.0,9.78042911361489,0.10000000149011612
9.147,1.0,9.752625112856428,0.10000000149011612
9.199,1.0,9.89004010171112,0.10000000149011612
9.252,1.0,9.890152049540646,0.10000000149011612
9.302,1.0,9.917658033822146,0.10000000149011612
9.350999999999999,1.0,9.75290105179366,0.10000000149011612
9.403,1.0,9.862804320827127,0.10000000149011612
9.451,1.0,9.917701810701853,0.10000000149011612
9.504,1.0,9.670224175933335,0.10000000149011612
9.551,1.0,9.83510310565018,0.10000000149011612
9.602,1.0,9.807760716250373,0.10000000149011612
9.651,1.0,9.835397606156766,0.10000000149011612
9.701,1.0,9.862764289726814,0.10000000149011612
9.755,1.0,9.83521761463748,0.10000000149011612
9.803,1.0,9.890083453328245,0.10000000149011612
9.854,1.0,9.835197185766365,0.10000000149011612
9.909,1.0,9.780476406299405,0.10000000149011612
9.956,1.0,9.862592519923217,0.10000000149011612
10.003,1.0,9.80780081724127,0.10000000149011612
10.053,1.0,9.697966151601738,0.10000000149011612
10.104,1.0,9.835332545720869,0.10000000149011612
10.155,1.0,9.862569346899788,0.10000000149011612
10.208,1.0,9.807804150258502,0.10000000149011612
10.251,1.0,9.835217613519895,0.10000000149011612
10.303,1.0,9.780415519782238,0.10000000149011612
10.356,1.0,9.69789020638499,0.10000000149011612
10.402,1.0,9.752819112833176,0.10000000149011612
10.454,1.0,9.807629084090392,0.10000000149011612
10.504,1.0,9.588002759549353,0.10000000149011612
10.552,1.0,9.75264427392847,0.10000000149011612
10.606,1.0,9.83542746094366,0.10000000149011612
10.655,1.0,9.752657640249366,0.10000000149011612
10.706,1.0,9.83512884736475,0.10000000149011612
10.755,1.0,9.698017303728395,0.10000000149011612
10.814,1.0,9.835238794402944,0.10000000149011612
10.858,1.0,9.862726560483376,0.10000000149011612
10.921,1.0,9.78011706293457,0.10000000149011612
10.959,1.0,9.780470844316813,0.10000000149011612
11.01,1.0,9.862572109782034,0.10000000149011612
11.058,1.0,9.862991377504336,0.12582921981811523
11.109,1.0,9.752750798335505,0.10000000149011612
11.159,1.0,9.835280584792295,0.10000000149011612
11.21,1.0,9.835234378650785,0.10000000149011612
11.257,1.0,9.862657289331159,0.10000000149011612
11.312,1.0,9.83528925637818,0.10000000149011612
11.364,1.0,9.86262193210423,0.10000000149011612
11.411,1.0,9.725420380011201,0.10000000149011612
11.463,1.0,9.72534604910761,0.10000000149011612
11.514,1.0,9.807882305048405,0.10000000149011612
11.563,1.0,9.670255026573109,0.10000000149011612
11.612,1.0,9.752620083611045,0.10000000149011612
11.662,1.0,9.807614358224802,0.10000000149011612
11.713,1.0,9.67043983038101,0.10000000149011612
11.762,1.0,9.752660542623037,0.10000000149011612
11.813,1.0,9.780396069917414,0.10000000149011612
11.862,1.0,9.89022730363326,0.10000000149011612
11.911,1.0,9.862721934728324,0.10000000149011612
11.962,1.0,9.752756865136325,0.10000000149011612
12.015,1.0,9.725283451606002,0.10000000149011612
12.062,1.0,9.780236409087149,0.10000000149011612
12.116,1.0,9.807658057018287,0.10000000149011612
12.165,1.0,9.670662672714228,0.10000000149011612
12.215,1.0,9.862628477853205,0.10000000149011612
12.271,1.0,9.72533953162945,0.10000000149011612
12.318,1.0,9.862554096865157,0.10000000149011612
12.365,1.0,9.725153067666623,0.10000000149011612
12.416,1.0,9.8352323377298,0.10000000149011612
12.466,1.0,9.807973950294157,0.10815609246492386
12.516,1.0,9.835270234901044,0.10000000149011612
12.568,1.0,9.725184830278158,0.10000000149011612
12.616,1.0,9.862701803632081,0.10000000149011612
12.665,1.0,9.78022610878365,0.10000000149011612
12.73,1.0,9.780297279192341,0.10000000149011612
12.765,1.0,9.862762236305409,0.10000000149011612
12.816,1.0,9.862588264213668,0.10000000149011612
12.872,1.0,9.780282946220703,0.10000000149011612
12.918,1.0,9.69787717356036,0.10000000149011612
12.965,1.0,9.78011357144763,0.10000000149011612
13.014,1.0,9.862766474713053,0.10000000149011612
13.072,1.0,9.917605199292302,0.10000000149011612
13.12,1.0,9.86282092920608,0.10000000149011612
13.173,1.0,9.862721323118441,0.10000000149011612
13.219,1.0,9.780231091856129,0.10000000149011612
13.284,1.0,9.835200412343774,0.10000000149011612
13.32,1.0,9.780419176837636,0.10000000149011612
13.37,1.0,9.862683967914846,0.10000000149011612
13.422,1.0,9.83518421318796,0.10000000149011612
13.473,1.0,9.917500000012417,0.10000000149011612
13.524000000000001,1.0,9.91755725176384,0.10000000149011612
13.573,1.0,9.86268547338744,0.10000000149011612
13.623,1.0,9.752916038222612,0.10000000149011612
13.679,1.0,9.752893542125822,0.10000000149011612
13.724,1.0,9.752700583926506,0.10000000149011612
13.772,1.0,9.835209188672403,0.10000000149011612
13.824,1.0,9.91775010942171,0.10000000149011612
13.873,1.0,9.807931445849439,0.10000000149011612
13.933,1.0,9.752650367282332,0.10000000149011612
13.974,1.0,9.807636264711618,0.10000000149011612
14.028,1.0,9.642891114225819,0.10000000149011612
14.076,1.0,9.807691667166848,0.10000000149011612
14.126,1.0,9.725351178397736,0.10000000149011612
14.181,1.0,9.862802497628662,0.10000000149011612
14.227,1.0,9.862790197113322,0.10000000149011612
14.279,1.0,9.752956245073841,0.10000000149011612
14.326,1.0,9.862588614390956,0.10000000149011612
14.38,1.0,9.80770502196004,0.10000000149011612
14.426,1.0,9.835111691347427,0.10000000149011612
14.486,1.0,9.835498671357831,0.10808680951595306
14.526,1.0,9.835352321362329,0.10000000149011612
14.578,1.0,9.752755519437294,0.10000000149011612
14.625,1.0,9.80769201916539,0.10000000149011612
14.676,1.0,9.7253685142431,0.10000000149011612
14.729,1.0,9.94511428465032,0.10000000149011612
14.777,1.0,9.890164881799784,0.10000000149011612
14.826,1.0,9.807690293673012,0.10000000149011612
14.879,1.0,9.807712983712554,0.10000000149011612
14.926,1.0,9.752825750824478,0.10000000149011612
14.977,1.0,9.807726651657786,0.10000000149011612
15.04,1.0,9.80769334172623,0.10000000149011612
15.079,1.0,9.807510836112003,0.10000000149011612
15.128,1.0,9.835193713257711,0.10000000149011612
15.181,1.0,9.752791673710776,0.10000000149011612
15.23,1.0,9.89004469404204,0.10000000149011612
15.28,1.0,9.697901127487421,0.10000000149011612
15.33,1.0,9.780200210420622,0.10000000149011612
15.378,1.0,9.890031023696064,0.10000000149011612
15.428,1.0,9.780413752794265,0.10000000149011612
15.478,1.0,9.91758195542627,0.10000000149011612
15.528,1.0,9.808059510029853,0.11153244972229004
15.577,1.0,9.807731007474164,0.10000000149011612
15.628,1.0,9.615102358245187,0.10000000149011612
15.679,1.0,9.725131981095506,0.10000000149011612
15.735,1.0,9.697887120892604,0.10000000149011612
15.788,1.0,9.862700980984503,0.10000000149011612
15.841,1.0,9.698035198574265,0.10000000149011612
15.887,1.0,9.807699099907445,0.10000000149011612
15.937,1.0,9.917912750691176,0.14927740395069122
15.988,1.0,9.835269248630437,0.10000000149011612
16.04,1.0,9.890102842574318,0.10000000149011612
16.088,1.0,9.642962941568758,0.10000000149011612
16.137,1.0,9.945000000008278,0.10000000149011612
16.189,1.0,9.835264048994416,0.10000000149011612
16.24,1.0,9.725437063102921,0.10000000149011612
16.29,1.0,9.780131119841503,0.10000000149011612
16.342,1.0,9.835310685945053,0.10000000149011612
16.389,1.0,9.8352454363058,0.10000000149011612
16.444,1.0,9.835161545148326,0.10000000149011612
16.494,1.0,9.8628052589794,0.10000000149011612
16.547,1.0,9.697867917538517,0.10000000149011612
16.6,1.0,9.752763110895952,0.10000000149011612
16.662,1.0,9.807695213043027,0.10000000149011612
16.696,1.0,9.862644134047958,0.10000000149011612
16.747,1.0,9.725311221823924,0.10000000149011612
16.806,1.0,9.86266229312039,0.10000000149011612
16.854,1.0,9.697927082019548,0.10000000149011612
16.909,1.0,9.807939064771764,0.10000000149011612
16.953,1.0,9.808002226261628,0.10000000149011612
17.006,1.0,9.890138671857615,0.10000000149011612
17.064,1.0,9.807564180075294,0.10000000149011612
17.107,1.0,9.752647556364536,0.10000000149011612
17.161,1.0,9.917644420576591,0.10000000149011612
17.206,1.0,9.862707362965578,0.10000000149011612
17.256,1.0,9.807570295366975,0.10000000149011612
17.309,1.0,9.807558399252594,0.10000000149011612
17.356,1.0,9.89025479954564,0.11459536850452423
17.41,1.0,9.752717442044782,0.10000000149011612
17.456,1.0,9.807865144912567,0.10000000149011612
17.51,1.0,9.615502584601442,0.10000000149011612
17.56,1.0,9.72543911954595,0.10000000149011612
17.611,1.0,9.807581824581657,0.10000000149011612
17.66,1.0,9.862520073788861,0.10000000149011612
17.718,1.0,9.890085150736073,0.10000000149011612
17.759,1.0,9.752713843683402,0.10000000149011612
17.812,1.0,9.917746745608747,0.11573056131601334
17.86,1.0,9.835257087420258,0.10000000149011612
17.909,1.0,9.725403798992435,0.10000000149011612
17.959,1.0,9.835173409307997,0.10000000149011612
18.009,1.0,9.890248847980466,0.10000000149011612
18.066,1.0,9.890097740809951,0.10000000149011612
18.109,1.0,9.780305700521502,0.10000000149011612
18.16,1.0,9.807601104966468,0.10000000149011612
18.214,1.0,9.78037066138867,0.10000000149011612
18.26,1.0,9.917628112166293,0.10000000149011612
18.314,1.0,9.862571937135524,0.10000000149011612
18.363,1.0,9.780274815091657,0.10000000149011612
18.414,1.0,9.890114249972006,0.10000000149011612
18.466,1.0,9.917557934195631,0.10000000149011612
18.513,1.0,9.78051360261937,0.10000000149011612
18.575,1.0,9.8627276889152,0.10000000149011612
18.614,1.0,9.725451642564602,0.10000000149011612
18.671,1.0,9.807875217869878,0.10000000149011612
18.717,1.0,9.862500000020695,0.10000000149011612
18.773,1.0,9.835339504273401,0.10000000149011612
18.824,1.0,9.835187357746893,0.10000000149011612
18.871,1.0,9.862801285336415,0.10000000149011612
18.923000000000002,1.0,9.61553094699565,0.10000000149011612
18.975,1.0,9.83508382414778,0.10000000149011612
19.023,1.0,9.807570842943258,0.10000000149011612
19.071,1.0,9.890085277188984,0.10000000149011612
19.121,1.0,9.78018728196621,0.10000000149011612
19.181,1.0,9.780194717438684,0.10000000149011612
19.228,1.0,9.862633967420294,0.10000000149011612
19.283,1.0,9.807631683391001,0.10000000149011612
19.327,1.0,9.972600377351046,0.13613584637641907
19.38,1.0,9.642889277326564,0.10000000149011612
19.428,1.0,9.80775085747656,0.10000000149011612
19.479,1.0,9.780300185643137,0.10000000149011612
19.528,1.0,9.862559732505018,0.10000000149011612
19.589,1.0,9.86287459300624,0.10000000149011612
19.629,1.0,9.752747980153394,0.10000000149011612
19.681,1.0,9.670448670908808,0.10000000149011612
19.729,1.0,9.752604021608002,0.10000000149011612
19.779,1.0,9.862594000953766,0.10000000149011612
19.83,1.0,9.780423428490758,0.10000000149011612
19.88,1.0,9.807796078258091,0.10000000149011612
19.937,1.0,9.807804040652183,0.10000000149011612
19.98,1.0,9.752644678350125,0.10000000149011612
20.031,1.0,9.752575169669257,0.10000000149011612
20.082,1.0,9.945067735057737,0.10000000149011612
20.131,1.0,9.890218354989257,0.10000000149011612
20.193,1.0,9.835172680703302,0.10000000149011612
20.24,1.0,9.86267943918291,0.10000000149011612
20.295,1.0,9.835320042984353,0.10000000149011612
20.341,1.0,9.8077490814858,0.10000000149011612
20.39,1.0,9.862535283052258,0.10000000149011612
20.441,1.0,9.83522344947689,0.10000000149011612
20.491,1.0,9.890016255610519,0.10000000149011612
20.54,1.0,9.75296514046689,0.10000000149011612
20.59,1.0,9.7255750766024,0.10000000149011612
20.642,1.0,9.862826873589722,0.10333603620529175
20.692,1.0,9.835258435250985,0.10000000149011612
20.743,1.0,9.86272507365793,0.10000000149011612
20.79,1.0,9.752787276336717,0.10000000149011612
20.841,1.0,9.670542753901746,0.10000000149011612
20.891,1.0,9.807613144028519,0.10000000149011612
20.942,1.0,9.862628882999221,0.10000000149011612
20.992,1.0,9.725291607777278,0.10000000149011612
21.04,1.0,9.890004074200988,0.10000000149011612
21.088,1.0,9.862731481446987,0.10000000149011612
21.146,1.0,9.945115201775398,0.10000000149011612
21.195,1.0,9.752769289972882,0.10000000149011612
21.242,1.0,9.862577586558958,0.10000000149011612
21.296,1.0,9.780425495281815,0.10000000149011612
21.342,1.0,9.917500000012417,0.10000000149011612
21.394,1.0,9.835337858088314,0.10000000149011612
21.447,1.0,9.780011880273621,0.10000000149011612
21.491,1.0,9.80775083075795,0.10000000149011612
21.542,1.0,9.80774531699717,0.10000000149011612
21.599,1.0,9.807733409831094,0.10000000149011612
21.646,1.0,9.835149832504491,0.10000000149011612
21.697,1.0,9.835248711932865,0.10000000149011612
21.745,1.0,9.80777254274322,0.10000000149011612
21.805,1.0,9.835347904699544,0.10000000149011612
21.852,1.0,9.807500000028975,0.10000000149011612
21.902,1.0,9.86274127929161,0.10000000149011612
21.953,1.0,9.753237792394227,0.10000000149011612
22.002,1.0,9.752809456239143,0.10000000149011612
22.055,1.0,9.72539666423367,0.10000000149011612
22.106,1.0,9.78044039900932,0.10000000149011612
22.155,1.0,9.807758075102337,0.10000000149011612
22.204,1.0,9.807866658435927,0.10000000149011612
22.256,1.0,9.780364948780173,0.10000000149011612
22.307,1.0,9.835158920971056,0.10000000149011612
22.356,1.0,9.75283434778038,0.10000000149011612
22.405,1.0,9.835230079727868,0.10000000149011612
22.461,1.0,9.835257703438401,0.10000000149011612
22.51,1.0,9.807735723029408,0.10000000149011612
22.56,1.0,9.780223925949798,0.10000000149011612
22.608,1.0,9.917600375662248,0.10000000149011612
22.661,1.0,9.807667676773336,0.10000000149011612
22.709,1.0,9.86304012282441,0.11342006176710129
22.759,1.0,9.72542707077745,0.10000000149011612
22.807,1.0,9.780412204542921,0.10000000149011612
22.86,1.0,9.670510311217772,0.10000000149011612
22.913,1.0,9.835114582731492,0.10000000149011612
22.962,1.0,9.835057030390534,0.10000000149011612
23.011,1.0,9.698077800331845,0.10000000149011612
23.06,1.0,9.83517958149314,0.10000000149011612
23.115,1.0,9.862675145102871,0.10000000149011612
23.163,1.0,9.64288886760672,0.10000000149011612
23.214,1.0,9.780216654928195,0.10000000149011612
23.271,1.0,9.725321207899187,0.10000000149011612
23.313,1.0,9.890110136361585,0.10000000149011612
23.363,1.0,9.752788293672104,0.10000000149011612
23.413,1.0,9.753037002310156,0.10000000149011612
23.469,1.0,9.835198497089246,0.10000000149011612
23.523,1.0,9.725369105488062,0.10000000149011612
23.567,1.0,9.670539739893542,0.10000000149011612
23.619,1.0,9.890122343413532,0.10000000149011612
23.676,1.0,9.917641374613677,0.10000000149011612
23.718,1.0,9.890000000016556,0.10000000149011612
23.77,1.0,9.835202359077003,0.10000000149011612
23.821,1.0,9.64286348277496,0.10000000149011612
23.876,1.0,9.835293128382828,0.10000000149011612
23.922,1.0,9.86269384889553,0.10000000149011612
23.97,1.0,9.642900117631587,0.10000000149011612
24.022,1.0,9.725490096273521,0.10000000149011612
24.07,1.0,9.807710267582701,0.10000000149011612
24.12,1.0,9.53317193635222,0.10000000149011612
24.168,1.0,9.835151961776946,0.10000000149011612
24.222,1.0,9.862737203492886,0.10000000149011612
24.27,1.0,9.697828901828164,0.10000000149011612
24.319,1.0,9.890065284073353,0.10000000149011612
24.372,1.0,9.697694124240014,0.10000000149011612
24.417,1.0,9.807547950806716,0.10000000149011612
24.47,1.0,9.807776578743425,0.10000000149011612
24.52,1.0,9.862695880379114,0.10000000149011612
24.581,1.0,9.72525957117064,0.10000000149011612
24.62,1.0,9.890189441624615,0.10445229709148407
24.681,1.0,9.807643003306454,0.10000000149011612
24.722,1.0,9.7253807105124,0.10000000149011612
24.773,1.0,9.780316371719042,0.10000000149011612
24.828,1.0,9.752903408412305,0.10000000149011612
24.871,1.0,9.835343436731232,0.10000000149011612
24.922,1.0,9.670597969119747,0.10000000149011612
24.97,1.0,9.890224461712771,0.10000000149011612
25.022,1.0,9.862639868342214,0.10000000149011612
25.073,1.0,9.890165143087506,0.10000000149011612
25.122,1.0,9.835208968694012,0.10000000149011612
25.174,1.0,9.670726719602115,0.10000000149011612
25.222,1.0,9.835122949940462,0.10000000149011612
25.272,1.0,9.725429216358396,0.10000000149011612
25.322,1.0,9.697966938217482,0.10000000149011612
25.381,1.0,9.807795317305459,0.10000000149011612
25.423,1.0,9.780175314926439,0.10000000149011612
25.472,1.0,9.862740124824146,0.10000000149011612
25.527,1.0,9.862839172056152,0.10000000149011612
25.575,1.0,9.80759712819838,0.10000000149011612
25.626,1.0,9.780254424756599,0.10000000149011612
25.678,1.0,9.862617272076507,0.10000000149011612
25.726,1.0,9.642690478016933,0.10000000149011612
25.776,1.0,9.807612723546724,0.10000000149011612
25.825,1.0,9.725515284782482,0.10000000149011612
25.887,1.0,9.780123983158006,0.10000000149011612
25.925,1.0,9.917500000012417,0.10000000149011612
25.975,1.0,9.780380077639387,0.10000000149011612
26.03,1.0,9.642839486545158,0.10000000149011612
26.078,1.0,9.890236568554409,0.10861217975616455
26.127,1.0,9.835315803852346,0.10000000149011612
26.173,1.0,9.807632574045824,0.10000000149011612
26.226,1.0,9.80778839573678,0.10000000149011612
26.283,1.0,9.862557535577151,0.10000000149011612
26.333,1.0,9.807724452225699,0.10000000149011612
26.374,1.0,9.6979173772244,0.10000000149011612
26.424,1.0,9.835351965866154,0.10000000149011612
26.476,1.0,9.835122845425374,0.10000000149011612
26.529,1.0,9.807765012938116,0.10000000149011612
26.576,1.0,9.835285067165064,0.10000000149011612
26.633,1.0,9.752879429091182,0.10000000149011612
26.68,1.0,9.780556308167677,0.10000000149011612
26.732,1.0,9.80789836804486,0.10000000149011612
26.782,1.0,9.780400130752888,0.10000000149011612
26.834,1.0,9.7530482823857,0.10000000149011612
26.885,1.0,9.862847655763229,0.10000000149011612
26.929,1.0,9.862776774933769,0.10000000149011612
26.981,1.0,9.615389769234591,0.10000000149011612
27.03,1.0,9.80763065132002,0.10000000149011612
27.08,1.0,9.80783117670152,0.10000000149011612
27.132,1.0,9.80755958058354,0.10000000149011612
27.18,1.0,9.890000000016556,0.10000000149011612
27.231,1.0,9.752869783300493,0.10000000149011612
27.285,1.0,9.890032355590828,0.10000000149011612
27.336,1.0,9.890136365944313,0.10000000149011612
27.385,1.0,9.725359749649133,0.10000000149011612
27.443,1.0,9.80776802237249,0.10000000149011612
27.485,1.0,9.97257599917551,0.12735970318317413
27.547,1.0,9.945030955452886,0.10000000149011612
27.585,1.0,9.807685048278007,0.10000000149011612
27.636,1.0,9.807907828812798,0.10000000149011612
27.692,1.0,9.835158273308641,0.10000000149011612
27.737,1.0,9.8076508851101,0.10000000149011612
27.785,1.0,9.752701355806655,0.10000000149011612
27.842,1.0,9.835138651169837,0.10000000149011612
27.886,1.0,9.917590183185206,0.10000000149011612
27.937,1.0,9.862754132598639,0.10000000149011612
27.986,1.0,9.752561995014549,0.10000000149011612
28.035,1.0,9.835349144269195,0.10000000149011612
28.087,1.0,9.752779774595465,0.10000000149011612
28.134,1.0,9.752658559402658,0.10000000149011612
28.189,1.0,9.807690788350172,0.10000000149011612
28.24,1.0,9.890188700250453,0.10000000149011612
28.296,1.0,9.862779068325956,0.10000000149011612
28.34,1.0,9.752711019230386,0.10000000149011612
28.391,1.0,9.807687820908097,0.10000000149011612
28.44,1.0,9.890078088558383,0.10000000149011612
28.492,1.0,9.697603936224349,0.10000000149011612
28.555,1.0,9.835051867158876,0.10000000149011612
28.595,1.0,9.835070130084123,0.10000000149011612
28.642,1.0,9.835126811017593,0.10000000149011612
28.694,1.0,9.807737587599291,0.10000000149011612
28.743,1.0,9.807812389959064,0.10000000149011612
28.793,1.0,9.917699605329997,0.10000000149011612
28.848,1.0,9.945157518796623,0.11343801766633987
28.893,1.0,9.807617754965193,0.10000000149011612
28.942,1.0,9.835118320273857,0.10000000149011612
28.993,1.0,9.835119205692576,0.10000000149011612
29.047,1.0,9.807745557443964,0.10000000149011612
29.095,1.0,9.890153481935462,0.10000000149011612
29.15,1.0,9.862635617454847,0.10000000149011612
29.198,1.0,9.807596508041025,0.10000000149011612
29.246,1.0,9.835171451150543,0.10000000149011612
29.296,1.0,9.75265052564856,0.10000000149011612
29.355,1.0,9.862699269441267,0.10000000149011612
29.404,1.0,9.72540884686427,0.10000000149011612
29.453,1.0,9.807829922396277,0.10000000149011612
29.502,1.0,9.7804154045052,0.10000000149011612
29.559,1.0,9.780385869575872,0.10000000149011612
29.602,1.0,9.780224835727777,0.10000000149011612
29.654,1.0,9.835273459553719,0.10000000149011612
29.701999999999998,1.0,9.697911435758902,0.10000000149011612
29.751,1.0,9.780482529000276,0.10000000149011612
29.797,1.0,9.780246665846143,0.10000000149011612
29.853,1.0,9.780497369004621,0.10000000149011612
29.902,1.0,9.780211572535336,0.10000000149011612
29.951999999999998,1.0,9.807600245169468,0.10000000149011612
30.001,1.0,9.890084420351519,0.10000000149011612
30.054,1.0,9.670278088479407,0.10000000149011612
30.104,1.0,9.945019483876726,0.1027817577123642
30.156,1.0,9.94507330407699,0.10788087546825409
30.202,1.0,9.890412592970662,0.13377124071121216
30.256,1.0,9.862777916010883,0.10000000149011612
30.311,1.0,9.835179598029288,0.10000000149011612
30.352,1.0,9.753057948831055,0.10000000149011612
30.404,1.0,9.697895068282055,0.10000000149011612
30.454,1.0,9.78032388643672,0.10000000149011612
30.503,1.0,9.862680998051331,0.10000000149011612
30.555,1.0,9.807662740391162,0.10000000149011612
30.616,1.0,9.807754018799299,0.10000000149011612
30.657,1.0,9.80775931177454,0.10000000149011612
30.703,1.0,9.862500000020695,0.10000000149011612
30.76,1.0,9.807951893305614,0.10000000149011612
30.805,1.0,9.752809559367597,0.10000000149011612
30.854,1.0,9.698002101274,0.10000000149011612
30.908,1.0,9.780226292626725,0.10000000149011612
30.954,1.0,9.780297241070205,0.10000000149011612
31.004,1.0,9.835152049921453,0.10000000149011612
31.058,1.0,9.945092164414625,0.10000000149011612
31.109,1.0,9.780042207303147,0.10000000149011612
31.155,1.0,9.780133415530953,0.10000000149011612
31.207,1.0,9.835221955242256,0.10000000149011612
31.258,1.0,9.725281477988593,0.10000000149011612
31.306,1.0,9.780155613770088,0.10000000149011612
31.355,1.0,9.725138885093232,0.10000000149011612
31.404,1.0,9.807700264929897,0.10000000149011612
31.456,1.0,9.780470758386784,0.10000000149011612
31.505,1.0,9.752811099216341,0.10000000149011612
31.555,1.0,9.72528292135232,0.10000000149011612
31.61,1.0,9.725560582367082,0.10000000149011612
31.664,1.0,9.697979688727193,0.10000000149011612
31.71,1.0,9.80771112665534,0.10000000149011612
31.762,1.0,9.780371274095442,0.10000000149011612
31.828,1.0,9.642630857187841,0.10000000149011612
31.864,1.0,9.835322126063208,0.10000000149011612
31.921,1.0,9.78009714566999,0.10000000149011612
31.963,1.0,9.725468493439257,0.10000000149011612
32.015,1.0,9.807628625776205,0.10000000149011612
32.064,1.0,9.835263153020707,0.10000000149011612
32.116,1.0,9.807705437019468,0.10000000149011612
32.168,1.0,9.780144467763602,0.10000000149011612
32.217,1.0,9.642798789507813,0.10000000149011612
32.272,1.0,9.835085574868653,0.10000000149011612
32.315,1.0,9.642913353277578,0.10000000149011612
32.364,1.0,9.752860393540727,0.10000000149011612
32.415,1.0,9.752810823565556,0.10000000149011612
32.465,1.0,9.835000000024836,0.10000000149011612
32.515,1.0,9.862684767237967,0.10000000149011612
32.57,1.0,9.917761945890057,0.12336668372154236
32.624,1.0,9.7527059627076,0.10000000149011612
32.669,1.0,9.807754170046085,0.10000000149011612
32.719,1.0,9.753028886620369,0.10000000149011612
32.769,1.0,9.78012265474018,0.10000000149011612
32.819,1.0,9.752825545871424,0.10000000149011612
32.873,1.0,9.78057492478854,0.10000000149011612
32.925,1.0,9.725379936831693,0.10000000149011612
32.975,1.0,9.753016174770892,0.10000000149011612
33.032,1.0,9.807559864181611,0.10000000149011612
33.075,1.0,9.807571221453449,0.10000000149011612
33.124,1.0,9.890000000016556,0.10000000149011612
33.173,1.0,9.835255300605462,0.10000000149011612
33.224,1.0,9.807772742605044,0.10000000149011612
33.274,1.0,9.752767159748409,0.10000000149011612
33.324,1.0,9.83521339967847,0.10000000149011612
33.375,1.0,9.835524263812436,0.11636349558830261
33.425,1.0,9.752798234547178,0.10000000149011612
33.481,1.0,9.890058501458002,0.10000000149011612
33.526,1.0,9.533303323636453,0.10000000149011612
33.575,1.0,9.807708619700538,0.10000000149011612
33.629,1.0,9.642836816505426,0.10000000149011612
33.68,1.0,9.78045096486393,0.10000000149011612
33.73,1.0,9.83513724948797,0.10000000149011612
33.776,1.0,9.807693578075204,0.10000000149011612
33.829,1.0,9.697740810633533,0.10000000149011612
33.886,1.0,9.780237130841448,0.10000000149011612
33.931,1.0,9.862504068451623,0.10000000149011612
33.992,1.0,9.917504904874496,0.10000000149011612
34.029,1.0,9.752874334280689,0.10000000149011612
34.081,1.0,9.752692229404218,0.10000000149011612
34.128,1.0,9.807503660168084,0.10000000149011612
34.179,1.0,9.862553915691873,0.10000000149011612
34.229,1.0,9.67062423835612,0.10000000149011612
34.28,1.0,9.835133222304284,0.10000000149011612
34.333,1.0,9.835301559190784,0.10000000149011612
34.379,1.0,9.807885414693091,0.10000000149011612
34.431,1.0,9.835420786713561,0.10000000149011612
34.48,1.0,9.780256751179696,0.10000000149011612
34.534,1.0,9.890175016182992,0.10680253803730011
34.58,1.0,9.725367915464773,0.10000000149011612
34.631,1.0,9.89008274535752,0.10000000149011612
34.679,1.0,9.835142497263021,0.10000000149011612
34.733,1.0,9.752784876194266,0.10000000149011612
34.781,1.0,9.862797151361075,0.10000000149011612
34.829,1.0,9.94509248499655,0.10571674257516861
34.883,1.0,9.725346269955237,0.10000000149011612
34.928,1.0,9.780257515712744,0.10000000149011612
34.978,1.0,9.890083281757931,0.10000000149011612
35.028,1.0,9.752897491306067,0.10000000149011612
35.079,1.0,9.75284297277944,0.10000000149011612
35.13,1.0,9.917505350439912,0.10000000149011612
35.178,1.0,9.807614612020553,0.10000000149011612
35.229,1.0,9.862820659702022,0.10000000149011612
35.279,1.0,9.75305901972784,0.10000000149011612
35.33,1.0,9.835215442337924,0.10000000149011612
35.379,1.0,9.835223072725865,0.10000000149011612
35.429,1.0,9.78027044714739,0.10000000149011612
35.482,1.0,9.752889609274765,0.10000000149011612
35.529,1.0,9.835368619155552,0.10000000149011612
35.579,1.0,9.862742452344133,0.10000000149011612
35.628,1.0,9.807862772378657,0.10000000149011612
35.679,1.0,9.835288478061557,0.10000000149011612
35.728,1.0,9.807890992632343,0.10000000149011612
35.779,1.0,9.83546479002883,0.10000000149011612
35.83,1.0,9.780125712996556,0.10000000149011612
35.879,1.0,9.560624019532568,0.10000000149011612
35.933,1.0,9.752573994195295,0.10000000149011612
35.985,1.0,9.807855855507983,0.10000000149011612
36.029,1.0,9.780390538999605,0.10000000149011612
36.079,1.0,9.835000000024836,0.10000000149011612
36.136,1.0,9.835413166632256,0.10000000149011612
36.179,1.0,9.7803771811227,0.10000000149011612
36.229,1.0,9.862580578443076,0.10000000149011612
36.286,1.0,9.807688954617415,0.10000000149011612
36.329,1.0,9.807881889988979,0.10000000149011612
36.379,1.0,9.86276598278847,0.10000000149011612
36.429,1.0,9.697851500825749,0.10000000149011612
36.487,1.0,9.890108745131228,0.10000000149011612
36.529,1.0,9.835025471055673,0.10000000149011612
36.579,1.0,9.862609683059985,0.10000000149011612
36.632,1.0,9.752803773081137,0.10000000149011612
36.68,1.0,9.835288314831754,0.10000000149011612
36.737,1.0,9.807815841750966,0.10000000149011612
36.784,1.0,9.83528374189304,0.10000000149011612
36.844,1.0,9.807821448167992,0.10000000149011612
36.899,1.0,9.670527741085325,0.10000000149011612
36.941,1.0,9.835170191009011,0.10000000149011612
36.99,1.0,9.862618781998753,0.10000000149011612
37.045,1.0,9.8353472488001,0.10000000149011612
37.094,1.0,9.83519168133951,0.10000000149011612
37.139,1.0,9.807749458257522,0.10000000149011612
37.19,1.0,9.807984763839178,0.10000000149011612
37.243,1.0,9.807688712349368,0.10000000149011612
37.294,1.0,9.725592789695495,0.10000000149011612
37.345,1.0,9.917621316553818,0.10000000149011612
37.397,1.0,9.890279346207778,0.10165613144636154
37.442,1.0,9.75274164037158,0.10000000149011612
37.491,1.0,9.94505750992232,0.10000000149011612
37.546,1.0,9.807732216868963,0.10000000149011612
37.594,1.0,9.83519866011209,0.10000000149011612
37.644,1.0,9.80794749117146,0.10000000149011612
37.694,1.0,9.725343057596021,0.10000000149011612
37.747,1.0,9.80761916252474,0.10000000149011612
37.793,1.0,9.72522755962693,0.10000000149011612
37.844,1.0,9.7801832984719,0.10000000149011612
37.897,1.0,9.670580439890424,0.10000000149011612
37.943,1.0,9.643074516496725,0.10000000149011612
37.994,1.0,9.917540981558462,0.10000000149011612
38.048,1.0,9.835204638706314,0.10000000149011612
38.097,1.0,9.835137346718046,0.10000000149011612
38.145,1.0,9.780413228873577,0.10000000149011612
38.195,1.0,9.780301766573555,0.10000000149011612
38.25,1.0,9.752804916455514,0.10000000149011612
38.295,1.0,9.862500000020695,0.10000000149011612
38.344,1.0,9.725293177759482,0.10000000149011612
38.395,1.0,9.862733473483887,0.10000000149011612
38.448,1.0,9.642900746915902,0.10000000149011612
38.497,1.0,9.752689627661473,0.10000000149011612
38.548,1.0,9.80793135114428,0.10000000149011612
38.597,1.0,9.890339410574072,0.10000000149011612
38.649,1.0,9.78014348625309,0.10000000149011612
38.696,1.0,9.752834217726356,0.10000000149011612
38.75,1.0,9.890000000016556,0.10000000149011612
38.798,1.0,9.862730144854222,0.10000000149011612
38.853,1.0,9.807813675970667,0.10000000149011612
38.9,1.0,9.835178320420285,0.10000000149011612
38.947,1.0,9.890000000016556,0.10000000149011612
38.998,1.0,9.807724401789407,0.10000000149011612
39.048,1.0,9.80785607892192,0.10000000149011612
39.099,1.0,9.725563811490105,0.10000000149011612
39.148,1.0,9.807814457660747,0.10000000149011612
39.203,1.0,9.697932258434594,0.10000000149011612
39.256,1.0,9.80786787437068,0.10000000149011612
39.299,1.0,9.89018357536859,0.10000000149011612
39.352,1.0,9.670226304564212,0.10000000149011612
39.398,1.0,9.945079881511628,0.10000000149011612
39.449,1.0,9.698125297493405,0.10000000149011612
39.498,1.0,9.643126217379338,0.10000000149011612
39.549,1.0,9.807729836408463,0.10000000149011612
39.599,1.0,9.89015444819298,0.10000000149011612
39.661,1.0,9.917606861682401,0.10000000149011612
39.701,1.0,9.7527886075899,0.10000000149011612
39.754,1.0,9.835215434804558,0.10000000149011612
39.802,1.0,9.862699914061361,0.10000000149011612
39.853,1.0,9.7528022300452,0.10000000149011612
39.901,1.0,9.807721203834646,0.10000000149011612
39.957,1.0,9.83515458251867,0.10000000149011612
40.005,1.0,9.807734132827155,0.10000000149011612
40.055,1.0,9.862565839352706,0.10000000149011612
40.111,1.0,9.807788891697095,0.10000000149011612
40.156,1.0,9.78003614211662,0.10000000149011612
40.208,1.0,9.862715220016737,0.10000000149011612
40.262,1.0,9.780084424714248,0.10000000149011612
40.306,1.0,9.78022947617703,0.10000000149011612
40.356,1.0,9.890133261080418,0.10000000149011612
40.406,1.0,9.670375835854147,0.10000000149011612
40.457,1.0,9.780056757893828,0.10000000149011612
40.514,1.0,9.89020893095682,0.10000000149011612
40.555,1.0,9.835360452532768,0.10000000149011612
40.606,1.0,9.725349647572472,0.10000000149011612
40.657,1.0,9.890159733552071,0.10000000149011612
40.708,1.0,9.725448885497947,0.10000000149011612
40.758,1.0,9.78031259636498,0.10000000149011612
40.807,1.0,9.835294264265233,0.10000000149011612
40.856,1.0,9.75322336314453,0.10000000149011612
40.905,1.0,9.808048274347351,0.10000000149011612
40.959,1.0,9.807662198237248,0.10000000149011612
41.008,1.0,9.72516042134828,0.10000000149011612
41.063,1.0,9.807675117192169,0.10000000149011612
41.112,1.0,9.780509772710502,0.10000000149011612
41.162,1.0,9.835329406729175,0.10000000149011612
41.209,1.0,9.807771393097937,0.10000000149011612
41.263,1.0,9.78035704207917,0.10000000149011612
41.313,1.0,9.780170346672337,0.10000000149011612
41.367,1.0,9.75294317824559,0.10000000149011612
41.415,1.0,9.835182440260219,0.10000000149011612
41.466,1.0,9.862503942350546,0.10000000149011612
41.514,1.0,9.86253673988912,0.10000000149011612
41.566,1.0,9.80757859531376,0.10000000149011612
41.617,1.0,9.807736878738636,0.10000000149011612
41.668,1.0,9.780295265134837,0.10000000149011612
41.717,1.0,9.780154781685107,0.10000000149011612
41.767,1.0,9.862634187978175,0.10000000149011612
41.819,1.0,9.83515428830352,0.10000000149011612
41.866,1.0,9.862607828693257,0.10000000149011612
41.916,1.0,9.725496843229566,0.10000000149011612
41.969,1.0,9.835017759559882,0.10000000149011612
42.017,1.0,9.78008025046438,0.10000000149011612
42.087,1.0,9.890000000016556,0.10000000149011612
42.122,1.0,9.752660928770071,0.10000000149011612
42.168,1.0,9.83526725659354,0.10000000149011612
42.221,1.0,9.752795946970583,0.10000000149011612
42.269,1.0,9.890203349478544,0.10233857482671738
42.318,1.0,9.807517366607984,0.10000000149011612
42.369,1.0,9.83514193161908,0.10000000149011612
42.418,1.0,9.752852377274799,0.10000000149011612
42.468,1.0,9.752819845204552,0.10000000149011612
42.52,1.0,9.890208987974459,0.10000000149011612
42.568,1.0,9.862566841414406,0.10000000149011612
42.625,1.0,9.698022490884695,0.10000000149011612
42.671,1.0,9.862652228379416,0.10000000149011612
42.72,1.0,9.83532258535011,0.10000000149011612
42.768,1.0,9.807682566944923,0.10000000149011612
42.819,1.0,9.752876751186948,0.10000000149011612
42.868,1.0,9.67040052552604,0.10000000149011612
42.924,1.0,9.835534026556545,0.10000000149011612
42.971,1.0,9.780235092983478,0.10000000149011612
43.018,1.0,9.780242129725714,0.10000000149011612
43.068,1.0,9.78060063591434,0.10000000149011612
43.13,1.0,9.890000000016556,0.10000000149011612
43.168,1.0,9.780217370183932,0.10000000149011612
43.219,1.0,9.752846595086158,0.10000000149011612
43.268,1.0,9.862840482530494,0.10786464065313339
43.318,1.0,9.752620473917988,0.10000000149011612
43.369,1.0,9.807739257315795,0.10000000149011612
43.43,1.0,9.91764251442833,0.10000000149011612
43.483,1.0,9.752882388316923,0.10000000149011612
43.524,1.0,9.862660774257447,0.10000000149011612
43.573,1.0,9.78027651131981,0.10000000149011612
43.626,1.0,9.917547222599387,0.10000000149011612
43.672,1.0,9.752811021357775,0.10000000149011612
43.729,1.0,9.890193317168288,0.10000000149011612
43.78,1.0,9.807747899057965,0.10000000149011612
43.828,1.0,9.643339140816694,0.10000000149011612
43.887,1.0,9.725216112472117,0.10000000149011612
43.927,1.0,9.890251405806177,0.10000000149011612
43.977,1.0,9.643100567368997,0.10000000149011612
44.032,1.0,9.86277801334444,0.10000000149011612
44.077,1.0,9.835329811275006,0.10000000149011612
44.128,1.0,9.807631968148053,0.10000000149011612
44.181,1.0,9.725517244181699,0.10000000149011612
44.226,1.0,9.75274217379176,0.10000000149011612
44.282,1.0,9.752971631992194,0.10000000149011612
44.331,1.0,9.752799262582428,0.10000000149011612
44.382,1.0,9.89037580806762,0.10000000149011612
44.427,1.0,9.807517732534972,0.10000000149011612
44.479,1.0,9.862617255747319,0.10000000149011612
44.536,1.0,9.835220590295892,0.10000000149011612
44.579,1.0,9.835177528257999,0.10000000149011612
44.631,1.0,9.86257503906058,0.10000000149011612
44.674,1.0,9.80755890796168,0.10000000149011612
44.73,1.0,9.835398767640193,0.10000000149011612
44.781,1.0,9.94505786875056,0.10000000149011612
44.836,1.0,9.780583960997562,0.10000000149011612
44.879,1.0,9.835269843021202,0.10000000149011612
44.929,1.0,9.752823096265395,0.10000000149011612
44.98,1.0,9.75261522045152,0.10000000149011612
45.03,1.0,9.780239947678314,0.10000000149011612
45.085,1.0,9.807765146945085,0.10000000149011612
45.128,1.0,9.835114382269483,0.10000000149011612
45.172,1.0,9.91763026010659,0.10000000149011612
45.229,1.0,9.807705128089422,0.10000000149011612
45.281,1.0,9.780180822685361,0.10000000149011612
45.329,1.0,9.780665920674801,0.10000000149011612
45.379,1.0,9.917577975264026,0.10000000149011612
45.43,1.0,9.807831701429354,0.10000000149011612
45.48,1.0,9.697768570379251,0.10000000149011612
45.528,1.0,9.725465288468532,0.10000000149011612
45.585,1.0,9.835068943641252,0.10000000149011612
45.631,1.0,9.862641766625973,0.10000000149011612
45.681,1.0,9.697837979118857,0.10000000149011612
45.731,1.0,9.807557110840248,0.10000000149011612
45.779,1.0,9.862687230130865,0.10000000149011612
45.829,1.0,9.807829427843293,0.10000000149011612
45.879,1.0,9.780180483601159,0.10000000149011612
45.934,1.0,9.780312781532606,0.10000000149011612
45.981,1.0,9.835453359886175,0.10000000149011612
46.03,1.0,9.8077012081734,0.10000000149011612
46.079,1.0,9.807808094181949,0.10000000149011612
46.135,1.0,9.807712368915478,0.10000000149011612
46.183,1.0,9.725307113656568,0.10000000149011612
46.229,1.0,9.725476044809653,0.10000000149011612
46.279,1.0,9.807664974344274,0.10000000149011612
46.334,1.0,9.780234827825593,0.10000000149011612
46.378,1.0,9.86265449302478,0.10000000149011612
46.43,1.0,9.917507998976443,0.10000000149011612
46.48,1.0,9.752769862777656,0.10000000149011612
46.537,1.0,9.752950119061602,0.10000000149011612
46.58,1.0,9.780209304475122,0.10000000149011612
46.631,1.0,9.807845494999654,0.10000000149011612
46.684,1.0,9.807506653625104,0.10000000149011612
46.729,1.0,9.72542756057034,0.10000000149011612
46.78,1.0,9.752985213966005,0.10000000149011612
46.83,1.0,9.890127965290514,0.10000000149011612
46.882,1.0,9.835273933969438,0.10315319895744324
46.93,1.0,9.807636861689389,0.10000000149011612
46.981,1.0,9.807582732103764,0.10000000149011612
47.037,1.0,9.862594243946175,0.10000000149011612
47.085,1.0,9.69769609183487,0.10000000149011612
47.131,1.0,9.835263331296543,0.10000000149011612
47.184,1.0,9.917506658513513,0.10000000149011612
47.231,1.0,9.862600237379471,0.10000000149011612
47.282,1.0,9.752572477774487,0.10000000149011612
47.333,1.0,9.80769611319734,0.10000000149011612
47.382,1.0,9.835183330687384,0.10000000149011612
47.432,1.0,9.78020570125017,0.10000000149011612
47.48,1.0,9.80755424524347,0.10000000149011612
47.537,1.0,9.862533361030122,0.10000000149011612
47.585,1.0,9.862852119364673,0.10000000149011612
47.639,1.0,9.80783461259885,0.10000000149011612
47.692,1.0,9.91760148068683,0.10000000149011612
47.751,1.0,9.725622056259049,0.10000000149011612
47.794,1.0,9.890027299502657,0.10000000149011612
47.845,1.0,9.86252783468614,0.10000000149011612
47.891,1.0,9.862630448614558,0.10000000149011612
47.941,1.0,9.890105061336524,0.10000000149011612
47.998,1.0,9.862774678775006,0.10000000149011612
48.042,1.0,9.697903160399033,0.10000000149011612
48.094,1.0,9.697737637762394,0.10000000149011612
48.145,1.0,9.807686423489617,0.10000000149011612
48.194,1.0,9.835000000024836,0.10000000149011612
48.244,1.0,9.917522936190169,0.10000000149011612
48.296,1.0,9.697954162065354,0.10000000149011612
48.344,1.0,9.862781706680027,0.10000000149011612
48.396,1.0,9.835190645398365,0.10000000149011612
48.443,1.0,9.835292142567535,0.10000000149011612
48.494,1.0,9.89019839802964,0.10000000149011612
48.547,1.0,9.807846605343123,0.10000000149011612
48.595,1.0,9.89019742835727,0.10000000149011612
48.655,1.0,9.615643254419167,0.10000000149011612
48.695,1.0,9.862606207715968,0.10000000149011612
48.744,1.0,9.725289133874078,0.10000000149011612
48.794,1.0,9.807630978669557,0.10000000149011612
48.844,1.0,9.890231117978692,0.10000000149011612
48.896,1.0,9.807745412405994,0.10000000149011612
48.945,1.0,9.890127660727336,0.10000000149011612
48.996,1.0,9.752967866717114,0.10000000149011612
49.049,1.0,9.780241370863385,0.10000000149011612
49.094,1.0,9.807809421171745,0.10000000149011612
49.146,1.0,9.642694685028658,0.10000000149011612
49.195,1.0,9.807957430763377,0.10000000149011612
49.247,1.0,9.862668090210192,0.10000000149011612
49.298,1.0,9.890002905349764,0.10000000149011612
49.346,1.0,9.807802832561235,0.10000000149011612
49.396,1.0,9.75258823732535,0.10000000149011612
49.448,1.0,9.780484419771367,0.10000000149011612
49.497,1.0,9.835075464223822,0.10000000149011612
49.546,1.0,9.670435624052253,0.10000000149011612
49.596,1.0,9.72521948441863,0.10000000149011612
49.646,1.0,9.807810357958079,0.10000000149011612
49.696,1.0,9.807810853421689,0.10000000149011612
49.747,1.0,9.835351583982508,0.10000000149011612
49.799,1.0,9.780220254158808,0.10000000149011612
49.846,1.0,9.697774099703464,0.10000000149011612
49.904,1.0,9.86263863792022,0.10000000149011612
49.946,1.0,9.697905268851255,0.10000000149011612
49.999,1.0,9.890116159824862,0.10000000149011612
50.049,1.0,9.807674662520489,0.10000000149011612
50.099,1.0,9.890080395568576,0.10000000149011612
50.154,1.0,9.807798133997453,0.10000000149011612
50.198,1.0,9.725384466722607,0.10000000149011612
50.256,1.0,9.945172962256605,0.13018009066581726
50.302,1.0,9.7252034627729,0.10000000149011612
50.352,1.0,9.807845960847205,0.10000000149011612
50.404,1.0,9.862742014498346,0.10000000149011612
50.451,1.0,9.725149722418024,0.10000000149011612
50.501,1.0,9.917529608785278,0.10000000149011612
50.554,1.0,9.752566295489668,0.10000000149011612
50.602,1.0,9.89020379661686,0.10000000149011612
50.651,1.0,9.835097877991696,0.10000000149011612
50.705,1.0,9.83528628707346,0.10000000149011612
50.75,1.0,9.862600430991087,0.10000000149011612
50.803,1.0,9.752883868747288,0.10000000149011612
50.851,1.0,9.862555572224988,0.10000000149011612
50.902,1.0,9.78040583063331,0.10000000149011612
50.952,1.0,9.862519748881459,0.10000000149011612
51.001,1.0,9.780123426765204,0.10000000149011612
51.055,1.0,9.725221672799025,0.10000000149011612
51.104,1.0,9.89020337694221,0.10000000149011612
51.15,1.0,9.917598310319914,0.10000000149011612
51.202,1.0,9.725506674043006,0.10000000149011612
51.257,1.0,9.807691668905317,0.10000000149011612
51.3,1.0,9.862792638565104,0.10000000149011612
51.355,1.0,9.862928188261058,0.11651614308357239
51.402,1.0,9.917613200719158,0.10000000149011612
51.452,1.0,9.6978621079276,0.10000000149011612
51.503,1.0,9.752939309283263,0.10000000149011612
51.559,1.0,9.7804766703604,0.10000000149011612
51.6,1.0,9.780373363341722,0.10000000149011612
51.655,1.0,9.945000642889903,0.10000000149011612
51.703,1.0,9.753056461446816,0.10000000149011612
51.752,1.0,9.862814420979056,0.10319018363952637
51.804,1.0,9.6978334772711,0.10000000149011612
51.856,1.0,9.890131789135436,0.10000000149011612
51.914,1.0,9.725403828132483,0.10000000149011612
51.959,1.0,9.890146827449401,0.10000000149011612
52.008,1.0,9.89015904729151,0.10000000149011612
52.058,1.0,9.862612904877299,0.10000000149011612
52.113,1.0,9.862747373825146,0.10000000149011612
52.166,1.0,9.835024940077629,0.10000000149011612
52.212,1.0,9.807642386895086,0.10000000149011612
52.262,1.0,9.890052646129496,0.10000000149011612
52.312,1.0,9.862576606393688,0.10000000149011612
52.364,1.0,9.725420955609945,0.10000000149011612
52.416,1.0,9.807765999188026,0.10000000149011612
52.462,1.0,9.807607740826077,0.10000000149011612
52.512,1.0,9.862620362825691,0.10000000149011612
52.562,1.0,9.835161911654804,0.10000000149011612
52.615,1.0,9.862727583427397,0.10000000149011612
52.662,1.0,9.807937601146598,0.10000000149011612
52.715,1.0,9.835265800253385,0.10000000149011612
52.762,1.0,9.80764070176002,0.10000000149011612
52.812,1.0,9.807655140405728,0.10000000149011612
52.862,1.0,9.890038318104214,0.10000000149011612
52.916,1.0,9.725506011810568,0.10000000149011612
52.963,1.0,9.807946213976377,0.10000000149011612
53.018,1.0,9.587983138196998,0.10000000149011612
53.063,1.0,9.890073995312882,0.10000000149011612
53.113,1.0,9.945136859785352,0.10319922119379044
53.174,1.0,9.698052860030698,0.10000000149011612
53.213,1.0,9.83518144790497,0.10000000149011612
53.264,1.0,9.917714315176838,0.10000000149011612
53.314,1.0,9.917583147601949,0.10000000149011612
53.369,1.0,9.83511507951965,0.10000000149011612
53.414,1.0,9.75290424571269,0.10000000149011612
53.464,1.0,9.80797674982912,0.10000000149011612
53.515,1.0,9.72526930289136,0.10000000149011612
53.575,1.0,9.917504715443485,0.10000000149011612
53.615,1.0,9.807955503815577,0.10000000149011612
53.674,1.0,9.862896098093026,0.10000000149011612
53.716,1.0,9.72533604953852,0.10000000149011612
53.764,1.0,9.862588422600593,0.10000000149011612
53.815,1.0,9.752827279787097,0.10000000149011612
53.881,1.0,9.945156837089193,0.109185129404068
53.917,1.0,9.670290375335348,0.10000000149011612
53.97,1.0,9.560553141165938,0.10000000149011612
54.029,1.0,9.725077398349013,0.10000000149011612
54.073,1.0,9.78027433279074,0.10000000149011612
54.123,1.0,9.697781788040366,0.10000000149011612
54.18,1.0,9.890372226532135,0.10000000149011612
54.224,1.0,9.835091660295923,0.10000000149011612
54.276,1.0,9.725411988505059,0.10000000149011612
54.327,1.0,9.807973165603148,0.10000000149011612
54.371,1.0,9.752820727932784,0.10000000149011612
54.421,1.0,9.80771515334232,0.10000000149011612
54.475,1.0,9.64280173730933,0.10000000149011612
54.532,1.0,9.945236658967204,0.14110855758190155
54.58,1.0,9.670455844286415,0.10000000149011612
54.629,1.0,9.725295293393234,0.10000000149011612
54.678,1.0,9.78024589555959,0.10000000149011612
54.728,1.0,9.890238619306022,0.10000000149011612
54.782,1.0,9.807711114920675,0.10000000149011612
54.832,1.0,9.780171147092348,0.10000000149011612
54.882,1.0,9.83528150142067,0.10000000149011612
54.931,1.0,9.670365590643552,0.10000000149011612
54.984,1.0,9.78041207637224,0.10000000149011612
55.032,1.0,9.862629749543137,0.10000000149011612
55.082,1.0,9.835013855290082,0.10000000149011612
55.131,1.0,9.807910225002303,0.10000000149011612
55.185,1.0,9.642925275179246,0.10000000149011612
55.233,1.0,9.78004598317461,0.10000000149011612
55.282,1.0,9.780305714367165,0.10000000149011612
55.334,1.0,9.835298452319371,0.10000000149011612
55.387,1.0,9.78034209019194,0.10000000149011612
55.432,1.0,9.890223046185241,0.10000000149011612
55.485,1.0,9.890138870374196,0.1015598252415657
55.533,1.0,9.917500000012417,0.10000000149011612
55.586,1.0,9.752877886220812,0.10000000149011612
55.646,1.0,9.780315924725599,0.10000000149011612
55.686,1.0,9.80771989369144,0.10000000149011612
55.737,1.0,9.780151162379317,0.10000000149011612
55.784,1.0,9.670418647407658,0.10000000149011612
55.836,1.0,9.917553687095642,0.10000000149011612
55.889,1.0,9.890225155154864,0.10000000149011612
55.933,1.0,9.86274245383425,0.10000000149011612
55.983,1.0,9.8351167862614,0.10000000149011612
56.038,1.0,9.78013788840423,0.10000000149011612
56.086,1.0,9.67025057580322,0.10000000149011612
56.136,1.0,9.780241586971615,0.10000000149011612
56.183,1.0,9.862728723862933,0.10000000149011612
56.24,1.0,9.7801987355368,0.10000000149011612
56.287,1.0,9.752807535541555,0.10000000149011612
56.334,1.0,9.780411585751507,0.10000000149011612
56.383,1.0,9.862771053012047,0.10000000149011612
56.435,1.0,9.835013209055695,0.10000000149011612
56.489,1.0,9.8078510881919,0.10000000149011612
56.535,1.0,9.890106652532186,0.10000000149011612
56.586,1.0,9.835219433593254,0.10000000149011612
56.641,1.0,9.75265604863978,0.10000000149011612
56.689,1.0,9.72528603422559,0.10000000149011612
56.739,1.0,9.725146411566271,0.10000000149011612
56.789,1.0,9.725443779552977,0.10000000149011612
56.846,1.0,9.780293817445635,0.10000000149011612
56.892,1.0,9.615582905585567,0.10000000149011612
56.943,1.0,9.835269663338032,0.10000000149011612
56.992,1.0,9.780395398102701,0.10000000149011612
57.043,1.0,9.89026391622093,0.10000000149011612
57.092,1.0,9.697846067241496,0.10000000149011612
57.142,1.0,9.807836180014743,0.10000000149011612
57.196,1.0,9.945177823822531,0.11793910712003708
57.249,1.0,9.670377225180466,0.10000000149011612
57.296,1.0,9.725344813346036,0.10000000149011612
57.354,1.0,9.807792058255938,0.10000000149011612
57.395,1.0,9.753132257258727,0.10000000149011612
57.453,1.0,9.7803002042075,0.10000000149011612
57.497,1.0,9.807770384972294,0.10000000149011612
57.547,1.0,9.890065450262693,0.10000000149011612
57.599,1.0,9.61533660011159,0.10000000149011612
57.648,1.0,9.807930932525132,0.10000000149011612
57.698,1.0,9.807686778240734,0.10000000149011612
57.749,1.0,9.862670485054453,0.10000000149011612
57.799,1.0,9.725503727441861,0.10000000149011612
57.855,1.0,9.67022667227106,0.10000000149011612
57.896,1.0,9.862768978418575,0.10000000149011612
57.949,1.0,9.752844863198698,0.10000000149011612
58.0,1.0,9.670648024914165,0.10000000149011612
58.047,1.0,9.780233731162216,0.10000000149011612
58.099,1.0,9.835145286036035,0.10000000149011612
58.149,1.0,9.917527354218894,0.10000000149011612
58.204,1.0,9.670316124831636,0.10000000149011612
58.249,1.0,9.917579951095913,0.10000000149011612
58.302,1.0,9.807788787037135,0.10000000149011612
58.349,1.0,9.807726371557349,0.10000000149011612
58.4,1.0,9.780337523192996,0.10000000149011612
58.449,1.0,9.780268597602845,0.10000000149011612
58.499,1.0,9.807590130074985,0.10000000149011612
58.551,1.0,9.780327189361884,0.10000000149011612
58.604,1.0,9.64292425405648,0.10000000149011612
58.651,1.0,9.807815634314384,0.10000000149011612
58.707,1.0,9.862811603914533,0.10000000149011612
58.754,1.0,9.835158421223362,0.10000000149011612
58.808,1.0,9.890077062468562,0.10000000149011612
58.852,1.0,9.862720336123473,0.10000000149011612
58.906,1.0,9.835109583847224,0.10000000149011612
58.959,1.0,9.7527520088065,0.10000000149011612
59.006,1.0,9.780490119548308,0.10000000149011612
59.062,1.0,9.752919921465217,0.10000000149011612
59.105,1.0,9.862642735429109,0.10000000149011612
59.154,1.0,9.80772272762325,0.10000000149011612
59.206,1.0,9.725297547876835,0.10000000149011612
59.249,1.0,9.890000000016556,0.10000000149011612
59.304,1.0,9.83518641874608,0.10000000149011612
59.354,1.0,9.862626093563934,0.10000000149011612
59.414,1.0,9.835263681929145,0.10000000149011612
59.455,1.0,9.780200013104412,0.10000000149011612
59.505,1.0,9.917653071714772,0.10000000149011612
59.562,1.0,9.697990205118225,0.10000000149011612
59.605,1.0,9.917580037274295,0.10000000149011612
59.657,1.0,9.83502082872308,0.10000000149011612
59.704,1.0,9.780062291584908,0.10000000149011612
59.753,1.0,9.752923672025402,0.10000000149011612
59.806,1.0,9.807757536901368,0.10000000149011612
59.855,1.0,9.807849076804187,0.10000000149011612
59.904,1.0,9.780416525507139,0.10000000149011612
59.954,1.0,9.807744936831295,0.10000000149011612
60.004,1.0,9.945041777814428,0.10000000149011612
60.055,1.0,9.753039192346234,0.10000000149011612
60.108,1.0,9.9176204174757,0.10000000149011612
60.158,1.0,9.807774159312249,0.10000000149011612
60.256,1.0,9.86294711285995,0.10000000149011612
60.312,1.0,9.972500000004139,0.10000000149011612
60.356,1.0,9.890160750597715,0.10000000149011612
60.409,1.0,9.780280746871398,0.10000000149011612
60.457,1.0,9.83510275007122,0.10000000149011612
60.505,1.0,9.807733280480736,0.10000000149011612
60.563,1.0,9.697700357002516,0.10000000149011612
60.619,1.0,9.862576568499207,0.10000000149011612
60.666,1.0,9.725458729411994,0.10000000149011612
60.714,1.0,9.917500000012417,0.10000000149011612
60.759,1.0,9.807587313776216,0.10000000149011612
60.815,1.0,9.78019989306728,0.10000000149011612
60.862,1.0,9.615813553457459,0.10000000149011612
60.911,1.0,9.862535175225801,0.10000000149011612
60.963,1.0,9.917520393865804,0.10000000149011612
61.016,1.0,9.725266606319282,0.10000000149011612
61.064,1.0,9.807577715069055,0.10000000149011612
61.112,1.0,9.725069647613498,0.10000000149011612
61.175,1.0,9.752914475753075,0.10000000149011612
61.21,1.0,9.780278689786792,0.10000000149011612
61.268,1.0,9.642869688032402,0.10000000149011612
61.312,1.0,9.6979006467801,0.10000000149011612
61.364,1.0,9.835204005986451,0.10000000149011612
61.411,1.0,9.78027705533637,0.10000000149011612
61.461,1.0,9.835090001610418,0.10000000149011612
61.513,1.0,9.862743445692791,0.10000000149011612
61.567,1.0,9.945035110579596,0.10000000149011612
61.613,1.0,9.780061236251559,0.10000000149011612
61.661,1.0,9.752817542499137,0.10000000149011612
61.711,1.0,9.835331472775174,0.10000000149011612
61.761,1.0,9.807598396887382,0.10000000149011612
61.812,1.0,9.780178626978563,0.10000000149011612
61.862,1.0,9.86252414352364,0.10000000149011612
61.913,1.0,9.780113272472388,0.10000000149011612
61.961,1.0,9.890128397713934,0.10000000149011612
62.013,1.0,9.752754529565573,0.10000000149011612
62.061,1.0,9.862703893271584,0.10000000149011612
62.112,1.0,9.698053530355294,0.10000000149011612
62.162,1.0,9.862875206768512,0.10624971985816956
62.219,1.0,9.890174034693175,0.10000000149011612
62.265,1.0,9.80778345707804,0.10000000149011612
62.314,1.0,9.697881406193806,0.10000000149011612
62.36,1.0,9.91768012497988,0.10000000149011612
62.41,1.0,9.725196987493998,0.10000000149011612
62.462,1.0,9.862637686729432,0.10000000149011612
62.512,1.0,9.807759600608714,0.10000000149011612
62.56,1.0,9.835136893122561,0.10000000149011612
62.61,1.0,9.725231770446731,0.10000000149011612
62.662,1.0,9.835327298442524,0.10000000149011612
62.714,1.0,9.670357358103825,0.10000000149011612
62.761,1.0,9.807761501976186,0.10000000149011612
62.812,1.0,9.835390202804572,0.10469252616167068
62.874,1.0,9.697777221289774,0.10000000149011612
62.912,1.0,9.83525969568226,0.10000000149011612
62.962,1.0,9.75288804984755,0.10000000149011612
63.015,1.0,9.835155273973943,0.10000000149011612
63.064,1.0,9.835334237313106,0.10000000149011612
63.114,1.0,9.725110024089615,0.10000000149011612
63.166,1.0,9.725424550080465,0.10000000149011612
63.225,1.0,9.725210245160593,0.10000000149011612
63.273,1.0,9.752926790383126,0.10000000149011612
63.32,1.0,9.72539835822665,0.10000000149011612
63.377,1.0,9.780216590046054,0.10000000149011612
63.421,1.0,9.835175412437982,0.10000000149011612
63.472,1.0,9.835028637593819,0.10000000149011612
63.528,1.0,9.890144558312992,0.10000000149011612
63.572,1.0,9.780159485691952,0.10000000149011612
63.621,1.0,9.807623955172797,0.10000000149011612
63.671,1.0,9.69780120017628,0.10000000149011612
63.724,1.0,9.78020882178098,0.10000000149011612
63.776,1.0,9.807762775301105,0.10000000149011612
63.824,1.0,9.890178011564744,0.10000000149011612
63.874,1.0,9.862854374158713,0.10000000149011612
63.924,1.0,9.917755360425346,0.10000000149011612
63.974,1.0,9.670280056384703,0.10000000149011612
64.029,1.0,9.86262461118814,0.10000000149011612
64.076,1.0,9.78029948251529,0.10000000149011612
64.13,1.0,9.670401526221799,0.10000000149011612
64.182,1.0,9.835205544965962,0.10000000149011612
64.23,1.0,9.780409813299775,0.10000000149011612
64.279,1.0,9.807752452625168,0.10000000149011612
64.328,1.0,9.890237873606385,0.1040060892701149
64.378,1.0,9.697807290032506,0.10000000149011612
64.429,1.0,9.807709311797387,0.10000000149011612
64.483,1.0,9.80792336391492,0.10000000149011612
64.53,1.0,9.835158651777439,0.10000000149011612
64.585,1.0,9.807718646712601,0.10000000149011612
64.629,1.0,9.890083869774308,0.10000000149011612
64.678,1.0,9.752630259117318,0.10000000149011612
64.732,1.0,9.890223709142042,0.10000000149011612
64.786,1.0,9.862868841820292,0.10000000149011612
64.83,1.0,9.862764938092894,0.10000000149011612
64.88,1.0,9.75271641605844,0.10000000149011612
64.93,1.0,9.780318340100347,0.10000000149011612
64.985,1.0,9.835339978440768,0.10000000149011612
65.03,1.0,9.752697042913901,0.10000000149011612
65.081,1.0,9.670449926166071,0.10000000149011612
65.13,1.0,9.75281579548286,0.10000000149011612
65.181,1.0,9.780404957818488,0.10000000149011612
65.23,1.0,9.752851166948677,0.10000000149011612
65.281,1.0,9.807726490145756,0.10000000149011612
65.33,1.0,9.642843942468366,0.10000000149011612
65.385,1.0,9.80762115087774,0.10000000149011612
65.433,1.0,9.862624731308056,0.10000000149011612
65.48,1.0,9.780282496143546,0.10000000149011612
65.53,1.0,9.725285683779253,0.10000000149011612
65.585,1.0,9.807697794669204,0.10000000149011612
65.636,1.0,9.560016575248705,0.10000000149011612
65.681,1.0,9.752733749999768,0.10000000149011612
65.732,1.0,9.697823633833064,0.10000000149011612
65.786,1.0,9.698211107651392,0.10000000149011612
65.831,1.0,9.807590653292007,0.10000000149011612
65.88,1.0,9.807537851151492,0.10000000149011612
65.93,1.0,9.890180947321157,0.10000000149011612
65.981,1.0,9.780194952794247,0.10000000149011612
66.03,1.0,9.807671369032727,0.10000000149011612
66.075,1.0,9.835316849499941,0.10000000149011612
66.131,1.0,9.78018289881034,0.10000000149011612
66.181,1.0,9.835226818174124,0.10000000149011612
66.23,1.0,9.8353948575548,0.10000000149011612
66.281,1.0,9.89024292855627,0.10000000149011612
66.337,1.0,9.890076154325572,0.10000000149011612
66.383,1.0,9.862614753055905,0.10000000149011612
66.432,1.0,9.697874323278665,0.10000000149011612
66.487,1.0,9.91752893579089,0.10000000149011612
66.535,1.0,9.725342112655442,0.10000000149011612
66.585,1.0,9.890070698410273,0.10000000149011612
66.637,1.0,9.532947424178323,0.10000000149011612
66.691,1.0,9.725370486453176,0.10000000149011612
66.736,1.0,9.807884020730853,0.10000000149011612
66.785,1.0,9.890114637795422,0.10000000149011612
66.836,1.0,9.862707668273814,0.10000000149011612
66.886,1.0,9.752611601683828,0.10000000149011612
66.937,1.0,9.78029611526678,0.10000000149011612
66.986,1.0,9.917695415371822,0.10000000149011612
67.035,1.0,9.917569756839011,0.10000000149011612
67.088,1.0,9.835296243139439,0.10000000149011612
67.138,1.0,9.75293299123231,0.10000000149011612
67.184,1.0,9.835000000024836,0.10000000149011612
67.236,1.0,9.807725546488332,0.10000000149011612
67.286,1.0,9.835067392616637,0.10000000149011612
67.339,1.0,9.862670056087275,0.10000000149011612
67.386,1.0,9.807598146609962,0.10000000149011612
67.436,1.0,9.780331029411819,0.10000000149011612
67.49,1.0,9.862523938135968,0.10000000149011612
67.539,1.0,9.862541147693992,0.10000000149011612
67.585,1.0,9.752690816856921,0.10000000149011612
67.638,1.0,9.890186909627584,0.10000000149011612
67.695,1.0,9.83505198518849,0.10000000149011612
67.736,1.0,9.78012574263331,0.10000000149011612
67.79,1.0,9.83522413470265,0.10000000149011612
67.835,1.0,9.7803727766085,0.10000000149011612
67.887,1.0,9.862731618165142,0.10000000149011612
67.937,1.0,9.945000000008278,0.10000000149011612
67.991,1.0,9.807910652831197,0.10000000149011612
68.036,1.0,9.862709756878514,0.10000000149011612
68.086,1.0,9.670621019746694,0.10000000149011612
68.135,1.0,9.725759413072632,0.10000000149011612
68.189,1.0,9.890061926779648,0.10000000149011612
68.241,1.0,9.587691094353795,0.10000000149011612
68.285,1.0,9.862530465361973,0.10000000149011612
68.335,1.0,9.862822197895083,0.10000000149011612
68.386,1.0,9.807653972382347,0.10000000149011612
68.437,1.0,9.86269780912747,0.10000000149011612
68.492,1.0,9.725446083748507,0.10000000149011612
68.536,1.0,9.808009854103956,0.10513874143362045
68.586,1.0,9.78034598413441,0.10000000149011612
68.637,1.0,9.835081899600725,0.10000000149011612
68.687,1.0,9.862542637313405,0.10000000149011612
68.736,1.0,9.917682277970016,0.10000000149011612
68.786,1.0,9.862505823849803,0.10000000149011612
68.837,1.0,9.835088590387668,0.10000000149011612
68.889,1.0,9.917789706918928,0.127796933054924
68.941,1.0,9.80777487150497,0.10000000149011612
68.994,1.0,9.78022655337635,0.10000000149011612
69.044,1.0,9.86271942437937,0.10000000149011612
69.088,1.0,9.78036745465878,0.10000000149011612
69.139,1.0,9.78011210821569,0.10000000149011612
69.189,1.0,9.78054872587737,0.10000000149011612
69.239,1.0,9.780336848294569,0.10000000149011612
69.292,1.0,9.862655864697363,0.10000000149011612
69.34,1.0,9.752826642224358,0.10000000149011612
69.389,1.0,9.780645270728403,0.10000000149011612
69.439,1.0,9.862650895594722,0.10000000149011612
69.493,1.0,9.862668014297055,0.10000000149011612
69.544,1.0,9.835408611347278,0.10000000149011612
69.59,1.0,9.807697650852303,0.10000000149011612
69.644,1.0,9.945175360453625,0.1147918775677681
69.691,1.0,9.89000741330286,0.10000000149011612
69.74,1.0,9.890041949020492,0.10000000149011612
69.793,1.0,9.862796298083332,0.10000000149011612
69.84,1.0,9.72560298335221,0.10000000149011612
69.89,1.0,9.752967394619352,0.10000000149011612
69.941,1.0,9.83516249201364,0.10000000149011612
69.991,1.0,9.752800667886104,0.10000000149011612
70.04,1.0,9.86262847725302,0.10000000149011612
70.089,1.0,9.670497887188361,0.10000000149011612
70.151,1.0,9.752764916026758,0.10000000149011612
70.189,1.0,9.780292429257598,0.10000000149011612
70.239,1.0,9.780436652360692,0.10000000149011612
70.302,1.0,9.72541274221407,0.10000000149011612
70.34,1.0,9.89027561750263,0.10000000149011612
70.394,1.0,9.890103551062445,0.10000000149011612
70.446,1.0,9.807783651538193,0.10000000149011612
70.494,1.0,9.890000000016556,0.10000000149011612
70.545,1.0,9.780055295241375,0.10000000149011612
70.604,1.0,9.945000000008278,0.10000000149011612
70.644,1.0,9.890126219764351,0.10000000149011612
70.693,1.0,9.862590508638984,0.10000000149011612
70.746,1.0,9.917615442929996,0.10000000149011612
70.798,1.0,9.862705266951687,0.10000000149011612
70.845,1.0,9.94513533545865,0.11481238901615143
70.897,1.0,9.807921169387798,0.10000000149011612
70.947,1.0,9.89015837582863,0.10000000149011612
70.997,1.0,9.75275825963666,0.10000000149011612
71.045,1.0,9.835020609531139,0.10000000149011612
71.099,1.0,9.752766161122256,0.10000000149011612
71.145,1.0,9.642978711136513,0.10000000149011612
71.2,1.0,9.697934719402756,0.10000000149011612
71.245,1.0,9.835273870908551,0.10000000149011612
71.298,1.0,9.807784775396188,0.10000000149011612
71.349,1.0,9.752762314925592,0.10000000149011612
71.397,1.0,9.78040026906464,0.10000000149011612
71.454,1.0,9.807722965069114,0.10000000149011612
71.498,1.0,9.752694548480212,0.10000000149011612
71.551,1.0,9.835384672983652,0.10000000149011612
71.599,1.0,9.807842965403365,0.10000000149011612
71.651,1.0,9.780251251243882,0.10000000149011612
71.699,1.0,9.83512286492106,0.10000000149011612
71.749,1.0,9.89007866502636,0.10000000149011612
71.81,1.0,9.835232212870485,0.10000000149011612
71.85,1.0,9.752825217901005,0.10000000149011612
71.902,1.0,9.780093963216576,0.10000000149011612
71.951,1.0,9.807622329497503,0.10000000149011612
72.007,1.0,9.972500000004139,0.10000000149011612
72.055,1.0,9.835011637852423,0.10000000149011612
72.116,1.0,9.807817469620042,0.10000000149011612
72.181,1.0,9.807782295801573,0.10000000149011612
72.219,1.0,9.80795079873254,0.10000000149011612
72.264,1.0,9.697888131791519,0.10000000149011612
72.314,1.0,9.752627839292916,0.10000000149011612
72.368,1.0,9.835488300811914,0.10000000149011612
72.414,1.0,9.835312470152147,0.10000000149011612
72.465,1.0,9.780600731985437,0.11717069149017334
72.516,1.0,9.835110461504923,0.10000000149011612
72.564,1.0,9.807820656026403,0.10000000149011612
72.614,1.0,9.835194307544993,0.10000000149011612
72.665,1.0,9.780182857066393,0.10000000149011612
72.719,1.0,9.78018164700932,0.10000000149011612
72.768,1.0,9.780371012849113,0.10000000149011612
72.814,1.0,9.807911949853102,0.10000000149011612
72.864,1.0,9.780164518993761,0.10000000149011612
72.914,1.0,9.725093959127035,0.10000000149011612
72.968,1.0,9.75279352820168,0.10000000149011612
73.008,1.0,9.917585808866553,0.10000000149011612
73.064,1.0,9.753185229417351,0.10000000149011612
73.121,1.0,9.807676366820104,0.10000000149011612
73.166,1.0,9.752725035573045,0.10000000149011612
73.215,1.0,9.807585065667,0.10000000149011612
73.263,1.0,9.780205187077323,0.10000000149011612
73.315,1.0,9.780468502992557,0.10000000149011612
73.365,1.0,9.752963388897479,0.10000000149011612
73.419,1.0,9.697636588455902,0.10000000149011612
73.467,1.0,9.807758437200553,0.10000000149011612
73.514,1.0,9.725539675479133,0.10000000149011612
73.566,1.0,9.835430857704745,0.10000000149011612
73.615,1.0,9.917576005765133,0.10000000149011612
73.667,1.0,9.725249358721905,0.10000000149011612
73.723,1.0,9.83505096750127,0.10000000149011612
73.766,1.0,9.725590812973678,0.10000000149011612
73.816,1.0,9.780333103156751,0.10000000149011612
73.87,1.0,9.697906073079341,0.10000000149011612
73.923,1.0,9.807820605238279,0.10000000149011612
73.966,1.0,9.780395422731008,0.10000000149011612
74.018,1.0,9.890236206932201,0.10000000149011612
74.066,1.0,9.752805167498687,0.10000000149011612
74.115,1.0,9.835091121142938,0.10000000149011612
74.173,1.0,9.862725898230241,0.10000000149011612
74.216,1.0,9.86259959857497,0.10000000149011612
74.267,1.0,9.72555354192025,0.10000000149011612
74.317,1.0,9.780292682970563,0.10000000149011612
74.372,1.0,9.807729112667342,0.10000000149011612
74.422,1.0,9.780284886786507,0.10000000149011612
74.481,1.0,9.807578499180575,0.10000000149011612
74.522,1.0,9.780217526439163,0.10000000149011612
74.572,1.0,9.917741093598305,0.11199850589036942
74.621,1.0,9.807909818221297,0.10000000149011612
74.671,1.0,9.835114493655661,0.10000000149011612
74.723,1.0,9.752698340246248,0.10000000149011612
74.772,1.0,9.725330780053305,0.10000000149011612
74.822,1.0,9.862530744986401,0.10000000149011612
74.875,1.0,9.890299368504849,0.10000000149011612
74.925,1.0,9.697895835153759,0.10000000149011612
74.973,1.0,9.697746370277471,0.10000000149011612
75.023,1.0,9.697759389918712,0.10000000149011612
75.073,1.0,9.697691705409024,0.10000000149011612
75.123,1.0,9.780372068182462,0.10000000149011612
75.183,1.0,9.780114106937415,0.10000000149011612
75.231,1.0,9.890129428688024,0.10000000149011612
75.282,1.0,9.752745242603122,0.10000000149011612
75.331,1.0,9.725400781900518,0.10000000149011612
75.383,1.0,9.835078345549602,0.10000000149011612
75.432,1.0,9.807967523713078,0.10000000149011612
75.482,1.0,9.835240771207545,0.10000000149011612
75.533,1.0,9.945083882970115,0.10000000149011612
75.583,1.0,9.752767492437528,0.10000000149011612
75.635,1.0,9.917500000012417,0.10000000149011612
75.683,1.0,9.615413064095709,0.10000000149011612
75.734,1.0,9.80768863885767,0.10000000149011612
75.783,1.0,9.725359342309336,0.10000000149011612
75.835,1.0,9.752795878963338,0.10000000149011612
75.884,1.0,9.917684310364226,0.10000000149011612
75.937,1.0,9.86266323979944,0.10000000149011612
75.99,1.0,9.807628089624147,0.10000000149011612
76.033,1.0,9.670204929924674,0.10000000149011612
76.085,1.0,9.780457861100635,0.10000000149011612
76.137,1.0,9.642863708775904,0.10000000149011612
76.184,1.0,9.780429587968522,0.10000000149011612
76.233,1.0,9.752844910820325,0.10000000149011612
76.285,1.0,9.670373708941042,0.10000000149011612
76.333,1.0,9.80768696969996,0.10000000149011612
76.383,1.0,9.807567959113253,0.10000000149011612
76.435,1.0,9.835114307432539,0.10000000149011612
76.484,1.0,9.890219154540036,0.10000000149011612
76.535,1.0,9.670134649943147,0.10000000149011612
76.587,1.0,9.890151607245206,0.10000000149011612
76.637,1.0,9.697873573170767,0.10000000149011612
76.686,1.0,9.917614240282111,0.10000000149011612
76.736,1.0,9.78010487759279,0.10000000149011612
76.787,1.0,9.890137144385113,0.10000000149011612
76.837,1.0,9.697964669764042,0.10000000149011612
76.886,1.0,9.807611401296324,0.10000000149011612
76.936,1.0,9.945064406303896,0.10000000149011612
76.984,1.0,9.697890490810904,0.10000000149011612
77.042,1.0,9.752769514628582,0.10000000149011612
77.091,1.0,9.86263798388342,0.10000000149011612
77.137,1.0,9.835098893029823,0.10000000149011612
77.187,1.0,9.807701333550115,0.10000000149011612
77.246,1.0,9.697765817534592,0.10000000149011612
77.285,1.0,9.862535255029798,0.10000000149011612
77.336,1.0,9.835151856703062,0.10000000149011612
77.389,1.0,9.780353225664133,0.10000000149011612
77.442,1.0,9.83528623469174,0.10000000149011612
77.491,1.0,9.807872877145806,0.10000000149011612
77.54,1.0,9.862650520126852,0.10000000149011612
77.589,1.0,9.862630881058672,0.10000000149011612
77.641,1.0,9.780084888264536,0.10000000149011612
77.697,1.0,9.752732701475422,0.10000000149011612
77.741,1.0,9.835114056327276,0.10000000149011612
77.792,1.0,9.752876445299222,0.10000000149011612
77.852,1.0,9.86279233822392,0.10000000149011612
77.894,1.0,9.83530110646453,0.10000000149011612
77.944,1.0,9.835071993143194,0.10000000149011612
77.999,1.0,9.94510466810316,0.10000000149011612
78.044,1.0,9.835048892804318,0.10000000149011612
78.094,1.0,9.83522904838125,0.10000000149011612
78.144,1.0,9.697627835782866,0.10000000149011612
78.194,1.0,9.780392053847512,0.10000000149011612
78.244,1.0,9.917500000012417,0.10000000149011612
78.296,1.0,9.86274165711883,0.10000000149011612
78.348,1.0,9.862716795648966,0.10000000149011612
78.395,1.0,9.725232957820925,0.10000000149011612
78.445,1.0,9.780337950007784,0.10000000149011612
78.497,1.0,9.807942777002852,0.10000000149011612
78.545,1.0,9.862583525106311,0.10000000149011612
78.594,1.0,9.725315184642872,0.10000000149011612
78.647,1.0,9.890339097649687,0.10000000149011612
78.702,1.0,9.862767973169685,0.10000000149011612
78.745,1.0,9.752758728029827,0.10000000149011612
78.796,1.0,9.80761043563899,0.10000000149011612
78.845,1.0,9.835218676593568,0.10000000149011612
78.897,1.0,9.752779939770699,0.10000000149011612
78.947,1.0,9.890000000016556,0.10000000149011612
79.001,1.0,9.862971937387353,0.11698368936777115
79.046,1.0,9.725432665480508,0.10000000149011612
79.095,1.0,9.86277949888673,0.10000000149011612
79.149,1.0,9.862660426191157,0.10000000149011612
79.202,1.0,9.835214400912324,0.10000000149011612
79.241,1.0,9.835140937504669,0.10000000149011612
79.293,1.0,9.753011003509164,0.10000000149011612
79.346,1.0,9.807742070675724,0.10000000149011612
79.399,1.0,9.807614645423989,0.10000000149011612
79.457,1.0,9.78044468741864,0.10000000149011612
79.496,1.0,9.807777461492353,0.10000000149011612
79.546,1.0,9.80763038115369,0.10000000149011612
79.597,1.0,9.780444218321806,0.10000000149011612
79.648,1.0,9.670332630909979,0.10000000149011612
79.695,1.0,9.835037050913606,0.10000000149011612
79.75,1.0,9.890163924027648,0.10335295647382736
79.801,1.0,9.835302517128488,0.10000000149011612
79.849,1.0,9.945000000008278,0.10000000149011612
79.899,1.0,9.752885969417791,0.10000000149011612
79.953,1.0,9.835333724754552,0.10000000149011612
79.999,1.0,9.670375409784416,0.10000000149011612
80.049,1.0,9.89014917732113,0.10000000149011612
80.103,1.0,9.752746292079488,0.10000000149011612
80.156,1.0,9.69795576768617,0.10000000149011612
80.199,1.0,9.780032230003012,0.10000000149011612
80.249,1.0,9.862674871045682,0.10000000149011612
80.304,1.0,9.780149266475604,0.10000000149011612
80.349,1.0,9.752870644980835,0.10000000149011612
80.394,1.0,9.78021767474711,0.10000000149011612
80.449,1.0,9.835270933972465,0.10000000149011612
80.498,1.0,9.835246760211884,0.10000000149011612
80.551,1.0,9.615457214828995,0.10000000149011612
80.606,1.0,9.807895842463607,0.10000000149011612
80.651,1.0,9.83500911961827,0.10000000149011612
80.701,1.0,9.890099729162952,0.10000000149011612
80.755,1.0,9.61568064019084,0.10000000149011612
80.802,1.0,9.752708277209765,0.10000000149011612
80.85,1.0,9.917500000012417,0.10000000149011612
80.9,1.0,9.75305207638691,0.10000000149011612
80.953,1.0,9.698022036419975,0.10000000149011612
81.0,1.0,9.890078243406283,0.10000000149011612
81.05,1.0,9.807727231478525,0.10000000149011612
81.105,1.0,9.752823649429613,0.10000000149011612
81.15,1.0,9.780312631631062,0.10000000149011612
81.199,1.0,9.725550253461632,0.10000000149011612
81.256,1.0,9.752987581243117,0.10000000149011612
81.301,1.0,9.862520712945196,0.10000000149011612
81.35,1.0,9.807737621023422,0.10000000149011612
81.405,1.0,9.862500057141814,0.10000000149011612
81.453,1.0,9.862760704486734,0.10000000149011612
81.503,1.0,9.78050329517573,0.10000000149011612
81.554,1.0,9.697536985493368,0.10000000149011612
81.603,1.0,9.780067950673402,0.10000000149011612
81.655,1.0,9.780410736530191,0.10000000149011612
81.703,1.0,9.698043958242568,0.10000000149011612
81.754,1.0,9.807807022084793,0.10000000149011612
81.803,1.0,9.670344339973397,0.10000000149011612
81.854,1.0,9.698032872378826,0.10000000149011612
81.907,1.0,9.72543603034897,0.10000000149011612
81.96,1.0,9.780260104210013,0.10000000149011612
82.004,1.0,9.807669409405854,0.10000000149011612
82.054,1.0,9.780044740686813,0.10000000149011612
82.103,1.0,9.752754096128047,0.10000000149011612
82.162,1.0,9.780288424384263,0.10000000149011612
82.205,1.0,9.80779316328052,0.10000000149011612
82.253,1.0,9.835107126604353,0.10000000149011612
82.307,1.0,9.862747221253812,0.10000000149011612
82.355,1.0,9.917625554444061,0.10000000149011612
82.406,1.0,9.91763678793278,0.10000000149011612
82.466,1.0,9.725438670213851,0.10000000149011612
82.506,1.0,9.69769204577638,0.10000000149011612
82.556,1.0,9.725407076088919,0.10000000149011612
82.607,1.0,9.862561034245623,0.10000000149011612
82.656,1.0,9.8900973421418,0.10000000149011612
82.707,1.0,9.862698664454122,0.10000000149011612
82.762,1.0,9.890037433865169,0.10000000149011612
82.805,1.0,9.75284623052511,0.10000000149011612
82.856,1.0,9.863013947941363,0.12071318179368973
82.905,1.0,9.807657417944736,0.10000000149011612
82.958,1.0,9.642995802871884,0.10000000149011612
83.008,1.0,9.752804138097499,0.10000000149011612
83.056,1.0,9.83532174086819,0.10000000149011612
83.107,1.0,9.807779434530271,0.10000000149011612
83.156,1.0,9.80785392769095,0.10000000149011612
83.21,1.0,9.835170193761588,0.10000000149011612
83.258,1.0,9.780422865454522,0.10000000149011612
83.307,1.0,9.807533030377494,0.10000000149011612
83.356,1.0,9.835288750545846,0.10000000149011612
83.411,1.0,9.780165201053023,0.10000000149011612
83.457,1.0,9.862549084052443,0.10000000149011612
83.506,1.0,9.615590586513282,0.10000000149011612
83.558,1.0,9.808028377178642,0.10000000149011612
83.61,1.0,9.725245255356034,0.10000000149011612
83.66,1.0,9.780203769873413,0.10000000149011612
83.707,1.0,9.807719006368684,0.10000000149011612
83.76,1.0,9.78012410853472,0.10000000149011612
83.809,1.0,9.807715047192243,0.10000000149011612
83.863,1.0,9.780241891100175,0.10000000149011612
83.912,1.0,9.807668200900984,0.10000000149011612
83.96,1.0,9.83525221966621,0.10000000149011612
84.011,1.0,9.78020292541219,0.10000000149011612
84.064,1.0,9.835164249978131,0.10000000149011612
84.113,1.0,9.862677201214764,0.10000000149011612
84.16,1.0,9.752845430519018,0.10000000149011612
84.212,1.0,9.83523094335364,0.10000000149011612
84.263,1.0,9.697909828337531,0.10000000149011612
84.31,1.0,9.890042625450425,0.10000000149011612
84.361,1.0,9.780028191726242,0.10000000149011612
84.412,1.0,9.862795794506868,0.10515156388282776
84.461,1.0,9.835105746073856,0.10000000149011612
84.504,1.0,9.80770306042913,0.10000000149011612
84.562,1.0,9.752904811770552,0.10000000149011612
84.612,1.0,9.807668696985477,0.10000000149011612
84.666,1.0,9.862754801350336,0.10000000149011612
84.716,1.0,9.752727099590832,0.10000000149011612
84.763,1.0,9.615348619346817,0.10000000149011612
84.812,1.0,9.807710632909503,0.10000000149011612
84.863,1.0,9.80763975944784,0.10000000149011612
84.918,1.0,9.752904232570694,0.10000000149011612
84.96,1.0,9.75288491462254,0.10000000149011612
85.021,1.0,9.80776073038578,0.10000000149011612
85.07,1.0,9.780532378103171,0.10000000149011612
85.122,1.0,9.945000000008278,0.10000000149011612
85.168,1.0,9.725332135831316,0.10000000149011612
85.218,1.0,9.862794855775105,0.10000000149011612
85.268,1.0,9.752691063760883,0.10000000149011612
85.322,1.0,9.807627389352355,0.10000000149011612
85.369,1.0,9.752892912096447,0.10000000149011612
85.419,1.0,9.752812571306196,0.10000000149011612
85.468,1.0,9.862571443679432,0.10000000149011612
85.519,1.0,9.890129062285025,0.10000000149011612
85.573,1.0,9.725235199203922,0.10000000149011612
85.613,1.0,9.780214350960321,0.10000000149011612
85.667,1.0,9.890022985513012,0.10000000149011612
85.717,1.0,9.835552289357615,0.10000000149011612
85.76,1.0,9.78036739644077,0.10000000149011612
85.825,1.0,9.89017343920552,0.10000000149011612
85.876,1.0,9.917525809051263,0.10000000149011612
85.919,1.0,9.862768246709473,0.10000000149011612
85.965,1.0,9.642915180408293,0.10000000149011612
86.017,1.0,9.80765102677461,0.10000000149011612
86.069,1.0,9.78022143697987,0.10000000149011612
86.123,1.0,9.780263039966425,0.10000000149011612
86.168,1.0,9.752581396160855,0.10000000149011612
86.22,1.0,9.862779305109548,0.10000000149011612
86.274,1.0,9.780278649305304,0.10000000149011612
86.32,1.0,9.807711765273577,0.10000000149011612
86.378,1.0,9.890118802028399,0.10000000149011612
86.418,1.0,9.807722836463816,0.10000000149011612
86.469,1.0,9.862537859918342,0.10000000149011612
86.52,1.0,9.807581053922574,0.10000000149011612
86.57,1.0,9.807595077798599,0.10000000149011612
86.618,1.0,9.807737661794656,0.10000000149011612
86.668,1.0,9.753028817412753,0.10000000149011612
86.718,1.0,9.780372026314337,0.10000000149011612
86.769,1.0,9.972500000004139,0.10000000149011612
86.822,1.0,9.835126292457183,0.10000000149011612
86.868,1.0,9.835231509452893,0.10000000149011612
86.918,1.0,9.89024434681568,0.10444679111242294
86.971,1.0,9.807714980550939,0.10000000149011612
87.019,1.0,9.808015615182619,0.10000000149011612
87.067,1.0,9.698042169089119,0.10000000149011612
87.118,1.0,9.697865932558974,0.10000000149011612
87.171,1.0,9.835071373420456,0.10000000149011612
87.228,1.0,9.780126217856175,0.10000000149011612
87.271,1.0,9.835175771866407,0.10000000149011612
87.322,1.0,9.807673988884522,0.10000000149011612
87.371,1.0,9.890242652491564,0.10000000149011612
87.426,1.0,9.752622414835626,0.10000000149011612
87.484,1.0,9.890188357813491,0.10000000149011612
87.526,1.0,9.780289973380665,0.10000000149011612
87.58,1.0,9.807635560859408,0.10000000149011612
87.631,1.0,9.862925108791226,0.10000000149011612
87.676,1.0,9.807759238551888,0.10000000149011612
87.726,1.0,9.725381115203103,0.10000000149011612
87.777,1.0,9.807755933639903,0.10000000149011612
87.827,1.0,9.91752329112755,0.10000000149011612
87.877,1.0,9.725133388634358,0.10000000149011612
87.927,1.0,9.780222400277854,0.10000000149011612
87.975,1.0,9.862768053056465,0.10000000149011612
88.028,1.0,9.670458810341854,0.10000000149011612
88.08,1.0,9.862554400828149,0.10000000149011612
88.132,1.0,9.697934195088843,0.10000000149011612
88.186,1.0,9.725462896480328,0.10000000149011612
88.231,1.0,9.89015467127578,0.10000000149011612
88.281,1.0,9.780410808573167,0.10000000149011612
88.335,1.0,9.780320343602863,0.10000000149011612
88.382,1.0,9.89017738584015,0.10000000149011612
88.431,1.0,9.807745045113068,0.10000000149011612
88.488,1.0,9.80766876310938,0.10000000149011612
88.532,1.0,9.725453768360119,0.10000000149011612
88.584,1.0,9.835191433442136,0.10000000149011612
88.631,1.0,9.807713156338368,0.10000000149011612
88.681,1.0,9.807742134150532,0.10000000149011612
88.732,1.0,9.725147462967369,0.10000000149011612
88.782,1.0,9.752824144582782,0.10000000149011612
88.831,1.0,9.780331743901803,0.10000000149011612
88.882,1.0,9.780352891712553,0.10000000149011612
88.931,1.0,9.835094896890222,0.10000000149011612
88.982,1.0,9.862602976233594,0.10000000149011612
89.03,1.0,9.752786934541332,0.10000000149011612
89.081,1.0,9.698060122111606,0.10000000149011612
89.131,1.0,9.917500000012417,0.10000000149011612
89.182,1.0,9.807682559494342,0.10000000149011612
89.233,1.0,9.807783937723272,0.10000000149011612
89.281,1.0,9.807869077349702,0.10000000149011612
89.334,1.0,9.670301851443947,0.10000000149011612
89.382,1.0,9.72557377440648,0.10168807208538055
89.433,1.0,9.890206671133637,0.10000000149011612
89.489,1.0,9.725375883902112,0.10000000149011612
89.533,1.0,9.780428993143142,0.10000000149011612
89.582,1.0,9.780344382197493,0.10000000149011612
89.632,1.0,9.67026022490528,0.10000000149011612
89.681,1.0,9.72517883113275,0.10000000149011612
89.733,1.0,9.807932419578234,0.10000000149011612
89.781,1.0,9.725343275028798,0.10000000149011612
89.832,1.0,9.780262599781983,0.10000000149011612
89.893,1.0,9.890031875131859,0.10000000149011612
89.933,1.0,9.807546413938205,0.10000000149011612
89.981,1.0,9.835284665454592,0.10000000149011612
90.033,1.0,9.890100849564705,0.10000000149011612
90.08,1.0,9.862766442944606,0.1004253700375557
90.13,1.0,9.807935077076158,0.10000000149011612
90.184,1.0,9.890144839117097,0.10000000149011612
90.23,1.0,9.58773190230131,0.10000000149011612
90.282,1.0,9.670457642732394,0.10000000149011612
90.333,1.0,9.91758501244088,0.10000000149011612
90.381,1.0,9.86261564778785,0.10000000149011612
90.43,1.0,9.862840249037577,0.10000000149011612
90.489,1.0,9.75271578118619,0.10000000149011612
90.531,1.0,9.75276416281445,0.10000000149011612
90.578,1.0,9.752753508235845,0.10000000149011612
90.632,1.0,9.835019089509215,0.10000000149011612
90.685,1.0,9.69790485650301,0.10000000149011612
90.738,1.0,9.862682523247269,0.10000000149011612
90.784,1.0,9.7527109897592,0.10000000149011612
90.832,1.0,9.890135265183117,0.10000000149011612
90.886,1.0,9.64271221233325,0.10000000149011612
90.937,1.0,9.862624803682168,0.10000000149011612
90.982,1.0,9.917667627769212,0.11688358336687088
91.032,1.0,9.807659777088297,0.10000000149011612
91.085,1.0,9.752649051220052,0.10000000149011612
91.132,1.0,9.862655510567128,0.10000000149011612
91.182,1.0,9.752946932262017,0.10000000149011612
91.238,1.0,9.86266310395052,0.10000000149011612
91.287,1.0,9.890311890861227,0.10000000149011612
91.333,1.0,9.780248511106604,0.10000000149011612
91.383,1.0,9.835125954842402,0.10000000149011612
91.434,1.0,9.835248226092922,0.10000000149011612
91.488,1.0,9.862655971695979,0.10000000149011612
91.535,1.0,9.67051416610678,0.10000000149011612
91.586,1.0,9.752670292287236,0.10000000149011612
91.637,1.0,9.862953745925592,0.10000000149011612
91.695,1.0,9.807727301348415,0.10000000149011612
91.736,1.0,9.807889631018043,0.10000000149011612
91.786,1.0,9.835217525747915,0.10000000149011612
91.837,1.0,9.83520702690714,0.10000000149011612
91.886,1.0,9.890135676951871,0.10000000149011612
91.936,1.0,9.890168479685155,0.10000000149011612
91.985,1.0,9.72529313084152,0.10000000149011612
92.042,1.0,9.7253628945599,0.10000000149011612
92.09,1.0,9.862683914374147,0.10000000149011612
92.14,1.0,9.80756338549157,0.10000000149011612
92.196,1.0,9.807709473909604,0.10000000149011612
92.241,1.0,9.780478416879971,0.10000000149011612
92.292,1.0,9.780375788091785,0.10000000149011612
92.34,1.0,9.725317645135025,0.10000000149011612
92.392,1.0,9.725539306095905,0.10000000149011612
92.44,1.0,9.835257513345116,0.10000000149011612
92.5,1.0,9.835217810918888,0.10000000149011612
92.543,1.0,9.752915410821636,0.10000000149011612
92.595,1.0,9.862557144297494,0.10000000149011612
92.649,1.0,9.835317445877525,0.10000000149011612
92.692,1.0,9.835117565654219,0.10000000149011612
92.745,1.0,9.670583078596326,0.10000000149011612
92.795,1.0,9.890245588454935,0.10000000149011612
92.848,1.0,9.780382037618095,0.10000000149011612
92.895,1.0,9.807661661940317,0.10000000149011612
92.945,1.0,9.972500000004139,0.10000000149011612
92.995,1.0,9.780343213532534,0.10000000149011612
93.049,1.0,9.862638594996598,0.10000000149011612
93.096,1.0,9.862672432615526,0.10000000149011612
93.144,1.0,9.862576840486792,0.10000000149011612
93.195,1.0,9.862500000020695,0.10000000149011612
93.246,1.0,9.835076127594544,0.10000000149011612
93.296,1.0,9.807810844936304,0.10000000149011612
93.351,1.0,9.780339484641122,0.10000000149011612
93.395,1.0,9.91761979613867,0.10000000149011612
93.446,1.0,9.80773315984342,0.10000000149011612
93.495,1.0,9.752939673161341,0.10000000149011612
93.546,1.0,9.725386577492786,0.10000000149011612
93.596,1.0,9.752805699449446,0.10000000149011612
93.65,1.0,9.80792539924797,0.10000000149011612
93.696,1.0,9.642973363751338,0.10000000149011612
93.748,1.0,9.835199839166469,0.10000000149011612
93.794,1.0,9.862678577109344,0.10000000149011612
93.846,1.0,9.752733368281689,0.10000000149011612
93.899,1.0,9.807807508131695,0.10000000149011612
93.946,1.0,9.69780996772978,0.10000000149011612
93.995,1.0,9.862742401411136,0.10000000149011612
94.049,1.0,9.945000000008278,0.10000000149011612
94.096,1.0,9.945090690710478,0.10442569851875305
94.15,1.0,9.752636029426423,0.10000000149011612
94.196,1.0,9.917636251656546,0.10000000149011612
94.248,1.0,9.752709403406415,0.10000000149011612
94.297,1.0,9.78029365769277,0.10000000149011612
94.349,1.0,9.945076098748379,0.10478779673576355
94.401,1.0,9.670542438762883,0.10000000149011612
94.448,1.0,9.835316748006477,0.10000000149011612
94.498,1.0,9.890110940982899,0.10000000149011612
94.549,1.0,9.862650594135953,0.10000000149011612
94.615,1.0,9.807691607810558,0.10000000149011612
94.65,1.0,9.78022445117434,0.10000000149011612
94.702,1.0,9.725134095694456,0.10000000149011612
94.749,1.0,9.862669297493994,0.10000000149011612
94.799,1.0,9.835106066096987,0.10000000149011612
94.852,1.0,9.807706815232006,0.10000000149011612
94.901,1.0,9.807843801482685,0.10000000149011612
94.954,1.0,9.890238543558452,0.10000000149011612
95.004,1.0,9.807565391601788,0.10000000149011612
95.058,1.0,9.698075398926933,0.10000000149011612
95.113,1.0,9.835213193442259,0.10000000149011612
95.157,1.0,9.780343301283816,0.10000000149011612
95.208,1.0,9.862652412263884,0.10000000149011612
95.257,1.0,9.780329379439355,0.10000000149011612
95.311,1.0,9.72541026731746,0.10000000149011612
95.36,1.0,9.89004301989658,0.10000000149011612
95.41,1.0,9.835275963093672,0.10000000149011612
95.463,1.0,9.835193432101773,0.10000000149011612
95.512,1.0,9.752749501644738,0.10000000149011612
95.56,1.0,9.780128890110387,0.10000000149011612
95.613,1.0,9.807830785504645,0.10000000149011612
95.663,1.0,9.890244241721101,0.10000000149011612
95.71,1.0,9.670603102549082,0.10000000149011612
95.761,1.0,9.752941981868611,0.10000000149011612
95.81,1.0,9.807824996196562,0.10000000149011612
95.859,1.0,9.835161832264728,0.10000000149011612
95.91,1.0,9.945092000419066,0.10000000149011612
95.962,1.0,9.615518899489608,0.10000000149011612
96.01,1.0,9.80774399019364,0.10000000149011612
96.06,1.0,9.752663960266444,0.10000000149011612
96.115,1.0,9.807558512791163,0.10000000149011612
96.16,1.0,9.807802815673252,0.10000000149011612
96.21,1.0,9.807752708117995,0.10000000149011612
96.26,1.0,9.945000000008278,0.10000000149011612
96.318,1.0,9.862543155356414,0.10000000149011612
96.362,1.0,9.670364637279675,0.10000000149011612
96.412,1.0,9.890131224091682,0.10000000149011612
96.462,1.0,9.807886653538379,0.10000000149011612
96.513,1.0,9.780210342589353,0.10000000149011612
96.567,1.0,9.807800862296588,0.10000000149011612
96.613,1.0,9.807857039177584,0.10000000149011612
96.668,1.0,9.725542362944948,0.10000000149011612
96.717,1.0,9.890205733602246,0.10000000149011612
96.762,1.0,9.75258157627864,0.10000000149011612
96.816,1.0,9.670573754174013,0.10000000149011612
96.869,1.0,9.89021382820275,0.10000000149011612
96.912,1.0,9.835224020936423,0.10000000149011612
96.968,1.0,9.890298252490659,0.10000000149011612
97.012,1.0,9.862767603062093,0.10000000149011612
97.064,1.0,9.835258120939963,0.10000000149011612
97.111,1.0,9.807763557384412,0.10000000149011612
97.167,1.0,9.72505609701491,0.10000000149011612
97.212,1.0,9.83523986565156,0.10000000149011612
97.267,1.0,9.698135860305694,0.10000000149011612
97.323,1.0,9.725403975136578,0.10000000149011612
97.366,1.0,9.7803636242946,0.10000000149011612
97.415,1.0,9.835052571507791,0.10000000149011612
97.471,1.0,9.725431732274592,0.10000000149011612
97.514,1.0,9.835022682737973,0.10000000149011612
97.563,1.0,9.643175038736727,0.10000000149011612
97.614,1.0,9.862716831784281,0.10000000149011612
97.672,1.0,9.807620244079994,0.10000000149011612
97.717,1.0,9.698260510567989,0.10000000149011612
97.764,1.0,9.862542053249975,0.10000000149011612
97.819,1.0,9.86267883160876,0.10000000149011612
97.87,1.0,9.835116579155954,0.10000000149011612
97.924,1.0,9.890136549539037,0.10000000149011612
97.968,1.0,9.752834203301205,0.10000000149011612
98.018,1.0,9.780157221046586,0.10000000149011612
98.074,1.0,9.670634564177858,0.10000000149011612
98.121,1.0,9.835196410326494,0.10000000149011612
98.171,1.0,9.7255080057722,0.10000000149011612
98.233,1.0,9.807762806262406,0.10000000149011612
98.271,1.0,9.670504886636303,0.10000000149011612
98.321,1.0,9.86250868913614,0.10000000149011612
98.373,1.0,9.890095351243184,0.10000000149011612
98.428,1.0,9.890115026219023,0.10000000149011612
98.473,1.0,9.80766985937953,0.10000000149011612
98.525,1.0,9.835116054179768,0.10000000149011612
98.574,1.0,9.78026341671745,0.10000000149011612
98.623,1.0,9.945104369541838,0.10000000149011612
98.675,1.0,9.697802665457129,0.10000000149011612
98.722,1.0,9.780292314560048,0.10000000149011612
98.78,1.0,9.780184145458042,0.10000000149011612
98.828,1.0,9.780195277039375,0.10000000149011612
98.874,1.0,9.725319544846814,0.10000000149011612
98.922,1.0,9.807737397919926,0.10000000149011612
98.973,1.0,9.890094538943636,0.10000000149011612
99.024,1.0,9.835174447711971,0.10000000149011612
99.074,1.0,9.69758750287195,0.10000000149011612
99.124,1.0,9.86259573818081,0.10000000149011612
99.174,1.0,9.725267610388498,0.10000000149011612
99.224,1.0,9.752839086080591,0.10000000149011612
99.273,1.0,9.862526191232933,0.10000000149011612
99.328,1.0,9.752758871701856,0.10000000149011612
99.375,1.0,9.890125552958084,0.10000000149011612
99.429,1.0,9.807625003552271,0.10000000149011612
99.473,1.0,9.917607068849934,0.10000000149011612
99.523,1.0,9.725347406934533,0.10000000149011612
99.573,1.0,9.725274206263324,0.10000000149011612
99.625,1.0,10.0,10.0
99.676,1.0,9.8351080218537,0.10000000149011612
99.724,1.0,9.807820928013987,0.10000000149011612
99.775,1.0,9.862510881366001,0.10000000149011612
99.834,1.0,9.835299981406166,0.10000000149011612
99.876,1.0,9.890092767899235,0.10000000149011612
99.924,1.0,9.78054332640022,0.10000000149011612
99.974,1.0,9.780323268183404,0.10000000149011612
100.029,1.0,9.725303752534092,0.10000000149011612
100.073,1.0,9.780280488460429,0.10000000149011612
100.124,1.0,9.835407770031857,0.10000000149011612
100.175,1.0,9.615553812661933,0.10000000149011612
100.224,1.0,9.807675275599792,0.10000000149011612
100.273,1.0,9.835057935863734,0.10000000149011612
100.328,1.0,9.890242814314034,0.10000000149011612
100.374,1.0,9.807825604557163,0.10000000149011612
100.429,1.0,9.752804782655504,0.10000000149011612
100.476,1.0,9.890137159720892,0.10000000149011612
100.527,1.0,9.78016419114752,0.10000000149011612
100.579,1.0,9.725292952006889,0.10000000149011612
100.626,1.0,9.780163181076448,0.10000000149011612
100.677,1.0,9.89008187264618,0.10000000149011612
100.73,1.0,9.835246305581595,0.10000000149011612
100.778,1.0,9.835248020084368,0.10000000149011612
100.827,1.0,9.78009941238496,0.10000000149011612
100.878,1.0,9.64334759376943,0.10000000149011612
100.933,1.0,9.725524994172156,0.10000000149011612
100.98,1.0,9.72561565803157,0.10000000149011612
101.029,1.0,9.725543889424038,0.10000000149011612
101.08,1.0,9.83510694216109,0.10000000149011612
101.13,1.0,9.917541494323975,0.10000000149011612
101.18,1.0,9.835072908198669,0.10000000149011612
101.229,1.0,9.78023782455259,0.10000000149011612
101.28,1.0,9.862764339397351,0.10000000149011612
101.329,1.0,9.780272810036937,0.10000000149011612
101.383,1.0,9.862622359974516,0.10000000149011612
101.432,1.0,9.807618609153563,0.10000000149011612
101.481,1.0,9.807745594738257,0.10000000149011612
101.53,1.0,9.945000000008278,0.10000000149011612
101.58,1.0,9.86267894907958,0.10000000149011612
101.639,1.0,9.835105772337151,0.10000000149011612
101.684,1.0,9.862670013577574,0.10000000149011612
101.731,1.0,9.725287282922201,0.10000000149011612
101.79,1.0,9.807858211981754,0.10000000149011612
101.835,1.0,9.752744915377763,0.10000000149011612
101.884,1.0,9.917557136838635,0.10000000149011612
101.935,1.0,9.835381226738294,0.10000000149011612
101.98,1.0,9.725221941454542,0.10000000149011612
102.034,1.0,9.72554949902826,0.10000000149011612
102.086,1.0,9.835355973181626,0.10000000149011612
102.143,1.0,9.80765321082953,0.10000000149011612
102.187,1.0,9.862780161346826,0.10000000149011612
102.236,1.0,9.725345561632679,0.10000000149011612
102.287,1.0,9.862746220640839,0.10000000149011612
102.336,1.0,9.807801654293305,0.10000000149011612
102.386,1.0,9.835012372314102,0.10000000149011612
102.437,1.0,9.890193481329415,0.10000000149011612
102.49,1.0,9.780226033988098,0.10000000149011612
102.539,1.0,9.83519901573244,0.10000000149011612
102.589,1.0,9.862662674196892,0.10000000149011612
102.644,1.0,9.780384088100659,0.10000000149011612
102.697,1.0,9.890247028155459,0.10000000149011612
102.743,1.0,9.945252329649197,0.14271806180477142
102.797,1.0,9.835404624458816,0.10000000149011612
102.842,1.0,9.807595339169104,0.10000000149011612
102.892,1.0,9.890000000016556,0.10000000149011612
102.945,1.0,9.890106295959818,0.10000000149011612
102.997,1.0,9.862762192243503,0.10000000149011612
103.041,1.0,9.807829613259269,0.10000000149011612
103.092,1.0,9.752786950042678,0.10000000149011612
103.145,1.0,9.835305893607437,0.10000000149011612
103.198,1.0,9.807665840225916,0.10000000149011612
103.245,1.0,9.67033448173768,0.10000000149011612
103.295,1.0,9.807682080442707,0.10000000149011612
103.347,1.0,9.752970341179106,0.10000000149011612
103.395,1.0,9.780209086193807,0.10000000149011612
103.45,1.0,9.862741668605143,0.10000000149011612
103.506,1.0,9.835242094347874,0.10000000149011612
103.546,1.0,9.725522205088701,0.10000000149011612
103.597,1.0,9.917513397542967,0.10000000149011612
103.648,1.0,9.780377532852192,0.10000000149011612
103.698,1.0,9.780393402257728,0.10000000149011612
103.756,1.0,9.972535564998786,0.1128033995628357
103.802,1.0,9.890254792198538,0.10000000149011612
103.851,1.0,9.807690583811038,0.10000000149011612
103.902,1.0,9.91757436061485,0.10000000149011612
103.953,1.0,9.780152752105561,0.10000000149011612
104.002,1.0,9.807814291285144,0.10000000149011612
104.051,1.0,9.78028953810119,0.10000000149011612
104.106,1.0,9.807623773150974,0.10000000149011612
104.151,1.0,9.725348833265404,0.10000000149011612
104.203,1.0,9.752754271920356,0.10000000149011612
104.258,1.0,9.86271255488197,0.10000000149011612
104.307,1.0,9.807944827112888,0.10000000149011612
104.358,1.0,9.725435563611487,0.10000000149011612
104.409,1.0,9.835000000024836,0.10000000149011612
104.458,1.0,9.725309585821297,0.10000000149011612
104.512,1.0,9.835057084821164,0.10000000149011612
104.557,1.0,9.807701740827826,0.10000000149011612
104.608,1.0,9.862555291420884,0.10000000149011612
104.658,1.0,9.780000000033114,0.10000000149011612
104.708,1.0,9.917500000012417,0.10000000149011612
104.758,1.0,9.890118648298085,0.10000000149011612
104.809,1.0,9.780602093992961,0.10000000149011612
104.858,1.0,9.670498236123887,0.10000000149011612
104.911,1.0,9.752986227224271,0.10000000149011612
104.959,1.0,9.780208732622365,0.10000000149011612
105.008,1.0,9.752803199138079,0.10000000149011612
105.063,1.0,9.75295611417128,0.10000000149011612
105.11,1.0,9.807666792078978,0.10000000149011612
105.159,1.0,9.752945477308499,0.10000000149011612
105.208,1.0,9.752955438838237,0.10000000149011612
105.259,1.0,9.75279814923803,0.10000000149011612
105.31,1.0,9.890201648552384,0.10000000149011612
105.36,1.0,9.80772216508372,0.10000000149011612
105.409,1.0,9.890326145684554,0.1201632171869278
105.462,1.0,9.862500000020695,0.10000000149011612
105.515,1.0,9.807918459466762,0.10000000149011612
105.558,1.0,9.725480157302485,0.10000000149011612
105.609,1.0,9.835169000758064,0.10000000149011612
105.659,1.0,9.890060943385793,0.10000000149011612
105.712,1.0,9.752884019083448,0.10000000149011612
105.764,1.0,9.917608579061925,0.10000000149011612
105.811,1.0,9.697830218097401,0.10000000149011612
105.851,1.0,9.89016493242234,0.10000000149011612
105.908,1.0,9.808052173732884,0.10000000149011612
105.962,1.0,9.835405422705744,0.10000000149011612
106.009,1.0,9.917716370460887,0.10000000149011612
106.058,1.0,9.807525014856623,0.10000000149011612
106.115,1.0,9.917533969796366,0.10000000149011612
106.162,1.0,9.862638828116987,0.10000000149011612
106.214,1.0,9.69766248770886,0.10000000149011612
106.263,1.0,9.917655836480359,0.10000000149011612
106.32,1.0,9.890075945626531,0.10000000149011612
106.364,1.0,9.835201927957435,0.10000000149011612
106.416,1.0,9.670238997952806,0.10000000149011612
106.465,1.0,9.80782423445748,0.10000000149011612
106.518,1.0,9.862500000020695,0.10000000149011612
106.574,1.0,9.780257746701439,0.10000000149011612
106.614,1.0,9.642847175089022,0.10000000149011612
106.665,1.0,9.642997699272302,0.10000000149011612
106.72,1.0,9.75295879141324,0.10000000149011612
106.765,1.0,9.587855055886838,0.10000000149011612
106.813,1.0,9.917638619119922,0.10000000149011612
106.864,1.0,9.72532030315035,0.10000000149011612
106.917,1.0,9.7251712732224,0.10000000149011612
106.968,1.0,9.807786778091556,0.10000000149011612
107.014,1.0,9.890109697625869,0.10000000149011612
107.064,1.0,9.835343331947096,0.10000000149011612
107.116,1.0,9.697750750515196,0.10000000149011612
107.169,1.0,9.670333162633082,0.10000000149011612
107.219,1.0,9.862746115401388,0.10000000149011612
107.271,1.0,9.890021128828327,0.10000000149011612
107.316,1.0,9.807778449087508,0.10000000149011612
107.371,1.0,9.75288959108293,0.10000000149011612
107.414,1.0,9.752883097384538,0.10000000149011612
107.472,1.0,9.890000000016556,0.10000000149011612
107.522,1.0,9.917590782418847,0.10000000149011612
107.564,1.0,9.890181041550305,0.1031813994050026
107.622,1.0,9.835145834088326,0.10000000149011612
107.673,1.0,9.835089702945616,0.10000000149011612
107.724,1.0,9.835056615931292,0.10000000149011612
107.775,1.0,9.83518900875416,0.10000000149011612
107.822,1.0,9.75282652247697,0.10000000149011612
107.874,1.0,9.945011317543685,0.10000000149011612
107.923,1.0,9.780434371882842,0.10000000149011612
107.972,1.0,9.780643001095289,0.10000000149011612
108.023,1.0,9.835186182811029,0.10000000149011612
108.075,1.0,9.862668768916693,0.10000000149011612
108.122,1.0,9.86275758428706,0.10000000149011612
108.172,1.0,9.890104538181589,0.10000000149011612
108.224,1.0,9.890070181153714,0.10000000149011612
108.276,1.0,9.780331070493492,0.10000000149011612
108.336,1.0,9.89002797609816,0.10000000149011612
108.373,1.0,9.780041683651508,0.10000000149011612
108.426,1.0,9.807654575051533,0.10000000149011612
108.475,1.0,9.725043195154932,0.10000000149011612
108.525,1.0,9.72551349233836,0.10000000149011612
108.568,1.0,9.890182927644087,0.10000000149011612
108.632,1.0,9.835204784323771,0.10000000149011612
108.674,1.0,9.725153886547519,0.10000000149011612
108.725,1.0,9.890221316325995,0.10000000149011612
108.775,1.0,9.862555215321482,0.10000000149011612
108.827,1.0,9.72561947496401,0.10000000149011612
108.876,1.0,9.917717640039822,0.10000000149011612
108.925,1.0,9.835276724915538,0.10000000149011612
108.975,1.0,9.8352531251808,0.10000000149011612
109.026,1.0,9.725238808223772,0.10000000149011612
109.074,1.0,9.862836162435512,0.10000000149011612
109.127,1.0,9.725479062087834,0.10000000149011612
109.18,1.0,9.780289003025327,0.10000000149011612
109.225,1.0,9.862670605195065,0.10000000149011612
109.277,1.0,9.835199107933375,0.10000000149011612
109.329,1.0,9.725309945249723,0.10000000149011612
109.379,1.0,9.697782034737369,0.10000000149011612
109.435,1.0,9.917500000012417,0.10000000149011612
109.476,1.0,9.835075800100135,0.10000000149011612
109.525,1.0,9.780204758110147,0.10000000149011612
109.576,1.0,9.780331594352093,0.10000000149011612
109.625,1.0,9.807627814532154,0.10000000149011612
109.674,1.0,9.780241851115392,0.10000000149011612
109.726,1.0,9.780589663402901,0.10000000149011612
109.78,1.0,9.862652471371822,0.10000000149011612
109.822,1.0,9.86267992494007,0.10000000149011612
109.877,1.0,9.78055272071312,0.10000000149011612
109.933,1.0,9.807858124644392,0.10000000149011612
109.984,1.0,9.725233187629945,0.10000000149011612
110.031,1.0,9.835193656612601,0.10000000149011612
110.084,1.0,9.917500000012417,0.10000000149011612
110.129,1.0,9.862614310325847,0.10000000149011612
110.178,1.0,9.890140246289471,0.10000000149011612
110.229,1.0,9.725276483015882,0.10000000149011612
110.284,1.0,9.917598663560218,0.10000000149011612
110.342,1.0,9.835078070954316,0.10000000149011612
110.396,1.0,9.862808897015121,0.10000000149011612
110.436,1.0,9.807963800161248,0.10000000149011612
110.486,1.0,9.780420624299182,0.10000000149011612
110.536,1.0,9.917576770380967,0.10091051459312439
110.586,1.0,9.807674146340124,0.10000000149011612
110.636,1.0,9.642945924008059,0.10000000149011612
110.688,1.0,9.725422398000955,0.10000000149011612
110.736,1.0,9.890104708882669,0.10000000149011612
110.793,1.0,9.972596148153146,0.13461333513259888
110.839,1.0,9.780506102740764,0.10000000149011612
110.893,1.0,9.725308528314862,0.10000000149011612
110.942,1.0,9.75282820324517,0.10000000149011612
110.995,1.0,9.753009965208669,0.10000000149011612
111.044,1.0,9.86273574113018,0.10000000149011612
111.098,1.0,9.752706531042026,0.10000000149011612
111.147,1.0,9.78014127543817,0.10000000149011612
111.202,1.0,9.807866002143257,0.10000000149011612
111.246,1.0,9.780272698505884,0.10000000149011612
111.295,1.0,9.80798687669966,0.10000000149011612
111.347,1.0,9.862755123484465,0.10000000149011612
111.402,1.0,9.75281817238364,0.10000000149011612
111.447,1.0,9.835221179988649,0.10000000149011612
111.498,1.0,9.670403147550921,0.10000000149011612
111.547,1.0,9.890013979954851,0.10000000149011612
111.597,1.0,9.780449397924047,0.10000000149011612
111.657,1.0,9.807660722898113,0.10000000149011612
111.696,1.0,9.752911495934757,0.10000000149011612
111.746,1.0,9.697732483823266,0.10000000149011612
111.802,1.0,9.697903028585845,0.10000000149011612
111.847,1.0,9.807637256342504,0.10000000149011612
111.902,1.0,9.780190691889988,0.10000000149011612
111.945,1.0,9.643281537439261,0.10000000149011612
111.998,1.0,9.725068106005589,0.10000000149011612
112.048,1.0,9.835383463050757,0.10000000149011612
112.097,1.0,9.862599408171244,0.10000000149011612
112.147,1.0,9.752813450495402,0.10000000149011612
112.202,1.0,9.780278989010387,0.10000000149011612
112.248,1.0,9.780592036412822,0.10000000149011612
112.3,1.0,9.807693315152493,0.10000000149011612
112.351,1.0,9.862579184646409,0.10000000149011612
112.398,1.0,9.917500000012417,0.10000000149011612
112.454,1.0,9.752681082735458,0.10000000149011612
112.498,1.0,9.835414947279626,0.10000000149011612
112.548,1.0,9.862565361439353,0.10000000149011612
112.601,1.0,9.862573912450008,0.10000000149011612
112.657,1.0,9.69789329049074,0.10000000149011612
112.698,1.0,9.80776246715751,0.10000000149011612
112.757,1.0,9.835212584502168,0.10000000149011612
112.798,1.0,9.917721803196603,0.1185832992196083
112.848,1.0,9.752863974724379,0.10000000149011612
112.898,1.0,9.807912755405738,0.10000000149011612
112.947,1.0,9.75302412406438,0.10000000149011612
113.0,1.0,9.890143150919014,0.10000000149011612
113.05,1.0,9.58809863647653,0.10000000149011612
113.099,1.0,9.862727766297757,0.10000000149011612
113.156,1.0,9.780396865266892,0.10000000149011612
113.199,1.0,9.972500000004139,0.10000000149011612
113.249,1.0,9.890142435932326,0.10000000149011612
113.299,1.0,9.862794430926442,0.10000000149011612
113.35,1.0,9.725408439317512,0.10000000149011612
113.401,1.0,9.83510162482659,0.10000000149011612
113.449,1.0,9.753053768248193,0.10000000149011612
113.506,1.0,9.862745940043695,0.10000000149011612
113.549,1.0,9.725302169637548,0.10000000149011612
113.599,1.0,9.807650944942402,0.10000000149011612
113.649,1.0,9.697908968416353,0.10000000149011612
113.699,1.0,9.752873421667351,0.10000000149011612
113.758,1.0,9.835137290238507,0.10000000149011612
113.8,1.0,9.807955797451237,0.10000000149011612
113.853,1.0,9.725319434681701,0.10000000149011612
113.902,1.0,9.642954401030309,0.10000000149011612
113.953,1.0,9.725417726838755,0.10000000149011612
114.002,1.0,9.890086560510099,0.10000000149011612
114.051,1.0,9.86259006328053,0.10000000149011612
114.102,1.0,9.780327150349816,0.10000000149011612
114.155,1.0,9.862523264582787,0.10000000149011612
114.204,1.0,9.862717674527731,0.10000000149011612
114.254,1.0,9.945135838641889,0.10000000149011612
114.304,1.0,9.752932390839689,0.10000000149011612
114.353,1.0,9.780159031372104,0.10000000149011612
114.404,1.0,9.83531494502806,0.10000000149011612
114.457,1.0,9.807752722191314,0.10000000149011612
114.504,1.0,9.83501324399064,0.10000000149011612
114.555,1.0,9.862647053599357,0.10000000149011612
114.606,1.0,9.807707933336497,0.10000000149011612
114.656,1.0,9.862663790831963,0.10000000149011612
114.704,1.0,9.72508633190559,0.10000000149011612
114.764,1.0,9.725300913904276,0.10000000149011612
114.806,1.0,9.89033585809585,0.10000000149011612
114.861,1.0,9.890157400050924,0.10000000149011612
114.906,1.0,9.752664318556587,0.10000000149011612
114.956,1.0,9.807715860216154,0.10000000149011612
115.007,1.0,9.862623538925416,0.10000000149011612
115.055,1.0,9.75294894044184,0.10000000149011612
115.11,1.0,9.807811355984045,0.10000000149011612
115.157,1.0,9.862594950219822,0.100067138671875
115.208,1.0,9.890122460677391,0.10000000149011612
115.255,1.0,9.807527133015295,0.10000000149011612
115.306,1.0,9.835184859070512,0.10000000149011612
115.362,1.0,9.725498383844064,0.10000000149011612
115.41,1.0,9.697927912283275,0.10000000149011612
115.459,1.0,9.78023183664514,0.10000000149011612
115.505,1.0,9.835225603563918,0.10000000149011612
115.555,1.0,9.642983065297207,0.10000000149011612
115.606,1.0,9.78019968956295,0.10000000149011612
115.657,1.0,9.752606073497898,0.10000000149011612
115.704,1.0,9.780243712684346,0.10000000149011612
115.756,1.0,9.780296485084627,0.10000000149011612
115.805,1.0,9.862736495397986,0.10000000149011612
115.86,1.0,9.890033247632285,0.10000000149011612
115.912,1.0,9.780216288401022,0.10000000149011612
115.958,1.0,9.807566638228794,0.10000000149011612
116.008,1.0,9.83512394581404,0.10000000149011612
116.057,1.0,9.917500000012417,0.10000000149011612
116.109,1.0,9.835099466372695,0.10000000149011612
116.159,1.0,9.752805244322452,0.10000000149011612
116.225,1.0,9.752816858018438,0.10000000149011612
116.257,1.0,9.835036188239853,0.10000000149011612
116.313,1.0,9.725279442696936,0.10000000149011612
116.366,1.0,9.697947304344012,0.10000000149011612
116.415,1.0,9.807976218871772,0.10000000149011612
116.463,1.0,9.835164042479462,0.10000000149011612
116.513,1.0,9.807846670846144,0.10000000149011612
116.568,1.0,9.862657231858208,0.10000000149011612
116.618,1.0,9.642763508670033,0.10000000149011612
116.665,1.0,9.752784432781239,0.10000000149011612
116.716,1.0,9.86273783515725,0.10000000149011612
116.765,1.0,9.890028669457468,0.10000000149011612
116.814,1.0,9.835232303539913,0.10000000149011612
116.864,1.0,9.890000000016556,0.10000000149011612
116.914,1.0,9.698109644113316,0.10000000149011612
116.972,1.0,9.835181296596097,0.10000000149011612
117.017,1.0,9.780334230284724,0.10000000149011612
117.071,1.0,9.752702535978623,0.10000000149011612
117.12,1.0,9.83543352070782,0.10000000149011612
117.17,1.0,9.862846960210138,0.10000000149011612
117.226,1.0,9.780360723597308,0.10000000149011612
117.27,1.0,9.752736006615063,0.10000000149011612
117.324,1.0,9.780253476587434,0.10000000149011612
117.371,1.0,9.890120794582698,0.10000000149011612
117.42,1.0,9.807605306762788,0.10000000149011612
117.471,1.0,9.780116419038839,0.10000000149011612
117.521,1.0,9.835450281885763,0.10000000149011612
117.572,1.0,9.862609617908795,0.10000000149011612
117.622,1.0,9.945085210704969,0.10000000149011612
117.671,1.0,9.890119102555845,0.10000000149011612
117.721,1.0,9.780273778653807,0.10000000149011612
117.771,1.0,9.83506262525916,0.10000000149011612
117.825,1.0,9.780234448984265,0.10000000149011612
117.874,1.0,9.83510335162282,0.10000000149011612
117.922,1.0,9.78040217043211,0.10000000149011612
117.982,1.0,9.890099832436277,0.10000000149011612
118.021,1.0,9.752972059717608,0.10000000149011612
118.076,1.0,9.80754244600733,0.10000000149011612
118.122,1.0,9.807844726141129,0.10000000149011612
118.172,1.0,9.835230122775668,0.10000000149011612
118.222,1.0,9.80761680663046,0.10000000149011612
118.279,1.0,9.752631417930955,0.10000000149011612
118.323,1.0,9.890153297533592,0.10000000149011612
118.374,1.0,9.89014116809186,0.10000000149011612
118.427,1.0,9.835198854282499,0.10000000149011612
118.473,1.0,9.917502876267665,0.10000000149011612
118.523,1.0,9.862541950328483,0.10000000149011612
118.573,1.0,9.752993338658579,0.10000000149011612
118.625,1.0,9.780102248407072,0.10000000149011612
118.674,1.0,9.835314512480464,0.10000000149011612
118.724,1.0,9.917715629252294,0.10000000149011612
118.773,1.0,9.780204747058452,0.10000000149011612
118.825,1.0,9.75280729085207,0.10000000149011612
118.878,1.0,9.78037112067557,0.10000000149011612
118.934,1.0,9.780475018380416,0.10000000149011612
118.98,1.0,9.752620657078094,0.10000000149011612
119.03,1.0,9.835092899472349,0.10000000149011612
119.078,1.0,9.917519235548873,0.10000000149011612
119.129,1.0,9.862754385814899,0.10000000149011612
119.178,1.0,9.835174973122776,0.10000000149011612
119.229,1.0,9.752707642585866,0.10000000149011612
119.278,1.0,9.752794129463533,0.10000000149011612
119.337,1.0,9.7525929287076,0.10000000149011612
119.379,1.0,9.862736660428345,0.10000000149011612
119.428,1.0,9.807942234828241,0.10000000149011612
119.48,1.0,9.862601932924655,0.10000000149011612
119.534,1.0,9.807900948201617,0.10000000149011612
119.581,1.0,9.862751366963817,0.10000000149011612
119.628,1.0,9.780402078127695,0.10000000149011612
119.68,1.0,9.72536083329469,0.10000000149011612
119.732,1.0,9.862545633957618,0.10000000149011612
119.778,1.0,9.862653861298329,0.10000000149011612
119.829,1.0,9.780456854444411,0.10000000149011612
119.878,1.0,9.753033305663202,0.10000000149011612
119.933,1.0,9.835063864332106,0.10000000149011612
119.988,1.0,9.835252973954711,0.10000000149011612
120.032,1.0,9.725364271468587,0.10000000149011612
120.084,1.0,9.835190818872716,0.10000000149011612
120.132,1.0,9.697986203701133,0.10000000149011612
120.181,1.0,9.780285486972167,0.10000000149011612
120.231,1.0,9.725363012568819,0.10000000149011612
120.281,1.0,9.917808536108996,0.13040417432785034
120.329,1.0,9.862610492317213,0.10000000149011612
120.383,1.0,9.780130484120713,0.10000000149011612
120.436,1.0,9.752884316961799,0.10000000149011612
120.48,1.0,9.91765788808051,0.10000000149011612
120.532,1.0,9.807767071161006,0.10000000149011612
120.58,1.0,9.97254157592025,0.11496733129024506
120.631,1.0,9.752603086622225,0.10000000149011612
120.681,1.0,9.807782331709232,0.10000000149011612
120.745,1.0,9.890179352876213,0.10000000149011612
120.784,1.0,9.807658634541763,0.10000000149011612
120.833,1.0,9.725512473761208,0.10000000149011612
120.883,1.0,9.835328116536969,0.10000000149011612
120.936,1.0,9.752927571514414,0.10000000149011612
120.995,1.0,9.560456525575784,0.10000000149011612
121.033,1.0,9.807627272233367,0.10000000149011612
121.083,1.0,9.890060622410642,0.10000000149011612
121.14,1.0,9.890355374519196,0.10000000149011612
121.191,1.0,9.725273026049965,0.10000000149011612
121.236,1.0,9.917514209283723,0.10000000149011612
121.284,1.0,9.890128359281354,0.10000000149011612
121.34,1.0,9.807552456172804,0.10000000149011612
121.39,1.0,9.890116847285794,0.10000000149011612
121.438,1.0,9.780328967360159,0.10000000149011612
121.488,1.0,9.862673612456355,0.10000000149011612
121.537,1.0,9.69776481313424,0.10000000149011612
121.586,1.0,9.835219343813757,0.10000000149011612
121.64,1.0,9.972500000004139,0.10000000149011612
121.694,1.0,9.835137036649718,0.10000000149011612
121.741,1.0,9.78012352556818,0.10000000149011612
121.793,1.0,9.835227710256975,0.10000000149011612
121.845,1.0,9.7803398742444,0.10000000149011612
121.893,1.0,9.835040338358118,0.10000000149011612
121.944,1.0,9.890013493204282,0.10000000149011612
121.994,1.0,9.890002803152633,0.10000000149011612
122.046,1.0,9.780398942323195,0.10000000149011612
122.097,1.0,9.917569070371488,0.10000000149011612
122.149,1.0,9.697647931695812,0.10000000149011612
122.195,1.0,9.725415191530354,0.10000000149011612
122.252,1.0,9.835425410978496,0.10000000149011612
122.299,1.0,9.835341017651889,0.10000000149011612
122.351,1.0,9.80790312182572,0.10000000149011612
122.4,1.0,9.835027571415736,0.10000000149011612
122.459,1.0,9.697809235047963,0.10000000149011612
122.5,1.0,9.917634423987733,0.10000000149011612
122.55,1.0,9.807694595265719,0.10000000149011612
122.607,1.0,9.835198787372146,0.10000000149011612
122.657,1.0,9.752740043215454,0.10000000149011612
122.704,1.0,9.6980855466591,0.10000000149011612
122.763,1.0,9.752918050852086,0.10000000149011612
122.809,1.0,9.780068764111235,0.10000000149011612
122.857,1.0,9.835000000024836,0.10000000149011612
122.906,1.0,9.80772620431251,0.10000000149011612
122.955,1.0,9.862683198559616,0.10000000149011612
123.014,1.0,9.698213664214645,0.10000000149011612
123.058,1.0,9.835155979812972,0.10000000149011612
123.107,1.0,9.697818399572538,0.10000000149011612
123.162,1.0,9.86271866740038,0.10000000149011612
123.209,1.0,9.862668468596206,0.10000000149011612
123.256,1.0,9.752818457057906,0.10000000149011612
123.308,1.0,9.917500000012417,0.10000000149011612
123.357,1.0,9.890283846482635,0.10000000149011612
123.406,1.0,9.835006428178813,0.10000000149011612
123.456,1.0,9.725223138411012,0.10000000149011612
123.509,1.0,9.890292024177809,0.10000000149011612
123.557,1.0,9.862719406456582,0.10000000149011612
123.608,1.0,9.807982592843473,0.10000000149011612
123.663,1.0,9.752790479175747,0.10000000149011612
123.706,1.0,9.78027087390009,0.10000000149011612
123.765,1.0,9.835276966976624,0.10000000149011612
123.813,1.0,9.807795058770312,0.10000000149011612
123.865,1.0,9.697884945447246,0.10000000149011612
123.916,1.0,9.890000000016556,0.10000000149011612
123.964,1.0,9.862747420349883,0.10000000149011612
124.016,1.0,9.725250311837428,0.10000000149011612
124.066,1.0,9.807538502725462,0.10000000149011612
124.114,1.0,9.6979467579681,0.10000000149011612
124.165,1.0,9.835143247971104,0.10000000149011612
124.215,1.0,9.807794619475802,0.10000000149011612
124.265,1.0,9.752681356295943,0.10000000149011612
124.32,1.0,9.697894942781163,0.10000000149011612
124.365,1.0,9.807684616806606,0.10000000149011612
124.416,1.0,9.862624647075103,0.10000000149011612
124.466,1.0,9.890230526340504,0.10000000149011612
124.524,1.0,9.697755670671661,0.10000000149011612
124.568,1.0,9.752977918771405,0.10000000149011612
124.619,1.0,9.835404403693975,0.10000000149011612
124.667,1.0,9.780167163059943,0.10000000149011612
124.725,1.0,9.835142999742594,0.10000000149011612
124.77,1.0,9.780216047436827,0.10000000149011612
124.82,1.0,9.752875575961339,0.10000000149011612
124.87,1.0,9.643147537857294,0.10000000149011612
124.922,1.0,9.725399872515764,0.10000000149011612
124.97,1.0,9.75287671542416,0.10000000149011612
125.019,1.0,9.752710815353526,0.10000000149011612
125.074,1.0,9.83511440878113,0.10000000149011612
125.119,1.0,9.725592951559358,0.10000000149011612
125.171,1.0,9.890007183452447,0.10000000149011612
125.225,1.0,9.835061955079436,0.10000000149011612
125.271,1.0,9.890058476457165,0.10000000149011612
125.321,1.0,9.75280110877421,0.10000000149011612
125.371,1.0,9.725257207763692,0.10000000149011612
125.424,1.0,9.862570587628417,0.10000000149011612
125.474,1.0,9.780747558776703,0.10000000149011612
125.517,1.0,9.670270802598033,0.10000000149011612
125.572,1.0,9.780228278578983,0.10000000149011612
125.622,1.0,9.807984788736535,0.10000000149011612
125.673,1.0,9.945046917266316,0.10000000149011612
125.722,1.0,9.670702176685962,0.10000000149011612
125.772,1.0,9.807851927913726,0.10000000149011612
125.831,1.0,9.862673442852167,0.10000000149011612
125.875,1.0,9.80773927807394,0.10000000149011612
125.923,1.0,9.83521913724641,0.10000000149011612
125.977,1.0,9.78027607438465,0.10000000149011612
126.035,1.0,9.80795619694723,0.10000000149011612
126.073,1.0,9.780282210682829,0.10000000149011612
126.123,1.0,9.780164694041014,0.10000000149011612
126.172,1.0,9.862676895492607,0.10053352266550064
126.222,1.0,9.615375813076065,0.10000000149011612
126.274,1.0,9.780439309382604,0.10000000149011612
126.331,1.0,9.780300711488557,0.10000000149011612
126.379,1.0,9.807742767160137,0.10000000149011612
126.428,1.0,9.862642402346763,0.10000000149011612
126.478,1.0,9.835351509249044,0.10000000149011612
126.532,1.0,9.670582304004993,0.10000000149011612
126.579,1.0,9.890252771704562,0.11100063472986221
126.633,1.0,9.890056981146335,0.10000000149011612
126.681,1.0,9.808002541917894,0.10043665021657944
126.727,1.0,9.697770087048411,0.10000000149011612
126.779,1.0,9.862523054952423,0.10000000149011612
126.835,1.0,9.862825538052453,0.10000000149011612
126.876,1.0,9.917557750538819,0.10000000149011612
126.928,1.0,9.890123690768249,0.10000000149011612
126.984,1.0,9.890083991156684,0.10000000149011612
127.029,1.0,9.780502788039545,0.10000000149011612
127.081,1.0,9.78039917519523,0.10000000149011612
127.138,1.0,9.807698446884752,0.10000000149011612
127.18,1.0,9.752939649505748,0.10000000149011612
127.23,1.0,9.780298797806932,0.10000000149011612
127.282,1.0,9.807725339362191,0.10000000149011612
127.333,1.0,9.917522367379732,0.10000000149011612
127.381,1.0,9.835428607277573,0.10000000149011612
127.439,1.0,9.862516516095233,0.10000000149011612
127.48,1.0,9.697838023263547,0.10000000149011612
127.532,1.0,9.807660652904048,0.10000000149011612
127.581,1.0,9.83522243414902,0.10000000149011612
127.631,1.0,9.752701677444081,0.10000000149011612
127.68,1.0,9.835280234056215,0.10000000149011612
127.73,1.0,9.862638522063692,0.10000000149011612
127.784,1.0,9.75282754364113,0.10000000149011612
127.835,1.0,9.83517317492515,0.10000000149011612
127.888,1.0,9.642801314613058,0.10000000149011612
127.933,1.0,9.835315655358135,0.10000000149011612
127.985,1.0,9.807572952947682,0.10000000149011612
128.043,1.0,9.862751121901804,0.10000000149011612
128.085,1.0,9.807876605126593,0.10000000149011612
128.14,1.0,9.945173063812156,0.11920606344938278
128.198,1.0,9.752605001110997,0.10000000149011612
128.236,1.0,9.752879083363545,0.10000000149011612
128.29,1.0,9.780257760402229,0.10000000149011612
128.343,1.0,9.945145170514783,0.12087918817996979
128.385,1.0,9.807734500389133,0.10000000149011612
128.441,1.0,9.78053325307038,0.10000000149011612
128.488,1.0,9.697970931252671,0.10000000149011612
128.538,1.0,9.807696816428669,0.10000000149011612
128.593,1.0,9.890067859407928,0.10000000149011612
128.638,1.0,9.615478699675037,0.10000000149011612
128.687,1.0,9.780153195518587,0.10000000149011612
128.732,1.0,9.752715393031638,0.10000000149011612
128.791,1.0,9.725513024979996,0.10000000149011612
128.842,1.0,9.835360998556846,0.10000000149011612
128.894,1.0,9.697758667916059,0.10000000149011612
128.937,1.0,9.533026878494356,0.10000000149011612
128.991,1.0,9.917621788092786,0.10000000149011612
129.037,1.0,9.752863159258332,0.10000000149011612
129.091,1.0,9.78027510440184,0.10000000149011612
129.137,1.0,9.807790718020664,0.10000000149011612
129.188,1.0,9.917594601420893,0.10000000149011612
129.237,1.0,9.862783565517102,0.10000000149011612
129.281,1.0,9.862700404702789,0.10000000149011612
129.339,1.0,9.78033059367703,0.10000000149011612
129.395,1.0,9.862823328541385,0.10000000149011612
129.44,1.0,9.807787130131489,0.10000000149011612
129.49,1.0,9.780456112407975,0.10000000149011612
129.544,1.0,9.780285812624626,0.10000000149011612
129.589,1.0,9.807928603784077,0.10000000149011612
129.641,1.0,9.780402395770782,0.10000000149011612
129.699,1.0,9.807818310666416,0.10000000149011612
129.742,1.0,9.862608006182644,0.10000000149011612
129.788,1.0,9.780117508334419,0.10000000149011612
129.838,1.0,9.835330871182183,0.10000000149011612
129.884,1.0,9.725575102141335,0.10000000149011612
129.939,1.0,9.78026043275992,0.10000000149011612
129.988,1.0,9.86258649867442,0.10000000149011612
130.038,1.0,9.807664731041426,0.10000000149011612
130.089,1.0,9.83511539194733,0.10000000149011612
130.141,1.0,9.835165389006336,0.10000000149011612
130.189,1.0,9.835004055065413,0.10000000149011612
130.239,1.0,9.780270158189039,0.10000000149011612
130.289,1.0,9.83532914208869,0.10000000149011612
130.34,1.0,9.67084311561452,0.10000000149011612
130.392,1.0,9.780089508783487,0.10000000149011612
130.449,1.0,9.945074056937463,0.10000000149011612
130.488,1.0,9.8078208387105,0.10000000149011612
130.544,1.0,9.890229972079396,0.10000000149011612
130.591,1.0,9.697697223909199,0.10000000149011612
130.639,1.0,9.752865653029746,0.10000000149011612
130.694,1.0,9.807779057675766,0.10000000149011612
130.742,1.0,9.78031294937763,0.10000000149011612
130.795,1.0,9.835268985831902,0.10000000149011612
130.842,1.0,9.670659571906759,0.10000000149011612
130.893,1.0,9.835144394801723,0.10000000149011612
130.944,1.0,9.780442931316793,0.10000000149011612
130.992,1.0,9.725381825615962,0.10000000149011612
131.044,1.0,9.890054980437789,0.10000000149011612
131.094,1.0,9.807605431932542,0.10000000149011612
131.15,1.0,9.670533043725623,0.10000000149011612
131.192,1.0,9.862846726386083,0.10000000149011612
131.247,1.0,9.64325756871452,0.10000000149011612
131.292,1.0,9.917503383176195,0.10000000149011612
131.341,1.0,9.75266409671555,0.10000000149011612
131.393,1.0,9.780215537961986,0.10000000149011612
131.443,1.0,9.807795990113583,0.10000000149011612
131.492,1.0,9.697764447414214,0.10000000149011612
131.545,1.0,9.835085708378918,0.10000000149011612
131.601,1.0,9.807569391859902,0.10000000149011612
131.646,1.0,9.890313832234177,0.10000000149011612
131.699,1.0,9.588171188967923,0.10000000149011612
131.747,1.0,9.80766967665404,0.10000000149011612
131.8,1.0,9.807640797706942,0.10000000149011612
131.845,1.0,9.780255910257498,0.10000000149011612
131.9,1.0,9.752681951783597,0.10000000149011612
131.953,1.0,9.862615951192048,0.10000000149011612
131.998,1.0,9.807752369302843,0.10000000149011612
132.05,1.0,9.697999873571097,0.10000000149011612
132.109,1.0,9.807548926770687,0.10000000149011612
132.147,1.0,9.91771539190991,0.10000000149011612
132.206,1.0,9.725277222154869,0.10000000149011612
132.252,1.0,9.780132429260346,0.10000000149011612
132.306,1.0,9.862678637645311,0.10000000149011612
132.351,1.0,9.8352884053977,0.10000000149011612
132.401,1.0,9.807638412858877,0.10000000149011612
132.451,1.0,9.807944408141905,0.10000000149011612
132.506,1.0,9.69791301511642,0.10000000149011612
132.551,1.0,9.890045885286398,0.10000000149011612
132.602,1.0,9.890251321055823,0.10500578582286835
132.655,1.0,9.752701997343037,0.10000000149011612
132.702,1.0,9.80776446285761,0.10000000149011612
132.75,1.0,9.835134582242205,0.10000000149011612
132.805,1.0,9.83500581878341,0.10000000149011612
132.855,1.0,9.752663505656852,0.10000000149011612
132.902,1.0,9.752665713450147,0.10000000149011612
132.953,1.0,9.862682509567176,0.10000000149011612
133.007,1.0,9.890000000016556,0.10000000149011612
133.051,1.0,9.643082595844236,0.10000000149011612
133.103,1.0,9.807535348956783,0.10000000149011612
133.151,1.0,9.835187692981627,0.10000000149011612
133.212,1.0,9.780307715593112,0.10000000149011612
133.254,1.0,9.890147972624336,0.10000000149011612
133.302,1.0,9.69772566743195,0.10000000149011612
133.356,1.0,9.862637788512641,0.10000000149011612
133.406,1.0,9.890146312966115,0.10000000149011612
133.452,1.0,9.890136009930737,0.10000000149011612
133.504,1.0,9.862653560915755,0.10000000149011612
133.557,1.0,9.862739313311048,0.10000000149011612
133.603,1.0,9.780138767821093,0.10000000149011612
133.654,1.0,9.7251597724648,0.10000000149011612
133.704,1.0,9.890063706185256,0.10000000149011612
133.755,1.0,9.807646559551358,0.10000000149011612
133.802,1.0,9.725215392352807,0.10000000149011612
133.853,1.0,9.72525763284001,0.10000000149011612
133.903,1.0,9.780045789293945,0.10000000149011612
133.96,1.0,9.91762853672521,0.10000000149011612
134.005,1.0,9.725713760116035,0.10000000149011612
134.054,1.0,9.862776174127228,0.10000000149011612
134.105,1.0,9.83529584157384,0.10000000149011612
134.16,1.0,9.835313068764906,0.10000000149011612
134.204,1.0,9.862759551633562,0.10000000149011612
134.257,1.0,9.862541408278048,0.10000000149011612
134.329,1.0,9.835017522900468,0.10000000149011612
134.361,1.0,9.807901304587721,0.10000000149011612
134.408,1.0,9.807622921052907,0.10000000149011612
134.456,1.0,9.890132262288697,0.10000000149011612
134.506,1.0,9.670571788131364,0.10000000149011612
134.556,1.0,9.780387006451686,0.10000000149011612
134.607,1.0,9.835455848918192,0.10000000149011612
134.655,1.0,9.780529474549823,0.10000000149011612
134.711,1.0,9.642728526021044,0.10000000149011612
134.756,1.0,9.835164899316927,0.10000000149011612
134.813,1.0,10.0,10.0
134.857,1.0,9.615541575745576,0.10000000149011612
134.906,1.0,9.835184643603862,0.10000000149011612
134.96,1.0,9.83520099516544,0.10000000149011612
135.005,1.0,9.72522211316973,0.10000000149011612
135.058,1.0,9.835258386118545,0.10000000149011612
135.108,1.0,9.725385528161294,0.10000000149011612
135.156,1.0,9.780359279757572,0.10000000149011612
135.207,1.0,9.752944302455418,0.10000000149011612
135.257,1.0,9.890321493128107,0.10000000149011612
135.306,1.0,9.725199222999315,0.10000000149011612
135.356,1.0,9.835209087758429,0.10000000149011612
135.407,1.0,9.780184903513227,0.10000000149011612
135.461,1.0,9.588111178390681,0.10000000149011612
135.515,1.0,9.890188986911541,0.10000000149011612
135.556,1.0,9.835322587792245,0.10000000149011612
135.606,1.0,9.780343480490975,0.10000000149011612
135.661,1.0,9.69805373897155,0.10000000149011612
135.711,1.0,9.780124677634902,0.10000000149011612
135.759,1.0,9.890273844036791,0.10000000149011612
135.809,1.0,9.807620361426638,0.10000000149011612
135.854,1.0,9.835241252349483,0.10000000149011612
135.909,1.0,9.83513604234904,0.10000000149011612
135.961,1.0,9.725294020689196,0.10000000149011612
136.013,1.0,9.807669335810674,0.10000000149011612
136.063,1.0,9.807624179124833,0.10000000149011612
136.114,1.0,9.835207365618812,0.10000000149011612
136.162,1.0,9.91755347583029,0.10000000149011612
136.213,1.0,9.862542375239233,0.10000000149011612
136.264,1.0,9.642854783539143,0.10000000149011612
136.312,1.0,9.725405014389091,0.10000000149011612
136.363,1.0,9.752805529224377,0.10000000149011612
136.414,1.0,9.72534564367185,0.10000000149011612
136.464,1.0,9.80760054708355,0.10000000149011612
136.512,1.0,9.752850805450645,0.10000000149011612
136.563,1.0,9.83525759761946,0.10000000149011612
136.613,1.0,9.807850730646816,0.10000000149011612
136.663,1.0,9.69788761258953,0.10000000149011612
136.715,1.0,9.945110439571241,0.10000000149011612
136.766,1.0,9.917672012228932,0.10000000149011612
136.812,1.0,9.89018610794511,0.10000000149011612
136.864,1.0,9.807962473005885,0.10000000149011612
136.915,1.0,9.807555183933841,0.10000000149011612
136.968,1.0,9.91758535452601,0.10000000149011612
137.018,1.0,9.64300137464371,0.10000000149011612
137.064,1.0,9.807838039928013,0.10000000149011612
137.113,1.0,9.752786623107063,0.10000000149011612
137.164,1.0,9.780405957686405,0.10000000149011612
137.213,1.0,9.780297013310095,0.10000000149011612
137.259,1.0,9.862721679794292,0.10000000149011612
137.313,1.0,9.807740459777415,0.10000000149011612
137.363,1.0,9.697858697631293,0.10000000149011612
137.414,1.0,9.80778935837249,0.10000000149011612
137.466,1.0,9.725321385119525,0.10000000149011612
137.515,1.0,9.862684001877076,0.10000000149011612
137.565,1.0,9.807734120554395,0.10000000149011612
137.615,1.0,9.80776862502098,0.10000000149011612
137.664,1.0,9.752960469221904,0.10000000149011612
137.714,1.0,9.69784794623653,0.10000000149011612
137.768,1.0,9.697627880362173,0.10000000149011612
137.814,1.0,9.890013500551383,0.10000000149011612
137.866,1.0,9.835203893648254,0.10000000149011612
137.923,1.0,9.80780878977643,0.10000000149011612
137.966,1.0,9.80763652510941,0.10000000149011612
138.017,1.0,9.697899411080613,0.10000000149011612
138.067,1.0,9.972523539347781,0.10847416520118713
138.116,1.0,9.725315120112565,0.10000000149011612
138.168,1.0,9.835155802965165,0.10000000149011612
138.223,1.0,9.780093143011133,0.10000000149011612
138.266,1.0,9.807900524139404,0.10000000149011612
138.32,1.0,9.945119297359552,0.10000000149011612
138.368,1.0,9.807778696984881,0.10000000149011612
138.417,1.0,9.86260118033323,0.10000000149011612
138.482,1.0,9.725275468101932,0.10000000149011612
138.515,1.0,9.945214108626049,0.13499028980731964
138.566,1.0,9.83524005158494,0.10000000149011612
138.616,1.0,9.615131586065722,0.10000000149011612
138.671,1.0,9.725255444211264,0.10000000149011612
138.718,1.0,9.862562441349857,0.10000000149011612
138.777,1.0,9.697899298121532,0.10000000149011612
138.819,1.0,9.835190065080921,0.10000000149011612
138.872,1.0,9.752777955908742,0.10000000149011612
138.921,1.0,9.807730013028616,0.10000000149011612
138.972,1.0,9.697765859692462,0.10000000149011612
139.024,1.0,9.780419933464792,0.10000000149011612
139.075,1.0,9.807635248183376,0.10000000149011612
139.121,1.0,9.807707891716726,0.10000000149011612
139.174,1.0,9.862500000020695,0.10000000149011612
139.226,1.0,9.890179547957247,0.10000000149011612
139.273,1.0,9.86258940026164,0.10000000149011612
139.327,1.0,9.780182464172443,0.10000000149011612
139.373,1.0,9.890319298973514,0.10000000149011612
139.425,1.0,9.917567730881274,0.10000000149011612
139.473,1.0,9.890089483641916,0.10000000149011612
139.522,1.0,9.862562819942832,0.10000000149011612
139.578,1.0,9.780357552278373,0.10000000149011612
139.622,1.0,9.725650096353558,0.10000000149011612
139.679,1.0,9.862718563423389,0.10000000149011612
139.723,1.0,9.697774842133125,0.10000000149011612
139.779,1.0,9.890000000016556,0.10000000149011612
139.835,1.0,9.862824467714463,0.10000000149011612
139.879,1.0,9.890109619850087,0.10000000149011612
139.928,1.0,9.780253057181834,0.10000000149011612
139.981,1.0,9.862633240823117,0.10000000149011612
140.029,1.0,9.835196101003223,0.10000000149011612
140.093,1.0,9.642805964416928,0.10000000149011612
140.128,1.0,9.890010795762969,0.10000000149011612
140.181,1.0,9.752784853511386,0.10000000149011612
140.233,1.0,9.752724850902126,0.10000000149011612
140.28,1.0,9.917591221258045,0.10000000149011612
140.332,1.0,9.80763922079156,0.10000000149011612
140.384,1.0,9.780361829801565,0.10000000149011612
140.432,1.0,9.835248917527498,0.10000000149011612
140.485,1.0,9.862781730997893,0.10000000149011612
140.534,1.0,9.835054664934676,0.10000000149011612
140.584,1.0,9.780177108943462,0.10000000149011612
140.635,1.0,9.89003583966858,0.10000000149011612
140.681,1.0,9.835411416718529,0.10000000149011612
140.734,1.0,9.780212718310455,0.10000000149011612
140.786,1.0,9.807635380927888,0.10000000149011612
140.838,1.0,9.890206789018379,0.10000000149011612
140.884,1.0,9.862746593252652,0.10000000149011612
140.943,1.0,9.80755383287453,0.10000000149011612
140.986,1.0,9.917521701587571,0.10000000149011612
141.037,1.0,9.780166518770987,0.10000000149011612
141.085,1.0,9.780283086788323,0.10000000149011612
141.138,1.0,9.862733951749073,0.10000000149011612
141.185,1.0,9.917500000012417,0.10000000149011612
141.238,1.0,9.862776044735478,0.10000000149011612
141.284,1.0,9.697728729392919,0.10000000149011612
141.334,1.0,9.807761503818135,0.10000000149011612
141.391,1.0,9.862551736314263,0.10000000149011612
141.437,1.0,9.780304788818789,0.10000000149011612
141.484,1.0,9.780299953474767,0.10000000149011612
141.535,1.0,9.725183486565948,0.10000000149011612
141.585,1.0,9.862671210678915,0.10000000149011612
141.637,1.0,9.697800147802466,0.10000000149011612
141.684,1.0,9.835270568831927,0.10000000149011612
141.735,1.0,9.890042575345271,0.10000000149011612
141.796,1.0,9.807642381348543,0.10000000149011612
141.835,1.0,9.917561588332886,0.10000000149011612
141.879,1.0,9.890009463288719,0.10000000149011612
141.938,1.0,9.807685928336449,0.10000000149011612
141.989,1.0,9.890067641788887,0.10000000149011612
142.037,1.0,9.75269235678845,0.10000000149011612
142.094,1.0,9.752614130886892,0.10000000149011612
142.137,1.0,9.725368552861942,0.10000000149011612
142.191,1.0,9.78039940111339,0.10000000149011612
142.241,1.0,9.890175778004858,0.10000000149011612
142.291,1.0,9.890101034090751,0.10000000149011612
142.342,1.0,9.890106654850145,0.10000000149011612
142.389,1.0,9.835180940727392,0.10000000149011612
142.441,1.0,9.725508008255726,0.10000000149011612
142.491,1.0,9.780308498483565,0.10000000149011612
142.539,1.0,9.835237255361346,0.10000000149011612
142.59,1.0,9.890137089105943,0.10000000149011612
142.644,1.0,9.807826797457205,0.10000000149011612
142.69,1.0,9.835269472913609,0.10000000149011612
142.739,1.0,9.835355558391246,0.10000000149011612
142.791,1.0,9.780269805052214,0.10000000149011612
142.843,1.0,9.862742309603426,0.10000000149011612
142.892,1.0,9.862860456026263,0.10000000149011612
142.943,1.0,9.807743658290969,0.10000000149011612
142.996,1.0,9.78022081936813,0.10000000149011612
143.042,1.0,9.862816164373523,0.10000000149011612
143.092,1.0,9.780369562655688,0.10000000149011612
143.142,1.0,9.780300903754929,0.10000000149011612
143.193,1.0,9.80771144564367,0.10000000149011612
143.242,1.0,9.780242244423263,0.10000000149011612
143.291,1.0,9.61536591824972,0.10000000149011612
143.342,1.0,9.642857140675186,0.10000000149011612
143.389,1.0,9.835426789356603,0.10000000149011612
143.44,1.0,9.807544599225123,0.10000000149011612
143.493,1.0,9.725418326031003,0.10000000149011612
143.54,1.0,9.835445026328994,0.11402992904186249
143.594,1.0,9.780194774166578,0.10000000149011612
143.642,1.0,9.862583107004562,0.10000000149011612
143.691,1.0,9.945000000008278,0.10000000149011612
143.746,1.0,9.78042614399973,0.10000000149011612
143.791,1.0,9.752777319980993,0.10000000149011612
143.843,1.0,9.670452653782235,0.10000000149011612
143.892,1.0,9.917593796820276,0.10000000149011612
143.944,1.0,9.80786621676137,0.10000000149011612
143.994,1.0,9.725453551610311,0.10000000149011612
144.048,1.0,9.698056315589282,0.10000000149011612
144.092,1.0,9.807587142454253,0.10000000149011612
144.144,1.0,9.807693481735058,0.10000000149011612
144.193,1.0,9.972500000004139,0.10000000149011612
144.241,1.0,9.588103585628172,0.10000000149011612
144.295,1.0,9.78037776419272,0.10000000149011612
144.341,1.0,9.83519864309993,0.10000000149011612
144.393,1.0,9.835289799359938,0.10000000149011612
144.442,1.0,9.780420594538251,0.10000000149011612
144.497,1.0,9.752760452073481,0.10000000149011612
144.542,1.0,9.725320123860406,0.10000000149011612
144.593,1.0,9.752962245336837,0.10000000149011612
144.646,1.0,9.807690394980211,0.10000000149011612
144.701,1.0,9.807758526980049,0.10000000149011612
144.746,1.0,9.780368167575862,0.10000000149011612
144.8,1.0,9.780253322091367,0.10000000149011612
144.871,1.0,9.698115382757452,0.10000000149011612
144.895,1.0,9.753012178300155,0.10000000149011612
144.957,1.0,9.862625470633308,0.10000000149011612
144.997,1.0,9.835021446045074,0.10000000149011612
145.048,1.0,9.862600138245357,0.10000000149011612
145.1,1.0,9.835207453018262,0.10000000149011612
145.158,1.0,9.780316158570349,0.10000000149011612
145.197,1.0,9.725348357835578,0.10000000149011612
145.251,1.0,9.835422542049653,0.10000000149011612
145.297,1.0,9.807765123786197,0.10000000149011612
145.346,1.0,9.807934711521698,0.10000000149011612
145.395,1.0,9.75273282252666,0.10000000149011612
145.446,1.0,9.862740331163836,0.10000000149011612
145.494,1.0,9.752655405633979,0.10000000149011612
145.546,1.0,9.807916120005151,0.10000000149011612
145.599,1.0,9.725368404781653,0.10000000149011612
145.646,1.0,9.83542298252384,0.10000000149011612
145.697,1.0,9.587689184749292,0.10000000149011612
145.747,1.0,9.862614567950368,0.10000000149011612
145.797,1.0,9.807692597496013,0.10000000149011612
145.847,1.0,9.725234708065788,0.10000000149011612
145.897,1.0,9.86286078101645,0.10000000149011612
145.947,1.0,9.780296715618007,0.10000000149011612
146.0,1.0,9.86269942197121,0.10000000149011612
146.046,1.0,9.807870853857862,0.10000000149011612
146.096,1.0,9.5880214245576,0.10000000149011612
146.152,1.0,9.725440462285446,0.10000000149011612
146.201,1.0,9.807663093838427,0.10000000149011612
146.246,1.0,9.643003411756622,0.10000000149011612
146.3,1.0,9.91763027653926,0.10000000149011612
146.347,1.0,9.835122561703125,0.10000000149011612
146.402,1.0,9.807837011872067,0.10000000149011612
146.445,1.0,9.725125764807066,0.10000000149011612
146.496,1.0,9.862728550512758,0.10000000149011612
146.55,1.0,9.917705295628144,0.10000000149011612
146.598,1.0,9.890115973994964,0.10000000149011612
146.646,1.0,9.862671037038995,0.10000000149011612
146.697,1.0,9.643155017288194,0.10000000149011612
146.748,1.0,9.862769218968849,0.10000000149011612
146.796,1.0,9.917500000012417,0.10000000149011612
146.846,1.0,9.752645859287846,0.10000000149011612
146.897,1.0,9.807723058656686,0.10000000149011612
146.946,1.0,9.917500000012417,0.10000000149011612
146.996,1.0,9.780206360626552,0.10000000149011612
147.052,1.0,9.752971722392573,0.10000000149011612
147.098,1.0,9.780312667455938,0.10000000149011612
147.149,1.0,9.862568236038916,0.10000000149011612
147.193,1.0,9.7803548908482,0.10000000149011612
147.249,1.0,9.835277663254075,0.10000000149011612
147.302,1.0,9.862596110875408,0.10000000149011612
147.348,1.0,9.752637981043922,0.10000000149011612
147.4,1.0,9.780240837939912,0.10000000149011612
147.449,1.0,9.83527578442461,0.10000000149011612
147.504,1.0,9.835338002070785,0.10000000149011612
147.549,1.0,9.807767778117624,0.10000000149011612
147.6,1.0,9.807580790420372,0.10000000149011612
147.649,1.0,9.725035970595975,0.10000000149011612
147.699,1.0,9.7804629870173,0.10000000149011612
147.752,1.0,9.835246275034216,0.10000000149011612
147.798,1.0,9.67062629931089,0.10000000149011612
147.849,1.0,9.835287395637069,0.10000000149011612
147.899,1.0,9.780253086694414,0.10000000149011612
147.953,1.0,9.890130833391513,0.10000000149011612
147.999,1.0,9.835169626937972,0.10000000149011612
148.051,1.0,9.725359335417549,0.10000000149011612
148.1,1.0,9.780418350671729,0.10000000149011612
148.15,1.0,9.91758807638867,0.10000000149011612
148.2,1.0,9.917538706751333,0.10000000149011612
148.257,1.0,9.807693917076621,0.10000000149011612
148.303,1.0,9.835094859989153,0.10000000149011612
148.356,1.0,9.752808601326413,0.10000000149011612
148.405,1.0,9.835011122706863,0.10000000149011612
148.453,1.0,9.835294305678044,0.10000000149011612
148.503,1.0,9.780175522487196,0.10000000149011612
148.554,1.0,9.78047518307964,0.10000000149011612
148.605,1.0,9.835120920526485,0.10000000149011612
148.655,1.0,9.780102895096773,0.10000000149011612
148.716,1.0,9.78030195871575,0.10000000149011612
148.755,1.0,9.75284151263121,0.10000000149011612
148.805,1.0,9.835371322474545,0.10000000149011612
148.854,1.0,9.86259144652221,0.10000000149011612
148.904,1.0,9.780174209756984,0.10000000149011612
148.957,1.0,9.752759711713427,0.10000000149011612
149.005,1.0,9.807719397772518,0.10000000149011612
149.055,1.0,9.890086666101382,0.10000000149011612
149.108,1.0,9.753062239765294,0.10000000149011612
149.154,1.0,9.890188774921828,0.10000000149011612
149.204,1.0,9.80763331335038,0.10000000149011612
149.263,1.0,9.753054370462067,0.10000000149011612
149.306,1.0,9.917519279652172,0.10000000149011612
149.355,1.0,9.89011814194835,0.10000000149011612
149.405,1.0,9.80777074833297,0.10000000149011612
149.456,1.0,9.67024144611011,0.10000000149011612
149.505,1.0,9.835255190709399,0.10000000149011612
149.555,1.0,9.807819191738963,0.10000000149011612
149.605,1.0,9.862841497444444,0.10000000149011612
149.655,1.0,9.75263707122455,0.10000000149011612
149.709,1.0,9.725320292657448,0.10000000149011612
149.756,1.0,9.78027248405334,0.10000000149011612
149.804,1.0,9.780068261486788,0.10000000149011612
149.857,1.0,9.780215369744433,0.10000000149011612
149.909,1.0,9.807805368221468,0.10000000149011612
149.955,1.0,9.780066704211963,0.10000000149011612
150.005,1.0,9.725234307472904,0.10000000149011612
150.054,1.0,9.58823906098389,0.10000000149011612
150.106,1.0,9.890212531925904,0.10000000149011612
150.154,1.0,9.862833088926143,0.10000000149011612
150.205,1.0,9.917637049737904,0.10000000149011612
150.254,1.0,9.752744826819335,0.10000000149011612
150.305,1.0,9.752719972386128,0.10000000149011612
150.353,1.0,9.807678438536822,0.10000000149011612
150.404,1.0,9.835111405638356,0.10000000149011612
150.454,1.0,9.69810883315901,0.10000000149011612
150.506,1.0,9.890131799814602,0.10000000149011612
150.555,1.0,9.75276863247984,0.10000000149011612
150.605,1.0,9.80781951252785,0.10000000149011612
150.656,1.0,9.780517921969295,0.10000000149011612
150.711,1.0,9.75263403898312,0.10000000149011612
150.761,1.0,9.890237235360676,0.10000000149011612
150.808,1.0,9.725480875228014,0.10000000149011612
150.858,1.0,9.862634598091244,0.10000000149011612
150.908,1.0,9.7803703746241,0.10000000149011612
150.958,1.0,9.80777173164404,0.10000000149011612
151.015,1.0,9.835234924654166,0.10000000149011612
151.058,1.0,9.835197530521286,0.10000000149011612
151.112,1.0,9.72520492453542,0.10000000149011612
151.161,1.0,9.780204787974556,0.10000000149011612
151.217,1.0,9.807729575410486,0.10000000149011612
151.259,1.0,9.862583336378965,0.10000000149011612
151.308,1.0,9.752667665750616,0.10000000149011612
151.361,1.0,9.835358991432521,0.10000000149011612
151.409,1.0,9.780139926117327,0.10000000149011612
151.458,1.0,9.780254571036332,0.10000000149011612
151.511,1.0,9.752773034779562,0.10000000149011612
151.561,1.0,9.752512719088958,0.10000000149011612
151.611,1.0,9.807994726465807,0.10000000149011612
151.664,1.0,9.835093907680776,0.10000000149011612
151.71,1.0,9.725144874511493,0.10000000149011612
151.76,1.0,9.72547904226101,0.10000000149011612
151.809,1.0,9.835160565417674,0.10000000149011612
151.86,1.0,9.835066717635426,0.10000000149011612
151.911,1.0,9.780087273443739,0.10000000149011612
151.958,1.0,9.670231103524566,0.10000000149011612
152.009,1.0,9.890133444178435,0.10000000149011612
152.059,1.0,9.835230345734292,0.10000000149011612
152.109,1.0,9.752822257847422,0.10000000149011612
152.16,1.0,9.752843496099942,0.10000000149011612
152.209,1.0,9.752667141685055,0.10000000149011612
152.259,1.0,9.807723736576737,0.10000000149011612
152.311,1.0,9.752648211394748,0.10000000149011612
152.364,1.0,9.83528189321773,0.10000000149011612
152.41,1.0,9.8901055013347,0.10000000149011612
152.458,1.0,9.780294412043359,0.10000000149011612
152.512,1.0,9.89007875751704,0.10000000149011612
152.559,1.0,9.945035230099327,0.10000000149011612
152.608,1.0,9.67020845019983,0.10000000149011612
152.662,1.0,9.862706280209952,0.10000000149011612
152.71,1.0,9.780227213415007,0.10000000149011612
152.757,1.0,9.80779641409301,0.10000000149011612
152.811,1.0,9.917585174077088,0.10000000149011612
152.861,1.0,9.752905132994055,0.10000000149011612
152.909,1.0,9.835169971879157,0.10000000149011612
152.961,1.0,9.670243543158803,0.10000000149011612
153.01,1.0,9.7801045694078,0.10000000149011612
153.068,1.0,9.862779460578329,0.10000000149011612
153.112,1.0,9.752783609636955,0.10000000149011612
153.165,1.0,9.697719075489376,0.10000000149011612
153.215,1.0,9.753034309960073,0.10000000149011612
153.265,1.0,9.862668015186985,0.10000000149011612
153.31,1.0,9.807987496070563,0.11614491045475006
153.36,1.0,9.64299447329508,0.10000000149011612
153.41,1.0,9.835241498032378,0.10000000149011612
153.467,1.0,9.697849920826654,0.10000000149011612
153.514,1.0,9.780292468000617,0.10000000149011612
153.563,1.0,9.86276198339959,0.10000000149011612
153.617,1.0,9.752853486169544,0.10000000149011612
153.664,1.0,9.83503690821429,0.10000000149011612
153.709,1.0,9.86291195532928,0.10722943395376205
153.763,1.0,9.80776243514071,0.10000000149011612
153.815,1.0,9.835258165974583,0.10000000149011612
153.856,1.0,9.835291537538998,0.10000000149011612
153.919,1.0,9.780317680165172,0.10000000149011612
153.963,1.0,9.890009491124914,0.10000000149011612
154.012,1.0,9.780212388229039,0.10000000149011612
154.067,1.0,9.807561766770151,0.10000000149011612
154.114,1.0,9.862511954994666,0.10000000149011612
154.172,1.0,9.752975434209738,0.10000000149011612
154.213,1.0,9.780113880874381,0.10000000149011612
154.263,1.0,9.917608142188854,0.10653094202280045
154.316,1.0,9.780179092970988,0.10000000149011612
154.362,1.0,9.698044886398646,0.10000000149011612
154.413,1.0,9.780368777240316,0.10000000149011612
154.462,1.0,9.780370762840741,0.10000000149011612
154.514,1.0,9.780345208073657,0.10000000149011612
154.563,1.0,9.807687950134277,0.10000000149011612
154.615,1.0,9.835403511114418,0.10000000149011612
154.672,1.0,9.835229578924675,0.10000000149011612
154.715,1.0,9.78031013003654,0.10000000149011612
154.766,1.0,9.725619146496886,0.10000000149011612
154.813,1.0,9.807827206763129,0.10000000149011612
154.863,1.0,9.670349276438355,0.10000000149011612
154.913,1.0,9.670346153072185,0.10000000149011612
154.963,1.0,9.86284276911368,0.10457665473222733
155.012,1.0,9.80761215761304,0.10000000149011612
155.063,1.0,9.86269003521237,0.10000000149011612
155.113,1.0,9.780195348709821,0.10000000149011612
155.162,1.0,9.807849868635337,0.10000000149011612
155.213,1.0,9.670254715387191,0.10000000149011612
155.263,1.0,9.697874174929327,0.10000000149011612
155.313,1.0,9.890225774173935,0.10000000149011612
155.363,1.0,9.917606270561615,0.10000000149011612
155.412,1.0,9.780358571807543,0.10000000149011612
155.462,1.0,9.75286213407914,0.10000000149011612
155.513,1.0,9.780347507447004,0.10000000149011612
155.564,1.0,9.780253073407543,0.10000000149011612
155.613,1.0,9.917603224143386,0.10000000149011612
155.663,1.0,9.91767285687642,0.10000000149011612
155.713,1.0,9.78004907876667,0.10000000149011612
155.763,1.0,9.780182045553293,0.10000000149011612
155.813,1.0,9.917500000012417,0.10000000149011612
155.863,1.0,9.890142138426503,0.10000000149011612
155.913,1.0,9.780367823027902,0.10000000149011612
155.962,1.0,9.697921803283196,0.10000000149011612
156.013,1.0,9.862621951289475,0.10000000149011612
156.063,1.0,9.725164500934381,0.10000000149011612
156.113,1.0,9.725458028871152,0.10000000149011612
156.163,1.0,9.835280970194274,0.10000000149011612
156.213,1.0,9.835305621185237,0.10000000149011612
156.263,1.0,9.807728245916467,0.10000000149011612
156.313,1.0,9.698000114245547,0.10000000149011612
156.363,1.0,9.560454946756362,0.10000000149011612
156.413,1.0,9.862799523087839,0.10000000149011612
156.463,1.0,9.752579735219479,0.10000000149011612
156.513,1.0,9.835354923932917,0.10000000149011612
156.563,1.0,9.752565200357802,0.10000000149011612
156.613,1.0,9.890228794784182,0.10000000149011612
156.663,1.0,9.835261626106997,0.10000000149011612
156.713,1.0,9.75276031728006,0.10000000149011612
156.763,1.0,9.752560772891673,0.10000000149011612
156.813,1.0,9.780317093100813,0.10000000149011612
156.863,1.0,9.78033916513539,0.10000000149011612
156.913,1.0,9.780317603113751,0.10000000149011612
156.963,1.0,9.89019473608997,0.10000000149011612
157.012,1.0,9.862678199426995,0.10000000149011612
157.063,1.0,9.890212133609586,0.10000000149011612
157.113,1.0,9.862735793760253,0.10000000149011612
157.163,1.0,9.862595224773719,0.10000000149011612
157.212,1.0,9.780317914175491,0.10000000149011612
157.263,1.0,9.835362734024724,0.10000000149011612
157.313,1.0,9.780276898480952,0.10000000149011612
157.363,1.0,9.560359600372612,0.10000000149011612
157.413,1.0,9.670618060707218,0.10000000149011612
157.463,1.0,9.752733239800566,0.10000000149011612
157.513,1.0,9.697698327091834,0.10000000149011612
157.562,1.0,9.807817887928751,0.10000000149011612
157.613,1.0,9.725283902883529,0.10000000149011612
157.663,1.0,9.643103496150838,0.10000000149011612
157.713,1.0,9.78038722810646,0.10000000149011612
157.763,1.0,9.780501847507225,0.10000000149011612
157.813,1.0,9.862574364307026,0.10000000149011612
157.863,1.0,9.752603507083323,0.10000000149011612
157.913,1.0,9.917561187864179,0.10000000149011612
157.963,1.0,9.725032815440661,0.10000000149011612
158.013,1.0,9.588264013516406,0.10000000149011612
158.063,1.0,9.835019465742839,0.10000000149011612
158.114,1.0,9.862602090380259,0.10000000149011612
158.163,1.0,9.862556037472354,0.10000000149011612
158.213,1.0,9.698079309033023,0.10000000149011612
158.263,1.0,9.807808504936595,0.10000000149011612
158.312,1.0,9.890229701850977,0.10000000149011612
158.363,1.0,9.89022249939541,0.10000000149011612
158.412,1.0,9.917528407089412,0.10000000149011612
158.463,1.0,9.807719599724644,0.10000000149011612
158.513,1.0,9.890291029752957,0.1029307022690773
158.563,1.0,9.697607048352559,0.10000000149011612
158.613,1.0,9.835228860999147,0.10000000149011612
158.663,1.0,9.835099092870951,0.10000000149011612
158.713,1.0,9.945000000008278,0.10000000149011612
158.763,1.0,9.752951695666544,0.10000000149011612
158.813,1.0,9.835306132315761,0.10000000149011612
158.863,1.0,9.917500000012417,0.10000000149011612
158.913,1.0,9.752798709149163,0.10000000149011612
158.963,1.0,9.917741780231397,0.11900997906923294
159.012,1.0,9.835269235426352,0.10000000149011612
159.063,1.0,9.642922183871269,0.10000000149011612
159.113,1.0,9.780108472373751,0.10000000149011612
159.163,1.0,9.752760797118148,0.10000000149011612
159.213,1.0,9.752930831557347,0.10000000149011612
159.263,1.0,9.72533502065473,0.10000000149011612
159.313,1.0,9.780290820594463,0.10000000149011612
159.363,1.0,9.697828115026157,0.10000000149011612
159.413,1.0,9.83524563887881,0.10000000149011612
159.463,1.0,9.835219312976632,0.10000000149011612
159.513,1.0,9.725409381815957,0.10000000149011612
159.563,1.0,9.697883245183363,0.10000000149011612
159.612,1.0,9.835114293648965,0.10000000149011612
159.663,1.0,9.670520790252422,0.10000000149011612
159.713,1.0,9.725409882950286,0.10000000149011612
159.762,1.0,9.752888875909978,0.10000000149011612
159.813,1.0,9.697857503489487,0.10000000149011612
159.863,1.0,9.697910141468876,0.10000000149011612
159.913,1.0,9.807649211482042,0.10000000149011612
159.963,1.0,9.697922892930608,0.10000000149011612
160.012,1.0,9.725393978671896,0.10000000149011612
160.063,1.0,9.725157824075884,0.10000000149011612
160.112,1.0,9.67068049452371,0.10000000149011612
160.163,1.0,9.862712775770989,0.10000000149011612
160.213,1.0,9.890083889021641,0.10000000149011612
160.263,1.0,9.83517899647769,0.10000000149011612
160.313,1.0,9.807861410660877,0.10000000149011612
160.363,1.0,9.807957000968356,0.10000000149011612
160.413,1.0,9.752670854433543,0.10000000149011612
160.463,1.0,9.890170167841845,0.10000000149011612
160.513,1.0,9.807656062104636,0.10000000149011612
160.563,1.0,9.697775725813376,0.10000000149011612
160.613,1.0,9.78007870444821,0.10000000149011612
160.663,1.0,9.807686152267788,0.10000000149011612
160.712,1.0,9.725380092548827,0.10000000149011612
160.763,1.0,9.890362210737335,0.12516021728515625
160.813,1.0,9.917735003617903,0.10000000149011612
160.862,1.0,9.80771595597681,0.10000000149011612
160.913,1.0,9.807592939813103,0.10000000149011612
160.963,1.0,9.725210875665976,0.10000000149011612
161.013,1.0,9.752770508204897,0.10000000149011612
161.063,1.0,9.890060155900816,0.10000000149011612
161.113,1.0,9.780442318258187,0.10000000149011612
161.163,1.0,9.862588704480894,0.10000000149011612
161.213,1.0,9.862732392218378,0.10000000149011612
161.263,1.0,9.670294412535926,0.10000000149011612
161.313,1.0,9.697868523498377,0.10000000149011612
161.363,1.0,9.807640231876738,0.10000000149011612
161.413,1.0,9.86261839179529,0.10000000149011612
161.463,1.0,9.780372019194894,0.10000000149011612
161.513,1.0,9.725390490641196,0.10000000149011612
161.562,1.0,9.917692234967317,0.10000000149011612
161.613,1.0,9.807551073552006,0.10000000149011612
161.663,1.0,9.780337000762422,0.10000000149011612
161.713,1.0,9.835183105534977,0.10000000149011612
161.763,1.0,9.725444419123232,0.10000000149011612
161.813,1.0,9.725304999802676,0.10000000149011612
161.863,1.0,9.862654223686292,0.10000000149011612
161.913,1.0,9.780182798186111,0.10000000149011612
161.963,1.0,9.83521423737208,0.10000000149011612
162.013,1.0,9.780115340525905,0.10000000149011612
162.062,1.0,9.972500000004139,0.10000000149011612
162.113,1.0,9.83525187894702,0.10000000149011612
162.163,1.0,9.890186745673418,0.10000000149011612
162.212,1.0,9.835070272679959,0.10000000149011612
162.263,1.0,9.752738119144407,0.10000000149011612
162.313,1.0,9.917611360094613,0.11207961291074753
162.363,1.0,9.862691311517523,0.10000000149011612
162.413,1.0,9.780312244325048,0.10000000149011612
162.463,1.0,9.807709297889637,0.10000000149011612
162.513,1.0,9.752572658471763,0.10000000149011612
162.563,1.0,9.780215936154127,0.10000000149011612
162.613,1.0,9.917578605376184,0.10000000149011612
162.663,1.0,9.780166665071414,0.10000000149011612
162.712,1.0,9.890180119002858,0.10000000149011612
162.763,1.0,9.835016025789082,0.10000000149011612
162.813,1.0,9.780075521166953,0.10000000149011612
162.863,1.0,9.890187916614943,0.10000000149011612
162.913,1.0,9.862596627366212,0.10000000149011612
162.963,1.0,9.670337391893069,0.10000000149011612
163.013,1.0,9.698145935353306,0.10000000149011612
163.063,1.0,9.752595922019747,0.10000000149011612
163.113,1.0,9.670504601237674,0.10000000149011612
163.163,1.0,9.862651181283097,0.10000000149011612
163.214,1.0,9.862658132281569,0.10000000149011612
163.263,1.0,9.807579724573428,0.10000000149011612
163.312,1.0,9.807873663906422,0.10000000149011612
163.363,1.0,9.670100985736482,0.10000000149011612
163.413,1.0,9.752931546875173,0.10000000149011612
163.462,1.0,9.890157056289414,0.10000000149011612
163.513,1.0,9.78033320247713,0.10000000149011612
163.563,1.0,9.89025213641839,0.10000000149011612
163.613,1.0,9.862611728741063,0.10000000149011612
163.663,1.0,9.835149628462062,0.10000000149011612
163.712,1.0,9.780301968091065,0.10000000149011612
163.763,1.0,9.752692774745325,0.10000000149011612
163.813,1.0,9.80758046704448,0.10000000149011612
163.863,1.0,9.80790809105254,0.10000000149011612
163.913,1.0,9.890171882655057,0.10000000149011612
163.962,1.0,9.752881275738279,0.10000000149011612
164.013,1.0,9.7527800820147,0.10000000149011612
164.063,1.0,9.780247081671323,0.10000000149011612
164.113,1.0,9.972624423810178,0.1447925716638565
164.163,1.0,9.890190779417754,0.10000000149011612
164.213,1.0,9.807659486701919,0.10000000149011612
164.263,1.0,9.862886842050486,0.10000000149011612
164.313,1.0,9.780236608100434,0.10000000149011612
164.363,1.0,9.917500000012417,0.10000000149011612
164.413,1.0,9.643273190864258,0.10000000149011612
164.463,1.0,9.807858681409723,0.10000000149011612
164.513,1.0,9.807778617905246,0.10000000149011612
164.563,1.0,9.835176529838806,0.10000000149011612
164.613,1.0,9.807585884982513,0.10000000149011612
164.662,1.0,9.835300353666147,0.10000000149011612
164.713,1.0,9.890000000016556,0.10000000149011612
164.763,1.0,9.917738320802648,0.11316634714603424
164.813,1.0,9.78006693083379,0.10000000149011612
164.863,1.0,9.780074001538257,0.10000000149011612
164.913,1.0,9.752998908733328,0.10000000149011612
164.962,1.0,9.835234971013334,0.10000000149011612
165.013,1.0,9.725405397638678,0.10000000149011612
165.063,1.0,9.890000000016556,0.10000000149011612
165.113,1.0,9.78023221525881,0.10000000149011612
165.162,1.0,9.75277296455784,0.10000000149011612
165.213,1.0,9.670312454675635,0.10000000149011612
165.263,1.0,9.862750655805899,0.10000000149011612
165.313,1.0,9.615455525927246,0.10000000149011612
165.363,1.0,9.890086144974662,0.10000000149011612
165.412,1.0,9.725372859835625,0.10000000149011612
165.463,1.0,9.752990873137282,0.10000000149011612
165.513,1.0,9.725219818763435,0.10000000149011612
165.563,1.0,9.807700263191428,0.10000000149011612
165.613,1.0,9.835136422742572,0.10000000149011612
165.662,1.0,9.835089478807317,0.10000000149011612
165.713,1.0,9.89011721348183,0.10000000149011612
165.764,1.0,9.89019488044497,0.10000000149011612
165.813,1.0,9.752622545531226,0.10000000149011612
165.863,1.0,9.752947709026436,0.10000000149011612
165.913,1.0,9.862760122617086,0.10000000149011612
165.962,1.0,9.725246066496604,0.10000000149011612
166.013,1.0,9.835012235844301,0.10000000149011612
166.063,1.0,9.643062302759953,0.10000000149011612
166.113,1.0,9.588175847319265,0.10000000149011612
166.163,1.0,9.862791113472648,0.10000000149011612
166.213,1.0,9.862811353678504,0.10000000149011612
166.263,1.0,9.725255298511021,0.10000000149011612
166.313,1.0,9.780066930647525,0.10000000149011612
166.363,1.0,9.807667607379456,0.10000000149011612
166.413,1.0,9.697882391967708,0.10000000149011612
166.463,1.0,9.725132852916916,0.10000000149011612
166.513,1.0,9.698053404999277,0.10000000149011612
166.563,1.0,9.78019704905649,0.10000000149011612
166.613,1.0,9.752867920696735,0.10000000149011612
166.663,1.0,9.670452675492399,0.10000000149011612
166.713,1.0,9.890187547604244,0.10000000149011612
166.763,1.0,9.752769385816322,0.10000000149011612
166.813,1.0,9.83528254766845,0.10000000149011612
166.863,1.0,9.78025516209503,0.10000000149011612
166.913,1.0,9.780453719053831,0.10000000149011612
166.962,1.0,9.835277424980369,0.10000000149011612
167.013,1.0,9.917500000012417,0.10000000149011612
167.063,1.0,9.890319120283756,0.10000000149011612
167.113,1.0,9.615552690666583,0.10000000149011612
167.163,1.0,9.862568582283954,0.10000000149011612
167.213,1.0,9.89000486354861,0.10000000149011612
167.268,1.0,9.97263191913565,0.14749088883399963
167.313,1.0,9.725184985643459,0.10000000149011612
167.368,1.0,9.75294944236262,0.10000000149011612
167.413,1.0,9.725305830480323,0.10000000149011612
167.463,1.0,9.753040303414066,0.10000000149011612
167.514,1.0,9.862577748153772,0.10000000149011612
167.563,1.0,9.917660878474514,0.10079725831747055
167.613,1.0,9.807855157140228,0.10000000149011612
167.668,1.0,9.835125117417839,0.10000000149011612
167.714,1.0,9.780302993021905,0.10000000149011612
167.763,1.0,9.862616224007475,0.10000000149011612
167.815,1.0,9.807723563392129,0.10000000149011612
167.866,1.0,9.752716576990982,0.10000000149011612
167.915,1.0,9.698123208205732,0.10000000149011612
167.967,1.0,9.72514335775955,0.10000000149011612
168.018,1.0,9.780241966537304,0.10000000149011612
168.065,1.0,9.807746619151699,0.10000000149011612
168.123,1.0,9.862697190687888,0.10000000149011612
168.17,1.0,9.807702951112555,0.10000000149011612
168.215,1.0,9.917626568447385,0.10000000149011612
168.265,1.0,9.86269567805446,0.10000000149011612
168.324,1.0,9.945000000008278,0.10000000149011612
168.366,1.0,9.835059793252084,0.10000000149011612
168.417,1.0,9.78042561300099,0.10000000149011612
168.47,1.0,9.697738104603356,0.10000000149011612
168.514,1.0,9.780146907952924,0.10000000149011612
168.565,1.0,9.752876961044967,0.10000000149011612
168.623,1.0,9.752590935697986,0.10000000149011612
168.666,1.0,9.807722679504918,0.10000000149011612
168.715,1.0,9.752778093785876,0.10000000149011612
168.767,1.0,9.753067520860997,0.10000000149011612
168.816,1.0,9.725502220975857,0.10000000149011612
168.864,1.0,9.75310861222032,0.10000000149011612
168.918,1.0,9.890108283691935,0.10000000149011612
168.967,1.0,9.862640911940899,0.10000000149011612
169.019,1.0,9.917500000012417,0.10000000149011612
169.07,1.0,9.72539116802315,0.10000000149011612
169.118,1.0,9.78030353838371,0.10000000149011612
169.17,1.0,9.917520599253475,0.10000000149011612
169.218,1.0,9.780079140369264,0.10000000149011612
169.271,1.0,9.78015535304116,0.10000000149011612
169.319,1.0,9.862798697625598,0.10000000149011612
169.369,1.0,9.835214774890078,0.10000000149011612
169.422,1.0,9.890215258962579,0.10389506816864014
169.481,1.0,9.890388648605182,0.10719829052686691
169.523,1.0,9.752657522447407,0.10000000149011612
169.568,1.0,9.917608346624506,0.10000000149011612
169.62,1.0,9.890189486121137,0.10000000149011612
169.673,1.0,9.780277533767125,0.10000000149011612
169.722,1.0,9.697829855336911,0.10000000149011612
169.774,1.0,9.560629549415575,0.10000000149011612
169.825,1.0,9.697954862482018,0.10000000149011612
169.876,1.0,9.835200361058943,0.10000000149011612
169.924,1.0,9.890096387618946,0.10000000149011612
169.974,1.0,9.862733888770972,0.10000000149011612
170.027,1.0,9.807561382837594,0.10000000149011612
170.085,1.0,9.780406277233528,0.10000000149011612
170.13,1.0,9.862583128031757,0.10000000149011612
170.162,1.0,9.75293271533317,0.10000000149011612
170.24,1.0,9.862712639383972,0.10000000149011612
170.296,1.0,9.752776946603424,0.10000000149011612
170.331,1.0,9.780220091177357,0.10000000149011612
170.38,1.0,9.807781388445033,0.10000000149011612
170.43,1.0,9.80777780332913,0.10000000149011612
170.483,1.0,9.752884373627603,0.10000000149011612
170.544,1.0,9.835011024504071,0.10000000149011612
170.585,1.0,9.752639165644844,0.10000000149011612
170.653,1.0,9.807637181919482,0.10000000149011612
170.694,1.0,9.725254554529156,0.10000000149011612
170.739,1.0,9.80782835688442,0.10000000149011612
170.791,1.0,9.752961639646028,0.10000000149011612
170.838,1.0,9.890103383093244,0.10000000149011612
170.89,1.0,9.835235932469368,0.10000000149011612
170.944,1.0,9.807557990091542,0.10000000149011612
170.989,1.0,9.862545112603241,0.10000000149011612
171.048,1.0,9.972529502419961,0.11062087118625641
171.09,1.0,9.917500000012417,0.10000000149011612
171.142,1.0,9.945010740703179,0.10000000149011612
171.194,1.0,9.862870888556872,0.10000000149011612
171.242,1.0,9.780144526188572,0.10000000149011612
171.289,1.0,9.753045060775346,0.10000000149011612
171.356,1.0,9.807544403999216,0.10000000149011612
171.396,1.0,9.835292010568082,0.10000000149011612
171.445,1.0,9.780410276374056,0.10000000149011612
171.492,1.0,9.752715174460576,0.10000000149011612
171.539,1.0,9.780183766947852,0.10000000149011612
171.588,1.0,9.80775014306936,0.10000000149011612
171.644,1.0,9.752771661078764,0.10000000149011612
171.693,1.0,9.890213513746858,0.10000000149011612
171.743,1.0,9.835160417689217,0.10000000149011612
171.793,1.0,9.752935592747397,0.10000000149011612
171.847,1.0,9.835327425743971,0.10000000149011612
171.892,1.0,9.670220578254925,0.10000000149011612
171.944,1.0,9.697802615890073,0.10000000149011612
171.995,1.0,9.753010427289539,0.10000000149011612
172.047,1.0,9.807876758318809,0.10000000149011612
172.094,1.0,9.725105856917798,0.10000000149011612
172.142,1.0,9.807621296702159,0.10000000149011612
172.192,1.0,9.83522756513622,0.10000000149011612
172.244,1.0,9.725226315690412,0.10000000149011612
172.294,1.0,9.91772070525007,0.11470399796962738
172.342,1.0,9.725428733146853,0.10000000149011612
172.392,1.0,9.807673297512034,0.10000000149011612
172.443,1.0,9.83510118867788,0.10000000149011612
172.494,1.0,9.835315922213097,0.10000000149011612
172.543,1.0,9.807762436465257,0.10000000149011612
172.594,1.0,9.752789901155564,0.10000000149011612
172.649,1.0,9.752832734936641,0.10000000149011612
172.693,1.0,9.780255760562916,0.10000000149011612
172.744,1.0,9.752719572538304,0.10000000149011612
172.794,1.0,9.752983251793516,0.10000000149011612
172.845,1.0,9.917500000012417,0.10000000149011612
172.893,1.0,9.807755994362136,0.10000000149011612
172.945,1.0,9.780352555753456,0.10000000149011612
172.995,1.0,9.83524126836823,0.10000000149011612
173.043,1.0,9.890015025105741,0.10000000149011612
173.093,1.0,9.725117276195023,0.10000000149011612
173.143,1.0,9.835237785014842,0.10000000149011612
173.193,1.0,9.890233695465657,0.10000000149011612
173.24,1.0,9.78015078968472,0.10000000149011612
173.296,1.0,9.945102448864944,0.10000000149011612
173.346,1.0,9.917500000012417,0.10000000149011612
173.396,1.0,9.780423221406009,0.10000000149011612
173.447,1.0,9.917529928994675,0.10000000149011612
173.505,1.0,9.86263671827813,0.10000000149011612
173.547,1.0,9.752739467264878,0.10000000149011612
173.599,1.0,9.643132685290443,0.10000000149011612
173.651,1.0,9.862708363557855,0.10000000149011612
173.697,1.0,9.807642365971374,0.10000000149011612
173.747,1.0,9.752907136786316,0.10000000149011612
173.8,1.0,9.862861145908633,0.10000000149011612
173.846,1.0,9.61545465985934,0.10000000149011612
173.897,1.0,9.670481703161366,0.10000000149011612
173.952,1.0,9.78034871386157,0.10000000149011612
174.006,1.0,9.725168510443634,0.10000000149011612
174.049,1.0,9.808040760147074,0.10000000149011612
174.103,1.0,9.862800008120637,0.10000000149011612
174.154,1.0,9.807817278471259,0.10000000149011612
174.205,1.0,9.697910563171737,0.10000000149011612
174.253,1.0,9.72537904245158,0.10000000149011612
174.303,1.0,9.862540338105626,0.10000000149011612
174.354,1.0,9.890123366895649,0.10000000149011612
174.413,1.0,9.807761701962185,0.10000000149011612
174.455,1.0,9.835342016195257,0.10000000149011612
174.506,1.0,9.780179162675308,0.10000000149011612
174.555,1.0,9.807725685814189,0.10000000149011612
174.608,1.0,9.69786074190504,0.10000000149011612
174.657,1.0,9.780237470298177,0.10000000149011612
174.705,1.0,9.807900666362709,0.10000000149011612
174.755,1.0,9.697937738750543,0.10000000149011612
174.81,1.0,9.835335897240373,0.10000000149011612
174.855,1.0,9.862627978002031,0.10000000149011612
174.905,1.0,9.8076580921188,0.10000000149011612
174.955,1.0,9.917629521588484,0.10000000149011612
175.008,1.0,9.752759142758118,0.10000000149011612
175.068,1.0,9.890017614617117,0.10000000149011612
175.106,1.0,9.670610094981061,0.10000000149011612
175.157,1.0,9.807598322195311,0.10000000149011612
175.206,1.0,9.78023869180017,0.10000000149011612
175.256,1.0,9.72531037223008,0.10000000149011612
175.305,1.0,9.862801536752118,0.10000000149011612
175.358,1.0,9.725512102101412,0.10000000149011612
175.406,1.0,9.725138081216977,0.10000000149011612
175.456,1.0,9.643045134159426,0.10000000149011612
175.505,1.0,9.890057141147555,0.10000000149011612
175.557,1.0,9.807892211298975,0.10000000149011612
175.605,1.0,9.780105820815596,0.10000000149011612
175.656,1.0,9.890079566277564,0.10000000149011612
175.706,1.0,9.83536826663961,0.10000000149011612
175.757,1.0,9.862779214129679,0.10000000149011612
175.814,1.0,9.835189109937184,0.10000000149011612
175.856,1.0,9.670399645943608,0.10000000149011612
175.907,1.0,9.890000000016556,0.10000000149011612
175.959,1.0,9.972500000004139,0.10000000149011612
176.007,1.0,9.780128535649014,0.10000000149011612
176.059,1.0,9.752894553749098,0.10000000149011612
176.11,1.0,9.780453073461022,0.10000000149011612
176.16,1.0,9.807620671018958,0.10000000149011612
176.216,1.0,9.835129830799996,0.10000000149011612
176.26,1.0,9.835186851521334,0.10000000149011612
176.323,1.0,9.780260331328545,0.10000000149011612
176.361,1.0,9.807746322722071,0.10000000149011612
176.411,1.0,9.75276402860052,0.10000000149011612
176.462,1.0,9.780427019463644,0.10000000149011612
176.513,1.0,9.72527942351169,0.10000000149011612
176.561,1.0,9.752677048039105,0.10000000149011612
176.614,1.0,9.615594324842096,0.10000000149011612
176.668,1.0,9.862761867004965,0.10000000149011612
176.708,1.0,9.780451881678568,0.10000000149011612
176.76,1.0,9.835051862067646,0.10000000149011612
176.82,1.0,9.7527657057883,0.10000000149011612
176.865,1.0,9.835167414881289,0.10000000149011612
176.914,1.0,9.69816681848218,0.10000000149011612
176.965,1.0,9.642979497317638,0.10000000149011612
177.013,1.0,9.752666428643796,0.10000000149011612
177.065,1.0,9.835027778769533,0.10000000149011612
177.121,1.0,9.807538246342705,0.10000000149011612
177.165,1.0,9.917690660204325,0.10000000149011612
177.217,1.0,9.780289522868891,0.10000000149011612
177.268,1.0,9.670545123662386,0.10000000149011612
177.313,1.0,9.642672597596215,0.10000000149011612
177.364,1.0,9.917608825531271,0.10000000149011612
177.413,1.0,9.8350931070745,0.10000000149011612
177.468,1.0,9.698004473456079,0.10000000149011612
177.516,1.0,9.72529069609526,0.10000000149011612
177.567,1.0,9.752841815807754,0.10000000149011612
177.616,1.0,9.83521871086624,0.10000000149011612
177.666,1.0,9.862596023786399,0.10000000149011612
177.718,1.0,9.83523962230732,0.10000000149011612
177.771,1.0,9.86263561476436,0.10000000149011612
177.815,1.0,9.78037299486912,0.10000000149011612
177.871,1.0,9.75253973338339,0.10000000149011612
177.918,1.0,9.752805356805522,0.10000000149011612
177.966,1.0,9.780369557854202,0.10000000149011612
178.017,1.0,9.780142805663248,0.10000000149011612
178.069,1.0,9.752620330825447,0.10000000149011612
178.117,1.0,9.835124116804865,0.10000000149011612
178.17,1.0,9.862700314923293,0.10000000149011612
178.216,1.0,9.862672270979319,0.10000000149011612
178.26,1.0,9.972500000004139,0.10000000149011612
178.317,1.0,9.697923929885858,0.10000000149011612
178.367,1.0,9.807731999746627,0.10000000149011612
178.421,1.0,9.83508882197655,0.10000000149011612
178.477,1.0,9.862643576496177,0.10000000149011612
178.522,1.0,9.835307065397501,0.10000000149011612
178.572,1.0,9.835067147471838,0.10000000149011612
178.627,1.0,9.862593933815758,0.10000000149011612
178.671,1.0,9.862699117428727,0.10000000149011612
178.721,1.0,9.862810113984677,0.10000000149011612
178.772,1.0,9.862639974036979,0.10000000149011612
178.822,1.0,9.86273994487193,0.10000000149011612
178.876,1.0,9.78019723236147,0.10000000149011612
178.939,1.0,9.807815127033326,0.10000000149011612
178.977,1.0,9.917684276712437,0.10723083466291428
179.033,1.0,9.862632429516978,0.10000000149011612
179.082,1.0,9.752739404638609,0.10000000149011612
179.132,1.0,9.752732406949832,0.10000000149011612
179.18,1.0,9.807553767164547,0.10000000149011612
179.231,1.0,9.780297106007735,0.10000000149011612
179.283,1.0,9.752825158130792,0.10000000149011612
179.332,1.0,9.835283528495994,0.10000000149011612
179.381,1.0,9.670153197273612,0.10000000149011612
179.432,1.0,9.917500000012417,0.10000000149011612
179.483,1.0,9.78001486307217,0.10000000149011612
179.533,1.0,9.725319676121904,0.10000000149011612
179.587,1.0,9.752767555933032,0.10000000149011612
179.635,1.0,9.752618021807736,0.10000000149011612
179.688,1.0,9.78013913790799,0.10000000149011612
179.734,1.0,9.807664725639754,0.10000000149011612
179.786,1.0,9.890115433827871,0.10000000149011612
179.834,1.0,9.752881700793901,0.10000000149011612
179.888,1.0,9.890209469281965,0.10000000149011612
179.934,1.0,9.78029283978459,0.10000000149011612
179.989,1.0,9.862525858398941,0.10000000149011612
180.035,1.0,9.78025478310883,0.10000000149011612
180.089,1.0,9.807685512262914,0.10000000149011612
180.135,1.0,9.890015539464851,0.10000000149011612
180.185,1.0,9.807962479297485,0.10000000149011612
180.235,1.0,9.835108187525636,0.10000000149011612
180.284,1.0,9.917690661073559,0.10000000149011612
180.335,1.0,9.80778557229787,0.10000000149011612
180.39,1.0,9.890258708409965,0.10072239488363266
180.434,1.0,9.75276785225918,0.10000000149011612
180.484,1.0,9.80778508745134,0.10000000149011612
180.536,1.0,9.862589340905348,0.10000000149011612
180.586,1.0,9.78031439528697,0.10000000149011612
180.635,1.0,9.807605632642906,0.10000000149011612
180.686,1.0,9.835339876595471,0.10000000149011612
180.735,1.0,9.835161413811147,0.10000000149011612
180.785,1.0,9.86261793780658,0.10000000149011612
180.834,1.0,9.807773075252772,0.10000000149011612
180.886,1.0,9.862597230946024,0.10000000149011612
180.934,1.0,9.80772070977837,0.10000000149011612
180.988,1.0,9.835150206482245,0.10000000149011612
181.036,1.0,9.862759986623294,0.10000000149011612
181.086,1.0,9.670635141556462,0.10000000149011612
181.136,1.0,9.917560480721296,0.10000000149011612
181.186,1.0,9.890195467778378,0.10000000149011612
181.236,1.0,9.725125079291562,0.10000000149011612
181.287,1.0,9.780103200508488,0.10000000149011612
181.336,1.0,9.862599157500599,0.10000000149011612
181.386,1.0,9.86259289485299,0.10000000149011612
181.437,1.0,9.890151835729679,0.10000000149011612
181.487,1.0,9.780195748081638,0.10000000149011612
181.537,1.0,9.642870921351843,0.10000000149011612
181.586,1.0,9.8078413994155,0.10000000149011612
181.635,1.0,9.807768233058352,0.10000000149011612
181.684,1.0,9.862679514040549,0.10000000149011612
181.737,1.0,9.75273123615318,0.10000000149011612
181.79,1.0,9.890168658374913,0.10000000149011612
181.838,1.0,9.890262433534694,0.10000000149011612
181.895,1.0,9.698006309982803,0.10000000149011612
181.943,1.0,9.64313902846641,0.10000000149011612
181.99,1.0,9.643056640649835,0.10000000149011612
182.043,1.0,9.807803175474207,0.10000000149011612
182.095,1.0,9.725314626428816,0.10000000149011612
182.139,1.0,9.72548862474246,0.10000000149011612
182.191,1.0,9.917717253189121,0.10689684003591537
182.24,1.0,9.835112135857344,0.10000000149011612
182.291,1.0,9.835277723686563,0.10000000149011612
182.341,1.0,9.725372518950866,0.10000000149011612
182.391,1.0,9.835260621934301,0.10000000149011612
182.443,1.0,9.80776026820143,0.10000000149011612
182.491,1.0,9.945000000008278,0.10000000149011612
182.545,1.0,9.80781641341746,0.10000000149011612
182.591,1.0,9.752700255086852,0.10000000149011612
182.643,1.0,9.862604870895545,0.10000000149011612
182.694,1.0,9.69792568054464,0.10000000149011612
182.744,1.0,9.862601959125863,0.10000000149011612
182.793,1.0,9.752949010911916,0.10000000149011612
182.843,1.0,9.780267346195048,0.10000000149011612
182.893,1.0,9.780435731655194,0.10000000149011612
182.949,1.0,9.807670693534115,0.10000000149011612
182.998,1.0,9.807914077552656,0.10000000149011612
183.048,1.0,9.78022699031151,0.10000000149011612
183.1,1.0,9.86260017460833,0.10000000149011612
183.152,1.0,9.780324890298976,0.10000000149011612
183.199,1.0,9.75271648425195,0.10000000149011612
183.263,1.0,9.752732827659283,0.10000000149011612
183.305,1.0,9.725311699820061,0.10000000149011612
183.353,1.0,9.890337186120451,0.10000000149011612
183.402,1.0,9.890256018046703,0.10000000149011612
183.464,1.0,9.86270825341344,0.10000000149011612
183.501,1.0,9.862517534879347,0.10000000149011612
183.551,1.0,9.862622223049403,0.10000000149011612
183.607,1.0,9.752767109581166,0.10000000149011612
183.654,1.0,9.807732200270726,0.10000000149011612
183.715,1.0,9.780352113871938,0.10000000149011612
183.752,1.0,9.780283976325558,0.10000000149011612
183.804,1.0,9.835134281569886,0.10000000149011612
183.853,1.0,9.752614880166949,0.10000000149011612
183.904,1.0,9.917630385607481,0.10000000149011612
183.953,1.0,9.890333597879444,0.10000000149011612
184.012,1.0,9.835077950379087,0.10000000149011612
184.053,1.0,9.890256345230672,0.10000000149011612
184.102,1.0,9.890032855566178,0.10000000149011612
184.157,1.0,9.917537354388172,0.10000000149011612
184.205,1.0,9.890450566013653,0.1279701590538025
184.26,1.0,9.80750994347036,0.10000000149011612
184.308,1.0,9.780143056934078,0.10000000149011612
184.358,1.0,9.780294870730076,0.10000000149011612
184.408,1.0,9.72537311737736,0.10000000149011612
184.461,1.0,9.752605582670204,0.10000000149011612
184.509,1.0,9.835169633498623,0.10000000149011612
184.557,1.0,9.587791055999697,0.10000000149011612
184.606,1.0,9.862574227609569,0.10000000149011612
184.658,1.0,9.780472834677331,0.10000000149011612
184.71,1.0,9.780419286485348,0.10000000149011612
184.758,1.0,9.752821376526521,0.10000000149011612
184.809,1.0,9.78039533024033,0.10000000149011612
184.858,1.0,9.835063233330018,0.10000000149011612
184.909,1.0,9.807649128470157,0.10000000149011612
184.963,1.0,9.780516402982176,0.10000000149011612
185.008,1.0,9.753014370157487,0.10000000149011612
185.067,1.0,9.7528345376874,0.10000000149011612
185.108,1.0,9.752894083845119,0.10000000149011612
185.16,1.0,9.780308564214243,0.10000000149011612
185.209,1.0,9.862778707759247,0.10000000149011612
185.262,1.0,9.917556432945032,0.10000000149011612
185.31,1.0,9.697652640069524,0.10000000149011612
185.362,1.0,9.862572255999678,0.10000000149011612
185.409,1.0,9.752578140733142,0.10000000149011612
185.461,1.0,9.780360071505937,0.10000000149011612
185.513,1.0,9.752803214432465,0.10000000149011612
185.559,1.0,9.890000000016556,0.10000000149011612
185.608,1.0,9.725210749482114,0.10000000149011612
185.66,1.0,9.835209921602573,0.10000000149011612
185.708,1.0,9.807783883727259,0.10000000149011612
185.761,1.0,9.725168872541852,0.10000000149011612
185.808,1.0,9.697725512397787,0.10000000149011612
185.858,1.0,9.78014646631976,0.10000000149011612
185.911,1.0,9.780243711939288,0.10000000149011612
185.959,1.0,9.835257567444609,0.10000000149011612
186.013,1.0,9.917500000012417,0.10000000149011612
186.069,1.0,9.807788993004296,0.10000000149011612
186.109,1.0,9.80776396157841,0.10000000149011612
186.163,1.0,9.890050548977323,0.10000000149011612
186.212,1.0,9.91761580593884,0.10000000149011612
186.259,1.0,9.862568731295566,0.10000000149011612
186.31,1.0,9.807848519831897,0.10000000149011612
186.363,1.0,9.890042465200855,0.10000000149011612
186.415,1.0,9.890110911346143,0.10000000149011612
186.461,1.0,9.807882870154248,0.10000000149011612
186.511,1.0,9.780473469611671,0.10000000149011612
186.568,1.0,9.890000000016556,0.10000000149011612
186.609,1.0,9.780571620373262,0.10000000149011612
186.66,1.0,9.945000000008278,0.10000000149011612
186.711,1.0,9.78011123119957,0.10000000149011612
186.76,1.0,9.752765140268538,0.10000000149011612
186.81,1.0,9.917620892077684,0.10000000149011612
186.862,1.0,9.835159988577168,0.10000000149011612
186.913,1.0,9.752983961523407,0.10000000149011612
186.967,1.0,9.917676914027995,0.10000000149011612
187.009,1.0,9.83517024392883,0.10000000149011612
187.066,1.0,9.807807193717196,0.10000000149011612
187.114,1.0,9.75262053395725,0.10000000149011612
187.157,1.0,9.835238451924589,0.10000000149011612
187.211,1.0,9.835044257094463,0.10000000149011612
187.266,1.0,9.780315871122811,0.10000000149011612
187.314,1.0,9.780230365072688,0.10000000149011612
187.365,1.0,9.862654036966463,0.10000000149011612
187.413,1.0,9.917500000012417,0.10000000149011612
187.462,1.0,9.80767748132348,0.10000000149011612
187.514,1.0,9.780221000479328,0.10000000149011612
187.564,1.0,9.80792447562433,0.10000000149011612
187.619,1.0,9.945000461323394,0.10000000149011612
187.664,1.0,9.862692676919202,0.10000000149011612
187.722,1.0,9.807832120897041,0.10000000149011612
187.765,1.0,9.835017263123559,0.10000000149011612
187.818,1.0,9.697730581234726,0.10000000149011612
187.87,1.0,9.862500889909764,0.10000000149011612
187.924,1.0,9.780193161095182,0.10000000149011612
187.968,1.0,9.89009975006597,0.10000000149011612
188.017,1.0,9.752670751946669,0.10000000149011612
188.068,1.0,9.697891784604225,0.10000000149011612
188.123,1.0,9.69801404579646,0.10000000149011612
188.175,1.0,9.697827202826739,0.10000000149011612
188.219,1.0,9.862801265654465,0.10000000149011612
188.269,1.0,9.725404090123872,0.10000000149011612
188.318,1.0,9.725187109969557,0.10000000149011612
188.368,1.0,9.80787651874125,0.10000000149011612
188.417,1.0,9.697844708048635,0.10000000149011612
188.468,1.0,9.75283225942403,0.10000000149011612
188.519,1.0,9.75282487169736,0.10000000149011612
188.57,1.0,9.752677012193534,0.10000000149011612
188.619,1.0,9.807579725152916,0.10000000149011612
188.668,1.0,9.75293864833398,0.10000000149011612
188.719,1.0,9.752754483434062,0.10000000149011612
188.773,1.0,9.83526777929316,0.10000000149011612
188.817,1.0,9.890025277601348,0.10000000149011612
188.868,1.0,9.697957781888544,0.10000000149011612
188.921,1.0,9.807725862724086,0.10000000149011612
188.972,1.0,9.862720074069996,0.10000000149011612
189.018,1.0,9.862713042605254,0.10000000149011612
189.068,1.0,9.835313787249227,0.10000000149011612
189.119,1.0,9.917500000012417,0.10000000149011612
189.167,1.0,9.697975813514656,0.10000000149011612
189.217,1.0,9.807755857747463,0.10000000149011612
189.273,1.0,9.697704659236802,0.10000000149011612
189.32,1.0,9.807900574782657,0.10000000149011612
189.369,1.0,9.890030306184457,0.10000000149011612
189.419,1.0,9.862574249174859,0.10000000149011612
189.468,1.0,9.862824446066385,0.10000000149011612
189.52,1.0,9.69778146530605,0.10000000149011612
189.573,1.0,9.697769595724013,0.10000000149011612
189.62,1.0,9.862787286212875,0.10000000149011612
189.67,1.0,9.835359630588856,0.10000000149011612
189.72,1.0,9.725397211996217,0.10000000149011612
189.772,1.0,9.698278369671769,0.10000000149011612
189.819,1.0,9.890085863094363,0.10000000149011612
189.878,1.0,9.917619966963928,0.10000000149011612
189.927,1.0,9.862640471363234,0.10000000149011612
189.98,1.0,9.890073391194973,0.10000000149011612
190.028,1.0,9.725403888523578,0.10000000149011612
190.088,1.0,9.890365678216849,0.10000000149011612
190.138,1.0,9.835210162111455,0.10000000149011612
190.176,1.0,9.752853353880345,0.10000000149011612
190.229,1.0,9.890126104859842,0.10000000149011612
190.279,1.0,9.862729097219805,0.10000000149011612
190.326,1.0,9.807853787868387,0.10000000149011612
190.379,1.0,9.94507950782362,0.10000000149011612
190.427,1.0,9.862579650266303,0.10000000149011612
190.488,1.0,9.917530384846032,0.10000000149011612
190.535,1.0,9.780375663273864,0.10000000149011612
190.576,1.0,9.80768196421365,0.10000000149011612
190.632,1.0,9.83524294903295,0.10000000149011612
190.68,1.0,9.890129636993839,0.10000000149011612
190.729,1.0,9.807845086231827,0.10000000149011612
190.787,1.0,9.862529275214506,0.10000000149011612
190.83,1.0,9.835196325824493,0.10000000149011612
190.878,1.0,9.780292695491678,0.10000000149011612
190.93,1.0,9.780288957349129,0.10000000149011612
190.979,1.0,9.67051872290257,0.10000000149011612
191.028,1.0,9.835256533986993,0.10000000149011612
191.079,1.0,9.780302990434897,0.10000000149011612
191.134,1.0,9.862652530893683,0.10000000149011612
191.179,1.0,9.917616891964443,0.10000000149011612
191.231,1.0,9.917724617136022,0.10000000149011612
191.28,1.0,9.780332722287211,0.10000000149011612
191.333,1.0,9.862948747082717,0.10000000149011612
191.383,1.0,9.752607033153375,0.10000000149011612
191.429,1.0,9.807681094979246,0.10000000149011612
191.485,1.0,9.752791998328433,0.10000000149011612
191.529,1.0,9.835324081799222,0.10000000149011612
191.579,1.0,9.890000000016556,0.10000000149011612
191.635,1.0,9.752896270673308,0.10000000149011612
191.68,1.0,9.75293463923865,0.10000000149011612
191.733,1.0,9.780227583729559,0.10000000149011612
191.782,1.0,9.697792855277658,0.10000000149011612
191.829,1.0,9.807640976479483,0.10000000149011612
191.879,1.0,9.835142696566052,0.10000000149011612
191.931,1.0,9.697754568503134,0.10000000149011612
191.979,1.0,9.89003712174793,0.10000000149011612
192.034,1.0,9.80794083867222,0.10000000149011612
192.081,1.0,9.917500000012417,0.10000000149011612
192.132,1.0,9.752802942155135,0.10000000149011612
192.186,1.0,9.752761267622311,0.10000000149011612
192.232,1.0,9.835220953118469,0.10000000149011612
192.283,1.0,9.75259120878246,0.10000000149011612
192.332,1.0,9.862607018256353,0.10000000149011612
192.386,1.0,9.835349018209511,0.10000000149011612
192.431,1.0,9.807743973885145,0.10000000149011612
192.48,1.0,9.835274033952091,0.10000000149011612
192.531,1.0,9.780089397355914,0.10000000149011612
192.581,1.0,9.69793259203434,0.10000000149011612
192.632,1.0,9.807748630560107,0.10000000149011612
192.682,1.0,9.917544220905338,0.10000000149011612
192.731,1.0,9.697924070432782,0.10000000149011612
192.785,1.0,9.752784694689844,0.10000000149011612
192.831,1.0,9.835240540570682,0.10000000149011612
192.883,1.0,9.807758526421255,0.10000000149011612
192.932,1.0,9.69783029185815,0.10000000149011612
192.983,1.0,9.780251235287222,0.10000000149011612
193.038,1.0,9.752648631483316,0.10000000149011612
193.088,1.0,9.807683368130691,0.10000000149011612
193.142,1.0,9.807699489407241,0.10000000149011612
193.189,1.0,9.890115962736308,0.10000000149011612
193.24,1.0,9.752512870190872,0.10000000149011612
193.289,1.0,9.807668977085914,0.10000000149011612
193.339,1.0,9.86252671542267,0.10000000149011612
193.391,1.0,9.807747941153744,0.10000000149011612
193.447,1.0,9.697831647718946,0.10000000149011612
193.492,1.0,9.83552044959118,0.10000000149011612
193.545,1.0,9.835325843364828,0.10000000149011612
193.591,1.0,9.725250266119838,0.10000000149011612
193.642,1.0,9.83514117979341,0.10000000149011612
193.691,1.0,9.83508023114668,0.10000000149011612
193.747,1.0,9.752845507549743,0.10000000149011612
193.791,1.0,9.862580712946754,0.10000000149011612
193.841,1.0,9.835107899684873,0.10000000149011612
193.893,1.0,9.780496348047421,0.10000000149011612
193.942,1.0,9.780385716031823,0.10000000149011612
193.991,1.0,9.86260352347874,0.10000000149011612
194.043,1.0,9.725460223915677,0.10000000149011612
194.092,1.0,9.780301548995906,0.10000000149011612
194.142,1.0,9.752877425692148,0.10000000149011612
194.193,1.0,9.807760699114038,0.10000000149011612
194.244,1.0,9.835123263195985,0.10000000149011612
194.292,1.0,9.835343590358065,0.10000000149011612
194.347,1.0,9.917640818779667,0.10000000149011612
194.393,1.0,9.725588379034566,0.10000000149011612
194.44,1.0,9.862728157784376,0.10000000149011612
194.493,1.0,9.780167902219628,0.10000000149011612
194.542,1.0,9.697824397621055,0.10000000149011612
194.596,1.0,9.83521214955383,0.10000000149011612
194.644,1.0,9.752639999157852,0.10000000149011612
194.697,1.0,9.780129926217098,0.10000000149011612
194.745,1.0,9.725096766547196,0.10000000149011612
194.794,1.0,9.780215441228615,0.10000000149011612
194.844,1.0,9.835262234591776,0.10000000149011612
194.898,1.0,9.862728679552674,0.10000000149011612
194.943,1.0,9.835320429483222,0.10000000149011612
194.994,1.0,9.862644072870413,0.10000000149011612
195.045,1.0,9.890112274740305,0.10000000149011612
195.095,1.0,9.862687573726806,0.10000000149011612
195.143,1.0,9.862701435863144,0.10000000149011612
195.196,1.0,9.752878633327782,0.10000000149011612
195.245,1.0,9.780092203430831,0.10000000149011612
195.296,1.0,9.917524251797133,0.10000000149011612
195.345,1.0,9.588088103176819,0.10000000149011612
195.394,1.0,9.75283202878717,0.10000000149011612
195.445,1.0,9.725354983947343,0.10000000149011612
195.497,1.0,9.890123831108212,0.10000000149011612
195.544,1.0,9.697982279107803,0.10000000149011612
195.593,1.0,9.835120135400858,0.10000000149011612
195.643,1.0,9.83514912099474,0.10000000149011612
195.693,1.0,9.64299654348029,0.10000000149011612
195.745,1.0,9.890216637485556,0.10000000149011612
195.794,1.0,9.670412897836004,0.10000000149011612
195.844,1.0,9.807932249622212,0.10224475711584091
195.896,1.0,9.697873696270916,0.10000000149011612
195.943,1.0,9.86260078539037,0.10000000149011612
195.993,1.0,9.807798023025194,0.10000000149011612
196.044,1.0,9.780413718211154,0.10000000149011612
196.093,1.0,9.725503252218996,0.10000000149011612
196.148,1.0,9.835225966076056,0.10000000149011612
196.201,1.0,9.86273378038572,0.10000000149011612
196.248,1.0,9.780270345095131,0.10000000149011612
196.297,1.0,9.698013428226114,0.10000000149011612
196.353,1.0,9.807774586064948,0.10000000149011612
196.399,1.0,9.752894228634736,0.10000000149011612
196.45,1.0,9.862679414595995,0.10000000149011612
196.503,1.0,9.862654503062368,0.10000000149011612
196.556,1.0,9.697823317266172,0.10000000149011612
196.598,1.0,9.862706975080073,0.10000000149011612
196.647,1.0,9.697701143949397,0.10000000149011612
196.701,1.0,9.890325108253293,0.11846060305833817
196.756,1.0,9.890107495565381,0.10000000149011612
196.8,1.0,9.697825088310573,0.10000000149011612
196.855,1.0,9.725329880726834,0.10000000149011612
196.903,1.0,9.917631999817159,0.10000000149011612
196.96,1.0,9.807742493165035,0.10000000149011612
197.003,1.0,9.862720285832054,0.10000000149011612
197.056,1.0,9.780181752062505,0.10000000149011612
197.104,1.0,9.752694471221831,0.10000000149011612
197.158,1.0,9.752918803629775,0.10000000149011612
197.204,1.0,9.807650968266858,0.10000000149011612
197.256,1.0,9.72518785862873,0.10000000149011612
197.304,1.0,9.890095513355401,0.10000000149011612
197.36,1.0,9.917500000012417,0.10000000149011612
197.411,1.0,9.917519296954076,0.10000000149011612
197.46,1.0,9.725388558602168,0.10000000149011612
197.515,1.0,9.917567099548048,0.10000000149011612
197.56,1.0,9.945129567157064,0.11720412224531174
197.611,1.0,9.780284023678137,0.10000000149011612
197.661,1.0,9.835210195556282,0.10000000149011612
197.712,1.0,9.835163201019167,0.10000000149011612
197.76,1.0,9.862585697033339,0.10000000149011612
197.812,1.0,9.725528180702693,0.10000000149011612
197.862,1.0,9.780187288195723,0.10000000149011612
197.914,1.0,9.83505505801489,0.10000000149011612
197.965,1.0,9.725000000041392,0.10000000149011612
198.012,1.0,9.780399609543384,0.10025805234909058
198.068,1.0,9.917500000012417,0.10000000149011612
198.12,1.0,9.753073412407604,0.10000000149011612
198.169,1.0,9.835134569741786,0.10000000149011612
198.218,1.0,9.78023413206554,0.10000000149011612
198.275,1.0,9.862638291344046,0.10000000149011612
198.325,1.0,9.752930460228688,0.10000000149011612
198.378,1.0,9.807764654234052,0.10000000149011612
198.422,1.0,9.780208211164508,0.10000000149011612
198.471,1.0,9.780051064098046,0.10000000149011612
198.522,1.0,9.862839574677249,0.10000000149011612
198.575,1.0,9.83539015834944,0.10000000149011612
198.619,1.0,9.697965487196214,0.10000000149011612
198.674,1.0,9.80767242345545,0.10000000149011612
198.726,1.0,9.643281740757326,0.10000000149011612
198.777,1.0,9.697948379566272,0.10000000149011612
198.826,1.0,9.890000804699957,0.10000000149011612
198.875,1.0,9.752500000037253,0.10000000149011612
198.924,1.0,9.670351466536522,0.10000000149011612
198.982,1.0,9.83517041647186,0.10000000149011612
199.029,1.0,9.862645840686229,0.10000000149011612
199.077,1.0,9.752871197606954,0.10000000149011612
199.139,1.0,9.890100228579508,0.10000000149011612
199.185,1.0,9.890138613411949,0.10000000149011612
199.235,1.0,9.780376679284705,0.10000000149011612
199.283,1.0,9.752528643877142,0.10000000149011612
199.342,1.0,9.86272307642632,0.10000000149011612
199.385,1.0,9.917577565792534,0.10000000149011612
199.434,1.0,9.807812262450655,0.10000000149011612
199.482,1.0,9.615574348014261,0.10000000149011612
199.534,1.0,9.835183432636162,0.10000000149011612
199.582,1.0,9.780013507873647,0.10000000149011612
199.633,1.0,9.807766802546878,0.10000000149011612
199.684,1.0,9.725216154505809,0.10000000149011612
199.733,1.0,9.807723367007242,0.10000000149011612
199.786,1.0,9.835155514193078,0.10000000149011612
199.833,1.0,9.807660534750257,0.10000000149011612
199.884,1.0,9.697849989516868,0.10000000149011612
199.934,1.0,9.807693387837046,0.10000000149011612
199.984,1.0,9.807723153113491,0.10000000149011612
200.041,1.0,9.862655271175836,0.10000000149011612
200.092,1.0,9.835120280956229,0.10000000149011612
200.137,1.0,9.697852208465338,0.10000000149011612
200.184,1.0,9.752652287690175,0.10000000149011612
200.244,1.0,9.807806527780162,0.10000000149011612
200.29,1.0,9.780201245099306,0.10000000149011612
200.34,1.0,9.780358715438181,0.10000000149011612
200.388,1.0,9.890243229352766,0.10000000149011612
200.441,1.0,9.780262285305394,0.10000000149011612
200.502,1.0,9.917500000012417,0.10000000149011612
200.539,1.0,9.862500000020695,0.10000000149011612
200.588,1.0,9.780031420000725,0.10000000149011612
200.639,1.0,9.752736941725015,0.10000000149011612
200.689,1.0,9.807759591957762,0.10000000149011612
200.739,1.0,9.890113338931567,0.10000000149011612
200.794,1.0,9.780259402510193,0.10000000149011612
200.841,1.0,9.890236009243463,0.10000000149011612
200.888,1.0,9.780349461382462,0.10000000149011612
200.939,1.0,9.697677469522588,0.10000000149011612
200.991,1.0,9.780253884734378,0.10000000149011612
201.04,1.0,9.752694932805996,0.10000000149011612
201.089,1.0,9.835094459644623,0.10000000149011612
201.14,1.0,9.780322577928503,0.10000000149011612
201.19,1.0,9.862578176665638,0.10000000149011612
201.239,1.0,9.835065825366312,0.10000000149011612
201.297,1.0,9.807660265204808,0.10000000149011612
201.34,1.0,9.83528997041285,0.10000000149011612
201.394,1.0,9.725093014724553,0.10000000149011612
201.443,1.0,9.807998376981251,0.10954800993204117
201.497,1.0,9.780058786583444,0.10000000149011612
201.542,1.0,9.835142112130093,0.10000000149011612
201.596,1.0,9.752944706007838,0.10000000149011612
201.643,1.0,9.835078245691127,0.10000000149011612
201.697,1.0,9.697780247280996,0.10000000149011612
201.741,1.0,9.780371513300471,0.10000000149011612
201.792,1.0,9.780315914025737,0.10000000149011612
201.844,1.0,9.725454984605312,0.10000000149011612
201.891,1.0,9.725355339878135,0.10000000149011612
201.946,1.0,9.752818277767963,0.10000000149011612
201.99,1.0,9.752742751335932,0.10000000149011612
202.045,1.0,9.78027409132984,0.10000000149011612
202.1,1.0,9.862690555904475,0.10000000149011612
202.144,1.0,9.75256298697657,0.10000000149011612
202.198,1.0,9.807836230409642,0.10000000149011612
202.25,1.0,9.697780776644747,0.10000000149011612
202.297,1.0,9.697915338041883,0.10000000149011612
202.351,1.0,9.67045052204695,0.10000000149011612
202.399,1.0,9.78015959981001,0.10000000149011612
202.445,1.0,9.80782854118281,0.10000000149011612
202.496,1.0,9.752680726494226,0.10000000149011612
202.548,1.0,9.752682322843206,0.10000000149011612
202.597,1.0,9.697785315579837,0.10000000149011612
202.645,1.0,9.862556680602331,0.10000000149011612
202.695,1.0,9.697942634796103,0.10000000149011612
202.745,1.0,9.83531976689895,0.10000000149011612
202.795,1.0,9.86261036561595,0.10000000149011612
202.851,1.0,9.890020909574297,0.10000000149011612
202.898,1.0,9.862592444279128,0.10000000149011612
202.945,1.0,9.780198609063195,0.10000000149011612
202.997,1.0,9.780463058956796,0.10000000149011612
203.046,1.0,9.725291149338915,0.10000000149011612
203.095,1.0,9.862622081529762,0.10000000149011612
203.154,1.0,9.862752981918554,0.10000000149011612
203.197,1.0,9.890074563502438,0.10000000149011612
203.249,1.0,9.862820364700424,0.10000000149011612
203.301,1.0,9.835262286187046,0.10000000149011612
203.349,1.0,9.890083099218707,0.10000000149011612
203.398,1.0,9.725268005145093,0.10000000149011612
203.448,1.0,9.752861226743294,0.10000000149011612
203.498,1.0,9.725418195169834,0.10000000149011612
203.552,1.0,9.807764253723953,0.10000000149011612
203.6,1.0,9.862731089298096,0.10000000149011612
203.648,1.0,9.945016862245069,0.10000000149011612
203.699,1.0,9.69797060907715,0.10000000149011612
203.748,1.0,9.945000000008278,0.10000000149011612
203.807,1.0,9.725060555235379,0.10000000149011612
203.856,1.0,9.75272464123037,0.10000000149011612
203.903,1.0,9.725127571759124,0.10000000149011612
203.953,1.0,9.725282875572642,0.10000000149011612
204.006,1.0,9.752846955528689,0.10000000149011612
204.053,1.0,9.890118445621596,0.10000000149011612
204.104,1.0,9.890165034826431,0.10000000149011612
204.155,1.0,9.83527681864798,0.10000000149011612
204.206,1.0,9.835326113117238,0.10000000149011612
204.256,1.0,9.78020018045273,0.10000000149011612
204.304,1.0,9.807914321000377,0.10000000149011612
204.345,1.0,9.945079560019076,0.10000000149011612
204.408,1.0,9.835283904336393,0.10000000149011612
204.455,1.0,9.83519126839108,0.10000000149011612
204.505,1.0,9.807674428551561,0.10000000149011612
204.559,1.0,9.697717090220086,0.10000000149011612
204.608,1.0,9.91755655840453,0.10000000149011612
204.655,1.0,9.753038695351117,0.10000000149011612
204.705,1.0,9.807672871400912,0.10000000149011612
204.761,1.0,9.780199407413601,0.10000000149011612
204.805,1.0,9.890106719463235,0.10000000149011612
204.855,1.0,9.752968675105109,0.10000000149011612
204.909,1.0,9.835423308735093,0.10000000149011612
204.953,1.0,9.780437824564675,0.10000000149011612
205.006,1.0,9.752895408330692,0.10000000149011612
205.058,1.0,9.917500000012417,0.10000000149011612
205.106,1.0,9.780328632021943,0.10000000149011612
205.155,1.0,9.862520399938028,0.10000000149011612
205.206,1.0,9.807630491587851,0.10000000149011612
205.262,1.0,9.835292224234177,0.10000000149011612
205.316,1.0,9.780220874895653,0.10000000149011612
205.361,1.0,9.862675766750343,0.10000000149011612
205.418,1.0,9.807998576677507,0.10000000149011612
205.46,1.0,9.807963272329006,0.10000000149011612
205.51,1.0,9.75286036502156,0.10000000149011612
205.56,1.0,9.890096293927895,0.10000000149011612
205.61,1.0,9.698061249322361,0.10000000149011612
205.66,1.0,9.69772573183808,0.10000000149011612
205.71,1.0,9.725618866624103,0.10000000149011612
205.759,1.0,9.862565977374713,0.10000000149011612
205.81,1.0,9.97259970166617,0.1358925998210907
205.859,1.0,9.780130484472547,0.10000000149011612
205.91,1.0,9.835234854784277,0.10000000149011612
205.959,1.0,9.807842052065665,0.10000000149011612
206.009,1.0,9.917710434583325,0.12229863554239273
206.06,1.0,9.80778816404442,0.10000000149011612
206.108,1.0,9.780319943506685,0.10000000149011612
206.162,1.0,9.917641601380375,0.10000000149011612
206.215,1.0,9.86250817624645,0.10000000149011612
206.258,1.0,9.752516937255859,0.10000000149011612
206.311,1.0,9.835323924798931,0.10000000149011612
206.36,1.0,9.835045825420982,0.10000000149011612
206.409,1.0,9.725137410147322,0.10000000149011612
206.462,1.0,9.7528741977488,0.10000000149011612
206.519,1.0,9.725434621154434,0.10000000149011612
206.56,1.0,9.862867216579616,0.10000000149011612
206.612,1.0,9.890266506456667,0.10000000149011612
206.659,1.0,9.807675208689439,0.10000000149011612
206.71,1.0,9.780161770081355,0.10000000149011612
206.761,1.0,9.752687909454107,0.10000000149011612
206.809,1.0,9.835137709747586,0.10000000149011612
206.861,1.0,9.862616419481734,0.10000000149011612
206.908,1.0,9.862543439575367,0.10000000149011612
206.96,1.0,9.917732528286676,0.10000000149011612
207.008,1.0,9.862752758111391,0.10000000149011612
207.058,1.0,9.835093906439013,0.10000000149011612
207.117,1.0,9.862819153939684,0.10000000149011612
207.161,1.0,9.862746361332634,0.10000000149011612
207.214,1.0,9.780096349885895,0.10000000149011612
207.266,1.0,9.670657119113539,0.10000000149011612
207.316,1.0,9.807848292692668,0.10000000149011612
207.372,1.0,9.862651162015068,0.10000000149011612
207.415,1.0,9.83518815735976,0.10000000149011612
207.47,1.0,9.752916052420106,0.10000000149011612
207.517,1.0,9.697902200371027,0.10000000149011612
207.565,1.0,9.780338230977456,0.10000000149011612
207.62,1.0,9.670644782959586,0.10000000149011612
207.663,1.0,9.917607029051416,0.10348999500274658
207.721,1.0,9.752656563557684,0.10000000149011612
207.767,1.0,9.890115307105912,0.10000000149011612
207.817,1.0,9.8352662599956,0.10000000149011612
207.873,1.0,9.890245453082025,0.10000000149011612
207.919,1.0,9.670301898651653,0.10000000149011612
207.967,1.0,9.780160503296388,0.10000000149011612
208.017,1.0,9.807682073281871,0.10000000149011612
208.067,1.0,9.697649568464193,0.10000000149011612
208.122,1.0,9.862611280133327,0.10000000149011612
208.168,1.0,9.697828589338396,0.10000000149011612
208.22,1.0,9.780449076245228,0.10000000149011612
208.271,1.0,9.86257825228903,0.10000000149011612
208.32,1.0,9.862639877345,0.10000000149011612
208.369,1.0,9.835172570517493,0.10000000149011612
208.418,1.0,9.862688560680382,0.10000000149011612
208.467,1.0,9.862611286880242,0.10000000149011612
208.522,1.0,9.890129786295196,0.10000000149011612
208.568,1.0,9.835291766313215,0.10000000149011612
208.622,1.0,9.945000000008278,0.10000000149011612
208.667,1.0,9.725124270593126,0.10000000149011612
208.718,1.0,9.86260932992316,0.10000000149011612
208.78,1.0,9.83544796773543,0.10000000149011612
208.821,1.0,9.807769456153942,0.10000000149011612
208.869,1.0,9.862672562938597,0.10000000149011612
208.924,1.0,9.780450739401083,0.10000000149011612
208.968,1.0,9.862500000020695,0.10000000149011612
209.02,1.0,9.890097779221833,0.10000000149011612
209.069,1.0,9.670262918455734,0.10000000149011612
209.124,1.0,9.72508787440343,0.10000000149011612
209.17,1.0,9.89004265959892,0.10000000149011612
209.217,1.0,9.642960684953465,0.10000000149011612
209.267,1.0,9.780325135630038,0.10000000149011612
209.318,1.0,9.835033942965998,0.10000000149011612
209.371,1.0,9.780311339886651,0.10000000149011612
209.419,1.0,9.807625935309463,0.10000000149011612
209.468,1.0,9.780467875674367,0.10000000149011612
209.518,1.0,9.78035817808575,0.10000000149011612
209.568,1.0,9.807515851822163,0.10000000149011612
209.624,1.0,9.72527339996563,0.10000000149011612
209.671,1.0,9.670639112467567,0.10000000149011612
209.717,1.0,9.807568011246621,0.10000000149011612
209.77,1.0,9.890073609083062,0.10000000149011612
209.818,1.0,9.862678027877378,0.10000000149011612
209.869,1.0,9.69765853424453,0.10000000149011612
209.922,1.0,9.835190312874813,0.10000000149011612
209.971,1.0,9.75288771910386,0.10000000149011612
210.019,1.0,9.7525799891601,0.10000000149011612
210.068,1.0,9.615320238512423,0.10000000149011612
210.119,1.0,9.780240902759962,0.10000000149011612
210.169,1.0,9.8626320378234,0.10000000149011612
210.219,1.0,9.862785821449425,0.10000000149011612
210.269,1.0,9.752946486655208,0.10000000149011612
210.32,1.0,9.780279660949276,0.10000000149011612
210.368,1.0,9.862659600501258,0.10000000149011612
210.419,1.0,9.80758434565117,0.10000000149011612
210.475,1.0,9.67038792885012,0.10000000149011612
210.517,1.0,9.698442847219606,0.10000000149011612
210.568,1.0,9.780271684274906,0.10000000149011612
210.619,1.0,9.752643981017172,0.10000000149011612
210.667,1.0,9.752722782434688,0.10000000149011612
210.718,1.0,9.8078367361178,0.10000000149011612
210.771,1.0,9.807826923247841,0.10000000149011612
210.818,1.0,9.807731113024056,0.10000000149011612
210.873,1.0,9.807785563564135,0.10000000149011612
210.919,1.0,9.80777597464621,0.10000000149011612
210.97,1.0,9.807680580351088,0.10000000149011612
211.019,1.0,9.862772219462528,0.10000000149011612
211.071,1.0,9.807762005490561,0.10000000149011612
211.125,1.0,9.752681961220999,0.10000000149011612
211.18,1.0,9.780121962436372,0.10000000149011612
211.221,1.0,9.83538868719091,0.10000000149011612
211.272,1.0,9.72531924156679,0.10000000149011612
211.322,1.0,9.835037950695389,0.10000000149011612
211.372,1.0,9.670411735897263,0.10000000149011612
211.437,1.0,9.862744071852003,0.10000000149011612
211.476,1.0,9.835112890456285,0.10000000149011612
211.526,1.0,9.917509886125723,0.10000000149011612
211.576,1.0,9.917588869275319,0.10000000149011612
211.63,1.0,9.752992474142875,0.10000000149011612
211.674,1.0,9.8901499958088,0.10000000149011612
211.726,1.0,9.780192464983298,0.10000000149011612
211.784,1.0,9.890011455573969,0.10000000149011612
211.834,1.0,9.780309067811404,0.10000000149011612
211.883,1.0,9.780104196175104,0.10000000149011612
211.933,1.0,9.890150752291083,0.10000000149011612
211.982,1.0,9.835215423214766,0.10000000149011612
212.033,1.0,9.752846013795999,0.10000000149011612
212.082,1.0,9.835271142029928,0.10000000149011612
212.133,1.0,9.725438024434778,0.10000000149011612
212.182,1.0,9.780237636032204,0.10000000149011612
212.233,1.0,9.862674534051783,0.10000000149011612
212.287,1.0,9.615500169205998,0.10000000149011612
212.32,1.0,9.807817964421378,0.10000000149011612
212.381,1.0,9.945068759595355,0.10000000149011612
212.426,1.0,9.807884291083449,0.10000000149011612
212.483,1.0,9.917696398579412,0.10036381334066391
212.54,1.0,9.917500000012417,0.10000000149011612
212.583,1.0,9.862665458665125,0.10000000149011612
212.633,1.0,9.780395339698428,0.10000000149011612
212.69,1.0,9.835139820704029,0.10000000149011612
212.734,1.0,9.698010546548499,0.10000000149011612
212.784,1.0,9.862761609525316,0.10000000149011612
212.834,1.0,9.972500000004139,0.10000000149011612
212.886,1.0,9.945004796423017,0.10000000149011612
212.932,1.0,9.862500000020695,0.10000000149011612
212.982,1.0,9.86262607779354,0.10000000149011612
213.037,1.0,9.72547818503032,0.10000000149011612
213.084,1.0,9.780270679915946,0.10000000149011612
213.134,1.0,9.807662795235712,0.10000000149011612
213.186,1.0,9.780425747690929,0.10000000149011612
213.232,1.0,9.890204808695449,0.10000000149011612
213.286,1.0,9.670279559265408,0.10000000149011612
213.335,1.0,9.83513673717777,0.10000000149011612
213.382,1.0,9.642852663579914,0.10000000149011612
213.434,1.0,9.83512150850147,0.10000000149011612
213.485,1.0,9.917644244577321,0.10000000149011612
213.539,1.0,9.91763408879439,0.10000000149011612
213.588,1.0,9.862910031071968,0.10254403948783875
213.639,1.0,9.917647564762996,0.10291704535484314
213.695,1.0,9.862814187010128,0.10000000149011612
213.738,1.0,9.835302501482268,0.10000000149011612
213.789,1.0,9.75291128133734,0.10000000149011612
213.837,1.0,9.670378429421948,0.10000000149011612
213.887,1.0,9.807632339290446,0.10000000149011612
213.941,1.0,9.890080088232127,0.10000000149011612
213.988,1.0,9.69796996574021,0.10000000149011612
214.037,1.0,9.64303035715388,0.10000000149011612
214.09,1.0,9.807989830544425,0.10000000149011612
214.145,1.0,9.86265644180692,0.10000000149011612
214.193,1.0,9.752750380150975,0.10000000149011612
214.239,1.0,9.725172936067812,0.10000000149011612
214.289,1.0,9.752810154834556,0.10000000149011612
214.34,1.0,9.835350170938504,0.10000000149011612
214.393,1.0,9.862784615159034,0.10000000149011612
214.447,1.0,9.862680934680006,0.10000000149011612
214.493,1.0,9.807774067566626,0.10000000149011612
214.541,1.0,9.890172167432805,0.10000000149011612
214.592,1.0,9.86266665669779,0.10000000149011612
214.642,1.0,9.780297703896132,0.10000000149011612
214.692,1.0,9.83523195710861,0.10000000149011612
214.745,1.0,9.807673956226143,0.10000000149011612
214.794,1.0,9.780293649662699,0.10000000149011612
214.845,1.0,9.86287800491684,0.10000000149011612
214.894,1.0,9.78029397951646,0.10000000149011612
214.948,1.0,9.698015984106394,0.10000000149011612
214.995,1.0,9.752649282726148,0.10000000149011612
215.046,1.0,9.780335032256941,0.10000000149011612
215.098,1.0,9.807618658410178,0.10000000149011612
215.143,1.0,9.752969207925101,0.10000000149011612
215.196,1.0,9.862712716373304,0.10000000149011612
215.245,1.0,9.807611137938997,0.10000000149011612
215.293,1.0,9.807811773195862,0.10000000149011612
215.347,1.0,9.725657017094393,0.10000000149011612
215.393,1.0,9.807500000028975,0.10000000149011612
215.445,1.0,9.835377083656688,0.10000000149011612
215.494,1.0,9.670299455254442,0.10000000149011612
215.545,1.0,9.697967498852975,0.10000000149011612
215.596,1.0,9.807694559875461,0.10000000149011612
215.646,1.0,9.807771259049575,0.10000000149011612
215.693,1.0,9.8078182865969,0.10000000149011612
215.745,1.0,9.972500000004139,0.10000000149011612
215.796,1.0,9.83515575207356,0.10000000149011612
215.847,1.0,9.670433097332715,0.10000000149011612
215.895,1.0,9.862500000020695,0.10000000149011612
215.949,1.0,9.862607978760368,0.10000000149011612
216.001,1.0,9.807830472331908,0.10000000149011612
216.046,1.0,9.86268878477729,0.10000000149011612
216.1,1.0,9.862573214454784,0.10000000149011612
216.146,1.0,9.6427344094341,0.10000000149011612
216.204,1.0,9.725341290587352,0.10000000149011612
216.251,1.0,9.890073722621633,0.10000000149011612
216.3,1.0,9.697897608826558,0.10000000149011612
216.352,1.0,9.807500000028975,0.10000000149011612
216.402,1.0,9.780286842356954,0.10000000149011612
216.45,1.0,9.75270032375637,0.10000000149011612
216.502,1.0,9.917618338308401,0.10000000149011612
216.554,1.0,9.807837942904897,0.10000000149011612
216.602,1.0,9.807659994997085,0.10000000149011612
216.651,1.0,9.835108455705146,0.10000000149011612
216.703,1.0,9.807823221281998,0.10000000149011612
216.752,1.0,9.807646088571184,0.10000000149011612
216.801,1.0,9.835189341877898,0.10000000149011612
216.85,1.0,9.862678266668485,0.10000000149011612
216.905,1.0,9.807708377018571,0.10000000149011612
216.951,1.0,9.862794415942497,0.10000000149011612
217.006,1.0,9.807638243047727,0.10000000149011612
217.051,1.0,9.725390800543957,0.10000000149011612
217.1,1.0,9.752837846655812,0.10000000149011612
217.152,1.0,9.807835524218778,0.10000000149011612
217.206,1.0,9.75276732283334,0.10000000149011612
217.252,1.0,9.835000000024836,0.10000000149011612
217.301,1.0,9.862557422597375,0.10000000149011612
217.352,1.0,9.752833702891238,0.10000000149011612
217.403,1.0,9.725431648869481,0.10000000149011612
217.452,1.0,9.835455983504653,0.10000000149011612
217.502,1.0,9.8901836802976,0.10000000149011612
217.566,1.0,9.72558814458963,0.10000000149011612
217.6,1.0,9.780143144830234,0.10000000149011612
217.652,1.0,9.780371357397073,0.10000000149011612
217.701,1.0,9.670461262141664,0.10000000149011612
217.753,1.0,9.807712492988342,0.10000000149011612
217.801,1.0,9.725385554879903,0.10000000149011612
217.851,1.0,9.807884857058525,0.10000000149011612
217.904,1.0,9.753204616076417,0.10000000149011612
217.951,1.0,9.89016403750413,0.10000000149011612
218.003,1.0,9.75260097624527,0.10000000149011612
218.054,1.0,9.835066860417525,0.10000000149011612
218.106,1.0,9.78026835674213,0.10000000149011612
218.153,1.0,9.752654593976008,0.10000000149011612
218.202,1.0,9.697838796799381,0.10000000149011612
218.261,1.0,9.642869089874957,0.10000000149011612
218.3,1.0,9.807942012593978,0.10000000149011612
218.352,1.0,9.780349465832114,0.10000000149011612
218.401,1.0,9.917597492825653,0.10000000149011612
218.453,1.0,9.807819296254053,0.10000000149011612
218.504,1.0,9.807589563685987,0.10000000149011612
218.551,1.0,9.780536643746826,0.10000000149011612
218.601,1.0,9.862691522368955,0.10000000149011612
218.653,1.0,9.835458775775301,0.10000000149011612
218.704,1.0,9.890036520775821,0.10000000149011612
218.754,1.0,9.642932072219748,0.10000000149011612
218.805,1.0,9.807628656220105,0.10000000149011612
218.851,1.0,9.835267342378696,0.10000000149011612
218.912,1.0,9.890152504791816,0.10000000149011612
218.957,1.0,9.890129580265945,0.10000000149011612
219.001,1.0,9.752729417362975,0.10000000149011612
219.052,1.0,9.83514483415832,0.10000000149011612
219.102,1.0,9.807597895753052,0.10000000149011612
219.152,1.0,9.725385852551295,0.10000000149011612
219.214,1.0,9.807818661526673,0.10000000149011612
219.252,1.0,9.780631766468286,0.10000000149011612
219.305,1.0,9.615526180797152,0.10000000149011612
219.358,1.0,9.917650489467714,0.10000000149011612
219.406,1.0,9.917500000012417,0.10000000149011612
219.462,1.0,9.780586433348557,0.10000000149011612
219.509,1.0,9.807610990665854,0.10000000149011612
219.558,1.0,9.807985391612682,0.10000000149011612
219.618,1.0,9.890042034143375,0.10000000149011612
219.659,1.0,9.780072461999954,0.10000000149011612
219.709,1.0,9.752781953621241,0.10000000149011612
219.759,1.0,9.725343250131441,0.10000000149011612
219.809,1.0,9.752825730873479,0.10000000149011612
219.857,1.0,9.83530673486077,0.10000000149011612
219.911,1.0,9.75285726752546,0.10000000149011612
219.961,1.0,9.780375312310126,0.10000000149011612
220.012,1.0,9.780398759142392,0.10000000149011612
220.063,1.0,9.69825079569386,0.10000000149011612
220.116,1.0,9.752784469806485,0.10000000149011612
220.161,1.0,9.670309694028562,0.10000000149011612
220.212,1.0,9.835103501772714,0.10000000149011612
220.265,1.0,9.917801127458612,0.12414216995239258
220.313,1.0,9.697816193807457,0.10000000149011612
220.37,1.0,9.670276604923938,0.10000000149011612
220.423,1.0,9.835225651868516,0.10000000149011612
220.469,1.0,9.642987087058524,0.10000000149011612
220.519,1.0,9.835176482858758,0.10000000149011612
220.576,1.0,9.72557199533201,0.10000000149011612
220.624,1.0,9.835077634288204,0.10000000149011612
220.683,1.0,9.890000000016556,0.10000000149011612
220.725,1.0,9.807717616338696,0.10000000149011612
220.773,1.0,9.752670085492234,0.10000000149011612
220.824,1.0,9.752646430871552,0.10000000149011612
220.874,1.0,9.945000000008278,0.10000000149011612
220.93,1.0,9.862603153764374,0.10000000149011612
220.977,1.0,9.78001502595014,0.10000000149011612
221.027,1.0,9.835277102059788,0.10000000149011612
221.078,1.0,9.725342105059989,0.10000000149011612
221.124,1.0,9.807632481079136,0.10000000149011612
221.18,1.0,9.807630792529219,0.10000000149011612
221.223,1.0,9.752758270812532,0.10000000149011612
221.274,1.0,9.780104064506789,0.10000000149011612
221.329,1.0,9.8350717941713,0.10000000149011612
221.375,1.0,9.780179391387437,0.10000000149011612
221.428,1.0,9.725435288416016,0.10000000149011612
221.477,1.0,9.725252689007256,0.10000000149011612
221.527,1.0,9.945097631774843,0.10000000149011612
221.578,1.0,9.643169599750804,0.10000000149011612
221.629,1.0,9.835121678560972,0.10000000149011612
221.677,1.0,9.835152782727446,0.10000000149011612
221.73,1.0,9.75255314314531,0.10000000149011612
221.777,1.0,9.752813996436695,0.10000000149011612
221.828,1.0,9.80761062598063,0.10000000149011612
221.877,1.0,9.725363953163226,0.10000000149011612
221.927,1.0,9.753043050650094,0.10000000149011612
221.976,1.0,9.862703801588053,0.10000000149011612
222.027,1.0,9.807885862555768,0.10000000149011612
222.086,1.0,9.752998701234658,0.10000000149011612
222.128,1.0,9.725412751941217,0.10000000149011612
222.177,1.0,9.862604518627954,0.10000000149011612
222.226,1.0,9.807655542116198,0.10000000149011612
222.281,1.0,9.890052924863994,0.10000000149011612
222.328,1.0,9.752990890853107,0.10000000149011612
222.38,1.0,9.83508786149323,0.10000000149011612
222.429,1.0,9.725433408779402,0.10000000149011612
222.481,1.0,9.807656689133081,0.10000000149011612
222.527,1.0,9.835162281948659,0.10000000149011612
222.578,1.0,9.697614014997251,0.10000000149011612
222.631,1.0,9.945015799647404,0.10000000149011612
222.679,1.0,9.670505129877064,0.10000000149011612
222.727,1.0,9.83521633197864,0.10000000149011612
222.78,1.0,9.862825819353263,0.10000000149011612
222.828,1.0,9.725353948958219,0.10000000149011612
222.879,1.0,9.862545562742485,0.10000000149011612
222.928,1.0,9.697966262325645,0.10000000149011612
222.979,1.0,9.697807672205899,0.10000000149011612
223.03,1.0,9.780183684287799,0.10000000149011612
223.08,1.0,9.780262744861345,0.10000000149011612
223.13,1.0,9.725320394999452,0.10000000149011612
223.181,1.0,9.80764142843998,0.10000000149011612
223.225,1.0,9.86270976519833,0.10000000149011612
223.278,1.0,9.752800321040882,0.10000000149011612
223.329,1.0,9.725281161587272,0.10000000149011612
223.382,1.0,9.780264484406345,0.10000000149011612
223.43,1.0,9.807694206345413,0.10000000149011612
223.48,1.0,9.615286209661928,0.10000000149011612
223.531,1.0,9.725181989620129,0.10000000149011612
223.581,1.0,9.780281943952044,0.10000000149011612
223.63,1.0,9.835178921661443,0.10000000149011612
223.681,1.0,9.670808294601738,0.10000000149011612
223.729,1.0,9.862586347924339,0.10000000149011612
223.785,1.0,9.69771921388391,0.10000000149011612
223.83,1.0,9.835234525841143,0.10000000149011612
223.882,1.0,9.752903849610853,0.10000000149011612
223.931,1.0,9.670273700356484,0.10000000149011612
223.986,1.0,9.917500000012417,0.10000000149011612
224.036,1.0,9.917620186921623,0.10000000149011612
224.081,1.0,9.72556318965637,0.10000000149011612
224.129,1.0,9.69773585897767,0.10000000149011612
224.181,1.0,9.862803550478485,0.10000000149011612
224.232,1.0,9.725379613476495,0.10000000149011612
224.289,1.0,9.725269793305133,0.10000000149011612
224.33,1.0,9.890291521615453,0.10000000149011612
224.382,1.0,9.780228088258042,0.10000000149011612
224.431,1.0,9.780109139366282,0.10000000149011612
224.484,1.0,9.752933125197888,0.10000000149011612
224.537,1.0,9.725443269622822,0.10000000149011612
224.584,1.0,9.807531002163888,0.10000000149011612
224.636,1.0,9.807705932565861,0.10000000149011612
224.684,1.0,9.807902578699093,0.10000000149011612
224.737,1.0,9.835101376742953,0.10000000149011612
224.787,1.0,9.835247224424448,0.10000000149011612
224.834,1.0,9.780240812566545,0.10000000149011612
224.885,1.0,9.670458247781628,0.10000000149011612
224.937,1.0,9.78026069537219,0.10000000149011612
224.984,1.0,9.890095538045797,0.10000000149011612
225.035,1.0,9.835265856691533,0.10000000149011612
225.093,1.0,9.862762139841086,0.10000000149011612
225.144,1.0,9.890169237967994,0.10000000149011612
225.193,1.0,9.890252140205767,0.10022737830877304
225.24,1.0,9.780195618193183,0.10000000149011612
225.288,1.0,9.615377305675711,0.10000000149011612
225.345,1.0,9.80768043036676,0.10000000149011612
225.391,1.0,9.752890396180252,0.10000000149011612
225.44,1.0,9.780273417010903,0.10000000149011612
225.501,1.0,9.642914331580203,0.10000000149011612
225.541,1.0,9.862508159648213,0.10000000149011612
225.593,1.0,9.752995742029613,0.10000000149011612
225.642,1.0,9.64271941124979,0.10000000149011612
225.693,1.0,9.89016577075753,0.10000000149011612
225.742,1.0,9.835126995729903,0.10000000149011612
225.793,1.0,9.945126539634334,0.10216790437698364
225.841,1.0,9.972500000004139,0.10000000149011612
225.892,1.0,9.725479387057325,0.10000000149011612
225.942,1.0,9.835318711938129,0.10000000149011612
225.996,1.0,9.835100273105006,0.10000000149011612
226.046,1.0,9.835332272118992,0.10000000149011612
226.096,1.0,9.807756898096866,0.10000000149011612
226.149,1.0,9.807726246925691,0.10000000149011612
226.193,1.0,9.807715960260895,0.10000000149011612
226.245,1.0,9.94506276730034,0.10417808592319489
226.297,1.0,9.835091634881165,0.10000000149011612
226.35,1.0,9.752976111074288,0.10000000149011612
226.396,1.0,9.86251576486975,0.10000000149011612
226.446,1.0,9.862955147359106,0.12316764146089554
226.503,1.0,9.642985827413698,0.10000000149011612
226.549,1.0,9.807901161888408,0.10000000149011612
226.596,1.0,9.780285697554548,0.10000000149011612
226.652,1.0,9.862676294955115,0.10000000149011612
226.697,1.0,9.69777719212903,0.10000000149011612
226.749,1.0,9.862602961063384,0.10000000149011612
226.801,1.0,9.80776755037821,0.10000000149011612
226.847,1.0,9.835120677140852,0.10000000149011612
226.896,1.0,9.86258478175021,0.10000000149011612
226.947,1.0,9.807687251104248,0.10000000149011612
226.995,1.0,9.835106066593694,0.10000000149011612
227.046,1.0,9.890154499146673,0.10000000149011612
227.096,1.0,9.862533822034797,0.10000000149011612
227.148,1.0,9.807500000028975,0.10000000149011612
227.196,1.0,9.890167858182556,0.10000000149011612
227.245,1.0,9.862879421251515,0.10000000149011612
227.297,1.0,9.917500000012417,0.10000000149011612
227.345,1.0,9.697785033492579,0.10000000149011612
227.399,1.0,9.78062271097054,0.10000000149011612
227.449,1.0,9.725431623806555,0.10000000149011612
227.5,1.0,9.807546092073123,0.10000000149011612
227.547,1.0,9.862711996978355,0.10000000149011612
227.602,1.0,9.9177554609254,0.11895108968019485
227.653,1.0,9.89039002859758,0.12647442519664764
227.697,1.0,9.83524853930705,0.10000000149011612
227.749,1.0,9.780202883378498,0.10000000149011612
227.805,1.0,9.835398922943407,0.10000000149011612
227.851,1.0,9.80776585528834,0.10000000149011612
227.901,1.0,9.807653431428804,0.10000000149011612
227.948,1.0,9.807888405169878,0.10000000149011612
228.0,1.0,9.835118079330359,0.10000000149011612
228.052,1.0,9.780401981663372,0.10000000149011612
228.099,1.0,9.752944879751238,0.10000000149011612
228.147,1.0,9.807729953444666,0.10000000149011612
228.198,1.0,9.752698054951098,0.10000000149011612
228.248,1.0,9.835153211073743,0.10000000149011612
228.298,1.0,9.862540627395113,0.10000000149011612
228.349,1.0,9.780114672602052,0.10000000149011612
228.4,1.0,9.752841800099446,0.10000000149011612
228.455,1.0,9.807622091637718,0.10000000149011612
228.5,1.0,9.890154393948615,0.10000000149011612
228.549,1.0,9.917576996361216,0.10000000149011612
228.598,1.0,9.9176217192577,0.10000000149011612
228.648,1.0,9.862758695437677,0.10000000149011612
228.698,1.0,9.835274444789523,0.10000000149011612
228.752,1.0,9.83503397071941,0.10000000149011612
228.799,1.0,9.917600969701178,0.10000000149011612
228.856,1.0,9.780166564136744,0.10000000149011612
228.898,1.0,9.615543337456055,0.10000000149011612
228.953,1.0,9.862768224502604,0.10000000149011612
229.002,1.0,9.725029802901878,0.10000000149011612
229.05,1.0,9.670488315655126,0.10000000149011612
229.101,1.0,9.862810987337596,0.10000000149011612
229.157,1.0,9.835170724180838,0.10000000149011612
229.2,1.0,9.862525456729863,0.10000000149011612
229.25,1.0,9.752840710969435,0.10000000149011612
229.3,1.0,9.670531795939638,0.10000000149011612
229.351,1.0,9.807677980636557,0.10000000149011612
229.404,1.0,9.80771924706383,0.10000000149011612
229.458,1.0,9.78029960696068,0.10000000149011612
229.505,1.0,9.917578024334377,0.10000000149011612
229.563,1.0,9.670815568044782,0.10000000149011612
229.602,1.0,9.835000000024836,0.10000000149011612
229.651,1.0,9.75296803470701,0.10000000149011612
229.716,1.0,9.890135824183623,0.10000000149011612
229.764,1.0,9.807642123351494,0.10000000149011612
229.809,1.0,9.862939835236304,0.10000000149011612
229.86,1.0,9.78020259083973,0.10000000149011612
229.909,1.0,9.862795538248287,0.10000000149011612
229.962,1.0,9.862644189265039,0.10000000149011612
230.008,1.0,9.807810949223738,0.10000000149011612
230.064,1.0,9.835124601361652,0.10000000149011612
230.115,1.0,9.78032224242472,0.10000000149011612
230.174,1.0,9.752960536339216,0.10000000149011612
230.215,1.0,9.780238935330676,0.10000000149011612
230.268,1.0,9.80780179583364,0.10000000149011612
230.315,1.0,9.917552729240722,0.10000000149011612
230.372,1.0,9.835357913002372,0.10550293326377869
230.416,1.0,9.890085282321605,0.10000000149011612
230.475,1.0,9.780339928240412,0.10000000149011612
230.515,1.0,9.890133861990439,0.10000000149011612
230.564,1.0,9.835295186357365,0.10000000149011612
230.615,1.0,9.780432511162427,0.10000000149011612
230.668,1.0,9.78013947241836,0.10000000149011612
230.716,1.0,9.862651071780258,0.10000000149011612
230.766,1.0,9.86269482769486,0.10000000149011612
230.815,1.0,9.917521960102022,0.10000000149011612
230.866,1.0,9.807748926617204,0.10000000149011612
230.916,1.0,9.917500000012417,0.10000000149011612
230.963,1.0,9.807723879400227,0.10000000149011612
231.016,1.0,9.780233274255362,0.10000000149011612
231.072,1.0,9.86259344311224,0.10000000149011612
231.114,1.0,9.945000000008278,0.10000000149011612
231.164,1.0,9.835268790937132,0.10000000149011612
231.217,1.0,9.697881229242517,0.10000000149011612
231.273,1.0,9.862690247326261,0.10000000149011612
231.317,1.0,9.862737805665367,0.10000000149011612
231.368,1.0,9.86268172820823,0.10000000149011612
231.418,1.0,9.780408011418249,0.10000000149011612
231.468,1.0,9.807669780900081,0.10000000149011612
231.517,1.0,9.752737540875872,0.10000000149011612
231.572,1.0,9.807931197289792,0.10000000149011612
231.618,1.0,9.835287351720035,0.10000000149011612
231.668,1.0,9.72557002655748,0.10000000149011612
231.718,1.0,9.972557163714535,0.12057893723249435
231.77,1.0,9.752666109034585,0.10000000149011612
231.818,1.0,9.725299620110956,0.10000000149011612
231.87,1.0,9.835139887014197,0.10000000149011612
231.917,1.0,9.780248105381098,0.10000000149011612
231.968,1.0,9.752759157203966,0.10000000149011612
232.026,1.0,9.698201532061729,0.10000000149011612
232.069,1.0,9.83529444175462,0.10000000149011612
232.119,1.0,9.725372213497758,0.10000000149011612
232.186,1.0,9.890031667881543,0.10000000149011612
232.217,1.0,9.917550475419395,0.10000000149011612
232.269,1.0,9.835286499746143,0.10000000149011612
232.321,1.0,9.725369008920259,0.10000000149011612
232.372,1.0,9.752926753502752,0.10000000149011612
232.425,1.0,9.80757735034244,0.10000000149011612
232.469,1.0,9.83518665306684,0.10000000149011612
232.528,1.0,9.835312171425256,0.10000000149011612
232.574,1.0,9.89001782875922,0.10000000149011612
232.622,1.0,9.945000000008278,0.10000000149011612
232.672,1.0,9.807997198113137,0.10000000149011612
232.72,1.0,9.697769299729003,0.10000000149011612
232.786,1.0,9.642853179822366,0.10000000149011612
232.826,1.0,9.670633820775482,0.10000000149011612
232.872,1.0,9.862571278462807,0.10000000149011612
232.93,1.0,9.835215975075132,0.10000000149011612
232.974,1.0,9.725391463583541,0.10000000149011612
233.024,1.0,9.835323947937125,0.10000000149011612
233.076,1.0,9.835402373866074,0.10000000149011612
233.125,1.0,9.752672348833746,0.10000000149011612
233.189,1.0,9.83530243486166,0.10000000149011612
233.226,1.0,9.807712906392084,0.10000000149011612
233.276,1.0,9.862759000745912,0.10000000149011612
233.324,1.0,9.890000000016556,0.10000000149011612
233.377,1.0,9.807614536935256,0.10000000149011612
233.442,1.0,9.862592322006822,0.10000000149011612
233.479,1.0,9.560685763218336,0.10000000149011612
233.538,1.0,9.807640864431031,0.10000000149011612
233.579,1.0,9.670564531617694,0.10000000149011612
233.63,1.0,9.945000000008278,0.10000000149011612
233.691,1.0,9.780108037425412,0.10000000149011612
233.732,1.0,9.807823111903335,0.10000000149011612
233.779,1.0,9.752586071151827,0.10000000149011612
233.842,1.0,9.752976475221415,0.10000000149011612
233.879,1.0,9.83521833235605,0.10000000149011612
233.939,1.0,9.862637384587693,0.10000000149011612
233.978,1.0,9.780493001536362,0.10000000149011612
234.029,1.0,9.890185050252411,0.10000000149011612
234.08,1.0,9.752890538486342,0.10000000149011612
234.13,1.0,9.807701745670702,0.10000000149011612
234.182,1.0,9.917661467960311,0.10137026011943817
234.23,1.0,9.780528297523658,0.10000000149011612
234.281,1.0,9.752673903687132,0.10000000149011612
234.331,1.0,9.862636115815905,0.10000000149011612
234.381,1.0,9.80772300519877,0.10000000149011612
234.436,1.0,9.642949588451948,0.10000000149011612
234.48,1.0,9.835084496148758,0.10000000149011612
234.529,1.0,9.807772106304764,0.10000000149011612
234.591,1.0,9.91763400224348,0.10000000149011612
234.629,1.0,9.72533386171692,0.10000000149011612
234.689,1.0,9.945039028715756,0.10000000149011612
234.732,1.0,9.807670568778283,0.10000000149011612
234.788,1.0,9.862702302386364,0.10000000149011612
234.83,1.0,9.807693397750457,0.10000000149011612
234.882,1.0,9.862703040262891,0.10000000149011612
234.929,1.0,9.780283734678394,0.10000000149011612
234.979,1.0,9.945000000008278,0.10000000149011612
235.031,1.0,9.69773858897388,0.10000000149011612
235.08,1.0,9.862807280839318,0.10000000149011612
235.129,1.0,9.80770938332296,0.10000000149011612
235.185,1.0,9.862633717308443,0.10000000149011612
235.23,1.0,9.917628188058734,0.10000000149011612
235.282,1.0,9.862638699532383,0.10000000149011612
235.329,1.0,9.83519337673982,0.10000000149011612
235.382,1.0,9.807735573831533,0.10000000149011612
235.43,1.0,9.91768082042949,0.1027141660451889
235.481,1.0,9.697589005923106,0.10000000149011612
235.55,1.0,9.780426691493226,0.10000000149011612
235.596,1.0,9.780054970396062,0.10000000149011612
235.646,1.0,9.725115204209255,0.10000000149011612
235.693,1.0,9.862619204115536,0.10000000149011612
235.747,1.0,9.835085211921896,0.10000000149011612
235.797,1.0,9.917500000012417,0.10000000149011612
235.843,1.0,9.807873801100586,0.10000000149011612
235.904,1.0,9.917518021642334,0.10000000149011612
235.958,1.0,9.808113515480525,0.10000000149011612
236.003,1.0,9.780458920862939,0.10000000149011612
236.042,1.0,9.862569662059347,0.10000000149011612
236.102,1.0,9.780218492634594,0.10000000149011612
236.146,1.0,9.890085850635337,0.10000000149011612
236.196,1.0,9.862684204615652,0.10000000149011612
236.244,1.0,9.83538508380039,0.10000000149011612
236.292,1.0,9.862599915700654,0.10000000149011612
236.348,1.0,9.807884558849036,0.10000000149011612
236.398,1.0,9.47858797469073,0.10000000149011612
236.443,1.0,9.807705595716834,0.10000000149011612
236.504,1.0,9.780255549152692,0.10000000149011612
236.548,1.0,9.86271872787426,0.10000000149011612
236.601,1.0,9.862731795302695,0.10000000149011612
236.648,1.0,9.752710515529746,0.10000000149011612
236.698,1.0,9.780352188377744,0.10000000149011612
236.751,1.0,9.86277140799082,0.10207491368055344
236.797,1.0,9.835429790719516,0.10000000149011612
236.849,1.0,9.835147691124844,0.10000000149011612
236.904,1.0,9.917500000012417,0.10000000149011612
236.948,1.0,9.75279210464408,0.10000000149011612
237.0,1.0,9.890204212193687,0.10000000149011612
237.049,1.0,9.752721645082865,0.10000000149011612
237.098,1.0,9.643033966877395,0.10000000149011612
237.15,1.0,9.86275436354594,0.10329528898000717
237.199,1.0,9.642951371603543,0.10000000149011612
237.251,1.0,9.725268584696783,0.10000000149011612
237.3,1.0,9.890095127187669,0.10000000149011612
237.348,1.0,9.670440515813729,0.10000000149011612
237.4,1.0,9.835000000024836,0.10000000149011612
237.449,1.0,9.780236084200443,0.10000000149011612
237.5,1.0,9.807771323973107,0.10000000149011612
237.552,1.0,9.780320834140811,0.10000000149011612
237.598,1.0,9.862814201994075,0.10000000149011612
237.649,1.0,9.890101692556508,0.10000000149011612
237.699,1.0,9.780272584656874,0.10000000149011612
237.749,1.0,9.890000000016556,0.10000000149011612
237.801,1.0,9.835061766745316,0.10000000149011612
237.852,1.0,9.862824719212949,0.10000000149011612
237.899,1.0,9.807704368130201,0.10000000149011612
237.95,1.0,9.807700767719911,0.10000000149011612
238.003,1.0,9.807730386861497,0.10000000149011612
238.053,1.0,9.890225546889836,0.10000000149011612
238.1,1.0,9.807764265375832,0.10000000149011612
238.15,1.0,9.890096016931865,0.10000000149011612
238.204,1.0,9.807691371916897,0.10000000149011612
238.25,1.0,9.835290140679312,0.10000000149011612
238.304,1.0,9.862607470568683,0.10000000149011612
238.351,1.0,9.835282382824355,0.10000000149011612
238.4,1.0,9.753040245196058,0.10000000149011612
238.449,1.0,9.835098901991215,0.10000000149011612
238.501,1.0,9.75262981320007,0.10000000149011612
238.55,1.0,9.69754528703375,0.10000000149011612
238.601,1.0,9.725336296732227,0.10000000149011612
238.651,1.0,9.752837751412557,0.10000000149011612
238.701,1.0,9.83519149834497,0.10000000149011612
238.76,1.0,9.862668873266214,0.10000000149011612
238.801,1.0,9.86281599106474,0.10000000149011612
238.851,1.0,9.890117916878726,0.10000000149011612
238.903,1.0,9.807704380713403,0.10000000149011612
238.954,1.0,9.83534949891683,0.10000000149011612
239.005,1.0,9.83520619923042,0.10000000149011612
239.056,1.0,9.780127981201643,0.10000000149011612
239.104,1.0,9.75274094450805,0.10000000149011612
239.156,1.0,9.862697761816284,0.10000000149011612
239.207,1.0,9.560892074224022,0.10000000149011612
239.263,1.0,9.75291424613032,0.10000000149011612
239.305,1.0,9.697875074338581,0.10000000149011612
239.359,1.0,9.725344446156587,0.10000000149011612
239.412,1.0,9.83522257304026,0.10000000149011612
239.465,1.0,9.725231411163177,0.10000000149011612
239.512,1.0,9.890076334091525,0.10000000149011612
239.563,1.0,9.780372450086805,0.10000000149011612
239.619,1.0,9.835196749389999,0.10000000149011612
239.671,1.0,9.780712848218778,0.1199750080704689
239.717,1.0,9.945065088383853,0.10000000149011612
239.761,1.0,9.780155158374045,0.10000000149011612
239.816,1.0,9.752770629587273,0.10000000149011612
239.863,1.0,9.835358514988588,0.10000000149011612
239.921,1.0,9.807919331805573,0.10000000149011612
239.966,1.0,9.780299193763899,0.10000000149011612
240.024,1.0,9.752950898889038,0.10000000149011612
240.068,1.0,9.862638491433527,0.10000000149011612
240.111,1.0,9.807679859817856,0.10000000149011612
240.17,1.0,9.835310066305102,0.10000000149011612
240.22,1.0,9.945081103158493,0.10000000149011612
240.268,1.0,9.697659262207647,0.10000000149011612
240.324,1.0,9.945065871212218,0.10000000149011612
240.367,1.0,9.725154439463383,0.10000000149011612
240.417,1.0,9.642677834298876,0.10000000149011612
240.472,1.0,9.725465175695717,0.10000000149011612
240.517,1.0,9.835201871519287,0.10000000149011612
240.567,1.0,9.807747225008077,0.10000000149011612
240.62,1.0,9.86251409072429,0.10000000149011612
240.666,1.0,9.725389126481282,0.10000000149011612
240.719,1.0,9.890036580856476,0.10000000149011612
240.771,1.0,9.890120509804952,0.10000000149011612
240.817,1.0,9.78016613877068,0.10000000149011612
240.866,1.0,9.862595717484753,0.10000000149011612
240.919,1.0,9.698029823808206,0.10000000149011612
240.967,1.0,9.807645392728348,0.10000000149011612
241.017,1.0,9.78026829397099,0.10000000149011612
241.066,1.0,9.752911142011483,0.10000000149011612
241.123,1.0,9.862559542597996,0.10000000149011612
241.166,1.0,9.725486134034064,0.10000000149011612
241.221,1.0,9.752810720064574,0.10000000149011612
241.266,1.0,9.862619108375576,0.10000000149011612
241.317,1.0,9.862634168234136,0.10000000149011612
241.372,1.0,9.752621310411229,0.10000000149011612
241.416,1.0,9.780303583687378,0.10000000149011612
241.466,1.0,9.807593805115257,0.10000000149011612
241.517,1.0,9.64297221828666,0.10000000149011612
241.578,1.0,9.697872008652324,0.10000000149011612
241.618,1.0,9.86270069486151,0.10000000149011612
241.668,1.0,9.780107729116247,0.10000000149011612
241.718,1.0,9.752809884337088,0.10000000149011612
241.769,1.0,9.917500000012417,0.10000000149011612
241.818,1.0,9.780115951370034,0.10000000149011612
241.868,1.0,9.780386758430136,0.10000000149011612
241.916,1.0,9.83517488396416,0.10000000149011612
241.982,1.0,9.807548368204799,0.10000000149011612
242.018,1.0,9.835133567224775,0.10000000149011612
242.077,1.0,9.835320492337148,0.10000000149011612
242.12,1.0,9.835177995243834,0.10000000149011612
242.168,1.0,9.83502554949373,0.10000000149011612
242.217,1.0,9.780250205720465,0.10000000149011612
242.266,1.0,9.945000000008278,0.10000000149011612
242.318,1.0,9.780457409740322,0.10000000149011612
242.367,1.0,9.89027917838345,0.10000000149011612
242.424,1.0,9.890000000016556,0.10000000149011612
242.467,1.0,9.780317705083224,0.10000000149011612
242.523,1.0,9.752704396988783,0.10000000149011612
242.568,1.0,9.752768074803882,0.10000000149011612
242.63,1.0,9.80773255829182,0.10000000149011612
242.669,1.0,9.890060058836308,0.10000000149011612
242.726,1.0,9.808009300132593,0.10000000149011612
242.772,1.0,9.890138744086855,0.10000000149011612
242.823,1.0,9.890129880669216,0.10000000149011612
242.872,1.0,9.807874220920105,0.10000000149011612
242.921,1.0,9.75308102125095,0.10000000149011612
242.978,1.0,9.835245130583644,0.10000000149011612
243.024,1.0,9.807589425498414,0.10000000149011612
243.074,1.0,9.698112397496072,0.10000000149011612
243.131,1.0,9.697645862690276,0.10000000149011612
243.174,1.0,9.83508602163444,0.10000000149011612
243.231,1.0,9.890080827598771,0.10000000149011612
243.273,1.0,9.862712361829148,0.10000000149011612
243.323,1.0,9.80786628284388,0.10000000149011612
243.376,1.0,9.862606012221011,0.10000000149011612
243.425,1.0,9.835276397979921,0.10000000149011612
243.474,1.0,9.917607448043094,0.10271131247282028
243.531,1.0,9.835191273420222,0.10000000149011612
243.579,1.0,9.780526358675626,0.10000000149011612
243.625,1.0,9.56016128524724,0.10000000149011612
243.675,1.0,9.807633815664385,0.10000000149011612
243.74,1.0,9.917500000012417,0.10000000149011612
243.777,1.0,9.972500000004139,0.10000000149011612
243.829,1.0,9.835156203454567,0.10000000149011612
243.878,1.0,9.725151502879129,0.10000000149011612
243.928,1.0,9.835298723168671,0.10000000149011612
243.978,1.0,9.835023879818618,0.10000000149011612
244.041,1.0,9.615563764733572,0.10000000149011612
244.088,1.0,9.835255776387122,0.10000000149011612
244.139,1.0,9.780425879297157,0.10000000149011612
244.181,1.0,9.862699479216502,0.10000000149011612
244.231,1.0,9.780500396858487,0.10000000149011612
244.282,1.0,9.862669090409245,0.10000000149011612
244.339,1.0,9.807503392133448,0.10000000149011612
244.382,1.0,9.752611518609855,0.10000000149011612
244.432,1.0,9.835191842810147,0.10000000149011612
244.481,1.0,9.917575664445758,0.10000000149011612
244.532,1.0,9.917601309013035,0.10000000149011612
244.581,1.0,9.835142458726962,0.10000000149011612
244.632,1.0,9.697761541936133,0.10000000149011612
244.681,1.0,9.835088412029048,0.10000000149011612
244.744,1.0,9.670451930455036,0.10000000149011612
244.781,1.0,9.917520673614408,0.10000000149011612
244.838,1.0,9.505501633799739,0.10000000149011612
244.885,1.0,9.917570903980069,0.102547287940979
244.934,1.0,9.862500000020695,0.10000000149011612
244.985,1.0,9.780459068073995,0.10000000149011612
245.032,1.0,9.862712677961422,0.10000000149011612
245.082,1.0,9.835457550589409,0.10000000149011612
245.133,1.0,9.807676821222735,0.10000000149011612
245.183,1.0,9.807582630589604,0.10000000149011612
245.239,1.0,9.780166126394437,0.10000000149011612
245.282,1.0,9.80786961933805,0.10000000149011612
245.333,1.0,9.835116162585715,0.10000000149011612
245.383,1.0,9.752661138566005,0.10000000149011612
245.439,1.0,9.670504324841831,0.10000000149011612
245.487,1.0,9.8352172439504,0.10000000149011612
245.543,1.0,9.917500000012417,0.10000000149011612
245.586,1.0,9.780451569913161,0.10000000149011612
245.643,1.0,9.807736491867237,0.10000000149011612
245.686,1.0,9.78000142118997,0.10000000149011612
245.741,1.0,9.862850716523827,0.10000000149011612
245.787,1.0,9.97263540153702,0.14874455332756042
245.839,1.0,9.862624039376776,0.10000000149011612
245.889,1.0,9.862700270778603,0.10000000149011612
245.938,1.0,9.89015684771455,0.10000000149011612
245.986,1.0,9.698162247985602,0.10000000149011612
246.04,1.0,9.67048478325208,0.10000000149011612
246.092,1.0,9.835148539621796,0.10000000149011612
246.138,1.0,9.80765262550364,0.10000000149011612
246.19,1.0,9.780299578110377,0.10000000149011612
246.247,1.0,9.725390135124325,0.10000000149011612
246.291,1.0,9.75294430560122,0.10000000149011612
246.339,1.0,9.752670459428595,0.10000000149011612
246.4,1.0,9.835093089834684,0.10000000149011612
246.443,1.0,9.89023696002033,0.10000000149011612
246.491,1.0,9.890234821827875,0.10000000149011612
246.543,1.0,9.780218399109112,0.10000000149011612
246.592,1.0,9.752640607766807,0.10000000149011612
246.64,1.0,9.752856308863395,0.10000000149011612
246.693,1.0,9.835174172330234,0.10000000149011612
246.742,1.0,9.862699986932178,0.10000000149011612
246.79,1.0,9.862546601477597,0.10000000149011612
246.841,1.0,9.807731468623711,0.10000000149011612
246.899,1.0,9.725288437844979,0.10000000149011612
246.94,1.0,9.752589289016194,0.10000000149011612
246.99,1.0,9.807896293037468,0.10000000149011612
247.041,1.0,9.807899488405221,0.10000000149011612
247.091,1.0,9.972565376137693,0.1235354095697403
247.144,1.0,9.725289503650533,0.10000000149011612
247.191,1.0,9.862681215442716,0.10000000149011612
247.241,1.0,9.835085099542306,0.10000000149011612
247.291,1.0,9.69770623664889,0.10000000149011612
247.343,1.0,9.752766737155616,0.10000000149011612
247.391,1.0,9.835058742885789,0.10000000149011612
247.444,1.0,9.807691649388936,0.10000000149011612
247.491,1.0,9.587744144164025,0.10000000149011612
247.54,1.0,9.862541273546716,0.10000000149011612
247.59,1.0,9.643043688374261,0.10000000149011612
247.643,1.0,9.835083164253996,0.10000000149011612
247.699,1.0,9.80781279520856,0.10000000149011612
247.75,1.0,9.835089242541128,0.10000000149011612
247.8,1.0,9.86276246427248,0.10000000149011612
247.85,1.0,9.72526162494388,0.10000000149011612
247.9,1.0,9.780126024120383,0.10000000149011612
247.949,1.0,9.890153026725683,0.10000000149011612
247.999,1.0,9.86254808306694,0.10000000149011612
248.049,1.0,9.890084386575554,0.10000000149011612
248.103,1.0,9.670399176039629,0.10000000149011612
248.15,1.0,9.698097127117217,0.10000000149011612
248.206,1.0,9.752797992693054,0.10000000149011612
248.249,1.0,9.862698948569596,0.10000000149011612
248.302,1.0,9.890411293485926,0.11560914665460587
248.347,1.0,9.780357069108222,0.10000000149011612
248.4,1.0,9.78017588208119,0.10000000149011612
248.454,1.0,9.807726620323956,0.10000000149011612
248.501,1.0,9.945119234402146,0.10095315426588058
248.552,1.0,9.78026756155822,0.10000000149011612
248.603,1.0,9.670695921737288,0.10000000149011612
248.654,1.0,9.917637324581543,0.10000000149011612
248.705,1.0,9.6978834239766,0.10000000149011612
248.756,1.0,9.752890580706298,0.10000000149011612
248.811,1.0,9.807672595750127,0.10000000149011612
248.851,1.0,9.807518067376481,0.10000000149011612
248.904,1.0,9.725296090253526,0.10000000149011612
248.955,1.0,9.7525430166473,0.10000000149011612
249.004,1.0,9.890233338686327,0.10012241452932358
249.053,1.0,9.807732632342312,0.10000000149011612
249.105,1.0,9.697876751133137,0.10000000149011612
249.154,1.0,9.752554426963131,0.10000000149011612
249.202,1.0,9.862536022915608,0.10000000149011612
249.255,1.0,9.807665742023124,0.10000000149011612
249.304,1.0,9.752877105399966,0.10000000149011612
249.353,1.0,9.752800946413643,0.10000000149011612
249.407,1.0,9.807965422628655,0.10000000149011612
249.454,1.0,9.862661597277555,0.10000000149011612
249.503,1.0,9.80753196368201,0.10000000149011612
249.554,1.0,9.725282170830502,0.10000000149011612
249.615,1.0,9.835106456134882,0.10000000149011612
249.654,1.0,9.917525287614101,0.10000000149011612
249.705,1.0,9.835092214246592,0.10000000149011612
249.757,1.0,9.725233159959316,0.10000000149011612
249.805,1.0,9.862571892928745,0.10000000149011612
249.855,1.0,9.752665394254857,0.10000000149011612
249.908,1.0,9.86293132253405,0.10000000149011612
249.956,1.0,9.862562991782195,0.10000000149011612
250.009,1.0,9.780073600593541,0.10000000149011612
250.056,1.0,9.752835637703537,0.10000000149011612
250.106,1.0,9.91751238728563,0.10000000149011612
250.157,1.0,9.78039887468848,0.10000000149011612
250.206,1.0,9.862603814361824,0.10000000149011612
250.257,1.0,9.862568052651154,0.10000000149011612
250.316,1.0,9.917685731086467,0.10825397074222565
250.359,1.0,9.83507898149805,0.10000000149011612
250.407,1.0,9.69783024535411,0.10000000149011612
250.459,1.0,9.80777741022822,0.10000000149011612
250.505,1.0,9.83520041557236,0.10000000149011612
250.555,1.0,9.807662563915882,0.10000000149011612
250.605,1.0,9.890222027690875,0.10000000149011612
250.658,1.0,9.862805634033348,0.10000000149011612
250.704,1.0,9.753044660472208,0.10000000149011612
250.764,1.0,9.725637848551075,0.10000000149011612
250.804,1.0,9.78028840397795,0.10000000149011612
250.859,1.0,9.86275602125873,0.10000000149011612
250.909,1.0,9.752757732652956,0.10000000149011612
250.969,1.0,9.780326194957727,0.10000000149011612
251.009,1.0,9.807721192617382,0.10000000149011612
251.067,1.0,9.72554068747494,0.10000000149011612
251.111,1.0,9.780080508709782,0.10000000149011612
251.166,1.0,9.835054978190197,0.10000000149011612
251.214,1.0,9.752796295719842,0.10000000149011612
251.268,1.0,9.752707873553865,0.10000000149011612
251.32,1.0,9.752900771734614,0.10000000149011612
251.367,1.0,9.75254398704403,0.10000000149011612
251.427,1.0,9.725201847507721,0.10000000149011612
251.468,1.0,9.862534003435737,0.10000000149011612
251.51,1.0,9.780195284593436,0.10000000149011612
251.565,1.0,9.91750957560208,0.10000000149011612
251.618,1.0,9.807762634009123,0.10000000149011612
251.67,1.0,9.835218860291773,0.10000000149011612
251.716,1.0,9.917581209974985,0.1045951247215271
251.768,1.0,9.78044005835222,0.10000000149011612
251.816,1.0,9.753148623783556,0.10000000149011612
251.867,1.0,9.86271773851994,0.10000000149011612
251.921,1.0,9.780276225734916,0.10000000149011612
251.967,1.0,9.807695513508387,0.10000000149011612
252.021,1.0,9.94505633794599,0.10000000149011612
252.065,1.0,9.835043544135988,0.10000000149011612
252.12,1.0,9.780442921320597,0.10000000149011612
252.169,1.0,9.835189749962753,0.10000000149011612
252.219,1.0,9.945134050875074,0.10000000149011612
252.267,1.0,9.780138290011221,0.10000000149011612
252.317,1.0,9.807717805066043,0.10000000149011612
252.377,1.0,9.862740948941145,0.10000000149011612
252.418,1.0,9.807500000028975,0.10000000149011612
252.472,1.0,9.807805583563944,0.10000000149011612
252.518,1.0,9.917500000012417,0.10000000149011612
252.567,1.0,9.890310009920762,0.10000000149011612
252.616,1.0,9.83527622088376,0.10000000149011612
252.667,1.0,9.780230689048768,0.10000000149011612
252.717,1.0,9.807718458461265,0.10000000149011612
252.774,1.0,9.8353416984073,0.10000000149011612
252.818,1.0,9.807808806912767,0.10000000149011612
252.872,1.0,9.835358121101226,0.10000000149011612
252.918,1.0,9.80781520149774,0.10000000149011612
252.969,1.0,9.75273333893468,0.10000000149011612
253.029,1.0,9.807733098086384,0.10000000149011612
253.071,1.0,9.86264068018645,0.10000000149011612
253.122,1.0,9.86270671290242,0.10000000149011612
253.171,1.0,9.780186190373367,0.10000000149011612
253.226,1.0,9.78023811976115,0.10000000149011612
253.27,1.0,9.725425719883706,0.10000000149011612
253.32,1.0,9.698029081854555,0.10000000149011612
253.369,1.0,9.780065373641749,0.10000000149011612
253.425,1.0,9.698072595542504,0.10000000149011612
253.47,1.0,9.7526220569801,0.10000000149011612
253.523,1.0,9.86268468596455,0.10000000149011612
253.572,1.0,9.807517241665886,0.10000000149011612
253.619,1.0,9.780270249955356,0.10000000149011612
253.67,1.0,9.807770116565129,0.10000000149011612
253.718,1.0,9.86277400277969,0.10000000149011612
253.771,1.0,9.78016884645654,0.10000000149011612
253.826,1.0,9.945097325390412,0.11199390888214111
253.879,1.0,9.890191984714733,0.1160677820444107
253.926,1.0,9.697979734010167,0.10000000149011612
253.98,1.0,9.86272422807912,0.10000000149011612
254.032,1.0,9.862700812870429,0.10000000149011612
254.073,1.0,9.835470683479475,0.10632354021072388
254.125,1.0,9.89023191339026,0.10000000149011612
254.174,1.0,9.917500000012417,0.10000000149011612
254.223,1.0,9.835281122765608,0.10000000149011612
254.275,1.0,9.725445003062486,0.10000000149011612
254.324,1.0,9.80777933448553,0.10000000149011612
254.375,1.0,9.69801778725038,0.10000000149011612
254.426,1.0,9.807812655365302,0.10000000149011612
254.481,1.0,9.752691662828955,0.10000000149011612
254.523,1.0,10.0,10.0
254.574,1.0,9.725533715801106,0.10000000149011612
254.63,1.0,9.780326401711338,0.10000000149011612
254.68,1.0,9.835147278197109,0.10000000149011612
254.723,1.0,9.697918174270955,0.10000000149011612
254.773,1.0,9.83522698637098,0.10000000149011612
254.824,1.0,9.917638228419754,0.10000000149011612
254.873,1.0,9.752782988092966,0.10000000149011612
254.929,1.0,9.752765165641904,0.10000000149011612
254.975,1.0,9.917611668900483,0.10000000149011612
255.028,1.0,9.91757669498523,0.10000000149011612
255.082,1.0,9.862853620346222,0.10000000149011612
255.127,1.0,9.780179353741309,0.10000000149011612
255.175,1.0,9.752657669658463,0.10000000149011612
255.225,1.0,9.725303865907092,0.10000000149011612
255.275,1.0,9.917617819872167,0.10000000149011612
255.326,1.0,9.80774180015756,0.10000000149011612
255.379,1.0,9.780343658435676,0.10000000149011612
255.422,1.0,9.725364635015527,0.10000000149011612
255.478,1.0,9.697992613683972,0.10000000149011612
255.525,1.0,9.835087613782122,0.10000000149011612
255.574,1.0,9.780094026732776,0.10000000149011612
255.629,1.0,9.835036220774054,0.10000000149011612
255.677,1.0,9.835237279306684,0.10000000149011612
255.724,1.0,9.807766951123874,0.10000000149011612
255.776,1.0,9.697824339361654,0.10000000149011612
255.824,1.0,9.890164489299059,0.10000000149011612
255.881,1.0,9.752802756490807,0.10000000149011612
255.924,1.0,9.835188861336146,0.10000000149011612
255.977,1.0,9.917576334666874,0.10000000149011612
256.024,1.0,9.780254865686098,0.10000000149011612
256.073,1.0,9.808028568244643,0.10000000149011612
256.123,1.0,9.807804719669123,0.10000000149011612
256.173,1.0,9.917555650385717,0.10000000149011612
256.223,1.0,9.698024600764944,0.10000000149011612
256.274,1.0,9.807752690588435,0.10000000149011612
256.323,1.0,9.945023036210074,0.10000000149011612
256.374,1.0,9.80765100814816,0.10000000149011612
256.43,1.0,9.780275018285547,0.10000000149011612
256.476,1.0,9.835000000024836,0.10000000149011612
256.527,1.0,9.670376070319778,0.10000000149011612
256.576,1.0,9.72555140559044,0.10000000149011612
256.629,1.0,9.560683289356529,0.10000000149011612
256.675,1.0,9.807764528236456,0.10000000149011612
256.728,1.0,9.835363158645729,0.10000000149011612
256.778,1.0,9.725234321960144,0.10000000149011612
256.833,1.0,9.807810413195854,0.10000000149011612
256.887,1.0,9.890265783295035,0.10000000149011612
256.927,1.0,9.752802011329267,0.10000000149011612
256.977,1.0,9.752658768805365,0.10000000149011612
257.027,1.0,9.83521550734424,0.10000000149011612
257.08,1.0,9.835198331313828,0.10000000149011612
257.128,1.0,9.780320783476864,0.10000000149011612
257.178,1.0,9.862571322793762,0.10000000149011612
257.228,1.0,9.945111282935573,0.10000000149011612
257.281,1.0,9.890046115488643,0.10000000149011612
257.331,1.0,9.780201264408728,0.10000000149011612
257.382,1.0,9.86268132980913,0.10000000149011612
257.429,1.0,9.890002207416627,0.10000000149011612
257.477,1.0,9.725340968805055,0.10000000149011612
257.528,1.0,9.780275843830573,0.10000000149011612
257.585,1.0,9.972500000004139,0.10000000149011612
257.631,1.0,9.862729500399695,0.10000000149011612
257.683,1.0,9.890198114493655,0.10000000149011612
257.733,1.0,9.80774144590315,0.10000000149011612
257.785,1.0,9.807620437919265,0.10000000149011612
257.833,1.0,9.807741554619538,0.10000000149011612
257.889,1.0,9.780076332680053,0.10000000149011612
257.94,1.0,9.917756120591529,0.10000000149011612
257.996,1.0,9.807725299439497,0.10000000149011612
258.048,1.0,9.807788401221236,0.10000000149011612
258.091,1.0,9.835418588647412,0.10000000149011612
258.141,1.0,9.780200313135154,0.10000000149011612
258.188,1.0,9.670482445404762,0.10000000149011612
258.239,1.0,9.890000000016556,0.10000000149011612
258.291,1.0,9.835267625521455,0.10000000149011612
258.341,1.0,9.890168450069096,0.10000000149011612
258.395,1.0,9.697870536210637,0.10000000149011612
258.44,1.0,9.780420064677795,0.10000000149011612
258.488,1.0,9.75280823107395,0.10000000149011612
258.54,1.0,9.807500000028975,0.10000000149011612
258.593,1.0,9.890042154511644,0.10000000149011612
258.639,1.0,9.780355510384672,0.10000000149011612
258.694,1.0,9.752636402824686,0.10000000149011612
258.738,1.0,9.86278446668552,0.10000000149011612
258.795,1.0,9.780364008040891,0.10000000149011612
258.841,1.0,9.862683075149025,0.10000000149011612
258.894,1.0,9.725351916957234,0.10000000149011612
258.941,1.0,9.615659298458032,0.10000000149011612
258.991,1.0,9.835013824618525,0.10000000149011612
259.04,1.0,9.807881648279727,0.10000000149011612
259.092,1.0,9.835267995898095,0.10000000149011612
259.151,1.0,9.835413367342618,0.10000000149011612
259.196,1.0,9.807749033077723,0.10000000149011612
259.246,1.0,9.780396349645324,0.10000000149011612
259.292,1.0,9.78024149481207,0.10000000149011612
259.354,1.0,9.890000000016556,0.10000000149011612
259.398,1.0,9.862817591035531,0.10000000149011612
259.453,1.0,9.807732370640668,0.10000000149011612
259.498,1.0,9.780293364346855,0.10000000149011612
259.546,1.0,9.533369608099262,0.10000000149011612
259.599,1.0,9.835187448167966,0.10000000149011612
259.649,1.0,9.780218491848144,0.10000000149011612
259.704,1.0,9.890277015893824,0.10573665797710419
259.749,1.0,9.752792285134396,0.10000000149011612
259.799,1.0,9.862793138436974,0.10000000149011612
259.859,1.0,9.862539488346213,0.10000000149011612
259.9,1.0,9.862654263153672,0.10000000149011612
259.957,1.0,9.69790617533856,0.10000000149011612
259.999,1.0,9.807637339064645,0.10000000149011612
260.051,1.0,9.698231355018086,0.10000000149011612
