Timestamp,Valid Ratio,Mean Range,Min Range
0.338,1.0,9.698056312836707,0.10000000149011612
0.377,1.0,9.86278236615989,0.10000000149011612
0.425,1.0,9.72552503068,0.10000000149011612
0.476,1.0,9.862718807429903,0.10000000149011612
0.527,1.0,9.83519152553959,0.10000000149011612
0.579,1.0,9.725474824590815,0.10000000149011612
0.638,1.0,9.862657467876044,0.10000000149011612
0.676,1.0,9.780478193196986,0.10000000149011612
0.719,1.0,9.725203372972707,0.10000000149011612
0.777,1.0,9.80798718229764,0.10000000149011612
0.826,1.0,9.807930029804508,0.10000000149011612
0.885,1.0,9.807545431289409,0.10000000149011612
0.931,1.0,9.835141545389261,0.10000000149011612
0.983,1.0,9.780285818398827,0.10000000149011612
1.03,1.0,9.75280567130281,0.10000000149011612
1.08,1.0,9.83530513205462,0.10000000149011612
1.1320000000000001,1.0,9.862834313801594,0.10000000149011612
1.178,1.0,9.780221171884072,0.10000000149011612
1.229,1.0,9.862643897802466,0.10000000149011612
1.28,1.0,9.835093224276271,0.10000000149011612
1.33,1.0,9.835265801184708,0.10000000149011612
1.379,1.0,9.642984077665542,0.10000000149011612
1.43,1.0,9.807814748316176,0.10000000149011612
1.479,1.0,9.698034910443756,0.10000000149011612
1.53,1.0,9.67043034363952,0.10000000149011612
1.5779999999999998,1.0,9.807775148770048,0.10000000149011612
1.629,1.0,9.752788600698114,0.10000000149011612
1.679,1.0,9.642965519780086,0.10000000149011612
1.729,1.0,9.725270259318252,0.10000000149011612
1.778,1.0,9.725310011559891,0.10000000149011612
1.827,1.0,9.670301405154168,0.10000000149011612
1.879,1.0,9.807715336357553,0.10000000149011612
1.928,1.0,9.83521472968989,0.10000000149011612
1.978,1.0,9.725108237937093,0.10000000149011612
2.028,1.0,9.780228662552933,0.10000000149011612
2.078,1.0,9.835300198528502,0.10000000149011612
2.129,1.0,9.835379177083572,0.10000000149011612
2.178,1.0,9.862638226234251,0.10000000149011612
2.228,1.0,9.807682065645025,0.10000000149011612
2.279,1.0,9.807678504784901,0.10000000149011612
2.328,1.0,9.945015680417418,0.10000000149011612
2.379,1.0,9.807930323812696,0.10000000149011612
2.428,1.0,9.917561520077289,0.10000000149011612
2.479,1.0,9.670062926473717,0.10000000149011612
2.528,1.0,9.83522637196713,0.10000000149011612
2.578,1.0,9.86269976498766,0.10000000149011612
2.628,1.0,9.835373483080831,0.10000000149011612
2.678,1.0,9.890000000016556,0.10000000149011612
2.7279999999999998,1.0,9.752695285715163,0.10000000149011612
2.778,1.0,9.835114977094863,0.10000000149011612
2.828,1.0,9.835149008780718,0.10000000149011612
2.879,1.0,9.780136064440011,0.10000000149011612
2.931,1.0,9.835256407327122,0.10000000149011612
2.981,1.0,9.83509417232126,0.10000000149011612
3.029,1.0,9.752831382035382,0.10000000149011612
3.078,1.0,9.917500000012417,0.10000000149011612
3.128,1.0,9.780446596485046,0.10000000149011612
3.18,1.0,9.835178985281123,0.10000000149011612
3.23,1.0,9.862509185531072,0.10000000149011612
3.278,1.0,9.972623854875565,0.14458775520324707
3.328,1.0,9.807645793114272,0.10000000149011612
3.379,1.0,9.835214088132812,0.10000000149011612
3.428,1.0,9.752652078763479,0.10000000149011612
3.48,1.0,9.807732874817319,0.10000000149011612
3.527,1.0,9.697704875965913,0.10000000149011612
3.5789999999999997,1.0,9.670670871767733,0.10000000149011612
3.628,1.0,9.835259129479528,0.10000000149011612
3.678,1.0,9.752708902189301,0.10000000149011612
3.729,1.0,9.862515137592952,0.10000000149011612
3.7800000000000002,1.0,9.807592242956161,0.10000000149011612
3.8289999999999997,1.0,9.807873500883579,0.10000000149011612
3.879,1.0,9.862679813636674,0.10000000149011612
3.928,1.0,9.86270029820088,0.10000000149011612
3.979,1.0,9.698004919683768,0.10000000149011612
4.028,1.0,9.725444853906001,0.10000000149011612
4.079,1.0,9.945061120804812,0.10000000149011612
4.128,1.0,9.917669471125636,0.10000000149011612
4.178,1.0,9.862664164933893,0.10000000149011612
4.228,1.0,9.807566430916388,0.10000000149011612
4.279,1.0,9.917649859417644,0.10000000149011612
4.328,1.0,9.752816932813989,0.10000000149011612
4.379,1.0,9.807530216769212,0.10000000149011612
4.428,1.0,9.725349684866766,0.10000000149011612
4.479,1.0,9.807586907305652,0.10000000149011612
4.531,1.0,9.807760256156325,0.10000000149011612
4.578,1.0,9.752793534079359,0.10000000149011612
4.628,1.0,9.780126704234217,0.10000000149011612
4.678,1.0,9.752896355154613,0.10000000149011612
4.729,1.0,9.862609289420975,0.10000000149011612
4.78,1.0,9.917721592490043,0.10000000149011612
4.828,1.0,9.780462566638986,0.10000000149011612
4.878,1.0,9.753105800060762,0.10000000149011612
4.928,1.0,9.835150802942614,0.10000000149011612
4.979,1.0,9.890187532972131,0.10000000149011612
5.028,1.0,9.697507555244698,0.10000000149011612
5.08,1.0,9.752830712890459,0.10000000149011612
5.129,1.0,9.560556139900452,0.10000000149011612
5.178,1.0,9.752605863101781,0.10000000149011612
5.228,1.0,9.780307967650394,0.10000000149011612
5.279,1.0,9.725457806678282,0.10000000149011612
5.328,1.0,9.78033130026112,0.10000000149011612
5.379,1.0,9.835252471392353,0.10000000149011612
5.428,1.0,9.670286528062489,0.10000000149011612
5.478,1.0,9.780281634939213,0.10000000149011612
5.5280000000000005,1.0,9.807756641010444,0.10000000149011612
5.578,1.0,9.835275209032828,0.10000000149011612
5.628,1.0,9.78044978580955,0.10000000149011612
5.678,1.0,9.670538761114909,0.10000000149011612
5.729,1.0,9.890003928397265,0.10000000149011612
5.779,1.0,9.807585247088637,0.10000000149011612
5.828,1.0,9.890092799688379,0.10000000149011612
5.88,1.0,9.807673189375135,0.10000000149011612
5.928,1.0,9.862788646254275,0.10000000149011612
5.978,1.0,9.890151529096896,0.10000000149011612
6.028,1.0,9.807815994260212,0.10000000149011612
6.078,1.0,9.862819792495834,0.10000000149011612
6.129,1.0,9.752816758304835,0.10000000149011612
6.178,1.0,9.780339811183513,0.10000000149011612
6.228,1.0,9.78023481429037,0.10000000149011612
6.279,1.0,9.78013311487933,0.10000000149011612
6.328,1.0,9.807516960737606,0.10000000149011612
6.378,1.0,9.78024178656439,0.10000000149011612
6.429,1.0,9.780287884693179,0.10000000149011612
6.478,1.0,9.862706002199815,0.10000000149011612
6.5280000000000005,1.0,9.780365202555226,0.10000000149011612
6.579,1.0,9.725466135123538,0.10000000149011612
6.628,1.0,9.862747833505273,0.10000000149011612
6.678,1.0,9.752546266631947,0.10000000149011612
6.728,1.0,9.72541859652847,0.10000000149011612
6.7780000000000005,1.0,9.862629449947013,0.10000000149011612
6.828,1.0,9.780358677005601,0.10000000149011612
6.879,1.0,9.807883274534511,0.10000000149011612
6.928,1.0,9.752873555612233,0.10000000149011612
6.978,1.0,9.835100332626865,0.10000000149011612
7.028,1.0,9.725242593946556,0.10000000149011612
7.079,1.0,9.890117770743867,0.10000000149011612
7.129,1.0,9.807929313803713,0.10000000149011612
7.178,1.0,9.945000000008278,0.10000000149011612
7.228,1.0,9.807702266424894,0.10000000149011612
7.279,1.0,9.807814459212953,0.10000000149011612
7.328,1.0,9.697774429805577,0.10000000149011612
7.378,1.0,9.780266443205376,0.10000000149011612
7.429,1.0,9.917632532616457,0.10000000149011612
7.479,1.0,9.807712371109261,0.10000000149011612
7.5280000000000005,1.0,9.89010592398958,0.10000000149011612
7.578,1.0,9.807733515484465,0.10000000149011612
7.629,1.0,9.78034914539506,0.10000000149011612
7.679,1.0,9.807688291929662,0.10000000149011612
7.731,1.0,9.835246301214728,0.10000000149011612
7.78,1.0,9.862781040742993,0.10000000149011612
7.829,1.0,9.862727075732417,0.1008114144206047
7.879,1.0,9.807940977294411,0.106035977602005
7.929,1.0,9.780417725071311,0.10000000149011612
7.978,1.0,9.89011946796543,0.10000000149011612
8.029,1.0,9.945000000008278,0.10000000149011612
8.078,1.0,9.807581890726254,0.10000000149011612
8.129,1.0,9.862752127792273,0.10000000149011612
8.178,1.0,9.835240557417274,0.10000000149011612
8.229,1.0,9.75295340485043,0.10000000149011612
8.278,1.0,9.725274763670232,0.10000000149011612
8.328,1.0,9.807923156664604,0.10000000149011612
8.379,1.0,9.780104544800189,0.10000000149011612
8.428,1.0,9.725191595281164,0.10000000149011612
8.479,1.0,9.642965457836787,0.10000000149011612
8.529,1.0,9.72517707389262,0.10000000149011612
8.578,1.0,9.69782970380038,0.10000000149011612
8.629,1.0,9.752758537377748,0.10000000149011612
8.678,1.0,9.780263042656912,0.10000000149011612
8.729,1.0,9.890014882220163,0.10000000149011612
8.778,1.0,9.780553525769049,0.10000000149011612
8.828,1.0,9.835347557999194,0.10000000149011612
8.879,1.0,9.835198236753543,0.10000000149011612
8.929,1.0,9.670676799201303,0.10000000149011612
8.979,1.0,9.862622072816723,0.10000000149011612
9.028,1.0,9.807682344255348,0.10000000149011612
9.078,1.0,9.807825855310593,0.10000000149011612
9.128,1.0,9.83546607732359,0.10000000149011612
9.178,1.0,9.86269477740344,0.10000000149011612
9.229,1.0,9.835185011393493,0.10000000149011612
9.278,1.0,9.917707713631293,0.10000000149011612
9.329,1.0,9.862604913819167,0.10000000149011612
9.379,1.0,9.86265866379771,0.10000000149011612
9.428,1.0,9.643164634559717,0.10000000149011612
9.479,1.0,9.725324809468455,0.10000000149011612
9.529,1.0,9.780336039368477,0.10000000149011612
9.578,1.0,9.835460421132545,0.10000000149011612
9.628,1.0,9.86265737871743,0.10000000149011612
9.679,1.0,9.890000000016556,0.10000000149011612
9.728,1.0,9.83524281055563,0.10000000149011612
9.788,1.0,9.945057965463235,0.10000000149011612
9.828,1.0,9.835070091527369,0.10000000149011612
9.878,1.0,9.835080702623559,0.10000000149011612
9.928,1.0,9.86259580473933,0.10000000149011612
9.979,1.0,9.89014569496115,0.10000000149011612
10.028,1.0,9.752727617923584,0.10000000149011612
10.078,1.0,9.725452322388689,0.10000000149011612
10.129,1.0,9.780399973711205,0.10000000149011612
10.179,1.0,9.697815299510127,0.10000000149011612
10.228,1.0,9.725306521976988,0.10000000149011612
10.278,1.0,9.835295777892073,0.10000000149011612
10.328,1.0,9.807654135384494,0.10000000149011612
10.378,1.0,9.69791272841394,0.10000000149011612
10.428,1.0,9.862639626032776,0.10000000149011612
10.479,1.0,9.780190409988993,0.10000000149011612
10.529,1.0,9.670208209773733,0.10000000149011612
10.579,1.0,9.862646743613812,0.10000000149011612
10.631,1.0,9.807796470344895,0.10000000149011612
10.686,1.0,9.835230735234088,0.10000000149011612
10.731,1.0,9.890112872028517,0.10000000149011612
10.798,1.0,9.86267769680255,0.10000000149011612
10.829,1.0,9.725531543108325,0.10000000149011612
10.879,1.0,9.75272137210187,0.10000000149011612
10.931000000000001,1.0,9.752818232526382,0.10000000149011612
10.982,1.0,9.807694247137341,0.10000000149011612
11.029,1.0,9.862684298844801,0.10000000149011612
11.082,1.0,9.752865338967078,0.10000000149011612
11.128,1.0,9.67042322680354,0.10000000149011612
11.179,1.0,9.807760664675799,0.10000000149011612
11.229,1.0,9.64315718780789,0.10000000149011612
11.278,1.0,9.780319266435173,0.10000000149011612
11.331,1.0,9.752729791796042,0.10000000149011612
11.379,1.0,9.862673464438153,0.10000000149011612
11.428,1.0,9.835000000024836,0.10000000149011612
11.479,1.0,9.725351051199768,0.10000000149011612
11.528,1.0,9.725441308567921,0.10000000149011612
11.582,1.0,9.83534601750887,0.10000000149011612
11.658,1.0,9.945000000008278,0.10000000149011612
11.687,1.0,9.862672006794147,0.10000000149011612
11.749,1.0,9.835149662300116,0.10000000149011612
11.781,1.0,9.807857675063941,0.10000000149011612
11.855,1.0,9.78031059567713,0.10000000149011612
11.889,1.0,9.725260079589983,0.10000000149011612
11.934,1.0,9.752694106288255,0.10000000149011612
11.985,1.0,9.80763692971733,0.10000000149011612
12.034,1.0,9.835278910874493,0.10000000149011612
12.081,1.0,9.670176574670606,0.10000000149011612
12.132,1.0,9.972500000004139,0.10000000149011612
12.182,1.0,9.807580388875472,0.10000000149011612
12.232,1.0,9.72539048668825,0.10000000149011612
12.281,1.0,9.725290661905374,0.10000000149011612
12.331,1.0,9.780477500086029,0.10000000149011612
12.383,1.0,9.780109593706827,0.10000000149011612
12.433,1.0,9.835242522528603,0.10000000149011612
12.485,1.0,9.697825462557375,0.10000000149011612
12.534,1.0,9.725345088313851,0.10000000149011612
12.58,1.0,9.725363786083957,0.10000000149011612
12.634,1.0,9.725323275787135,0.10000000149011612
12.682,1.0,9.725684144948092,0.10000000149011612
12.732,1.0,9.64303126823571,0.10000000149011612
12.789,1.0,9.725203268416227,0.10000000149011612
12.843,1.0,9.725371743552387,0.10000000149011612
12.89,1.0,9.807809908294843,0.10000000149011612
12.94,1.0,9.807786574587226,0.10000000149011612
12.99,1.0,9.835085958366593,0.10000000149011612
13.04,1.0,9.752641930451823,0.10000000149011612
13.09,1.0,9.835256441889538,0.10000000149011612
13.14,1.0,9.725268092668719,0.10000000149011612
13.189,1.0,9.807534078322352,0.10000000149011612
13.24,1.0,9.807662271149457,0.10000000149011612
13.289,1.0,9.752742684984373,0.10000000149011612
13.34,1.0,9.69792055611809,0.10000000149011612
13.389,1.0,9.780441836267709,0.10000000149011612
13.439,1.0,9.752720110366742,0.10000000149011612
13.489,1.0,9.61579248505748,0.10000000149011612
13.539,1.0,9.807579291425645,0.10000000149011612
13.59,1.0,9.697680996523964,0.10000000149011612
13.639,1.0,9.780016377609638,0.10000000149011612
13.69,1.0,9.780202372910248,0.10000000149011612
13.74,1.0,9.862689968757332,0.10000000149011612
13.789,1.0,9.917676772508356,0.10000000149011612
13.84,1.0,9.725483254074222,0.10000000149011612
13.891,1.0,9.80780614119851,0.10000000149011612
13.94,1.0,9.890268726853861,0.10000000149011612
13.989,1.0,9.78024161685672,0.10000000149011612
14.039,1.0,9.780334189803236,0.10000000149011612
14.089,1.0,9.780377234373656,0.10000000149011612
14.139,1.0,9.72520659191327,0.10000000149011612
14.19,1.0,9.80770546945019,0.10000000149011612
14.239,1.0,9.862706836499274,0.10000000149011612
14.29,1.0,9.86252048742026,0.10000000149011612
14.339,1.0,9.89020266748137,0.10000000149011612
14.391,1.0,9.917518341210153,0.10000000149011612
14.439,1.0,9.917599577580889,0.10000000149011612
14.49,1.0,9.75263235239933,0.10000000149011612
14.539,1.0,9.917598990185393,0.10000000149011612
14.59,1.0,9.917647318417828,0.10000000149011612
14.64,1.0,9.780118371339308,0.10000000149011612
14.689,1.0,9.890165797020826,0.10000000149011612
14.739,1.0,9.807842812086973,0.10000000149011612
14.789,1.0,9.89026242684987,0.10000000149011612
14.839,1.0,9.725445446661777,0.10000000149011612
14.89,1.0,9.862834173358149,0.10000000149011612
14.94,1.0,9.807727863267065,0.10000000149011612
14.989,1.0,9.862563301146858,0.10000000149011612
15.039,1.0,9.835215864910019,0.10000000149011612
15.09,1.0,9.835103056662613,0.10000000149011612
15.139,1.0,9.807618366016282,0.10000000149011612
15.189,1.0,9.670470586067273,0.10000000149011612
15.239,1.0,9.780257702598142,0.10000000149011612
15.29,1.0,9.917608330398798,0.10000000149011612
15.339,1.0,9.752872565616336,0.10000000149011612
15.389,1.0,9.890021646829943,0.10000000149011612
15.44,1.0,9.698026051289505,0.10000000149011612
15.489,1.0,9.835189437597162,0.10000000149011612
15.54,1.0,9.807611840984059,0.10000000149011612
15.59,1.0,9.752601719399292,0.10000000149011612
15.64,1.0,9.917517349289524,0.10000000149011612
15.691,1.0,9.835061838602027,0.10000000149011612
15.74,1.0,9.945120658332275,0.10000000149011612
15.789,1.0,9.807859601287378,0.10000000149011612
15.839,1.0,9.780469320817954,0.10000000149011612
15.889,1.0,9.862519257308708,0.10000000149011612
15.939,1.0,9.890219702819984,0.10000000149011612
15.993,1.0,9.807847153395414,0.10000000149011612
16.042,1.0,9.835203400502602,0.10000000149011612
16.089,1.0,9.835272260527644,0.10000000149011612
16.139,1.0,9.835090874714984,0.10000000149011612
16.189,1.0,9.697617487940523,0.10000000149011612
16.24,1.0,9.80781612224463,0.10000000149011612
16.289,1.0,9.807680851552222,0.10000000149011612
16.34,1.0,9.697782137079372,0.10000000149011612
16.389,1.0,9.862799299798079,0.10000000149011612
16.44,1.0,9.78021662361506,0.10000000149011612
16.489,1.0,9.643205203384989,0.10000000149011612
16.54,1.0,9.80760674064772,0.10000000149011612
16.589,1.0,9.752860776728227,0.10000000149011612
16.639,1.0,9.807655155203408,0.10000000149011612
16.689,1.0,9.753181397087044,0.10000000149011612
16.739,1.0,9.780273606338435,0.10000000149011612
16.788,1.0,9.752746034558449,0.10000000149011612
16.84,1.0,9.780323798271517,0.10000000149011612
16.889,1.0,9.780288817423086,0.10000000149011612
16.938,1.0,9.780328706755407,0.10000000149011612
16.99,1.0,9.807841733781,0.10000000149011612
17.04,1.0,9.862834124101532,0.10000000149011612
17.09,1.0,9.83515323901342,0.10000000149011612
17.139,1.0,9.862556999238828,0.10000000149011612
17.19,1.0,9.725538519397379,0.10000000149011612
17.24,1.0,9.835203570148183,0.10000000149011612
17.289,1.0,9.780335671723718,0.10000000149011612
17.341,1.0,9.94509486767153,0.10880599915981293
17.388,1.0,9.752800454489059,0.10000000149011612
17.442,1.0,9.807709572319355,0.10000000149011612
17.503,1.0,9.807720908874439,0.10000000149011612
17.538,1.0,9.86260426617745,0.10000000149011612
17.59,1.0,9.835243063109617,0.10000000149011612
17.639,1.0,9.86257010570003,0.10000000149011612
17.69,1.0,9.862534362263977,0.10000000149011612
17.74,1.0,9.835361677594483,0.10000000149011612
17.789,1.0,9.780436918760339,0.10000000149011612
17.839,1.0,9.643118443008927,0.10000000149011612
17.889,1.0,9.752853101967938,0.10000000149011612
17.939,1.0,9.807798550298644,0.10000000149011612
17.989,1.0,9.917595684776703,0.10000000149011612
18.041,1.0,9.725315761152242,0.10000000149011612
18.092,1.0,9.835317368784713,0.10000000149011612
18.142,1.0,9.917632287864883,0.10000000149011612
18.19,1.0,9.780299927708175,0.10000000149011612
18.24,1.0,9.945062603946361,0.10000000149011612
18.292,1.0,9.835122766490612,0.10000000149011612
18.339,1.0,9.917566208500002,0.10000000149011612
18.389,1.0,9.752903326724967,0.10000000149011612
18.439,1.0,9.780357174802985,0.10000000149011612
18.49,1.0,9.890158521404697,0.10000000149011612
18.539,1.0,9.807810289350648,0.10000000149011612
18.589,1.0,9.780229580050541,0.10000000149011612
18.639,1.0,9.697816176898778,0.10000000149011612
18.691,1.0,9.835234357023404,0.10000000149011612
18.741,1.0,9.67028336458736,0.10000000149011612
18.789,1.0,9.890021911780867,0.10000000149011612
18.839,1.0,9.83521332629025,0.10000000149011612
18.889,1.0,9.780548485244314,0.10000000149011612
18.94,1.0,9.807606175831623,0.10000000149011612
18.989,1.0,9.835277097072039,0.10000000149011612
19.039,1.0,9.670388073701826,0.10000000149011612
19.09,1.0,9.86270207259804,0.10000000149011612
19.148,1.0,9.725276156225139,0.10000000149011612
19.19,1.0,9.835323564149439,0.10000000149011612
19.24,1.0,9.752938678053518,0.10000000149011612
19.293,1.0,9.91763100537161,0.10000000149011612
19.34,1.0,9.642847385857667,0.10000000149011612
19.391,1.0,9.807907153500452,0.10000000149011612
19.44,1.0,9.807812918060355,0.10000000149011612
19.489,1.0,9.72547989282757,0.10000000149011612
19.539,1.0,9.890278873903055,0.10000000149011612
19.59,1.0,9.752868831095595,0.10000000149011612
19.639,1.0,9.83526274640527,0.10000000149011612
19.69,1.0,9.67039226072116,0.10000000149011612
19.742,1.0,9.807616928261186,0.10000000149011612
19.789,1.0,9.807932874353396,0.10000000149011612
19.84,1.0,9.862817605502075,0.10000000149011612
19.89,1.0,9.972500000004139,0.10000000149011612
19.939,1.0,9.835288621899155,0.10000000149011612
19.989,1.0,9.807755178337295,0.10000000149011612
20.042,1.0,9.725328269911309,0.10000000149011612
20.09,1.0,9.862580630638533,0.10000000149011612
20.145,1.0,9.75268733633889,0.10000000149011612
20.193,1.0,9.752556000567145,0.10000000149011612
20.241,1.0,9.807588186446164,0.10000000149011612
20.291,1.0,9.75279734664493,0.10000000149011612
20.339,1.0,9.807616280971303,0.10000000149011612
20.389,1.0,9.69795613564137,0.10000000149011612
20.439,1.0,9.780678492950068,0.1045084148645401
20.489,1.0,9.917554393865997,0.10000000149011612
20.539,1.0,9.835413653320737,0.10000000149011612
20.592,1.0,9.807856355379853,0.10000000149011612
20.647,1.0,9.780370795354248,0.10000000149011612
20.689,1.0,9.890123697597947,0.10000000149011612
20.74,1.0,9.86260022442374,0.10000000149011612
20.813,1.0,9.752913078438077,0.10000000149011612
20.841,1.0,9.80751348402765,0.10000000149011612
20.89,1.0,9.807627028288941,0.10000000149011612
20.939,1.0,9.780145637194316,0.10000000149011612
20.989,1.0,9.8626274894716,0.10000000149011612
21.039,1.0,9.780131894681189,0.10000000149011612
21.088,1.0,9.835365385148261,0.10000000149011612
21.14,1.0,9.862808470241726,0.10000000149011612
21.191,1.0,9.670498979857399,0.10000000149011612
21.24,1.0,9.83513787916551,0.10000000149011612
21.29,1.0,9.67028597533289,0.10000000149011612
21.339,1.0,9.752668121022483,0.10000000149011612
21.389,1.0,9.862805787432524,0.10000000149011612
21.439,1.0,9.83524299201866,0.10000000149011612
21.489,1.0,9.780216000850002,0.10000000149011612
21.54,1.0,9.752788291188578,0.10000000149011612
21.59,1.0,9.807732202381723,0.10000000149011612
21.639,1.0,9.890000000016556,0.10000000149011612
21.689,1.0,9.780206174444821,0.10000000149011612
21.739,1.0,9.80775964125577,0.10000000149011612
21.79,1.0,9.835394493821594,0.10000000149011612
21.839,1.0,9.862727552238438,0.10000000149011612
21.889,1.0,9.835153839095598,0.10000000149011612
21.939,1.0,9.807627229164872,0.10000000149011612
21.989,1.0,9.862764425285988,0.10000000149011612
22.039,1.0,9.725552314085265,0.10000000149011612
22.09,1.0,9.917699352424178,0.10000000149011612
22.139,1.0,9.83520393429531,0.10000000149011612
22.189,1.0,9.83517723110401,0.10000000149011612
22.242,1.0,9.91755667552352,0.10000000149011612
22.3,1.0,9.835257726721466,0.10000000149011612
22.338,1.0,9.862530461098585,0.10000000149011612
22.392,1.0,9.835109783750442,0.10000000149011612
22.469,1.0,9.83504725754675,0.10000000149011612
22.496,1.0,9.835375382295913,0.10000000149011612
22.565,1.0,9.835295725738009,0.10000000149011612
22.598,1.0,9.698133189293246,0.10000000149011612
22.642,1.0,9.862743936417003,0.10000000149011612
22.699,1.0,9.890126187375023,0.10000000149011612
22.739,1.0,9.753061437441243,0.10000000149011612
22.791,1.0,9.752726122716235,0.10000000149011612
22.861,1.0,9.890088347904385,0.10000000149011612
22.902,1.0,9.94512547020697,0.11211810261011124
22.947,1.0,9.780000000033114,0.10000000149011612
22.995,1.0,9.7802169131529,0.10000000149011612
23.046,1.0,9.780172287341621,0.10000000149011612
23.096,1.0,9.862661658186052,0.10000000149011612
23.145,1.0,9.835312005028957,0.10000000149011612
23.195,1.0,9.835484042887886,0.10000000149011612
23.245,1.0,9.835169812933438,0.10000000149011612
23.295,1.0,9.89011398907751,0.10000000149011612
23.345,1.0,9.835177537509137,0.10000000149011612
23.395,1.0,9.807917593419551,0.10000000149011612
23.445,1.0,9.752877705854674,0.10000000149011612
23.496,1.0,9.780310627838803,0.10000000149011612
23.549,1.0,9.725222458069522,0.10000000149011612
23.596,1.0,9.807779825478793,0.10000000149011612
23.646,1.0,9.80783581584692,0.10000000149011612
23.695,1.0,9.862752475072112,0.10000000149011612
23.747,1.0,9.752826117227475,0.10000000149011612
23.796,1.0,9.835147103832828,0.10000000149011612
23.846,1.0,9.890133098637063,0.10000000149011612
23.895,1.0,9.7529378771368,0.10000000149011612
23.945,1.0,9.725221447481049,0.10000000149011612
23.996,1.0,9.807671102136373,0.10000000149011612
24.054,1.0,9.862707151389785,0.10000000149011612
24.095,1.0,9.697805156165527,0.10000000149011612
24.145,1.0,9.83530481999947,0.10000000149011612
24.195,1.0,9.780335649785895,0.10000000149011612
24.245,1.0,9.752689927630126,0.10000000149011612
24.295,1.0,9.862586249369715,0.10000000149011612
24.346,1.0,9.780384026736849,0.10000000149011612
24.396,1.0,9.780124598989884,0.10000000149011612
24.447,1.0,9.697794285313122,0.10000000149011612
24.496,1.0,9.807712373654876,0.10000000149011612
24.546,1.0,9.725455982382927,0.10000000149011612
24.596,1.0,9.615453128827115,0.10000000149011612
24.646,1.0,9.725326256516079,0.10000000149011612
24.695,1.0,9.835106694180933,0.10000000149011612
24.745,1.0,9.862741870164044,0.10000000149011612
24.795,1.0,9.752858695036007,0.10000000149011612
24.845,1.0,9.780239931473302,0.10000000149011612
24.895,1.0,9.89013581921657,0.10000000149011612
24.945,1.0,9.807815957297054,0.10000000149011612
24.996,1.0,9.807612852959169,0.10000000149011612
25.045,1.0,9.780382611706026,0.10000000149011612
25.095,1.0,9.752743355888459,0.10000000149011612
25.146,1.0,9.752612376771868,0.10000000149011612
25.194,1.0,9.807683075674706,0.10000000149011612
25.246,1.0,9.752901987379623,0.10000000149011612
25.295,1.0,9.835364056813221,0.10000000149011612
25.345,1.0,9.752883389385211,0.10000000149011612
25.395,1.0,9.862605623424882,0.10000000149011612
25.447,1.0,9.945004059063892,0.10000000149011612
25.495,1.0,9.807847602189415,0.10000000149011612
25.545,1.0,9.862509925518598,0.10000000149011612
25.596,1.0,9.80770621786101,0.10000000149011612
25.645,1.0,9.835234360872871,0.10000000149011612
25.696,1.0,9.8625893873473,0.10000000149011612
25.745,1.0,9.835425541860362,0.10000000149011612
25.795,1.0,9.890140835278563,0.10000000149011612
25.846,1.0,9.75279993377626,0.10000000149011612
25.895,1.0,9.697589444782999,0.10000000149011612
25.945,1.0,9.862686808365915,0.10000000149011612
25.996,1.0,9.780044258903299,0.10000000149011612
26.045,1.0,9.835312275485032,0.10000000149011612
26.095,1.0,9.862690611597564,0.10000000149011612
26.145,1.0,9.752869086795384,0.10000000149011612
26.196,1.0,9.890127387311724,0.10000000149011612
26.245,1.0,9.835184503553641,0.10000000149011612
26.295,1.0,9.862833438151412,0.10000000149011612
26.346,1.0,9.862775211967527,0.10419859737157822
26.395,1.0,9.807798951450321,0.10000000149011612
26.445,1.0,9.835246171574626,0.10000000149011612
26.495,1.0,9.69766637167583,0.10000000149011612
26.55,1.0,9.862761797900829,0.10000000149011612
26.597,1.0,9.725198669752313,0.10000000149011612
26.645,1.0,9.890000000016556,0.10000000149011612
26.695,1.0,9.862599854378237,0.10000000149011612
26.745,1.0,9.890154866646562,0.10000000149011612
26.795,1.0,9.75276919114921,0.10000000149011612
26.846,1.0,9.835234193048544,0.10000000149011612
26.896,1.0,9.807851633739968,0.10000000149011612
26.945,1.0,9.835246967193154,0.10000000149011612
26.995,1.0,9.780270401678152,0.10000000149011612
27.045,1.0,9.835063258123894,0.10000000149011612
27.095,1.0,9.862806962182125,0.10000000149011612
27.146,1.0,9.670284969711469,0.10000000149011612
27.196,1.0,9.780411781349944,0.10000000149011612
27.245,1.0,9.890031164263686,0.10000000149011612
27.298,1.0,9.862730867105226,0.10000000149011612
27.346,1.0,9.862730788791346,0.10000000149011612
27.397,1.0,9.725283638967408,0.10000000149011612
27.448,1.0,9.890225148076812,0.10000000149011612
27.506,1.0,9.670410292450752,0.10000000149011612
27.548000000000002,1.0,9.78015579384648,0.10000000149011612
27.598,1.0,9.862753164602651,0.10000000149011612
27.647,1.0,9.725138455194731,0.10000000149011612
27.698,1.0,9.807621397202213,0.10000000149011612
27.747,1.0,9.807724264884989,0.10000000149011612
27.797,1.0,9.752913600247767,0.10000000149011612
27.847,1.0,9.752987267449498,0.10000000149011612
27.896,1.0,9.780291034053597,0.10000000149011612
27.946,1.0,9.807632145658136,0.10000000149011612
27.996,1.0,9.752902975471484,0.10000000149011612
28.046,1.0,9.697704815781778,0.10000000149011612
28.097,1.0,9.835196449359257,0.10000000149011612
28.146,1.0,9.890108814152578,0.10000000149011612
28.196,1.0,9.752858801351653,0.10000000149011612
28.247,1.0,9.917675887048244,0.10000000149011612
28.296,1.0,9.780369713385072,0.10000000149011612
28.347,1.0,9.697944585047662,0.10000000149011612
28.397,1.0,9.807563327625394,0.10000000149011612
28.446,1.0,9.890093657146725,0.10000000149011612
28.497,1.0,9.752788810162908,0.10000000149011612
28.546,1.0,9.835184680815372,0.10000000149011612
28.596,1.0,9.615531288542682,0.10000000149011612
28.646,1.0,9.780420835316182,0.10000000149011612
28.701,1.0,9.86268055051979,0.10000000149011612
28.746,1.0,9.780306647034983,0.10000000149011612
28.796,1.0,9.807711830300589,0.10000000149011612
28.846,1.0,9.697849758341908,0.10000000149011612
28.896,1.0,9.725096277602844,0.10000000149011612
28.946,1.0,9.917559701659613,0.10000000149011612
28.997,1.0,9.917672761281331,0.10529773682355881
29.044,1.0,9.697913850119544,0.10000000149011612
29.108,1.0,9.862604709486995,0.10000000149011612
29.148,1.0,9.642975457219613,0.10000000149011612
29.2,1.0,9.752899357117712,0.10000000149011612
29.249,1.0,9.890038662424518,0.10000000149011612
29.309,1.0,9.752818806841969,0.10000000149011612
29.353,1.0,9.780137291178107,0.10000000149011612
29.419,1.0,9.835112462089294,0.10000000149011612
29.456,1.0,9.835212653047508,0.10000000149011612
29.506,1.0,9.80785399807824,0.10000000149011612
29.554,1.0,9.75264384727925,0.10000000149011612
29.606,1.0,9.890257862417235,0.10000000149011612
29.659,1.0,9.807760076659422,0.10000000149011612
29.706,1.0,9.862679468074607,0.10000000149011612
29.756,1.0,9.862833640765812,0.10674028843641281
29.807,1.0,9.725318248776926,0.10000000149011612
29.858,1.0,9.917659731085102,0.10000000149011612
29.908,1.0,9.835096223155658,0.10000000149011612
29.957,1.0,9.725443605871664,0.10000000149011612
30.008,1.0,9.725423709158267,0.10000000149011612
30.054,1.0,9.725303218824168,0.10000000149011612
30.106,1.0,9.7803865355336,0.10000000149011612
30.155,1.0,9.835249128937722,0.10000000149011612
30.205,1.0,9.752712807286944,0.10000000149011612
30.257,1.0,9.780332483744456,0.10000000149011612
30.306,1.0,9.670771391979523,0.10000000149011612
30.356,1.0,9.780417845377492,0.10000000149011612
30.405,1.0,9.807637258701854,0.10000000149011612
30.455,1.0,9.890191756499311,0.10000000149011612
30.504,1.0,9.835090013489955,0.10000000149011612
30.554,1.0,9.835178181094427,0.10000000149011612
30.605,1.0,9.862680310652488,0.10000000149011612
30.654,1.0,9.890000000016556,0.10000000149011612
30.707,1.0,9.725410503045552,0.10000000149011612
30.754,1.0,9.807747689448297,0.10000000149011612
30.804,1.0,9.835000000024836,0.10000000149011612
30.854,1.0,9.752857426202132,0.10000000149011612
30.904,1.0,9.725403070780967,0.10000000149011612
30.955,1.0,9.835247840214935,0.10000000149011612
31.005,1.0,9.725484238813321,0.10000000149011612
31.054,1.0,9.835320546622906,0.10000000149011612
31.106,1.0,9.807785212020907,0.10000000149011612
31.154,1.0,9.807719039378895,0.10000000149011612
31.205,1.0,9.725377774176499,0.10000000149011612
31.255,1.0,9.72517919505222,0.10000000149011612
31.305,1.0,9.780161567777395,0.10000000149011612
31.354,1.0,9.780381235563093,0.10000000149011612
31.405,1.0,9.615695734715295,0.10000000149011612
31.454,1.0,9.890065993161665,0.10000000149011612
31.505,1.0,9.86275177117851,0.10000000149011612
31.554,1.0,9.752922157736288,0.10000000149011612
31.605,1.0,9.807636211253703,0.10000000149011612
31.656,1.0,9.752810816549593,0.10000000149011612
31.707,1.0,9.835225705098775,0.10000000149011612
31.758,1.0,9.780463119203018,0.10000000149011612
31.808,1.0,9.835151056924628,0.10000000149011612
31.857,1.0,9.752907854877412,0.10000000149011612
31.906,1.0,9.807844236348238,0.10000000149011612
31.956,1.0,9.890052210560276,0.10000000149011612
32.004,1.0,9.862590768146847,0.10000000149011612
32.054,1.0,9.972500000004139,0.10000000149011612
32.105,1.0,9.69804028570652,0.10000000149011612
32.155,1.0,9.835206974856556,0.10000000149011612
32.205,1.0,9.670436600409449,0.10000000149011612
32.254,1.0,9.752742579206824,0.10000000149011612
32.306,1.0,9.807747623303698,0.10000000149011612
32.354,1.0,9.780385002618035,0.10000000149011612
32.404,1.0,9.780467655323445,0.10000000149011612
32.457,1.0,9.945066550187766,0.10000000149011612
32.504,1.0,9.862765956194037,0.10000000149011612
32.554,1.0,9.807750091080864,0.10000000149011612
32.608,1.0,9.807674656539328,0.10000000149011612
32.655,1.0,9.725342611885733,0.10000000149011612
32.705,1.0,9.890226447996167,0.10000000149011612
32.755,1.0,9.835390964812703,0.10000000149011612
32.806,1.0,9.725613990260495,0.10000000149011612
32.855,1.0,9.862563760868378,0.10000000149011612
32.905,1.0,9.862872223535346,0.10000000149011612
32.954,1.0,9.780143045364982,0.10000000149011612
33.005,1.0,9.72520845302691,0.10000000149011612
33.054,1.0,9.835325446290275,0.10000000149011612
33.105,1.0,9.725424566471743,0.10000000149011612
33.154,1.0,9.80778280997442,0.10000000149011612
33.205,1.0,9.697864866918987,0.10000000149011612
33.254,1.0,9.780323231447902,0.10000000149011612
33.305,1.0,9.752684044651687,0.10000000149011612
33.354,1.0,9.86263985917386,0.10000000149011612
33.405,1.0,9.780308251952132,0.10000000149011612
33.455,1.0,9.67076306870828,0.10000000149011612
33.504,1.0,9.890192190061013,0.10000000149011612
33.554,1.0,9.890208901692596,0.10000000149011612
33.604,1.0,9.780441005445189,0.10000000149011612
33.654,1.0,9.752830583995415,0.10000000149011612
33.704,1.0,9.697953006666568,0.10000000149011612
33.754,1.0,9.780463926452729,0.10000000149011612
33.805,1.0,9.890406446986729,0.13250121474266052
33.854,1.0,9.725211174103121,0.10000000149011612
33.909,1.0,9.862653722241522,0.10000000149011612
33.954,1.0,9.862671308591962,0.10000000149011612
34.004,1.0,9.78021234869957,0.10000000149011612
34.054,1.0,9.890247833646006,0.10000000149011612
34.105,1.0,9.890153240971268,0.10000000149011612
34.155,1.0,9.752648969801763,0.10000000149011612
34.204,1.0,9.862568756586148,0.10000000149011612
34.255,1.0,9.78017182648182,0.10000000149011612
34.304,1.0,9.862649430251784,0.10000000149011612
34.355,1.0,9.890217200149264,0.10000000149011612
34.405,1.0,9.835115072938303,0.10000000149011612
34.455,1.0,9.917500000012417,0.10000000149011612
34.505,1.0,9.917531125164695,0.10000000149011612
34.555,1.0,9.780405670983924,0.10000000149011612
34.605,1.0,9.862717301460604,0.10000000149011612
34.654,1.0,9.725559197759463,0.10000000149011612
34.705,1.0,9.835337900266879,0.10000000149011612
34.754,1.0,9.86277584069305,0.10000000149011612
34.804,1.0,9.643341191237171,0.10000000149011612
34.856,1.0,9.697909266915586,0.10000000149011612
34.908,1.0,9.752738126760555,0.10000000149011612
34.955,1.0,9.642725900001825,0.10000000149011612
35.004,1.0,9.752708536676234,0.10000000149011612
35.054,1.0,9.75293316948745,0.10000000149011612
35.105,1.0,9.752677356244789,0.10000000149011612
35.155,1.0,9.808058528188202,0.10000000149011612
35.204,1.0,9.725456847353941,0.10000000149011612
35.254,1.0,9.835201129917468,0.10000000149011612
35.305,1.0,9.752961494815018,0.10000000149011612
35.355,1.0,9.807824917344583,0.10000000149011612
35.405,1.0,9.890029081702233,0.10000000149011612
35.454,1.0,9.807848680412604,0.10000000149011612
35.505,1.0,9.835203075574505,0.10000000149011612
35.555,1.0,9.807639101023476,0.10000000149011612
35.604,1.0,9.86277016390943,0.10000000149011612
35.654,1.0,9.890106356619961,0.10000000149011612
35.704,1.0,9.86260558631685,0.10000000149011612
35.755,1.0,9.780396702761452,0.10000000149011612
35.804,1.0,9.78018070306215,0.10000000149011612
35.854,1.0,9.862643946314023,0.10000000149011612
35.905,1.0,9.862555014983647,0.10000000149011612
35.955,1.0,9.725295313489106,0.10000000149011612
36.004,1.0,9.917500000012417,0.10000000149011612
36.054,1.0,9.835031343189378,0.10000000149011612
36.104,1.0,9.725421464008589,0.10000000149011612
36.154,1.0,9.917657632111675,0.10000000149011612
36.204,1.0,9.835157767186562,0.10000000149011612
36.255,1.0,9.697830721259946,0.10000000149011612
36.304,1.0,9.807709098172685,0.10000000149011612
36.354,1.0,9.917552087725037,0.10000000149011612
36.406,1.0,9.807628284601702,0.10000000149011612
36.455,1.0,9.752891010998024,0.10000000149011612
36.504,1.0,9.807653018666638,0.10000000149011612
36.555,1.0,9.670431257991327,0.10000000149011612
36.606,1.0,9.862540517499049,0.10000000149011612
36.654,1.0,9.752848022058606,0.10000000149011612
36.704,1.0,9.807605747464631,0.10000000149011612
36.754,1.0,9.752881275821064,0.10000000149011612
36.804,1.0,9.862706783331102,0.10000000149011612
36.855,1.0,9.835153564024303,0.10000000149011612
36.904,1.0,9.698178841173648,0.10000000149011612
36.954,1.0,9.917545183685919,0.10000000149011612
37.009,1.0,9.890360390043092,0.10000000149011612
37.059,1.0,9.807818232021399,0.10000000149011612
37.109,1.0,9.752990023936663,0.10000000149011612
37.158,1.0,9.752634671226971,0.10000000149011612
37.207,1.0,9.780155939422547,0.10000000149011612
37.258,1.0,9.780161258205771,0.10000000149011612
37.308,1.0,9.697644451364047,0.10000000149011612
37.357,1.0,9.835310047161247,0.10000000149011612
37.407,1.0,9.752905340803165,0.10000000149011612
37.457,1.0,9.890152887275649,0.10000000149011612
37.508,1.0,9.752861815421946,0.10000000149011612
37.557,1.0,9.835315659000642,0.10000000149011612
37.611,1.0,9.752790327701303,0.10000000149011612
37.664,1.0,9.83514461107552,0.10000000149011612
37.711,1.0,9.917648960794839,0.10000000149011612
37.757,1.0,9.80785167351779,0.10000000149011612
37.809,1.0,9.917569409786827,0.10000000149011612
37.859,1.0,9.72518099916892,0.10000000149011612
37.909,1.0,9.835099615715444,0.10000000149011612
37.959,1.0,9.643251814051634,0.10000000149011612
38.011,1.0,9.780170138428609,0.10000000149011612
38.06,1.0,9.890218837435047,0.10000000149011612
38.108,1.0,9.8900426507824,0.10000000149011612
38.164,1.0,9.80783163000726,0.10000000149011612
38.212,1.0,9.780239985883236,0.10000000149011612
38.261,1.0,9.752982245592607,0.10000000149011612
38.329,1.0,9.972500000004139,0.10000000149011612
38.358,1.0,9.91759175285697,0.10000000149011612
38.413,1.0,9.69791578265528,0.10000000149011612
38.464,1.0,9.780312760836548,0.10000000149011612
38.512,1.0,9.890218853453796,0.10000000149011612
38.56,1.0,9.835197429607312,0.10000000149011612
38.61,1.0,9.698032170885966,0.10000000149011612
38.659,1.0,9.697971376424862,0.10000000149011612
38.709,1.0,9.780096017362343,0.10000000149011612
38.759,1.0,9.8901354584429,0.10000000149011612
38.81,1.0,9.752680743299425,0.10000000149011612
38.861,1.0,9.862684180421962,0.10000000149011612
38.909,1.0,9.835192442478405,0.10000000149011612
38.959,1.0,9.670562005477647,0.10000000149011612
39.009,1.0,9.78000676466359,0.10000000149011612
39.06,1.0,9.890148171658318,0.10000000149011612
39.111,1.0,9.862830845349364,0.10000000149011612
39.161,1.0,9.780104264679055,0.10000000149011612
39.209,1.0,9.808031712451744,0.10000000149011612
39.259,1.0,9.670188736894893,0.10000000149011612
39.309,1.0,9.75283021637135,0.10000000149011612
39.364,1.0,9.835201629768644,0.10000000149011612
39.41,1.0,9.780310785584152,0.10000000149011612
39.459,1.0,9.752964763550295,0.10000000149011612
39.51,1.0,9.780352711698248,0.10000000149011612
39.559,1.0,9.780378095164068,0.10000000149011612
39.61,1.0,9.862823745111625,0.10000000149011612
39.659,1.0,9.91767443942113,0.10000000149011612
39.71,1.0,9.807825841382146,0.10000000149011612
39.759,1.0,9.86270113336957,0.10000000149011612
39.81,1.0,9.780083339619967,0.10000000149011612
39.86,1.0,9.725198552219403,0.10000000149011612
39.91,1.0,9.917687781196502,0.11359570175409317
39.96,1.0,9.753110508227515,0.10000000149011612
40.009,1.0,9.670515222847461,0.10000000149011612
40.068,1.0,9.835143877400292,0.10000000149011612
40.112,1.0,9.807504415553478,0.10000000149011612
40.168,1.0,9.835114330177506,0.10000000149011612
40.21,1.0,9.917601164182027,0.10000000149011612
40.262,1.0,9.807638777626885,0.10000000149011612
40.312,1.0,9.890193606312904,0.10000000149011612
40.369,1.0,9.752659584292108,0.10000000149011612
40.412,1.0,9.86269355993718,0.10000000149011612
40.463,1.0,9.725369159028762,0.10000000149011612
40.512,1.0,9.670693422646986,0.10000000149011612
40.56,1.0,9.615350497141481,0.10000000149011612
40.612,1.0,9.615646484390728,0.10000000149011612
40.661,1.0,9.670373107182483,0.10000000149011612
40.711,1.0,9.890308026120895,0.10000000149011612
40.762,1.0,9.725320607340999,0.10000000149011612
40.812,1.0,9.807939868772195,0.10000000149011612
40.862,1.0,9.890138837715817,0.10000000149011612
40.911,1.0,9.642953210179176,0.10000000149011612
40.963,1.0,9.917751312442125,0.10607879608869553
41.011,1.0,9.752771292109456,0.10000000149011612
41.062,1.0,9.835303658764396,0.10000000149011612
41.114,1.0,9.78023383497364,0.10000000149011612
41.163,1.0,9.752728364388975,0.10000000149011612
41.212,1.0,9.78032069042739,0.10000000149011612
41.263,1.0,9.780287985958987,0.10000000149011612
41.312,1.0,9.86269924601333,0.10000000149011612
41.361,1.0,9.835325754082037,0.10000000149011612
41.412,1.0,9.697549379182359,0.10000000149011612
41.461,1.0,9.835133021117912,0.10000000149011612
41.511,1.0,9.807610623124573,0.10000000149011612
41.564,1.0,9.78037844217486,0.10000000149011612
41.62,1.0,9.835151760404308,0.10000000149011612
41.664,1.0,9.75289089532776,0.10000000149011612
41.71,1.0,9.725446557584736,0.10000000149011612
41.763,1.0,9.75268744273732,0.10000000149011612
41.83,1.0,9.80768946390599,0.10000000149011612
41.868,1.0,9.835004937586685,0.10000000149011612
41.92,1.0,9.7803075665815,0.10000000149011612
41.966,1.0,9.807780682730177,0.10000000149011612
42.022,1.0,9.697832293891244,0.10000000149011612
42.059,1.0,9.807876069740288,0.10000000149011612
42.113,1.0,9.917620990114907,0.10042653977870941
42.18,1.0,9.780149701837864,0.10000000149011612
42.233,1.0,9.862598632255363,0.10000000149011612
42.275,1.0,9.890164255454309,0.10000000149011612
42.334,1.0,9.78019957356155,0.10000000149011612
42.399,1.0,9.780013225351771,0.10000000149011612
42.435,1.0,9.89020655805038,0.10000000149011612
42.482,1.0,9.862525675549275,0.10000000149011612
42.529,1.0,9.807767036929727,0.10000000149011612
42.581,1.0,9.862601975227395,0.10000000149011612
42.63,1.0,9.835304399103753,0.10000000149011612
42.681,1.0,9.725320474120478,0.10000000149011612
42.73,1.0,9.86274830719663,0.10000000149011612
42.787,1.0,9.807713797378044,0.10000000149011612
42.829,1.0,9.725352331768308,0.10000000149011612
42.879,1.0,9.80766954448902,0.10000000149011612
42.928,1.0,9.752752823796538,0.10000000149011612
42.979,1.0,9.972500000004139,0.10000000149011612
43.029,1.0,9.78013824555609,0.10000000149011612
43.08,1.0,9.72557888444927,0.10000000149011612
43.135,1.0,9.807533986907867,0.10000000149011612
43.18,1.0,9.945000000008278,0.10000000149011612
43.252,1.0,9.835213327138788,0.10000000149011612
43.289,1.0,9.80768418866727,0.10000000149011612
43.344,1.0,9.890187659983834,0.10000000149011612
43.451,1.0,9.78019805378798,0.10000000149011612
43.473,1.0,9.8078944745784,0.10000000149011612
43.501,1.0,9.862719095601804,0.10000000149011612
43.548,1.0,9.752884799117844,0.10000000149011612
43.6,1.0,9.807859246970878,0.10000000149011612
43.644,1.0,9.780467614117596,0.10000000149011612
43.704,1.0,9.890147237603863,0.10000000149011612
43.753,1.0,9.890212531098062,0.10000000149011612
43.8,1.0,9.835402489639819,0.10000000149011612
43.846,1.0,9.835173703895675,0.10000000149011612
43.908,1.0,9.917577234572834,0.10000000149011612
43.955,1.0,9.862595719616447,0.10000000149011612
43.993,1.0,9.862547175462048,0.10000000149011612
44.053,1.0,9.670469454282689,0.10000000149011612
44.1,1.0,9.835290083102882,0.10000000149011612
44.154,1.0,9.835214079419773,0.10000000149011612
44.196,1.0,9.78016418038557,0.10000000149011612
44.246,1.0,9.890193196427491,0.10000000149011612
44.294,1.0,9.752751026944154,0.10000000149011612
44.346,1.0,9.69794466946688,0.10000000149011612
44.396,1.0,9.807598806110521,0.10000000149011612
44.448,1.0,9.862559728986687,0.10000000149011612
44.502,1.0,9.725374388777547,0.10000000149011612
44.547,1.0,9.752817450608644,0.10000000149011612
44.595,1.0,9.780324822581477,0.10000000149011612
44.647,1.0,9.697733827431996,0.10000000149011612
44.699,1.0,9.643070748986469,0.10000000149011612
44.752,1.0,9.945105633284482,0.10000000149011612
44.797,1.0,9.862542726865245,0.10000000149011612
44.848,1.0,9.835104913761219,0.10000000149011612
44.902,1.0,9.78028572479056,0.10000000149011612
44.949,1.0,9.697677115371658,0.10000000149011612
44.993,1.0,9.752645128489368,0.10000000149011612
45.048,1.0,9.807680253808696,0.10000000149011612
45.099,1.0,9.807908475026489,0.10000000149011612
45.149,1.0,9.807741712799503,0.10000000149011612
45.195,1.0,9.780380011536181,0.10000000149011612
45.245,1.0,9.835258378937013,0.10000000149011612
45.299,1.0,9.807747510717148,0.10000000149011612
45.357,1.0,9.835004292614759,0.10000000149011612
45.395,1.0,9.835049825099608,0.10000000149011612
45.461,1.0,9.588031404548222,0.10000000149011612
45.513,1.0,9.862574534366528,0.10000000149011612
45.573,1.0,9.807623239420355,0.10000000149011612
45.637,1.0,9.780390470061038,0.10000000149011612
45.717,1.0,9.725394801422954,0.10000000149011612
45.752,1.0,9.80781903008206,0.10000000149011612
45.809,1.0,9.862823120628795,0.10000000149011612
45.844,1.0,9.753008688696557,0.10000000149011612
45.902,1.0,9.780468561272654,0.10000000149011612
45.954,1.0,9.917558438186017,0.10000000149011612
46.008,1.0,9.89016445144597,0.10000000149011612
46.046,1.0,9.807801607996225,0.10000000149011612
46.1,1.0,9.890000000016556,0.10000000149011612
46.152,1.0,9.835124635882675,0.10000000149011612
46.199,1.0,9.697821103408932,0.10000000149011612
46.246,1.0,9.752606923547056,0.10000000149011612
46.297,1.0,9.780190290303693,0.10000000149011612
46.34,1.0,9.835143133728868,0.10000000149011612
46.398,1.0,9.917500000012417,0.10000000149011612
46.445,1.0,9.725375915049678,0.10000000149011612
46.507,1.0,9.752929713970257,0.10000000149011612
46.548,1.0,9.890088579410481,0.10000000149011612
46.607,1.0,9.725568066206243,0.10000000149011612
46.65,1.0,9.83516449092163,0.10000000149011612
46.715,1.0,9.780521759742664,0.10000000149011612
46.75,1.0,9.642752661700879,0.10000000149011612
46.8,1.0,9.835093855030006,0.10000000149011612
46.865,1.0,9.780271588017543,0.10000000149011612
46.904,1.0,9.862604308749239,0.10000000149011612
46.943,1.0,9.807681245998376,0.10000000149011612
47.013,1.0,9.890022625525793,0.10000000149011612
47.045,1.0,9.697882901835772,0.10000000149011612
47.1,1.0,9.835232145008113,0.10000000149011612
47.148,1.0,9.780106097873714,0.10000000149011612
47.196,1.0,9.752908663700024,0.10000000149011612
47.262,1.0,9.725456934525734,0.10000000149011612
47.301,1.0,9.83522736777862,0.10000000149011612
47.351,1.0,9.75302436614616,0.10000000149011612
47.401,1.0,9.835501640393502,0.10000000149011612
47.451,1.0,9.890158690491484,0.10000000149011612
47.504,1.0,9.725539941009547,0.10000000149011612
47.553,1.0,9.78018750231713,0.10000000149011612
47.61,1.0,9.835118364252978,0.10000000149011612
47.679,1.0,9.835160000705057,0.10000000149011612
47.704,1.0,9.615525288652215,0.10000000149011612
47.752,1.0,9.752500000037253,0.10000000149011612
47.804,1.0,9.752857236895297,0.10000000149011612
47.852,1.0,9.78041531464292,0.10000000149011612
47.91,1.0,9.862894087346891,0.1080743595957756
47.955,1.0,9.807799791027275,0.10000000149011612
48.0,1.0,9.83510843515396,0.10000000149011612
48.053,1.0,9.890140069379575,0.10000000149011612
48.105,1.0,9.670119486293858,0.10000000149011612
48.156,1.0,9.725333282041053,0.10000000149011612
48.223,1.0,9.890133759400083,0.10000000149011612
48.261,1.0,9.862702938107153,0.10000000149011612
48.33,1.0,9.835159950682687,0.10000000149011612
48.369,1.0,9.83519608154893,0.10000000149011612
48.416,1.0,9.86267853681412,0.10000000149011612
48.466,1.0,9.752894049055046,0.10000000149011612
48.514,1.0,9.752851782635682,0.10000000149011612
48.565,1.0,9.862617809015015,0.10000000149011612
48.613,1.0,9.835153967804379,0.10000000149011612
48.665,1.0,9.780268804315064,0.10000000149011612
48.713,1.0,9.752701711530486,0.10000000149011612
48.765,1.0,9.917602366250422,0.10000000149011612
48.813,1.0,9.862667276399831,0.10000000149011612
48.865,1.0,9.89005014937785,0.10000000149011612
48.914,1.0,9.835224722801811,0.10000000149011612
48.965,1.0,9.835170323505169,0.10000000149011612
49.014,1.0,9.697746155431702,0.10000000149011612
49.063,1.0,9.89015329355995,0.10000000149011612
49.113,1.0,9.807730570683876,0.10000000149011612
49.162,1.0,9.780280702043738,0.10000000149011612
49.216,1.0,9.78034107008328,0.10000000149011612
49.265,1.0,9.780286932281323,0.10000000149011612
49.316,1.0,9.780268775837289,0.10000000149011612
49.368,1.0,9.86282664032446,0.10000000149011612
49.414,1.0,9.835242662930654,0.10000000149011612
49.465,1.0,9.83538752819101,0.10000000149011612
49.514,1.0,9.835053103706903,0.10000000149011612
49.564,1.0,9.588308322967755,0.10000000149011612
49.614,1.0,9.7255258217247,0.10000000149011612
49.667,1.0,9.807627733589875,0.10000000149011612
49.714,1.0,9.752680697292089,0.10000000149011612
49.765,1.0,9.725361211846272,0.10000000149011612
49.814,1.0,9.807673013727698,0.10000000149011612
49.864,1.0,9.835342688196235,0.10000000149011612
49.913,1.0,9.835339775578015,0.10000000149011612
49.964,1.0,9.780086259750856,0.10000000149011612
50.016,1.0,9.807529082335531,0.10000000149011612
50.064,1.0,9.808015680354503,0.10000000149011612
50.113,1.0,9.807617801655498,0.10000000149011612
50.168,1.0,9.752821751932304,0.10000000149011612
50.213,1.0,9.643028315032522,0.10000000149011612
50.278,1.0,9.780194516769713,0.10000000149011612
50.314,1.0,9.807597985180715,0.10000000149011612
50.365,1.0,9.83514723053409,0.10000000149011612
50.414,1.0,9.807591234023372,0.10000000149011612
50.468,1.0,9.780173836193152,0.10000000149011612
50.515,1.0,9.780203808409473,0.10000000149011612
50.565,1.0,9.807747163499394,0.10000000149011612
50.618,1.0,9.697874095415076,0.10000000149011612
50.666,1.0,9.83507954755591,0.10000000149011612
50.717,1.0,9.725344201094574,0.10000000149011612
50.767,1.0,9.780318304896355,0.10000000149011612
50.819,1.0,9.642851660793854,0.10000000149011612
50.866,1.0,9.835101155688365,0.10000000149011612
50.916,1.0,9.835263820716904,0.10000000149011612
50.966,1.0,9.670370565789442,0.10000000149011612
51.019,1.0,9.698087426523367,0.10000000149011612
51.069,1.0,9.835220527317789,0.10000000149011612
51.117,1.0,9.890128325650261,0.10000000149011612
51.167,1.0,9.807968669032885,0.10000000149011612
51.218,1.0,9.835202019640969,0.10000000149011612
51.271,1.0,9.890099997011324,0.10000000149011612
51.32,1.0,9.725230538658797,0.10000000149011612
51.379,1.0,9.890176278559698,0.10000000149011612
51.418,1.0,9.890139890917473,0.10000000149011612
51.467,1.0,9.780269506904814,0.10000000149011612
51.517,1.0,9.752802545308239,0.10000000149011612
51.567,1.0,9.752848712375595,0.10000000149011612
51.617,1.0,9.725496086250576,0.10000000149011612
51.667,1.0,9.697749205864966,0.10000000149011612
51.717,1.0,9.862664265992741,0.10000000149011612
51.77,1.0,9.64320820429259,0.10000000149011612
51.819,1.0,9.697914543416765,0.10000000149011612
51.869,1.0,9.752770755543477,0.10000000149011612
51.919,1.0,9.862684967617193,0.10000000149011612
51.969,1.0,9.670438456245595,0.10000000149011612
52.023,1.0,9.56063057028999,0.10000000149011612
52.069,1.0,9.725201821865307,0.10000000149011612
52.118,1.0,9.835280732603536,0.10000000149011612
52.17,1.0,9.780211836016841,0.10000000149011612
52.231,1.0,9.752822252362966,0.10000000149011612
52.275,1.0,9.862944984104898,0.10909710824489594
52.318,1.0,9.835287802769907,0.10000000149011612
52.445,1.0,9.862707765669459,0.10000000149011612
52.484,1.0,9.835290961215893,0.10000000149011612
52.53,1.0,9.807677265587781,0.10000000149011612
52.58,1.0,9.80773943145242,0.10000000149011612
52.63,1.0,9.807786186411978,0.10000000149011612
52.68,1.0,9.890056306806704,0.10000000149011612
52.73,1.0,9.725667799388368,0.10000000149011612
52.781,1.0,9.78040145424505,0.10000000149011612
52.83,1.0,9.83536126166582,0.10000000149011612
52.88,1.0,9.83510024882853,0.10000000149011612
52.93,1.0,9.890114847487874,0.10000000149011612
52.98,1.0,9.752775767466261,0.10000000149011612
53.031,1.0,9.807821559057468,0.10000000149011612
53.08,1.0,9.753033314272761,0.10000000149011612
53.131,1.0,9.862608401953347,0.10000000149011612
53.181,1.0,9.807666611340311,0.10000000149011612
53.233,1.0,9.917635723306901,0.10000000149011612
53.297,1.0,9.725229609881838,0.10000000149011612
53.344,1.0,9.780302678007219,0.10000000149011612
53.384,1.0,9.945031764378978,0.10000000149011612
53.438,1.0,9.83505141041759,0.10000000149011612
53.49,1.0,9.917587733641266,0.10000000149011612
53.54,1.0,9.725445131336649,0.10000000149011612
53.591,1.0,9.83525341782305,0.10000000149011612
53.637,1.0,9.780299703590572,0.10000000149011612
53.688,1.0,9.67033881507814,0.10000000149011612
53.737,1.0,9.80780277835826,0.10000000149011612
53.787,1.0,9.780275970780187,0.10000000149011612
53.838,1.0,9.780190058135323,0.10000000149011612
53.887,1.0,9.835048894439307,0.10000000149011612
53.938,1.0,9.642933411171867,0.10000000149011612
53.987,1.0,9.698031477071344,0.10000000149011612
54.038,1.0,9.780172192843423,0.10000000149011612
54.087,1.0,9.780135591742065,0.10000000149011612
54.137,1.0,9.917689504474401,0.11060734838247299
54.189,1.0,9.807991163991392,0.10000000149011612
54.238,1.0,9.890000000016556,0.10000000149011612
54.287,1.0,9.78030775104546,0.10000000149011612
54.338,1.0,9.835115907113586,0.10000000149011612
54.388,1.0,9.642930973238416,0.10000000149011612
54.439,1.0,9.917747230020662,0.11138708144426346
54.487,1.0,9.752870490236415,0.10000000149011612
54.537,1.0,9.835355301366912,0.10000000149011612
54.587,1.0,9.917636953894462,0.10000000149011612
54.637,1.0,9.917630749237206,0.10375850647687912
54.687,1.0,9.83515478062133,0.10000000149011612
54.787,1.0,9.807869389197892,0.10000000149011612
54.837,1.0,9.890192813053726,0.10000000149011612
54.887,1.0,9.807622617441748,0.10000000149011612
54.938,1.0,9.698197425011958,0.10187605768442154
54.996,1.0,9.835355155625278,0.10000000149011612
55.043,1.0,9.78014588393271,0.10000000149011612
55.089,1.0,9.835198432289891,0.10000000149011612
55.137,1.0,9.835000000024836,0.10000000149011612
55.188,1.0,9.83523294677337,0.10000000149011612
55.237,1.0,9.752897919859324,0.10000000149011612
55.287,1.0,9.972552778033746,0.11900009214878082
55.337,1.0,9.752629745627443,0.10000000149011612
55.388,1.0,9.86273592311061,0.10000000149011612
55.438,1.0,9.945061558526422,0.10000000149011612
55.491,1.0,9.752707730047405,0.10000000149011612
55.537,1.0,9.780304763631689,0.10000000149011612
55.587,1.0,9.780241350436377,0.10000000149011612
55.639,1.0,9.862720867515439,0.10000000149011612
55.688,1.0,9.780570592896806,0.10000000149011612
55.738,1.0,9.835216118250456,0.10000000149011612
55.787,1.0,9.862611983385351,0.10000000149011612
55.838,1.0,9.917593622869916,0.10000000149011612
55.887,1.0,9.807710524544948,0.10000000149011612
55.937,1.0,9.58815716277394,0.10000000149011612
55.988,1.0,9.83530643305017,0.10000000149011612
56.038,1.0,9.69789854331563,0.10000000149011612
56.094,1.0,9.725436979428762,0.10000000149011612
56.138,1.0,9.78060771090289,0.10000000149011612
56.191,1.0,9.890280256358286,0.10000000149011612
56.242,1.0,9.780231495801774,0.10000000149011612
56.289,1.0,9.752847922117345,0.10000000149011612
56.34,1.0,9.642844479448266,0.10000000149011612
56.39,1.0,9.780425389359396,0.10000000149011612
56.438,1.0,9.807591912791962,0.10000000149011612
56.489,1.0,9.75267142901818,0.10000000149011612
56.54,1.0,9.807609364266197,0.10000000149011612
56.59,1.0,9.862518025955392,0.10000000149011612
56.638,1.0,9.780307435554763,0.10000000149011612
56.692,1.0,9.83504528966215,0.10000000149011612
56.738,1.0,9.807773959760864,0.10000000149011612
56.792,1.0,9.91771925083465,0.11089806258678436
56.839,1.0,9.807726709979276,0.10000000149011612
56.887,1.0,9.807780713981224,0.10000000149011612
56.938,1.0,9.862837714350057,0.10767361521720886
56.986,1.0,9.752764387821985,0.10000000149011612
57.037,1.0,9.807902244416375,0.10000000149011612
57.087,1.0,9.69817741980983,0.10000000149011612
57.138,1.0,9.697956737958723,0.10000000149011612
57.187,1.0,9.807717910574542,0.10000000149011612
57.237,1.0,9.89004782328589,0.10000000149011612
57.289,1.0,9.808021140781541,0.10930129140615463
57.337,1.0,9.862807834645112,0.10000000149011612
57.387,1.0,9.752779063189195,0.10000000149011612
57.439,1.0,9.725095135283967,0.10000000149011612
57.487,1.0,9.752851350502008,0.10000000149011612
57.539,1.0,9.807667159392603,0.10000000149011612
57.589,1.0,9.835120105019046,0.10000000149011612
57.638,1.0,9.862879959390396,0.10245261341333389
57.687,1.0,9.807754414011207,0.10000000149011612
57.737,1.0,9.725092217119204,0.10000000149011612
57.787,1.0,9.725369089821147,0.10000000149011612
57.838,1.0,9.8080064393373,0.10000000149011612
57.887,1.0,9.917605623561474,0.10000000149011612
57.937,1.0,9.780274244584144,0.10000000149011612
57.987,1.0,9.808101654321783,0.110666923224926
58.038,1.0,9.780449892311461,0.10000000149011612
58.086,1.0,9.670445544831455,0.10000000149011612
58.137,1.0,9.80774561199877,0.10000000149011612
58.187,1.0,9.752596424623496,0.10000000149011612
58.238,1.0,9.945183939196998,0.13299818336963654
58.287,1.0,9.780270648313065,0.10000000149011612
58.338,1.0,9.697959391855532,0.10000000149011612
58.388,1.0,9.862649698120853,0.10000000149011612
58.438,1.0,9.78029170323991,0.10000000149011612
58.488,1.0,9.80768691295137,0.10000000149011612
58.538,1.0,9.862697434570226,0.10000000149011612
58.587,1.0,9.807697971289356,0.10000000149011612
58.638,1.0,9.807633553383251,0.10000000149011612
58.687,1.0,9.890195811250143,0.10000000149011612
58.738,1.0,9.917808658795224,0.12346713244915009
58.788,1.0,9.89001459704919,0.10000000149011612
58.839,1.0,9.917660818621517,0.10000000149011612
58.888,1.0,9.862615340823929,0.10000000149011612
58.937,1.0,9.80760629168815,0.10000000149011612
58.987,1.0,9.697963047503597,0.10000000149011612
59.037,1.0,9.697868407393495,0.10000000149011612
59.087,1.0,9.752753655281332,0.10000000149011612
59.137,1.0,9.890118644365835,0.10000000149011612
59.187,1.0,9.697617268872758,0.10000000149011612
59.237,1.0,9.835217124803199,0.10000000149011612
59.288,1.0,9.807720006174511,0.10000000149011612
59.337,1.0,9.917626330711775,0.10500071197748184
59.387,1.0,9.835161636066106,0.10000000149011612
59.437,1.0,9.615534718810684,0.10000000149011612
59.487,1.0,9.72541210570683,0.10000000149011612
59.537,1.0,9.69785368612243,0.10000000149011612
59.588,1.0,9.780497498748202,0.10000000149011612
59.638,1.0,9.7527611212391,0.10000000149011612
59.688,1.0,9.917557634206283,0.10000000149011612
59.738,1.0,9.807678726625939,0.10000000149011612
59.788,1.0,9.917539417557418,0.10000000149011612
59.837,1.0,9.697966696756582,0.10000000149011612
59.888,1.0,9.670383038702939,0.10000000149011612
59.937,1.0,9.917571688546902,0.10000000149011612
59.989,1.0,9.862892076559366,0.10000000149011612
60.04,1.0,9.72543682081418,0.10000000149011612
60.088,1.0,9.86261673917373,0.10000000149011612
60.137,1.0,9.75283743912975,0.10000000149011612
60.187,1.0,9.807500000028975,0.10000000149011612
60.238,1.0,9.862606128801902,0.10000000149011612
60.287,1.0,9.807679172957108,0.10000000149011612
60.338,1.0,9.725493369810284,0.10000000149011612
60.387,1.0,9.835271079858972,0.10000000149011612
60.437,1.0,9.725189946902296,0.10000000149011612
60.487,1.0,9.752881442362236,0.10000000149011612
60.537,1.0,9.945138290007081,0.10000000149011612
60.587,1.0,9.80778548212515,0.10000000149011612
60.637,1.0,9.80772379382203,0.10000000149011612
60.687,1.0,9.945000000008278,0.10000000149011612
60.737,1.0,9.780346877293454,0.10000000149011612
60.787,1.0,9.670278271329071,0.10000000149011612
60.848,1.0,9.917638668935332,0.10000000149011612
60.888,1.0,9.89001768231392,0.10000000149011612
60.937,1.0,9.75305758284198,0.10000000149011612
60.987,1.0,9.78028243229621,0.10000000149011612
61.039,1.0,9.780183862687814,0.10000000149011612
61.088,1.0,9.725607750730383,0.10000000149011612
61.139,1.0,9.5330448553587,0.10000000149011612
61.19,1.0,9.807804176625279,0.10000000149011612
61.239,1.0,9.862592712148196,0.10000000149011612
61.289,1.0,9.753031560944187,0.10000000149011612
61.339,1.0,9.862807319478856,0.10000000149011612
61.39,1.0,9.835320542525086,0.10000000149011612
61.439,1.0,9.69798289452576,0.10000000149011612
61.489,1.0,9.862599127160179,0.10000000149011612
61.539,1.0,9.89018150145809,0.10000000149011612
61.588,1.0,9.780181321377556,0.10000000149011612
61.64,1.0,9.615875920446383,0.10000000149011612
61.69,1.0,9.807840200141072,0.10000000149011612
61.739,1.0,9.807565880732405,0.10000000149011612
61.789,1.0,9.752937976891795,0.10000000149011612
61.84,1.0,9.780263332277537,0.10000000149011612
61.89,1.0,9.835538007049925,0.10000000149011612
61.94,1.0,9.807870185706351,0.10000000149011612
61.989,1.0,9.835220593048467,0.10000000149011612
62.039,1.0,9.752706640876001,0.10000000149011612
62.09,1.0,9.86257240884006,0.10000000149011612
62.139,1.0,9.780309351885485,0.10000000149011612
62.188,1.0,9.753147671164738,0.10000000149011612
62.24,1.0,9.835237312730815,0.10000000149011612
62.289,1.0,9.780596164613963,0.10000000149011612
62.339,1.0,9.670301287952396,0.10000000149011612
62.39,1.0,9.80786185392903,0.10000000149011612
62.44,1.0,9.752879230284856,0.10000000149011612
62.489,1.0,9.86260854512867,0.10000000149011612
62.54,1.0,9.780517597744863,0.10000000149011612
62.589,1.0,9.752626814879477,0.10000000149011612
62.639,1.0,9.835146256494854,0.10000000149011612
62.689,1.0,9.752734183437294,0.10000000149011612
62.739,1.0,9.752822567398349,0.10000000149011612
62.789,1.0,9.807500000028975,0.10000000149011612
62.84,1.0,9.807705793343484,0.10000000149011612
62.89,1.0,9.862694943116772,0.10000000149011612
62.943,1.0,9.862750020209287,0.10000000149011612
62.989,1.0,9.752871036239796,0.10000000149011612
63.039,1.0,9.780214959341619,0.10000000149011612
63.089,1.0,9.835185575381749,0.10000000149011612
63.139,1.0,9.6432322099184,0.10000000149011612
63.189,1.0,9.86261320186572,0.10000000149011612
63.243,1.0,9.835172876632877,0.10000000149011612
63.296,1.0,9.725271471651892,0.10000000149011612
63.34,1.0,9.780205937557751,0.10000000149011612
63.388,1.0,9.67012199225525,0.10000000149011612
63.444,1.0,9.890177193822133,0.10000000149011612
63.492,1.0,9.835205334569846,0.10000000149011612
63.538,1.0,9.945000000008278,0.10000000149011612
63.591,1.0,9.752920241467654,0.10000000149011612
63.638,1.0,9.807865703168014,0.10000000149011612
63.692,1.0,9.807936957209474,0.10000000149011612
63.739,1.0,9.807858939344685,0.10000000149011612
63.79,1.0,9.780098851232065,0.10000000149011612
63.84,1.0,9.835367572721507,0.10000000149011612
63.892,1.0,9.862606085340182,0.10000000149011612
63.94,1.0,9.643233544462257,0.10000000149011612
63.991,1.0,9.780344049549765,0.10000000149011612
64.039,1.0,9.752708852705029,0.10000000149011612
64.091,1.0,9.780073541920219,0.10000000149011612
64.141,1.0,9.86271361151917,0.10000000149011612
64.191,1.0,9.780164546871351,0.10000000149011612
64.24,1.0,9.725259568004144,0.10000000149011612
64.292,1.0,9.752792462975615,0.10000000149011612
64.34,1.0,9.945000000008278,0.10000000149011612
64.391,1.0,9.725333230466479,0.10000000149011612
64.44,1.0,9.780287537351251,0.10000000149011612
64.49,1.0,9.780161005465521,0.10000000149011612
64.54,1.0,9.78012817684147,0.10000000149011612
64.592,1.0,9.890298713557423,0.10000000149011612
64.64,1.0,9.835165601616932,0.10000000149011612
64.691,1.0,9.807740187914007,0.10000000149011612
64.74,1.0,9.835187700432208,0.10000000149011612
64.79,1.0,9.862580231452982,0.10000000149011612
64.844,1.0,9.807843466372125,0.10000000149011612
64.89,1.0,9.780194824582173,0.10000000149011612
64.94,1.0,9.615463175521128,0.10000000149011612
64.99,1.0,9.917581460231709,0.10000000149011612
65.046,1.0,9.835242787955536,0.10000000149011612
65.093,1.0,9.725361012998555,0.10000000149011612
65.141,1.0,9.752808677198159,0.10000000149011612
65.192,1.0,9.945000000008278,0.10000000149011612
65.241,1.0,9.697775140177045,0.10000000149011612
65.29,1.0,9.725217628334132,0.10000000149011612
65.341,1.0,9.917637228055133,0.10000000149011612
65.393,1.0,9.91761712792019,0.10000000149011612
65.44,1.0,9.83526253869964,0.10000000149011612
65.491,1.0,9.697995235833028,0.10000000149011612
65.541,1.0,9.78035892525481,0.10000000149011612
65.589,1.0,9.83533283126437,0.10000000149011612
65.642,1.0,9.945020273721052,0.10000000149011612
65.691,1.0,9.862664353578454,0.10000000149011612
65.742,1.0,9.753117256528801,0.1085309386253357
65.792,1.0,9.752634880505502,0.10000000149011612
65.84,1.0,9.807637730965183,0.10000000149011612
65.891,1.0,9.862773304411935,0.10000000149011612
65.94,1.0,9.725200051110651,0.10000000149011612
65.992,1.0,9.890165712477433,0.10000000149011612
66.042,1.0,9.752798486045664,0.10000000149011612
66.092,1.0,9.752719803713262,0.10000000149011612
66.142,1.0,9.780316107947794,0.10000000149011612
66.192,1.0,9.670424038254552,0.10000000149011612
66.241,1.0,9.807676104808019,0.10000000149011612
66.291,1.0,9.725151434333789,0.10000000149011612
66.342,1.0,9.780148494864504,0.10000000149011612
66.392,1.0,9.72523000244465,0.10000000149011612
66.44,1.0,9.862624783068895,0.10000000149011612
66.492,1.0,9.862749282332759,0.10000000149011612
66.541,1.0,9.697999002598227,0.10000000149011612
66.592,1.0,9.835232738426162,0.10000000149011612
66.645,1.0,9.725542895475195,0.10000000149011612
66.7,1.0,9.835081296703882,0.10000000149011612
66.742,1.0,9.835449454788533,0.10000000149011612
66.792,1.0,9.835343856364489,0.10000000149011612
66.841,1.0,9.807872342421776,0.10000000149011612
66.893,1.0,9.752773255068394,0.10000000149011612
66.941,1.0,9.80793961038192,0.10000000149011612
66.991,1.0,9.835286608276268,0.10000000149011612
67.041,1.0,9.780187056296402,0.10000000149011612
67.091,1.0,9.835203385001256,0.10000000149011612
67.141,1.0,9.725339078261621,0.10000000149011612
67.191,1.0,9.8075502804377,0.10000000149011612
67.244,1.0,9.697821056987676,0.10000000149011612
67.297,1.0,9.807597047628628,0.10000000149011612
67.341,1.0,9.835066029739876,0.10000000149011612
67.392,1.0,9.835348384641112,0.10000000149011612
67.439,1.0,9.862500000020695,0.10000000149011612
67.495,1.0,9.725401892719997,0.10000000149011612
67.541,1.0,9.917619475142823,0.10000000149011612
67.592,1.0,9.807719116306139,0.10000000149011612
67.648,1.0,9.862681842243505,0.10000000149011612
67.692,1.0,9.780574115241567,0.10000000149011612
67.741,1.0,9.72536701021923,0.10000000149011612
67.792,1.0,9.862547611238227,0.10000000149011612
67.844,1.0,9.807657889297438,0.10000000149011612
67.892,1.0,9.80754194425212,0.10000000149011612
67.941,1.0,9.86272571713974,0.10000000149011612
67.992,1.0,9.807981617914306,0.10000000149011612
68.041,1.0,9.835247277985845,0.10000000149011612
68.094,1.0,9.752939517485599,0.10000000149011612
68.139,1.0,9.835157529037032,0.10000000149011612
68.197,1.0,9.835085047595204,0.10000000149011612
68.246,1.0,9.917642316822377,0.10000000149011612
68.295,1.0,9.835000000024836,0.10000000149011612
68.346,1.0,9.725152682016294,0.10000000149011612
68.396,1.0,9.807607930360568,0.10000000149011612
68.446,1.0,9.83519931913664,0.10000000149011612
68.497,1.0,9.80764471416672,0.10000000149011612
68.549,1.0,9.862687197886407,0.10000000149011612
68.596,1.0,9.835258103017178,0.10000000149011612
68.649,1.0,9.862640652495125,0.10000000149011612
68.695,1.0,9.835383198555146,0.10000000149011612
68.744,1.0,9.890000000016556,0.10000000149011612
68.795,1.0,9.917674612709218,0.10000000149011612
68.846,1.0,9.86268786839727,0.10000000149011612
68.898,1.0,9.72530537152456,0.10000000149011612
68.944,1.0,9.862934171553288,0.10000000149011612
68.998,1.0,9.780131747242477,0.10000000149011612
69.048,1.0,9.752782661281525,0.10000000149011612
69.102,1.0,9.890029937856728,0.10000000149011612
69.153,1.0,9.835231377432743,0.10000000149011612
69.206,1.0,9.780244754027162,0.10000000149011612
69.264,1.0,9.862642788141965,0.10000000149011612
69.303,1.0,9.835236437411773,0.10000000149011612
69.368,1.0,9.835020676400099,0.10000000149011612
69.409,1.0,9.835128823253843,0.10000000149011612
69.456,1.0,9.698023352709908,0.10000000149011612
69.512,1.0,9.80794017178317,0.10000000149011612
69.553,1.0,9.917549307809935,0.10000000149011612
69.613,1.0,9.752801541342503,0.10000000149011612
69.662,1.0,9.83524437132809,0.10000000149011612
69.708,1.0,9.83531352157394,0.10000000149011612
69.763,1.0,9.807837367657985,0.1016564667224884
69.812,1.0,9.725266694857014,0.10000000149011612
69.866,1.0,9.780300850793719,0.10000000149011612
69.92,1.0,9.643014635228448,0.10000000149011612
69.978,1.0,9.752556095355088,0.10000000149011612
70.024,1.0,9.807707659713923,0.10000000149011612
70.075,1.0,9.780298765769436,0.10000000149011612
70.124,1.0,9.75279422863904,0.10000000149011612
70.181,1.0,9.697654312745565,0.10000000149011612
70.227,1.0,9.752848655937447,0.10000000149011612
70.275,1.0,9.69777336915334,0.10000000149011612
70.332,1.0,9.753031320538785,0.10000000149011612
70.377,1.0,9.86268822138922,0.10000000149011612
70.433,1.0,9.807580449307958,0.10000000149011612
70.479,1.0,9.835195960539084,0.10000000149011612
70.522,1.0,9.807655382466812,0.10000000149011612
70.58,1.0,9.807669648672972,0.10000000149011612
70.635,1.0,9.862757827175988,0.10000000149011612
70.693,1.0,9.752753518521786,0.10000000149011612
70.741,1.0,9.945238458572163,0.1373896300792694
70.796,1.0,9.725508755404089,0.10000000149011612
70.848,1.0,9.807579496627053,0.10000000149011612
70.896,1.0,9.835260114736027,0.10000000149011612
70.941,1.0,9.697978838471075,0.10000000149011612
70.988,1.0,9.890340486044686,0.12229618430137634
71.041,1.0,9.80780993455814,0.10000000149011612
71.09,1.0,9.835320065584447,0.10000000149011612
71.15,1.0,9.890281806617148,0.10000000149011612
71.191,1.0,9.862763321627344,0.10000000149011612
71.247,1.0,9.89003904076914,0.10000000149011612
71.295,1.0,9.780272774791552,0.10000000149011612
71.344,1.0,9.752765381418996,0.10000000149011612
71.396,1.0,9.807697587853504,0.10000000149011612
71.45,1.0,9.752750440728333,0.10000000149011612
71.5,1.0,9.807863288248578,0.10000000149011612
71.548,1.0,9.89035220698764,0.10955353826284409
71.602,1.0,9.917709099190931,0.10000000149011612
71.657,1.0,9.780382523064812,0.10000000149011612
71.706,1.0,9.780514102780984,0.10000000149011612
71.766,1.0,9.86269501718796,0.10000000149011612
71.809,1.0,9.862672571444676,0.10000000149011612
71.857,1.0,9.725422165501449,0.10000000149011612
71.909,1.0,9.917500000012417,0.10000000149011612
71.948,1.0,9.807742654677067,0.10000000149011612
71.999,1.0,9.752742981124255,0.10000000149011612
72.055,1.0,9.862619702828427,0.10000000149011612
72.113,1.0,9.725650680644645,0.10000000149011612
72.155,1.0,9.862683706958261,0.10000000149011612
72.204,1.0,9.807732290712496,0.10000000149011612
72.255,1.0,9.890249600675372,0.10000000149011612
72.305,1.0,9.80783909286062,0.10000000149011612
72.371,1.0,9.917571556609538,0.10000000149011612
72.409,1.0,9.862587864531411,0.10000000149011612
72.456,1.0,9.835195450277793,0.10000000149011612
72.506,1.0,9.725415072776377,0.10000000149011612
72.554,1.0,9.86266338682423,0.10000000149011612
72.608,1.0,9.807724164322847,0.10000000149011612
72.656,1.0,9.75277410097834,0.10000000149011612
72.708,1.0,9.917706520338026,0.10975224524736404
72.761,1.0,9.780308512805236,0.10000000149011612
72.812,1.0,9.698019047350519,0.10000000149011612
72.872,1.0,9.698128455152942,0.10000000149011612
72.914,1.0,9.83501491198937,0.10000000149011612
72.97,1.0,9.835017610817319,0.10000000149011612
73.024,1.0,9.780267400025494,0.10000000149011612
73.062,1.0,9.752831786560515,0.10000000149011612
73.133,1.0,9.7802558703555,0.10000000149011612
73.18,1.0,9.890262355945177,0.10000000149011612
73.232,1.0,9.752930573684473,0.10000000149011612
73.278,1.0,9.89030388881349,0.10000000149011612
73.328,1.0,9.835006648716,0.10000000149011612
73.377,1.0,9.917728015387224,0.10000000149011612
73.438,1.0,9.862618219542007,0.10000000149011612
73.484,1.0,9.807660923298034,0.10000000149011612
73.532,1.0,9.725291310540504,0.10000000149011612
73.586,1.0,9.78020968635877,0.10000000149011612
73.627,1.0,9.725288469137418,0.10000000149011612
73.691,1.0,9.615782757724325,0.10000000149011612
73.74,1.0,9.890000000016556,0.10000000149011612
73.786,1.0,9.83505464270711,0.10000000149011612
73.837,1.0,9.807783697048823,0.10000000149011612
73.885,1.0,9.972514617960487,0.10526246577501297
73.93,1.0,9.807773687524929,0.10000000149011612
73.98,1.0,9.835263210679923,0.10000000149011612
74.029,1.0,9.807899993099273,0.10000000149011612
74.078,1.0,9.890230762792958,0.10000000149011612
74.134,1.0,9.862547250071334,0.10000000149011612
74.187,1.0,9.83540465614448,0.10000000149011612
74.239,1.0,9.67033516464548,0.10000000149011612
74.281,1.0,9.78000908429838,0.10000000149011612
74.331,1.0,9.780346601539188,0.10000000149011612
74.392,1.0,9.917509904690087,0.10000000149011612
74.434,1.0,9.670598997361958,0.10000000149011612
74.488,1.0,9.780140794875722,0.10000000149011612
74.539,1.0,9.670384647655819,0.10000000149011612
74.587,1.0,9.835170306327443,0.10000000149011612
74.642,1.0,9.780409954364101,0.10000000149011612
74.689,1.0,9.83526338133961,0.10000000149011612
74.731,1.0,9.807716682987909,0.10000000149011612
74.792,1.0,9.780072106586562,0.10000000149011612
74.878,1.0,9.725467020418082,0.10000000149011612
74.917,1.0,9.835166126634512,0.10000000149011612
74.959,1.0,9.862735243969494,0.10000000149011612
75.014,1.0,9.862663107282586,0.10000000149011612
75.055,1.0,9.780430294987228,0.10000000149011612
75.107,1.0,9.890106588519282,0.10000000149011612
75.155,1.0,9.752762167652447,0.10000000149011612
75.212,1.0,9.862762817968097,0.10000000149011612
75.259,1.0,9.945014264910585,0.10000000149011612
75.314,1.0,9.890152571164071,0.10000000149011612
75.36,1.0,9.670501157351666,0.10000000149011612
75.409,1.0,9.890092188264761,0.10000000149011612
75.465,1.0,9.670333686139848,0.10000000149011612
75.506,1.0,9.780300237466063,0.10000000149011612
75.569,1.0,9.725226620977951,0.10000000149011612
75.61,1.0,9.890220229348374,0.10000000149011612
75.659,1.0,9.835543385210137,0.10000000149011612
75.718,1.0,9.752794703779122,0.10000000149011612
75.764,1.0,9.780222070589662,0.10000000149011612
75.819,1.0,9.890003623461558,0.10000000149011612
75.867,1.0,9.807559812193116,0.10000000149011612
75.911,1.0,9.725301748824617,0.10000000149011612
75.968,1.0,9.890207603780759,0.10000000149011612
76.009,1.0,9.780412931160795,0.10000000149011612
76.068,1.0,9.752657584887412,0.10000000149011612
76.115,1.0,9.752786753740576,0.10000000149011612
76.158,1.0,9.807950364446475,0.10000000149011612
76.214,1.0,9.780500693908996,0.10000000149011612
76.259,1.0,9.80767993927002,0.10000000149011612
76.313,1.0,9.75274765636358,0.10000000149011612
76.377,1.0,9.890072532577648,0.10000000149011612
76.42,1.0,9.862716396215061,0.10000000149011612
76.471,1.0,9.780203355103732,0.10000000149011612
76.515,1.0,9.752900290033883,0.10000000149011612
76.568,1.0,9.890129338970615,0.10000000149011612
76.614,1.0,9.780379913188517,0.10000000149011612
76.666,1.0,9.890084094264441,0.10000000149011612
76.714,1.0,9.890169415146941,0.10000000149011612
76.77,1.0,9.917500000012417,0.10000000149011612
76.816,1.0,9.670274146232341,0.10000000149011612
76.868,1.0,9.780315320897433,0.10000000149011612
76.917,1.0,9.7528062902184,0.10000000149011612
76.966,1.0,9.752590112802055,0.10000000149011612
77.024,1.0,9.83503187460204,0.10000000149011612
77.07,1.0,9.890327176513772,0.10000000149011612
77.116,1.0,9.862516315819489,0.10000000149011612
77.169,1.0,9.862534718670778,0.10000000149011612
77.225,1.0,9.835375637374819,0.10000000149011612
77.285,1.0,9.725317874944045,0.10000000149011612
77.313,1.0,9.862604552755753,0.10000000149011612
77.372,1.0,9.890044259962936,0.10000000149011612
77.421,1.0,9.780331447906793,0.10000000149011612
77.472,1.0,9.835317550806536,0.10000000149011612
77.52,1.0,9.862593564453224,0.10000000149011612
77.573,1.0,9.670337234478858,0.10000000149011612
77.626,1.0,9.835357776615355,0.10000000149011612
77.672,1.0,9.835225547539691,0.10000000149011612
77.721,1.0,9.80755759090599,0.10000000149011612
77.773,1.0,9.835362851081623,0.10614822059869766
77.84,1.0,9.752907645102177,0.10000000149011612
77.876,1.0,9.780105223320424,0.10000000149011612
77.946,1.0,9.697759877186682,0.10000000149011612
77.974,1.0,9.752761651844613,0.10000000149011612
78.031,1.0,9.670492693554197,0.10000000149011612
78.079,1.0,9.890225385543372,0.10000000149011612
78.124,1.0,9.835209770666228,0.10000000149011612
78.179,1.0,9.807601183735661,0.10000000149011612
78.227,1.0,9.780035551575322,0.10000000149011612
78.274,1.0,9.615855223416455,0.10000000149011612
78.324,1.0,9.78010772385945,0.10000000149011612
78.374,1.0,9.807778940887914,0.10000000149011612
78.426,1.0,9.807695327078303,0.10000000149011612
78.472,1.0,9.780313377351396,0.10000000149011612
78.529,1.0,9.835233442030018,0.10000000149011612
78.575,1.0,9.752949160606496,0.10000000149011612
78.631,1.0,9.835295371028284,0.10000000149011612
78.673,1.0,9.862564635359579,0.10000000149011612
78.736,1.0,9.835276307310496,0.10000000149011612
78.773,1.0,9.752756601116724,0.10000000149011612
78.822,1.0,9.752691429998311,0.10000000149011612
78.874,1.0,9.862692264777918,0.10000000149011612
78.926,1.0,9.862727091523508,0.10000000149011612
78.994,1.0,9.643000129361948,0.10000000149011612
79.027,1.0,9.807629000292057,0.10000000149011612
79.071,1.0,9.807800479957628,0.10000000149011612
79.127,1.0,9.835202320540946,0.10000000149011612
79.182,1.0,9.725573957732154,0.10000000149011612
79.23,1.0,9.835306323630114,0.10000000149011612
79.272,1.0,9.725583221494324,0.10000000149011612
79.325,1.0,9.807752487394545,0.10000000149011612
79.383,1.0,9.917576147988438,0.10000000149011612
79.433,1.0,9.835408328908185,0.10000000149011612
79.495,1.0,9.697869981763263,0.10000000149011612
79.531,1.0,9.890129493797819,0.10000000149011612
79.582,1.0,9.862661429887844,0.10000000149011612
79.642,1.0,9.807734427828755,0.10000000149011612
79.683,1.0,9.917613176132242,0.10000000149011612
79.73,1.0,9.835303212226265,0.10000000149011612
79.799,1.0,9.862536312163703,0.10000000149011612
79.847,1.0,9.780241261981427,0.10000000149011612
79.884,1.0,9.945129092286031,0.10880589485168457
79.939,1.0,9.807701070958542,0.10000000149011612
79.989,1.0,9.78025047801849,0.10000000149011612
80.073,1.0,9.753016106266942,0.10000000149011612
80.139,1.0,9.83518372602347,0.10000000149011612
80.167,1.0,9.698038676463895,0.10000000149011612
80.21,1.0,9.8350777088561,0.10000000149011612
80.253,1.0,9.862531248252425,0.10000000149011612
80.315,1.0,9.752917994807165,0.10000000149011612
80.339,1.0,9.890248687068622,0.10000000149011612
80.399,1.0,9.807661423335473,0.10000000149011612
80.483,1.0,9.752737989338735,0.10000000149011612
80.511,1.0,9.72551926707642,0.10000000149011612
80.578,1.0,9.807698757201432,0.10000000149011612
80.631,1.0,9.780466625735992,0.10000000149011612
80.683,1.0,9.835125431687468,0.10000000149011612
80.734,1.0,9.75285243410617,0.10000000149011612
80.814,1.0,9.697556559327577,0.10000000149011612
80.858,1.0,9.807615739583142,0.10000000149011612
80.96,1.0,9.83512853708946,0.10000000149011612
80.961,1.0,9.807806515859234,0.10000000149011612
81.041,1.0,9.83512567616999,0.10000000149011612
81.123,1.0,9.807774824897448,0.10000000149011612
81.131,1.0,9.752755683101714,0.10000000149011612
81.166,1.0,9.83529129932738,0.10000000149011612
81.219,1.0,9.862616081390943,0.10000000149011612
81.28,1.0,9.835091957242952,0.10000000149011612
81.346,1.0,9.670244298275147,0.10000000149011612
81.397,1.0,9.670466338698235,0.10000000149011612
81.459,1.0,9.670199064165354,0.10000000149011612
81.514,1.0,9.780419122676054,0.10000000149011612
81.548,1.0,9.807872871412998,0.10000000149011612
81.602,1.0,9.807684125440817,0.10000000149011612
81.644,1.0,9.725390164057414,0.10000000149011612
81.709,1.0,9.835411213959256,0.10000000149011612
81.754,1.0,9.697835291135643,0.10000000149011612
81.821,1.0,9.780178228517373,0.10000000149011612
81.9,1.0,9.835120066400204,0.10000000149011612
81.947,1.0,9.835619780483345,0.12142902612686157
81.993,1.0,9.890261971805659,0.10000000149011612
82.046,1.0,9.835082982584007,0.10000000149011612
82.095,1.0,9.835249352186091,0.10000000149011612
82.146,1.0,9.807682461808954,0.10000000149011612
82.196,1.0,9.75274032931775,0.10000000149011612
82.234,1.0,9.917551903219687,0.10000000149011612
82.289,1.0,9.752965589385067,0.10000000149011612
82.337,1.0,9.890157319563958,0.10000000149011612
82.384,1.0,9.835300301408601,0.10000000149011612
82.51,1.0,9.807667722035614,0.10000000149011612
82.512,1.0,9.725351649295124,0.10000000149011612
82.547,1.0,9.807940897987121,0.10000000149011612
82.591,1.0,9.752876762010985,0.10000000149011612
82.651,1.0,9.697579718381167,0.10000000149011612
82.69,1.0,9.862680359184742,0.10000000149011612
82.77,1.0,9.862594480646981,0.10000000149011612
82.814,1.0,9.807643578346404,0.10000000149011612
82.839,1.0,9.725240877974365,0.10000000149011612
82.898,1.0,9.835275212840902,0.10000000149011612
82.963,1.0,9.58828033130202,0.10000000149011612
83.046,1.0,9.917524147426917,0.10000000149011612
83.069,1.0,9.835228854417801,0.10000000149011612
83.106,1.0,9.917500000012417,0.10000000149011612
83.131,1.0,9.78028416381114,0.10000000149011612
83.247,1.0,9.835193566460577,0.10000000149011612
83.249,1.0,9.807908243851529,0.10000000149011612
83.31,1.0,9.86251780539751,0.10000000149011612
83.366,1.0,9.780231116236084,0.10000000149011612
83.416,1.0,9.752918940637674,0.10000000149011612
83.48,1.0,9.890144675390587,0.10000000149011612
83.519,1.0,9.725424663060242,0.10000000149011612
83.57,1.0,9.862672342484196,0.10000000149011612
83.633,1.0,9.807865947878195,0.10000000149011612
83.697,1.0,9.533115781057212,0.10000000149011612
83.783,1.0,9.752885027188395,0.10000000149011612
83.793,1.0,9.78043248489913,0.10000000149011612
83.836,1.0,9.69779246956524,0.10000000149011612
83.911,1.0,9.945088133112424,0.10000000149011612
83.963,1.0,9.780254886713292,0.10000000149011612
84.022,1.0,9.890228029361202,0.10758782178163528
84.146,1.0,9.7253923278095,0.10000000149011612
84.152,1.0,9.862611696537998,0.10000000149011612
84.186,1.0,9.917643460238146,0.10000000149011612
84.234,1.0,9.890021791785127,0.10000000149011612
84.291,1.0,9.670453529763552,0.10000000149011612
84.343,1.0,9.780141420496834,0.10000000149011612
84.385,1.0,9.75308956992295,0.10000000149011612
84.469,1.0,9.86261826519751,0.10000000149011612
84.469,1.0,9.890155617106291,0.10000000149011612
84.524,1.0,9.862688444202973,0.10000000149011612
84.577,1.0,9.945027323729462,0.10000000149011612
84.638,1.0,9.615531768836082,0.10000000149011612
84.724,1.0,9.780214650556445,0.10000000149011612
84.768,1.0,9.862700873841014,0.10000000149011612
84.8,1.0,9.862714567345877,0.10000000149011612
84.862,1.0,9.643030524998903,0.10000000149011612
84.898,1.0,9.835187271816864,0.10000000149011612
84.936,1.0,9.890260032895538,0.10000000149011612
85.086,1.0,9.807783136620289,0.10000000149011612
85.103,1.0,9.945202977044715,0.12960758805274963
85.13,1.0,9.670463076337343,0.10000000149011612
85.181,1.0,9.725549216051068,0.10000000149011612
85.239,1.0,9.67064267018189,0.10000000149011612
85.281,1.0,9.780365685145888,0.10000000149011612
85.397,1.0,9.615224645555847,0.10000000149011612
85.397,1.0,9.780383346312576,0.10000000149011612
85.398,1.0,9.725327467256122,0.10000000149011612
85.518,1.0,9.862676212750376,0.10000000149011612
85.527,1.0,9.780520352659126,0.10000000149011612
85.629,1.0,9.807951572475334,0.10000000149011612
85.656,1.0,9.890192453252773,0.10271604359149933
85.716,1.0,9.890208073374298,0.10000000149011612
85.744,1.0,9.807801357946461,0.10000000149011612
85.797,1.0,9.890207192508711,0.10000000149011612
85.839,1.0,9.86281164067073,0.10000000149011612
85.887,1.0,9.835244330411983,0.10000000149011612
85.941,1.0,9.835127322913872,0.10000000149011612
86.022,1.0,9.752752241616447,0.10000000149011612
86.051,1.0,9.780418751099043,0.10000000149011612
86.123,1.0,9.807703650618594,0.10000000149011612
86.164,1.0,9.807666520919238,0.10000000149011612
86.262,1.0,9.670219301453066,0.10000000149011612
86.262,1.0,9.807655391800735,0.10000000149011612
86.323,1.0,9.80782804240783,0.10000000149011612
86.38,1.0,9.615616692354282,0.10000000149011612
86.449,1.0,9.697833744415806,0.10000000149011612
86.504,1.0,9.807588953731788,0.10000000149011612
86.531,1.0,9.890249433306357,0.10000000149011612
86.603,1.0,9.807640561709801,0.10000000149011612
86.635,1.0,9.780342324326435,0.10000000149011612
86.693,1.0,9.725521054077479,0.10000000149011612
86.746,1.0,9.752829647726482,0.10000000149011612
86.812,1.0,9.862780458397335,0.10000000149011612
86.901,1.0,9.697859034335448,0.10000000149011612
86.912,1.0,9.890127906493015,0.10000000149011612
86.948,1.0,9.835168151329789,0.10000000149011612
87.076,1.0,9.862707327947849,0.10000000149011612
87.083,1.0,9.807647431600426,0.10000000149011612
87.127,1.0,9.64296837347663,0.10000000149011612
87.199,1.0,9.780337197768192,0.10000000149011612
87.223,1.0,9.725249708712928,0.10000000149011612
87.376,1.0,9.780091766578456,0.10000000149011612
87.447,1.0,9.862665954439176,0.10000000149011612
87.493,1.0,9.75283729593373,0.10000000149011612
87.614,1.0,9.80763350882464,0.10000000149011612
87.618,1.0,9.86279816079057,0.10376544296741486
87.641,1.0,9.780123880505561,0.10000000149011612
87.689,1.0,9.780165261899432,0.10000000149011612
87.749,1.0,9.91768043378575,0.11565370857715607
87.784,1.0,9.83502025562856,0.10000000149011612
87.87,1.0,9.890233524309265,0.1066671758890152
87.973,1.0,9.752773926407098,0.10000000149011612
87.973,1.0,9.86258251476619,0.10000000149011612
87.973,1.0,9.697785808228785,0.10000000149011612
88.099,1.0,9.752649121586646,0.10000000149011612
88.192,1.0,9.862691080963446,0.10000000149011612
88.209,1.0,9.698039866756234,0.10000000149011612
88.248,1.0,9.890030006629726,0.10000000149011612
88.296,1.0,9.780131314136089,0.10000000149011612
88.423,1.0,9.780360643131038,0.10000000149011612
88.423,1.0,9.807800070341262,0.10000000149011612
88.439,1.0,9.862603433988989,0.10000000149011612
88.497,1.0,9.835100918594334,0.10000000149011612
88.565,1.0,9.835205564544433,0.10000000149011612
88.603,1.0,9.725445574998028,0.10000000149011612
88.652,1.0,9.643203057845433,0.10000000149011612
88.701,1.0,9.917544341377086,0.10000570118427277
88.801,1.0,9.890120481596226,0.10000000149011612
88.802,1.0,9.752895545359287,0.10000000149011612
88.863,1.0,9.752640044585698,0.10000000149011612
88.919,1.0,9.862640472791261,0.10000000149011612
88.964,1.0,9.725528803447055,0.10000000149011612
89.005,1.0,9.670214738324285,0.10000000149011612
89.1,1.0,9.835000000024836,0.10000000149011612
89.139,1.0,9.725432346885404,0.10000000149011612
89.18,1.0,9.807843206615912,0.10000000149011612
89.231,1.0,9.780472542966406,0.10000000149011612
89.298,1.0,9.752844608885546,0.10000000149011612
89.333,1.0,9.807858793623746,0.10000000149011612
89.393,1.0,9.83516959194094,0.10000000149011612
89.522,1.0,9.862681423996886,0.10000000149011612
89.522,1.0,9.780372387605409,0.10000000149011612
89.536,1.0,9.862869448297554,0.10000000149011612
89.606,1.0,9.752756153191957,0.10000000149011612
89.645,1.0,9.86290370631549,0.10000000149011612
89.716,1.0,9.780151834131942,0.10000000149011612
89.765,1.0,9.807722761585481,0.10000000149011612
89.875,1.0,9.807642580796447,0.10000000149011612
89.933,1.0,9.835227543074224,0.10000000149011612
89.934,1.0,9.917572871678406,0.10000000149011612
89.952,1.0,9.725314025953413,0.10000000149011612
90.009,1.0,9.862832021133768,0.10000000149011612
90.065,1.0,9.835173430169622,0.10000000149011612
90.12,1.0,9.78030744579931,0.10000000149011612
90.175,1.0,9.835209081653092,0.10000000149011612
90.273,1.0,9.725528433339463,0.10000000149011612
90.3,1.0,9.725526920333504,0.10000000149011612
90.317,1.0,9.890078374205364,0.10000000149011612
90.362,1.0,9.780376097622018,0.10000000149011612
90.445,1.0,9.835164909996092,0.10000000149011612
90.495,1.0,9.890193885895942,0.10000000149011612
90.541,1.0,9.780034339759085,0.10000000149011612
90.599,1.0,9.780189386237826,0.10000000149011612
90.707,1.0,9.86268997059928,0.10000000149011612
90.712,1.0,9.698053516385455,0.10000000149011612
90.81,1.0,9.945105886852575,0.10000000149011612
90.841,1.0,9.83526131187876,0.10000000149011612
90.869,1.0,9.86252647874256,0.10000000149011612
90.924,1.0,9.780330176134076,0.10000000149011612
90.964,1.0,9.7801435470788,0.10000000149011612
91.064,1.0,9.725305549034642,0.10000000149011612
91.085,1.0,9.917500000012417,0.10000000149011612
91.137,1.0,9.862863799846835,0.10000000149011612
91.196,1.0,9.807661925359733,0.10000000149011612
91.251,1.0,9.697843763004574,0.10000000149011612
91.308,1.0,9.78010585250126,0.10000000149011612
91.365,1.0,9.807759468940397,0.10000000149011612
91.525,1.0,9.835338235605095,0.10000000149011612
91.537,1.0,9.862813636950321,0.10000000149011612
91.567,1.0,9.807650155594779,0.10000000149011612
91.581,1.0,9.780402493663132,0.10000000149011612
91.606,1.0,9.752864981877307,0.10000000149011612
91.689,1.0,9.75294878050271,0.10000000149011612
91.72,1.0,9.890000000016556,0.10000000149011612
91.797,1.0,9.890343760781818,0.11697308719158173
91.814,1.0,9.917731638087167,0.10672274231910706
91.865,1.0,9.862566148903635,0.10000000149011612
91.923,1.0,9.835136030945513,0.10000000149011612
91.965,1.0,9.725287733599544,0.10000000149011612
92.043,1.0,9.835238457822966,0.10000000149011612
92.076,1.0,9.862697191432947,0.10000000149011612
92.14,1.0,9.890223450958729,0.10000000149011612
92.162,1.0,9.670562842095064,0.10000000149011612
92.258,1.0,9.752979089981979,0.10000000149011612
92.312,1.0,9.835327115696337,0.10000000149011612
92.356,1.0,9.752807084781429,0.10000000149011612
92.413,1.0,9.752900377950734,0.10000000149011612
92.493,1.0,9.890064718822638,0.10000000149011612
92.529,1.0,9.807744419926571,0.10000000149011612
92.574,1.0,9.807740200579994,0.10000000149011612
92.628,1.0,9.807778931740257,0.10000000149011612
92.675,1.0,9.807821427306367,0.10000000149011612
92.765,1.0,9.780385118598739,0.10000000149011612
92.803,1.0,9.725443494195739,0.10000000149011612
92.826,1.0,9.862741370126605,0.10000000149011612
92.973,1.0,9.86270281676617,0.10000000149011612
92.973,1.0,9.862833008563353,0.10000000149011612
93.058,1.0,9.917577818056776,0.10000000149011612
93.085,1.0,9.807687070986463,0.10000000149011612
93.119,1.0,9.862783919026453,0.10000000149011612
93.17,1.0,9.945035273043645,0.10000000149011612
93.237,1.0,9.835337502343787,0.10000000149011612
93.259,1.0,9.890197519502706,0.10000000149011612
93.294,1.0,9.835093653781547,0.10000000149011612
93.371,1.0,9.780298139382568,0.10000000149011612
93.435,1.0,9.725424873414967,0.10000000149011612
93.498,1.0,9.835309419160088,0.10000000149011612
93.548,1.0,9.807588199463984,0.10000000149011612
93.563,1.0,9.83522605277184,0.10000000149011612
93.648,1.0,9.807702891880439,0.10000000149011612
93.671,1.0,9.807700039260089,0.10000000149011612
93.735,1.0,9.862605504401856,0.10000000149011612
93.783,1.0,9.972500000004139,0.10000000149011612
93.867,1.0,9.835045977330042,0.10000000149011612
93.869,1.0,9.83533354991426,0.10000000149011612
93.951,1.0,9.807652601516908,0.10000000149011612
93.971,1.0,9.835149475000799,0.10000000149011612
94.03,1.0,9.69799413509253,0.10000000149011612
94.085,1.0,9.862742022176583,0.10000000149011612
94.192,1.0,9.78026797218869,0.10000000149011612
94.228,1.0,9.945063582766387,0.10000000149011612
94.228,1.0,9.725391389574442,0.10000000149011612
94.289,1.0,9.835206447976331,0.10000000149011612
94.381,1.0,9.753106781571276,0.10000000149011612
94.425,1.0,9.78039681441668,0.10000000149011612
94.447,1.0,9.89003296573129,0.10000000149011612
94.522,1.0,9.807958842938145,0.10000000149011612
94.556,1.0,9.890018250544866,0.10000000149011612
94.627,1.0,9.642928591453368,0.10000000149011612
94.649,1.0,9.725522756969763,0.10000000149011612
94.718,1.0,9.835357115997208,0.10000000149011612
94.789,1.0,9.807742668357161,0.10000000149011612
94.856,1.0,9.835322963880996,0.10000000149011612
94.863,1.0,9.642824703372186,0.10000000149011612
94.932,1.0,9.807620308320555,0.10000000149011612
94.997,1.0,9.752921336578826,0.10000000149011612
95.079,1.0,9.807768060122099,0.10000000149011612
95.086,1.0,9.80770577378571,0.10000000149011612
95.133,1.0,9.80764974233591,0.10000000149011612
95.178,1.0,9.780242605300414,0.10000000149011612
95.302,1.0,9.862635037427147,0.10000000149011612
95.349,1.0,9.86258980743587,0.10000000149011612
95.349,1.0,9.670582258680628,0.10000000149011612
95.388,1.0,9.72531329701758,0.10000000149011612
95.434,1.0,9.890028583237694,0.10000000149011612
95.511,1.0,9.917551333436535,0.10000000149011612
95.625,1.0,9.890123987549709,0.10000000149011612
95.651,1.0,9.917668427837391,0.10000000149011612
95.651,1.0,9.89016954611159,0.10000000149011612
95.749,1.0,9.752763212720554,0.10000000149011612
95.772,1.0,9.835318079984022,0.10000000149011612
95.904,1.0,9.890024416852329,0.10000000149011612
95.904,1.0,9.807701236195863,0.10000000149011612
95.904,1.0,9.752896315087046,0.10000000149011612
95.999,1.0,9.725325910726355,0.10000000149011612
96.015,1.0,9.725275238582658,0.10000000149011612
96.062,1.0,9.890156874412463,0.10000000149011612
96.133,1.0,9.752835952842402,0.10000000149011612
96.191,1.0,9.697682444316646,0.10000000149011612
96.236,1.0,9.697725859594842,0.10000000149011612
96.299,1.0,9.725351581349969,0.10000000149011612
96.306,1.0,9.835055019685791,0.10000000149011612
96.395,1.0,9.86263223880281,0.10000000149011612
96.477,1.0,9.780276221699184,0.10000000149011612
96.485,1.0,9.67045270630883,0.10000000149011612
96.566,1.0,9.89003415937639,0.10000000149011612
96.592,1.0,9.780038845580485,0.10000000149011612
96.656,1.0,9.780194613192645,0.10000000149011612
96.725,1.0,9.835188751998874,0.10000000149011612
96.805,1.0,9.780327218750285,0.10000000149011612
96.822,1.0,9.862580838716692,0.10000000149011612
96.894,1.0,9.698142621066008,0.10000000149011612
96.928,1.0,9.752911777463224,0.10000000149011612
96.995,1.0,9.835255249962211,0.10000000149011612
97.001,1.0,9.807743653841317,0.10000000149011612
97.086,1.0,9.643156571168866,0.10000000149011612
97.138,1.0,9.890179963368508,0.10000000149011612
97.25,1.0,9.807741587981582,0.10000000149011612
97.272,1.0,9.807674018728237,0.10000000149011612
97.302,1.0,9.807644861688216,0.10000000149011612
97.337,1.0,9.862500000020695,0.10000000149011612
97.387,1.0,9.807835676314102,0.10000000149011612
97.45,1.0,9.752749476395547,0.10000000149011612
97.488,1.0,9.807987204752862,0.10000000149011612
97.536,1.0,9.835231392747826,0.10000000149011612
97.624,1.0,9.807723911230763,0.10000000149011612
97.655,1.0,9.752967858562867,0.10000000149011612
97.718,1.0,9.862602290386954,0.10000000149011612
97.783,1.0,9.890413991672297,0.12302622944116592
97.83,1.0,9.835130544813971,0.10000000149011612
97.855,1.0,9.83535481836233,0.10000000149011612
97.915,1.0,9.752764021750126,0.10000000149011612
97.947,1.0,9.862554327978028,0.10000000149011612
98.011,1.0,9.835329520019393,0.10000000149011612
98.078,1.0,9.780144236650731,0.10000000149011612
98.123,1.0,9.945050264708698,0.10000000149011612
98.194,1.0,9.835341109459598,0.10000000149011612
98.225,1.0,9.780358730028901,0.10000000149011612
98.285,1.0,9.752921967104905,0.10000000149011612
98.34,1.0,9.862732549011707,0.10325117409229279
98.379,1.0,9.725138277643257,0.10000000149011612
98.435,1.0,9.89013805374917,0.10000000149011612
98.488,1.0,9.835189934199056,0.10000000149011612
98.53,1.0,9.945006460406715,0.10000000149011612
98.608,1.0,9.835251338221132,0.10000000149011612
98.639,1.0,9.75319381741186,0.10000000149011612
98.702,1.0,9.83515746872872,0.10000000149011612
98.731,1.0,9.780325058764882,0.10000000149011612
98.815,1.0,9.752800678296222,0.10000000149011612
98.836,1.0,9.862808195460174,0.10000000149011612
98.889,1.0,9.807885516124466,0.10000000149011612
98.952,1.0,9.890005332521266,0.10000000149011612
98.998,1.0,9.83509353266822,0.10000000149011612
99.059,1.0,9.807740426270499,0.10000000149011612
99.121,1.0,9.780126487567193,0.10000000149011612
99.16,1.0,9.835094473241933,0.10000000149011612
99.208,1.0,9.91760330920418,0.10000000149011612
99.273,1.0,9.862586601637304,0.10000000149011612
99.319,1.0,9.752792823190491,0.10000000149011612
99.374,1.0,9.862611522835989,0.10000000149011612
99.435,1.0,9.752834650998315,0.10000000149011612
99.46,1.0,9.945038528450661,0.10000000149011612
99.606,1.0,9.752706640917394,0.10000000149011612
99.606,1.0,9.835268089154528,0.10000000149011612
99.664,1.0,9.808033021911978,0.10000000149011612
99.694,1.0,9.862521800502307,0.10000000149011612
99.776,1.0,9.945131364609633,0.10000000149011612
99.797,1.0,9.75312916851706,0.10000000149011612
99.863,1.0,9.725275617154937,0.10000000149011612
99.892,1.0,9.835000000024836,0.10000000149011612
99.991,1.0,9.780311083565984,0.10000000149011612
100.048,1.0,9.890207378814617,0.10000000149011612
100.069,1.0,9.725415828513603,0.10000000149011612
100.338,1.0,9.697924918867647,0.10000000149011612
100.338,1.0,9.890000000016556,0.10000000149011612
100.374,1.0,9.67033021034052,0.10000000149011612
100.398,1.0,9.8626398563385,0.10000000149011612
100.4,1.0,9.917557946344216,0.10000000149011612
100.534,1.0,9.917585439690285,0.10000000149011612
100.622,1.0,9.862634599084656,0.10000000149011612
100.651,1.0,9.945000000008278,0.10000000149011612
100.708,1.0,9.780162928398285,0.10000000149011612
100.786,1.0,9.890135032828484,0.10000000149011612
100.806,1.0,9.725357893026537,0.10000000149011612
100.857,1.0,9.835362273289098,0.10000000149011612
100.89,1.0,9.835465720916789,0.10000000149011612
100.956,1.0,9.725309237030645,0.10000000149011612
100.975,1.0,9.752676511017812,0.10000000149011612
101.066,1.0,9.78017136529088,0.10000000149011612
101.102,1.0,9.807808494774832,0.10000000149011612
101.162,1.0,9.862913771222034,0.10000000149011612
101.199,1.0,9.72553030943705,0.10000000149011612
101.255,1.0,9.917500000012417,0.10000000149011612
101.299,1.0,9.807706732944482,0.10000000149011612
101.349,1.0,9.752875082256894,0.10000000149011612
101.412,1.0,9.725336897911298,0.10000000149011612
101.482,1.0,9.780431690625846,0.10000000149011612
101.519,1.0,9.780135730798873,0.10000000149011612
101.578,1.0,9.862624965297679,0.10000000149011612
101.617,1.0,9.725357167443468,0.10000000149011612
101.675,1.0,9.917600681715541,0.10000000149011612
101.717,1.0,9.725212201683057,0.10000000149011612
101.766,1.0,9.83510118037876,0.10000000149011612
101.822,1.0,9.917533953839706,0.10000000149011612
101.872,1.0,9.807759931062659,0.10000000149011612
101.929,1.0,9.780211874759859,0.10000000149011612
101.979,1.0,9.697967154532671,0.10000000149011612
102.023,1.0,9.615613790684277,0.10000000149011612
102.08,1.0,9.725435388978157,0.10000000149011612
102.131,1.0,9.89012902530117,0.10000000149011612
102.193,1.0,9.807890419827567,0.10000000149011612
102.256,1.0,9.862502063665954,0.10000000149011612
102.291,1.0,9.642953278786607,0.10000000149011612
102.367,1.0,9.862844714853498,0.10000000149011612
102.397,1.0,9.780149152150585,0.10000000149011612
102.44,1.0,9.91759955106924,0.10000000149011612
102.511,1.0,9.72540023850484,0.10000000149011612
102.563,1.0,9.83513790509767,0.10000000149011612
102.565,1.0,9.780261408227185,0.10000000149011612
102.639,1.0,9.725252651112775,0.10000000149011612
102.69,1.0,9.89011068985694,0.10000000149011612
102.74,1.0,9.807769305321077,0.10000000149011612
102.813,1.0,9.752658221622308,0.10000000149011612
102.849,1.0,9.780092505179345,0.10000000149011612
102.897,1.0,9.725378013691968,0.10000000149011612
102.948,1.0,9.890114818658265,0.10000000149011612
102.997,1.0,9.807752825899257,0.10000000149011612
103.051,1.0,9.75292190062917,0.10000000149011612
103.097,1.0,9.64298185010751,0.10000000149011612
103.152,1.0,9.752639681452678,0.10000000149011612
103.203,1.0,9.725238014447193,0.10000000149011612
103.255,1.0,9.75286100839989,0.10000000149011612
103.309,1.0,9.807805342744622,0.10000000149011612
103.35,1.0,9.83512907266203,0.10000000149011612
103.415,1.0,9.8076071633026,0.10000000149011612
103.47,1.0,9.86250501666218,0.10000000149011612
103.511,1.0,9.807658449291354,0.10000000149011612
103.571,1.0,9.752612206298444,0.10000000149011612
103.613,1.0,9.725429639861815,0.10000000149011612
103.669,1.0,9.890251591325635,0.10000000149011612
103.716,1.0,9.807682939080728,0.10000000149011612
103.764,1.0,9.835172532705798,0.10000000149011612
103.834,1.0,9.780069622418118,0.10000000149011612
103.875,1.0,9.752685031067166,0.10000000149011612
103.94,1.0,9.752719000913203,0.10000000149011612
104.007,1.0,9.862790705222222,0.10000000149011612
104.033,1.0,9.67028986952371,0.10000000149011612
104.085,1.0,9.835109438084894,0.10000000149011612
104.133,1.0,9.863020253450506,0.10000000149011612
104.173,1.0,9.835235247802403,0.10000000149011612
104.225,1.0,9.945163481434186,0.1122668981552124
104.271,1.0,9.83504524398595,0.10000000149011612
104.336,1.0,9.780272487820023,0.10000000149011612
104.385,1.0,9.83507693854885,0.10000000149011612
104.434,1.0,9.807721669040621,0.10000000149011612
104.482,1.0,9.862618124422928,0.10000000149011612
104.537,1.0,9.917735692010158,0.10000000149011612
104.587,1.0,9.862678282149137,0.10000000149011612
104.63,1.0,9.725344948967297,0.10000000149011612
104.706,1.0,9.78015485006488,0.10000000149011612
104.798,1.0,9.780355087771184,0.10000000149011612
104.798,1.0,9.807751350684299,0.10000000149011612
104.868,1.0,9.80768541302532,0.10000000149011612
104.909,1.0,9.862552377581597,0.10000000149011612
104.953,1.0,9.780381753171485,0.10000000149011612
105.011,1.0,9.835000000024836,0.10000000149011612
105.047,1.0,9.752838929928838,0.10000000149011612
105.11,1.0,9.835298880686363,0.10000000149011612
105.147,1.0,9.835103647990358,0.10000000149011612
105.197,1.0,9.752864060012831,0.10000000149011612
105.26,1.0,9.917500000012417,0.10000000149011612
105.315,1.0,9.835348069315984,0.10000000149011612
105.379,1.0,9.780212122491664,0.10000000149011612
105.417,1.0,9.835452345199883,0.1104377955198288
105.459,1.0,9.697861136206322,0.10000000149011612
105.501,1.0,9.752774213150971,0.10000000149011612
105.564,1.0,9.80767685096297,0.10000000149011612
105.603,1.0,9.64296563497434,0.10000000149011612
105.657,1.0,9.917673080931936,0.10000000149011612
105.74,1.0,9.80763652825521,0.10000000149011612
105.793,1.0,9.698090650803513,0.10000000149011612
105.793,1.0,9.835042714575927,0.10000000149011612
105.871,1.0,9.917608312413924,0.10000000149011612
105.912,1.0,9.697795817876855,0.10000000149011612
105.993,1.0,9.807653236058023,0.10000000149011612
106.023,1.0,9.89008471686393,0.10000000149011612
106.08,1.0,9.80777451975478,0.10000000149011612
106.154,1.0,9.835135146582292,0.10000000149011612
106.193,1.0,9.780289956058065,0.10000000149011612
106.241,1.0,9.945135624975794,0.10000000149011612
106.279,1.0,9.643158922385838,0.10000000149011612
106.326,1.0,9.75257670517183,0.10000000149011612
106.382,1.0,9.670436332354114,0.10000000149011612
106.438,1.0,9.780158287824856,0.10000000149011612
106.483,1.0,9.807666566719611,0.10000000149011612
106.54,1.0,9.780243210949832,0.10000000149011612
106.581,1.0,9.697853648890224,0.10000000149011612
106.628,1.0,9.725214487314224,0.10000000149011612
106.698,1.0,9.862675239476893,0.10000000149011612
106.739,1.0,9.697907664916581,0.10000000149011612
106.781,1.0,9.83535000346601,0.10000000149011612
106.84,1.0,9.753174876214729,0.10000000149011612
106.909,1.0,9.835160575289693,0.10000000149011612
106.979,1.0,9.862587026009956,0.10000000149011612
107.001,1.0,9.7252410011366,0.10000000149011612
107.046,1.0,9.862500000020695,0.10000000149011612
107.086,1.0,9.807649404596951,0.10000000149011612
107.165,1.0,9.725149867269728,0.10000000149011612
107.207,1.0,9.835242729882399,0.10000000149011612
107.244,1.0,9.7529180444777,0.10000000149011612
107.301,1.0,9.917500000012417,0.10000000149011612
107.353,1.0,9.72543552822123,0.10000000149011612
107.388,1.0,9.698012765621145,0.10000000149011612
107.454,1.0,9.89004440597362,0.10000000149011612
107.5,1.0,9.835331021911568,0.10000000149011612
107.548,1.0,9.945110686226851,0.10000000149011612
107.596,1.0,9.862701348981096,0.10000000149011612
107.668,1.0,9.835210384759637,0.10000000149011612
107.706,1.0,9.862689208694631,0.10000000149011612
107.74,1.0,9.890094955596659,0.10000000149011612
107.81,1.0,9.780216023098264,0.10000000149011612
107.849,1.0,9.697791733282308,0.10000000149011612
107.924,1.0,9.972500000004139,0.10000000149011612
107.956,1.0,9.752805854235259,0.10000000149011612
108.006,1.0,9.807768708550268,0.10000000149011612
108.11,1.0,9.780234092536071,0.10000000149011612
108.12,1.0,9.890113089854518,0.10000000149011612
108.159,1.0,9.89016949577878,0.10000000149011612
108.218,1.0,9.86269661107411,0.10000000149011612
108.282,1.0,9.698262740526761,0.10000000149011612
108.313,1.0,9.807703004549776,0.10000000149011612
108.38,1.0,9.752882192615006,0.10000000149011612
108.424,1.0,9.807579193678167,0.10000000149011612
108.458,1.0,9.725252895512515,0.10000000149011612
108.527,1.0,9.807841180430518,0.10000000149011612
108.558,1.0,9.862788488488231,0.10000000149011612
108.611,1.0,9.807879599514935,0.10000000149011612
108.682,1.0,9.835128983379239,0.10000000149011612
108.76,1.0,9.862710094162159,0.10000000149011612
108.785,1.0,9.862560662792788,0.10000000149011612
108.853,1.0,9.862741384510365,0.10000000149011612
108.883,1.0,9.752846655560036,0.10000000149011612
108.946,1.0,9.835069522509972,0.10000000149011612
108.997,1.0,9.698128107293613,0.10000000149011612
109.048,1.0,9.697916275759537,0.10000000149011612
109.101,1.0,9.89009134442442,0.10000000149011612
109.142,1.0,9.835222950888177,0.10000000149011612
109.21,1.0,9.725275769208869,0.10000000149011612
109.258,1.0,9.835184849674503,0.10000000149011612
109.3,1.0,9.8626184358365,0.10000000149011612
109.353,1.0,9.890092696601318,0.10000000149011612
109.403,1.0,9.780134420283138,0.10000000149011612
109.448,1.0,9.58804276196493,0.10000000149011612
109.496,1.0,9.752859042874642,0.10000000149011612
109.555,1.0,9.835243624407385,0.10000000149011612
109.6,1.0,9.862702935789194,0.10000000149011612
109.645,1.0,9.835455333689849,0.10000000149011612
109.703,1.0,9.753164973627362,0.10000000149011612
109.742,1.0,9.890034834233424,0.10000000149011612
109.889,1.0,9.75277982801199,0.10000000149011612
109.889,1.0,9.890157153229747,0.10000000149011612
109.901,1.0,9.807723646776545,0.10000000149011612
109.948,1.0,9.752659555027883,0.10000000149011612
110.02,1.0,9.862779772116077,0.10000000149011612
110.06,1.0,9.835281446720991,0.10000000149011612
110.124,1.0,9.807667420825197,0.10000000149011612
110.178,1.0,9.670605130928259,0.10000000149011612
110.206,1.0,9.807793662076195,0.10000000149011612
110.259,1.0,9.917712587469982,0.10000000149011612
110.357,1.0,9.835324319659009,0.10000000149011612
110.385,1.0,9.890099246075584,0.10000000149011612
110.415,1.0,9.862634845988618,0.10000000149011612
110.478,1.0,9.917648367687232,0.10000000149011612
110.524,1.0,9.917590111742417,0.10000000149011612
110.572,1.0,9.780531123197742,0.10000000149011612
110.616,1.0,9.945000000008278,0.10000000149011612
110.665,1.0,9.835244470731253,0.10000000149011612
110.717,1.0,9.917522889003157,0.10000000149011612
110.795,1.0,9.917636151466933,0.10000000149011612
110.836,1.0,9.945000000008278,0.10000000149011612
110.875,1.0,9.697861729645068,0.10000000149011612
110.956,1.0,9.835131140922506,0.10000000149011612
110.971,1.0,9.862647242885497,0.10000000149011612
111.034,1.0,9.862675663435624,0.10000000149011612
111.075,1.0,9.862692320491705,0.10000000149011612
111.113,1.0,9.670475105279023,0.10000000149011612
111.2,1.0,9.752842153339751,0.10000000149011612
111.242,1.0,9.780365183928774,0.10000000149011612
111.298,1.0,9.752847969304357,0.10000000149011612
111.347,1.0,9.862640998553898,0.10000000149011612
111.412,1.0,9.725506943278015,0.10000000149011612
111.456,1.0,9.862762382088436,0.10000000149011612
111.549,1.0,9.752845578143994,0.10000000149011612
111.549,1.0,9.752820385495822,0.10000000149011612
111.624,1.0,9.697783898003399,0.10000000149011612
111.661,1.0,9.835206982203657,0.10000000149011612
111.709,1.0,9.835302673756248,0.10000000149011612
111.803,1.0,9.807702776644792,0.10000000149011612
111.815,1.0,9.862800820461578,0.10000000149011612
111.89,1.0,9.862641477978064,0.10000000149011612
111.925,1.0,9.835235984913178,0.10000000149011612
111.998,1.0,9.89024636267374,0.10000000149011612
112.042,1.0,9.807700178482467,0.10000000149011612
112.086,1.0,9.862740450580088,0.10000000149011612
112.139,1.0,9.917651146215697,0.10000000149011612
112.195,1.0,9.780249188447165,0.10000000149011612
112.233,1.0,9.86275141634461,0.10000000149011612
112.287,1.0,9.752977041900158,0.10000000149011612
112.331,1.0,9.807812418519623,0.10000000149011612
112.384,1.0,9.917734181177284,0.10361833870410919
112.435,1.0,9.862729998264047,0.10000000149011612
112.489,1.0,9.835452213365999,0.10526683926582336
112.537,1.0,9.697902301429874,0.10000000149011612
112.594,1.0,9.752653874167137,0.10000000149011612
112.682,1.0,9.917589063818257,0.10000000149011612
112.714,1.0,9.725014409754012,0.10000000149011612
112.758,1.0,9.697616919875145,0.10000000149011612
112.788,1.0,9.67038334655679,0.10000000149011612
112.839,1.0,9.807738595228228,0.10000000149011612
112.905,1.0,9.725401431197922,0.10000000149011612
112.961,1.0,9.917730300066372,0.10000000149011612
113.006,1.0,9.780383299870623,0.10000000149011612
113.05,1.0,9.890310205664072,0.10000000149011612
113.112,1.0,9.780165759246383,0.10000000149011612
113.143,1.0,9.83524605784979,0.10000000149011612
113.197,1.0,9.917608766837253,0.10000000149011612
113.266,1.0,9.80753978923377,0.10000000149011612
113.307,1.0,9.752727831858728,0.10000000149011612
113.343,1.0,9.835151119364632,0.10000000149011612
113.408,1.0,9.697916150300038,0.10000000149011612
113.464,1.0,9.752924821505117,0.10000000149011612
113.515,1.0,9.752803943720128,0.10000000149011612
113.604,1.0,9.780401298258868,0.10000000149011612
113.633,1.0,9.917610954120756,0.10000000149011612
113.684,1.0,9.945000000008278,0.10000000149011612
113.714,1.0,9.780163519850207,0.10000000149011612
113.772,1.0,9.972500000004139,0.10000000149011612
113.828,1.0,9.697844400857058,0.10000000149011612
113.919,1.0,9.780343040327232,0.10000000149011612
113.948,1.0,9.890261660909488,0.10000000149011612
113.987,1.0,9.725241163642043,0.10000000149011612
114.068,1.0,9.780344129208888,0.10000000149011612
114.113,1.0,9.75273006786075,0.10000000149011612
114.159,1.0,9.890228552992145,0.10000000149011612
114.235,1.0,9.807646949154636,0.10000000149011612
114.28,1.0,9.890163335059253,0.10000000149011612
114.315,1.0,9.807533239821593,0.10000000149011612
114.369,1.0,9.890278277235726,0.10633888840675354
114.415,1.0,9.86259876270261,0.10000000149011612
114.45,1.0,9.642812589700851,0.10000000149011612
114.538,1.0,9.862794054444466,0.10000000149011612
114.576,1.0,9.80787097658548,0.10000000149011612
114.636,1.0,9.807812251999147,0.10000000149011612
114.679,1.0,9.697952127270401,0.10000000149011612
114.728,1.0,9.807831016265684,0.10000000149011612
114.776,1.0,9.862598962709308,0.10000000149011612
114.823,1.0,9.807715352086557,0.10000000149011612
114.879,1.0,9.835052268041505,0.10000000149011612
114.936,1.0,9.670094427238736,0.10000000149011612
114.976,1.0,9.862711928702064,0.10000000149011612
115.059,1.0,9.862741742221017,0.10000000149011612
115.079,1.0,9.752651974600223,0.10000000149011612
115.124,1.0,9.86269710186041,0.10000000149011612
115.196,1.0,9.890083564859298,0.10000000149011612
115.283,1.0,9.890348843236763,0.11843027919530869
115.344,1.0,9.670290068619781,0.10000000149011612
115.35,1.0,9.725204839640194,0.10000000149011612
115.408,1.0,9.752606871599953,0.10000000149011612
115.462,1.0,9.752815977980694,0.10000000149011612
115.474,1.0,9.752905895354019,0.10000000149011612
115.601,1.0,9.917691533495155,0.10000000149011612
115.601,1.0,9.752868728318976,0.10000000149011612
115.676,1.0,9.890284993809958,0.10187724232673645
115.724,1.0,9.8078346611518,0.10000000149011612
115.775,1.0,9.780052877031267,0.10000000149011612
115.829,1.0,9.862614999959867,0.10000000149011612
115.865,1.0,9.862633920419547,0.10000000149011612
115.928,1.0,9.807824136999747,0.10000000149011612
115.973,1.0,9.75285514841477,0.10000000149011612
116.061,1.0,9.780278621655372,0.10000000149011612
116.091,1.0,9.752879889723328,0.10000000149011612
116.131,1.0,9.780466470391387,0.10000000149011612
116.184,1.0,9.67051271951447,0.10000000149011612
116.227,1.0,9.890120382503502,0.10000000149011612
116.27,1.0,9.83533589856492,0.10000000149011612
116.354,1.0,9.7801197718415,0.10000000149011612
116.376,1.0,9.862708529291881,0.10000000149011612
116.426,1.0,9.670690218855936,0.10000000149011612
116.469,1.0,9.890193601490722,0.1028425469994545
116.541,1.0,9.780481509678065,0.10000000149011612
116.628,1.0,9.807665815804567,0.10000000149011612
116.631,1.0,9.890071803807384,0.10000000149011612
116.686,1.0,9.807758948703606,0.10000000149011612
116.743,1.0,9.780070063140657,0.10000000149011612
116.79,1.0,9.862767452353404,0.10000000149011612
116.832,1.0,9.807798842133748,0.10000000149011612
116.884,1.0,9.835221528386077,0.10000000149011612
116.916,1.0,9.78010143397583,0.10000000149011612
117.006,1.0,9.670367031668624,0.10000000149011612
117.038,1.0,9.807826753850613,0.10000000149011612
117.112,1.0,9.917511142707534,0.10000000149011612
117.16,1.0,9.780472415892614,0.10000000149011612
117.198,1.0,9.807859480505188,0.10000000149011612
117.263,1.0,9.780252796018289,0.10000000149011612
117.299,1.0,9.835104581568803,0.10000000149011612
117.366,1.0,9.89008444963644,0.10000000149011612
117.41,1.0,9.862578990062078,0.10000000149011612
117.468,1.0,9.835088559840289,0.10000000149011612
117.499,1.0,9.780398408137263,0.10000000149011612
117.563,1.0,9.670141410786245,0.10000000149011612
117.624,1.0,9.752642019382781,0.10000000149011612
117.653,1.0,9.890124804154038,0.10000000149011612
117.716,1.0,9.835269595310091,0.10000000149011612
117.76,1.0,9.807796875884135,0.10000000149011612
117.814,1.0,9.835068791980545,0.10000000149011612
117.869,1.0,9.780384208179182,0.10000000149011612
117.909,1.0,9.945000000008278,0.10000000149011612
117.975,1.0,9.780281229193012,0.10000000149011612
118.017,1.0,9.890000000016556,0.10000000149011612
118.058,1.0,9.91753017672648,0.10000000149011612
118.127,1.0,9.725493910660346,0.10000000149011612
118.203,1.0,9.890226990232865,0.10000000149011612
118.249,1.0,9.835365131166245,0.10000000149011612
118.301,1.0,9.86295965783712,0.11128183454275131
118.34,1.0,9.725124272497164,0.10000000149011612
118.385,1.0,9.807716883098086,0.10000000149011612
118.448,1.0,9.835168008382121,0.10000000149011612
118.493,1.0,9.945053819980886,0.10000000149011612
118.569,1.0,9.752585632747246,0.10000000149011612
118.603,1.0,9.890155734597808,0.10000000149011612
118.664,1.0,9.890058047655556,0.10000000149011612
118.721,1.0,9.890086511170699,0.10000000149011612
118.762,1.0,9.670596683853203,0.10000000149011612
118.818,1.0,9.807764452033572,0.10000000149011612
118.863,1.0,9.615253295977082,0.10000000149011612
118.905,1.0,9.890165486435096,0.10000000149011612
118.994,1.0,9.83526038552324,0.10000000149011612
119.032,1.0,9.835115913612148,0.10000000149011612
119.064,1.0,9.807762451697554,0.10000000149011612
119.117,1.0,9.780444430953098,0.10000000149011612
119.163,1.0,9.86275194136219,0.10000000149011612
119.219,1.0,9.697821470143067,0.10000000149011612
119.266,1.0,9.670397159891824,0.10000000149011612
119.343,1.0,9.78018931986557,0.10000000149011612
119.359,1.0,9.807723314232296,0.10000000149011612
119.404,1.0,9.725508482774927,0.10000000149011612
119.483,1.0,9.862705264137023,0.10000000149011612
119.51,1.0,9.697863785819047,0.10000000149011612
119.535,1.0,9.808051635387043,0.10000000149011612
119.625,1.0,9.862674690555368,0.10000000149011612
119.684,1.0,9.807676061511868,0.10000000149011612
119.741,1.0,9.83518989065455,0.10000000149011612
119.842,1.0,9.780264194289016,0.10000000149011612
119.856,1.0,9.807670979305273,0.10000000149011612
119.927,1.0,9.780340217240155,0.10000000149011612
119.938,1.0,9.835135998763144,0.10000000149011612
119.998,1.0,9.780177634416354,0.10000000149011612
120.045,1.0,9.67031749325494,0.10000000149011612
120.081,1.0,9.917529150698748,0.10000000149011612
120.124,1.0,9.753037619259622,0.10000000149011612
120.216,1.0,9.780219731790323,0.10000000149011612
120.266,1.0,9.615553926779992,0.10000000149011612
120.297,1.0,9.697855226592058,0.10000000149011612
120.351,1.0,9.807735972209937,0.10000000149011612
120.391,1.0,9.807745567833384,0.10000000149011612
120.462,1.0,9.862588287641605,0.10000000149011612
120.484,1.0,9.780494833096034,0.10000000149011612
120.587,1.0,9.780322166904806,0.10000000149011612
120.637,1.0,9.86280444107122,0.10000000149011612
120.662,1.0,9.698181210561758,0.10000000149011612
120.716,1.0,9.890281100136539,0.10000000149011612
120.754,1.0,9.862684667793413,0.10000000149011612
120.807,1.0,9.615452440869477,0.10000000149011612
120.853,1.0,9.91768186951263,0.10000000149011612
120.913,1.0,9.835437474565374,0.10000000149011612
120.96,1.0,9.862866097874939,0.10000000149011612
121.027,1.0,9.835312219895423,0.10000000149011612
121.094,1.0,9.807725204899906,0.10000000149011612
121.115,1.0,9.807717179113792,0.10000000149011612
121.174,1.0,9.835139421953095,0.10000000149011612
121.238,1.0,9.780002414186795,0.10000000149011612
121.261,1.0,9.807713006498913,0.10000000149011612
121.484,1.0,9.670471770813068,0.10000000149011612
121.484,1.0,9.80761858564284,0.10000000149011612
121.484,1.0,9.752755038171179,0.10000000149011612
121.489,1.0,9.75269552440279,0.10000000149011612
121.522,1.0,9.835345463910036,0.10000000149011612
121.571,1.0,9.752608343607022,0.10000000149011612
121.613,1.0,9.807816307288077,0.10000000149011612
121.703,1.0,9.80788197380801,0.10000000149011612
121.709,1.0,9.75284784436226,0.10000000149011612
121.778,1.0,9.780369969871309,0.10000000149011612
121.824,1.0,9.780605437171955,0.10000000149011612
121.894,1.0,9.753042684785195,0.1061408519744873
121.942,1.0,9.890111786209875,0.10000000149011612
121.981,1.0,9.780102427634928,0.10000000149011612
122.031,1.0,9.752631589501268,0.10000000149011612
122.108,1.0,9.91762749362323,0.10000000149011612
122.13,1.0,9.862654965163934,0.10000000149011612
122.205,1.0,9.835140232886705,0.10000000149011612
122.228,1.0,9.807623617392448,0.10000000149011612
122.298,1.0,9.972500000004139,0.10000000149011612
122.348,1.0,9.89017505540202,0.10000000149011612
122.411,1.0,9.752842671196493,0.10000000149011612
122.455,1.0,9.780238751756649,0.10000000149011612
122.517,1.0,9.835366988513204,0.10000000149011612
122.556,1.0,9.780392239325577,0.10000000149011612
122.619,1.0,9.862764288340177,0.10000000149011612
122.656,1.0,9.83535059419357,0.10000000149011612
122.705,1.0,9.780331821408536,0.10000000149011612
122.765,1.0,9.725303533031708,0.10000000149011612
122.815,1.0,9.890078252140018,0.10000000149011612
122.871,1.0,9.807734845889112,0.10000000149011612
122.909,1.0,9.78024892202682,0.10000000149011612
122.968,1.0,9.642588589299056,0.10000000149011612
123.01,1.0,9.752803216729728,0.10000000149011612
123.059,1.0,9.780426453260912,0.10000000149011612
123.108,1.0,9.780384375734462,0.10000000149011612
123.167,1.0,9.890143859013914,0.10000000149011612
123.216,1.0,9.86274259334637,0.10000000149011612
123.261,1.0,9.890109765301975,0.10000000149011612
123.312,1.0,9.862721772491932,0.10000000149011612
123.368,1.0,9.725289811380208,0.10000000149011612
123.436,1.0,9.80780925800403,0.10000000149011612
123.48,1.0,9.697958997326593,0.10000000149011612
123.534,1.0,9.725288952845666,0.10000000149011612
123.622,1.0,9.780341528231899,0.10000000149011612
123.627,1.0,9.862726785304647,0.10000000149011612
123.712,1.0,9.807640125167866,0.10000000149011612
123.739,1.0,9.835141404738856,0.10000000149011612
123.797,1.0,9.780247527112563,0.10000000149011612
123.839,1.0,9.890061012717585,0.10000000149011612
123.891,1.0,9.78043578941789,0.10000000149011612
123.941,1.0,9.725075781573024,0.10000000149011612
123.987,1.0,9.780369428255492,0.10000000149011612
124.037,1.0,9.72537845822258,0.10000000149011612
124.097,1.0,9.890046365434925,0.10000000149011612
124.145,1.0,9.835067883961731,0.10000000149011612
124.193,1.0,9.83518280626999,0.10000000149011612
124.248,1.0,9.780212324857711,0.10000000149011612
124.293,1.0,9.835203772948848,0.10000000149011612
124.338,1.0,9.697819086785119,0.10000000149011612
124.404,1.0,9.697945662670666,0.10000000149011612
124.44,1.0,9.725311478972435,0.10000000149011612
124.494,1.0,9.807671583526664,0.10000000149011612
124.547,1.0,9.890125047684544,0.10000000149011612
124.596,1.0,9.835050865304138,0.10000000149011612
124.648,1.0,9.78038252722472,0.10000000149011612
124.697,1.0,9.643053064329756,0.10000000149011612
124.75,1.0,9.917640264849696,0.10000000149011612
124.797,1.0,9.780398226508664,0.10000000149011612
124.853,1.0,9.917572653045257,0.10000000149011612
124.893,1.0,9.78040355924103,0.10000000149011612
124.941,1.0,9.8076987479296,0.10000000149011612
124.993,1.0,9.807831444177364,0.10000000149011612
125.055,1.0,10.0,10.0
125.092,1.0,9.807911404139466,0.10000000149011612
125.148,1.0,9.725364458250503,0.10000000149011612
125.193,1.0,9.89008350736565,0.10000000149011612
125.247,1.0,9.890091411790086,0.10000000149011612
125.296,1.0,9.917613631652461,0.10000000149011612
125.35,1.0,9.72515501746287,0.10000000149011612
125.394,1.0,9.780424830379586,0.10000000149011612
125.449,1.0,9.890191207205255,0.10000000149011612
125.495,1.0,9.670397763947646,0.10000000149011612
125.543,1.0,9.83508136558036,0.10000000149011612
125.609,1.0,9.780443675236569,0.10000000149011612
125.654,1.0,9.78024908196595,0.10000000149011612
125.691,1.0,9.835300763965481,0.10000000149011612
125.751,1.0,9.835064212563966,0.10000000149011612
125.797,1.0,9.752812775058878,0.10000000149011612
125.861,1.0,9.890331405835846,0.12427722662687302
125.907,1.0,9.890128495544195,0.10000000149011612
125.958,1.0,9.780244955668847,0.10000000149011612
126.033,1.0,9.890016787209445,0.10000000149011612
126.057,1.0,9.780226529327532,0.10000000149011612
126.1,1.0,9.807840028136141,0.10000000149011612
126.154,1.0,9.862607842352656,0.10000000149011612
126.197,1.0,9.945000000008278,0.10000000149011612
126.253,1.0,9.725180959701538,0.10000000149011612
126.306,1.0,9.725382739678025,0.10000000149011612
126.347,1.0,9.890225088989569,0.10000000149011612
126.416,1.0,9.752630522288381,0.10000000149011612
126.455,1.0,9.835497168472244,0.10820897668600082
126.509,1.0,9.862766037984855,0.10000000149011612
126.553,1.0,9.86263999119401,0.10000000149011612
126.607,1.0,9.835054313308662,0.10000000149011612
126.653,1.0,9.835271485791438,0.10000000149011612
126.709,1.0,9.917681047713591,0.10956098884344101
126.751,1.0,9.725097082369029,0.10000000149011612
126.807,1.0,9.807740165686441,0.10000000149011612
126.86,1.0,9.917778107089301,0.11980883032083511
126.931,1.0,9.697793665900827,0.10000000149011612
126.971,1.0,9.698086626620757,0.10000000149011612
127.016,1.0,9.8350976464856,0.10000000149011612
127.067,1.0,9.780313464916414,0.10000000149011612
127.118,1.0,9.752854763426715,0.10000000149011612
127.16,1.0,9.807779937382374,0.10000000149011612
127.227,1.0,9.643089510748784,0.10000000149011612
127.27,1.0,9.725368573413126,0.10000000149011612
127.336,1.0,9.807643067236576,0.10000000149011612
127.373,1.0,9.835098878873719,0.10000000149011612
127.454,1.0,9.917597070129382,0.10000000149011612
127.509,1.0,9.780622664611373,0.11310698091983795
127.545,1.0,9.807791913590497,0.10000000149011612
127.575,1.0,9.890214637542764,0.10000000149011612
127.629,1.0,9.780262420554127,0.10000000149011612
127.716,1.0,9.72529149223119,0.10000000149011612
127.733,1.0,9.780395110075672,0.10000000149011612
127.779,1.0,9.725336200474866,0.10000000149011612
127.83,1.0,9.725108368384342,0.10000000149011612
127.909,1.0,9.835024464544322,0.10000000149011612
127.935,1.0,9.83506557163265,0.10000000149011612
128.001,1.0,9.752634915709496,0.10000000149011612
128.038,1.0,9.807800470085608,0.10000000149011612
128.094,1.0,9.862572925517128,0.10000000149011612
128.147,1.0,9.862676573213603,0.10000000149011612
128.197,1.0,9.945118650400804,0.1105860099196434
128.237,1.0,9.807721643998391,0.10000000149011612
128.292,1.0,9.807739659750627,0.10000000149011612
128.341,1.0,9.752958058462374,0.10000000149011612
128.395,1.0,9.835173382361729,0.10000000149011612
128.443,1.0,9.78018739513225,0.10000000149011612
128.492,1.0,9.835131018215584,0.10000000149011612
128.552,1.0,9.780219227510194,0.10000000149011612
128.596,1.0,9.890362098150783,0.1160222738981247
128.648,1.0,9.780070273702343,0.10000000149011612
128.694,1.0,9.807810745367574,0.10000000149011612
128.747,1.0,9.917832901246017,0.12744471430778503
128.795,1.0,9.780225848013329,0.10000000149011612
128.861,1.0,9.835238731962939,0.10000000149011612
128.897,1.0,9.78031509373751,0.10000000149011612
128.957,1.0,9.890203944842021,0.10000000149011612
129.005,1.0,9.835343881303238,0.10000000149011612
129.057,1.0,9.752834041664999,0.10000000149011612
129.096,1.0,9.862581770039267,0.10000000149011612
129.149,1.0,9.80779546495113,0.10000000149011612
129.221,1.0,9.780299290290309,0.10000000149011612
129.268,1.0,9.752635061533915,0.10000000149011612
129.315,1.0,9.835203724416594,0.10000000149011612
129.368,1.0,9.780278541333974,0.10000000149011612
129.411,1.0,9.807919671013952,0.10000000149011612
129.462,1.0,9.862847202850713,0.10000000149011612
129.513,1.0,9.752786123276584,0.10000000149011612
129.564,1.0,9.890014791550735,0.10000000149011612
129.622,1.0,9.80804788308839,0.10000000149011612
129.666,1.0,9.862593735092217,0.10000000149011612
129.713,1.0,9.61547619284441,0.10000000149011612
129.765,1.0,9.862703403416607,0.10000000149011612
129.833,1.0,9.83505738756309,0.10000000149011612
129.867,1.0,9.89019416347146,0.10000000149011612
129.916,1.0,9.670503907712797,0.10000000149011612
129.974,1.0,9.862540328440566,0.10000000149011612
130.011,1.0,9.80782764657504,0.10000000149011612
130.068,1.0,9.752740957691438,0.10000000149011612
