Timestamp,Valid Ratio,Mean Range,Min Range
0.437,1.0,9.862662581623429,0.10000000149011612
0.486,1.0,9.862701559335822,0.10000000149011612
0.536,1.0,9.917579020042385,0.10000000149011612
0.586,1.0,9.780338367136816,0.10000000149011612
0.637,1.0,9.780312294864821,0.10000000149011612
0.686,1.0,9.835144266403384,0.10000000149011612
0.736,1.0,9.862778955428965,0.10000000149011612
0.787,1.0,9.835281266292764,0.10000000149011612
0.836,1.0,9.890162861636943,0.10000000149011612
0.886,1.0,9.835234739279581,0.10000000149011612
0.936,1.0,9.835306403040885,0.10000000149011612
0.987,1.0,9.890000000016556,0.10000000149011612
1.036,1.0,9.752719356740515,0.10000000149011612
1.086,1.0,9.890035303806265,0.10000000149011612
1.1360000000000001,1.0,9.780207971483469,0.10000000149011612
1.187,1.0,9.670465977676212,0.10000000149011612
1.236,1.0,9.780191345078249,0.10000000149011612
1.287,1.0,9.780264185617368,0.10000000149011612
1.336,1.0,9.807647189787692,0.10000000149011612
1.3860000000000001,1.0,9.807737834917175,0.10000000149011612
1.436,1.0,9.86277314633545,0.10000000149011612
1.486,1.0,9.75302556809038,0.10000000149011612
1.536,1.0,9.75297623783764,0.10000000149011612
1.587,1.0,9.807851736764942,0.10000000149011612
1.6360000000000001,1.0,9.835368728616999,0.10000000149011612
1.686,1.0,9.862683952082362,0.10000000149011612
1.736,1.0,9.807827698977457,0.10000000149011612
1.787,1.0,9.835269443587297,0.10000000149011612
1.8359999999999999,1.0,9.835051957559255,0.10000000149011612
1.8860000000000001,1.0,9.725114161231451,0.10000000149011612
1.936,1.0,9.78005217216495,0.10000000149011612
1.987,1.0,9.83526492367188,0.10000000149011612
2.038,1.0,9.835143130231234,0.10000000149011612
2.088,1.0,9.752791636313,0.10000000149011612
2.137,1.0,9.835286321428915,0.10000000149011612
2.186,1.0,9.835328106188939,0.10000000149011612
2.237,1.0,9.670209448184405,0.10000000149011612
2.289,1.0,9.80781594928768,0.10000000149011612
2.34,1.0,9.807831154060032,0.10000000149011612
2.399,1.0,9.670352486624486,0.10000000149011612
2.447,1.0,9.807921849211885,0.10000000149011612
2.499,1.0,9.862785355332825,0.10000000149011612
2.5460000000000003,1.0,9.752994399041766,0.10000000149011612
2.596,1.0,9.890103018925421,0.10000000149011612
2.645,1.0,9.75270747254706,0.10000000149011612
2.698,1.0,9.80788282027675,0.10000000149011612
2.75,1.0,9.835311726687683,0.10000000149011612
2.8,1.0,9.697803901591234,0.10000000149011612
2.848,1.0,9.752655400501357,0.10000000149011612
2.898,1.0,9.835216816059416,0.10000000149011612
2.951,1.0,9.753032106761303,0.10000000149011612
3.001,1.0,9.698146133683622,0.10000000149011612
3.049,1.0,9.670468286797405,0.10000000149011612
3.102,1.0,9.780427190495862,0.10000000149011612
3.16,1.0,9.862622137326333,0.10000000149011612
3.202,1.0,9.835204379881421,0.10000000149011612
3.2560000000000002,1.0,9.78017318437083,0.10000000149011612
3.305,1.0,9.80759377427813,0.10000000149011612
3.3529999999999998,1.0,9.862753269055652,0.10000000149011612
3.408,1.0,9.780150023392505,0.10000000149011612
3.454,1.0,9.807608612067998,0.10000000149011612
3.503,1.0,9.780055498228306,0.10000000149011612
3.555,1.0,9.83518733193891,0.10000000149011612
3.604,1.0,9.807801420779692,0.10000000149011612
3.664,1.0,9.807872164311508,0.10000000149011612
3.7039999999999997,1.0,9.752791961282492,0.10000000149011612
3.759,1.0,9.807830499174694,0.10000000149011612
3.806,1.0,9.72535695390155,0.10000000149011612
3.8609999999999998,1.0,9.83510627951473,0.10000000149011612
3.906,1.0,9.94507211221175,0.10000000149011612
3.958,1.0,9.75264084165295,0.10000000149011612
4.011,1.0,9.807865793444217,0.10000000149011612
4.055,1.0,9.83526657830096,0.10000000149011612
4.107,1.0,9.807900865976181,0.10000000149011612
4.156,1.0,9.752780512078768,0.10000000149011612
4.207,1.0,9.752699581595758,0.10000000149011612
4.2620000000000005,1.0,9.780164124195775,0.10000000149011612
4.309,1.0,9.94506205647356,0.10000000149011612
4.361,1.0,9.862587220345935,0.10000000149011612
4.416,1.0,9.83518343936238,0.10000000149011612
4.46,1.0,9.75272696804669,0.10000000149011612
4.509,1.0,9.780648284239902,0.10000000149011612
4.559,1.0,9.725330995995964,0.10000000149011612
4.611,1.0,9.89015967603773,0.10000000149011612
4.673,1.0,9.917521845901177,0.10000000149011612
4.717,1.0,9.807689276917113,0.10000000149011612
4.766,1.0,9.752781542970075,0.10000000149011612
4.818,1.0,9.862873810177875,0.10000000149011612
4.867,1.0,9.807978067898915,0.10000000149011612
4.916,1.0,9.89006024270008,0.10000000149011612
4.966,1.0,9.807866230669122,0.10000000149011612
5.022,1.0,9.890054373525912,0.10000000149011612
5.067,1.0,9.752817240978281,0.10000000149011612
5.126,1.0,9.807619113909702,0.10000000149011612
5.174,1.0,9.725537246175938,0.10000000149011612
5.227,1.0,9.890062906758653,0.10000000149011612
5.271,1.0,9.862544489714006,0.10000000149011612
5.321,1.0,9.752856656888293,0.10000000149011612
5.372,1.0,9.780366302716235,0.10000000149011612
5.422,1.0,9.78018409355233,0.10000000149011612
5.477,1.0,9.697825855823854,0.10000000149011612
5.521,1.0,9.890063790956305,0.10000000149011612
5.57,1.0,9.862627885159519,0.10000000149011612
5.623,1.0,9.862631154515677,0.10000000149011612
5.671,1.0,9.890132592142455,0.10000000149011612
5.723,1.0,9.780129908791018,0.10000000149011612
5.786,1.0,9.862677951260574,0.10000000149011612
5.821,1.0,9.835106227319274,0.10000000149011612
5.872,1.0,9.780234372326069,0.10000000149011612
5.928,1.0,9.86270193575571,0.10000000149011612
5.9719999999999995,1.0,9.86271170537091,0.10000000149011612
6.024,1.0,9.752827473212447,0.10000000149011612
6.075,1.0,9.835273426026106,0.10000000149011612
6.124,1.0,9.917678853600389,0.10000000149011612
6.176,1.0,9.89021129173537,0.10000000149011612
6.227,1.0,9.752780329539544,0.10000000149011612
6.275,1.0,9.752966582671636,0.10000000149011612
6.326,1.0,9.80773922952099,0.10000000149011612
6.375,1.0,9.697972828894853,0.10000000149011612
6.428,1.0,9.945026123772065,0.10000000149011612
6.485,1.0,9.862767452829415,0.10000000149011612
6.527,1.0,9.890064620412886,0.10000000149011612
6.5809999999999995,1.0,9.890112141623264,0.10000000149011612
6.627,1.0,9.862709920232495,0.10000000149011612
6.68,1.0,9.780093277473416,0.10000000149011612
6.727,1.0,9.862587999159263,0.10000000149011612
6.777,1.0,9.862685416349107,0.10000000149011612
6.83,1.0,9.807857503079706,0.10000000149011612
6.877,1.0,9.890190878883004,0.10000000149011612
6.927,1.0,9.725329145830539,0.10000000149011612
6.98,1.0,9.725461445541846,0.10000000149011612
7.028,1.0,9.835277229671677,0.10000000149011612
7.079,1.0,9.78016089886013,0.10000000149011612
7.127,1.0,9.725183545839455,0.10000000149011612
7.179,1.0,9.807703829846448,0.10000000149011612
7.233,1.0,9.807816692524487,0.10000000149011612
7.2780000000000005,1.0,9.807688827543624,0.10000000149011612
7.335,1.0,9.780214726200533,0.10000000149011612
7.377,1.0,9.89024184010923,0.10000000149011612
7.429,1.0,9.890196510859662,0.10000000149011612
7.479,1.0,9.61544080031001,0.10000000149011612
7.527,1.0,9.91757233949999,0.10000000149011612
7.577,1.0,9.89017215207633,0.10000000149011612
7.627,1.0,9.698029077487687,0.10000000149011612
7.68,1.0,9.835326665246653,0.10000000149011612
7.73,1.0,9.80766274612397,0.10000000149011612
7.777,1.0,9.862721268191105,0.10000000149011612
7.832,1.0,9.670344226455523,0.10000000149011612
7.878,1.0,9.917672562143869,0.10000000149011612
7.93,1.0,9.725437549046344,0.10000000149011612
7.98,1.0,9.807516906244887,0.10000000149011612
8.033,1.0,9.72523883148614,0.10000000149011612
8.079,1.0,9.643077221843932,0.10000000149011612
8.132,1.0,9.890234446153045,0.10000000149011612
8.181,1.0,9.807649463704891,0.10000000149011612
8.234,1.0,9.752655218044916,0.10000000149011612
8.285,1.0,9.752927676319247,0.10000000149011612
8.331,1.0,9.945030096587207,0.10000000149011612
8.381,1.0,9.97258148772849,0.12933558225631714
8.43,1.0,9.752946019172668,0.10000000149011612
8.486,1.0,9.94503327736424,0.10000000149011612
8.534,1.0,9.890335567978521,0.10000000149011612
8.596,1.0,9.780289620637065,0.10000000149011612
8.633,1.0,9.835116735328402,0.10000000149011612
8.683,1.0,9.642835754652818,0.10000000149011612
8.735,1.0,9.697924582929247,0.10000000149011612
8.787,1.0,9.890150040284627,0.10000000149011612
8.832,1.0,9.61555417076581,0.10000000149011612
8.885,1.0,9.862573964852427,0.10000000149011612
8.936,1.0,9.917639590592849,0.10000000149011612
8.992,1.0,9.80762878716406,0.10000000149011612
9.033,1.0,9.725169600918889,0.10000000149011612
9.091,1.0,9.752765385744473,0.10000000149011612
9.135,1.0,9.80771656980117,0.10000000149011612
9.184,1.0,9.698108442665802,0.10000000149011612
9.233,1.0,9.807768651015229,0.10000000149011612
9.289,1.0,9.835198274999858,0.10000000149011612
9.337,1.0,9.78010641199847,0.10000000149011612
9.383,1.0,9.80766722669618,0.10000000149011612
9.436,1.0,9.890139757841826,0.10000000149011612
9.485,1.0,9.725479369010362,0.10000000149011612
9.535,1.0,9.7530447591924,0.10000000149011612
9.595,1.0,9.80765232110603,0.10000000149011612
9.644,1.0,9.890172031521796,0.10000000149011612
9.695,1.0,9.862779548019171,0.10000000149011612
9.742,1.0,9.835217210443483,0.10000000149011612
9.792,1.0,9.890056522211268,0.10000000149011612
9.842,1.0,9.807827376160358,0.10000000149011612
9.891,1.0,9.862570660561323,0.10000000149011612
9.943999999999999,1.0,9.83516891958813,0.10000000149011612
9.996,1.0,9.780264506282078,0.10000000149011612
10.045,1.0,9.862567142417861,0.10000000149011612
10.094,1.0,9.807905248842305,0.10000000149011612
10.142,1.0,9.835283119252159,0.10000000149011612
10.197,1.0,9.917594500465526,0.10000000149011612
10.242,1.0,9.725339036683241,0.10000000149011612
10.293,1.0,9.862815749417576,0.10000000149011612
10.347,1.0,9.752887202571664,0.10000000149011612
10.394,1.0,9.780149640991455,0.10000000149011612
10.442,1.0,9.835056212565137,0.10000000149011612
10.485,1.0,9.890135025067462,0.10000000149011612
10.542,1.0,9.78037017289963,0.10000000149011612
10.595,1.0,9.807725559340582,0.10000000149011612
10.642,1.0,9.807623033308321,0.10000000149011612
10.696,1.0,9.807648848121366,0.10000000149011612
10.742,1.0,9.86259540275981,0.10000000149011612
10.794,1.0,9.753003373617927,0.10000000149011612
10.85,1.0,9.8076363766152,0.10000000149011612
10.892,1.0,9.780338672424357,0.10000000149011612
10.945,1.0,9.698007414220935,0.10000000149011612
10.991,1.0,9.752806739736762,0.10000000149011612
11.043,1.0,9.862610659893189,0.10000000149011612
11.1,1.0,9.862713965359662,0.10000000149011612
11.142,1.0,9.83536787148979,0.10000000149011612
11.196,1.0,9.780176613252197,0.10000000149011612
11.237,1.0,9.835383484636743,0.10000000149011612
11.292,1.0,9.780549702545008,0.10000000149011612
11.347,1.0,9.835144286437167,0.10000000149011612
11.392,1.0,9.86257156882849,0.10000000149011612
11.448,1.0,9.725283785640366,0.10000000149011612
11.493,1.0,9.862732655327353,0.10000000149011612
11.543,1.0,9.69774227682501,0.10000000149011612
11.600999999999999,1.0,9.780314181786444,0.10000000149011612
11.642,1.0,9.835182829987671,0.10000000149011612
11.693,1.0,9.752844883439442,0.10000000149011612
11.744,1.0,9.89001190521651,0.10000000149011612
11.793,1.0,9.945129014158415,0.10000000149011612
11.847,1.0,9.835002185321516,0.10000000149011612
11.893,1.0,9.697949979681935,0.10000000149011612
11.942,1.0,9.725323800577058,0.10000000149011612
12.003,1.0,9.78043833784759,0.10000000149011612
12.05,1.0,9.807622803996006,0.10000000149011612
12.099,1.0,9.835089087093042,0.10000000149011612
12.15,1.0,9.725293983519077,0.10000000149011612
12.199,1.0,9.890112098327114,0.10000000149011612
12.252,1.0,9.670144329799546,0.10000000149011612
12.299,1.0,9.780230761816105,0.10000000149011612
12.353,1.0,9.835357938148082,0.10000000149011612
12.399000000000001,1.0,9.890142057277263,0.10000000149011612
12.452,1.0,9.835380994238788,0.10000000149011612
12.498,1.0,9.83503348717673,0.10000000149011612
12.551,1.0,9.862905037568675,0.10000000149011612
12.599,1.0,9.780183932205869,0.10000000149011612
12.651,1.0,9.780449882004824,0.10000000149011612
12.701,1.0,9.78032025144332,0.10000000149011612
12.758,1.0,9.86260884433157,0.10000000149011612
12.8,1.0,9.835165386688377,0.10000000149011612
12.85,1.0,9.807910877010888,0.10000000149011612
12.901,1.0,9.807712368108332,0.10000000149011612
12.95,1.0,9.725266383567618,0.10000000149011612
13.008,1.0,9.78050517268065,0.10000000149011612
13.052,1.0,9.890235943968097,0.10000000149011612
13.108,1.0,9.835170725960698,0.10000000149011612
13.151,1.0,9.780295932499898,0.10000000149011612
13.202,1.0,9.835216874815524,0.10000000149011612
13.251,1.0,9.917500000012417,0.10000000149011612
13.303,1.0,9.83508921497398,0.10000000149011612
13.35,1.0,9.862786282743844,0.10000000149011612
13.403,1.0,9.752638253610995,0.10000000149011612
13.451,1.0,9.835099976696075,0.10000000149011612
13.5,1.0,9.753012171739506,0.10000000149011612
13.558,1.0,9.945080959010456,0.10784981399774551
13.606,1.0,9.697986106615927,0.10000000149011612
13.658,1.0,9.7528486430645,0.10000000149011612
13.705,1.0,9.835184502415359,0.10000000149011612
13.759,1.0,9.532872337061498,0.10000000149011612
13.809,1.0,9.80767255841444,0.10000000149011612
13.86,1.0,9.752728941436443,0.10000000149011612
13.909,1.0,9.670600278634165,0.10000000149011612
13.962,1.0,9.807681856076751,0.10000000149011612
14.011,1.0,9.753005013739068,0.10000000149011612
14.059,1.0,9.835259758432706,0.10000000149011612
14.111,1.0,9.835066318698228,0.10000000149011612
14.16,1.0,9.8628340817574,0.10000000149011612
14.214,1.0,9.835063662814598,0.10000000149011612
14.258,1.0,9.807500000028975,0.10000000149011612
14.312,1.0,9.862649505171511,0.10000000149011612
14.367,1.0,9.752826074821254,0.10000000149011612
14.421,1.0,9.807921953354445,0.10000000149011612
14.467,1.0,9.697931042893066,0.10000000149011612
14.523,1.0,9.83506019115448,0.10000000149011612
14.567,1.0,9.835356703793837,0.10000000149011612
14.616,1.0,9.78022073979179,0.10000000149011612
14.673,1.0,9.8901883231269,0.10000000149011612
14.721,1.0,9.753127193037006,0.10183610022068024
14.776,1.0,9.917608988512722,0.10000000149011612
14.82,1.0,9.78027548632688,0.10000000149011612
14.87,1.0,9.890027401554915,0.10000000149011612
14.919,1.0,9.890013227653172,0.10000000149011612
14.97,1.0,9.890299261444145,0.10000000149011612
15.027,1.0,9.80773488069988,0.10000000149011612
15.07,1.0,9.807554513009059,0.10000000149011612
15.119,1.0,9.86261557802144,0.10000000149011612
15.17,1.0,9.835318163471918,0.10000000149011612
15.222,1.0,9.807648838932316,0.10000000149011612
15.271,1.0,9.86271136438267,0.10000000149011612
15.322,1.0,9.642838863076435,0.10000000149011612
15.38,1.0,9.64300813463827,0.10000000149011612
15.423,1.0,9.862876757172247,0.10000000149011612
15.477,1.0,9.835279836650525,0.10000000149011612
15.523,1.0,9.835263335601324,0.10000000149011612
15.572,1.0,9.807591200764808,0.10000000149011612
15.626,1.0,9.917728530056774,0.10000000149011612
15.671,1.0,9.780323122524553,0.10000000149011612
15.723,1.0,9.917528204247356,0.10000000149011612
15.771,1.0,9.780295108217333,0.10000000149011612
15.83,1.0,9.725556520662375,0.10000000149011612
15.875,1.0,9.78010787655496,0.10000000149011612
15.94,1.0,9.835034779355757,0.10000000149011612
15.975999999999999,1.0,9.752773030267821,0.10000000149011612
16.025,1.0,9.862829663852851,0.10000000149011612
16.079,1.0,9.615427410085168,0.10000000149011612
16.131,1.0,9.945000000008278,0.10000000149011612
16.175,1.0,9.64280983513842,0.10000000149011612
16.229,1.0,9.807614675536751,0.10000000149011612
16.277,1.0,9.8352902026847,0.10000000149011612
16.324,1.0,9.89014955241647,0.10000000149011612
16.382,1.0,9.807622191972202,0.10000000149011612
16.424,1.0,9.67043992181619,0.10000000149011612
16.479,1.0,9.835156023688615,0.10000000149011612
16.528,1.0,9.780212595624228,0.10000000149011612
16.579,1.0,9.78035504406111,0.10000000149011612
16.636,1.0,9.78015490617189,0.10000000149011612
16.683,1.0,9.69770550183538,0.10000000149011612
16.736,1.0,9.64321196420739,0.10000000149011612
16.789,1.0,9.697812332957984,0.10000000149011612
16.834,1.0,9.835243775447209,0.10000000149011612
16.889,1.0,9.780513315089047,0.10000000149011612
16.934,1.0,9.780344774636129,0.10000000149011612
16.988,1.0,9.780435727867815,0.10000000149011612
17.034,1.0,9.780728053715494,0.10000000149011612
17.085,1.0,9.752706458709307,0.10000000149011612
17.14,1.0,9.80781275363018,0.10000000149011612
17.184,1.0,9.72542739841673,0.10000000149011612
17.236,1.0,9.83512701249371,0.10000000149011612
17.293,1.0,9.86281774925689,0.10000000149011612
17.334,1.0,9.80764355874724,0.10000000149011612
17.385,1.0,9.862728813394076,0.10000000149011612
17.433,1.0,9.697995962181853,0.10000000149011612
17.484,1.0,9.83512665886018,0.10000000149011612
17.534,1.0,9.890072008263733,0.10000000149011612
17.584,1.0,9.807883043173288,0.10000000149011612
17.629,1.0,9.890164558651547,0.10000000149011612
17.686,1.0,9.75263013229188,0.10000000149011612
17.744,1.0,9.780128722886245,0.10000000149011612
17.784,1.0,9.780215992054178,0.10000000149011612
17.834,1.0,9.752500000037253,0.10000000149011612
17.884,1.0,9.890220688904325,0.10000000149011612
17.935,1.0,9.917636236300071,0.10000000149011612
17.992,1.0,9.80780731731405,0.10000000149011612
18.034,1.0,9.835250955116418,0.10000000149011612
18.084,1.0,9.725122613211473,0.10000000149011612
18.135,1.0,9.725309220121966,0.10000000149011612
18.19,1.0,9.67033569475429,0.10000000149011612
18.238,1.0,9.917737434038685,0.1091487780213356
18.288,1.0,9.807889665911596,0.10000000149011612
18.338,1.0,9.807615101627178,0.10000000149011612
18.391,1.0,9.917725272745722,0.10000000149011612
18.441,1.0,9.670396782788966,0.10000000149011612
18.492,1.0,9.835176625578768,0.10000000149011612
18.542,1.0,9.890014922184248,0.10000000149011612
18.596,1.0,9.643215813901689,0.10000000149011612
18.643,1.0,9.83520731832832,0.10000000149011612
18.692,1.0,9.807759656136234,0.10000000149011612
18.745,1.0,9.698287119074829,0.10000000149011612
18.795,1.0,9.615296474533777,0.10000000149011612
18.844,1.0,9.807658562871318,0.10000000149011612
18.894,1.0,9.807730975415971,0.10000000149011612
18.949,1.0,9.752911323412425,0.10000000149011612
18.996,1.0,9.80773920768665,0.10000000149011612
19.045,1.0,9.807800245036681,0.10000000149011612
19.094,1.0,9.752599480375647,0.10000000149011612
19.143,1.0,9.752913504466415,0.10000000149011612
19.196,1.0,9.780261569014854,0.10000000149011612
19.248,1.0,9.890045012802714,0.10000000149011612
19.307,1.0,9.698291368244423,0.10000000149011612
19.349,1.0,9.807830794610911,0.10000000149011612
19.401,1.0,9.75289796238972,0.10000000149011612
19.448,1.0,9.835344033191602,0.10000000149011612
19.498,1.0,9.835327505320311,0.10000000149011612
19.552,1.0,9.862612355810901,0.10000000149011612
19.598,1.0,9.807599430055253,0.10000000149011612
19.648,1.0,9.560539979466961,0.10000000149011612
19.701999999999998,1.0,9.86261344196068,0.10000000149011612
19.751,1.0,9.697830433150132,0.10000000149011612
19.799,1.0,9.835391865236064,0.10000000149011612
19.853,1.0,9.807746284268797,0.10000000149011612
19.9,1.0,9.752836729317076,0.10000000149011612
19.95,1.0,9.862807750908864,0.10000000149011612
20.0,1.0,9.780425629226698,0.10000000149011612
20.054,1.0,9.917608958482742,0.10000000149011612
20.106,1.0,9.780257042290437,0.10000000149011612
20.151,1.0,9.697918633102542,0.10000000149011612
20.204,1.0,9.917632837490075,0.10000000149011612
20.251,1.0,9.890000000016556,0.10000000149011612
20.303,1.0,9.807725678860313,0.10000000149011612
20.352,1.0,9.890048363887601,0.10000000149011612
20.404,1.0,9.945105845998558,0.10000000149011612
20.45,1.0,9.83532574729373,0.10000000149011612
20.501,1.0,9.917644409731858,0.10000000149011612
20.549,1.0,9.807608768882023,0.10000000149011612
20.601,1.0,9.8627508200912,0.10000000149011612
20.658,1.0,9.532974292813904,0.10000000149011612
20.7,1.0,9.780239651186598,0.10000000149011612
20.757,1.0,9.807647059630188,0.10000000149011612
20.8,1.0,9.862920126298235,0.10650920867919922
20.851,1.0,9.725291382376518,0.10000000149011612
20.901,1.0,9.780529570020736,0.10000000149011612
20.951999999999998,1.0,9.80764483248608,0.10000000149011612
21.003,1.0,9.945133563400143,0.10000000149011612
21.048,1.0,9.862739300996893,0.10000000149011612
21.1,1.0,9.7803275456859,0.10000000149011612
21.156,1.0,9.83528609433108,0.10000000149011612
21.2,1.0,9.862738689593971,0.10000000149011612
21.253,1.0,9.890007727593183,0.10000000149011612
21.3,1.0,9.8077506336487,0.10000000149011612
21.35,1.0,9.835234599374235,0.10000000149011612
21.408,1.0,9.807835308296813,0.10000000149011612
21.45,1.0,9.807641047529048,0.10000000149011612
21.503,1.0,9.78038081119044,0.10000000149011612
21.553,1.0,9.752766685001552,0.10000000149011612
21.6,1.0,9.862564361799095,0.10000000149011612
21.65,1.0,9.725503331960903,0.10000000149011612
21.703,1.0,9.89009656229367,0.10000000149011612
21.753,1.0,9.890091588803463,0.10000000149011612
21.804,1.0,9.862531571317877,0.10000000149011612
21.865,1.0,9.807993951336377,0.10000000149011612
21.902,1.0,9.807744388323691,0.10000000149011612
21.951999999999998,1.0,9.917688109560146,0.10000000149011612
22.006,1.0,9.86268346251713,0.10000000149011612
22.052,1.0,9.890000000016556,0.10000000149011612
22.102,1.0,9.80761436983529,0.10000000149011612
22.162,1.0,9.83509976706571,0.10000000149011612
22.206,1.0,9.615424190213282,0.10000000149011612
22.256,1.0,9.75279893980672,0.10000000149011612
22.302,1.0,9.917535416616333,0.10000000149011612
22.354,1.0,9.807739020056195,0.10000000149011612
22.403,1.0,9.752735301748746,0.10000000149011612
22.458,1.0,9.69809989091009,0.10000000149011612
22.508,1.0,9.862667111783392,0.10000000149011612
22.554,1.0,9.862852915748954,0.10000000149011612
22.608,1.0,9.890293281794422,0.10000000149011612
22.655,1.0,9.697986743702657,0.10000000149011612
22.705,1.0,9.670461147713164,0.10000000149011612
22.758,1.0,9.80768848011891,0.10000000149011612
22.806,1.0,9.94502499014553,0.10000000149011612
22.858,1.0,9.78031424265355,0.10000000149011612
22.911,1.0,9.725181990654931,0.10000000149011612
22.959,1.0,9.780273773562577,0.10000000149011612
23.006,1.0,9.86258161444631,0.10000000149011612
23.054,1.0,9.72528695832524,0.10000000149011612
23.109,1.0,9.86259489369889,0.10000000149011612
23.155,1.0,9.75286113768816,0.10000000149011612
23.212,1.0,9.835199133513703,0.10000000149011612
23.255,1.0,9.670566908414994,0.10000000149011612
23.311,1.0,9.807826507277786,0.10000000149011612
23.358,1.0,9.807871866743598,0.10000000149011612
23.412,1.0,9.807742196631928,0.10000000149011612
23.459,1.0,9.862701996105413,0.10000000149011612
23.511,1.0,9.835366266676122,0.10000000149011612
23.562,1.0,9.642747326236632,0.10000000149011612
23.609,1.0,9.780300138621694,0.10000000149011612
23.664,1.0,9.835099446338912,0.10000000149011612
23.71,1.0,9.835128637465338,0.10000000149011612
23.76,1.0,9.91757758392228,0.10000000149011612
23.81,1.0,9.72526762344771,0.10000000149011612
23.86,1.0,9.86293630461312,0.10000000149011612
23.912,1.0,9.890231631654832,0.10000000149011612
23.96,1.0,9.725413448342847,0.10000000149011612
24.014,1.0,9.972626499541931,0.14553983509540558
24.06,1.0,9.725460276897582,0.10000000149011612
24.113,1.0,9.91763856858015,0.10000000149011612
24.159,1.0,9.69761014148179,0.10000000149011612
24.21,1.0,9.78018329139385,0.10000000149011612
24.263,1.0,9.807897181581293,0.10000000149011612
24.31,1.0,9.725226911654074,0.10000000149011612
24.36,1.0,9.725326251238585,0.10000000149011612
24.418,1.0,9.807861484939025,0.10000000149011612
24.465,1.0,9.862622014660802,0.10000000149011612
24.515,1.0,9.807789882086217,0.10000000149011612
24.565,1.0,9.862698174537057,0.10000000149011612
24.615,1.0,9.890073972464435,0.10000000149011612
24.665,1.0,9.835167607023484,0.10000000149011612
24.719,1.0,9.890309867987202,0.10000000149011612
24.765,1.0,9.80779050708645,0.10000000149011612
24.818,1.0,9.862555652277337,0.10000000149011612
24.866,1.0,9.780473448004987,0.10000000149011612
24.918,1.0,9.725317549953859,0.10000000149011612
24.967,1.0,9.752855399437248,0.10000000149011612
25.018,1.0,9.780117260561221,0.10000000149011612
25.067,1.0,9.807681627509494,0.10000000149011612
25.117,1.0,9.890013944461113,0.10000000149011612
25.17,1.0,9.890099758944578,0.10000000149011612
25.217,1.0,9.807701401888496,0.10000000149011612
25.268,1.0,9.807897314739725,0.10000000149011612
25.318,1.0,9.752774803712963,0.10000000149011612
25.374,1.0,9.862626479897234,0.10000000149011612
25.422,1.0,9.86265669082188,0.10000000149011612
25.468,1.0,9.917500000012417,0.10000000149011612
25.52,1.0,9.862615754827857,0.10000000149011612
25.568,1.0,9.835379754379392,0.10000000149011612
25.618,1.0,9.945104612886078,0.10000000149011612
25.667,1.0,9.83519781327082,0.10000000149011612
25.719,1.0,9.807705829623673,0.10000000149011612
25.771,1.0,9.83526721333878,0.10000000149011612
25.819,1.0,9.7803204468141,0.10000000149011612
25.87,1.0,9.725304541115959,0.10000000149011612
25.917,1.0,9.835226361867454,0.10000000149011612
25.974,1.0,9.780241085319883,0.10000000149011612
26.03,1.0,9.862624634574685,0.10000000149011612
26.072,1.0,9.75271800081763,0.10000000149011612
26.125,1.0,9.835230979633828,0.10000000149011612
26.174,1.0,9.69778852785627,0.10000000149011612
26.225,1.0,9.780105176588727,0.10000000149011612
26.292,1.0,9.835251510805554,0.10000000149011612
26.332,1.0,9.807755477643676,0.10000000149011612
26.387,1.0,9.725385822997325,0.10000000149011612
26.438,1.0,9.725228646894296,0.10000000149011612
26.48,1.0,9.780274950195517,0.10000000149011612
26.531,1.0,9.835193302109838,0.10000000149011612
26.58,1.0,9.725298852473497,0.10000000149011612
26.636,1.0,9.89016020403554,0.10000000149011612
26.682,1.0,9.862751505275567,0.10000000149011612
26.728,1.0,9.698033525070382,0.10000000149011612
26.777,1.0,9.835214995986057,0.10000000149011612
26.838,1.0,9.780322360661295,0.10000000149011612
26.881,1.0,9.697739568435484,0.10000000149011612
26.927,1.0,9.862623123576244,0.10000000149011612
26.977,1.0,9.725520501389271,0.10000000149011612
27.03,1.0,9.725292921542293,0.10000000149011612
27.087,1.0,9.780395708998872,0.10000000149011612
27.127,1.0,9.697973330401712,0.10000000149011612
27.173,1.0,9.890000000016556,0.10000000149011612
27.228,1.0,9.890058234685824,0.10000000149011612
27.285,1.0,9.835067365960114,0.10000000149011612
27.327,1.0,9.80770945954654,0.10000000149011612
27.384,1.0,9.945000000008278,0.10000000149011612
27.427,1.0,9.91757977956699,0.10000000149011612
27.48,1.0,9.725167622499995,0.10000000149011612
27.527,1.0,9.752615266934866,0.10000000149011612
27.579,1.0,9.890147767071095,0.10000000149011612
27.633,1.0,9.725392759777606,0.10000000149011612
27.678,1.0,9.917767899110913,0.1293426752090454
27.731,1.0,9.890000000016556,0.10000000149011612
27.778,1.0,9.67044743458844,0.10000000149011612
27.83,1.0,9.780294463886984,0.10000000149011612
27.878,1.0,9.58819371757822,0.10000000149011612
27.928,1.0,9.670416678343383,0.10000000149011612
27.992,1.0,9.725399847535623,0.10000000149011612
28.031,1.0,9.890017575356696,0.10000000149011612
28.084,1.0,9.807820576408671,0.10000000149011612
28.132,1.0,9.78022590333389,0.10000000149011612
28.181,1.0,9.945251044424044,0.14178523421287537
28.239,1.0,9.917509754892025,0.10000000149011612
28.284,1.0,9.890251954293085,0.10000000149011612
28.337,1.0,9.670312529305617,0.10000000149011612
28.386,1.0,9.86272461126662,0.10000000149011612
28.438,1.0,9.807637847939299,0.10000000149011612
28.485,1.0,9.807971583161917,0.10000000149011612
28.536,1.0,9.697882963654896,0.10000000149011612
28.586,1.0,9.807845795961718,0.10000000149011612
28.636,1.0,9.780311962051524,0.10000000149011612
28.688,1.0,9.725533134221203,0.10000000149011612
28.736,1.0,9.780373486090038,0.10000000149011612
28.788,1.0,9.917517402085165,0.10000000149011612
28.839,1.0,9.80786207065814,0.10000000149011612
28.888,1.0,9.780354439239535,0.10000000149011612
28.946,1.0,9.807715611221889,0.10000000149011612
28.987,1.0,9.862643201214572,0.10000000149011612
29.036,1.0,9.94509380424602,0.10000000149011612
29.087,1.0,9.69788509743909,0.10000000149011612
29.137,1.0,9.807794266918467,0.10000000149011612
29.187,1.0,9.807828800049093,0.10000000149011612
29.241,1.0,9.725601047587892,0.10000000149011612
29.288,1.0,9.862606668844819,0.10000000149011612
29.338,1.0,9.7802960033632,0.10000000149011612
29.393,1.0,9.780118116881285,0.10000000149011612
29.448,1.0,9.725334777020747,0.10000000149011612
29.489,1.0,9.917555750120018,0.10000000149011612
29.539,1.0,9.72538326529579,0.10000000149011612
29.594,1.0,9.78035408227394,0.10000000149011612
29.638,1.0,9.862500000020695,0.10000000149011612
29.689,1.0,9.862721261982289,0.10000000149011612
29.741,1.0,9.89013288701988,0.10000000149011612
29.79,1.0,9.725244860806399,0.10000000149011612
29.844,1.0,9.862617409105102,0.10000000149011612
29.891,1.0,9.807669126759802,0.10000000149011612
29.942,1.0,9.75296510329677,0.10000000149011612
30.005,1.0,9.862618785268731,0.10000000149011612
30.041,1.0,9.83542839696424,0.10000000149011612
30.095,1.0,9.890038304403424,0.10000000149011612
30.148,1.0,9.890058097677926,0.10000000149011612
30.195,1.0,9.69776850235131,0.10000000149011612
30.251,1.0,9.752863684172432,0.10000000149011612
30.296,1.0,9.780192625688182,0.10000000149011612
30.345,1.0,9.780474263698691,0.10000000149011612
30.402,1.0,9.835271800392205,0.10000000149011612
30.449,1.0,9.835153865710728,0.10000000149011612
30.5,1.0,9.780282440781594,0.10000000149011612
30.55,1.0,9.725585565157235,0.10000000149011612
30.6,1.0,9.67070452057653,0.10000000149011612
30.65,1.0,9.917687457551558,0.10000000149011612
30.701999999999998,1.0,9.835344859026373,0.10000000149011612
30.758,1.0,9.643147009569738,0.10000000149011612
30.803,1.0,9.78031382177853,0.10000000149011612
30.845,1.0,9.725612052985364,0.10000000149011612
30.901,1.0,9.835093245675994,0.10000000149011612
30.95,1.0,9.890205199085177,0.10000000149011612
31.0,1.0,9.697886787789564,0.10000000149011612
31.051,1.0,9.752846577266853,0.10000000149011612
31.107,1.0,9.835009301391741,0.10000000149011612
31.151,1.0,9.752818710646695,0.10000000149011612
31.208,1.0,9.697783650892477,0.10000000149011612
31.25,1.0,9.945037875490057,0.10000000149011612
31.3,1.0,9.752921964600683,0.10000000149011612
31.357,1.0,9.862894613440666,0.10000000149011612
31.4,1.0,9.670339327367644,0.10000000149011612
31.465,1.0,9.862772661799358,0.10000000149011612
31.501,1.0,9.917560141678486,0.10000000149011612
31.553,1.0,9.807585056747,0.10000000149011612
31.602,1.0,9.697780622148679,0.10000000149011612
31.652,1.0,9.890179918582241,0.10000000149011612
31.703,1.0,9.80779263422721,0.10000000149011612
31.754,1.0,9.780099312712748,0.10000000149011612
31.811,1.0,9.725160730795729,0.10000000149011612
31.854,1.0,9.890079073794187,0.10000000149011612
31.908,1.0,9.780312148771353,0.10000000149011612
31.951999999999998,1.0,9.780277020670473,0.10000000149011612
32.004,1.0,9.917623882347511,0.10519881546497345
32.053,1.0,9.807713204042779,0.10000000149011612
32.103,1.0,9.807766111878058,0.10000000149011612
32.155,1.0,9.807609782699082,0.10000000149011612
32.203,1.0,9.917627765486637,0.10000000149011612
32.254,1.0,9.835184373892844,0.10000000149011612
32.304,1.0,9.780323991572692,0.10000000149011612
32.354,1.0,9.807776364083919,0.10000000149011612
32.404,1.0,9.80768279886494,0.10000000149011612
32.454,1.0,9.75277550239116,0.10000000149011612
32.515,1.0,9.835233701869017,0.10000000149011612
32.553,1.0,9.862735334949361,0.10000000149011612
32.604,1.0,9.89016058182137,0.10000000149011612
32.653,1.0,9.807583825041851,0.10000000149011612
32.704,1.0,9.697873898347218,0.10000000149011612
32.755,1.0,9.780131698896488,0.10000000149011612
32.803,1.0,9.835283342355655,0.10000000149011612
32.856,1.0,9.862533401842747,0.10000000149011612
32.912,1.0,9.752818923443556,0.10000000149011612
32.958,1.0,9.752705111395981,0.10000000149011612
33.009,1.0,9.862631994941168,0.10000000149011612
33.053,1.0,9.78041595555842,0.10574076324701309
33.103,1.0,9.78049350320879,0.10000000149011612
33.152,1.0,9.86286051693476,0.10000000149011612
33.204,1.0,9.807803532481193,0.10000000149011612
33.261,1.0,9.7255741170711,0.10000000149011612
33.303,1.0,9.780274373313619,0.10000000149011612
33.354,1.0,9.807788205208878,0.10000000149011612
33.405,1.0,9.780433143592543,0.10000000149011612
33.454,1.0,9.862624477429522,0.10000000149011612
33.503,1.0,9.807709200017982,0.10000000149011612
33.555,1.0,9.835234896466137,0.10000000149011612
33.605,1.0,9.807742852572765,0.10000000149011612
33.658,1.0,9.890233788266778,0.10000000149011612
33.705,1.0,9.835343025252223,0.10000000149011612
33.758,1.0,9.7251854048421,0.10000000149011612
33.81,1.0,9.697822289624147,0.10000000149011612
33.856,1.0,9.72530475832108,0.10000000149011612
33.907,1.0,9.890121609158815,0.10000000149011612
33.957,1.0,9.80780572346929,0.10000000149011612
33.999,1.0,9.862611775224407,0.10000000149011612
34.059,1.0,9.835000000024836,0.10000000149011612
34.109,1.0,9.780179660684533,0.10000000149011612
34.161,1.0,9.86267134702454,0.10000000149011612
34.215,1.0,9.807684810956319,0.10000000149011612
34.257,1.0,9.78032213927557,0.10000000149011612
34.307,1.0,9.780549662560224,0.10000000149011612
34.358,1.0,9.835153848636482,0.10000000149011612
34.407,1.0,9.835254097957577,0.10000000149011612
34.457,1.0,9.780237570405006,0.10000000149011612
34.509,1.0,9.807746376179987,0.10000000149011612
34.558,1.0,9.862760646703343,0.10000000149011612
34.612,1.0,9.752686922128001,0.10000000149011612
34.658,1.0,9.807806256661813,0.10000000149011612
34.709,1.0,9.725353117266463,0.10000000149011612
34.758,1.0,9.890000000016556,0.10000000149011612
34.807,1.0,9.780323063520093,0.10000000149011612
34.866,1.0,9.890093436154226,0.10000000149011612
34.911,1.0,9.835100825027459,0.10000000149011612
34.961,1.0,9.890112211431067,0.10000000149011612
35.012,1.0,9.780139354657795,0.10000000149011612
35.061,1.0,9.862714127037261,0.10000000149011612
35.118,1.0,9.725304196899136,0.10000000149011612
35.161,1.0,9.697803288449844,0.10000000149011612
35.213,1.0,9.808149235923256,0.10000000149011612
35.268,1.0,9.780534323615333,0.10000000149011612
35.31,1.0,9.725219668654931,0.10000000149011612
35.366,1.0,9.807559662974542,0.10000000149011612
35.429,1.0,9.807810280699696,0.10000000149011612
35.466,1.0,9.807861045582428,0.10000000149011612
35.516,1.0,9.8353160864984,0.10000000149011612
35.561,1.0,9.862632474986215,0.10000000149011612
35.617,1.0,9.835111622284684,0.10000000149011612
35.666,1.0,9.670400511245761,0.10000000149011612
35.715,1.0,9.75283017249571,0.10000000149011612
35.768,1.0,9.890152446635895,0.10000000149011612
35.816,1.0,9.835252141745555,0.10000000149011612
35.863,1.0,9.862566880343689,0.10000000149011612
35.916,1.0,9.780000000033114,0.10000000149011612
35.968,1.0,9.835296747212608,0.10000000149011612
36.021,1.0,9.862544681628545,0.10000000149011612
36.067,1.0,9.86255350905574,0.10000000149011612
36.118,1.0,9.86265999223623,0.10000000149011612
36.164,1.0,9.890088662153318,0.10000000149011612
36.221,1.0,9.78030276582059,0.10000000149011612
36.279,1.0,9.835167576207056,0.10000000149011612
36.322,1.0,9.89025091510266,0.10000000149011612
36.373,1.0,9.780001255621512,0.10000000149011612
36.424,1.0,9.945137351399495,0.10000000149011612
36.472,1.0,9.835358928123282,0.10000000149011612
36.528,1.0,9.890174788816108,0.10000000149011612
36.571,1.0,9.835262203816738,0.10000000149011612
36.627,1.0,9.91754282688101,0.10000000149011612
36.672,1.0,9.835215742679106,0.10000000149011612
36.729,1.0,9.533346699261003,0.10000000149011612
36.773,1.0,9.752691122082373,0.10000000149011612
36.822,1.0,9.835238422391315,0.10000000149011612
36.873,1.0,9.862573028190269,0.10000000149011612
36.924,1.0,9.780362116255693,0.10000000149011612
36.975,1.0,9.86259174299323,0.10000000149011612
37.029,1.0,9.725284101648462,0.10000000149011612
37.074,1.0,9.83537696475784,0.10000000149011612
37.122,1.0,9.780350717012253,0.10000000149011612
37.175,1.0,9.835249028251402,0.10000000149011612
37.233,1.0,9.835465595519377,0.1033046692609787
37.28,1.0,9.862830434574022,0.10000000149011612
37.34,1.0,9.835370112769306,0.10000000149011612
37.379,1.0,9.862686858926383,0.10000000149011612
37.434,1.0,9.862650971238812,0.10000000149011612
37.482,1.0,9.945044780522585,0.10000000149011612
37.531,1.0,9.91754797583239,0.10000000149011612
37.586,1.0,9.862699291586049,0.10000000149011612
37.632,1.0,9.807884285164375,0.10000000149011612
37.688,1.0,9.725118987427818,0.10000000149011612
37.733,1.0,9.89010240615656,0.10000000149011612
37.783,1.0,9.89029372955362,0.10865527391433716
37.836,1.0,9.945000000008278,0.10000000149011612
37.882,1.0,9.83528168240769,0.10000000149011612
37.935,1.0,9.807928844479223,0.10000000149011612
37.995,1.0,9.862777532016237,0.11045774072408676
38.034,1.0,9.780170891785787,0.10000000149011612
38.089,1.0,9.862761446668042,0.10000000149011612
38.135,1.0,9.67050802734577,0.10000000149011612
38.183,1.0,9.8626058359113,0.10000000149011612
38.235,1.0,9.835214190495511,0.10000000149011612
38.284,1.0,9.807749765738844,0.10000000149011612
38.347,1.0,9.808017476234172,0.10000000149011612
38.388,1.0,9.725182100716564,0.10000000149011612
38.436,1.0,9.862500000020695,0.10000000149011612
38.49,1.0,9.835174764982527,0.10000000149011612
38.537,1.0,9.697859508192373,0.10000000149011612
38.591,1.0,9.835241322115891,0.10000000149011612
38.639,1.0,9.835240258255766,0.10000000149011612
38.688,1.0,9.835168565023277,0.10000000149011612
38.74,1.0,9.807876185824474,0.10000000149011612
38.792,1.0,9.807595355498295,0.10000000149011612
38.84,1.0,9.835265022619732,0.10422461479902267
38.889,1.0,9.862664401841661,0.10000000149011612
38.941,1.0,9.725461532485982,0.10000000149011612
38.989,1.0,9.835078371957772,0.10000000149011612
39.043,1.0,9.78053412269801,0.10000000149011612
39.091,1.0,9.78044897115065,0.10000000149011612
39.151,1.0,9.890000000016556,0.10000000149011612
39.191,1.0,9.752821431081328,0.10000000149011612
39.242,1.0,9.835284373164177,0.10000000149011612
39.29,1.0,9.807788846000202,0.10000000149011612
39.34,1.0,9.780251254865693,0.10000000149011612
39.404,1.0,9.835306240866581,0.10000000149011612
39.44,1.0,9.752576142383946,0.10000000149011612
39.493,1.0,9.75275731852485,0.10000000149011612
39.541,1.0,9.835230859493215,0.10000000149011612
39.592,1.0,9.752905390059782,0.10000000149011612
39.642,1.0,9.725385294792552,0.10000000149011612
39.696,1.0,9.780367749246459,0.10000000149011612
39.746,1.0,9.862614210860597,0.10000000149011612
39.791,1.0,9.917560416998136,0.10000000149011612
39.843,1.0,9.917593211784132,0.10000000149011612
39.892,1.0,9.890135070681572,0.10000000149011612
39.944,1.0,9.86261007498122,0.10000000149011612
39.997,1.0,9.890197517267532,0.10000000149011612
40.042,1.0,9.80781772221542,0.10000000149011612
40.094,1.0,9.752832702733576,0.10000000149011612
40.141,1.0,9.615339541435242,0.10000000149011612
40.195,1.0,9.862577980011702,0.10000000149011612
40.245,1.0,9.725363609215451,0.10000000149011612
40.301,1.0,9.83519735439784,0.10000000149011612
40.343,1.0,9.890105273305542,0.10000000149011612
40.395,1.0,9.835303197656241,0.10000000149011612
40.444,1.0,9.780332548274762,0.10000000149011612
40.501,1.0,9.780291350268655,0.10000000149011612
40.545,1.0,9.917500000012417,0.10000000149011612
40.605,1.0,9.725490531594389,0.10000000149011612
40.643,1.0,9.835183120042913,0.10000000149011612
40.695,1.0,9.89022089259492,0.10000000149011612
40.744,1.0,9.807742873848312,0.10000000149011612
40.793,1.0,9.862616397150688,0.10000000149011612
40.845,1.0,9.890147204303908,0.10000000149011612
40.895,1.0,9.642812373302878,0.10000000149011612
40.944,1.0,9.835120558242004,0.10000000149011612
40.995,1.0,9.89020528048277,0.10000000149011612
41.05,1.0,9.807603876065048,0.10000000149011612
41.097,1.0,9.780126066692173,0.10000000149011612
41.146,1.0,9.862736807370352,0.10000000149011612
41.197,1.0,9.752718296854033,0.10000000149011612
41.247,1.0,9.670340835447941,0.10000000149011612
41.296,1.0,9.917673556196194,0.10000000149011612
41.357,1.0,9.890329705903099,0.10000000149011612
41.398,1.0,9.725451411493122,0.10000000149011612
41.444,1.0,9.862561872663598,0.10000000149011612
41.499,1.0,9.835080416293607,0.10000000149011612
41.538,1.0,9.807756004275547,0.10000000149011612
41.597,1.0,9.752684714314011,0.10000000149011612
41.646,1.0,9.807703972918292,0.10000000149011612
41.697,1.0,9.807573932202326,0.10000000149011612
41.749,1.0,9.862695229177673,0.10000000149011612
41.799,1.0,9.835044893622399,0.10000000149011612
41.847,1.0,9.807684071403411,0.10000000149011612
41.9,1.0,9.75263767418348,0.10000000149011612
41.948,1.0,9.752688696359595,0.10000000149011612
42.007,1.0,9.780095236810546,0.10000000149011612
42.046,1.0,9.780154597034885,0.10000000149011612
42.104,1.0,9.725241440762249,0.10000000149011612
42.147,1.0,9.752709935046733,0.10000000149011612
42.203,1.0,9.945018318564527,0.10000000149011612
42.247,1.0,9.86273204818782,0.10000000149011612
42.297,1.0,9.862523676786157,0.10000000149011612
42.348,1.0,9.862632411883936,0.10000000149011612
42.402,1.0,9.917554506142107,0.10000000149011612
42.452,1.0,9.862767486584683,0.10000000149011612
42.502,1.0,9.835361186642613,0.10000000149011612
42.553,1.0,9.780200789310038,0.10000000149011612
42.604,1.0,9.752974857679671,0.10000000149011612
42.654,1.0,9.780256555560563,0.10000000149011612
42.702,1.0,9.917528456822037,0.10000000149011612
42.752,1.0,9.807768922506106,0.10000000149011612
42.804,1.0,9.890195065819555,0.10000000149011612
42.855,1.0,9.780378644106289,0.10000000149011612
42.904,1.0,9.835164709616866,0.10000000149011612
42.952,1.0,9.835275892230372,0.10000000149011612
43.01,1.0,9.725756561321516,0.10000000149011612
43.056,1.0,9.807932582766645,0.10000000149011612
43.11,1.0,9.780365479965177,0.10000000149011612
43.156,1.0,9.807691510642568,0.10000000149011612
43.209,1.0,9.780439680752655,0.10000000149011612
43.263,1.0,9.752690105574827,0.10000000149011612
43.306,1.0,9.560628470157583,0.10000000149011612
43.362,1.0,9.83508433084935,0.10000000149011612
43.406,1.0,9.697954170488648,0.10000000149011612
43.458,1.0,9.86271477215406,0.10000000149011612
43.507,1.0,9.780381917725835,0.10000000149011612
43.559,1.0,9.807565950312549,0.10000000149011612
43.613,1.0,9.752691727235085,0.10000000149011612
43.656,1.0,9.862628214495878,0.10000000149011612
43.709,1.0,9.643039687722922,0.10000000149011612
43.757,1.0,9.835124715521104,0.10000000149011612
43.812,1.0,9.835287015678155,0.10000000149011612
43.86,1.0,9.835210224986076,0.10000000149011612
43.909,1.0,9.807667150493298,0.10000000149011612
43.962,1.0,9.890143597436447,0.10000000149011612
44.01,1.0,9.835172037718197,0.10000000149011612
44.062,1.0,9.642798711980383,0.10000000149011612
44.11,1.0,9.75304081891146,0.10000000149011612
44.16,1.0,9.835128310633202,0.10000000149011612
44.21,1.0,9.697925744847291,0.10000000149011612
44.259,1.0,9.835164760053157,0.10000000149011612
44.322,1.0,9.807849227823317,0.10000000149011612
44.359,1.0,9.972500000004139,0.10000000149011612
44.409,1.0,9.78026110124257,0.10000000149011612
44.458,1.0,9.807729906361136,0.10000000149011612
44.51,1.0,9.835251160524786,0.10000000149011612
44.571,1.0,9.780212094013889,0.10000000149011612
44.614,1.0,9.890316034149793,0.11918849498033524
44.668,1.0,9.862731989928418,0.10000000149011612
44.713,1.0,9.752638659212325,0.10000000149011612
44.771,1.0,9.890039659146634,0.10000000149011612
44.812,1.0,9.80766305875861,0.10000000149011612
44.863,1.0,9.890073935294318,0.10000000149011612
44.908,1.0,9.835073003441924,0.10000000149011612
44.964,1.0,9.835387784966992,0.10000000149011612
45.013,1.0,9.862588832713664,0.10000000149011612
45.065,1.0,9.862500000020695,0.10000000149011612
45.117,1.0,9.807754250201913,0.10000000149011612
45.171,1.0,9.835160647208491,0.10000000149011612
45.219,1.0,9.917666586757534,0.10000000149011612
45.273,1.0,9.862663444359269,0.10000000149011612
45.317,1.0,9.807665041730635,0.10000000149011612
45.367,1.0,9.835062507167459,0.10000000149011612
45.428,1.0,9.862569489205876,0.10000000149011612
45.467,1.0,9.890169132625063,0.10000000149011612
45.525,1.0,9.835396223556664,0.10000000149011612
45.567,1.0,9.89008264578879,0.10000000149011612
45.619,1.0,9.835248360203373,0.10000000149011612
45.667,1.0,9.725513096546962,0.10000000149011612
45.718,1.0,9.890132574592199,0.10000000149011612
45.77,1.0,9.86271318373167,0.10000000149011612
45.818,1.0,9.862599162219299,0.10000000149011612
45.866,1.0,9.807924125240081,0.10000000149011612
45.917,1.0,9.890271694730554,0.1149384081363678
45.973,1.0,9.780109890115758,0.10000000149011612
46.018,1.0,9.862708837104341,0.10000000149011612
46.07,1.0,9.780459388780097,0.10000000149011612
46.118,1.0,9.780282908698751,0.10000000149011612
46.176,1.0,9.835017115602064,0.10000000149011612
46.218,1.0,9.752605108357965,0.10000000149011612
46.269,1.0,9.89011847652081,0.10000000149011612
46.318,1.0,9.780184095890986,0.10000000149011612
46.367,1.0,9.725311813337935,0.10000000149011612
46.417,1.0,9.807755591989391,0.10000000149011612
46.467,1.0,9.752786686602565,0.10000000149011612
46.52,1.0,9.91757050042765,0.10000000149011612
46.568,1.0,9.725380014152163,0.10000000149011612
46.618,1.0,9.670511753795047,0.10000000149011612
46.667,1.0,9.86279922241552,0.10000000149011612
46.725,1.0,9.835355789359244,0.10000000149011612
46.776,1.0,9.862744148054885,0.10000000149011612
46.825,1.0,9.862653193374475,0.10000000149011612
46.879,1.0,9.917585417628288,0.10000000149011612
46.926,1.0,9.83536930554029,0.10000000149011612
46.977,1.0,9.780309106078413,0.10000000149011612
47.027,1.0,9.862735045556393,0.10000000149011612
47.076,1.0,9.862648363514907,0.10000000149011612
47.124,1.0,9.780511955296,0.10000000149011612
47.179,1.0,9.862646265741851,0.10000000149011612
47.229,1.0,9.890159666455455,0.10000000149011612
47.279,1.0,9.697867731729316,0.10000000149011612
47.329,1.0,9.807722560378412,0.10000000149011612
47.381,1.0,9.780266082535187,0.10000000149011612
47.436,1.0,9.780245483273433,0.10000000149011612
47.484,1.0,9.807711314244402,0.10000000149011612
47.541,1.0,9.80779119765179,0.10000000149011612
47.584,1.0,9.780114363216692,0.10000000149011612
47.642,1.0,9.835164972560273,0.10000000149011612
47.684,1.0,9.862710690684617,0.10000000149011612
47.734,1.0,9.83519673395074,0.10000000149011612
47.794,1.0,9.725459720070164,0.10000000149011612
47.834,1.0,9.753064481520818,0.10000000149011612
47.883,1.0,9.807619703561068,0.10000000149011612
47.934,1.0,9.835291725459198,0.10000000149011612
47.984,1.0,9.725252811300258,0.10000000149011612
48.035,1.0,9.835098851327267,0.10000000149011612
48.084,1.0,9.835120842730005,0.10000000149011612
48.135,1.0,9.890155912563205,0.10000000149011612
48.186,1.0,9.890204353216621,0.10000000149011612
48.229,1.0,9.83504293291933,0.10000000149011612
48.287,1.0,9.835498371409873,0.10000000149011612
48.335,1.0,9.83536175172776,0.10000000149011612
48.385,1.0,9.725463176291022,0.10000000149011612
48.438,1.0,9.890165879722272,0.10000000149011612
48.488,1.0,9.835325397364794,0.10000000149011612
48.535,1.0,9.78029342101266,0.10000000149011612
48.586,1.0,9.917686258049475,0.10000000149011612
48.636,1.0,9.945089526122644,0.10000000149011612
48.687,1.0,9.780331004017757,0.10000000149011612
48.735,1.0,9.862608869849808,0.10000000149011612
48.786,1.0,9.725353330973949,0.10000000149011612
48.848,1.0,9.917557415138516,0.10000000149011612
48.885,1.0,9.61551222908828,0.10000000149011612
48.94,1.0,9.698082876391709,0.10000000149011612
48.987,1.0,9.862670050623516,0.10000000149011612
49.039,1.0,9.862557395671805,0.10000000149011612
49.088,1.0,9.862735797775288,0.10000000149011612
49.136,1.0,9.835117222223845,0.10000000149011612
49.189,1.0,9.862725426732666,0.10000000149011612
49.237,1.0,9.862701468811267,0.10000000149011612
49.286,1.0,9.80795686625772,0.10000000149011612
49.337,1.0,9.670280281806157,0.10000000149011612
49.387,1.0,9.752820079111391,0.10000000149011612
49.444,1.0,9.835149017121228,0.10000000149011612
49.489,1.0,9.75263107156174,0.10000000149011612
49.537,1.0,9.835038943961262,0.10000000149011612
49.587,1.0,9.780281981411907,0.10000000149011612
49.633,1.0,9.83503128097703,0.10000000149011612
49.686,1.0,9.670174294047886,0.10000000149011612
49.742,1.0,9.752837180739476,0.10000000149011612
49.79,1.0,9.83545780862785,0.1013578474521637
49.837,1.0,9.72551983979841,0.10000000149011612
49.9,1.0,9.780320980420543,0.10000000149011612
49.938,1.0,9.83512741341773,0.10000000149011612
49.991,1.0,9.862825397277872,0.10000000149011612
50.039,1.0,9.890071490137942,0.10000000149011612
50.099,1.0,9.862768450462156,0.10000000149011612
50.139,1.0,9.862753266447948,0.10376779735088348
50.201,1.0,9.807639400867952,0.10000000149011612
50.238,1.0,9.835228565397362,0.10000000149011612
50.293,1.0,9.862638159820603,0.10000000149011612
50.338,1.0,9.670527297630906,0.10000000149011612
50.389,1.0,9.945074736140668,0.10000000149011612
50.441,1.0,9.64264620045821,0.10000000149011612
50.489,1.0,9.753077600896358,0.10000000149011612
50.539,1.0,9.670217772055832,0.10000000149011612
50.588,1.0,9.75284531691836,0.10000000149011612
50.64,1.0,9.807631574736702,0.10000000149011612
50.694,1.0,9.752653283377489,0.10000000149011612
50.744,1.0,9.725273344396717,0.10000000149011612
50.789,1.0,9.780150683907172,0.10000000149011612
50.839,1.0,9.835119383740757,0.10000000149011612
50.897,1.0,9.752994958663152,0.10000000149011612
50.94,1.0,9.807680444005463,0.10000000149011612
50.995,1.0,9.780163841177192,0.10000000149011612
51.039,1.0,9.780219315199389,0.10000000149011612
51.094,1.0,9.807854328056177,0.10000000149011612
51.139,1.0,9.835267588558297,0.10000000149011612
51.188,1.0,9.862749751284719,0.10000000149011612
51.239,1.0,9.725208860035572,0.10000000149011612
51.294,1.0,9.835171181398133,0.10000000149011612
51.341,1.0,9.725262279477384,0.10000000149011612
51.392,1.0,9.890071647738417,0.10000000149011612
51.445,1.0,9.697728152800765,0.10000000149011612
51.49,1.0,9.643225703678198,0.10000000149011612
51.55,1.0,9.78013724103156,0.10000000149011612
51.591,1.0,9.807685718933742,0.10000000149011612
51.642,1.0,9.835172623147567,0.10000000149011612
51.703,1.0,9.807716678269207,0.10000000149011612
51.75,1.0,9.752749691738023,0.10000000149011612
51.798,1.0,9.752788413295315,0.10000000149011612
51.855,1.0,9.780192569125857,0.10000000149011612
51.902,1.0,9.697994055930112,0.10000000149011612
51.952,1.0,9.91758448332548,0.10000000149011612
52.007,1.0,9.945081160610748,0.10000000149011612
52.061,1.0,9.780247335943082,0.10000000149011612
52.103,1.0,9.615407556254002,0.10000000149011612
52.152,1.0,9.78008302330143,0.10000000149011612
52.206,1.0,9.862533033142487,0.10000000149011612
52.261,1.0,9.83515919022676,0.10000000149011612
52.32,1.0,9.83519939146936,0.10000000149011612
52.358,1.0,9.780122835727202,0.10000000149011612
52.411,1.0,9.780350809813374,0.10000000149011612
52.454,1.0,9.80773522419234,0.10000000149011612
52.505,1.0,9.72527318449898,0.10000000149011612
52.554,1.0,9.890032627226578,0.10000000149011612
52.606,1.0,9.752623624975483,0.10000000149011612
52.654,1.0,9.780260066501796,0.10000000149011612
52.705,1.0,9.835000000024836,0.10000000149011612
52.756,1.0,9.890000000016556,0.10000000149011612
52.808,1.0,9.835213980927236,0.10000000149011612
52.863,1.0,9.835227272473276,0.10000000149011612
52.908,1.0,9.807757585930327,0.10000000149011612
52.961,1.0,9.862726435706847,0.10000000149011612
53.009,1.0,9.780278568590681,0.10000000149011612
53.061,1.0,9.670557760405872,0.10000000149011612
53.109,1.0,9.69795628802644,0.10000000149011612
53.159,1.0,9.807583194764124,0.10000000149011612
53.216,1.0,9.64313992553701,0.10000000149011612
53.259,1.0,9.835282575214903,0.10000000149011612
53.311,1.0,9.78035936076194,0.10000000149011612
53.363,1.0,9.780276505193777,0.10000000149011612
53.412,1.0,9.890158057564662,0.10000000149011612
53.466,1.0,9.890064675133262,0.10000000149011612
53.52,1.0,9.752634430117904,0.10000000149011612
53.56,1.0,9.835410894515613,0.10000000149011612
53.609,1.0,9.780185118938485,0.10000000149011612
53.662,1.0,9.890266574712264,0.10000000149011612
53.712,1.0,9.862637180400391,0.10000000149011612
53.76,1.0,9.75286073980646,0.10000000149011612
53.814,1.0,9.725241010636092,0.10000000149011612
53.865,1.0,9.890098570245836,0.10000000149011612
53.915,1.0,9.752772946428093,0.10000000149011612
53.981,1.0,9.890215904472603,0.10000000149011612
54.016,1.0,9.807701829075814,0.10000000149011612
54.064,1.0,9.890239384025335,0.10000000149011612
54.128,1.0,9.642998484832544,0.10000000149011612
54.169,1.0,9.752708110937641,0.10000000149011612
54.222,1.0,9.972500000004139,0.10000000149011612
54.274,1.0,9.75284612973531,0.10000000149011612
54.321,1.0,9.835320109315216,0.10000000149011612
54.382,1.0,9.890019008144737,0.10000000149011612
54.425,1.0,9.807523480699293,0.10000000149011612
54.472,1.0,9.89030253926499,0.10000000149011612
54.523,1.0,9.890163637511431,0.10000000149011612
54.572,1.0,9.835263763885532,0.10000000149011612
54.624,1.0,9.725519461060564,0.10000000149011612
54.671,1.0,9.697802702316807,0.10000000149011612
54.732,1.0,9.807534434128966,0.10000000149011612
54.775,1.0,9.725270893383357,0.10000000149011612
54.823,1.0,9.780391289086806,0.10000000149011612
54.874,1.0,9.89015270885494,0.10000000149011612
54.928,1.0,9.807727050263848,0.10000000149011612
54.973,1.0,9.752957388737963,0.10000000149011612
55.031,1.0,9.945103596461315,0.10000000149011612
55.073,1.0,9.615686603718334,0.10000000149011612
55.127,1.0,9.862814659770164,0.10000000149011612
55.173,1.0,9.835328471888271,0.10000000149011612
55.234,1.0,9.725238679577078,0.10000000149011612
55.277,1.0,9.807811538771622,0.10000000149011612
55.323,1.0,9.917629016811649,0.10000000149011612
55.381,1.0,9.780182272547648,0.10000000149011612
55.431,1.0,9.862509224832886,0.10000000149011612
55.473,1.0,9.890007012958328,0.10000000149011612
55.526,1.0,9.752982585753005,0.10000000149011612
55.577,1.0,9.642842654987342,0.10000000149011612
55.631,1.0,9.862686871840722,0.10000000149011612
55.674,1.0,9.725486069027749,0.10000000149011612
55.725,1.0,9.725195313038098,0.10000000149011612
55.775,1.0,9.698049587694307,0.10000000149011612
55.826,1.0,9.862531638228232,0.10000000149011612
55.874,1.0,9.780221022624108,0.10000000149011612
55.932,1.0,9.807600020700031,0.10000000149011612
55.979,1.0,9.752895189428495,0.10000000149011612
56.025,1.0,9.69805646619449,0.10000000149011612
56.075,1.0,9.835141728404496,0.10000000149011612
56.124,1.0,9.807759408425126,0.10000000149011612
56.171,1.0,9.725276125553581,0.10000000149011612
56.223,1.0,9.670364056734575,0.10000000149011612
56.278,1.0,9.75278933689826,0.10000000149011612
56.334,1.0,9.83529054398338,0.10000000149011612
56.377,1.0,9.807604700492488,0.10000000149011612
56.43,1.0,9.917646999491586,0.10000000149011612
56.478,1.0,9.945136368916266,0.10000000149011612
56.529,1.0,9.862576186263727,0.10000000149011612
56.582,1.0,9.807766786962748,0.10000000149011612
56.63,1.0,9.917576915439632,0.10000000149011612
56.683,1.0,9.78069566078484,0.10000000149011612
56.728,1.0,9.917597148753703,0.10000000149011612
56.782,1.0,9.69785429738048,0.10000000149011612
56.83,1.0,9.862667721551325,0.10000000149011612
56.879,1.0,9.752797235548496,0.10000000149011612
56.928,1.0,9.835085899610487,0.10000000149011612
56.977,1.0,9.862550254207518,0.10000000149011612
57.028,1.0,9.752744374237954,0.10000000149011612
57.077,1.0,9.780137172196474,0.10000000149011612
57.129,1.0,9.86256499333928,0.10000000149011612
57.183,1.0,9.835168585015667,0.10000000149011612
57.23,1.0,9.752600303706195,0.10000000149011612
57.281,1.0,9.75297972942806,0.10000000149011612
57.332,1.0,9.752949475703968,0.10000000149011612
57.38,1.0,9.780376557281448,0.10000000149011612
57.43,1.0,9.807774413666792,0.10000000149011612
57.48,1.0,9.835433406134447,0.10000000149011612
57.529,1.0,9.890000000016556,0.10000000149011612
57.583,1.0,9.807665091856487,0.10000000149011612
57.63,1.0,9.780297677963972,0.10000000149011612
57.682,1.0,9.752696920476026,0.10000000149011612
57.741,1.0,9.807913654483855,0.10000000149011612
57.781,1.0,9.725672280208933,0.10000000149011612
57.834,1.0,9.835151426018113,0.10000000149011612
57.882,1.0,9.780319556821551,0.10000000149011612
57.931,1.0,9.780341798729367,0.10000000149011612
57.987,1.0,9.835379846228493,0.10000000149011612
58.032,1.0,9.862587210536002,0.10000000149011612
58.086,1.0,9.725267211471994,0.10000000149011612
58.132,1.0,9.862758898238342,0.10000000149011612
58.182,1.0,9.697914331364963,0.10000000149011612
58.231,1.0,9.780219958681199,0.10000000149011612
58.281,1.0,9.697725695040491,0.10000000149011612
58.332,1.0,9.697659976056052,0.10000000149011612
58.382,1.0,9.7253660545167,0.10000000149011612
58.431,1.0,9.89024079028103,0.10000000149011612
58.483,1.0,9.917693507816228,0.11170154064893723
58.53,1.0,9.835129030690425,0.10000000149011612
58.581,1.0,9.835090184418691,0.10000000149011612
58.631,1.0,9.835073768699335,0.10000000149011612
58.68,1.0,9.890092680499786,0.10000000149011612
58.73,1.0,9.780200632289052,0.10000000149011612
58.782,1.0,9.75269426272975,0.10000000149011612
58.831,1.0,9.835294995932943,0.10000000149011612
58.881,1.0,9.807774838101533,0.10000000149011612
58.935,1.0,9.945113293950756,0.11178037524223328
58.981,1.0,9.83514413471437,0.10000000149011612
59.035,1.0,9.835315788185431,0.10000000149011612
59.081,1.0,9.835261249914765,0.10000000149011612
59.131,1.0,9.862690543983545,0.10000000149011612
59.184,1.0,9.752512689017587,0.10000000149011612
59.231,1.0,9.752595271501276,0.10000000149011612
59.282,1.0,9.780570761342016,0.10000000149011612
59.333,1.0,9.807590354378853,0.10000000149011612
59.383,1.0,9.67039444550044,0.10000000149011612
59.432,1.0,9.945097107378144,0.10000000149011612
59.488,1.0,9.780214077565406,0.10000000149011612
59.532,1.0,9.780021914963921,0.10000000149011612
59.589,1.0,9.835221928937568,0.10000000149011612
59.632,1.0,9.835242197227975,0.10000000149011612
59.685,1.0,9.697758461079664,0.10000000149011612
59.734,1.0,9.753087768413954,0.10000000149011612
59.79,1.0,9.835036381271978,0.10000000149011612
59.832,1.0,9.725421461607848,0.10000000149011612
59.897,1.0,9.862580328103569,0.10000000149011612
59.933,1.0,9.670495888611509,0.10000000149011612
59.983,1.0,9.64290977122469,0.10000000149011612
60.033,1.0,9.890064616418547,0.10000000149011612
60.09,1.0,9.862707627854414,0.10000000149011612
60.134,1.0,9.80795404650271,0.10000000149011612
60.188,1.0,9.780233525691761,0.10000000149011612
60.233,1.0,9.752776927707924,0.10000000149011612
60.282,1.0,9.83530983225339,0.10000000149011612
60.329,1.0,9.835247803210384,0.10000000149011612
60.382,1.0,9.72525408340411,0.10000000149011612
60.431,1.0,9.725298759775857,0.10000000149011612
60.482,1.0,9.890040556962292,0.10000000149011612
60.532,1.0,9.835161951349841,0.10000000149011612
60.582,1.0,9.78000803877496,0.10000000149011612
60.631,1.0,9.835107922160791,0.10000000149011612
60.681,1.0,9.945054052997794,0.10000000149011612
60.732,1.0,9.835287223363089,0.10000000149011612
60.783,1.0,9.835129758177532,0.10000000149011612
60.833,1.0,9.835083893976277,0.10000000149011612
60.89,1.0,9.80780614140547,0.10000000149011612
60.935,1.0,9.835131649486721,0.10000000149011612
60.984,1.0,9.835121820370356,0.10000000149011612
61.035,1.0,9.835117268748581,0.10000000149011612
61.088,1.0,9.862525656922823,0.10000000149011612
61.133,1.0,9.780226482968363,0.10000000149011612
61.185,1.0,9.917637362248367,0.10000000149011612
61.233,1.0,9.890277733364039,0.11122358590364456
61.284,1.0,9.780239677222239,0.10000000149011612
61.34,1.0,9.78019179503123,0.10000000149011612
61.388,1.0,9.698023836107717,0.10000000149011612
61.438,1.0,9.835182385477754,0.10000000149011612
61.488,1.0,9.890093669316007,0.10000000149011612
61.539,1.0,9.670380553892917,0.10000000149011612
61.594,1.0,9.752772190463212,0.10000000149011612
61.638,1.0,9.697852763347328,0.10000000149011612
61.69,1.0,9.83539008539584,0.10000000149011612
61.739,1.0,9.725280815590587,0.10000000149011612
61.79,1.0,9.807772558865448,0.10000000149011612
61.839,1.0,9.807768102983633,0.10000000149011612
61.893,1.0,9.89020754723913,0.10000000149011612
61.94,1.0,9.8625847712987,0.10000000149011612
61.99,1.0,9.75273773320433,0.10000000149011612
62.04,1.0,9.835000000024836,0.10000000149011612
62.09,1.0,9.725421923109227,0.10000000149011612
62.14,1.0,9.807559573878017,0.10000000149011612
62.189,1.0,9.8352654180386,0.10000000149011612
62.244,1.0,9.780294423405495,0.10000000149011612
62.294,1.0,9.780320783890783,0.10000000149011612
62.353,1.0,9.807762087219292,0.10000000149011612
62.394,1.0,9.80798607584503,0.10000000149011612
62.442,1.0,9.807712984209259,0.10000000149011612
62.494,1.0,9.8075992051512,0.10000000149011612
62.547,1.0,9.780319966355131,0.10000000149011612
62.594,1.0,9.725363310322994,0.10000000149011612
62.644,1.0,9.807676881531046,0.10000000149011612
62.697,1.0,9.807766755008036,0.10000000149011612
62.745,1.0,9.807805266127819,0.10000000149011612
62.796,1.0,9.725389040323595,0.10000000149011612
62.845,1.0,9.917608028029402,0.10000000149011612
62.895,1.0,9.780524502570431,0.10000000149011612
62.952,1.0,9.78052985748897,0.10000000149011612
62.996,1.0,9.862793605960906,0.10000000149011612
63.049,1.0,9.862557542841468,0.10000000149011612
63.096,1.0,9.780232311185035,0.10000000149011612
63.148,1.0,9.89013538279881,0.10000000149011612
63.196,1.0,9.890097397089832,0.10000000149011612
63.255,1.0,9.835159772448241,0.10000000149011612
63.297,1.0,9.945080370642245,0.10000000149011612
63.346,1.0,9.862614862144822,0.10000000149011612
63.396,1.0,9.917724466261765,0.10000000149011612
63.446,1.0,9.780199180253678,0.10000000149011612
63.496,1.0,9.86274474259052,0.10000000149011612
63.545,1.0,9.945157738754318,0.1129499301314354
63.6,1.0,9.807761899485357,0.10000000149011612
63.647,1.0,9.917509410095711,0.10000000149011612
63.703,1.0,9.862680645142165,0.10000000149011612
63.749,1.0,9.780319587017098,0.10000000149011612
63.798,1.0,9.807607015656929,0.10000000149011612
63.847,1.0,9.725237743887636,0.10000000149011612
63.897,1.0,9.780461730766628,0.10000000149011612
63.95,1.0,9.807811344580518,0.10000000149011612
63.994,1.0,9.697723495794667,0.10000000149011612
64.048,1.0,9.752770125452015,0.10000000149011612
64.104,1.0,9.86270219867842,0.10000000149011612
64.15,1.0,9.862581258432733,0.10000000149011612
64.203,1.0,9.890197221955491,0.10000000149011612
64.257,1.0,9.752703032559818,0.10000000149011612
64.3,1.0,9.725242547545996,0.10000000149011612
64.355,1.0,9.86263213482582,0.10000000149011612
64.412,1.0,9.862579778105848,0.10000000149011612
64.451,1.0,9.807629084607793,0.10000000149011612
64.505,1.0,9.890060093812645,0.10000000149011612
64.55,1.0,9.807522397550445,0.10000000149011612
64.602,1.0,9.64291643527233,0.10000000149011612
64.665,1.0,9.75275139775541,0.10000000149011612
64.71,1.0,9.670572169745961,0.10000000149011612
64.751,1.0,9.780339996620185,0.10000000149011612
64.8,1.0,9.780152560066846,0.10000000149011612
64.852,1.0,9.780100300576951,0.10000000149011612
64.906,1.0,9.862845166503556,0.10000000149011612
64.953,1.0,9.91764066312462,0.10000000149011612
65.009,1.0,9.917624479366673,0.10000000149011612
65.052,1.0,9.862546736705635,0.10000000149011612
65.105,1.0,9.725333510877357,0.10000000149011612
65.158,1.0,9.835176268861526,0.10000000149011612
65.204,1.0,9.80790211117516,0.10000000149011612
65.257,1.0,9.862631176474194,0.10000000149011612
65.303,1.0,9.835337787907985,0.10000000149011612
65.353,1.0,9.83536574124462,0.10000000149011612
65.411,1.0,9.7252772561171,0.10000000149011612
65.454,1.0,9.780002486767868,0.10000000149011612
65.504,1.0,9.835104367488789,0.10000000149011612
65.557,1.0,9.752772458208105,0.10000000149011612
65.602,1.0,9.945000000008278,0.10000000149011612
65.67,1.0,9.835248687097597,0.10000000149011612
65.704,1.0,9.75283827678197,0.10000000149011612
65.761,1.0,9.780214923040734,0.10000000149011612
65.803,1.0,9.835166139879988,0.10000000149011612
65.855,1.0,9.780093372923632,0.10000000149011612
65.903,1.0,9.890338588775032,0.10000000149011612
65.954,1.0,9.752654676594668,0.10000000149011612
66.003,1.0,9.780091403486828,0.10000000149011612
66.063,1.0,9.752891303495401,0.10000000149011612
66.106,1.0,9.862598351202905,0.10000000149011612
66.155,1.0,9.807815899141133,0.10000000149011612
66.205,1.0,9.835148259893888,0.10000000149011612
66.254,1.0,9.890089274963572,0.10000000149011612
66.307,1.0,9.615424015186727,0.10000000149011612
66.356,1.0,9.945064277429548,0.10000000149011612
66.405,1.0,9.890163792193764,0.10000000149011612
66.453,1.0,9.890144768067533,0.10000000149011612
66.505,1.0,9.835039904899896,0.10000000149011612
66.558,1.0,9.780234597064554,0.10000000149011612
66.615,1.0,9.807711230673723,0.10000000149011612
66.665,1.0,9.780054688226018,0.10000000149011612
66.724,1.0,9.835261629397671,0.10000000149011612
66.769,1.0,9.80768354613748,0.10000000149011612
66.822,1.0,9.862673373044364,0.10000000149011612
66.87,1.0,9.752745169483953,0.10000000149011612
66.928,1.0,9.780039430430365,0.10000000149011612
66.973,1.0,9.945138910578358,0.10376778244972229
67.026,1.0,9.697855550961362,0.10000000149011612
67.073,1.0,9.807536973348922,0.10000000149011612
67.122,1.0,9.697926969495084,0.10000000149011612
67.181,1.0,9.835169338952337,0.10000000149011612
67.224,1.0,9.725310826280879,0.10000000149011612
67.273,1.0,9.780211757123471,0.10000000149011612
67.328,1.0,9.780120187956426,0.10000000149011612
67.373,1.0,9.725361161472069,0.10000000149011612
67.424,1.0,9.890000359569159,0.10000000149011612
67.473,1.0,9.75266806439807,0.10000000149011612
67.525,1.0,9.835128270689811,0.10000000149011612
67.574,1.0,9.75261058592134,0.10000000149011612
67.629,1.0,9.890039850481683,0.10000000149011612
67.678,1.0,9.862747396611505,0.10000000149011612
67.729,1.0,9.835000000024836,0.10000000149011612
67.774,1.0,9.945045666934716,0.10000000149011612
67.824,1.0,9.862500000020695,0.10000000149011612
67.873,1.0,9.753024954804117,0.10000000149011612
67.925,1.0,9.835120594646368,0.10000000149011612
67.975,1.0,9.86268702780621,0.10000000149011612
68.025,1.0,9.86280573233962,0.10000000149011612
68.078,1.0,9.862789445742965,0.10000000149011612
68.124,1.0,9.917700022272765,0.11949579417705536
68.175,1.0,9.780296705725293,0.10000000149011612
68.235,1.0,9.835224891329805,0.10000000149011612
68.281,1.0,9.752801808756258,0.10000000149011612
68.33,1.0,9.780536446823842,0.10000000149011612
68.38,1.0,9.807701770650844,0.10000000149011612
68.431,1.0,9.75258242547926,0.10000000149011612
68.48,1.0,9.780238783525096,0.10000000149011612
68.53,1.0,9.780424948450591,0.10000000149011612
68.586,1.0,9.835108081934353,0.10000000149011612
68.631,1.0,9.698018151087066,0.10000000149011612
68.679,1.0,9.697630360246533,0.10000000149011612
68.73,1.0,9.890111412563257,0.10000000149011612
68.783,1.0,9.69809410093973,0.10000000149011612
68.829,1.0,9.780170053181548,0.10000000149011612
68.881,1.0,9.560849476647046,0.10000000149011612
68.941,1.0,9.862607279212938,0.10000000149011612
68.982,1.0,9.8079054404671,0.10000000149011612
69.029,1.0,9.862692213596569,0.10000000149011612
69.08,1.0,9.725158785656095,0.10000000149011612
69.13,1.0,9.807942338225741,0.10000000149011612
69.18,1.0,9.780360059357351,0.10000000149011612
69.23,1.0,9.945000000008278,0.10000000149011612
69.284,1.0,9.807803302961918,0.10000000149011612
69.333,1.0,9.697813805461758,0.10000000149011612
69.383,1.0,9.835223026573658,0.10000000149011612
69.437,1.0,9.862731581450337,0.10000000149011612
69.487,1.0,9.807693363953796,0.10000000149011612
69.533,1.0,9.807836908722917,0.10000000149011612
69.587,1.0,9.780177362677124,0.10000000149011612
69.632,1.0,9.862649837984806,0.10000000149011612
69.685,1.0,9.61552476864308,0.10000000149011612
69.746,1.0,9.890109740673667,0.10000000149011612
69.784,1.0,9.670627365199229,0.10000000149011612
69.835,1.0,9.725495435628627,0.10000000149011612
69.884,1.0,9.75285214425789,0.10000000149011612
69.939,1.0,9.807830429346197,0.10000000149011612
69.983,1.0,9.80771512662371,0.10000000149011612
70.036,1.0,9.835126810334623,0.10000000149011612
70.084,1.0,9.835220624133944,0.10000000149011612
70.141,1.0,9.890000000016556,0.10000000149011612
70.185,1.0,9.697898761803906,0.10000000149011612
70.242,1.0,9.780337853315803,0.10000000149011612
70.289,1.0,9.86260979730222,0.10000000149011612
70.34,1.0,9.697817647188074,0.10000000149011612
70.399,1.0,9.697946965922084,0.10000000149011612
70.439,1.0,9.807824623274307,0.10000000149011612
70.497,1.0,9.780448958546751,0.10000000149011612
70.546,1.0,9.752752715990775,0.10000000149011612
70.598,1.0,9.78017571731988,0.10000000149011612
70.647,1.0,9.615407419804898,0.10000000149011612
70.696,1.0,9.725538257757822,0.10000000149011612
70.746,1.0,9.890146791251997,0.10000000149011612
70.795,1.0,9.917660706883503,0.10000000149011612
70.853,1.0,9.862634529752864,0.10000000149011612
70.905,1.0,9.835420357932646,0.10000000149011612
70.95,1.0,9.807807172607216,0.10000000149011612
71.011,1.0,9.752826199473606,0.10000000149011612
71.053,1.0,9.807674862692753,0.10000000149011612
71.109,1.0,9.862813481233186,0.10000000149011612
71.155,1.0,9.862599388365116,0.10000000149011612
71.203,1.0,9.752942159420087,0.10000000149011612
71.26,1.0,9.862560902059906,0.10000000149011612
71.304,1.0,9.862663125681381,0.10000000149011612
71.363,1.0,9.6705668684923,0.10000000149011612
71.407,1.0,9.890159739616017,0.10000000149011612
71.449,1.0,9.862612069087724,0.10000000149011612
71.502,1.0,9.780518956171969,0.10000000149011612
71.558,1.0,9.835143951368,0.10000000149011612
71.603,1.0,9.807599823197556,0.10000000149011612
71.654,1.0,9.780244798089067,0.10000000149011612
71.701,1.0,9.780414926446975,0.10000000149011612
71.754,1.0,9.780490826732583,0.10000000149011612
71.806,1.0,9.917508933982916,0.10000000149011612
71.853,1.0,9.89009218727135,0.10000000149011612
71.903,1.0,9.75281564268387,0.10000000149011612
71.955,1.0,9.697643173423906,0.10000000149011612
72.006,1.0,9.835250183712278,0.10000000149011612
72.054,1.0,9.890276224311027,0.10000000149011612
72.105,1.0,9.780110461244153,0.10000000149011612
72.156,1.0,9.807811067750057,0.10000000149011612
72.203,1.0,9.780257943107022,0.10000000149011612
72.258,1.0,9.780057431012391,0.10000000149011612
72.303,1.0,9.835160164162517,0.10000000149011612
72.356,1.0,9.94504110413707,0.10000000149011612
72.402,1.0,9.835234004052149,0.10000000149011612
72.454,1.0,9.862604907444782,0.10000000149011612
72.503,1.0,9.697929152225454,0.10000000149011612
72.555,1.0,9.835074957977566,0.10000000149011612
72.604,1.0,9.917749423223237,0.1181696429848671
72.654,1.0,9.835329353126387,0.10000000149011612
72.707,1.0,9.862751936498615,0.10000000149011612
72.753,1.0,9.890059676621522,0.10000000149011612
72.804,1.0,9.780228392904004,0.10000000149011612
72.853,1.0,9.75287903957069,0.10000000149011612
72.903,1.0,9.835155063888266,0.10000000149011612
72.956,1.0,9.862682867008779,0.10000000149011612
73.007,1.0,9.862631183345284,0.10000000149011612
73.055,1.0,9.725401632694734,0.10000000149011612
73.107,1.0,9.862646650750603,0.10000000149011612
73.158,1.0,9.670221044143869,0.10000000149011612
73.208,1.0,9.725219615590241,0.10000000149011612
73.257,1.0,9.69781173368295,0.10000000149011612
73.308,1.0,9.780220345635382,0.10000000149011612
73.358,1.0,9.835335790986816,0.10000000149011612
73.408,1.0,9.75281209492435,0.10000000149011612
73.458,1.0,9.945000000008278,0.10000000149011612
73.513,1.0,9.807631729005111,0.10000000149011612
73.56,1.0,9.80756576731801,0.10000000149011612
73.617,1.0,9.862728503863845,0.10000000149011612
73.661,1.0,9.862695634613434,0.10000000149011612
73.711,1.0,9.807925939559937,0.10000000149011612
73.762,1.0,9.780319487303496,0.10000000149011612
73.812,1.0,9.835006349844237,0.10000000149011612
73.866,1.0,9.807632257954943,0.10000000149011612
73.912,1.0,9.835183441162938,0.10000000149011612
73.967,1.0,9.697822754457594,0.10000000149011612
74.023,1.0,9.752880655125612,0.10000000149011612
74.066,1.0,9.807738931145932,0.10000000149011612
74.117,1.0,9.75267464739995,0.10000000149011612
74.163,1.0,9.890121098214554,0.10000000149011612
74.215,1.0,9.72552804487447,0.10000000149011612
74.265,1.0,9.697846531040138,0.10000000149011612
74.315,1.0,9.72527078487393,0.10000000149011612
74.368,1.0,9.862689044885338,0.10000000149011612
74.416,1.0,9.835259999562469,0.10000000149011612
74.465,1.0,9.725335441674623,0.10000000149011612
74.52,1.0,9.752822998952535,0.10000000149011612
74.565,1.0,9.78019752326525,0.10000000149011612
74.616,1.0,9.780253539793193,0.10000000149011612
74.665,1.0,9.835160252141456,0.10000000149011612
74.716,1.0,9.752973565190203,0.10000000149011612
74.771,1.0,9.807585549706387,0.10000000149011612
74.815,1.0,9.8353682918888,0.10000000149011612
74.876,1.0,9.890092557109892,0.10000000149011612
74.924,1.0,9.86258355366687,0.10000000149011612
74.965,1.0,9.862598184330595,0.10000000149011612
75.015,1.0,9.670474735999273,0.10000000149011612
75.067,1.0,9.862716170193421,0.10000000149011612
75.12,1.0,9.780286327977148,0.10000000149011612
75.169,1.0,9.6430701698487,0.10000000149011612
75.22,1.0,9.862985417474475,0.1168147400021553
75.265,1.0,9.835076043402983,0.10000000149011612
75.321,1.0,9.780141293899053,0.10000000149011612
75.364,1.0,9.890000000016556,0.10000000149011612
75.42,1.0,9.835472699979114,0.10000000149011612
75.465,1.0,9.862760936096311,0.10000000149011612
75.518,1.0,9.835489064868954,0.10303603112697601
75.566,1.0,9.80768711850461,0.10000000149011612
75.615,1.0,9.807943218015135,0.10000000149011612
75.665,1.0,9.725528213381768,0.10000000149011612
75.716,1.0,9.890247118266092,0.10000000149011612
75.769,1.0,9.83513367463731,0.10000000149011612
75.815,1.0,9.725215170056456,0.10000000149011612
75.868,1.0,9.807819162661003,0.10000000149011612
75.916,1.0,9.8352149170306,0.10000000149011612
75.971,1.0,9.917500000012417,0.10000000149011612
76.015,1.0,9.890014405921102,0.10000000149011612
76.068,1.0,9.862751188915636,0.10000000149011612
76.115,1.0,9.86259670837058,0.10000000149011612
76.165,1.0,9.670234540953404,0.10000000149011612
76.217,1.0,9.835349163847665,0.10000000149011612
76.268,1.0,9.752700533159077,0.10000000149011612
76.317,1.0,9.835180820814438,0.10000000149011612
76.367,1.0,9.780217336428661,0.10000000149011612
76.416,1.0,9.698014039090937,0.10000000149011612
76.481,1.0,9.8627627072028,0.10000000149011612
76.521,1.0,9.670813298494451,0.10000000149011612
76.571,1.0,9.752868904732168,0.10000000149011612
76.626,1.0,9.835130313411355,0.10000000149011612
76.683,1.0,9.89014034755528,0.10000000149011612
76.728,1.0,9.780136987111634,0.10000000149011612
76.783,1.0,9.780359904219706,0.10000000149011612
76.828,1.0,9.780261820596126,0.10000000149011612
76.884,1.0,9.94505517412391,0.10000000149011612
76.931,1.0,9.917525620427396,0.10000000149011612
76.977,1.0,9.862687157425615,0.10000000149011612
77.027,1.0,9.862573424147236,0.10000000149011612
77.08,1.0,9.670557375686863,0.10000000149011612
77.128,1.0,9.917525477976435,0.10000000149011612
77.178,1.0,9.835359944092732,0.10000000149011612
77.236,1.0,9.670310961496499,0.10000000149011612
77.281,1.0,9.725222193615304,0.10000000149011612
77.334,1.0,9.89013909910702,0.10000000149011612
77.385,1.0,9.752698347344994,0.10000000149011612
77.439,1.0,9.80754821172191,0.10000000149011612
77.485,1.0,9.780368340118892,0.10000000149011612
77.539,1.0,9.83509699497372,0.10000000149011612
77.583,1.0,9.780125351953838,0.10000000149011612
77.635,1.0,9.86272053801351,0.10000000149011612
77.684,1.0,9.835116976809998,0.10000000149011612
77.735,1.0,9.83517116608305,0.10000000149011612
77.792,1.0,9.752770727003615,0.10000000149011612
77.834,1.0,9.835293746511969,0.10000000149011612
77.881,1.0,9.835125024306278,0.10000000149011612
77.934,1.0,9.862701666375829,0.10198250412940979
77.986,1.0,9.835221968880958,0.10000000149011612
78.038,1.0,9.890224694170886,0.10000000149011612
78.086,1.0,9.780220669280324,0.10000000149011612
78.139,1.0,9.862650032734706,0.10000000149011612
78.186,1.0,9.917655666213896,0.10737378150224686
78.236,1.0,9.862608727212582,0.10000000149011612
78.286,1.0,9.807616420628296,0.10000000149011612
78.342,1.0,9.807813031060828,0.10000000149011612
78.389,1.0,9.670546772434479,0.10000000149011612
78.44,1.0,9.945081949875586,0.11325202882289886
78.493,1.0,9.862712522513336,0.10000000149011612
78.537,1.0,9.835197909610967,0.10000000149011612
78.589,1.0,9.670324001999365,0.10000000149011612
78.638,1.0,9.670471044629812,0.10000000149011612
78.693,1.0,9.917525665358538,0.10000000149011612
78.738,1.0,9.752927429932686,0.10000000149011612
78.788,1.0,9.91765751855241,0.10000000149011612
78.839,1.0,9.835046430201166,0.10000000149011612
78.889,1.0,9.835227477923036,0.10000000149011612
78.94,1.0,9.807652583242291,0.10000000149011612
78.988,1.0,9.752699060903655,0.10000000149011612
79.043,1.0,9.78013861692614,0.10000000149011612
79.088,1.0,9.862931068365773,0.10756061971187592
79.145,1.0,9.890146120306518,0.10000000149011612
79.188,1.0,9.945089906474783,0.10000000149011612
79.242,1.0,9.862711838819086,0.10000000149011612
79.288,1.0,9.725183923873637,0.10000000149011612
79.339,1.0,9.698145932828387,0.10000000149011612
79.398,1.0,9.752743597701192,0.10000000149011612
79.438,1.0,9.670428616491456,0.10000000149011612
79.49,1.0,9.890274026865761,0.10000000149011612
79.538,1.0,9.67028562132683,0.10000000149011612
79.584,1.0,9.917526679672301,0.10000000149011612
79.638,1.0,9.72558631170541,0.10000000149011612
79.693,1.0,9.83521862982048,0.10000000149011612
79.738,1.0,9.725200367925895,0.10000000149011612
79.792,1.0,9.835347010671265,0.10000000149011612
79.838,1.0,9.835436464825438,0.10000000149011612
79.895,1.0,9.725390378116733,0.10000000149011612
79.944,1.0,9.890000000016556,0.10000000149011612
79.997,1.0,9.61571356739021,0.10000000149011612
80.042,1.0,9.78053590177248,0.10000000149011612
80.095,1.0,9.835126253258851,0.10000000149011612
80.143,1.0,9.61521629701472,0.10000000149011612
80.193,1.0,9.780137877973418,0.10000000149011612
80.248,1.0,9.80786752872583,0.10000000149011612
80.302,1.0,9.780349542097085,0.10000000149011612
80.348,1.0,9.862768257160981,0.10000000149011612
80.396,1.0,9.807852108693785,0.10000000149011612
80.446,1.0,9.917667198222544,0.1028222069144249
80.51,1.0,9.670529936833514,0.10000000149011612
80.545,1.0,9.862714698952106,0.10000000149011612
80.6,1.0,9.862680730823842,0.10000000149011612
80.647,1.0,9.752834779334565,0.10000000149011612
80.698,1.0,9.807850416770412,0.10000000149011612
80.748,1.0,9.835226960728566,0.10000000149011612
80.798,1.0,9.697805234914025,0.10000000149011612
80.846,1.0,9.807630977779628,0.10000000149011612
80.901,1.0,9.752806008089747,0.10000000149011612
80.958,1.0,9.862802860803074,0.10000000149011612
81.0,1.0,9.725550804121626,0.10000000149011612
81.056,1.0,9.8903576767486,0.11984004825353622
81.099,1.0,9.725222488078806,0.10000000149011612
81.155,1.0,9.807893058885302,0.10000000149011612
81.21,1.0,9.917607891973521,0.10000000149011612
81.258,1.0,9.697922249283227,0.10000000149011612
81.307,1.0,9.780335058685806,0.10000000149011612
81.359,1.0,9.725377791726755,0.10000000149011612
81.408,1.0,9.697883866748048,0.10000000149011612
81.444,1.0,9.752987012205024,0.10000000149011612
81.508,1.0,9.807590385588506,0.10000000149011612
81.562,1.0,9.862684945969118,0.10000000149011612
81.612,1.0,9.807679470938941,0.10000000149011612
81.664,1.0,9.91760978884995,0.10000000149011612
81.713,1.0,9.862923733372655,0.10000000149011612
81.761,1.0,9.890061146310634,0.10000000149011612
81.813,1.0,9.670390509772632,0.10000000149011612
81.861,1.0,9.643114892351958,0.10000000149011612
81.911,1.0,9.807589902045827,0.10000000149011612
81.964,1.0,9.75253487272809,0.10000000149011612
82.012,1.0,9.752746060883833,0.10000000149011612
82.061,1.0,9.862851282188462,0.10996920615434647
82.118,1.0,9.835074453055858,0.10000000149011612
82.161,1.0,9.752696913542847,0.10000000149011612
82.218,1.0,9.835481861337191,0.10000000149011612
82.263,1.0,9.78017881280846,0.10000000149011612
82.316,1.0,9.83536999972744,0.10000000149011612
82.367,1.0,9.752847619892822,0.10000000149011612
82.412,1.0,9.753158922783202,0.10000000149011612
82.463,1.0,9.890234092871347,0.10000000149011612
82.512,1.0,9.78034096494731,0.10000000149011612
82.562,1.0,9.752863414233758,0.10000000149011612
82.612,1.0,9.752682921249006,0.10000000149011612
82.669,1.0,9.890289656341904,0.10000000149011612
82.717,1.0,9.807805940633019,0.10000000149011612
82.771,1.0,9.780124366242024,0.10000000149011612
82.817,1.0,9.835192433661884,0.10000000149011612
82.869,1.0,9.725274537627895,0.10000000149011612
82.92,1.0,9.890169233125118,0.10000000149011612
82.977,1.0,9.835470791885422,0.10436392575502396
83.022,1.0,9.78017975627962,0.10000000149011612
83.068,1.0,9.697859987657932,0.10000000149011612
83.125,1.0,9.752818487667374,0.10000000149011612
83.18,1.0,9.80775221478608,0.10000000149011612
83.219,1.0,9.697725759115484,0.10000000149011612
83.271,1.0,9.80773327253345,0.10000000149011612
83.32,1.0,9.890168748402761,0.10000000149011612
83.37,1.0,9.83511580462671,0.10000000149011612
83.421,1.0,9.69783282418632,0.10000000149011612
83.475,1.0,9.780113034778172,0.10000000149011612
83.52,1.0,9.862636446911427,0.10000000149011612
83.575,1.0,9.780137759943804,0.10000000149011612
83.624,1.0,9.86271275025275,0.10000000149011612
83.679,1.0,9.80785681034128,0.10000000149011612
83.722,1.0,9.807653608007563,0.10000000149011612
83.771,1.0,9.807883085269067,0.10000000149011612
83.84,1.0,9.890020803983013,0.10000000149011612
83.871,1.0,9.862649263648523,0.10000000149011612
83.928,1.0,9.780400506676072,0.10000000149011612
83.972,1.0,9.890010298643675,0.10000000149011612
84.023,1.0,9.89014168576234,0.10000000149011612
84.076,1.0,9.752633021896084,0.10000000149011612
84.127,1.0,9.945153457671404,0.10662196576595306
84.19,1.0,9.86260973867029,0.10000000149011612
84.238,1.0,9.752611927770905,0.10000000149011612
84.291,1.0,9.835052162408829,0.10000000149011612
84.339,1.0,9.862673333432111,0.10000000149011612
84.389,1.0,9.8627044600952,0.10000000149011612
84.439,1.0,9.587957813073363,0.10000000149011612
84.489,1.0,9.698015023188459,0.10000000149011612
84.538,1.0,9.780409828925299,0.10000000149011612
84.589,1.0,9.697913625981245,0.10000000149011612
84.64,1.0,9.835111595338418,0.10000000149011612
84.69,1.0,9.780213916922609,0.10000000149011612
84.742,1.0,9.862608196876115,0.10000000149011612
84.79,1.0,9.972500000004139,0.10000000149011612
84.84,1.0,9.752831419246892,0.10000000149011612
84.89,1.0,9.807751799540387,0.10000000149011612
84.941,1.0,9.862833613653978,0.10000000149011612
84.99,1.0,9.780382274049852,0.10000000149011612
85.045,1.0,9.86284228677137,0.10000000149011612
85.09,1.0,9.72533218190074,0.10000000149011612
85.141,1.0,9.835252701097893,0.10000000149011612
85.194,1.0,9.780491334613826,0.10000000149011612
85.246,1.0,9.807715357943541,0.10000000149011612
85.291,1.0,9.835229490262767,0.10000000149011612
85.341,1.0,9.890106520098117,0.10000000149011612
85.39,1.0,9.780175864117012,0.10000000149011612
85.444,1.0,9.753104041475389,0.10000000149011612
85.495,1.0,9.917630528058442,0.10000000149011612
85.545,1.0,9.7253654613677,0.10000000149011612
85.595,1.0,9.807835204443998,0.10000000149011612
85.654,1.0,9.752693194689023,0.10000000149011612
85.695,1.0,9.752994894132845,0.10000000149011612
85.746,1.0,9.807768694497645,0.10000000149011612
85.795,1.0,9.862734016983046,0.10000000149011612
85.845,1.0,9.917552088677056,0.10000000149011612
85.895,1.0,9.89028326595823,0.1148369312286377
85.945,1.0,9.780438899021181,0.10000000149011612
85.996,1.0,9.807811349382003,0.10000000149011612
86.053,1.0,9.615484995746778,0.10000000149011612
86.096,1.0,9.807862900735604,0.10000000149011612
86.149,1.0,9.862637523396147,0.10000000149011612
86.194,1.0,9.698047444038092,0.10000000149011612
86.248,1.0,9.780105719404917,0.10000000149011612
86.294,1.0,9.862711387727824,0.10000000149011612
86.345,1.0,9.780426544344259,0.10000000149011612
86.394,1.0,9.808003215967782,0.10000000149011612
86.445,1.0,9.670424688338406,0.10000000149011612
86.501,1.0,9.89027717695054,0.10619895905256271
86.555,1.0,9.835268312051065,0.10000000149011612
86.597,1.0,9.862658453753426,0.10000000149011612
86.648,1.0,9.862588108786278,0.10000000149011612
86.703,1.0,9.780311694037582,0.10000000149011612
86.75,1.0,9.807777621472875,0.10000000149011612
86.802,1.0,9.780379669306178,0.10000000149011612
86.85,1.0,9.807597367196447,0.10000000149011612
86.9,1.0,9.780247510886854,0.10000000149011612
86.955,1.0,9.917633458951281,0.10733562707901001
86.999,1.0,9.780244607933694,0.10000000149011612
87.05,1.0,9.835041371588078,0.10000000149011612
87.099,1.0,9.890004026703537,0.10000000149011612
87.149,1.0,9.807753056246373,0.10052076727151871
87.2,1.0,9.862687404081225,0.10000000149011612
87.255,1.0,9.807501750335925,0.10000000149011612
87.302,1.0,9.752832577874264,0.10000000149011612
87.358,1.0,9.807676763273776,0.10000000149011612
87.401,1.0,9.725368612839116,0.10000000149011612
87.455,1.0,9.862784513396521,0.10000000149011612
87.503,1.0,9.945259230501122,0.14423838257789612
87.555,1.0,9.862761220625705,0.10000000149011612
87.609,1.0,9.862934870935149,0.1017943024635315
87.655,1.0,9.780470669973228,0.10000000149011612
87.706,1.0,9.58813192082776,0.10000000149011612
87.762,1.0,9.862500000020695,0.10000000149011612
87.806,1.0,9.643161378759476,0.10000000149011612
87.859,1.0,9.835196794466013,0.10000000149011612
87.909,1.0,9.862628445153435,0.10000000149011612
87.957,1.0,9.725446159972085,0.10000000149011612
88.006,1.0,9.862669038172397,0.10000000149011612
88.056,1.0,9.945035156855981,0.10000000149011612
88.112,1.0,9.725476399581465,0.10000000149011612
88.155,1.0,9.80775171249277,0.10000000149011612
88.206,1.0,9.78023820306278,0.10000000149011612
88.261,1.0,9.890089754346345,0.10000000149011612
88.307,1.0,9.862659538351,0.10000000149011612
88.356,1.0,9.75284285845442,0.10000000149011612
88.408,1.0,9.697869703442686,0.10000000149011612
88.457,1.0,9.835215200401015,0.10000000149011612
88.514,1.0,9.780480900199876,0.10000000149011612
88.562,1.0,9.83520753754096,0.10000000149011612
88.609,1.0,9.807838079271217,0.10000000149011612
88.66,1.0,9.862957863281999,0.10000000149011612
88.71,1.0,9.807862324557371,0.10000000149011612
88.766,1.0,9.86264417881353,0.10000000149011612
88.81,1.0,9.7528493060213,0.10000000149011612
88.866,1.0,9.945039856785701,0.10000000149011612
88.912,1.0,9.780305829416546,0.10000000149011612
88.964,1.0,9.697722874954342,0.10000000149011612
89.012,1.0,9.862773746624589,0.10000000149011612
89.071,1.0,9.862799927550885,0.10000000149011612
89.12,1.0,9.917537605576218,0.10000000149011612
89.174,1.0,9.725151279051271,0.10000000149011612
89.225,1.0,9.890000000016556,0.10000000149011612
89.281,1.0,9.752743810249699,0.10000000149011612
89.327,1.0,9.588007402689092,0.10000000149011612
89.379,1.0,9.752741574475335,0.10000000149011612
89.43,1.0,9.780128583995005,0.10000000149011612
89.48,1.0,9.91771882844882,0.10000000149011612
89.531,1.0,9.780411892818908,0.10000000149011612
89.581,1.0,9.862830813684397,0.10000000149011612
89.633,1.0,9.670390983132853,0.10000000149011612
89.679,1.0,9.890158258378506,0.10000000149011612
89.731,1.0,9.807623008224699,0.10000000149011612
89.78,1.0,9.780272725514239,0.10000000149011612
89.832,1.0,9.807767629975245,0.10000000149011612
89.883,1.0,9.670364119091795,0.10000000149011612
89.93,1.0,9.917554006063275,0.10000000149011612
89.98,1.0,9.862500000020695,0.10000000149011612
90.042,1.0,9.780344372594522,0.10000000149011612
90.079,1.0,9.780263782603045,0.10000000149011612
90.138,1.0,9.835213815834788,0.10000000149011612
90.179,1.0,9.945169226825238,0.11596895754337311
90.235,1.0,9.835281059849594,0.10000000149011612
90.279,1.0,9.807528917180996,0.10000000149011612
90.332,1.0,9.697687020939258,0.10000000149011612
90.388,1.0,9.86265526206957,0.10000000149011612
90.431,1.0,9.780256489022738,0.10000000149011612
90.482,1.0,9.752919221690131,0.10000000149011612
90.543,1.0,9.780247993394733,0.10000000149011612
90.581,1.0,9.835088354328441,0.10000000149011612
90.634,1.0,9.807616384927597,0.10000000149011612
90.681,1.0,9.862542601695491,0.10000000149011612
90.73,1.0,9.780219452497033,0.10000000149011612
90.782,1.0,9.780490370591481,0.10000000149011612
90.831,1.0,9.725442177678149,0.10000000149011612
90.882,1.0,9.780282764530016,0.10000000149011612
90.934,1.0,9.807631665613089,0.10000000149011612
90.988,1.0,9.780156142947574,0.10000000149011612
91.033,1.0,9.862664463909136,0.10000000149011612
91.082,1.0,9.780249365025924,0.10000000149011612
91.138,1.0,9.835202524811029,0.10000000149011612
91.182,1.0,9.835326186215712,0.10000000149011612
91.234,1.0,9.94506485220045,0.10000000149011612
91.282,1.0,9.697796974848542,0.10000000149011612
91.332,1.0,9.835140357973675,0.10000000149011612
91.386,1.0,9.752795291588539,0.10000000149011612
91.442,1.0,9.725518018814425,0.10000000149011612
91.486,1.0,9.835115048723916,0.10000000149011612
91.542,1.0,9.780339735663599,0.10000000149011612
91.586,1.0,9.835279476332168,0.10000000149011612
91.638,1.0,9.780234994594421,0.10000000149011612
91.686,1.0,9.69776102906714,0.10000000149011612
91.737,1.0,9.780386015255418,0.10000000149011612
91.791,1.0,9.72543524723086,0.10000000149011612
91.837,1.0,9.862500000020695,0.10000000149011612
91.887,1.0,9.835338837798272,0.10000000149011612
91.938,1.0,9.752649160536627,0.10000000149011612
91.99,1.0,9.725225894504952,0.10000000149011612
92.038,1.0,9.862739673691491,0.10000000149011612
92.088,1.0,9.8076184955736,0.10000000149011612
92.137,1.0,9.780240114529928,0.10000000149011612
92.18,1.0,9.91768323013352,0.10000000149011612
92.237,1.0,9.753164101102286,0.10000000149011612
92.293,1.0,9.780582938405376,0.10000000149011612
92.338,1.0,9.835266485975849,0.10000000149011612
92.388,1.0,9.670173981475333,0.10000000149011612
92.447,1.0,9.890067733493115,0.10000000149011612
92.498,1.0,9.752798928382497,0.10000000149011612
92.548,1.0,9.862527281770276,0.10000000149011612
92.593,1.0,9.752616823857856,0.10000000149011612
92.643,1.0,9.862741825874481,0.10000000149011612
92.697,1.0,9.752888766696884,0.10000000149011612
92.743,1.0,9.807663395793902,0.10000000149011612
92.793,1.0,9.753027178305718,0.10000000149011612
92.843,1.0,9.917500000012417,0.10000000149011612
92.897,1.0,9.752957046094041,0.10000000149011612
92.943,1.0,9.670450244719783,0.10000000149011612
92.994,1.0,9.835363185488516,0.10000000149011612
93.039,1.0,9.972500000004139,0.10000000149011612
93.094,1.0,9.697692167986599,0.10000000149011612
93.144,1.0,9.835200237524178,0.10000000149011612
93.19,1.0,9.75277871746156,0.10000000149011612
93.243,1.0,9.945124206402236,0.12235186249017715
93.295,1.0,9.862703616399731,0.10000000149011612
93.342,1.0,9.8901586914642,0.10000000149011612
93.394,1.0,9.64293825181408,0.10000000149011612
93.448,1.0,9.80779077058865,0.10000000149011612
93.493,1.0,9.835092213605012,0.10000000149011612
93.547,1.0,9.835227985659408,0.10000000149011612
93.595,1.0,9.890125517526435,0.10000000149011612
93.644,1.0,9.83526969510648,0.10000000149011612
93.698,1.0,9.780194671576222,0.10000000149011612
93.746,1.0,9.78055722411308,0.10000000149011612
93.798,1.0,9.835127282473776,0.10000000149011612
93.854,1.0,9.697829766385258,0.10000000149011612
93.895,1.0,9.752791600260469,0.10000000149011612
93.946,1.0,9.725248250758483,0.10000000149011612
94.005,1.0,9.780477637797594,0.10000000149011612
94.045,1.0,9.752500000037253,0.10000000149011612
94.1,1.0,9.780240431903964,0.10000000149011612
94.146,1.0,9.75296903465771,0.10000000149011612
94.197,1.0,9.725258175304367,0.10000000149011612
94.256,1.0,9.752844147384167,0.10000000149011612
94.295,1.0,9.807841966984173,0.10000000149011612
94.35,1.0,9.917543865160809,0.10000000149011612
94.413,1.0,9.835292952135205,0.10000000149011612
94.457,1.0,9.835032739593752,0.10000000149011612
94.51,1.0,9.643211341049108,0.10000000149011612
94.56,1.0,9.917776468002963,0.1106882318854332
94.612,1.0,9.80763700010462,0.10000000149011612
94.656,1.0,9.945097183125714,0.10284901410341263
94.707,1.0,9.83516052570194,0.10000000149011612
94.76,1.0,9.807543074360325,0.10000000149011612
94.807,1.0,9.752824731171131,0.10000000149011612
94.861,1.0,9.890272226971057,0.10000000149011612
94.908,1.0,9.807784676675995,0.10000000149011612
94.956,1.0,9.67035304405209,0.10000000149011612
95.011,1.0,9.588257243774004,0.10000000149011612
95.056,1.0,9.780433423237668,0.10000000149011612
95.113,1.0,9.78021430288338,0.10000000149011612
95.161,1.0,9.75268404694895,0.10000000149011612
95.206,1.0,9.890156214539376,0.10000000149011612
95.262,1.0,9.697675378744801,0.10000000149011612
95.317,1.0,9.560796090463798,0.10000000149011612
95.362,1.0,9.752839662507176,0.10000000149011612
95.409,1.0,9.835378556015591,0.10000000149011612
95.459,1.0,9.725163997771839,0.10000000149011612
95.514,1.0,9.862692443446981,0.10000000149011612
95.559,1.0,9.835145341439379,0.10000000149011612
95.609,1.0,9.917565950295991,0.10315339267253876
95.661,1.0,9.807730622465412,0.10000000149011612
95.713,1.0,9.917686275020241,0.10711324959993362
95.762,1.0,9.725459043267701,0.10000000149011612
95.817,1.0,9.83524489245481,0.10000000149011612
95.874,1.0,9.780497616405288,0.10000000149011612
95.915,1.0,9.917635994611516,0.10000000149011612
95.962,1.0,9.75272646068285,0.10000000149011612
96.011,1.0,9.807733667745358,0.10000000149011612
96.066,1.0,9.835234099957678,0.10000000149011612
96.114,1.0,9.835234974014263,0.10000000149011612
96.165,1.0,9.807782483514812,0.10000000149011612
96.212,1.0,9.807599631883203,0.10000000149011612
96.255,1.0,9.752573694247339,0.10000000149011612
96.313,1.0,9.780200910050835,0.10000000149011612
96.366,1.0,9.752962695662346,0.10000000149011612
96.412,1.0,9.72537748242418,0.10000000149011612
96.463,1.0,9.807966937166121,0.10000000149011612
96.512,1.0,9.80780474142068,0.10000000149011612
96.571,1.0,9.752777293469343,0.10000000149011612
96.614,1.0,9.725300477486517,0.10000000149011612
96.67,1.0,9.752962797114419,0.10000000149011612
96.713,1.0,9.862816318910983,0.10000000149011612
96.769,1.0,9.862562457430695,0.10000000149011612
96.817,1.0,9.72517147976905,0.10000000149011612
96.868,1.0,9.835070123523474,0.10000000149011612
96.922,1.0,9.80768132240822,0.10000000149011612
96.968,1.0,9.862508894399637,0.10000000149011612
97.016,1.0,9.780319124294651,0.10000000149011612
97.068,1.0,9.72554734531376,0.10000000149011612
97.118,1.0,9.862603979123135,0.10000000149011612
97.167,1.0,9.862737023809718,0.10000000149011612
97.217,1.0,9.835189432319668,0.10000000149011612
97.27,1.0,9.807859211146004,0.10000000149011612
97.317,1.0,9.725307213245994,0.10000000149011612
97.369,1.0,9.835220699177848,0.10000000149011612
97.422,1.0,9.807901071943343,0.10000000149011612
97.468,1.0,9.862754564918578,0.10000000149011612
97.518,1.0,9.862593347662026,0.10000000149011612
97.567,1.0,9.91766722396844,0.10000000149011612
97.623,1.0,9.807525497240325,0.10000000149011612
97.673,1.0,9.780273542863627,0.10000000149011612
97.72,1.0,9.917550342530012,0.10000000149011612
97.773,1.0,9.890204016119242,0.10000000149011612
97.823,1.0,9.862679010422694,0.10000000149011612
97.869,1.0,9.670577820121414,0.10000000149011612
97.926,1.0,9.89009731343637,0.10000000149011612
97.97,1.0,9.697630329926808,0.10000000149011612
98.023,1.0,9.780268782770468,0.10000000149011612
98.068,1.0,9.80764871529407,0.10000000149011612
98.12,1.0,9.835083452550073,0.10000000149011612
98.17,1.0,9.725665472075343,0.10000000149011612
98.221,1.0,9.835052289730973,0.10000000149011612
98.275,1.0,9.807626633428866,0.10000000149011612
98.322,1.0,9.725377537558476,0.10000000149011612
98.372,1.0,9.78007766507152,0.10000000149011612
98.422,1.0,9.862605922006898,0.10000000149011612
98.476,1.0,9.835195875602464,0.10000000149011612
98.522,1.0,9.752974474885397,0.10000000149011612
98.574,1.0,9.752602519467473,0.10000000149011612
98.622,1.0,9.835331043166418,0.10000000149011612
98.674,1.0,9.725401047451628,0.10000000149011612
98.721,1.0,9.752814263146785,0.10000000149011612
98.773,1.0,9.917704832657344,0.10262712091207504
98.821,1.0,9.972500000004139,0.10000000149011612
98.875,1.0,9.835000000024836,0.10000000149011612
98.922,1.0,9.835133798813654,0.10000000149011612
98.971,1.0,9.835261104214522,0.10000000149011612
99.026,1.0,9.835274612820811,0.10000000149011612
99.073,1.0,9.807872703692151,0.10000000149011612
99.128,1.0,9.752793854557806,0.10000000149011612
99.171,1.0,9.862679478629596,0.10000000149011612
99.222,1.0,9.862616028781567,0.10000000149011612
99.279,1.0,9.780283563459912,0.10000000149011612
99.329,1.0,9.78018512075974,0.10000000149011612
99.381,1.0,9.86266512895624,0.10000000149011612
99.427,1.0,9.80771119342082,0.10000000149011612
99.477,1.0,9.862515594768855,0.10000000149011612
99.527,1.0,9.862705937628117,0.10000000149011612
99.581,1.0,9.780032030824158,0.10000000149011612
99.635,1.0,9.862705617211759,0.10000000149011612
99.678,1.0,9.807688228309983,0.10000000149011612
99.73,1.0,9.752786073813008,0.10000000149011612
99.784,1.0,9.725106349959969,0.10000000149011612
99.831,1.0,9.642844991965426,0.10000000149011612
99.879,1.0,9.780466398845116,0.10000000149011612
99.932,1.0,9.835411972469753,0.10000000149011612
99.981,1.0,9.83514265894062,0.10000000149011612
100.029,1.0,9.698168725830813,0.10000000149011612
100.08,1.0,9.752779954692556,0.10000000149011612
100.131,1.0,9.780276757768458,0.10000000149011612
100.186,1.0,9.890000000016556,0.10000000149011612
100.231,1.0,9.917605600671635,0.10000000149011612
100.286,1.0,9.89018097879986,0.10000000149011612
100.334,1.0,9.807786533960865,0.10000000149011612
100.391,1.0,9.807739128027524,0.10000000149011612
100.432,1.0,9.752856540679932,0.10000000149011612
100.484,1.0,9.780184876980881,0.10000000149011612
100.534,1.0,9.807537298939295,0.10000000149011612
100.588,1.0,9.862662574731642,0.10000000149011612
100.634,1.0,9.835227187847098,0.10000000149011612
100.684,1.0,9.862566052915321,0.10000000149011612
100.732,1.0,9.890109726972877,0.10000000149011612
100.783,1.0,9.807500000028975,0.10000000149011612
100.832,1.0,9.835178147587511,0.10000000149011612
100.887,1.0,9.780268528188268,0.10000000149011612
100.933,1.0,9.807831019163132,0.10000000149011612
100.989,1.0,9.835134972942372,0.10000000149011612
101.032,1.0,9.835214512132936,0.10000000149011612
101.083,1.0,9.697866746948826,0.10000000149011612
101.133,1.0,9.862828379579716,0.10000000149011612
101.184,1.0,9.780181092893084,0.10000000149011612
101.233,1.0,9.752748281550076,0.10000000149011612
101.288,1.0,9.917644821438525,0.10000000149011612
101.332,1.0,9.807567988480958,0.10000000149011612
101.387,1.0,9.862681414869924,0.10000000149011612
101.435,1.0,9.753001467924978,0.10000000149011612
101.486,1.0,9.697709536883567,0.10000000149011612
101.538,1.0,9.807756271461646,0.10000000149011612
101.586,1.0,9.725388228231006,0.10000000149011612
101.637,1.0,9.862656684633759,0.10000000149011612
101.686,1.0,9.670389182637964,0.10000000149011612
101.736,1.0,9.83516319460339,0.10000000149011612
101.793,1.0,9.83508189353678,0.10000000149011612
101.84,1.0,9.86262547976027,0.10000000149011612
101.89,1.0,9.862670584292047,0.10000000149011612
101.951,1.0,9.835422740131616,0.10000000149011612
101.994,1.0,9.917780829676323,0.1256970912218094
102.046,1.0,9.807750223701198,0.10000000149011612
102.1,1.0,9.752746795366209,0.10000000149011612
102.152,1.0,9.75274826635917,0.10000000149011612
102.198,1.0,9.917588908390867,0.10000000149011612
102.246,1.0,9.91750781542311,0.10000000149011612
102.298,1.0,9.862686349865463,0.10000000149011612
102.354,1.0,9.780295394837028,0.10000000149011612
102.404,1.0,9.862675870437588,0.10000000149011612
102.464,1.0,9.97262045443058,0.1433635950088501
102.506,1.0,9.698070638130108,0.10000000149011612
102.565,1.0,9.862589758344823,0.10000000149011612
102.607,1.0,9.862750232530137,0.10000000149011612
102.655,1.0,9.89025844677041,0.10000000149011612
102.713,1.0,9.807792316687603,0.10000000149011612
102.765,1.0,9.835071833473112,0.10000000149011612
102.813,1.0,9.80756961988906,0.10000000149011612
102.861,1.0,9.72518218970961,0.10000000149011612
102.915,1.0,9.752690684091714,0.10000000149011612
102.965,1.0,9.890077001021968,0.10000000149011612
103.012,1.0,9.615591625248392,0.10000000149011612
103.067,1.0,9.862673864244586,0.10000000149011612
103.112,1.0,9.807602890373932,0.10000000149011612
103.162,1.0,9.670280670374632,0.10000000149011612
103.218,1.0,9.78030082455112,0.10000000149011612
103.267,1.0,9.725310836897956,0.10000000149011612
103.326,1.0,9.945067190358209,0.10000000149011612
103.371,1.0,9.69766429281897,0.10000000149011612
103.42,1.0,9.780307420570818,0.10000000149011612
103.475,1.0,9.862862268669737,0.11103503406047821
103.526,1.0,9.835392678011623,0.10000000149011612
103.574,1.0,9.72531739268452,0.10000000149011612
103.629,1.0,9.780407852203481,0.10000000149011612
103.678,1.0,9.752844112469917,0.10000000149011612
103.74,1.0,9.725080604188973,0.10000000149011612
103.777,1.0,9.780208697832293,0.10000000149011612
103.828,1.0,9.78027573786676,0.10000000149011612
103.878,1.0,9.780256024044421,0.10000000149011612
103.935,1.0,9.80792711329543,0.10000000149011612
103.978,1.0,9.67067899213483,0.10000000149011612
104.03,1.0,9.697674589997364,0.10000000149011612
104.081,1.0,9.835068870501386,0.10000000149011612
104.138,1.0,9.642751652788785,0.10000000149011612
104.178,1.0,9.835130693308182,0.10000000149011612
104.229,1.0,9.862823451455268,0.10000000149011612
104.281,1.0,9.835136737426122,0.10000000149011612
104.34,1.0,9.670292301206953,0.10000000149011612
104.379,1.0,9.862715626114772,0.10000000149011612
104.431,1.0,9.917578221609196,0.10000000149011612
104.492,1.0,9.780000000033114,0.10000000149011612
104.538,1.0,9.807573573498262,0.10000000149011612
104.589,1.0,9.643146327779524,0.10000000149011612
104.65,1.0,9.697785945029722,0.10000000149011612
104.69,1.0,9.835000000024836,0.10000000149011612
104.739,1.0,9.835132869602077,0.10000000149011612
104.791,1.0,9.807536723547512,0.10000000149011612
104.839,1.0,9.862592627377145,0.10000000149011612
104.89,1.0,9.890155747222403,0.10000000149011612
104.941,1.0,9.862816159282293,0.10000000149011612
104.989,1.0,9.972624258862602,0.14473319053649902
105.038,1.0,9.697724898407857,0.10000000149011612
105.089,1.0,9.89007084955358,0.10000000149011612
105.143,1.0,9.917730949508647,0.10000000149011612
105.189,1.0,9.780210504887833,0.10000000149011612
105.246,1.0,9.697729974302153,0.10000000149011612
105.29,1.0,9.72529963662641,0.10000000149011612
105.34,1.0,9.835235213302076,0.10000000149011612
105.392,1.0,9.80793856492059,0.10000000149011612
105.44,1.0,9.807981713964708,0.10000000149011612
105.491,1.0,9.752824926997224,0.10000000149011612
105.541,1.0,9.670559580106701,0.10000000149011612
105.593,1.0,9.890001822676924,0.10000000149011612
105.641,1.0,9.835113748162986,0.10000000149011612
105.693,1.0,9.89020586386323,0.10000000149011612
105.743,1.0,9.72541792622457,0.10000000149011612
105.785,1.0,9.835035026859906,0.10000000149011612
105.85,1.0,9.807815301687354,0.10000000149011612
105.893,1.0,9.89029602408409,0.10000000149011612
105.952,1.0,9.725249298517074,0.10000000149011612
105.993,1.0,9.808007830795315,0.11115577071905136
106.047,1.0,9.862620041871237,0.10000000149011612
106.092,1.0,9.752752633889516,0.10000000149011612
106.143,1.0,9.917502824217081,0.10000000149011612
106.197,1.0,9.752847142952184,0.10000000149011612
106.246,1.0,9.670291802307798,0.10000000149011612
106.293,1.0,9.7526646691271,0.10000000149011612
106.342,1.0,9.670594661662149,0.10000000149011612
106.397,1.0,9.697939633805719,0.10000000149011612
106.442,1.0,9.780226141918037,0.10000000149011612
106.494,1.0,9.72540231462982,0.10000000149011612
106.542,1.0,9.69777305525624,0.10000000149011612
106.592,1.0,9.69802404333734,0.10000000149011612
106.65,1.0,9.807756354825365,0.10000000149011612
106.69,1.0,9.917684290951325,0.10000000149011612
106.743,1.0,9.862813761788939,0.10000000149011612
106.798,1.0,9.615555843897164,0.10000000149011612
106.841,1.0,9.862840643007722,0.10000000149011612
106.893,1.0,9.615468438259429,0.10000000149011612
106.947,1.0,9.8352174985326,0.10000000149011612
106.993,1.0,9.642735835309658,0.10000000149011612
107.05,1.0,9.862621552642022,0.10000000149011612
107.098,1.0,9.752733049872848,0.10000000149011612
107.145,1.0,9.807798062306311,0.10000000149011612
107.193,1.0,9.752716655139293,0.10000000149011612
107.245,1.0,9.697863188799884,0.10000000149011612
107.295,1.0,9.697822032185892,0.10000000149011612
107.347,1.0,9.835256977834636,0.10000000149011612
107.395,1.0,9.670383548860748,0.10000000149011612
107.448,1.0,9.72546387474156,0.10000000149011612
107.494,1.0,9.890143343019817,0.10000000149011612
107.547,1.0,9.83524121509658,0.10000000149011612
107.601,1.0,9.78028604750418,0.10000000149011612
107.645,1.0,9.807681778404447,0.10000000149011612
107.696,1.0,9.86285958453599,0.11761277168989182
107.747,1.0,9.78012846459945,0.10000000149011612
107.796,1.0,9.80755821818279,0.10000000149011612
107.846,1.0,9.642757065490716,0.10000000149011612
107.902,1.0,9.753020845519172,0.10000000149011612
107.952,1.0,9.697876025156843,0.10000000149011612
107.996,1.0,9.835235411259863,0.10000000149011612
108.046,1.0,9.80761990857621,0.10000000149011612
108.089,1.0,9.807774380573797,0.10000000149011612
108.146,1.0,9.807743827853766,0.10000000149011612
108.196,1.0,9.862572692334652,0.10000000149011612
108.253,1.0,9.807904893801444,0.10000000149011612
108.296,1.0,9.725149032784005,0.10000000149011612
108.352,1.0,9.807611764160296,0.10000000149011612
108.404,1.0,9.725597665417526,0.10000000149011612
108.449,1.0,9.86262485002064,0.10000000149011612
108.501,1.0,9.890185420918796,0.10000000149011612
108.555,1.0,9.835466401941247,0.10000000149011612
108.599,1.0,9.78038629187892,0.10000000149011612
108.65,1.0,9.917623397356106,0.10000000149011612
108.704,1.0,9.725191621896293,0.10000000149011612
108.752,1.0,9.752693562209606,0.10000000149011612
108.805,1.0,9.780577803175483,0.10940384119749069
108.858,1.0,9.670793157319228,0.10000000149011612
108.901,1.0,9.862771944122182,0.10000000149011612
108.953,1.0,9.807698414702383,0.10000000149011612
109.007,1.0,9.78045948398196,0.10000000149011612
109.054,1.0,9.835186440456244,0.10000000149011612
109.103,1.0,9.862842181490528,0.10000000149011612
109.158,1.0,9.890082124889725,0.10000000149011612
109.206,1.0,9.835310827961399,0.10000000149011612
109.255,1.0,9.83527094974286,0.10000000149011612
109.309,1.0,9.86262348184569,0.10000000149011612
109.355,1.0,9.697862674647736,0.10000000149011612
109.403,1.0,9.780297387598289,0.10000000149011612
109.454,1.0,9.862783254993458,0.10000000149011612
109.504,1.0,9.725172490047084,0.10000000149011612
109.554,1.0,9.807747383374307,0.10000000149011612
109.608,1.0,9.862858200197419,0.10000000149011612
109.66,1.0,9.752863090547423,0.10000000149011612
109.703,1.0,9.835354667322504,0.10000000149011612
109.754,1.0,9.752971622948017,0.10000000149011612
109.811,1.0,9.780302161661288,0.10000000149011612
109.853,1.0,9.780350359943178,0.10000000149011612
109.907,1.0,9.807803935598995,0.10000000149011612
109.952,1.0,9.862539978304671,0.10000000149011612
110.004,1.0,9.752703481001987,0.10000000149011612
110.054,1.0,9.83513823054317,0.10000000149011612
110.106,1.0,9.835385340659155,0.10000000149011612
110.155,1.0,9.78028686431547,0.10000000149011612
110.204,1.0,9.86266733147204,0.10000000149011612
110.257,1.0,9.752655221501158,0.10000000149011612
110.312,1.0,9.835208512283861,0.10000000149011612
110.354,1.0,9.725347977649006,0.10000000149011612
110.403,1.0,9.807546646230751,0.10000000149011612
110.454,1.0,9.89013734333631,0.10000000149011612
110.507,1.0,9.752523804518084,0.10000000149011612
110.554,1.0,9.78032069866442,0.10000000149011612
110.607,1.0,9.780388177745044,0.10000000149011612
110.657,1.0,9.83526691061755,0.10000000149011612
110.704,1.0,9.862666964406769,0.10000000149011612
110.757,1.0,9.835147582449848,0.10000000149011612
110.803,1.0,9.752899437770248,0.10000000149011612
110.856,1.0,9.670738378332722,0.10000000149011612
110.912,1.0,9.89026680332091,0.10000000149011612
110.965,1.0,9.862540548336174,0.10000000149011612
111.011,1.0,9.780192461630536,0.10000000149011612
111.061,1.0,9.862697720217207,0.10000000149011612
111.111,1.0,9.78007267885324,0.10000000149011612
111.164,1.0,9.917648301170104,0.10000000149011612
111.218,1.0,9.780338214917315,0.10000000149011612
111.273,1.0,9.780223263738057,0.10000000149011612
111.313,1.0,9.89005758309116,0.10000000149011612
111.372,1.0,9.697797472526629,0.10000000149011612
111.415,1.0,9.725155926102566,0.10000000149011612
111.463,1.0,9.917593730116884,0.10000000149011612
111.516,1.0,9.862607953366306,0.10000000149011612
111.565,1.0,9.835181477893558,0.10000000149011612
111.613,1.0,9.725298815117114,0.10000000149011612
111.667,1.0,9.862646283726725,0.10000000149011612
111.714,1.0,9.75289127903266,0.10000000149011612
111.764,1.0,9.972500000004139,0.10000000149011612
111.812,1.0,9.83513047726204,0.10000000149011612
111.862,1.0,9.643092687324517,0.10000000149011612
111.912,1.0,9.780150722836455,0.10000000149011612
111.963,1.0,9.808005419476993,0.10000000149011612
112.015,1.0,9.835164653427071,0.10000000149011612
112.067,1.0,9.862528465853797,0.10000000149011612
112.117,1.0,9.835167620765667,0.10000000149011612
112.165,1.0,9.80768414305316,0.10000000149011612
112.215,1.0,9.835226912092832,0.10000000149011612
112.265,1.0,9.890094822376138,0.10000000149011612
112.325,1.0,9.835205978279312,0.10000000149011612
112.369,1.0,9.945051220618188,0.1067943423986435
112.42,1.0,9.78032228425145,0.10000000149011612
112.472,1.0,9.780268198562165,0.10000000149011612
112.518,1.0,9.698048795325061,0.10000000149011612
112.569,1.0,9.890252118205858,0.10000000149011612
112.62,1.0,9.697932131629852,0.10000000149011612
112.671,1.0,9.835242958015037,0.10000000149011612
112.718,1.0,9.835315117343432,0.10000000149011612
112.772,1.0,9.75300130572998,0.10000000149011612
112.82,1.0,9.807607233731282,0.10000000149011612
112.869,1.0,9.862637126404378,0.10000000149011612
112.928,1.0,9.643030038517383,0.10000000149011612
112.97,1.0,9.862594256881211,0.10000000149011612
113.023,1.0,9.862839040698276,0.10000000149011612
113.071,1.0,9.78017989291499,0.10000000149011612
113.122,1.0,9.752718596864078,0.10000000149011612
113.17,1.0,9.917747156342699,0.1000034436583519
113.22,1.0,9.725564837579926,0.10000000149011612
113.271,1.0,9.670341019332408,0.10000000149011612
113.32,1.0,9.917674643525647,0.10000000149011612
113.369,1.0,9.917635075478918,0.10000000149011612
113.425,1.0,9.835246445631816,0.10000000149011612
113.47,1.0,9.890101495219602,0.10000000149011612
113.52,1.0,9.752747969432837,0.10000000149011612
113.571,1.0,9.835233329733212,0.10000000149011612
113.62,1.0,9.780501162860956,0.10000000149011612
113.671,1.0,9.725318227956693,0.10000000149011612
113.729,1.0,9.862554410720865,0.10000000149011612
113.771,1.0,9.862510483670565,0.10000000149011612
113.828,1.0,9.835157324187458,0.10000000149011612
113.873,1.0,9.835192767385807,0.10000000149011612
113.92,1.0,9.697629526009163,0.10000000149011612
113.973,1.0,9.835444476207098,0.10000000149011612
114.023,1.0,9.835308459504612,0.10000000149011612
114.075,1.0,9.780277082510292,0.10000000149011612
114.123,1.0,9.725338641574814,0.10000000149011612
114.173,1.0,9.752698290720582,0.10000000149011612
114.226,1.0,9.615509126728607,0.10000000149011612
114.276,1.0,9.862803661657704,0.10000000149011612
114.326,1.0,9.780506687300901,0.10000000149011612
114.375,1.0,9.807791881366736,0.10000000149011612
114.426,1.0,9.835275800360574,0.10000000149011612
114.48,1.0,9.753114033304154,0.10000000149011612
114.526,1.0,9.890006235303979,0.10000000149011612
114.58,1.0,9.807705957525306,0.10000000149011612
114.629,1.0,9.862679795465535,0.10000000149011612
114.676,1.0,9.752921889701652,0.10000000149011612
114.726,1.0,9.807984519398047,0.10000000149011612
114.774,1.0,9.807800210122434,0.10000000149011612
114.825,1.0,9.91753237357156,0.10000000149011612
114.876,1.0,9.69768066443503,0.10000000149011612
114.927,1.0,9.835081430421107,0.10000000149011612
114.987,1.0,9.72561179668539,0.10000000149011612
115.035,1.0,9.780279079555637,0.10000000149011612
115.085,1.0,9.780000000033114,0.10000000149011612
115.133,1.0,9.917502499454551,0.10000000149011612
115.183,1.0,9.86254874461641,0.10000000149011612
115.236,1.0,9.862680635808243,0.10000000149011612
115.282,1.0,9.862500000020695,0.10000000149011612
115.337,1.0,9.725563960087795,0.10000000149011612
115.382,1.0,9.780417589926058,0.10000000149011612
115.433,1.0,9.75282206233177,0.10000000149011612
115.478,1.0,9.807866737929483,0.10000000149011612
115.532,1.0,9.780434263166454,0.10000000149011612
115.582,1.0,9.862594199656613,0.10000000149011612
115.633,1.0,9.780390498249067,0.10000000149011612
115.684,1.0,9.807764212994112,0.10000000149011612
115.739,1.0,9.890145053880083,0.10000000149011612
115.783,1.0,9.780181521798173,0.10000000149011612
115.835,1.0,9.752825399322642,0.10000000149011612
115.883,1.0,9.780288594754206,0.10000000149011612
115.932,1.0,9.862637256106568,0.10000000149011612
115.984,1.0,9.780162732779152,0.10000000149011612
116.033,1.0,9.80767295687563,0.10000000149011612
116.09,1.0,9.835139857584403,0.10000000149011612
116.135,1.0,9.752690358625518,0.10000000149011612
116.185,1.0,9.752724815077253,0.10000000149011612
116.235,1.0,9.587936283627318,0.10000000149011612
116.286,1.0,9.807591133544015,0.10000000149011612
116.335,1.0,9.835309825278818,0.10000000149011612
116.387,1.0,9.697702201021213,0.10000000149011612
116.442,1.0,9.780433339335852,0.10000000149011612
116.49,1.0,9.807862425843874,0.10000000149011612
116.547,1.0,9.862821056010823,0.10000000149011612
116.595,1.0,9.725434272901879,0.10000000149011612
116.644,1.0,9.807695568828947,0.10000000149011612
116.698,1.0,9.725273923575878,0.10000000149011612
116.75,1.0,9.725282506251501,0.10000000149011612
116.798,1.0,9.752891029748652,0.10000000149011612
116.848,1.0,9.780269237793982,0.10000000149011612
116.902,1.0,9.835175982779926,0.10000000149011612
116.951,1.0,9.807538498813907,0.10000000149011612
117.0,1.0,9.780438639927242,0.10000000149011612
117.05,1.0,9.807902415862515,0.10000000149011612
117.1,1.0,9.75287632195072,0.10000000149011612
117.15,1.0,9.86253244160778,0.10000000149011612
117.199,1.0,9.807744384577704,0.10000000149011612
117.25,1.0,9.752726217235129,0.10000000149011612
117.3,1.0,9.835215078211492,0.10000000149011612
117.357,1.0,9.807500000028975,0.10000000149011612
117.404,1.0,9.752702374611463,0.10000000149011612
117.457,1.0,9.835014610199465,0.10000000149011612
117.514,1.0,9.780148496913414,0.10000000149011612
117.554,1.0,9.807724010696013,0.10000000149011612
117.605,1.0,9.835163634229037,0.10000000149011612
117.654,1.0,9.807884325169855,0.10000000149011612
117.704,1.0,9.807616304316454,0.10000000149011612
117.756,1.0,9.86260171406385,0.10000000149011612
117.806,1.0,9.862607612854077,0.10000000149011612
117.854,1.0,9.86262697743045,0.10000000149011612
117.906,1.0,9.6979636836797,0.10000000149011612
117.955,1.0,9.91771221001529,0.10000000149011612
118.005,1.0,9.862777725814118,0.10000000149011612
118.056,1.0,9.835229433348609,0.10000000149011612
118.107,1.0,9.752874055297838,0.10000000149011612
118.155,1.0,9.862627599967851,0.10000000149011612
118.209,1.0,9.807594832364057,0.10000000149011612
118.257,1.0,9.75272914984574,0.10000000149011612
118.315,1.0,9.862574276245303,0.10000000149011612
118.358,1.0,9.862640363205639,0.10000000149011612
118.411,1.0,9.862691375509732,0.10000000149011612
118.459,1.0,9.862612032062477,0.10000000149011612
118.511,1.0,9.780214586026139,0.10000000149011612
118.558,1.0,9.807677116245031,0.10000000149011612
118.607,1.0,9.69762031359391,0.10000000149011612
118.663,1.0,9.835282630328503,0.10000000149011612
118.708,1.0,9.890131961554289,0.10000000149011612
118.76,1.0,9.97253678943962,0.1132441982626915
118.807,1.0,9.643148147728708,0.10000000149011612
118.858,1.0,9.83511531241238,0.10000000149011612
118.91,1.0,9.862500000020695,0.10000000149011612
118.958,1.0,9.835224228911102,0.10000000149011612
119.013,1.0,9.80790272735887,0.10000000149011612
119.059,1.0,9.725417441026204,0.10000000149011612
119.112,1.0,9.890042685862216,0.10000000149011612
119.167,1.0,9.835257040522993,0.10000000149011612
119.211,1.0,9.917588305970034,0.10000000149011612
119.264,1.0,9.807564029470086,0.10000000149011612
119.312,1.0,9.752727703274124,0.10000000149011612
119.368,1.0,9.862645680705706,0.10000000149011612
119.411,1.0,9.807669904227886,0.10000000149011612
119.464,1.0,9.72533128520267,0.10000000149011612
119.511,1.0,9.890186048630211,0.10000000149011612
119.562,1.0,9.835162228200998,0.10000000149011612
119.612,1.0,9.808004148676991,0.10000000149011612
119.668,1.0,9.8900702888353,0.10000000149011612
119.718,1.0,9.780196362009479,0.10000000149011612
119.767,1.0,9.89017164318098,0.10000000149011612
119.818,1.0,9.807749841527807,0.10000000149011612
119.867,1.0,9.780253418762651,0.10000000149011612
119.915,1.0,9.83513306973295,0.10000000149011612
119.971,1.0,9.807715540648335,0.10000000149011612
120.028,1.0,9.807620380032393,0.10000000149011612
120.065,1.0,9.862876706611779,0.10000000149011612
120.116,1.0,9.835125276115205,0.10000000149011612
120.162,1.0,9.780251794639561,0.10000000149011612
120.215,1.0,9.83537271273219,0.10000000149011612
120.261,1.0,9.752673367141849,0.10000000149011612
120.315,1.0,9.890118625035717,0.10000000149011612
120.372,1.0,9.89019762331413,0.10000000149011612
120.418,1.0,9.86252335363792,0.10000000149011612
120.465,1.0,9.780075821880665,0.10000000149011612
120.517,1.0,9.780143485218286,0.10000000149011612
120.569,1.0,9.945089442075954,0.10816457867622375
120.615,1.0,9.780235241746738,0.10000000149011612
120.669,1.0,9.807716416650349,0.10000000149011612
120.714,1.0,9.75277105068995,0.10000000149011612
120.766,1.0,9.835261134554942,0.10000000149011612
120.827,1.0,9.780375455733802,0.10000000149011612
120.867,1.0,9.862741085141897,0.10000000149011612
120.923,1.0,9.780552552412782,0.10000000149011612
120.971,1.0,9.752676270902157,0.10000000149011612
121.018,1.0,9.917576105809873,0.10000000149011612
121.066,1.0,9.862701882297793,0.10000000149011612
121.123,1.0,9.917558553131919,0.10000000149011612
121.167,1.0,9.890141555915276,0.10000000149011612
121.216,1.0,9.78038811530504,0.10000000149011612
121.265,1.0,9.862720230221749,0.10000000149011612
121.317,1.0,9.835092622062398,0.10000000149011612
121.366,1.0,9.75266097454975,0.10000000149011612
121.417,1.0,9.752920941387613,0.10000000149011612
121.475,1.0,9.835384658165276,0.10000000149011612
121.515,1.0,9.945000000008278,0.10000000149011612
121.57,1.0,9.83511704074012,0.10000000149011612
121.618,1.0,9.78033148282104,0.10000000149011612
121.668,1.0,9.725541890847186,0.10000000149011612
121.718,1.0,9.862737976366446,0.10000000149011612
121.773,1.0,9.835151666320032,0.10000000149011612
121.82,1.0,9.890129585377872,0.10000000149011612
121.872,1.0,9.80774288419634,0.10000000149011612
121.924,1.0,9.807783553169834,0.10000000149011612
121.974,1.0,9.80766787390328,0.10000000149011612
122.03,1.0,9.780182285834517,0.10000000149011612
122.073,1.0,9.890000000016556,0.10000000149011612
122.124,1.0,9.807693052002126,0.10000000149011612
122.183,1.0,9.560384891658193,0.10000000149011612
122.23,1.0,9.752838063364228,0.10000000149011612
122.279,1.0,9.862732617267303,0.10000000149011612
122.331,1.0,9.725237187888059,0.10000000149011612
122.381,1.0,9.807749373176032,0.10000000149011612
122.43,1.0,9.780319592356681,0.10000000149011612
122.484,1.0,9.697921565609674,0.10000000149011612
122.534,1.0,9.725182865787712,0.10000000149011612
122.588,1.0,9.780061081320875,0.10000000149011612
122.635,1.0,9.780151720903813,0.10000000149011612
122.684,1.0,9.6980523839179,0.10000000149011612
122.738,1.0,9.78020577341732,0.10000000149011612
122.786,1.0,9.752563472857906,0.10000000149011612
122.838,1.0,9.835290399483508,0.10000000149011612
122.899,1.0,9.807761506901848,0.10000000149011612
122.942,1.0,9.86253180116829,0.10000000149011612
122.986,1.0,9.780230697203013,0.10000000149011612
123.038,1.0,9.835226627811789,0.10000000149011612
123.086,1.0,9.698185938596726,0.10000000149011612
123.137,1.0,9.862682533719473,0.10000000149011612
123.187,1.0,9.83524327520281,0.10000000149011612
123.233,1.0,9.753117766314082,0.10000000149011612
123.286,1.0,9.8625720296469,0.10000000149011612
123.335,1.0,9.862729620850748,0.10000000149011612
123.386,1.0,9.83511247181644,0.10000000149011612
123.438,1.0,9.917500303706362,0.10000000149011612
123.485,1.0,9.807917337181667,0.10000000149011612
123.537,1.0,9.917604242534273,0.10000000149011612
123.593,1.0,9.780288793539835,0.10000000149011612
123.636,1.0,9.807594303579794,0.10000000149011612
123.684,1.0,9.752695828386479,0.10000000149011612
123.737,1.0,9.67048899649332,0.10000000149011612
123.787,1.0,9.80777748665876,0.10000000149011612
123.841,1.0,9.72552688550204,0.10000000149011612
123.886,1.0,9.917636351080404,0.10000000149011612
123.938,1.0,9.835093244517015,0.10000000149011612
123.999,1.0,9.807668579742312,0.10000000149011612
124.038,1.0,9.835370310147603,0.10000000149011612
124.087,1.0,9.78015500207742,0.10000000149011612
124.141,1.0,9.752907202434209,0.10000000149011612
124.186,1.0,9.78022077470604,0.10000000149011612
124.235,1.0,9.752644397297667,0.10000000149011612
124.287,1.0,9.752846979577509,0.10000000149011612
124.336,1.0,9.752912051003012,0.10000000149011612
124.395,1.0,9.94501685794029,0.10000000149011612
124.441,1.0,9.725308171990845,0.10000000149011612
124.498,1.0,9.780287584455477,0.10000000149011612
124.542,1.0,9.725280533213581,0.10000000149011612
124.587,1.0,9.725131717924443,0.10000000149011612
124.642,1.0,9.780315542469422,0.10000000149011612
124.701,1.0,9.78024838330845,0.10000000149011612
124.741,1.0,9.890317779531081,0.10975390672683716
124.796,1.0,9.725169093492958,0.10000000149011612
124.841,1.0,9.69759747021728,0.10000000149011612
124.892,1.0,9.752952790094746,0.10000000149011612
124.946,1.0,9.642902069104215,0.10000000149011612
124.99,1.0,9.780230934110781,0.10000000149011612
125.042,1.0,9.94513386659738,0.10000000149011612
125.092,1.0,9.862645082962182,0.10000000149011612
125.142,1.0,9.862521437431376,0.10000000149011612
125.194,1.0,9.835149657022622,0.10000000149011612
125.245,1.0,9.835282249458961,0.10000000149011612
125.292,1.0,9.78039386028217,0.10000000149011612
125.343,1.0,9.80772975033356,0.10000000149011612
125.398,1.0,9.835177219203777,0.10000000149011612
125.443,1.0,9.890012657352619,0.10000000149011612
125.495,1.0,9.780326949266923,0.10000000149011612
125.544,1.0,9.69799126299719,0.10000000149011612
125.595,1.0,9.862788800150156,0.10000000149011612
125.643,1.0,9.835252094599936,0.10000000149011612
125.695,1.0,9.725489664201936,0.10000000149011612
125.75,1.0,9.725210162686805,0.10000000149011612
125.798,1.0,9.780198938275378,0.10000000149011612
125.85,1.0,9.807520732531945,0.10000000149011612
125.895,1.0,9.780255419264238,0.10000000149011612
125.948,1.0,9.835143581115537,0.10000000149011612
126.001,1.0,9.917509839104282,0.10000000149011612
126.047,1.0,9.862717301667564,0.10000000149011612
126.099,1.0,9.807972817329897,0.10000000149011612
126.147,1.0,9.835105670843687,0.10000000149011612
126.196,1.0,9.835252731169264,0.10000000149011612
126.248,1.0,9.862622938118875,0.10000000149011612
126.296,1.0,9.835113253320257,0.10000000149011612
126.352,1.0,9.890171297494735,0.10000000149011612
126.396,1.0,9.835178175133963,0.10000000149011612
126.45,1.0,9.780346479204793,0.10000000149011612
126.496,1.0,9.752869079324107,0.10000000149011612
126.551,1.0,9.780461242712207,0.10000000149011612
126.597,1.0,9.807527787672976,0.10000000149011612
126.647,1.0,9.753118354744382,0.10000000149011612
126.698,1.0,9.83515551375846,0.10000000149011612
126.746,1.0,9.780351914941436,0.10000000149011612
126.793,1.0,9.835350985597405,0.10000000149011612
126.847,1.0,9.807637085124023,0.10000000149011612
126.906,1.0,9.807797415140602,0.10000000149011612
126.951,1.0,9.80775278142343,0.10000000149011612
127.005,1.0,9.807535263275106,0.10000000149011612
127.05,1.0,9.91757782238225,0.10000000149011612
127.102,1.0,9.72556452775995,0.10000000149011612
127.15,1.0,9.698246356182628,0.10000000149011612
127.202,1.0,9.752919252547953,0.10000000149011612
127.253,1.0,9.890307696225742,0.10000000149011612
127.302,1.0,9.835092717947232,0.10000000149011612
127.351,1.0,9.780150410988265,0.10000000149011612
127.409,1.0,9.67057116534561,0.10000000149011612
127.451,1.0,9.862710844683978,0.10000000149011612
127.502,1.0,9.86264960244298,0.10000000149011612
127.556,1.0,9.862580479764276,0.10000000149011612
127.602,1.0,9.725208879800306,0.10000000149011612
127.656,1.0,9.89005527374231,0.10000000149011612
127.701,1.0,9.67036166211797,0.10000000149011612
127.755,1.0,9.835127806663513,0.10000000149011612
127.801,1.0,9.780196814032065,0.10000000149011612
127.852,1.0,9.643087678071526,0.10000000149011612
127.913,1.0,9.725466558647652,0.10000000149011612
127.951,1.0,9.835426150883238,0.10000000149011612
128.002,1.0,9.780419241616295,0.10000000149011612
128.053,1.0,9.890129879282581,0.10000000149011612
128.103,1.0,9.780163667454488,0.10000000149011612
128.16,1.0,9.890214508502847,0.10000000149011612
128.203,1.0,9.72518592580325,0.10000000149011612
128.259,1.0,9.862506376724276,0.10000000149011612
128.305,1.0,9.835007856434418,0.10000000149011612
128.358,1.0,9.697853992444774,0.10000000149011612
128.405,1.0,9.835295748648544,0.10000000149011612
128.459,1.0,9.752697248632709,0.10000000149011612
128.504,1.0,9.780146981341144,0.10000000149011612
128.555,1.0,9.698104005555312,0.10000000149011612
128.605,1.0,9.807953867026502,0.10000000149011612
128.655,1.0,9.862754531328877,0.10000000149011612
128.711,1.0,9.83517242686616,0.10000000149011612
128.754,1.0,9.780355378944012,0.10000000149011612
128.807,1.0,9.862709196470679,0.10000000149011612
128.855,1.0,9.725189079240792,0.10000000149011612
128.906,1.0,9.752656113356352,0.10000000149011612
128.964,1.0,9.83514958413111,0.10000000149011612
129.005,1.0,9.697835172298882,0.10000000149011612
129.066,1.0,9.72524213919209,0.10000000149011612
129.109,1.0,9.890206758677959,0.10000000149011612
129.158,1.0,9.725419413960642,0.10000000149011612
129.209,1.0,9.807852554900778,0.10000000149011612
129.262,1.0,9.86256134957075,0.10000000149011612
129.311,1.0,9.78037666477677,0.10000000149011612
129.359,1.0,9.835156819596886,0.10000000149011612
129.415,1.0,9.725325805176464,0.10000000149011612
129.461,1.0,9.835198261381851,0.10000000149011612
129.511,1.0,9.862632445370158,0.10000000149011612
129.559,1.0,9.862640465216504,0.10000000149011612
129.608,1.0,9.80786605367644,0.10000000149011612
129.656,1.0,9.752685613371431,0.10000000149011612
129.71,1.0,9.807821545729206,0.10000000149011612
129.765,1.0,9.917500000012417,0.10000000149011612
129.815,1.0,9.807643441524771,0.10000000149011612
129.877,1.0,9.862566451459296,0.10000000149011612
129.916,1.0,9.835239866686363,0.10000000149011612
129.968,1.0,9.862631753376789,0.10000000149011612
130.017,1.0,9.725362646227909,0.10000000149011612
130.066,1.0,9.86268892472403,0.10000000149011612
130.116,1.0,9.75275977353255,0.10000000149011612
130.166,1.0,9.725406612021228,0.10000000149011612
130.215,1.0,9.725334409313897,0.10000000149011612
130.266,1.0,9.780278481522368,0.10000000149011612
130.316,1.0,9.725484090194934,0.10000000149011612
130.371,1.0,9.753069542265601,0.10000000149011612
130.417,1.0,9.83533916225036,0.10000000149011612
130.472,1.0,9.615499553725952,0.10000000149011612
130.518,1.0,9.697907107613153,0.10000000149011612
130.566,1.0,9.917567113166054,0.10000000149011612
130.628,1.0,9.807766069120003,0.10000000149011612
130.666,1.0,9.83524058583296,0.10000000149011612
130.716,1.0,9.725071711217364,0.10000000149011612
130.766,1.0,9.780319271485011,0.10000000149011612
130.823,1.0,9.862609559318258,0.10000000149011612
130.87,1.0,9.807917758015295,0.10000000149011612
130.92,1.0,9.807547620249291,0.10000000149011612
130.973,1.0,9.86281659360975,0.10487096756696701
131.02,1.0,9.78019922092143,0.10000000149011612
131.07,1.0,9.807655710726976,0.10000000149011612
131.125,1.0,9.807701224626767,0.10000000149011612
131.17,1.0,9.917597190000945,0.10000000149011612
131.22,1.0,9.80760348027365,0.10000000149011612
131.274,1.0,9.807682113266653,0.10000000149011612
131.319,1.0,9.780152007916735,0.10000000149011612
131.371,1.0,9.725203992674748,0.10000000149011612
131.42,1.0,9.670462725746136,0.10000000149011612
131.47,1.0,9.862743237014445,0.10000000149011612
131.524,1.0,9.75297227702621,0.10000000149011612
131.57,1.0,9.890073218424288,0.10000000149011612
131.62,1.0,9.752954739208024,0.10000000149011612
131.67,1.0,9.807763166932595,0.10000000149011612
131.723,1.0,9.835380336021384,0.10000000149011612
131.77,1.0,9.835338367501066,0.10000000149011612
131.823,1.0,9.642891683822704,0.10000000149011612
131.871,1.0,9.917566402753193,0.10000000149011612
131.925,1.0,9.725466711446643,0.10000000149011612
131.97,1.0,9.807597816942467,0.10000000149011612
132.023,1.0,9.835228561609984,0.10000000149011612
132.079,1.0,9.807782420309053,0.10000000149011612
132.119,1.0,9.780201731601522,0.10000000149011612
132.17,1.0,9.725329179006318,0.10000000149011612
132.22,1.0,9.862550529754824,0.10000000149011612
132.277,1.0,9.753021057881416,0.10000000149011612
132.322,1.0,9.83513480960909,0.10000000149011612
132.371,1.0,9.642764285103315,0.10000000149011612
132.427,1.0,9.72541484284318,0.10000000149011612
132.474,1.0,9.862688042906424,0.10000000149011612
132.522,1.0,9.725443419482973,0.10000000149011612
132.575,1.0,9.697575405529804,0.10000000149011612
132.623,1.0,9.835324601642787,0.10000000149011612
132.674,1.0,9.725425180854897,0.10000000149011612
132.728,1.0,9.917568473248846,0.10000000149011612
132.773,1.0,9.80762589983642,0.10000000149011612
132.822,1.0,9.862696246306102,0.10000000149011612
132.876,1.0,9.72531414795667,0.10000000149011612
132.923,1.0,9.807545906139744,0.10000000149011612
132.976,1.0,9.780330746517413,0.10000000149011612
133.025,1.0,9.862682595538596,0.10000000149011612
133.072,1.0,9.83508836682886,0.10000000149011612
133.124,1.0,9.862659267936316,0.10000000149011612
133.181,1.0,9.890110117569566,0.10000000149011612
133.224,1.0,9.725403245517777,0.10000000149011612
133.276,1.0,9.752588964191576,0.10000000149011612
133.334,1.0,9.86263397882382,0.10000000149011612
133.376,1.0,9.78010194082227,0.10000000149011612
133.43,1.0,9.917500000012417,0.10000000149011612
133.478,1.0,9.972500000004139,0.10000000149011612
133.526,1.0,9.780380406810178,0.10000000149011612
133.579,1.0,9.587861512290935,0.10000000149011612
133.628,1.0,9.725399292695025,0.10000000149011612
133.676,1.0,9.69765793873618,0.10000000149011612
133.727,1.0,9.917604508499304,0.10000000149011612
133.775,1.0,9.862623107681673,0.10000000149011612
133.826,1.0,9.643120216847294,0.10000000149011612
133.879,1.0,9.862696608901024,0.10000000149011612
133.935,1.0,9.780219715109302,0.10000000149011612
133.98,1.0,9.752881925490994,0.10000000149011612
134.034,1.0,9.835160336643458,0.10000000149011612
134.077,1.0,9.835202307254075,0.10000000149011612
134.129,1.0,9.862740722215838,0.10000000149011612
134.179,1.0,9.697947122280796,0.10000000149011612
134.232,1.0,9.83519459809694,0.10000000149011612
134.283,1.0,9.725351235498156,0.10000000149011612
134.33,1.0,9.753040831701624,0.10000000149011612
134.386,1.0,9.752784692185621,0.10000000149011612
134.43,1.0,9.917799846207101,0.13308042287826538
134.486,1.0,9.945000000008278,0.10000000149011612
134.531,1.0,9.917742612957955,0.11667300760746002
134.588,1.0,9.807687672517366,0.10000000149011612
134.629,1.0,9.890232482531832,0.10000000149011612
134.679,1.0,9.752782744955685,0.10000000149011612
134.73,1.0,9.807905377799438,0.10000000149011612
134.78,1.0,9.835072075244453,0.10000000149011612
134.836,1.0,9.752919329764943,0.10000000149011612
134.881,1.0,9.807771586626767,0.10000000149011612
134.936,1.0,9.72535986389137,0.10000000149011612
134.984,1.0,9.862731222994626,0.10000000149011612
135.033,1.0,9.862668084249728,0.10000000149011612
135.089,1.0,9.752795404113002,0.10000000149011612
135.13,1.0,9.862500000020695,0.10000000149011612
135.182,1.0,9.835125018283724,0.10000000149011612
135.238,1.0,9.780355050538978,0.10000000149011612
135.283,1.0,9.643060471759075,0.10000000149011612
135.337,1.0,9.917678558722967,0.10000000149011612
135.382,1.0,9.752734647339416,0.10000000149011612
135.435,1.0,9.807719122370084,0.10000000149011612
135.484,1.0,9.890235449663466,0.10000000149011612
135.534,1.0,9.890000000016556,0.10000000149011612
135.59,1.0,9.807700626283056,0.10000000149011612
135.635,1.0,9.862572257055177,0.10000000149011612
135.682,1.0,9.972500000004139,0.10000000149011612
135.735,1.0,9.725381345136299,0.10000000149011612
135.792,1.0,9.670537613828976,0.10000000149011612
135.834,1.0,9.80776265139381,0.10000000149011612
135.885,1.0,9.780301077477635,0.10000000149011612
135.941,1.0,9.890048593448268,0.10000000149011612
135.985,1.0,9.890139597675038,0.10000000149011612
136.034,1.0,9.697800312750042,0.10000000149011612
136.083,1.0,9.780422117561102,0.10133485496044159
136.136,1.0,9.83519951361749,0.10000000149011612
136.185,1.0,9.89025653882159,0.10000000149011612
136.236,1.0,9.807706907577813,0.10000000149011612
136.291,1.0,9.86289231001089,0.10000000149011612
136.335,1.0,9.807704765639372,0.10000000149011612
136.387,1.0,9.7527540349505,0.10000000149011612
136.437,1.0,9.807554901287787,0.10000000149011612
136.488,1.0,9.64287882314788,0.10000000149011612
136.542,1.0,9.835057558802268,0.10000000149011612
136.592,1.0,9.91754613013731,0.10000000149011612
136.637,1.0,9.697933443408045,0.10000000149011612
136.688,1.0,9.807628843229677,0.10000000149011612
136.737,1.0,9.725593836833205,0.10000000149011612
136.79,1.0,9.835370341667698,0.10000000149011612
136.839,1.0,9.835366152061356,0.10000000149011612
136.887,1.0,9.698058887529704,0.10000000149011612
136.938,1.0,9.697893517588575,0.10000000149011612
136.987,1.0,9.917761697620154,0.126231387257576
137.037,1.0,9.642977364588942,0.10000000149011612
137.086,1.0,9.94507132348501,0.10000000149011612
137.137,1.0,9.780286741194626,0.10000000149011612
137.191,1.0,9.697986393670242,0.10000000149011612
137.238,1.0,9.86252718710651,0.10000000149011612
137.294,1.0,9.643213030964963,0.10000000149011612
137.338,1.0,9.753173612989485,0.10000000149011612
137.394,1.0,9.835098071127302,0.10000000149011612
137.444,1.0,9.697940226664974,0.10000000149011612
137.495,1.0,9.670460383490555,0.10000000149011612
137.547,1.0,9.945044875620967,0.10000000149011612
137.597,1.0,9.862521212941243,0.10000000149011612
137.65,1.0,9.780332261592978,0.10000000149011612
137.703,1.0,9.835216291248798,0.10000000149011612
137.752,1.0,9.862655725081762,0.10000000149011612
137.802,1.0,9.835153162624273,0.10000000149011612
137.863,1.0,9.807694533881214,0.10000000149011612
137.905,1.0,9.725249982107844,0.10000000149011612
137.953,1.0,9.835127112807498,0.10000000149011612
138.003,1.0,9.780369494834709,0.10000000149011612
138.061,1.0,9.752786249770887,0.10000000149011612
138.105,1.0,9.835151175450948,0.10000000149011612
138.156,1.0,9.752758661305739,0.10000000149011612
138.215,1.0,9.698089573159814,0.10000000149011612
138.256,1.0,9.945036098236839,0.10000000149011612
138.31,1.0,9.945105590691997,0.10000000149011612
138.357,1.0,9.725363665736383,0.10000000149011612
138.41,1.0,9.807816417308317,0.10000000149011612
138.458,1.0,9.890136785701745,0.10000000149011612
138.506,1.0,9.890128343531655,0.10000000149011612
138.558,1.0,9.835203066530328,0.10000000149011612
138.614,1.0,9.75263200338102,0.10000000149011612
138.661,1.0,9.725355640219318,0.10000000149011612
138.71,1.0,9.807796080037951,0.10000000149011612
138.762,1.0,9.890269827408096,0.10000000149011612
138.811,1.0,9.890111925225291,0.10000000149011612
138.86,1.0,9.86280381590542,0.10000000149011612
138.913,1.0,9.780265456313888,0.10000000149011612
138.962,1.0,9.80760178555631,0.10000000149011612
139.017,1.0,9.697563785604304,0.10000000149011612
139.063,1.0,9.86261894106865,0.10000000149011612
139.116,1.0,9.972500000004139,0.10000000149011612
139.169,1.0,9.697788643112613,0.10000000149011612
139.212,1.0,9.862634713844292,0.10000000149011612
139.261,1.0,9.615710134928426,0.10000000149011612
139.311,1.0,9.807500000028975,0.10000000149011612
139.361,1.0,9.697807915632923,0.10000000149011612
139.416,1.0,9.807881904289955,0.10000000149011612
139.462,1.0,9.8352522680122,0.10000000149011612
139.512,1.0,9.780235862711237,0.10000000149011612
139.565,1.0,9.862591016561622,0.10000000149011612
139.613,1.0,9.835268836489155,0.10000000149011612
139.671,1.0,9.917500000012417,0.10000000149011612
139.723,1.0,9.890063882929583,0.10000000149011612
139.767,1.0,9.697758563587236,0.10000000149011612
139.819,1.0,9.835346150625911,0.10000000149011612
139.872,1.0,9.78013086080965,0.10000000149011612
139.925,1.0,9.780314810946583,0.10000000149011612
139.976,1.0,9.670778626845115,0.10000000149011612
140.026,1.0,9.780377457849681,0.10000000149011612
140.075,1.0,9.807666906900703,0.10000000149011612
140.127,1.0,9.807621854895519,0.10000000149011612
140.176,1.0,9.972500000004139,0.10000000149011612
140.225,1.0,9.752697999464969,0.10000000149011612
140.274,1.0,9.835109009966255,0.10000000149011612
140.325,1.0,9.86275963772916,0.10000000149011612
140.38,1.0,9.753041452231507,0.10000000149011612
140.425,1.0,9.807597596550153,0.10000000149011612
140.475,1.0,9.890000000016556,0.10000000149011612
140.525,1.0,9.835490549831755,0.10000000149011612
140.577,1.0,9.807738981354568,0.10000000149011612
140.626,1.0,9.8902550805774,0.10000000149011612
140.678,1.0,9.670483873101572,0.10000000149011612
140.725,1.0,9.862751819462412,0.10000000149011612
140.776,1.0,9.807837077043951,0.10000000149011612
140.826,1.0,9.752689573893116,0.10000000149011612
140.888,1.0,9.835223358041711,0.10000000149011612
140.926,1.0,9.725376508633296,0.10000000149011612
140.978,1.0,9.835275278923412,0.10000000149011612
141.025,1.0,9.752918129021095,0.10000000149011612
141.079,1.0,9.835000000024836,0.10000000149011612
141.125,1.0,9.670292455951373,0.10000000149011612
141.175,1.0,9.69783096379704,0.10000000149011612
141.228,1.0,9.835105642303825,0.10000000149011612
141.279,1.0,9.78031548058821,0.10000000149011612
141.336,1.0,9.972500000004139,0.10000000149011612
141.379,1.0,9.752827962529327,0.10000000149011612
141.435,1.0,9.780193405598402,0.10000000149011612
141.479,1.0,9.725279103447166,0.10000000149011612
141.528,1.0,9.835241438034508,0.10000000149011612
141.584,1.0,9.862607252101103,0.10000000149011612
141.628,1.0,9.835054652351472,0.10000000149011612
141.68,1.0,9.890163267093401,0.10000000149011612
141.729,1.0,9.862776291763616,0.10000000149011612
141.779,1.0,9.780306661687792,0.10000000149011612
141.833,1.0,9.752846051297254,0.10000000149011612
141.879,1.0,9.835350199850897,0.10000000149011612
141.93,1.0,9.835386594033075,0.10000000149011612
141.987,1.0,9.780342974451681,0.10000000149011612
142.032,1.0,9.643168009672728,0.10000000149011612
142.078,1.0,9.807668422100445,0.10000000149011612
142.13,1.0,9.890027489388983,0.10000000149011612
142.181,1.0,9.862668639607728,0.10000000149011612
142.233,1.0,9.835241000374985,0.10000000149011612
142.279,1.0,9.862643543713622,0.10000000149011612
142.329,1.0,9.75278230243259,0.10000000149011612
142.392,1.0,9.86260770012935,0.10000000149011612
142.431,1.0,9.8353500691346,0.10000000149011612
142.474,1.0,9.725409638902379,0.10000000149011612
142.529,1.0,9.725486495594184,0.10000000149011612
142.579,1.0,9.752878615777526,0.10000000149011612
142.629,1.0,9.917588280058569,0.10000000149011612
142.68,1.0,9.890104954876005,0.10000000149011612
142.731,1.0,9.862613450859984,0.10000000149011612
142.779,1.0,9.807764965689017,0.10000000149011612
142.83,1.0,9.780309540136821,0.10000000149011612
142.886,1.0,9.890095259228515,0.10000000149011612
142.939,1.0,9.89005224969652,0.10000000149011612
142.982,1.0,9.862608780836066,0.10000000149011612
143.035,1.0,9.807610355731514,0.10000000149011612
143.08,1.0,9.752838985580537,0.10000000149011612
143.132,1.0,9.75265622217622,0.10000000149011612
143.188,1.0,9.780498713855113,0.10000000149011612
143.231,1.0,9.670298313928974,0.10000000149011612
143.281,1.0,9.945000000008278,0.10000000149011612
143.331,1.0,9.642920355705751,0.10000000149011612
143.387,1.0,9.80790488411569,0.10000000149011612
143.43,1.0,9.862611718330946,0.10000000149011612
143.489,1.0,9.8626698916571,0.10000000149011612
143.531,1.0,9.835450887141956,0.10000000149011612
143.582,1.0,9.752812101774746,0.10000000149011612
143.645,1.0,9.862739083874557,0.10000000149011612
143.681,1.0,9.807733344659209,0.10000000149011612
143.74,1.0,9.862825895701018,0.10000000149011612
143.781,1.0,9.835108463445472,0.10000000149011612
143.836,1.0,9.890111531089577,0.10000000149011612
143.887,1.0,9.780029785094989,0.10000000149011612
143.936,1.0,9.75277376100421,0.10000000149011612
143.987,1.0,9.890120929603775,0.10000000149011612
144.04,1.0,9.643025185126398,0.10000000149011612
144.093,1.0,9.917500000012417,0.10000000149011612
144.135,1.0,9.89019699456791,0.10000000149011612
144.187,1.0,9.835512915398512,0.10000000149011612
144.237,1.0,9.862792228907347,0.10000000149011612
144.287,1.0,9.83532227323287,0.10000000149011612
144.346,1.0,9.78011949747387,0.10000000149011612
144.395,1.0,9.780254415091541,0.10000000149011612
144.446,1.0,9.917500000012417,0.10000000149011612
144.498,1.0,9.780387658170527,0.10000000149011612
144.548,1.0,9.862519205837614,0.10000000149011612
144.595,1.0,9.807575378277235,0.10000000149011612
144.647,1.0,9.890061900537047,0.10000000149011612
144.703,1.0,9.862620326711072,0.10000000149011612
144.755,1.0,9.725512505984968,0.10000000149011612
144.801,1.0,9.780423323541052,0.10000000149011612
144.854,1.0,9.780247568897902,0.10000000149011612
144.902,1.0,9.890095892072551,0.10000000149011612
144.95,1.0,9.670375829521152,0.10000000149011612
145.01,1.0,9.83529508865128,0.10000000149011612
145.05,1.0,9.862500000020695,0.10000000149011612
145.1,1.0,9.807689156776501,0.10000000149011612
145.153,1.0,9.780530338899958,0.10000000149011612
145.202,1.0,9.94505705539551,0.10000000149011612
145.253,1.0,9.807580105505055,0.10000000149011612
145.306,1.0,9.86284814576308,0.10000000149011612
145.355,1.0,9.9450415322971,0.10000000149011612
145.405,1.0,9.725382047767441,0.10000000149011612
145.463,1.0,9.835025843708879,0.10000000149011612
145.505,1.0,9.725281243316001,0.10000000149011612
145.563,1.0,9.86261205561459,0.10000000149011612
145.606,1.0,9.807845444666842,0.10000000149011612
145.655,1.0,9.72547929568423,0.10000000149011612
145.708,1.0,9.862980750099652,0.10000000149011612
145.77,1.0,9.86258042111165,0.10000000149011612
145.806,1.0,9.835375038844843,0.10000000149011612
145.866,1.0,9.780233590760165,0.10000000149011612
145.908,1.0,9.698093059659005,0.10000000149011612
145.958,1.0,9.698160064696438,0.10000000149011612
146.008,1.0,9.917761548277404,0.1173335462808609
146.058,1.0,9.615581922233105,0.10000000149011612
146.119,1.0,9.862634956671132,0.10000000149011612
146.162,1.0,9.752960722438162,0.10000000149011612
146.213,1.0,9.725187657670014,0.10000000149011612
146.266,1.0,9.89016747025566,0.10000000149011612
146.311,1.0,9.917500000012417,0.10000000149011612
146.364,1.0,9.835102297365665,0.10000000149011612
146.418,1.0,9.89005885846499,0.10000000149011612
146.461,1.0,9.862630438514882,0.10000000149011612
146.515,1.0,9.89009020322313,0.10000000149011612
146.562,1.0,9.807695001736283,0.10000000149011612
146.612,1.0,9.917598692100082,0.10000000149011612
146.662,1.0,9.752707781290843,0.10000000149011612
146.713,1.0,9.780221162798505,0.10000000149011612
146.761,1.0,9.835357650141749,0.10000000149011612
146.811,1.0,9.917641315919658,0.10000000149011612
146.866,1.0,9.835159072217841,0.10000000149011612
146.916,1.0,9.835136795995965,0.10000000149011612
146.963,1.0,9.862634136610561,0.10000000149011612
147.012,1.0,9.890038455091418,0.10000000149011612
147.063,1.0,9.725270710926917,0.10000000149011612
147.114,1.0,9.69773136532555,0.10000000149011612
147.162,1.0,9.725250311589075,0.10000000149011612
147.212,1.0,9.697678872818749,0.10000000149011612
147.263,1.0,9.752850749302242,0.10000000149011612
147.313,1.0,9.835158447259003,0.10000000149011612
147.363,1.0,9.917703402683967,0.10452786833047867
147.423,1.0,9.862616295760704,0.10000000149011612
147.463,1.0,9.86283956832356,0.10034291446208954
147.527,1.0,9.807844739324517,0.10000000149011612
147.56,1.0,9.862724596737987,0.10000000149011612
147.611,1.0,9.835363639787667,0.10000000149011612
147.663,1.0,9.780287392127017,0.10000000149011612
147.71,1.0,9.862581160540381,0.10000000149011612
147.765,1.0,9.78017700250364,0.10000000149011612
147.818,1.0,9.78026026232789,0.10000000149011612
147.865,1.0,9.835242681888243,0.10000000149011612
147.921,1.0,9.780235811654064,0.10000000149011612
147.973,1.0,9.917554925754667,0.10000000149011612
148.015,1.0,9.807809022089673,0.10000000149011612
148.069,1.0,9.78034610826936,0.10000000149011612
148.116,1.0,9.835157742040852,0.10000000149011612
148.163,1.0,9.725344413932827,0.10000000149011612
148.214,1.0,9.83508930315988,0.10000000149011612
148.265,1.0,9.725243980251253,0.10000000149011612
148.318,1.0,9.835164739667542,0.10000000149011612
148.367,1.0,9.917706029386157,0.11062357574701309
148.416,1.0,9.642647911835876,0.10000000149011612
148.472,1.0,9.807849083902935,0.10000000149011612
148.516,1.0,9.807820875073473,0.10000000149011612
148.566,1.0,9.75307424031198,0.10000000149011612
148.614,1.0,9.862652615478469,0.10000000149011612
148.664,1.0,9.917500000012417,0.10000000149011612
148.717,1.0,9.890000000016556,0.10000000149011612
148.765,1.0,9.835124136424726,0.10000000149011612
148.814,1.0,9.86271989989198,0.10000000149011612
148.869,1.0,9.7531343124186,0.10000000149011612
148.915,1.0,9.780187657475471,0.10000000149011612
148.968,1.0,9.78045394209524,0.10000000149011612
149.016,1.0,9.86289937771443,0.10313119739294052
149.067,1.0,9.752928447992437,0.10000000149011612
149.112,1.0,9.780325772261454,0.10000000149011612
149.166,1.0,9.862661225762633,0.10002437233924866
149.222,1.0,9.780317695045637,0.10000000149011612
149.267,1.0,9.835152603189151,0.10000000149011612
149.314,1.0,9.835106114567154,0.10000000149011612
149.367,1.0,9.780232044081721,0.10000000149011612
149.424,1.0,9.917624122069942,0.10000000149011612
149.469,1.0,9.917613000008796,0.10000000149011612
149.515,1.0,9.917700706525808,0.10000000149011612
149.569,1.0,9.780036145676341,0.10000000149011612
149.623,1.0,9.835213966046771,0.10000000149011612
149.673,1.0,9.862530440195567,0.10000000149011612
149.722,1.0,9.75293084445099,0.10000000149011612
149.77,1.0,9.72534725761248,0.10000000149011612
149.819,1.0,9.862599314211144,0.10000000149011612
149.871,1.0,9.862899287086394,0.10000000149011612
149.919,1.0,9.835302630398008,0.10000000149011612
149.971,1.0,9.78015742028753,0.10000000149011612
150.022,1.0,9.917636345658037,0.10000000149011612
150.073,1.0,9.862665076367557,0.10000000149011612
150.123,1.0,9.89001278579235,0.10000000149011612
150.171,1.0,9.917659525718125,0.10000000149011612
150.222,1.0,9.725431379220552,0.10000000149011612
150.272,1.0,9.753045045253304,0.10000000149011612
150.324,1.0,9.945125847620268,0.10000000149011612
150.372,1.0,9.75251976835231,0.10000000149011612
150.422,1.0,9.862693373134567,0.10000000149011612
150.473,1.0,9.807787553427948,0.10000000149011612
150.522,1.0,9.78030638527125,0.10000000149011612
150.573,1.0,9.670447607835134,0.10000000149011612
150.622,1.0,9.725329263963634,0.10000000149011612
150.674,1.0,9.890167469489906,0.10000000149011612
150.726,1.0,9.807562298182813,0.10000000149011612
150.772,1.0,9.780237924742202,0.10000000149011612
150.825,1.0,9.862793959035642,0.10000000149011612
150.871,1.0,9.86266190107498,0.10000000149011612
150.921,1.0,9.752833942572275,0.10000000149011612
150.982,1.0,9.725475216967364,0.10000000149011612
151.021,1.0,9.78038162936767,0.10000000149011612
151.071,1.0,9.780206221321391,0.10000000149011612
151.125,1.0,9.890163696764244,0.10000000149011612
151.172,1.0,9.80778396928476,0.10000000149011612
151.223,1.0,9.780430315786766,0.10000000149011612
151.273,1.0,9.862719603193304,0.10000000149011612
151.325,1.0,9.890293648425075,0.10000000149011612
151.372,1.0,9.725346641884082,0.10000000149011612
151.423,1.0,9.917669822234247,0.10000000149011612
151.475,1.0,9.6979013365176,0.10000000149011612
151.524,1.0,9.86284001984944,0.10000000149011612
151.572,1.0,9.862836677994993,0.10000000149011612
151.629,1.0,9.725352699785597,0.10000000149011612
151.672,1.0,9.862700418010354,0.10000000149011612
151.73,1.0,9.780203095947703,0.10000000149011612
151.773,1.0,9.945196305339534,0.13219444453716278
151.826,1.0,9.780396401219898,0.10000000149011612
151.89,1.0,9.725044414173398,0.10000000149011612
151.929,1.0,9.862683185541796,0.10000000149011612
151.986,1.0,9.83500539223767,0.10000000149011612
152.03,1.0,9.670087691727613,0.10000000149011612
152.104,1.0,9.780357071364092,0.10000000149011612
152.142,1.0,9.862624295697444,0.10000000149011612
152.183,1.0,9.890185371041298,0.10000000149011612
152.236,1.0,9.83524126491199,0.10020684450864792
152.287,1.0,9.697832968499926,0.10000000149011612
152.338,1.0,9.753101861745947,0.10000000149011612
152.385,1.0,9.752788586376441,0.10000000149011612
152.447,1.0,9.752657633854284,0.10000000149011612
152.486,1.0,9.78022304162797,0.10000000149011612
152.537,1.0,9.917764265090227,0.1263621747493744
152.591,1.0,9.670134461339977,0.10000000149011612
152.642,1.0,9.807630796130333,0.10000000149011612
152.69,1.0,9.8350253774888,0.10000000149011612
152.742,1.0,9.780454751228293,0.10103511810302734
152.802,1.0,9.862648728407091,0.10000000149011612
152.84,1.0,9.835449914654923,0.10225095599889755
152.89,1.0,9.670643004712959,0.10000000149011612
152.94,1.0,9.945109113926689,0.11692630499601364
152.991,1.0,9.752777348976169,0.10000000149011612
153.042,1.0,9.83523897667312,0.10000000149011612
153.094,1.0,9.917634474175673,0.10291607677936554
153.147,1.0,9.752783218088249,0.10000000149011612
153.194,1.0,9.835044456273318,0.10000000149011612
153.248,1.0,9.862619825618134,0.10000000149011612
153.295,1.0,9.78040380726258,0.10000000149011612
153.347,1.0,9.890135373940899,0.10054779052734375
153.398,1.0,9.780366894519991,0.10000000149011612
153.446,1.0,9.835260069618622,0.10000000149011612
153.501,1.0,9.862821697505812,0.10000000149011612
153.547,1.0,9.862623602027695,0.10000000149011612
153.603,1.0,9.890162803522415,0.10000000149011612
153.646,1.0,9.890087005061408,0.10000000149011612
153.696,1.0,9.83517034045524,0.10000000149011612
153.747,1.0,9.752645117292802,0.10000000149011612
153.798,1.0,9.835343299330109,0.10000000149011612
153.845,1.0,9.86271031976988,0.10000000149011612
153.896,1.0,9.807941608317197,0.10000000149011612
153.947,1.0,9.588712277242706,0.10000000149011612
153.999,1.0,9.862631367436714,0.10000000149011612
154.048,1.0,9.807572277573248,0.10000000149011612
154.104,1.0,9.890075726538068,0.10000000149011612
154.144,1.0,9.725311029288504,0.10000000149011612
154.198,1.0,9.835136328865257,0.10000000149011612
154.253,1.0,9.835212067763011,0.10000000149011612
154.299,1.0,9.835063401009474,0.10000000149011612
154.355,1.0,9.752708992713856,0.10000000149011612
154.399,1.0,9.725283927946455,0.10000000149011612
154.453,1.0,9.80782541245636,0.10000000149011612
154.499,1.0,9.83533394974139,0.10000000149011612
154.553,1.0,9.615658855251969,0.10000000149011612
154.601,1.0,9.780218354985118,0.10000000149011612
154.651,1.0,9.780148038247393,0.10000000149011612
154.703,1.0,9.780427022423181,0.10000000149011612
154.75,1.0,9.835190729507142,0.10000000149011612
154.8,1.0,9.75292690632244,0.10000000149011612
154.855,1.0,9.697821671412223,0.10000000149011612
154.901,1.0,9.917685606889426,0.10000000149011612
154.95,1.0,9.725512613045673,0.10000000149011612
155.002,1.0,9.862837331762744,0.10000000149011612
155.052,1.0,9.752724676165316,0.10000000149011612
155.1,1.0,9.780249936030144,0.10000000149011612
155.153,1.0,9.807737931898899,0.10000000149011612
155.201,1.0,9.78018119842228,0.10000000149011612
155.255,1.0,9.890000000016556,0.10000000149011612
155.3,1.0,9.753263084135122,0.10000000149011612
155.352,1.0,9.862506855299904,0.10000000149011612
155.4,1.0,9.862563653104008,0.10000000149011612
155.45,1.0,9.752730587331785,0.10000000149011612
155.505,1.0,9.835277801979746,0.10000000149011612
155.55,1.0,9.83515997454524,0.10000000149011612
155.6,1.0,9.642981931091184,0.10000000149011612
155.652,1.0,9.80782161793775,0.10000000149011612
155.701,1.0,9.917646189861827,0.10000000149011612
155.75,1.0,9.835043764362732,0.10000000149011612
155.806,1.0,9.780145144317713,0.10000000149011612
155.851,1.0,9.752566552100083,0.10000000149011612
155.9,1.0,9.917601534724236,0.10000000149011612
155.956,1.0,9.83520264873902,0.10000000149011612
156.002,1.0,9.725261609173483,0.10000000149011612
156.051,1.0,9.807840323924191,0.10000000149011612
156.104,1.0,9.862593189254403,0.10000000149011612
156.154,1.0,9.752765231517454,0.10000000149011612
156.206,1.0,9.917688000678188,0.10000000149011612
156.252,1.0,9.697901198661162,0.10000000149011612
156.305,1.0,9.75271920946737,0.10000000149011612
156.352,1.0,9.780177673366335,0.10000000149011612
156.405,1.0,9.807967785890732,0.10000000149011612
156.466,1.0,9.752685720100999,0.10000000149011612
156.503,1.0,9.752910022685926,0.10000000149011612
156.56,1.0,9.862595047305028,0.10000000149011612
156.605,1.0,9.697874549217522,0.10000000149011612
156.652,1.0,9.807830751418239,0.10000000149011612
156.704,1.0,9.807666011672053,0.10000000149011612
156.755,1.0,9.83526228155113,0.10000000149011612
156.804,1.0,9.752764410297903,0.10000000149011612
156.856,1.0,9.83531217109412,0.10000000149011612
156.912,1.0,9.725321606567336,0.10000000149011612
156.953,1.0,9.83532636620932,0.10000000149011612
157.008,1.0,9.835288505194088,0.10000000149011612
157.059,1.0,9.890242934185597,0.10000000149011612
157.106,1.0,9.862706069027384,0.10000000149011612
157.156,1.0,9.8626009972973,0.10000000149011612
157.205,1.0,9.752795589280625,0.10000000149011612
157.261,1.0,9.835224643535913,0.10000000149011612
157.303,1.0,9.615411738678812,0.10000000149011612
157.352,1.0,9.807807044540015,0.10000000149011612
157.403,1.0,9.83540804175039,0.10000000149011612
157.452,1.0,9.862763932823308,0.10000000149011612
157.509,1.0,9.807653365035852,0.10000000149011612
157.554,1.0,9.78012484624568,0.10000000149011612
157.604,1.0,9.80768326934841,0.10000000149011612
157.653,1.0,9.890156386937532,0.10000000149011612
157.709,1.0,9.835336897853349,0.10000000149011612
157.753,1.0,9.835509909047849,0.10000000149011612
157.803,1.0,9.945128699909482,0.10077442973852158
157.853,1.0,9.807561165632473,0.10000000149011612
157.905,1.0,9.752912478645642,0.10000000149011612
157.953,1.0,9.725302163097593,0.10000000149011612
158.009,1.0,9.807700088475313,0.10000000149011612
158.057,1.0,9.835381523726715,0.10000000149011612
158.102,1.0,9.752727341237996,0.10000000149011612
158.153,1.0,9.835062044486403,0.10000000149011612
158.21,1.0,9.80772684806337,0.10000000149011612
158.253,1.0,9.890317727480497,0.10000000149011612
158.303,1.0,9.862713589395087,0.10000000149011612
158.354,1.0,9.615238659373588,0.10000000149011612
158.403,1.0,9.835243941884901,0.10000000149011612
158.452,1.0,9.780353058481381,0.10000000149011612
158.509,1.0,9.725300192046497,0.10000000149011612
158.565,1.0,9.78018191088405,0.10000000149011612
158.61,1.0,9.807862069147328,0.10000000149011612
158.658,1.0,9.75283294769211,0.10000000149011612
158.709,1.0,9.72535245190892,0.10000000149011612
158.753,1.0,9.807882629562583,0.10000000149011612
158.808,1.0,9.807880759528942,0.10000000149011612
158.858,1.0,9.862791986970437,0.10000000149011612
158.91,1.0,9.835258321029444,0.10000000149011612
158.959,1.0,9.78025808578564,0.10000000149011612
159.012,1.0,9.807579801293711,0.10000000149011612
159.059,1.0,9.780157499036028,0.10000000149011612
159.113,1.0,9.807795821668373,0.10000000149011612
159.166,1.0,9.83536170894901,0.10000000149011612
159.21,1.0,9.752834122710757,0.10000000149011612
159.264,1.0,9.780256118832362,0.10000000149011612
159.309,1.0,9.917615417804983,0.10000000149011612
159.36,1.0,9.945000000008278,0.10000000149011612
159.411,1.0,9.807923243650132,0.10000000149011612
159.459,1.0,9.807766621414986,0.10000000149011612
159.509,1.0,9.725318096992043,0.10000000149011612
159.561,1.0,9.80774807534698,0.10000000149011612
159.608,1.0,9.80776002359473,0.10000000149011612
159.661,1.0,9.670299884594149,0.10000000149011612
159.711,1.0,9.862537386620211,0.10000000149011612
159.766,1.0,9.862687176652253,0.10000000149011612
159.819,1.0,9.835123144152265,0.10000000149011612
159.863,1.0,9.7529481606351,0.10000000149011612
159.913,1.0,9.697980745819708,0.10000000149011612
159.962,1.0,9.670400100739466,0.10000000149011612
160.017,1.0,9.697896687148345,0.10000000149011612
160.064,1.0,9.862634403279259,0.10000000149011612
160.115,1.0,9.72534145946718,0.10000000149011612
160.167,1.0,9.615319015416834,0.10000000149011612
160.218,1.0,9.780258764347268,0.10000000149011612
160.268,1.0,9.642696665724118,0.10000000149011612
160.319,1.0,9.807840996566746,0.10000000149011612
160.367,1.0,9.7529450641945,0.10000000149011612
160.42,1.0,9.615301219974127,0.10000000149011612
160.468,1.0,9.698065389009814,0.10000000149011612
160.52,1.0,9.807691264318095,0.10000000149011612
160.571,1.0,9.670251745420197,0.10000000149011612
160.619,1.0,9.807654112680918,0.10000000149011612
160.668,1.0,9.780012912965484,0.10000000149011612
160.72,1.0,9.72529253721651,0.10000000149011612
160.768,1.0,9.780451723953917,0.10000000149011612
160.818,1.0,9.780261862071024,0.10000000149011612
160.868,1.0,9.807649784493778,0.10000000149011612
160.918,1.0,9.835351932690376,0.10000000149011612
160.973,1.0,9.697653876762423,0.10000000149011612
161.019,1.0,9.862500000020695,0.10000000149011612
161.068,1.0,9.835074530935122,0.10000000149011612
161.119,1.0,9.890209149362313,0.10000000149011612
161.17,1.0,9.78015110850748,0.10000000149011612
161.219,1.0,9.807794983809194,0.10000000149011612
161.268,1.0,9.862680660084719,0.10000000149011612
161.317,1.0,9.807710118157168,0.10000000149011612
161.369,1.0,9.69784038114465,0.10000000149011612
161.42,1.0,9.862677756552067,0.10000000149011612
161.469,1.0,9.862692748589648,0.10000000149011612
161.518,1.0,9.890229804689685,0.10000000149011612
161.569,1.0,9.670393891115156,0.10000000149011612
161.62,1.0,9.780684207607475,0.10000000149011612
161.673,1.0,9.780375973838899,0.10000000149011612
161.725,1.0,9.890095594028631,0.10000000149011612
161.772,1.0,9.835182307888235,0.10000000149011612
161.821,1.0,9.78018612191081,0.10000000149011612
161.874,1.0,9.725308246331082,0.10000000149011612
161.924,1.0,9.890000000016556,0.10000000149011612
161.971,1.0,9.890267529690432,0.10000000149011612
162.02,1.0,9.72512070470386,0.10000000149011612
162.07,1.0,9.807965381091668,0.10000000149011612
162.123,1.0,9.945088384735088,0.10000000149011612
162.171,1.0,9.862766569149162,0.10000000149011612
162.221,1.0,9.945013652824693,0.10000000149011612
162.278,1.0,9.752952016103599,0.10000000149011612
162.326,1.0,9.780256132740114,0.10000000149011612
162.375,1.0,9.72542200088501,0.10000000149011612
162.434,1.0,9.780315454904404,0.10000000149011612
162.475,1.0,9.835022857081558,0.10000000149011612
162.529,1.0,9.917576917592022,0.10000000149011612
162.576,1.0,9.670368889946904,0.10000000149011612
162.633,1.0,9.753055049892929,0.10000000149011612
162.673,1.0,9.807670342259938,0.10000000149011612
162.726,1.0,9.862518086822497,0.10000000149011612
162.776,1.0,9.807807159134084,0.10000000149011612
162.826,1.0,9.780172082988752,0.10000000149011612
162.878,1.0,9.835267847879892,0.10000000149011612
162.926,1.0,9.80770480223,0.10000000149011612
162.976,1.0,9.697939975642496,0.10000000149011612
163.026,1.0,9.780526421860689,0.10000000149011612
163.076,1.0,9.890105652788447,0.10000000149011612
163.126,1.0,9.890170093625784,0.10000000149011612
163.18,1.0,9.835067058044176,0.10000000149011612
163.23,1.0,9.91773910091983,0.11161255836486816
163.279,1.0,9.752712019243175,0.10000000149011612
163.326,1.0,9.670460737020605,0.10000000149011612
163.376,1.0,9.780293504562643,0.10000000149011612
163.425,1.0,9.890102117011944,0.10000000149011612
163.478,1.0,9.6702927103887,0.10000000149011612
163.527,1.0,9.725234322746594,0.10000000149011612
163.577,1.0,9.917614117181964,0.10000000149011612
163.632,1.0,9.890095506132477,0.10000000149011612
163.676,1.0,9.835071618668735,0.10000000149011612
163.735,1.0,9.83521221091764,0.10000000149011612
163.777,1.0,9.533126252889634,0.10000000149011612
163.826,1.0,9.80771830253717,0.10000000149011612
163.877,1.0,9.780322461471789,0.10000000149011612
163.935,1.0,9.752846726940739,0.10000000149011612
163.979,1.0,9.862639546290868,0.10000000149011612
164.031,1.0,9.697942291593385,0.10000000149011612
164.082,1.0,9.725288745202125,0.10000000149011612
164.131,1.0,9.890222643771105,0.10000000149011612
164.185,1.0,9.945000000008278,0.10000000149011612
164.237,1.0,9.917579365811415,0.10000000149011612
164.284,1.0,9.86273219310161,0.11001385748386383
164.341,1.0,9.80761334805025,0.10000000149011612
164.383,1.0,9.780520151659019,0.10000000149011612
164.439,1.0,9.807731043381823,0.10000000149011612
164.492,1.0,9.807995519290367,0.10000000149011612
164.533,1.0,9.890239684449302,0.10000000149011612
164.585,1.0,9.725390123534535,0.10000000149011612
164.637,1.0,9.83511935962985,0.10000000149011612
164.684,1.0,9.862544927704665,0.10000000149011612
164.735,1.0,9.890133292621208,0.10000000149011612
164.784,1.0,9.643038298872609,0.10000000149011612
164.832,1.0,9.698187096623911,0.10000000149011612
164.884,1.0,9.945115325372253,0.11674685031175613
164.94,1.0,9.890223475090332,0.10000000149011612
164.986,1.0,9.862910379821228,0.10000000149011612
165.034,1.0,9.862553548067808,0.10000000149011612
165.086,1.0,9.807824040535424,0.10000000149011612
165.141,1.0,9.835168939394256,0.10000000149011612
165.184,1.0,9.86255852431059,0.10000000149011612
165.24,1.0,9.752671978188058,0.10000000149011612
165.284,1.0,9.835339500837856,0.10000000149011612
165.336,1.0,9.835143270467718,0.10000000149011612
165.385,1.0,9.835225707416733,0.10000000149011612
165.435,1.0,9.725458835582767,0.10000000149011612
165.487,1.0,9.780249728241728,0.10000000149011612
165.535,1.0,9.697918234310217,0.10000000149011612
165.586,1.0,9.945000000008278,0.10000000149011612
165.638,1.0,9.670614624582232,0.10000000149011612
165.684,1.0,9.862550595257845,0.10000000149011612
165.735,1.0,9.780215256081688,0.10000000149011612
165.787,1.0,9.670506678500937,0.10000000149011612
165.839,1.0,9.752778982702228,0.10000000149011612
165.886,1.0,9.835263624808027,0.10000000149011612
165.936,1.0,9.862645915461083,0.10000000149011612
165.987,1.0,9.752794717459215,0.10000000149011612
166.046,1.0,9.807859005323715,0.10000000149011612
166.089,1.0,9.670428093543483,0.10000000149011612
166.141,1.0,9.752811896366378,0.10000000149011612
166.194,1.0,9.725437203215229,0.10000000149011612
166.241,1.0,9.862696891422901,0.10000000149011612
166.295,1.0,9.835096708830033,0.10000000149011612
166.351,1.0,9.752991097213494,0.10000000149011612
166.39,1.0,9.752759835372368,0.10000000149011612
166.441,1.0,9.89008767762118,0.10000000149011612
166.494,1.0,9.75290733774503,0.10000000149011612
166.543,1.0,9.835293125092155,0.10000000149011612
166.592,1.0,9.697875833387176,0.10000000149011612
166.642,1.0,9.835113687420057,0.10000000149011612
166.693,1.0,9.945117639357017,0.10000000149011612
166.743,1.0,9.83509617180874,0.10000000149011612
166.793,1.0,9.807717731263903,0.10000000149011612
166.844,1.0,9.807677461413874,0.10000000149011612
166.892,1.0,9.780748507152829,0.10000000149011612
166.952,1.0,9.862536723787587,0.10000000149011612
167.0,1.0,9.86279354174104,0.10214576870203018
167.051,1.0,9.725335032534268,0.10000000149011612
167.097,1.0,9.69811708084825,0.10000000149011612
167.147,1.0,9.69807967164864,0.10000000149011612
167.197,1.0,9.780178122532865,0.10000000149011612
167.248,1.0,9.72529657708688,0.10000000149011612
167.296,1.0,9.890199171441298,0.10000000149011612
167.348,1.0,9.890077036474313,0.10000000149011612
167.402,1.0,9.752639997398688,0.10000000149011612
167.456,1.0,9.835153496306804,0.10000000149011612
167.5,1.0,9.752641882374883,0.10000000149011612
167.561,1.0,9.80782349773993,0.10000000149011612
167.598,1.0,9.917500000012417,0.10000000149011612
167.652,1.0,9.6428902204045,0.10000000149011612
167.7,1.0,9.835264689226944,0.10000000149011612
167.765,1.0,9.94507301453915,0.10492818802595139
167.806,1.0,9.780346589411298,0.10000000149011612
167.852,1.0,9.780317120109167,0.10000000149011612
167.902,1.0,9.780347355600032,0.10000000149011612
167.974,1.0,9.835135069096253,0.10000000149011612
168.015,1.0,9.890101191836099,0.10000000149011612
168.067,1.0,9.890067726559938,0.10000000149011612
168.12,1.0,9.807847729366687,0.10000000149011612
168.167,1.0,9.86260901523961,0.10000000149011612
168.217,1.0,9.752877055129243,0.10000000149011612
168.267,1.0,9.835288740735916,0.10293025523424149
168.317,1.0,9.615450272398691,0.10000000149011612
168.369,1.0,9.725374524336722,0.10000000149011612
168.411,1.0,9.780157445785072,0.10000000149011612
168.468,1.0,9.862615918347405,0.10000000149011612
168.517,1.0,9.670075664110481,0.10000000149011612
168.569,1.0,9.725186898476547,0.10000000149011612
168.627,1.0,9.890292084651689,0.10000000149011612
168.668,1.0,9.78021857926829,0.10000000149011612
168.723,1.0,9.72512014940795,0.10000000149011612
168.768,1.0,9.807635110865037,0.10000000149011612
168.822,1.0,9.697831357974145,0.10000000149011612
168.87,1.0,9.75276857515176,0.10000000149011612
168.925,1.0,9.72511560699592,0.10000000149011612
168.972,1.0,9.780269398892091,0.10000000149011612
169.022,1.0,9.835091731014352,0.10000000149011612
169.073,1.0,9.917619898377193,0.10000000149011612
169.122,1.0,9.835013890742427,0.10000000149011612
169.174,1.0,9.86266606050647,0.10000000149011612
169.225,1.0,9.862802152604692,0.10000000149011612
169.283,1.0,9.862698178386523,0.10000000149011612
169.326,1.0,9.890123080876139,0.10000000149011612
169.374,1.0,9.807708394734396,0.10000000149011612
169.428,1.0,9.753178110035757,0.10000000149011612
169.474,1.0,9.75277196197874,0.10000000149011612
169.529,1.0,9.807643542149,0.10000000149011612
169.573,1.0,9.697941249174375,0.10000000149011612
169.625,1.0,9.780210964174735,0.10000000149011612
169.673,1.0,9.697795511057807,0.10000000149011612
169.723,1.0,9.862576254519324,0.10000000149011612
169.774,1.0,9.643183642149799,0.10000000149011612
169.823,1.0,9.75280358872066,0.10000000149011612
169.875,1.0,9.835194037896063,0.10000000149011612
169.923,1.0,9.91758711507751,0.10000000149011612
169.974,1.0,9.752786956975857,0.10000000149011612
170.024,1.0,9.835171498523819,0.10000000149011612
170.073,1.0,9.78050930334462,0.10000000149011612
170.123,1.0,9.835163363710874,0.10000000149011612
170.178,1.0,9.890137606817815,0.10000000149011612
170.222,1.0,9.89015996499608,0.10000000149011612
170.273,1.0,9.752811364167266,0.10000000149011612
170.322,1.0,9.697852918195228,0.10000000149011612
170.378,1.0,9.945000000008278,0.10000000149011612
170.424,1.0,9.835183067123095,0.10000000149011612
170.476,1.0,9.780370568566852,0.10000000149011612
170.54,1.0,9.807801370715929,0.10000000149011612
170.574,1.0,9.69780573753847,0.10000000149011612
170.628,1.0,9.64286722427027,0.10000000149011612
170.682,1.0,9.752919094885389,0.10000000149011612
170.721,1.0,9.780508838469784,0.10000000149011612
170.779,1.0,9.64288924758633,0.10000000149011612
170.825,1.0,9.780320019709567,0.10000000149011612
170.878,1.0,9.89011835789101,0.10000000149011612
170.927,1.0,9.835349570690758,0.10000000149011612
170.982,1.0,9.890198596732484,0.10000000149011612
171.027,1.0,9.807659174150062,0.10000000149011612
171.08,1.0,9.725253628215029,0.10000000149011612
171.127,1.0,9.752809844455784,0.10000000149011612
171.177,1.0,9.75276495238973,0.10000000149011612
171.227,1.0,9.890083210770454,0.10000000149011612
171.284,1.0,9.697998250193066,0.10000000149011612
171.329,1.0,9.752557948231697,0.10000000149011612
171.377,1.0,9.725355563850867,0.10000000149011612
171.428,1.0,9.752710336529546,0.10000000149011612
171.477,1.0,9.780277707096603,0.10000000149011612
171.528,1.0,9.890051418584253,0.10000000149011612
171.579,1.0,9.835172201672362,0.10000000149011612
171.627,1.0,9.698170785316163,0.10000000149011612
171.678,1.0,9.725441445348164,0.10000000149011612
171.727,1.0,9.917780566318996,0.11884833127260208
171.777,1.0,9.945000000008278,0.10000000149011612
171.831,1.0,9.752927007919384,0.10000000149011612
171.878,1.0,9.752708889295658,0.10000000149011612
171.928,1.0,9.807832366683417,0.10000000149011612
171.977,1.0,9.753064567223191,0.10000000149011612
172.027,1.0,9.862833909855949,0.1061459630727768
172.077,1.0,9.890139806994961,0.10000000149011612
172.134,1.0,9.780417035789126,0.10000000149011612
172.182,1.0,9.807775783352554,0.10000000149011612
172.23,1.0,9.862684857534866,0.10000000149011612
172.28,1.0,9.670384900540942,0.10000000149011612
172.33,1.0,9.890000000016556,0.10000000149011612
172.384,1.0,9.862663960912162,0.10000000149011612
172.431,1.0,9.725251179064314,0.10000000149011612
172.483,1.0,9.807710054247744,0.10000000149011612
172.536,1.0,9.835118341238962,0.10000000149011612
172.584,1.0,9.862642281668053,0.10000000149011612
172.635,1.0,9.917631460933222,0.10000000149011612
172.687,1.0,9.697820119539069,0.10000000149011612
172.738,1.0,9.862639521020983,0.10000000149011612
172.784,1.0,9.72533175876985,0.10000000149011612
172.836,1.0,9.890084851533175,0.10000000149011612
172.888,1.0,9.697958483360708,0.10000000149011612
172.946,1.0,9.83512978847656,0.10000000149011612
172.989,1.0,9.780038402602077,0.10000000149011612
173.038,1.0,9.835228193799654,0.10000000149011612
173.091,1.0,9.835044090801643,0.10000000149011612
173.139,1.0,9.862617056920296,0.10000000149011612
173.188,1.0,9.917500000012417,0.10000000149011612
173.241,1.0,9.780343284768362,0.10000000149011612
173.289,1.0,9.917691263328823,0.10000000149011612
173.345,1.0,9.725354171958234,0.10000000149011612
173.392,1.0,9.78032887381398,0.10000000149011612
173.44,1.0,9.725334812493788,0.10000000149011612
173.49,1.0,9.835236393950051,0.10000000149011612
173.55,1.0,9.780361496636438,0.10000000149011612
173.59,1.0,9.862512144591246,0.10000000149011612
173.639,1.0,9.890291874338356,0.10000000149011612
173.696,1.0,9.835272644480897,0.10000000149011612
173.741,1.0,9.862722306512296,0.10000000149011612
173.791,1.0,9.8076133026431,0.10000000149011612
173.843,1.0,9.86254203553415,0.10000000149011612
173.894,1.0,9.752652657425237,0.10000000149011612
173.944,1.0,9.725518856404555,0.10000000149011612
173.993,1.0,9.835103370187182,0.10000000149011612
174.045,1.0,9.8903291594651,0.11883325129747391
174.093,1.0,9.752765051979157,0.10000000149011612
174.142,1.0,9.835315969255236,0.10000000149011612
174.196,1.0,9.780160250245697,0.10000000149011612
174.242,1.0,9.670329352716605,0.10000000149011612
174.292,1.0,9.862764841773444,0.10000000149011612
174.342,1.0,9.780474795339009,0.10000000149011612
174.391,1.0,9.890000000016556,0.10000000149011612
174.442,1.0,9.807909631791214,0.10000000149011612
174.496,1.0,9.945052147511806,0.10000000149011612
174.551,1.0,9.917643985835214,0.10000000149011612
174.594,1.0,9.835388021005524,0.10000000149011612
174.641,1.0,9.835168196654154,0.10000000149011612
174.697,1.0,9.725177937973704,0.10000000149011612
174.748,1.0,9.752836278515558,0.10000000149011612
174.801,1.0,9.725358366262581,0.10000000149011612
174.847,1.0,9.752951763570309,0.10000000149011612
174.897,1.0,9.670429211337533,0.10000000149011612
174.951,1.0,9.89017941597849,0.10000000149011612
175.001,1.0,9.807922060063316,0.10000000149011612
175.046,1.0,9.835372244649463,0.10000000149011612
175.092,1.0,9.890008345887892,0.10000000149011612
175.147,1.0,9.807919578688841,0.10000000149011612
175.201,1.0,9.807899986704191,0.10000000149011612
175.246,1.0,9.80765808829003,0.10000000149011612
175.297,1.0,9.917506477981807,0.10000000149011612
175.353,1.0,9.86267580456204,0.10000000149011612
175.402,1.0,9.780224731688698,0.10000000149011612
175.455,1.0,9.835018139125573,0.10000000149011612
175.51,1.0,9.697961091643407,0.10000000149011612
175.558,1.0,9.862631685369545,0.10000000149011612
175.608,1.0,9.862610034892956,0.10000000149011612
175.656,1.0,9.807604840749669,0.10000000149011612
175.707,1.0,9.642884625908401,0.10000000149011612
175.758,1.0,9.752772959611482,0.10000000149011612
175.81,1.0,9.615639558807015,0.10000000149011612
175.86,1.0,9.807715562151538,0.10000000149011612
175.911,1.0,9.86255473341379,0.10000000149011612
175.965,1.0,9.917611910858088,0.10000000149011612
176.011,1.0,9.807823455085357,0.10000000149011612
176.06,1.0,9.697771273905204,0.10000000149011612
176.114,1.0,9.917551980912686,0.10000000149011612
176.161,1.0,9.780243731517759,0.10000000149011612
176.213,1.0,9.807708072972794,0.10000000149011612
176.26,1.0,9.752678079551293,0.10000000149011612
176.311,1.0,9.780399919922154,0.10000000149011612
176.361,1.0,9.890052456864053,0.10000000149011612
176.412,1.0,9.780341318394575,0.10000000149011612
176.464,1.0,9.725380593000187,0.10000000149011612
176.513,1.0,9.862720445564223,0.10000000149011612
176.559,1.0,9.752908762709962,0.10000000149011612
176.613,1.0,9.807836436625156,0.10000000149011612
176.665,1.0,9.862682279758156,0.10000000149011612
176.713,1.0,9.862577350582514,0.10000000149011612
176.765,1.0,9.807728445964555,0.10000000149011612
176.817,1.0,9.89004222833448,0.10000000149011612
176.863,1.0,9.697754623803,0.10000000149011612
176.912,1.0,9.862754840155443,0.10000000149011612
176.967,1.0,9.808019401464197,0.10000000149011612
177.013,1.0,9.752980346998406,0.10000000149011612
177.063,1.0,9.752720437136789,0.10000000149011612
177.113,1.0,9.972500000004139,0.10000000149011612
177.163,1.0,9.890131526792215,0.10000000149011612
177.213,1.0,9.697826760924524,0.10000000149011612
177.263,1.0,9.670471598539088,0.10000000149011612
177.314,1.0,9.752765361198948,0.10000000149011612
177.371,1.0,9.80770810480333,0.10000000149011612
177.418,1.0,9.917676314442522,0.11617278307676315
177.47,1.0,9.94514994683365,0.11865021288394928
177.518,1.0,9.835118178857698,0.10000000149011612
177.569,1.0,9.807814487525158,0.10000000149011612
177.614,1.0,9.698013062982096,0.10000000149011612
177.671,1.0,9.587759724280073,0.10000000149011612
177.717,1.0,9.807801334083909,0.10000000149011612
177.773,1.0,9.780153262118498,0.10000000149011612
177.826,1.0,9.890121810759107,0.10000000149011612
177.872,1.0,9.780342912446294,0.10000000149011612
177.924,1.0,9.752870912229021,0.10000000149011612
177.972,1.0,9.9176455821635,0.10000000149011612
178.023,1.0,9.890191278213429,0.10000000149011612
178.073,1.0,9.752812330093649,0.10000000149011612
178.122,1.0,9.835188560436169,0.10000000149011612
178.171,1.0,9.807834214841327,0.10000000149011612
178.222,1.0,9.75277331891573,0.10000000149011612
178.274,1.0,9.780235880489151,0.10000000149011612
178.322,1.0,9.835221083110405,0.10000000149011612
178.372,1.0,9.725265288208094,0.10000000149011612
178.425,1.0,9.917678931251997,0.10552812367677689
178.479,1.0,9.752808366508948,0.10000000149011612
178.523,1.0,9.75274689698385,0.10000000149011612
178.575,1.0,9.835135905010004,0.10000000149011612
178.632,1.0,9.780309465962151,0.10000000149011612
178.673,1.0,9.807779419380758,0.10000000149011612
178.728,1.0,9.752760927565395,0.10000000149011612
178.774,1.0,9.807814244615535,0.10000000149011612
178.825,1.0,9.862611121767097,0.10000000149011612
178.873,1.0,9.890297079024215,0.1060759425163269
178.922,1.0,9.780133199402028,0.10000000149011612
178.972,1.0,9.670395753346384,0.10000000149011612
179.025,1.0,9.752701754267845,0.10000000149011612
179.072,1.0,9.752736195363104,0.10000000149011612
179.124,1.0,9.752965687505073,0.10000000149011612
179.172,1.0,9.807703038139476,0.10000000149011612
179.224,1.0,9.807766254370412,0.10000000149011612
179.271,1.0,9.725408337368734,0.10000000149011612
179.325,1.0,9.725384761061934,0.10000000149011612
179.373,1.0,9.835345180684493,0.10000000149011612
179.428,1.0,9.67051165772395,0.10000000149011612
179.477,1.0,9.807727830815647,0.10000000149011612
179.529,1.0,9.862697778455914,0.10000000149011612
179.577,1.0,9.75290532199045,0.10000000149011612
179.629,1.0,9.835161017771396,0.10000000149011612
179.677,1.0,9.588132391104267,0.10000000149011612
179.727,1.0,9.752919262668325,0.10000000149011612
179.779,1.0,9.97257485008902,0.12694603204727173
179.827,1.0,9.89012793733014,0.10000000149011612
179.879,1.0,9.835675029456615,0.1309853196144104
179.935,1.0,9.780131038092076,0.10000000149011612
179.98,1.0,9.780358304890493,0.10000000149011612
180.031,1.0,9.752652209396992,0.10000000149011612
180.079,1.0,9.862579826534622,0.10000000149011612
180.128,1.0,9.752901462838054,0.10000000149011612
180.179,1.0,9.83516522521774,0.10000000149011612
180.231,1.0,9.862578520054619,0.10000000149011612
180.28,1.0,9.807693952052958,0.10000000149011612
180.339,1.0,9.890303594474164,0.10000000149011612
180.387,1.0,9.862625189746419,0.10000000149011612
180.439,1.0,9.83525277270625,0.10000000149011612
180.49,1.0,9.835111864407857,0.10000000149011612
180.533,1.0,9.780086182802915,0.10000000149011612
180.593,1.0,9.835177593057354,0.10000000149011612
180.639,1.0,9.835047174162336,0.10000000149011612
180.69,1.0,9.808039163756701,0.10000000149011612
180.739,1.0,9.83510178466224,0.10000000149011612
180.789,1.0,9.670498085311717,0.10000000149011612
180.843,1.0,9.752572971085707,0.10000000149011612
180.891,1.0,9.807683267299499,0.10000000149011612
180.94,1.0,9.807811110694376,0.10000000149011612
180.992,1.0,9.807500000028975,0.10000000149011612
181.039,1.0,9.86258810841375,0.10000000149011612
181.086,1.0,9.807714653905068,0.10000000149011612
181.139,1.0,9.725377407752806,0.10000000149011612
181.188,1.0,9.945000000008278,0.10000000149011612
181.24,1.0,9.670434553196861,0.10000000149011612
181.293,1.0,9.86257036752585,0.10000000149011612
181.339,1.0,9.862943924859994,0.10000000149011612
181.39,1.0,9.835325894773835,0.10000000149011612
181.442,1.0,9.890062042387823,0.10000000149011612
181.491,1.0,9.862711477797065,0.10000000149011612
181.544,1.0,9.75273634807931,0.10000000149011612
181.599,1.0,9.807911867151658,0.10000000149011612
181.643,1.0,9.780376464087102,0.10000000149011612
181.701,1.0,9.862709970006513,0.10000000149011612
181.754,1.0,9.780449116002355,0.10000000149011612
181.798,1.0,9.752846783068446,0.10000000149011612
181.847,1.0,9.725136259529325,0.10000000149011612
181.898,1.0,9.752843849919737,0.10000000149011612
181.949,1.0,9.78035312059025,0.10000000149011612
182.001,1.0,9.780232694724369,0.10000000149011612
182.052,1.0,9.780377846293979,0.10000000149011612
182.103,1.0,9.807743530037502,0.10000000149011612
182.153,1.0,9.725427600120504,0.10000000149011612
182.203,1.0,9.807810834836628,0.10000000149011612
182.257,1.0,9.945085490205221,0.10597240924835205
182.306,1.0,9.862643121803801,0.10000000149011612
182.361,1.0,9.86268433481455,0.10000000149011612
182.416,1.0,9.917686882097687,0.10000000149011612
182.456,1.0,10.0,10.0
182.508,1.0,9.835254008902444,0.10000000149011612
182.565,1.0,9.807789441922473,0.10000000149011612
182.608,1.0,9.945188384461733,0.13150203227996826
182.665,1.0,9.890346834994853,0.10000000149011612
182.707,1.0,9.835165125566224,0.10000000149011612
182.758,1.0,9.78041084845447,0.10000000149011612
182.81,1.0,9.890262966665128,0.10000000149011612
182.867,1.0,9.670485362886554,0.10000000149011612
182.911,1.0,9.670246483675308,0.10000000149011612
182.965,1.0,9.807818234711885,0.10000000149011612
183.016,1.0,9.780198389333155,0.10000000149011612
183.064,1.0,9.890151248416966,0.10000000149011612
183.117,1.0,9.917727199465864,0.10000000149011612
183.167,1.0,9.78010992091149,0.10000000149011612
183.227,1.0,9.862744574372966,0.10000000149011612
183.268,1.0,9.807680469668574,0.10000000149011612
183.32,1.0,9.697974470816552,0.10000000149011612
183.375,1.0,9.862750938534736,0.10000000149011612
183.421,1.0,9.835050773185989,0.10000000149011612
183.474,1.0,9.752608759142458,0.10000000149011612
183.534,1.0,9.780377714253135,0.10000000149011612
183.585,1.0,9.807645729515288,0.10000000149011612
183.626,1.0,9.725183795972002,0.10000000149011612
183.679,1.0,9.83522502368109,0.10000000149011612
183.726,1.0,9.80762631241232,0.10000000149011612
183.778,1.0,9.780341910115547,0.10000000149011612
183.829,1.0,9.780090663602783,0.10000000149011612
183.877,1.0,9.697790138609708,0.10000000149011612
183.927,1.0,9.752532950271334,0.10000000149011612
183.979,1.0,9.835047036781907,0.10000000149011612
184.033,1.0,9.862757433930206,0.10000000149011612
184.078,1.0,9.697949684411288,0.10000000149011612
184.129,1.0,9.917523608832724,0.10000000149011612
184.188,1.0,9.835414839929177,0.10000000149011612
184.237,1.0,9.835260384798877,0.10000000149011612
184.285,1.0,9.89007938042697,0.10000000149011612
184.332,1.0,9.807826749732097,0.10000000149011612
184.392,1.0,9.835131263753606,0.10000000149011612
184.445,1.0,9.807690321757562,0.10000000149011612
184.486,1.0,9.807776341111296,0.10000000149011612
184.537,1.0,9.917618218312661,0.10000000149011612
184.586,1.0,9.752809585817158,0.10000000149011612
184.637,1.0,9.780147126068671,0.10000000149011612
184.691,1.0,9.917620614026156,0.10000000149011612
184.735,1.0,9.890058855774502,0.10000000149011612
184.786,1.0,9.780237442172236,0.10000000149011612
184.838,1.0,9.75302773612655,0.10000000149011612
184.888,1.0,9.725369064778917,0.10000000149011612
184.936,1.0,9.780391579907802,0.10000000149011612
184.985,1.0,9.752718849790593,0.10000000149011612
185.037,1.0,9.862976296846238,0.10000000149011612
185.088,1.0,9.835267717556821,0.10000000149011612
185.139,1.0,9.78030861750659,0.10000000149011612
185.186,1.0,9.862606841139495,0.10000000149011612
185.245,1.0,9.780337242016362,0.10000000149011612
185.286,1.0,9.75282020094908,0.10000000149011612
185.338,1.0,9.752709578039745,0.10000000149011612
185.387,1.0,9.725218879265917,0.10000000149011612
185.442,1.0,9.780369775204194,0.10000000149011612
185.495,1.0,9.80762622312953,0.10000000149011612
185.543,1.0,9.835228513719308,0.10000000149011612
185.594,1.0,9.862713629193603,0.10000000149011612
185.652,1.0,9.835251665405101,0.10000000149011612
185.694,1.0,9.752907579392195,0.10000000149011612
185.744,1.0,9.72545546564377,0.10000000149011612
185.792,1.0,9.917528156418767,0.10000000149011612
185.843,1.0,9.725325462222099,0.10000000149011612
185.896,1.0,9.780184268682367,0.10000000149011612
185.943,1.0,9.945000000008278,0.10000000149011612
185.995,1.0,9.780270666504899,0.10000000149011612
186.043,1.0,9.670222579108344,0.10000000149011612
186.093,1.0,9.698100316421025,0.10000000149011612
186.145,1.0,9.862718409610292,0.10000000149011612
186.197,1.0,9.807644675672055,0.10000000149011612
186.248,1.0,9.78025791057282,0.10000000149011612
186.296,1.0,9.725418539283176,0.10000000149011612
186.346,1.0,9.862787997743322,0.10000000149011612
186.395,1.0,9.862500000020695,0.10000000149011612
186.448,1.0,9.807597464405829,0.10000000149011612
186.499,1.0,9.643061251069108,0.10000000149011612
186.555,1.0,9.725441119902664,0.10000000149011612
186.6,1.0,9.835209572439393,0.10000000149011612
186.651,1.0,9.725472616776823,0.10000000149011612
186.707,1.0,9.890132427567409,0.10000000149011612
186.755,1.0,9.753006359996895,0.10000000149011612
186.8,1.0,9.752563343279892,0.10000000149011612
186.854,1.0,9.697983292324675,0.10000000149011612
186.9,1.0,9.835113130240805,0.10000000149011612
186.95,1.0,9.670572031475604,0.10000000149011612
187.007,1.0,9.83528236951679,0.10000000149011612
187.05,1.0,9.807926940483352,0.10000000149011612
187.1,1.0,9.698033883629574,0.10000000149011612
187.144,1.0,9.835180773089329,0.10000000149011612
187.204,1.0,9.78047333330744,0.10000000149011612
187.251,1.0,9.86260136903988,0.10000000149011612
187.3,1.0,9.835129310956432,0.10000000149011612
187.36,1.0,9.835393120431238,0.10000000149011612
187.401,1.0,9.862638696738415,0.10000000149011612
187.457,1.0,9.862671376143892,0.10000000149011612
187.497,1.0,9.725228755859037,0.10000000149011612
187.556,1.0,9.890168949299389,0.10000000149011612
187.613,1.0,9.862791531408826,0.10000000149011612
187.655,1.0,9.725511481675008,0.10000000149011612
187.707,1.0,9.890102155030602,0.10000000149011612
187.763,1.0,9.83526345367233,0.10000000149011612
187.815,1.0,9.862681559742326,0.10000000149011612
187.857,1.0,9.890140256968637,0.10000000149011612
187.911,1.0,9.83507688353873,0.10000000149011612
187.954,1.0,9.560402755273714,0.10000000149011612
188.007,1.0,9.80793437252028,0.10000000149011612
188.059,1.0,9.835107393086785,0.10000000149011612
188.116,1.0,9.780404991946286,0.10000000149011612
188.158,1.0,9.807889510380726,0.10000000149011612
188.207,1.0,9.725362374364503,0.10000000149011612
188.257,1.0,9.835063271224499,0.10000000149011612
188.307,1.0,9.917543467154934,0.10000000149011612
188.362,1.0,9.807668942399323,0.10000000149011612
188.421,1.0,9.780590752926138,0.10000000149011612
188.46,1.0,9.890052848329974,0.10000000149011612
188.512,1.0,9.752658551558852,0.10000000149011612
188.556,1.0,9.780250918906596,0.10000000149011612
188.609,1.0,9.835087558916873,0.10000000149011612
188.661,1.0,9.752900573280122,0.10000000149011612
188.707,1.0,9.862635659633412,0.10000000149011612
188.76,1.0,9.835154166362353,0.10000000149011612
188.812,1.0,9.807643913643227,0.10000000149011612
188.868,1.0,9.752814339784285,0.10000000149011612
188.911,1.0,9.615548974192805,0.10000000149011612
188.972,1.0,9.642984756599699,0.10000000149011612
189.012,1.0,9.752966536084811,0.10000000149011612
189.062,1.0,9.752720118624469,0.10000000149011612
189.117,1.0,9.780269795138803,0.10000000149011612
189.162,1.0,9.752627943021556,0.10000000149011612
189.213,1.0,9.835028285926414,0.10000000149011612
189.264,1.0,9.752814461373621,0.10000000149011612
189.31,1.0,9.890142206537227,0.10000000149011612
189.362,1.0,9.80773588253392,0.10000000149011612
189.411,1.0,9.780156329770882,0.10000000149011612
189.462,1.0,9.807796877167291,0.10000000149011612
189.512,1.0,9.807673709156612,0.10000000149011612
189.562,1.0,9.807561010846662,0.10000000149011612
189.612,1.0,9.86255415978117,0.10000000149011612
189.666,1.0,9.780397730113732,0.10000000149011612
189.712,1.0,9.725301878071493,0.10000000149011612
189.765,1.0,9.862614287518793,0.10000000149011612
189.814,1.0,9.780226693033343,0.10000000149011612
189.864,1.0,9.725350556294952,0.10000000149011612
189.914,1.0,9.862500000020695,0.10000000149011612
189.963,1.0,9.780056969179876,0.10000000149011612
190.017,1.0,9.917500000012417,0.10000000149011612
190.067,1.0,9.697819950555761,0.10000000149011612
190.121,1.0,9.835031934558517,0.10000000149011612
190.177,1.0,9.808110388637417,0.10000000149011612
190.222,1.0,9.725266973777778,0.10000000149011612
190.27,1.0,9.780370922386647,0.10000000149011612
190.32,1.0,9.780354969782962,0.10000000149011612
190.37,1.0,9.86264848974016,0.10000000149011612
190.427,1.0,9.835111691554387,0.10000000149011612
190.47,1.0,9.697624962921772,0.10000000149011612
190.52,1.0,9.862768552079796,0.10000000149011612
190.57,1.0,9.862653129092521,0.10000000149011612
190.623,1.0,9.80769857255121,0.10000000149011612
190.669,1.0,9.725512190721929,0.10000000149011612
190.719,1.0,9.72539079092029,0.10000000149011612
190.766,1.0,9.807634418726796,0.10000000149011612
190.82,1.0,9.917673097405997,0.10000000149011612
190.87,1.0,9.80779052188413,0.10000000149011612
190.922,1.0,9.945131332365175,0.10000000149011612
190.975,1.0,9.945103942002687,0.10877493768930435
191.019,1.0,9.835452371483875,0.10000000149011612
191.07,1.0,9.807896454632282,0.10000000149011612
191.117,1.0,9.807841665463314,0.10000000149011612
191.17,1.0,9.9177945015952,0.12134180217981339
191.226,1.0,9.80788276868148,0.10000000149011612
191.269,1.0,9.75276289905111,0.10000000149011612
191.319,1.0,9.780414954614308,0.10000000149011612
191.37,1.0,9.780435546942883,0.10000000149011612
191.418,1.0,9.945095838709838,0.10000000149011612
191.47,1.0,9.91769734474106,0.10000000149011612
191.523,1.0,9.697793650834097,0.10000000149011612
191.57,1.0,9.752871963712904,0.10000000149011612
191.621,1.0,9.725130171577137,0.10000000149011612
191.674,1.0,9.615491527774267,0.10000000149011612
191.721,1.0,9.835095456097688,0.10000000149011612
191.772,1.0,9.89011955956618,0.10000000149011612
191.822,1.0,9.83518498742746,0.10000000149011612
191.871,1.0,9.780378313673038,0.10000000149011612
191.922,1.0,9.862765720031328,0.10000000149011612
191.973,1.0,9.69827954309682,0.10000000149011612
192.022,1.0,9.8353658321624,0.10000000149011612
192.072,1.0,9.78018321113454,0.10000000149011612
192.124,1.0,9.89034006262405,0.10000000149011612
192.173,1.0,9.807710876709058,0.10000000149011612
192.222,1.0,9.835280387993489,0.10000000149011612
192.274,1.0,9.86263908089863,0.10000000149011612
192.328,1.0,9.862802714440559,0.10372389107942581
192.377,1.0,9.89004100004418,0.10000000149011612
192.428,1.0,9.862627827790048,0.10000000149011612
192.476,1.0,9.862712054554787,0.10000000149011612
192.528,1.0,9.890055966563523,0.10000000149011612
192.577,1.0,9.807855437882244,0.10000000149011612
192.625,1.0,9.835305969727536,0.10000000149011612
192.678,1.0,9.83528180052009,0.10000000149011612
192.728,1.0,9.670465501170192,0.10000000149011612
192.783,1.0,9.917500000012417,0.10000000149011612
192.829,1.0,9.780062177218497,0.10000000149011612
192.879,1.0,9.807753840709726,0.10000000149011612
192.928,1.0,9.752614894240267,0.10000000149011612
192.982,1.0,9.697842974960803,0.10000000149011612
193.028,1.0,9.752874069474638,0.10000000149011612
193.08,1.0,9.78032628858669,0.10000000149011612
193.133,1.0,9.917500000012417,0.10000000149011612
193.178,1.0,9.752925513270828,0.10000000149011612
193.235,1.0,9.807934096331397,0.10487699508666992
193.278,1.0,9.670732873657512,0.10000000149011612
193.328,1.0,9.890198891568515,0.10000000149011612
193.377,1.0,9.752819196879864,0.10000000149011612
193.428,1.0,9.752828245941135,0.10000000149011612
193.483,1.0,9.780434588674042,0.10000000149011612
193.529,1.0,9.890139125804934,0.10000000149011612
193.578,1.0,9.615435415982372,0.10000000149011612
193.628,1.0,9.725432245371243,0.10000000149011612
193.69,1.0,9.8627455489503,0.10000000149011612
193.728,1.0,9.780137035250664,0.10000000149011612
193.786,1.0,9.80758310875131,0.10000000149011612
193.832,1.0,9.86275235933976,0.10000000149011612
193.88,1.0,9.752778518696626,0.10000000149011612
193.932,1.0,9.642884655503764,0.10000000149011612
193.982,1.0,9.862720204372373,0.10000000149011612
194.029,1.0,9.78035723792596,0.10000000149011612
194.081,1.0,9.697981752434538,0.10000000149011612
194.128,1.0,9.807657415916522,0.10000000149011612
194.179,1.0,9.835262710518307,0.10000000149011612
194.229,1.0,9.890050019903315,0.10000000149011612
194.279,1.0,9.753056185651158,0.10000000149011612
194.329,1.0,9.91766580550207,0.10000000149011612
194.38,1.0,9.890440518926415,0.11572562903165817
194.433,1.0,9.807817341407969,0.10000000149011612
194.483,1.0,9.752736679775019,0.10000000149011612
194.537,1.0,9.807865740213957,0.10000000149011612
194.58,1.0,9.725556472088728,0.10000000149011612
194.63,1.0,9.807740707095299,0.10000000149011612
194.685,1.0,9.780216687607268,0.10000000149011612
194.734,1.0,9.835321264589826,0.10000000149011612
194.784,1.0,9.752594616243409,0.10000000149011612
194.836,1.0,9.725290093467468,0.10000000149011612
194.891,1.0,9.917778312994374,0.12358792126178741
194.933,1.0,9.780306819246874,0.10000000149011612
194.983,1.0,9.862576801826556,0.10000000149011612
195.03,1.0,9.72521407602148,0.10000000149011612
195.085,1.0,9.725395328634315,0.10000000149011612
195.135,1.0,9.890056522935629,0.10000000149011612
195.189,1.0,9.86270691588935,0.10000000149011612
195.234,1.0,9.835131326007346,0.10000000149011612
195.284,1.0,9.697801485699085,0.10000000149011612
195.34,1.0,9.807711190771725,0.10000000149011612
195.385,1.0,9.835363118309115,0.10000000149011612
195.438,1.0,9.945007041676178,0.10000000149011612
195.487,1.0,9.75281210442384,0.10000000149011612
195.533,1.0,9.807797248661519,0.10000000149011612
195.583,1.0,9.69783145485239,0.10000000149011612
195.635,1.0,9.862560458895233,0.10000000149011612
195.683,1.0,9.752866269192761,0.10000000149011612
195.734,1.0,9.780262915521032,0.10000000149011612
195.785,1.0,9.835227246396244,0.10000000149011612
195.834,1.0,9.807687372486624,0.10000000149011612
195.886,1.0,9.78020211427162,0.10000000149011612
195.941,1.0,9.780382321733567,0.10000000149011612
195.989,1.0,9.725365455841853,0.10000000149011612
196.041,1.0,9.7528893949257,0.10000000149011612
196.09,1.0,9.752788677997888,0.10000000149011612
196.139,1.0,9.862685842708581,0.1077125146985054
196.189,1.0,9.917547467951145,0.10000000149011612
196.237,1.0,9.752766112631393,0.10000000149011612
196.298,1.0,9.862622853761746,0.10000000149011612
196.344,1.0,9.890141247916553,0.10000000149011612
196.4,1.0,9.807944487097362,0.10000000149011612
196.442,1.0,9.725419325484998,0.10000000149011612
196.49,1.0,9.807857078334523,0.10000000149011612
196.541,1.0,9.835262985010115,0.10000000149011612
196.59,1.0,9.752889189103412,0.10000000149011612
196.638,1.0,9.752706828051144,0.10000000149011612
196.688,1.0,9.807693945575092,0.10000000149011612
196.738,1.0,9.890000000016556,0.10000000149011612
196.788,1.0,9.807618875139289,0.10000000149011612
196.841,1.0,9.862733118008409,0.10000000149011612
196.892,1.0,9.862674620726871,0.10000000149011612
196.943,1.0,9.807825318641132,0.10000000149011612
196.997,1.0,9.752904058558245,0.10000000149011612
197.037,1.0,9.807751835137605,0.10000000149011612
197.093,1.0,9.78019379367017,0.10000000149011612
197.137,1.0,9.752818054912819,0.10000000149011612
197.194,1.0,9.75252303570095,0.10000000149011612
197.24,1.0,9.807734792700245,0.10000000149011612
197.29,1.0,9.80793085967501,0.10000000149011612
197.339,1.0,9.780191227090027,0.10000000149011612
197.398,1.0,9.752925921148725,0.10000000149011612
197.44,1.0,9.807614596084589,0.10000000149011612
197.497,1.0,9.670416133312715,0.10000000149011612
197.541,1.0,9.80763660280241,0.10000000149011612
197.602,1.0,9.917671231759918,0.10000000149011612
197.639,1.0,9.807886001778146,0.10000000149011612
197.691,1.0,9.86253541979111,0.10000000149011612
197.743,1.0,9.725296146215664,0.10000000149011612
197.797,1.0,9.807682394050062,0.10000000149011612
197.847,1.0,9.890145615529683,0.10000000149011612
197.892,1.0,9.835307838726376,0.10000000149011612
197.946,1.0,9.917746159910328,0.10000000149011612
198.0,1.0,9.753069409955707,0.10000000149011612
198.048,1.0,9.862691364540822,0.10000000149011612
198.096,1.0,9.780133384797308,0.10000000149011612
198.159,1.0,9.890132120003303,0.10000000149011612
198.197,1.0,9.752905936311517,0.10000000149011612
198.25,1.0,9.67060264647007,0.10000000149011612
198.299,1.0,9.75271936054859,0.10000000149011612
198.35,1.0,9.807768718608552,0.10000000149011612
198.401,1.0,9.835066981758509,0.10000000149011612
198.457,1.0,9.862545111961662,0.10000000149011612
198.499,1.0,9.75277201094561,0.10000000149011612
198.554,1.0,9.835209201607439,0.10000000149011612
198.6,1.0,9.752775255528588,0.10000000149011612
198.653,1.0,9.835429799370468,0.10000000149011612
198.699,1.0,9.807610611410604,0.10000000149011612
198.751,1.0,9.807891052154202,0.10000000149011612
198.802,1.0,9.835160002381437,0.10000000149011612
198.856,1.0,9.807757315494948,0.10000000149011612
198.9,1.0,9.61570865135226,0.10000000149011612
198.95,1.0,9.807789213272432,0.10000000149011612
199.001,1.0,9.807680188947254,0.10000000149011612
199.055,1.0,9.615449661057855,0.10000000149011612
199.1,1.0,9.862634754884574,0.10000000149011612
199.153,1.0,9.807973795197904,0.10000000149011612
199.2,1.0,9.835178934451607,0.10000000149011612
199.251,1.0,9.780166734920607,0.10000000149011612
199.3,1.0,9.972500000004139,0.10000000149011612
199.35,1.0,9.945019578416314,0.10000000149011612
199.407,1.0,9.890107749712964,0.10000000149011612
199.45,1.0,9.780163240577611,0.10000000149011612
199.502,1.0,9.78046711060322,0.10000000149011612
199.552,1.0,9.89035454535236,0.10000000149011612
199.602,1.0,9.835138971731066,0.10000000149011612
199.653,1.0,9.752892153296205,0.10000000149011612
199.7,1.0,9.862661802023649,0.10000000149011612
199.753,1.0,9.752901913784445,0.10000000149011612
199.801,1.0,9.835004697884951,0.10000000149011612
199.854,1.0,9.835009869726168,0.10000000149011612
199.897,1.0,9.807657990004454,0.10000000149011612
199.952,1.0,9.835353816507592,0.10000000149011612
200.001,1.0,9.807676457986236,0.10000000149011612
200.053,1.0,9.780322941475445,0.10000000149011612
200.102,1.0,9.862758629810479,0.10000000149011612
200.151,1.0,9.890202682630884,0.10000000149011612
200.211,1.0,9.72523463157316,0.10000000149011612
200.252,1.0,9.725281298657258,0.10000000149011612
200.307,1.0,9.642703860956761,0.10000000149011612
200.353,1.0,9.862749328278005,0.10000000149011612
200.407,1.0,9.752782906053795,0.10000000149011612
200.455,1.0,9.780344012234774,0.10000000149011612
200.507,1.0,9.86276109131674,0.10000000149011612
200.556,1.0,9.835415758730637,0.10000000149011612
200.614,1.0,9.835215259984963,0.10000000149011612
200.663,1.0,9.67032551130073,0.10000000149011612
200.703,1.0,9.835319783145355,0.10000000149011612
200.756,1.0,9.807856226526201,0.10000000149011612
200.805,1.0,9.670473941084412,0.10000000149011612
200.857,1.0,9.80776588925057,0.10000000149011612
200.912,1.0,9.862713094614445,0.10000000149011612
200.957,1.0,9.725288029656642,0.10000000149011612
201.007,1.0,9.86252360155599,0.10000000149011612
201.057,1.0,9.697665035538375,0.10000000149011612
201.106,1.0,9.945092306513754,0.10000000149011612
201.158,1.0,9.697983244785831,0.10000000149011612
201.206,1.0,9.807695328278674,0.10000000149011612
201.256,1.0,9.807799509457416,0.10000000149011612
201.306,1.0,9.86288959334294,0.1218949556350708
201.356,1.0,9.862623582325048,0.10000000149011612
201.407,1.0,9.807780443794197,0.10000000149011612
201.461,1.0,9.835013785709938,0.10000000149011612
201.506,1.0,9.890046087135044,0.10000000149011612
201.557,1.0,9.862642988024486,0.10000000149011612
201.609,1.0,9.807701616051297,0.10000000149011612
201.658,1.0,9.807709615781075,0.10000000149011612
201.708,1.0,9.697758045771884,0.10000000149011612
201.759,1.0,9.807867894818385,0.10000000149011612
201.808,1.0,9.835189631953835,0.10000000149011612
201.862,1.0,9.835112193909785,0.10000000149011612
201.908,1.0,9.835068724387222,0.10000000149011612
201.959,1.0,9.752812954472999,0.10000000149011612
202.01,1.0,9.835202407919699,0.10000000149011612
202.058,1.0,9.807832359688149,0.10000000149011612
202.11,1.0,9.752877708483073,0.10000000149011612
202.159,1.0,9.835278051636285,0.10000000149011612
202.211,1.0,9.917519895546139,0.10000000149011612
202.258,1.0,9.835197527209917,0.10000000149011612
202.318,1.0,9.780268575354583,0.10000000149011612
202.363,1.0,9.670545628439221,0.10000000149011612
202.414,1.0,9.64287218592233,0.10000000149011612
202.465,1.0,9.835139634977612,0.10000000149011612
202.516,1.0,9.80774458795786,0.10000000149011612
202.563,1.0,9.862566312361094,0.10000000149011612
202.612,1.0,9.91756584406313,0.10000000149011612
202.669,1.0,9.917523811447124,0.10000000149011612
202.717,1.0,9.698104823670453,0.10000000149011612
202.767,1.0,9.890137594565749,0.10000000149011612
202.82,1.0,9.752893902961578,0.10000000149011612
202.868,1.0,9.80760464101202,0.10000000149011612
202.921,1.0,9.890061906042199,0.10000000149011612
202.971,1.0,9.780126435454521,0.10000000149011612
203.023,1.0,9.807886494178739,0.10000000149011612
203.071,1.0,9.862787353143924,0.10000000149011612
203.12,1.0,9.697931315522228,0.10000000149011612
203.185,1.0,9.752769859549073,0.10000000149011612
203.225,1.0,9.64275701381266,0.10000000149011612
203.277,1.0,9.780237614446216,0.10000000149011612
203.324,1.0,9.753008901865947,0.10000000149011612
203.383,1.0,9.807892539000346,0.10000000149011612
203.429,1.0,9.642946877371934,0.10000000149011612
203.479,1.0,9.697851714967854,0.10000000149011612
203.529,1.0,9.752689327775604,0.10000000149011612
203.58,1.0,9.807717521592147,0.10000000149011612
203.634,1.0,9.917676242254675,0.10000000149011612
203.679,1.0,9.697939931352932,0.10000000149011612
203.73,1.0,9.835080582855475,0.10000000149011612
203.78,1.0,9.835304828546942,0.10155687481164932
203.843,1.0,9.670373146442904,0.10000000149011612
203.879,1.0,9.835066641184191,0.10000000149011612
203.929,1.0,9.697877494742473,0.10000000149011612
203.98,1.0,9.725357086687453,0.10000000149011612
204.029,1.0,9.725241868736015,0.10000000149011612
204.087,1.0,9.917500000012417,0.10000000149011612
204.129,1.0,9.862789614333046,0.10000000149011612
204.184,1.0,9.780076285017033,0.10000000149011612
204.229,1.0,9.890022069919441,0.10000000149011612
204.279,1.0,9.780329034415384,0.10000000149011612
204.333,1.0,9.725603353377018,0.10000000149011612
204.381,1.0,9.75286800811688,0.10000000149011612
204.429,1.0,9.807813039339251,0.10000000149011612
204.482,1.0,9.725243032496008,0.10000000149011612
204.529,1.0,9.862689053453504,0.10000000149011612
204.583,1.0,9.642899400057892,0.10000000149011612
204.631,1.0,9.725312503241003,0.10000000149011612
204.688,1.0,9.835158976229529,0.10000000149011612
204.732,1.0,9.835284250871174,0.10000000149011612
204.782,1.0,9.780183422130843,0.10000000149011612
204.836,1.0,9.807755679016312,0.10000000149011612
204.882,1.0,9.725280232044557,0.10000000149011612
204.944,1.0,9.890140218142834,0.10000000149011612
204.99,1.0,9.670325776810447,0.10000000149011612
205.04,1.0,9.58822073193474,0.10000000149011612
205.094,1.0,9.807693098257813,0.10000000149011612
205.144,1.0,9.725336572755541,0.10000000149011612
205.192,1.0,9.78042909540236,0.10000000149011612
205.242,1.0,9.807784512763222,0.10000000149011612
205.298,1.0,9.72536481488496,0.10000000149011612
205.343,1.0,9.670380491866833,0.10000000149011612
205.395,1.0,9.780399315597283,0.10000000149011612
205.446,1.0,9.807584019771053,0.10000000149011612
205.496,1.0,9.80768933089243,0.10000000149011612
205.544,1.0,9.835135141573847,0.10000000149011612
205.601,1.0,9.752861424721777,0.10000000149011612
205.652,1.0,9.780300166975293,0.10000000149011612
205.701,1.0,9.560395018673605,0.10000000149011612
205.75,1.0,9.75271854709006,0.10000000149011612
205.8,1.0,9.835234324468507,0.10000000149011612
205.85,1.0,9.78012814803256,0.10000000149011612
205.9,1.0,9.807820997842484,0.10000000149011612
205.952,1.0,9.890020347924697,0.10000000149011612
206.008,1.0,9.89014796399408,0.10000000149011612
206.049,1.0,9.91764277000394,0.10935455560684204
206.104,1.0,9.780523228065835,0.10000000149011612
206.15,1.0,9.835194140382939,0.10000000149011612
206.202,1.0,9.780298631410632,0.10000000149011612
206.259,1.0,9.697929843784207,0.10000000149011612
206.304,1.0,9.807735018846062,0.10000000149011612
206.361,1.0,9.807866891639101,0.10000000149011612
206.404,1.0,9.835258751590219,0.10000000149011612
206.456,1.0,9.862526139803231,0.10000000149011612
206.504,1.0,9.807656429294083,0.10000000149011612
206.558,1.0,9.862727979115315,0.10000000149011612
206.604,1.0,9.835365300273729,0.10000000149011612
206.661,1.0,9.835177793022659,0.10000000149011612
206.711,1.0,9.780461712781754,0.10000000149011612
206.759,1.0,9.835120622544652,0.10000000149011612
206.811,1.0,9.890001513850358,0.10000000149011612
206.857,1.0,9.67041974471261,0.10000000149011612
206.916,1.0,9.890160377985902,0.10000000149011612
206.958,1.0,9.807707396066851,0.10000000149011612
207.008,1.0,9.752917060235308,0.10000000149011612
207.061,1.0,9.75291835386306,0.10000000149011612
207.108,1.0,9.917633789363835,0.10000000149011612
207.163,1.0,9.807567555540137,0.10000000149011612
207.216,1.0,9.780302571484611,0.10000000149011612
207.264,1.0,9.89012324153963,0.10000000149011612
207.313,1.0,9.697999855875969,0.10000000149011612
207.368,1.0,9.725335744499333,0.10000000149011612
207.424,1.0,9.670698080149789,0.10000000149011612
207.465,1.0,9.862711765617131,0.10000000149011612
207.513,1.0,9.697715335132347,0.10000000149011612
207.568,1.0,9.698218995705247,0.10000000149011612
207.612,1.0,9.78028858602047,0.10000000149011612
207.671,1.0,9.890344382884601,0.10000000149011612
207.712,1.0,9.862581376772788,0.10000000149011612
207.766,1.0,9.86256195946286,0.10000000149011612
207.814,1.0,9.835078566583494,0.10000000149011612
207.863,1.0,9.752819781460696,0.10000000149011612
207.914,1.0,9.835223771424758,0.10000000149011612
207.965,1.0,9.670701184165146,0.10000000149011612
208.015,1.0,9.917500000012417,0.10000000149011612
208.066,1.0,9.862688223417434,0.10000000149011612
208.109,1.0,9.862716461221376,0.10000000149011612
208.165,1.0,9.780285557897555,0.10000000149011612
208.215,1.0,9.917587168059415,0.10000000149011612
208.273,1.0,9.752716473945313,0.10000000149011612
208.314,1.0,9.890105641529791,0.10000000149011612
208.364,1.0,9.890019303146335,0.10000000149011612
208.421,1.0,9.890043931392333,0.10000000149011612
208.469,1.0,9.807782435748312,0.10000000149011612
208.517,1.0,9.807783658388589,0.10000000149011612
208.567,1.0,9.780325541603897,0.10000000149011612
208.617,1.0,9.862593454288112,0.10000000149011612
208.667,1.0,9.697894351453417,0.10000000149011612
208.726,1.0,9.835121674587329,0.10000000149011612
208.767,1.0,9.807642480648227,0.10000000149011612
208.824,1.0,9.725290488596592,0.10000000149011612
208.867,1.0,9.835260020589663,0.10000000149011612
208.921,1.0,9.862545606038637,0.10000000149011612
208.967,1.0,9.890259415035446,0.10000000149011612
209.017,1.0,9.615090749702519,0.10000000149011612
209.066,1.0,9.91764269117266,0.10000000149011612
209.12,1.0,9.780534579729041,0.10000000149011612
209.169,1.0,9.752807793807651,0.10000000149011612
209.22,1.0,9.807605319366687,0.10000000149011612
209.269,1.0,9.917511771122614,0.10000000149011612
209.319,1.0,9.643127484536834,0.10000000149011612
209.371,1.0,9.835115343270202,0.10000000149011612
209.42,1.0,9.8626246113951,0.10000000149011612
209.465,1.0,9.835211846356591,0.10000000149011612
209.519,1.0,9.78058626976692,0.10000000149011612
209.569,1.0,9.862588285240863,0.10000000149011612
209.619,1.0,9.835188980545436,0.10000000149011612
209.68,1.0,9.72535033395721,0.10000000149011612
209.722,1.0,9.752916234793762,0.10000000149011612
209.771,1.0,9.697615717061693,0.10000000149011612
209.821,1.0,9.72535135568016,0.10000000149011612
209.871,1.0,9.780459195520315,0.10000000149011612
209.922,1.0,9.78035646809472,0.10000000149011612
209.974,1.0,9.752858838873605,0.10000000149011612
210.028,1.0,9.890312414181729,0.10000000149011612
210.071,1.0,9.80769117484904,0.10000000149011612
210.129,1.0,9.80765709872875,0.10000000149011612
210.172,1.0,9.890000000016556,0.10000000149011612
210.228,1.0,9.80776777451651,0.10000000149011612
210.273,1.0,9.890361730899247,0.10000000149011612
210.328,1.0,9.890000000016556,0.10000000149011612
210.374,1.0,9.835307295351393,0.10000000149011612
210.423,1.0,9.725363307798075,0.10000000149011612
210.477,1.0,9.835064632321398,0.10000000149011612
210.527,1.0,9.752727401380737,0.10000000149011612
210.578,1.0,9.917562243383792,0.10000000149011612
210.631,1.0,9.752791684327853,0.10000000149011612
210.675,1.0,9.697698476434581,0.10000000149011612
210.73,1.0,9.72553639591982,0.10000000149011612
210.776,1.0,9.862798431557085,0.10000000149011612
210.827,1.0,9.752802458653848,0.10000000149011612
210.881,1.0,9.807914809137582,0.10000000149011612
210.93,1.0,9.752884531103902,0.10000000149011612
210.976,1.0,9.835254377788967,0.10000000149011612
211.029,1.0,9.752894534067147,0.10000000149011612
211.078,1.0,9.835328904332385,0.10000000149011612
211.126,1.0,9.862795354032682,0.10000000149011612
211.18,1.0,9.862630879216724,0.10000000149011612
211.226,1.0,9.835187034557263,0.10000000149011612
211.277,1.0,9.862583619480331,0.10000000149011612
211.33,1.0,9.862795406869717,0.10000000149011612
211.377,1.0,9.835162718138761,0.10000000149011612
211.427,1.0,9.780204226242171,0.10000000149011612
211.479,1.0,9.78035916303181,0.10000000149011612
211.527,1.0,9.862627754008605,0.10000000149011612
211.582,1.0,9.807757947593927,0.10000000149011612
211.631,1.0,9.890177076475489,0.10000000149011612
211.681,1.0,9.725492761284112,0.10000000149011612
211.729,1.0,9.807918345597056,0.10000000149011612
211.784,1.0,9.835074695986178,0.10000000149011612
211.83,1.0,9.862680265348818,0.10000000149011612
211.881,1.0,9.89004238612122,0.10000000149011612
211.937,1.0,9.835077248368826,0.10000000149011612
211.986,1.0,9.890222898705138,0.10000000149011612
212.032,1.0,9.697935140753787,0.10000000149011612
212.079,1.0,9.835310257764327,0.10000000149011612
212.13,1.0,9.780140888380508,0.10000000149011612
212.177,1.0,9.72542716767639,0.10000000149011612
212.231,1.0,9.697922493393223,0.10000000149011612
212.285,1.0,9.78005286016398,0.10000000149011612
212.333,1.0,9.862641290161346,0.10000000149011612
212.386,1.0,9.890079028593997,0.10000000149011612
212.441,1.0,9.780196643206809,0.10000000149011612
212.495,1.0,9.697828314122226,0.10000000149011612
212.537,1.0,9.752710614105066,0.10000000149011612
212.586,1.0,9.835185089810855,0.10000000149011612
212.637,1.0,9.780280265025795,0.10000000149011612
212.687,1.0,9.780222084373236,0.10000000149011612
212.74,1.0,9.697948510406746,0.10000000149011612
212.785,1.0,9.78020217662884,0.10000000149011612
212.836,1.0,9.8078498205377,0.10000000149011612
212.885,1.0,9.862612953864867,0.10000000149011612
212.944,1.0,9.835221031825576,0.10000000149011612
212.986,1.0,9.670203044431076,0.10000000149011612
213.04,1.0,9.78029861777193,0.10000000149011612
213.094,1.0,9.890081150809095,0.10000000149011612
213.135,1.0,9.725298606459464,0.10000000149011612
213.186,1.0,9.890120408539143,0.10000000149011612
213.236,1.0,9.91754918899387,0.10000000149011612
213.287,1.0,9.807712329448098,0.10000000149011612
213.343,1.0,9.862500000020695,0.10000000149011612
213.387,1.0,9.80776158703698,0.10000000149011612
213.446,1.0,9.807672576813234,0.10000000149011612
213.487,1.0,9.807787544942565,0.10000000149011612
213.543,1.0,9.725621996095612,0.10000000149011612
213.585,1.0,9.725335703686708,0.10000000149011612
213.637,1.0,9.917564973752532,0.10000000149011612
213.689,1.0,9.72531434401042,0.10000000149011612
213.742,1.0,9.72526811675893,0.10000000149011612
213.79,1.0,9.752982759082483,0.10000000149011612
213.841,1.0,9.642921546556883,0.10000000149011612
213.885,1.0,9.725202176388766,0.10000000149011612
213.94,1.0,9.890179157443345,0.10000000149011612
213.989,1.0,9.752541485470202,0.10000000149011612
214.042,1.0,9.835092985195418,0.10000000149011612
214.091,1.0,9.917500000012417,0.10000000149011612
214.143,1.0,9.89003045676897,0.10000000149011612
214.19,1.0,9.752739926882915,0.10000000149011612
214.244,1.0,9.835352311490311,0.10000000149011612
214.294,1.0,9.890140410864518,0.10000000149011612
214.346,1.0,9.780272013404304,0.10000000149011612
214.392,1.0,9.835318050161003,0.10000000149011612
214.441,1.0,9.80776015089618,0.10000000149011612
214.491,1.0,9.83530315729893,0.10000000149011612
214.545,1.0,9.587904121830231,0.10000000149011612
214.591,1.0,9.697860759269032,0.10000000149011612
214.641,1.0,9.835206311134,0.10000000149011612
214.692,1.0,9.835217713564635,0.10000000149011612
214.741,1.0,9.890249007588459,0.11234671622514725
214.801,1.0,9.807666047683192,0.10000000149011612
214.845,1.0,9.917596971078051,0.10000000149011612
214.899,1.0,9.807728811519013,0.10000000149011612
214.946,1.0,9.807769187684688,0.10000000149011612
214.997,1.0,9.807734572866725,0.10000000149011612
215.047,1.0,9.835255077439879,0.10000000149011612
215.103,1.0,9.890019559218652,0.10000000149011612
215.154,1.0,9.835298860631884,0.10000000149011612
215.199,1.0,9.752757024185525,0.10000000149011612
215.254,1.0,9.807891510199342,0.10000000149011612
215.3,1.0,9.752990587283339,0.10000000149011612
215.349,1.0,9.86279543971436,0.10000000149011612
215.405,1.0,9.862543308838374,0.10000000149011612
215.45,1.0,9.807648823534448,0.10000000149011612
215.502,1.0,9.835181710165408,0.10000000149011612
215.55,1.0,9.835213074481322,0.10000000149011612
215.601,1.0,9.697820216727754,0.10000000149011612
215.651,1.0,9.780171405793064,0.10000000149011612
215.7,1.0,9.78039323464036,0.10000000149011612
215.76,1.0,9.807927830186156,0.10000000149011612
215.8,1.0,9.780295800045133,0.10000000149011612
215.852,1.0,9.835208518389198,0.10000000149011612
215.912,1.0,9.697801646486752,0.10000000149011612
215.954,1.0,9.80772333536297,0.10000000149011612
216.005,1.0,9.670384539436135,0.10000000149011612
216.051,1.0,9.917563642209602,0.10000000149011612
216.102,1.0,9.862812356526653,0.10000000149011612
216.16,1.0,9.697778515227967,0.10000000149011612
216.205,1.0,9.862707645342581,0.10000000149011612
216.254,1.0,9.945068368646833,0.10000000149011612
216.309,1.0,9.807683972745306,0.10000000149011612
216.354,1.0,9.725317681435909,0.10000000149011612
216.404,1.0,9.890150667706298,0.10000000149011612
216.458,1.0,9.725529591076905,0.10000000149011612
216.504,1.0,9.697977982875374,0.10000000149011612
216.557,1.0,9.670485381264653,0.10000000149011612
216.609,1.0,9.91754506027533,0.10000000149011612
216.655,1.0,9.917646621353924,0.10000000149011612
216.708,1.0,9.862691545424362,0.10000000149011612
216.763,1.0,9.89014701816357,0.10000000149011612
216.805,1.0,9.835396218237777,0.10000000149011612
216.863,1.0,9.862740929507547,0.10000000149011612
216.905,1.0,9.835263143045207,0.10000000149011612
216.96,1.0,9.945127378507621,0.10000000149011612
217.008,1.0,9.807531909065114,0.10000000149011612
217.056,1.0,9.78032337087724,0.10000000149011612
217.106,1.0,9.80775071243859,0.10000000149011612
217.157,1.0,9.807867565647596,0.10000000149011612
217.217,1.0,9.890028142639332,0.10000000149011612
217.257,1.0,9.80772220885588,0.10000000149011612
217.311,1.0,9.890127333025966,0.10000000149011612
217.362,1.0,9.917674063104723,0.10000000149011612
217.413,1.0,9.807665816301274,0.10000000149011612
217.462,1.0,9.807503362434606,0.10000000149011612
217.513,1.0,9.83524334790806,0.10000000149011612
217.562,1.0,9.670451823021804,0.10000000149011612
217.62,1.0,9.807586900682914,0.10000000149011612
217.666,1.0,9.917607949446474,0.10000000149011612
217.717,1.0,9.835310186694066,0.10000000149011612
217.767,1.0,9.890114499152535,0.10000000149011612
217.818,1.0,9.725264873728156,0.10000000149011612
217.869,1.0,9.807652469827897,0.10000000149011612
217.913,1.0,9.89022511649463,0.10000000149011612
217.969,1.0,9.862550745345652,0.10000000149011612
218.017,1.0,9.780577195435763,0.10000000149011612
218.075,1.0,9.862684513669874,0.10000000149011612
218.118,1.0,9.670542330419023,0.10000000149011612
218.174,1.0,9.890136907725699,0.10000000149011612
218.226,1.0,9.697810944562985,0.10000000149011612
218.275,1.0,9.862649117348095,0.10000000149011612
218.341,1.0,9.752680064241092,0.10000000149011612
218.378,1.0,9.835230909308626,0.10000000149011612
218.441,1.0,9.807780422829092,0.10000000149011612
218.486,1.0,9.83509548323022,0.10000000149011612
218.534,1.0,9.86274392352336,0.10873701423406601
218.594,1.0,9.862769176748891,0.10000000149011612
218.635,1.0,9.890063705129755,0.10000000149011612
218.689,1.0,9.780177891337209,0.10000000149011612
218.735,1.0,9.72520397344811,0.10000000149011612
218.784,1.0,9.78067242188586,0.10000000149011612
218.837,1.0,9.835385110518999,0.10000000149011612
218.886,1.0,9.862592895784312,0.10000000149011612
218.941,1.0,9.807796874518196,0.10000000149011612
218.996,1.0,9.83531405431115,0.10000000149011612
219.042,1.0,9.752614956597487,0.10000000149011612
219.089,1.0,9.890285807537536,0.10923915356397629
219.142,1.0,9.752897093031141,0.10000000149011612
219.188,1.0,9.835244176702368,0.10000000149011612
219.239,1.0,9.862781646185452,0.10000000149011612
219.293,1.0,9.835153376166192,0.10000000149011612
219.344,1.0,9.752987334587507,0.10000000149011612
219.395,1.0,9.78057353419976,0.10000000149011612
219.442,1.0,9.67037645060983,0.10000000149011612
219.498,1.0,9.780390077084302,0.10000000149011612
219.553,1.0,9.862674881662759,0.10000000149011612
219.592,1.0,9.697902720731994,0.10000000149011612
219.651,1.0,9.780301645273964,0.10000000149011612
219.699,1.0,9.725342580924432,0.10000000149011612
219.75,1.0,9.725381320549381,0.10000000149011612
219.807,1.0,9.890000000016556,0.10000000149011612
219.86,1.0,9.752740080965062,0.10000000149011612
219.903,1.0,9.807653538986212,0.10000000149011612
219.956,1.0,9.835013962495658,0.10000000149011612
220.006,1.0,9.807971827685833,0.10000000149011612
220.054,1.0,9.752792899020845,0.10000000149011612
220.106,1.0,9.807673288095328,0.10000000149011612
220.155,1.0,9.807773815219601,0.10000000149011612
220.211,1.0,9.75291920747194,0.10000000149011612
220.255,1.0,9.725150142382416,0.10000000149011612
220.315,1.0,9.807628780624105,0.10000000149011612
220.356,1.0,9.890293751429352,0.10000000149011612
220.407,1.0,9.890135737984545,0.10000000149011612
220.455,1.0,9.697784574143588,0.10000000149011612
220.508,1.0,9.890117363466157,0.10000000149011612
220.556,1.0,9.835166425568362,0.10000000149011612
220.61,1.0,9.807727015515168,0.10000000149011612
220.66,1.0,9.835082878751887,0.10000000149011612
220.706,1.0,9.91763521068626,0.10157118737697601
220.758,1.0,9.83511465748565,0.10000000149011612
220.806,1.0,9.780311229638755,0.10000000149011612
220.862,1.0,9.78015234499342,0.10000000149011612
220.913,1.0,9.643216026532981,0.10000000149011612
220.975,1.0,9.67057131404678,0.10000000149011612
221.022,1.0,9.72541099594285,0.10000000149011612
221.073,1.0,9.862690697589683,0.10000000149011612
221.118,1.0,9.725383418860535,0.10000000149011612
221.168,1.0,9.780392685491178,0.10000000149011612
221.222,1.0,9.86271717885716,0.10000000149011612
221.268,1.0,9.75275736687084,0.10000000149011612
221.317,1.0,9.78043043938362,0.10000000149011612
221.368,1.0,9.780197574260335,0.10000000149011612
221.417,1.0,9.89016493358132,0.10000000149011612
221.468,1.0,9.91758935302496,0.10000000149011612
221.52,1.0,9.83512449922661,0.10000000149011612
221.568,1.0,9.752810381083853,0.10000000149011612
221.62,1.0,9.72515608270963,0.10000000149011612
221.669,1.0,9.807702611428168,0.10000000149011612
221.718,1.0,9.752840120324658,0.10000000149011612
221.768,1.0,9.890176371236642,0.10000000149011612
221.82,1.0,9.835147407464683,0.10000000149011612
221.868,1.0,9.670222292757696,0.10000000149011612
221.92,1.0,9.835211395720641,0.10000000149011612
221.97,1.0,9.835119172371924,0.10000000149011612
222.02,1.0,9.8627478538288,0.10000000149011612
222.069,1.0,9.862803969677124,0.10000000149011612
222.122,1.0,9.80774247807761,0.10000000149011612
222.17,1.0,9.807638533806635,0.10000000149011612
222.223,1.0,9.697975146998134,0.10000000149011612
222.271,1.0,9.83519817897015,0.10000000149011612
222.323,1.0,9.752747747633192,0.10000000149011612
222.371,1.0,9.83521811871065,0.10000000149011612
222.422,1.0,9.642971355819867,0.10000000149011612
222.474,1.0,9.725191931426526,0.10000000149011612
222.521,1.0,9.835039294159246,0.10000000149011612
222.574,1.0,9.807644293912583,0.10000000149011612
222.621,1.0,9.807645646172265,0.10000000149011612
222.67,1.0,9.697803099225792,0.10000000149011612
222.72,1.0,9.86257399076389,0.10000000149011612
222.772,1.0,9.72534422410859,0.10000000149011612
222.82,1.0,9.807715840306546,0.10000000149011612
222.87,1.0,9.725277753526138,0.10000000149011612
222.92,1.0,9.890133205345935,0.10000000149011612
222.972,1.0,9.78013666977899,0.10000000149011612
223.023,1.0,9.807766009101437,0.10000000149011612
223.07,1.0,9.807607105436425,0.10000000149011612
223.122,1.0,9.890111118699942,0.10000000149011612
223.18,1.0,9.807617895926038,0.10000000149011612
223.22,1.0,9.67044770044999,0.10000000149011612
223.272,1.0,9.86284413250784,0.10000000149011612
223.32,1.0,9.752801072597503,0.10000000149011612
223.371,1.0,9.670211604196165,0.10000000149011612
223.421,1.0,9.890174172735877,0.10000000149011612
223.471,1.0,9.780276724054582,0.10000000149011612
223.521,1.0,9.807745551607676,0.10000000149011612
223.574,1.0,9.862524315031866,0.10000000149011612
223.62,1.0,9.725502979962362,0.10000000149011612
223.675,1.0,9.697947449568245,0.10000000149011612
223.724,1.0,9.807500000028975,0.10000000149011612
223.77,1.0,9.80770577337179,0.10000000149011612
223.82,1.0,9.752839304693044,0.10000000149011612
223.871,1.0,9.807840909684698,0.10000000149011612
223.93,1.0,9.917708435302806,0.10000000149011612
223.973,1.0,9.807741209968096,0.10000000149011612
224.024,1.0,9.835088162351813,0.10000000149011612
224.071,1.0,9.917652091694375,0.10026650130748749
224.127,1.0,9.780136855360535,0.10000000149011612
224.176,1.0,9.67047385569248,0.10000000149011612
224.219,1.0,9.835193337396616,0.10000000149011612
224.275,1.0,9.835150126678249,0.10000000149011612
224.326,1.0,9.807612230090632,0.10000000149011612
224.381,1.0,9.862572017436227,0.10000000149011612
224.425,1.0,9.835171015622715,0.10000000149011612
224.476,1.0,9.890212175457014,0.10000000149011612
224.541,1.0,9.83503288715664,0.10000000149011612
224.592,1.0,9.807910095631248,0.10000000149011612
224.638,1.0,9.725328073029717,0.10000000149011612
224.678,1.0,9.862601444766753,0.10000000149011612
224.73,1.0,9.862887143716216,0.10000000149011612
224.777,1.0,9.780138973684775,0.10000000149011612
224.829,1.0,9.670255965180695,0.10000000149011612
224.889,1.0,9.835011175399025,0.10000000149011612
224.913,1.0,9.753047822477917,0.10138590633869171
224.981,1.0,9.945115336692995,0.10896405577659607
225.029,1.0,9.917540239625508,0.10000000149011612
225.081,1.0,9.753032348325682,0.10000000149011612
225.129,1.0,9.752824305329058,0.10000000149011612
225.194,1.0,9.587758863199916,0.10000000149011612
225.235,1.0,9.835267712693248,0.10000000149011612
225.285,1.0,9.917720493943326,0.10000000149011612
225.335,1.0,9.643218738026917,0.10000000149011612
225.39,1.0,9.862840364707841,0.10000000149011612
225.438,1.0,9.835265910232232,0.10000000149011612
225.489,1.0,9.807827701254023,0.10000000149011612
225.532,1.0,9.670331522160106,0.10000000149011612
225.586,1.0,9.835172742294768,0.10000000149011612
225.636,1.0,9.725484681833121,0.10000000149011612
225.692,1.0,9.83513067573723,0.10000000149011612
225.736,1.0,9.725443163886666,0.10000000149011612
225.785,1.0,9.917609909176827,0.10000000149011612
225.835,1.0,9.91755039366997,0.10000000149011612
225.886,1.0,9.835058778193261,0.10000000149011612
225.937,1.0,9.835102042721378,0.10000000149011612
225.987,1.0,9.780166669479675,0.10000000149011612
226.035,1.0,9.780323301628233,0.10000000149011612
226.085,1.0,9.807770855497155,0.10000000149011612
226.135,1.0,9.72543028048757,0.10000000149011612
226.185,1.0,9.890198609191511,0.10000000149011612
226.24,1.0,9.725216614041063,0.10000000149011612
226.285,1.0,9.890158853390151,0.10000000149011612
226.337,1.0,9.752718329450323,0.10000000149011612
226.386,1.0,9.807785460001064,0.10000000149011612
226.437,1.0,9.752572901174426,0.10000000149011612
226.484,1.0,9.725451085985535,0.10000000149011612
226.537,1.0,9.780391971477204,0.10000000149011612
226.585,1.0,9.862713411243426,0.10000000149011612
226.635,1.0,9.835301420568593,0.10000000149011612
226.689,1.0,9.780259712785483,0.10000000149011612
226.732,1.0,9.862500000020695,0.10000000149011612
226.788,1.0,9.862640021079116,0.10000000149011612
226.838,1.0,9.807621061677734,0.10000000149011612
226.894,1.0,9.807842789135046,0.10000000149011612
226.936,1.0,9.807848519831897,0.10000000149011612
226.988,1.0,9.94500113837421,0.10000000149011612
227.04,1.0,9.808005097715391,0.10000000149011612
227.091,1.0,9.752764941503605,0.10000000149011612
227.146,1.0,9.862857341724965,0.10000000149011612
227.19,1.0,9.752929318137467,0.10000000149011612
227.24,1.0,9.890164521440036,0.10000000149011612
227.289,1.0,9.75276731815603,0.10000000149011612
227.34,1.0,9.780406995883418,0.10000000149011612
227.391,1.0,9.835223691662152,0.10000000149011612
227.443,1.0,9.670554884812898,0.10000000149011612
227.49,1.0,9.862724276176758,0.10000000149011612
227.542,1.0,9.780208571462168,0.10000000149011612
227.595,1.0,9.807828938526411,0.10000000149011612
227.652,1.0,9.807643158692454,0.10000000149011612
227.691,1.0,9.83524888627645,0.10000000149011612
227.746,1.0,9.80778474058542,0.10000000149011612
227.792,1.0,9.890295250672434,0.10000000149011612
227.843,1.0,9.752806936080257,0.10000000149011612
227.895,1.0,9.862661815786527,0.10000000149011612
227.944,1.0,9.780207848983506,0.10000000149011612
227.995,1.0,9.697900270298124,0.10000000149011612
228.049,1.0,9.807802081046004,0.10000000149011612
228.096,1.0,9.780182032307817,0.10000000149011612
228.146,1.0,9.697996428339845,0.10000000149011612
228.195,1.0,9.835112430465719,0.10000000149011612
228.246,1.0,9.752990855711202,0.10000000149011612
228.298,1.0,9.807745707262722,0.10000000149011612
228.348,1.0,9.72574498264326,0.10000000149011612
228.394,1.0,9.752843770860798,0.10000000149011612
228.446,1.0,9.752747313926617,0.10000000149011612
228.496,1.0,9.670612720379399,0.10000000149011612
228.544,1.0,9.862541364837025,0.10000000149011612
228.594,1.0,9.835380037625631,0.10000000149011612
228.646,1.0,9.835331126240392,0.10000000149011612
228.695,1.0,9.725444014598098,0.10000000149011612
228.746,1.0,9.862758311236071,0.10000000149011612
228.795,1.0,9.725374610597889,0.10000000149011612
228.845,1.0,9.835125272410611,0.10000000149011612
228.905,1.0,9.78045347413669,0.10000000149011612
228.944,1.0,9.835155123451518,0.10000000149011612
228.997,1.0,9.807908856723872,0.10000000149011612
229.05,1.0,9.862620428038968,0.10000000149011612
229.094,1.0,9.835158742012249,0.10000000149011612
229.146,1.0,9.890137461614277,0.10000000149011612
229.201,1.0,9.862771152849827,0.10000000149011612
229.246,1.0,9.862604757708807,0.10000000149011612
229.295,1.0,9.835350497749944,0.10000000149011612
229.351,1.0,9.890292601432238,0.10000000149011612
229.394,1.0,9.890173097948233,0.10000000149011612
229.445,1.0,9.697877305601207,0.10000000149011612
229.509,1.0,9.83514188159671,0.10000000149011612
229.545,1.0,9.780330773712032,0.10000000149011612
229.602,1.0,9.807776041618652,0.10000000149011612
229.646,1.0,9.752817864529788,0.10000000149011612
229.698,1.0,9.83513428821332,0.10000000149011612
229.755,1.0,9.807745112871958,0.10000000149011612
229.797,1.0,9.780220867755512,0.10000000149011612
229.848,1.0,9.835174766120812,0.10000000149011612
229.903,1.0,9.670176564012136,0.10000000149011612
229.946,1.0,9.83513289541006,0.10000000149011612
229.995,1.0,9.697911907587613,0.10000000149011612
230.047,1.0,9.8901776081365,0.10000000149011612
230.106,1.0,9.725316294241283,0.10000000149011612
230.15,1.0,9.670433519718548,0.10000000149011612
230.196,1.0,9.807591076733338,0.10000000149011612
230.247,1.0,9.86256222822186,0.10000000149011612
230.298,1.0,9.9450882077838,0.10000000149011612
230.345,1.0,9.643087167872324,0.10000000149011612
230.395,1.0,9.86265264712274,0.10000000149011612
230.446,1.0,9.890210566918055,0.10000000149011612
230.5,1.0,9.75302817405512,0.10000000149011612
230.551,1.0,9.917595998156402,0.10000000149011612
230.599,1.0,9.835129339247942,0.10000000149011612
230.647,1.0,9.890222277823423,0.10000000149011612
230.7,1.0,9.86254822851883,0.10000000149011612
230.746,1.0,9.780125971200565,0.10000000149011612
230.796,1.0,9.862667462374601,0.10000000149011612
230.846,1.0,9.835267643423544,0.10000000149011612
230.897,1.0,9.807774017192424,0.10000000149011612
230.948,1.0,9.835177223053243,0.10000000149011612
230.996,1.0,9.78029602314863,0.10000000149011612
231.049,1.0,9.752970820251438,0.10000000149011612
231.096,1.0,9.807763211780951,0.10000000149011612
231.148,1.0,9.780323799761634,0.10000000149011612
231.196,1.0,9.807791070722871,0.10000000149011612
231.246,1.0,9.752606324375504,0.10000000149011612
231.301,1.0,9.807629168219865,0.10000000149011612
231.345,1.0,9.78021726825585,0.10000000149011612
231.415,1.0,9.89016557296531,0.10000000149011612
231.454,1.0,9.780165305712984,0.10000000149011612
231.509,1.0,9.807745635136962,0.10000000149011612
231.558,1.0,9.780291364486846,0.10000000149011612
231.613,1.0,9.862654465747376,0.10000000149011612
231.659,1.0,9.835162953763373,0.10000000149011612
231.716,1.0,9.835163729368812,0.10000000149011612
231.762,1.0,9.780414339858625,0.10000000149011612
231.81,1.0,9.91756149418652,0.10000000149011612
231.867,1.0,9.780338035461803,0.10000000149011612
231.909,1.0,9.862598883236448,0.10000000149011612
231.962,1.0,9.780321345643864,0.10000000149011612
232.009,1.0,9.890215778061085,0.10000000149011612
232.059,1.0,9.752748533731534,0.10000000149011612
232.115,1.0,9.890112131213149,0.10000000149011612
232.16,1.0,9.670357174115876,0.10000000149011612
232.215,1.0,9.80765979308635,0.10000000149011612
232.259,1.0,9.835220103648801,0.10000000149011612
232.31,1.0,9.725181835641463,0.10000000149011612
232.364,1.0,9.835397933671873,0.10000000149011612
232.411,1.0,9.835119684102635,0.10000000149011612
232.46,1.0,9.780405040685501,0.10000000149011612
232.517,1.0,9.89023622158501,0.10000000149011612
232.559,1.0,9.780385114045608,0.10000000149011612
232.62,1.0,9.780131782115333,0.10000000149011612
232.667,1.0,9.807500000028975,0.10000000149011612
232.715,1.0,9.807502224317027,0.10000000149011612
232.771,1.0,9.807609195407066,0.10000000149011612
232.816,1.0,9.862609803097115,0.10000000149011612
232.866,1.0,9.725259183347225,0.10000000149011612
232.921,1.0,9.642651680898336,0.10000000149011612
232.966,1.0,9.89025598215974,0.10802079737186432
233.017,1.0,9.752643208495444,0.10000000149011612
233.071,1.0,9.780463921734029,0.10000000149011612
233.115,1.0,9.917678576769928,0.11348747462034225
233.165,1.0,9.835096665140656,0.10000000149011612
233.22,1.0,9.780233502781225,0.10000000149011612
233.265,1.0,9.807804076435666,0.10000000149011612
233.318,1.0,9.698034604100718,0.10000000149011612
233.366,1.0,9.725376101148624,0.10000000149011612
233.418,1.0,9.587633072667652,0.10000000149011612
233.466,1.0,9.725392002032862,0.10000000149011612
233.518,1.0,9.862625644211139,0.10000000149011612
233.567,1.0,9.86252427848263,0.10000000149011612
233.617,1.0,9.862768071475957,0.10000000149011612
233.667,1.0,9.75272030039794,0.10000000149011612
233.72,1.0,9.8902149402226,0.10000000149011612
233.768,1.0,9.615500480371217,0.10000000149011612
233.82,1.0,9.807855868298146,0.10000000149011612
233.87,1.0,9.780321017776926,0.10000000149011612
233.919,1.0,9.780255165882409,0.10000000149011612
233.969,1.0,9.862705162622863,0.10000000149011612
234.019,1.0,9.780403655146559,0.10000000149011612
234.069,1.0,9.917576987503303,0.10000000149011612
234.125,1.0,9.780275713010795,0.10000000149011612
234.169,1.0,9.75268844579243,0.10000000149011612
234.223,1.0,9.8351147522322,0.10000000149011612
234.27,1.0,9.780110045812195,0.10000000149011612
234.318,1.0,9.917581653408707,0.10000000149011612
234.369,1.0,9.890067690300445,0.10000000149011612
234.419,1.0,9.752787418104708,0.10000000149011612
234.475,1.0,9.807544949423107,0.10000000149011612
234.518,1.0,9.725121698714792,0.10000000149011612
234.571,1.0,9.835088057836725,0.10000000149011612
234.628,1.0,9.862585962625841,0.10000000149011612
234.67,1.0,9.780233842010299,0.10000000149011612
234.724,1.0,9.725121478922665,0.10000000149011612
234.771,1.0,9.890068387633397,0.10000000149011612
234.821,1.0,9.69773871867607,0.10000000149011612
234.872,1.0,9.780299569273161,0.10000000149011612
234.925,1.0,9.670593206646542,0.10000000149011612
234.973,1.0,9.807737202238705,0.10000000149011612
235.023,1.0,9.862682937872078,0.10000000149011612
235.071,1.0,9.835117096309032,0.10000000149011612
235.125,1.0,9.89014669244902,0.10000000149011612
235.174,1.0,9.807830527404116,0.10000000149011612
235.222,1.0,9.890035295424362,0.10000000149011612
235.273,1.0,9.697661848138605,0.10000000149011612
235.322,1.0,9.725154925303327,0.10000000149011612
235.38,1.0,9.752584792259666,0.10000000149011612
235.422,1.0,9.752788428341349,0.10000000149011612
235.472,1.0,9.75275074460854,0.10000000149011612
235.522,1.0,9.835202733323806,0.10000000149011612
235.576,1.0,9.780221940038933,0.10000000149011612
235.618,1.0,9.807690956402157,0.10000000149011612
235.672,1.0,9.890114716668096,0.10000000149011612
235.729,1.0,9.643005214755734,0.10000000149011612
235.774,1.0,9.835160820082658,0.10000000149011612
235.828,1.0,9.807863488275972,0.10000000149011612
235.875,1.0,9.780228764998416,0.10000000149011612
235.926,1.0,9.917564117825693,0.10000000149011612
235.975,1.0,9.69781385699494,0.10000000149011612
236.027,1.0,9.835229493305087,0.10000000149011612
236.083,1.0,9.780360248850451,0.10000000149011612
236.126,1.0,9.725367028887073,0.10000000149011612
236.181,1.0,9.94513564741032,0.11414212733507156
236.226,1.0,9.697865021932456,0.10000000149011612
236.281,1.0,9.642905332375731,0.10000000149011612
236.328,1.0,9.835378852507306,0.10000000149011612
236.388,1.0,9.835172276716266,0.10000000149011612
236.433,1.0,9.91774821223484,0.1101701408624649
236.481,1.0,9.807628792896868,0.10000000149011612
236.53,1.0,9.780323481145832,0.10000000149011612
236.587,1.0,9.670485942045019,0.10000000149011612
236.63,1.0,9.890123198409047,0.10000000149011612
236.682,1.0,9.642788439761434,0.10000000149011612
236.729,1.0,9.697606179180244,0.10000000149011612
236.785,1.0,9.835143164048592,0.10000000149011612
236.831,1.0,9.780136687142981,0.10000000149011612
236.878,1.0,9.807761902962294,0.10000000149011612
236.931,1.0,9.69765657308615,0.10000000149011612
236.986,1.0,9.835386943610178,0.10000000149011612
237.031,1.0,9.917500000012417,0.10000000149011612
237.082,1.0,9.83515204574085,0.10000000149011612
237.134,1.0,9.752686430099939,0.10000000149011612
237.18,1.0,9.780322786110142,0.10000000149011612
237.23,1.0,9.72522480674088,0.10000000149011612
237.291,1.0,9.86268829734375,0.10000000149011612
237.338,1.0,9.807818046129412,0.10000000149011612
237.38,1.0,9.807716707574825,0.10000000149011612
237.435,1.0,9.835110522806644,0.10000000149011612
237.483,1.0,9.890152621807324,0.10000000149011612
237.53,1.0,9.835203340111507,0.10000000149011612
237.581,1.0,9.780366160203185,0.10000000149011612
237.628,1.0,9.807783723560473,0.10000000149011612
237.687,1.0,9.780336960239543,0.10000000149011612
237.73,1.0,9.780155554993286,0.10000000149011612
237.791,1.0,9.835116178356111,0.10000000149011612
237.834,1.0,9.835246191380753,0.10000000149011612
237.883,1.0,9.835164703408049,0.10000000149011612
237.932,1.0,9.835477881775134,0.10000000149011612
237.982,1.0,9.807571051021418,0.10000000149011612
238.041,1.0,9.835313354370495,0.10000000149011612
238.085,1.0,9.64262793291774,0.10000000149011612
238.134,1.0,9.835281445044611,0.10000000149011612
238.186,1.0,9.807827052267061,0.10000000149011612
238.234,1.0,9.890243913191888,0.10000000149011612
238.287,1.0,9.83526766107728,0.10000000149011612
238.335,1.0,9.725018576987916,0.10000000149011612
238.383,1.0,9.752725514810946,0.10000000149011612
238.435,1.0,9.807877733579112,0.10000000149011612
238.484,1.0,9.725513177634113,0.10000000149011612
238.534,1.0,9.75296330673413,0.10000000149011612
238.587,1.0,9.807588399449985,0.10000000149011612
238.648,1.0,9.835341369360686,0.10000000149011612
238.686,1.0,9.80767315727555,0.10000000149011612
238.734,1.0,9.807640833469728,0.10000000149011612
238.784,1.0,9.890158568074305,0.10396718233823776
238.835,1.0,9.75316812787205,0.10000000149011612
238.889,1.0,9.807643384320869,0.10000000149011612
238.938,1.0,9.752743332232866,0.10000000149011612
238.989,1.0,9.862605197686289,0.10000000149011612
239.036,1.0,9.835370080317889,0.10000000149011612
239.082,1.0,9.807684532615045,0.10000000149011612
239.137,1.0,9.78032539298551,0.10000000149011612
239.191,1.0,9.725442908621497,0.10000000149011612
239.239,1.0,9.862863230788045,0.10000000149011612
239.293,1.0,9.670272650880118,0.10000000149011612
239.34,1.0,9.752732414959205,0.10000000149011612
239.404,1.0,9.725343111985259,0.10000000149011612
239.438,1.0,9.697879068636231,0.10000000149011612
239.494,1.0,9.862680320317546,0.10000000149011612
239.538,1.0,9.917513825951351,0.10000000149011612
239.594,1.0,9.807860041637387,0.10000000149011612
239.629,1.0,9.807732425981925,0.10000000149011612
239.69,1.0,9.890004081982706,0.10000000149011612
239.742,1.0,9.835217890784973,0.10000000149011612
239.788,1.0,9.835165946744382,0.10000000149011612
239.839,1.0,9.835328953630395,0.10000000149011612
239.892,1.0,9.862687349278065,0.10000000149011612
239.941,1.0,9.670560307055712,0.10000000149011612
239.993,1.0,9.780288793332875,0.10000000149011612
240.04,1.0,9.94501974551628,0.10000000149011612
240.092,1.0,9.807599791925814,0.10000000149011612
240.14,1.0,9.835032772231433,0.10000000149011612
240.191,1.0,9.917697357365654,0.10000000149011612
240.24,1.0,9.807785481380092,0.10000000149011612
240.289,1.0,9.80777958414207,0.10000000149011612
240.343,1.0,9.752908924511738,0.10000000149011612
240.39,1.0,9.780281828198996,0.10000000149011612
240.442,1.0,9.780097808502614,0.10000000149011612
240.49,1.0,9.89010891519073,0.10000000149011612
240.539,1.0,9.862800595681701,0.1129920482635498
240.598,1.0,9.862781361966498,0.10000000149011612
240.644,1.0,9.972616994587911,0.14211805164813995
240.696,1.0,9.725360279737247,0.10000000149011612
240.74,1.0,9.862684679445293,0.10000000149011612
240.793,1.0,9.697960442490876,0.10000000149011612
240.841,1.0,9.697789417186545,0.10000000149011612
240.89,1.0,9.917569465769661,0.10000000149011612
240.941,1.0,9.752674495573673,0.10000000149011612
240.991,1.0,9.945096645690501,0.10000000149011612
241.041,1.0,9.807773534518978,0.10000000149011612
241.089,1.0,9.945131196723215,0.10000000149011612
241.141,1.0,9.890228806829287,0.11287201195955276
241.191,1.0,9.642872443836596,0.10000000149011612
241.243,1.0,9.752993024968438,0.10000000149011612
241.293,1.0,9.807765631398393,0.10000000149011612
241.349,1.0,9.807609454563094,0.10000000149011612
241.39,1.0,9.752815504392816,0.10000000149011612
241.44,1.0,9.83520024901049,0.10000000149011612
241.498,1.0,9.753097451043626,0.10000000149011612
241.54,1.0,9.72511287699971,0.10000000149011612
241.588,1.0,9.697727364322377,0.10000000149011612
241.64,1.0,9.807671757849555,0.10000000149011612
241.693,1.0,9.670359588435126,0.10000000149011612
241.743,1.0,9.917705108390914,0.12291847169399261
241.79,1.0,9.807642841049367,0.10000000149011612
241.846,1.0,9.752787777678007,0.10000000149011612
241.896,1.0,9.835312874780762,0.10000000149011612
241.944,1.0,9.835133230913844,0.10000000149011612
241.996,1.0,9.75274830168734,0.10000000149011612
242.054,1.0,9.862567190515499,0.10000000149011612
242.105,1.0,9.752882107843956,0.10000000149011612
242.149,1.0,9.835215959304737,0.10000000149011612
242.199,1.0,9.835055794711742,0.10000000149011612
242.248,1.0,9.807792026508185,0.10000000149011612
242.305,1.0,9.780211218736238,0.10000000149011612
242.349,1.0,9.945007516981827,0.10000000149011612
242.415,1.0,9.807593240278463,0.10000000149011612
242.449,1.0,9.945000000008278,0.10000000149011612
242.499,1.0,9.835364125875962,0.10000000149011612
242.551,1.0,9.862662909448975,0.10000000149011612
242.601,1.0,9.835023766673274,0.10000000149011612
242.659,1.0,9.945163421829541,0.1216306984424591
242.708,1.0,9.890134744532407,0.10000000149011612
242.757,1.0,9.86262346510258,0.10000000149011612
242.82,1.0,9.835316217545834,0.10000000149011612
242.865,1.0,9.780498213983245,0.10000000149011612
242.911,1.0,9.752633201744821,0.10000000149011612
242.963,1.0,9.862510271867116,0.10000000149011612
243.009,1.0,9.835210433312588,0.10000000149011612
243.061,1.0,9.862500000020695,0.10000000149011612
243.116,1.0,9.917500000012417,0.10000000149011612
243.161,1.0,9.780224141602714,0.10000000149011612
243.212,1.0,9.80775069890337,0.10000000149011612
243.262,1.0,9.86279430227975,0.10000000149011612
243.31,1.0,9.890008915836612,0.10000000149011612
243.361,1.0,9.752741232617861,0.10000000149011612
243.414,1.0,9.807682359487647,0.10000000149011612
243.461,1.0,9.725135190308922,0.10000000149011612
243.508,1.0,9.917578428693943,0.10000000149011612
243.56,1.0,9.86256281228529,0.10000000149011612
243.61,1.0,9.862855605056716,0.10000000149011612
243.66,1.0,9.890000000016556,0.10000000149011612
243.71,1.0,9.752763424772356,0.10000000149011612
243.772,1.0,9.862746981945303,0.10000000149011612
243.812,1.0,9.835229530599381,0.10000000149011612
243.861,1.0,9.89013554143409,0.10000000149011612
243.916,1.0,9.642698872772355,0.10000000149011612
243.96,1.0,9.752887822356488,0.10000000149011612
244.009,1.0,9.780273687260019,0.10000000149011612
244.066,1.0,9.780157996817595,0.10000000149011612
244.115,1.0,9.807639666501846,0.10000000149011612
244.166,1.0,9.862854328213466,0.10000000149011612
244.216,1.0,9.67031865775999,0.10000000149011612
244.264,1.0,9.752877009018428,0.10000000149011612
244.313,1.0,9.862677684860925,0.10000000149011612
244.366,1.0,9.945079695309202,0.10741057246923447
244.422,1.0,9.725257837254969,0.10000000149011612
244.468,1.0,9.752807198651135,0.10000000149011612
244.529,1.0,9.890203010746175,0.10000000149011612
244.571,1.0,9.752983477980726,0.10000000149011612
244.622,1.0,9.945095987783539,0.11416754871606827
244.668,1.0,9.917709416378703,0.10000000149011612
244.723,1.0,9.862528477878206,0.10000000149011612
244.773,1.0,9.807689460511837,0.10000000149011612
244.825,1.0,9.752862707546187,0.10000000149011612
244.872,1.0,9.890198399581843,0.10000000149011612
244.923,1.0,9.807809760152466,0.10000000149011612
244.972,1.0,9.835153672885564,0.10000000149011612
245.022,1.0,9.780166553726627,0.10000000149011612
245.075,1.0,9.752800717660122,0.10000000149011612
245.125,1.0,9.862500000020695,0.10000000149011612
245.176,1.0,9.78038935466773,0.10000000149011612
245.222,1.0,9.780397365325028,0.10000000149011612
245.274,1.0,9.945000000008278,0.10000000149011612
245.323,1.0,9.753067427107858,0.10000000149011612
245.381,1.0,9.807695372257795,0.10000000149011612
245.423,1.0,9.780239698808227,0.10000000149011612
245.481,1.0,9.752666958090332,0.10000000149011612
245.525,1.0,9.752669140965574,0.10000000149011612
245.575,1.0,9.890228747328122,0.10000000149011612
245.632,1.0,9.780156528618601,0.10000000149011612
245.673,1.0,9.862643203139305,0.10000000149011612
245.724,1.0,9.780187633033428,0.10000000149011612
245.777,1.0,9.752902985591856,0.10000000149011612
245.826,1.0,9.780474118681418,0.10000000149011612
245.884,1.0,9.780394549522963,0.10000000149011612
245.927,1.0,9.835159864731962,0.10000000149011612
245.978,1.0,9.780337133175797,0.10000000149011612
246.023,1.0,9.86273735941698,0.10000000149011612
246.076,1.0,9.807638987588385,0.10000000149011612
246.128,1.0,9.835354857415789,0.10000000149011612
246.177,1.0,9.72555856257677,0.10000000149011612
246.225,1.0,9.890135444204013,0.10000000149011612
246.278,1.0,9.86257040788316,0.10000000149011612
246.333,1.0,9.862716914485727,0.10000000149011612
246.38,1.0,9.752972697963317,0.10000000149011612
246.426,1.0,9.67051015144421,0.10000000149011612
246.475,1.0,9.86267586712622,0.10000000149011612
246.526,1.0,9.725449718824692,0.10000000149011612
246.578,1.0,9.752930431005856,0.10000000149011612
246.637,1.0,9.890123655854,0.10000000149011612
246.677,1.0,9.835155076657733,0.10000000149011612
246.727,1.0,9.642816737935775,0.10000000149011612
246.779,1.0,9.835218207869264,0.10000000149011612
246.834,1.0,9.890025853800276,0.10000000149011612
246.882,1.0,9.752998685029645,0.10000000149011612
246.941,1.0,9.642786925762064,0.10000000149011612
246.983,1.0,9.807680402654741,0.10000000149011612
247.043,1.0,9.862803904463847,0.10000000149011612
247.085,1.0,9.807831545112034,0.10000000149011612
247.138,1.0,9.945000000008278,0.10000000149011612
247.194,1.0,9.752572155288524,0.10000000149011612
247.241,1.0,9.670330809988082,0.10000000149011612
247.287,1.0,9.862791992848118,0.10000000149011612
247.335,1.0,9.862620169627998,0.10000000149011612
247.387,1.0,9.615164662173225,0.10000000149011612
247.436,1.0,9.780161527730524,0.10000000149011612
247.488,1.0,9.752796989265416,0.10000000149011612
247.537,1.0,9.890000000016556,0.10000000149011612
247.586,1.0,9.807755295497676,0.10000000149011612
247.639,1.0,9.725124037369257,0.10000000149011612
247.686,1.0,9.862687932865487,0.10000000149011612
247.736,1.0,9.780405043934783,0.10000000149011612
247.786,1.0,9.780381672498253,0.10000000149011612
247.836,1.0,9.835345335014992,0.10000000149011612
247.886,1.0,9.725344287604093,0.10000000149011612
247.935,1.0,9.807654243190255,0.10000000149011612
247.988,1.0,9.890223183855415,0.10000000149011612
248.036,1.0,9.75322635653946,0.10000000149011612
248.09,1.0,9.752902373505963,0.10000000149011612
248.138,1.0,9.780296467079056,0.10000000149011612
248.194,1.0,9.862726250746183,0.10000000149011612
248.24,1.0,9.670197888691392,0.10000000149011612
248.289,1.0,9.835090606225034,0.10000000149011612
248.345,1.0,9.780245011010104,0.10000000149011612
248.389,1.0,9.725364342331886,0.10000000149011612
248.44,1.0,9.917500000012417,0.10000000149011612
248.496,1.0,9.835225874351131,0.10000000149011612
248.539,1.0,9.8626009484753,0.10000000149011612
248.59,1.0,9.807823766374753,0.10000000149011612
248.643,1.0,9.835302966088056,0.10000000149011612
248.69,1.0,9.917728815703756,0.1069813147187233
248.738,1.0,9.945000000008278,0.10000000149011612
248.789,1.0,9.890129800534083,0.10000000149011612
248.838,1.0,9.807636780395276,0.10000000149011612
248.889,1.0,9.69788136544327,0.10000000149011612
248.939,1.0,9.80770310771962,0.10000000149011612
248.989,1.0,9.86261543714338,0.10000000149011612
249.042,1.0,9.862697047843701,0.10000000149011612
249.092,1.0,9.835258139835464,0.10000000149011612
249.148,1.0,9.835365809438128,0.10000000149011612
249.192,1.0,9.835144041023321,0.10000000149011612
249.244,1.0,9.780385139998462,0.10000000149011612
249.291,1.0,9.752743323788875,0.10000000149011612
249.355,1.0,9.752809287007484,0.10000000149011612
249.398,1.0,9.835345900120835,0.10000000149011612
249.448,1.0,9.642707827645872,0.10000000149011612
249.502,1.0,9.80750475122283,0.10000000149011612
249.552,1.0,9.807626703360842,0.10000000149011612
249.597,1.0,9.807656345951061,0.10000000149011612
249.656,1.0,9.807946133572194,0.10000000149011612
249.7,1.0,9.917690189720856,0.1018131822347641
249.749,1.0,9.725358471439945,0.10000000149011612
249.8,1.0,9.780260595782764,0.10000000149011612
249.851,1.0,9.862504191075763,0.10000000149011612
249.902,1.0,9.670373442375826,0.10000000149011612
249.952,1.0,9.75278159065379,0.10000000149011612
250.014,1.0,9.80794650481807,0.10148902982473373
250.059,1.0,9.8626616028241,0.10000000149011612
250.106,1.0,9.86257883987079,0.10000000149011612
250.164,1.0,9.670437036640942,0.10000000149011612
250.211,1.0,9.890012575520409,0.10000000149011612
250.264,1.0,9.780369786752594,0.10000000149011612
250.312,1.0,9.752651044333147,0.10000000149011612
250.364,1.0,9.835076875984669,0.10000000149011612
250.411,1.0,9.807624431347682,0.10000000149011612
250.461,1.0,9.698020027598574,0.10000000149011612
250.514,1.0,9.917500000012417,0.10000000149011612
250.559,1.0,9.835000000024836,0.10000000149011612
250.607,1.0,9.753015543623931,0.10000000149011612
250.664,1.0,9.807728912619252,0.10000000149011612
250.71,1.0,9.890233208321863,0.10000000149011612
250.76,1.0,9.643052000035015,0.10000000149011612
250.813,1.0,9.835258324796127,0.10000000149011612
250.86,1.0,9.945131062943902,0.10000000149011612
250.912,1.0,9.615486862779491,0.10000000149011612
250.961,1.0,9.83519185785618,0.10000000149011612
251.016,1.0,9.835343571338388,0.1003207117319107
251.06,1.0,9.835344043829375,0.10000000149011612
251.113,1.0,9.835159589991802,0.10000000149011612
251.164,1.0,9.780368535427584,0.10000000149011612
251.21,1.0,9.862603148983585,0.10000000149011612
251.265,1.0,9.780210693470305,0.10000000149011612
251.312,1.0,9.917500000012417,0.10000000149011612
251.363,1.0,9.64285441674292,0.10000000149011612
251.429,1.0,9.752806310272879,0.10000000149011612
251.464,1.0,9.752752100841867,0.10000000149011612
251.512,1.0,9.917631367387044,0.10000000149011612
251.562,1.0,9.807955530244444,0.10000000149011612
251.613,1.0,9.725298221181664,0.10000000149011612
251.667,1.0,9.725295360200107,0.10000000149011612
251.714,1.0,9.835355474241078,0.10000000149011612
251.765,1.0,9.890199256067474,0.10000000149011612
251.816,1.0,9.835161176924077,0.10000000149011612
251.866,1.0,9.835222504163783,0.10000000149011612
251.913,1.0,9.80779398104383,0.10000000149011612
251.967,1.0,9.780245570052001,0.10000000149011612
252.017,1.0,9.917626180913713,0.10000000149011612
252.068,1.0,9.78010185362978,0.10000000149011612
252.113,1.0,9.835095369629562,0.10000000149011612
252.17,1.0,9.862587185017764,0.10000000149011612
252.221,1.0,9.752779661760561,0.10000000149011612
252.266,1.0,9.835219564495816,0.10000000149011612
252.314,1.0,9.807812308230334,0.10000000149011612
252.367,1.0,9.615331591645049,0.10000000149011612
252.418,1.0,9.972615063149068,0.14142273366451263
252.464,1.0,9.835137583832774,0.10000000149011612
252.518,1.0,9.890098508468105,0.10000000149011612
252.564,1.0,9.835115050296817,0.10000000149011612
252.621,1.0,9.890132190742426,0.10000000149011612
252.664,1.0,9.862692568285597,0.10000000149011612
252.715,1.0,9.835310919582843,0.10000000149011612
252.769,1.0,9.697954100556672,0.10000000149011612
252.818,1.0,9.725246207064224,0.10000000149011612
252.872,1.0,9.890127100505763,0.10000000149011612
252.92,1.0,9.75269221458584,0.10000000149011612
252.967,1.0,9.945139984000061,0.10312636196613312
253.021,1.0,9.697949675035973,0.10000000149011612
253.079,1.0,9.890178816103273,0.10000000149011612
253.122,1.0,9.78020967737668,0.10000000149011612
253.173,1.0,9.78032114578204,0.10000000149011612
253.221,1.0,9.642629865494866,0.10000000149011612
253.274,1.0,9.917748551049995,0.10000000149011612
253.323,1.0,9.835170093551278,0.10000000149011612
253.376,1.0,9.72551131364372,0.10000000149011612
253.43,1.0,9.725194105216199,0.10000000149011612
253.486,1.0,9.75272053660204,0.10000000149011612
253.528,1.0,9.835218739613063,0.10000000149011612
253.576,1.0,9.752682924312023,0.10000000149011612
253.623,1.0,9.807635863394372,0.10000000149011612
253.672,1.0,9.697846834630601,0.10000000149011612
253.724,1.0,9.780321486894454,0.10000000149011612
253.773,1.0,9.80788548241059,0.10000000149011612
253.823,1.0,9.7251735681254,0.10000000149011612
253.875,1.0,9.862673626508977,0.10000000149011612
253.923,1.0,9.697857013758686,0.10000000149011612
253.973,1.0,9.945097078445057,0.10000000149011612
254.03,1.0,9.890075651038853,0.10000000149011612
254.078,1.0,9.725289767815006,0.10000000149011612
254.129,1.0,9.835101826675237,0.10000000149011612
254.181,1.0,9.83521866152684,0.10000000149011612
254.226,1.0,9.917554871054987,0.10000000149011612
254.276,1.0,9.917628571515282,0.10000000149011612
254.326,1.0,9.752814922212727,0.10000000149011612
254.376,1.0,9.862820138264862,0.10000000149011612
254.426,1.0,9.69789317978753,0.10000000149011612
254.476,1.0,9.83519269635694,0.10000000149011612
254.527,1.0,9.890222699484891,0.10000000149011612
254.576,1.0,9.83537699131088,0.10000000149011612
254.626,1.0,9.862562505404155,0.10000000149011612
254.676,1.0,9.780441000271175,0.10000000149011612
254.726,1.0,9.780310100172128,0.10000000149011612
254.776,1.0,9.72541640057332,0.10000000149011612
254.826,1.0,9.752658052721785,0.10000000149011612
254.876,1.0,9.835168735351827,0.10000000149011612
254.926,1.0,9.752779598761764,0.10000000149011612
254.975,1.0,9.835019957501855,0.10000000149011612
255.026,1.0,9.752868415104846,0.10000000149011612
255.076,1.0,9.697899290546776,0.10000000149011612
255.126,1.0,9.78012209698144,0.10000000149011612
255.176,1.0,9.69779861304495,0.10000000149011612
255.226,1.0,9.78038375787437,0.10000000149011612
255.276,1.0,9.807883248374694,0.10000000149011612
255.326,1.0,9.862667307609485,0.10000000149011612
255.376,1.0,9.890132840370967,0.10000000149011612
255.426,1.0,9.725414953442911,0.10000000149011612
255.476,1.0,9.862509300207925,0.10000000149011612
255.526,1.0,9.807597009858323,0.10000000149011612
255.576,1.0,9.945033296652966,0.10000000149011612
255.626,1.0,9.86257216475076,0.10000000149011612
255.676,1.0,9.64296604467349,0.10000000149011612
255.725,1.0,9.80784251898941,0.10000000149011612
255.776,1.0,9.945085692591965,0.10000000149011612
255.826,1.0,9.862731525798639,0.10000000149011612
255.876,1.0,9.780576102125147,0.10000000149011612
255.926,1.0,9.752773186419573,0.10000000149011612
255.976,1.0,9.780338730207747,0.10000000149011612
256.026,1.0,9.807817908500631,0.10000000149011612
256.076,1.0,9.61540171412958,0.10000000149011612
256.126,1.0,9.890156077862613,0.10000000149011612
256.176,1.0,9.835088217237757,0.10000000149011612
256.226,1.0,9.862650187375644,0.10000000149011612
256.276,1.0,9.835241463180218,0.10000000149011612
256.326,1.0,9.670618456436529,0.10000000149011612
256.376,1.0,9.83525098423577,0.10000000149011612
256.426,1.0,9.807671336063908,0.10000000149011612
256.476,1.0,9.72528323856079,0.10000000149011612
256.526,1.0,9.835433108152614,0.10000000149011612
256.576,1.0,9.807560076316198,0.10000000149011612
256.626,1.0,9.752815295652383,0.10000000149011612
256.675,1.0,9.890141975238091,0.10000000149011612
256.726,1.0,9.780390788180133,0.10000000149011612
256.776,1.0,9.91762365516689,0.10000000149011612
256.826,1.0,9.780438992588056,0.10000000149011612
256.876,1.0,9.807652296250065,0.10000000149011612
256.925,1.0,9.75281262708207,0.10000000149011612
256.976,1.0,9.917562267267042,0.10000000149011612
257.026,1.0,9.83518135920167,0.10000000149011612
257.076,1.0,9.890282558753258,0.10000000149011612
257.126,1.0,9.862808881037765,0.10449165105819702
257.175,1.0,9.780244694567388,0.10000000149011612
257.226,1.0,9.917672467376622,0.10000000149011612
257.276,1.0,9.917563407764666,0.10000000149011612
257.325,1.0,9.835085250044035,0.10000000149011612
257.376,1.0,9.78010678069873,0.10000000149011612
257.426,1.0,9.862566092217135,0.10000000149011612
257.476,1.0,9.917758944196006,0.10590934008359909
257.526,1.0,9.725481518109639,0.10000000149011612
257.576,1.0,9.697930029696888,0.10000000149011612
257.626,1.0,9.890225389144486,0.10546494275331497
257.675,1.0,9.890202145278455,0.10000000149011612
257.726,1.0,9.780345615351365,0.10000000149011612
257.776,1.0,9.725307994936076,0.10000000149011612
257.826,1.0,9.807546555126708,0.10000000149011612
257.876,1.0,9.835067759433555,0.10000000149011612
257.927,1.0,9.807770100670556,0.10000000149011612
257.976,1.0,9.780365079206724,0.10000000149011612
258.026,1.0,9.670451474582983,0.10000000149011612
258.076,1.0,9.75272437957012,0.10000000149011612
258.126,1.0,9.64335705232289,0.10000000149011612
258.176,1.0,9.917708914830452,0.10000000149011612
258.226,1.0,9.945000000008278,0.10000000149011612
258.276,1.0,9.725298607639141,0.10000000149011612
258.326,1.0,9.91765901547753,0.10000000149011612
258.375,1.0,9.807725627347827,0.10000000149011612
258.426,1.0,9.83516583364043,0.10000000149011612
258.476,1.0,9.835125632315046,0.10000000149011612
258.526,1.0,9.89021022597121,0.10000000149011612
258.576,1.0,9.725276961674293,0.10000000149011612
258.626,1.0,9.752600167319178,0.10000000149011612
258.676,1.0,9.835226171649992,0.10000000149011612
258.726,1.0,9.862808927334845,0.1052003800868988
258.777,1.0,9.780396113358439,0.10000000149011612
258.826,1.0,9.83527797744092,0.10000000149011612
258.876,1.0,9.862737622463868,0.10000000149011612
258.926,1.0,9.835162674283815,0.10000000149011612
258.976,1.0,9.835144277641342,0.10000000149011612
259.026,1.0,9.780360528888801,0.10000000149011612
259.075,1.0,9.835058602897657,0.10000000149011612
259.126,1.0,9.725168328111371,0.10000000149011612
259.176,1.0,9.78009219388995,0.10000000149011612
259.226,1.0,9.862627064850596,0.10000000149011612
259.276,1.0,9.670446450842752,0.10000000149011612
259.326,1.0,9.807682841167681,0.10000000149011612
259.376,1.0,9.780069119234879,0.10000000149011612
259.426,1.0,9.807534098832143,0.10000000149011612
259.476,1.0,9.835454704488317,0.10000000149011612
259.526,1.0,9.890024595873223,0.10000000149011612
259.576,1.0,9.890000000016556,0.10000000149011612
259.627,1.0,9.890081236407989,0.10000000149011612
259.675,1.0,9.807500000028975,0.10000000149011612
259.726,1.0,9.75267369740953,0.10000000149011612
259.775,1.0,9.917746848675112,0.11402597278356552
259.826,1.0,9.780119020409055,0.10000000149011612
259.876,1.0,9.945045640526546,0.10000000149011612
259.926,1.0,9.917573989348279,0.10000000149011612
259.976,1.0,9.67046326947295,0.10000000149011612
260.026,1.0,9.752846574886805,0.10000000149011612
260.076,1.0,9.807853894639347,0.10000000149011612
260.126,1.0,9.780269824320243,0.10000000149011612
260.175,1.0,9.780386187322438,0.10000000149011612
260.226,1.0,9.780373649174969,0.10000000149011612
260.275,1.0,9.697748852169347,0.10000000149011612
260.326,1.0,9.64273855448183,0.10000000149011612
260.376,1.0,9.862662254087628,0.10000000149011612
260.425,1.0,9.752642290273474,0.10000000149011612
260.477,1.0,9.807591911612285,0.10000000149011612
260.526,1.0,9.807798220010268,0.10000000149011612
260.576,1.0,9.698006903483636,0.10000000149011612
260.626,1.0,9.697903878676394,0.10000000149011612
260.676,1.0,9.917500000012417,0.10000000149011612
260.726,1.0,9.807715163711045,0.10000000149011612
260.776,1.0,9.8627446571365,0.10000000149011612
260.826,1.0,9.725320015806291,0.10000000149011612
260.876,1.0,9.807942277110286,0.1006564199924469
260.926,1.0,9.835286367519034,0.10000000149011612
260.976,1.0,9.807662594483958,0.10000000149011612
261.026,1.0,9.862500000020695,0.10000000149011612
261.076,1.0,9.917626637634303,0.10000000149011612
261.126,1.0,9.835401951935555,0.10000000149011612
261.176,1.0,9.752605760200984,0.10000000149011612
261.225,1.0,9.78030415787879,0.10000000149011612
261.276,1.0,9.67060671231399,0.10000000149011612
261.326,1.0,9.725199171197083,0.10000000149011612
261.376,1.0,9.7255253718752,0.10000000149011612
261.425,1.0,9.780411687348451,0.10000000149011612
261.476,1.0,9.807807297073305,0.10000000149011612
261.526,1.0,9.862667418974969,0.10000000149011612
261.576,1.0,9.72551228310913,0.10000000149011612
261.626,1.0,9.752841172512207,0.10000000149011612
261.676,1.0,9.807949178376132,0.11264336109161377
261.726,1.0,9.725226426021093,0.10000000149011612
261.776,1.0,9.83535827236871,0.10000000149011612
261.826,1.0,9.86259031680723,0.10000000149011612
261.876,1.0,9.752782083095775,0.10000000149011612
261.926,1.0,9.725283225542968,0.10000000149011612
261.976,1.0,9.807670545847051,0.10000000149011612
262.025,1.0,9.917531520852613,0.10000000149011612
262.076,1.0,9.80767475720495,0.10000000149011612
262.126,1.0,9.86265769712627,0.10000000149011612
262.176,1.0,9.752951768806412,0.10000000149011612
262.226,1.0,9.80772168154104,0.10000000149011612
262.276,1.0,9.587719949686694,0.10000000149011612
262.326,1.0,9.69792925970008,0.10000000149011612
262.376,1.0,9.780471207139392,0.10000000149011612
262.426,1.0,9.752957819588483,0.10000000149011612
262.475,1.0,9.83527300119814,0.10000000149011612
262.529,1.0,9.780149531074697,0.10000000149011612
262.576,1.0,9.917736202437016,0.1256706267595291
262.628,1.0,9.780312883005374,0.10000000149011612
262.676,1.0,9.862734108314745,0.10000000149011612
262.728,1.0,9.752809040413963,0.10000000149011612
262.776,1.0,9.917500000012417,0.10000000149011612
262.833,1.0,9.587953944442173,0.10000000149011612
262.877,1.0,9.807930572248168,0.10000000149011612
262.924,1.0,9.725285880785021,0.10000000149011612
262.978,1.0,9.807683409750462,0.10000000149011612
263.031,1.0,9.725384231180781,0.10000000149011612
263.08,1.0,9.945000000008278,0.10000000149011612
263.128,1.0,9.835380521996154,0.10000000149011612
263.177,1.0,9.807830309929948,0.10000000149011612
263.229,1.0,9.83521970111049,0.10000000149011612
263.279,1.0,9.890304859044651,0.10000000149011612
263.332,1.0,9.78018656960792,0.10000000149011612
263.378,1.0,9.725456507152153,0.10000000149011612
263.43,1.0,9.807805430102679,0.10000000149011612
263.482,1.0,9.83516784850508,0.10000000149011612
263.535,1.0,9.807629341756304,0.10000000149011612
263.586,1.0,9.835396318179038,0.10000000149011612
263.631,1.0,9.670392181268996,0.10000000149011612
263.687,1.0,9.698042323647273,0.10000000149011612
263.731,1.0,9.75294364893602,0.10000000149011612
263.782,1.0,9.670678567824265,0.10000000149011612
263.832,1.0,9.835071066373752,0.10000000149011612
263.883,1.0,9.835331308055256,0.10000000149011612
263.937,1.0,9.835254369344977,0.10000000149011612
263.985,1.0,9.780083581784533,0.10000000149011612
264.039,1.0,9.835093948431313,0.10000000149011612
264.089,1.0,9.890127459685836,0.10000000149011612
264.14,1.0,9.862557703960274,0.10000000149011612
264.193,1.0,9.807824066032966,0.10000000149011612
264.24,1.0,9.862617411919766,0.10000000149011612
264.297,1.0,9.862500000020695,0.10000000149011612
264.34,1.0,9.862700333818793,0.10000000149011612
264.388,1.0,9.780332658295002,0.10000000149011612
264.44,1.0,9.807755698098077,0.10000000149011612
264.494,1.0,9.862661584901312,0.10000000149011612
264.541,1.0,9.780387510752512,0.10000000149011612
264.589,1.0,9.807911714062923,0.10000000149011612
264.639,1.0,9.725612799781892,0.10000000149011612
264.69,1.0,9.780252443316082,0.10000000149011612
264.74,1.0,9.917500000012417,0.10000000149011612
264.791,1.0,9.80758207678381,0.10000000149011612
264.842,1.0,9.862664993231496,0.10000000149011612
264.888,1.0,9.588078144172,0.10000000149011612
264.94,1.0,9.80761170697709,0.10000000149011612
264.991,1.0,9.78028827936699,0.10000000149011612
265.04,1.0,9.890091633672515,0.10000000149011612
265.092,1.0,9.697736469511357,0.10000000149011612
265.141,1.0,9.890149830778439,0.10000000149011612
265.191,1.0,9.807825450971723,0.10000000149011612
265.24,1.0,9.72521124424206,0.10000000149011612
265.289,1.0,9.807507715084487,0.10000000149011612
265.341,1.0,9.72534934129152,0.10000000149011612
265.392,1.0,9.862622633638482,0.10000000149011612
265.441,1.0,9.807669764384627,0.10000000149011612
265.489,1.0,9.890261311580737,0.10000000149011612
265.539,1.0,9.725276166262725,0.10000000149011612
265.589,1.0,9.835391268423862,0.10706967115402222
265.639,1.0,9.753064574756555,0.10000000149011612
265.694,1.0,9.807592347740298,0.10000000149011612
265.739,1.0,9.835221407976416,0.10000000149011612
265.792,1.0,9.83520040570034,0.10000000149011612
265.841,1.0,9.75262306963818,0.10000000149011612
265.895,1.0,9.807732161755363,0.10000000149011612
265.945,1.0,9.642790483000377,0.10000000149011612
265.996,1.0,9.807835685958464,0.10000000149011612
266.048,1.0,9.725192620149917,0.10000000149011612
266.097,1.0,9.725535322870645,0.10000000149011612
266.151,1.0,9.862791679923733,0.10000000149011612
266.198,1.0,9.890132716567152,0.10000000149011612
266.248,1.0,9.945137184258137,0.10000000149011612
266.301,1.0,9.91774300125738,0.1060299277305603
266.346,1.0,9.917782201824917,0.12930887937545776
266.396,1.0,9.862829633926351,0.10000000149011612
266.454,1.0,9.835217712612616,0.10000000149011612
266.497,1.0,9.780743952757783,0.11357289552688599
266.548,1.0,9.835269183706906,0.10000000149011612
266.598,1.0,9.780485595597161,0.10000000149011612
266.648,1.0,9.752737933500773,0.10000000149011612
266.698,1.0,9.780274922359322,0.10000000149011612
266.748,1.0,9.835313748920129,0.10000000149011612
266.798,1.0,9.807648750705024,0.10000000149011612
266.846,1.0,9.780124283188748,0.10000000149011612
266.899,1.0,9.8900735270025,0.10000000149011612
266.947,1.0,9.780322162869076,0.10000000149011612
266.996,1.0,9.807812384847137,0.10000000149011612
267.049,1.0,9.862618992788097,0.10000000149011612
267.099,1.0,9.780312396358285,0.10000000149011612
267.155,1.0,9.862807616239621,0.10000000149011612
267.2,1.0,9.83534005758249,0.10000000149011612
267.25,1.0,9.752895323435466,0.10000000149011612
267.302,1.0,9.83535544257611,0.10000000149011612
267.352,1.0,9.697797284916872,0.10000000149011612
267.401,1.0,9.752888995967805,0.10000000149011612
267.453,1.0,9.807765913651222,0.10000000149011612
267.496,1.0,9.835210351480377,0.10000000149011612
267.553,1.0,9.752882694059776,0.10000000149011612
267.602,1.0,9.862572003280123,0.10000000149011612
267.66,1.0,9.780138701986935,0.10000000149011612
267.701,1.0,9.807637252658605,0.10000000149011612
267.751,1.0,9.753047074191272,0.10000000149011612
267.804,1.0,9.890197094219426,0.10000000149011612
267.853,1.0,9.862612108037704,0.10000000149011612
267.911,1.0,9.97253518725435,0.11266741156578064
267.955,1.0,9.862680797216793,0.10000000149011612
268.008,1.0,9.862836547775402,0.10000000149011612
268.053,1.0,9.780260274828308,0.10000000149011612
268.102,1.0,9.780296649804546,0.10000000149011612
268.155,1.0,9.780596019389728,0.10000000149011612
268.203,1.0,9.972500000004139,0.10000000149011612
268.263,1.0,9.69768251704259,0.10000000149011612
268.306,1.0,9.807767409148315,0.10000000149011612
268.356,1.0,9.697835663374928,0.10000000149011612
268.408,1.0,9.807777917509277,0.10000000149011612
268.459,1.0,9.725381986238062,0.10000000149011612
268.509,1.0,9.615687632250289,0.10000000149011612
268.558,1.0,9.780356337978608,0.10000000149011612
268.616,1.0,9.91763189850996,0.10000000149011612
268.658,1.0,9.725453453573088,0.10000000149011612
268.708,1.0,9.86263577685588,0.10000000149011612
268.758,1.0,9.86251187444561,0.10000000149011612
268.813,1.0,9.697924925511082,0.10000000149011612
268.861,1.0,9.862716581341292,0.10000000149011612
268.912,1.0,9.697706123400065,0.10000000149011612
268.961,1.0,9.835247344999678,0.10000000149011612
269.01,1.0,9.752843174400429,0.10000000149011612
269.074,1.0,9.890119985553126,0.10000000149011612
269.114,1.0,9.862558113535245,0.10000000149011612
269.163,1.0,9.862517283029026,0.10000000149011612
269.214,1.0,9.835309908000959,0.10000000149011612
269.263,1.0,9.917585105242,0.10000000149011612
269.314,1.0,9.698027102359466,0.10000000149011612
269.365,1.0,9.61558797487782,0.10000000149011612
269.417,1.0,9.807764707091781,0.10000000149011612
269.466,1.0,9.862789282720122,0.10000000149011612
269.514,1.0,9.780085612874892,0.10000000149011612
269.567,1.0,9.780109629676573,0.10000000149011612
269.612,1.0,9.670644895670314,0.10000000149011612
269.664,1.0,9.835230219695303,0.10000000149011612
269.713,1.0,9.945000000008278,0.10000000149011612
269.77,1.0,9.725273127150205,0.10000000149011612
269.818,1.0,9.807808754344782,0.10000000149011612
269.867,1.0,9.752975835050973,0.10000000149011612
269.918,1.0,9.698256265868743,0.10000000149011612
269.963,1.0,9.725372705877655,0.10000000149011612
270.019,1.0,9.752873235733972,0.10000000149011612
270.063,1.0,9.835081490915682,0.10000000149011612
270.113,1.0,9.835377544723451,0.10000000149011612
270.164,1.0,9.697931910264824,0.10000000149011612
270.215,1.0,9.697904057345456,0.10000000149011612
270.264,1.0,9.670760365761817,0.10000000149011612
270.315,1.0,9.917553859514495,0.10000000149011612
270.365,1.0,9.862623337159555,0.10000000149011612
270.421,1.0,9.752910910215643,0.10000000149011612
270.471,1.0,9.697746148808962,0.10000000149011612
270.52,1.0,9.807714834022853,0.10000000149011612
270.569,1.0,9.862648400850594,0.10000000149011612
270.616,1.0,9.698007496053146,0.10000000149011612
270.665,1.0,9.752641176453068,0.10000000149011612
270.721,1.0,9.945000000008278,0.10000000149011612
270.766,1.0,9.725341094637082,0.10000000149011612
270.819,1.0,9.697772409270208,0.10000000149011612
270.866,1.0,9.725556989014148,0.10000000149011612
270.918,1.0,9.752745099551976,0.10000000149011612
270.968,1.0,9.835163834773832,0.10000000149011612
271.021,1.0,9.862645150762464,0.10000000149011612
271.073,1.0,9.807767343189981,0.10000000149011612
271.118,1.0,9.80782039767752,0.10000000149011612
271.169,1.0,9.615213290105263,0.10000000149011612
271.223,1.0,9.642771560077867,0.10000000149011612
271.275,1.0,9.807777861236698,0.10000000149011612
271.321,1.0,9.862502685789433,0.10000000149011612
271.371,1.0,9.807783319200906,0.10000000149011612
271.423,1.0,9.835293933831982,0.10000000149011612
271.472,1.0,9.670606928649876,0.10000000149011612
271.521,1.0,9.725431405897769,0.10000000149011612
271.572,1.0,9.752660227670438,0.10000000149011612
271.623,1.0,9.862598809310132,0.10000000149011612
271.673,1.0,9.835317951896124,0.10000000149011612
271.729,1.0,9.698087491902212,0.10000000149011612
271.771,1.0,9.945028774730034,0.10000000149011612
271.822,1.0,9.78033643193129,0.10000000149011612
271.871,1.0,9.917565458971593,0.10000000149011612
271.922,1.0,9.835208681805266,0.10000000149011612
271.971,1.0,9.807714864756498,0.10000000149011612
272.021,1.0,9.835371088753972,0.10000000149011612
272.08,1.0,9.780331835626727,0.10000000149011612
272.123,1.0,9.890000000016556,0.10000000149011612
272.172,1.0,9.89002125857191,0.10000000149011612
272.227,1.0,9.91751294725885,0.10000000149011612
272.28,1.0,9.945145033403403,0.1052296981215477
272.323,1.0,9.945000000008278,0.10000000149011612
272.363,1.0,9.807728767850334,0.10000000149011612
272.423,1.0,9.725220455312067,0.10000000149011612
272.473,1.0,9.697823496162892,0.10000000149011612
272.529,1.0,9.917562364000414,0.10000000149011612
272.574,1.0,9.890177850011323,0.10000000149011612
272.625,1.0,9.807870290966498,0.10000000149011612
272.673,1.0,9.890109424272346,0.10000000149011612
272.733,1.0,9.807866729112963,0.10000000149011612
272.777,1.0,9.752874130672879,0.10000000149011612
272.825,1.0,9.917510397421816,0.10000000149011612
272.88,1.0,9.807681325326364,0.10000000149011612
272.926,1.0,9.807699937125047,0.10000000149011612
272.974,1.0,9.890196298518115,0.10000000149011612
273.025,1.0,9.835132751924297,0.10000000149011612
273.078,1.0,9.807796843246454,0.10000000149011612
273.131,1.0,9.89020007447236,0.10000000149011612
273.178,1.0,9.697797207492922,0.10000000149011612
273.228,1.0,9.917635290076335,0.10000000149011612
273.276,1.0,9.780455211177468,0.10000000149011612
273.331,1.0,9.86281405498998,0.10000000149011612
273.382,1.0,9.725665928961503,0.10000000149011612
273.43,1.0,9.752993648519947,0.10000000149011612
273.486,1.0,9.917730697120229,0.1169566959142685
273.528,1.0,9.862829843411843,0.10000000149011612
273.578,1.0,9.89011609899915,0.10000000149011612
273.635,1.0,9.780323844837646,0.10000000149011612
273.678,1.0,9.780242939251993,0.10000000149011612
273.733,1.0,9.752850438074933,0.10000000149011612
273.78,1.0,9.753012558755776,0.10000000149011612
273.827,1.0,9.752921050393747,0.10000000149011612
273.88,1.0,9.780243162107137,0.10000000149011612
273.94,1.0,9.78007213289125,0.10000000149011612
273.978,1.0,9.862691777261595,0.10000000149011612
274.027,1.0,9.91752149063266,0.10000000149011612
274.079,1.0,9.80770601241125,0.10000000149011612
274.14,1.0,9.80782100295441,0.10000000149011612
274.18,1.0,9.89009358909809,0.10000000149011612
274.23,1.0,9.917616019853288,0.10000000149011612
274.285,1.0,9.78013883591112,0.10000000149011612
274.327,1.0,9.807787101529538,0.10000000149011612
274.38,1.0,9.752615101801025,0.10000000149011612
274.429,1.0,9.835285513641105,0.10000000149011612
274.481,1.0,9.835078259309133,0.10000000149011612
274.529,1.0,9.725366078213685,0.10000000149011612
274.583,1.0,9.780310715693567,0.10000000149011612
274.631,1.0,9.835207267271148,0.10000000149011612
274.682,1.0,9.86275386294971,0.10000000149011612
274.731,1.0,9.807759753800928,0.10000000149011612
274.783,1.0,9.917669055983424,0.10000000149011612
274.833,1.0,9.698025738075376,0.10000000149011612
274.883,1.0,9.780017543646197,0.10000000149011612
274.934,1.0,9.780288193312783,0.10000000149011612
274.989,1.0,9.890098611182637,0.10000000149011612
275.035,1.0,9.835429091461831,0.10000000149011612
275.085,1.0,9.78026302214712,0.10000000149011612
275.135,1.0,9.752675298063291,0.10000000149011612
275.191,1.0,9.78028781345735,0.10000000149011612
275.238,1.0,9.890110308904614,0.10000000149011612
275.286,1.0,9.835084087091188,0.10000000149011612
275.341,1.0,9.91757385879755,0.10000000149011612
275.385,1.0,9.835292782820762,0.10000000149011612
275.438,1.0,9.808039139335355,0.1003841981291771
275.492,1.0,9.862673003454175,0.10000000149011612
275.536,1.0,9.780149080211089,0.10000000149011612
275.589,1.0,9.752720249671903,0.10000000149011612
275.636,1.0,9.780110133625566,0.10000000149011612
275.69,1.0,9.807631021924317,0.10000000149011612
275.736,1.0,9.780114042407108,0.10000000149011612
275.786,1.0,9.752676950208842,0.10000000149011612
275.841,1.0,9.75263293488986,0.10000000149011612
275.886,1.0,9.835251292213798,0.10000000149011612
275.937,1.0,9.725358131527901,0.10000000149011612
275.989,1.0,9.752668303685883,0.10000000149011612
276.036,1.0,9.862578808247216,0.10000000149011612
276.086,1.0,9.72539741249962,0.10000000149011612
276.138,1.0,9.86273912785368,0.10000000149011612
276.187,1.0,9.80766315586451,0.10000000149011612
276.24,1.0,9.807791154148678,0.10000000149011612
276.286,1.0,9.670504800478618,0.10000000149011612
276.336,1.0,9.780135383105112,0.10000000149011612
276.386,1.0,9.697806382158564,0.10000000149011612
276.438,1.0,9.615416123531759,0.10000000149011612
276.486,1.0,9.780481091286573,0.10000000149011612
276.535,1.0,9.890126694200767,0.10000000149011612
276.593,1.0,9.780453065451649,0.10000000149011612
276.636,1.0,9.807719327488707,0.10000000149011612
276.685,1.0,9.835253024535875,0.10000000149011612
276.737,1.0,9.780207611475554,0.10000000149011612
276.789,1.0,9.78070256906665,0.10000000149011612
276.838,1.0,9.752884476404223,0.10000000149011612
276.888,1.0,9.780183182035882,0.10000000149011612
276.939,1.0,9.807657726771302,0.10000000149011612
276.988,1.0,9.780303181190458,0.10000000149011612
277.038,1.0,9.807630849588248,0.10000000149011612
277.087,1.0,9.80798112789376,0.10000000149011612
277.139,1.0,9.86283296673662,0.10000000149011612
277.192,1.0,9.725241064632105,0.10000000149011612
277.237,1.0,9.917566150054336,0.10000000149011612
277.287,1.0,9.835125978353123,0.10000000149011612
277.34,1.0,9.780169025166995,0.10000000149011612
277.389,1.0,9.67031989062412,0.10000000149011612
277.443,1.0,9.807932271497945,0.10000000149011612
277.49,1.0,9.890174677285055,0.10000000149011612
277.547,1.0,9.862645051069558,0.10000000149011612
277.591,1.0,9.780303012828032,0.10000000149011612
277.647,1.0,9.725237932801246,0.10000000149011612
277.691,1.0,9.945064036920666,0.10140110552310944
277.736,1.0,9.917673063547246,0.10000000149011612
277.79,1.0,9.72533153326561,0.10000000149011612
277.849,1.0,9.835131855371097,0.10000000149011612
277.89,1.0,9.752584347046083,0.10000000149011612
277.943,1.0,9.807609062062369,0.10000000149011612
277.992,1.0,9.752902035704917,0.10000000149011612
278.04,1.0,9.725474948187669,0.10000000149011612
278.095,1.0,9.752930369269517,0.10000000149011612
278.14,1.0,9.890069678901797,0.10000000149011612
278.191,1.0,9.6980195324661,0.10000000149011612
278.24,1.0,9.890000000016556,0.10000000149011612
278.29,1.0,9.670741662548648,0.10000000149011612
278.34,1.0,9.725174975850516,0.10000000149011612
278.391,1.0,9.725215183508892,0.10000000149011612
278.445,1.0,9.780291987189816,0.10000000149011612
278.49,1.0,9.752969250538284,0.10000000149011612
278.541,1.0,9.86271309548368,0.10000000149011612
278.594,1.0,9.807689211931493,0.10000000149011612
278.64,1.0,9.807693443012734,0.10000000149011612
278.694,1.0,9.780390989263024,0.10000000149011612
278.74,1.0,9.807641988516682,0.10000000149011612
278.79,1.0,9.752642572464215,0.10000000149011612
278.842,1.0,9.835370898184676,0.10000000149011612
278.89,1.0,9.697856219154264,0.10000000149011612
278.94,1.0,9.697886304308971,0.10000000149011612
278.99,1.0,9.86263719112095,0.10000000149011612
279.051,1.0,9.835281377865208,0.10000000149011612
279.101,1.0,9.835173701950245,0.10000000149011612
279.159,1.0,9.69785662672172,0.10000000149011612
279.194,1.0,9.83528330123259,0.10000000149011612
279.253,1.0,9.780310756940809,0.10000000149011612
279.298,1.0,9.780397619472609,0.10000000149011612
279.345,1.0,9.890071396032969,0.10000000149011612
279.394,1.0,9.807678122984038,0.10000000149011612
279.448,1.0,9.697775920997891,0.10000000149011612
279.494,1.0,9.807713048615389,0.10000000149011612
279.546,1.0,9.780384502042498,0.10000000149011612
279.594,1.0,9.78031722812189,0.10000000149011612
279.651,1.0,9.780118059553207,0.10000000149011612
279.694,1.0,9.890220896258123,0.10000000149011612
279.746,1.0,9.780333538912236,0.10000000149011612
279.796,1.0,9.725416264103519,0.10000000149011612
279.846,1.0,9.698112122259205,0.10000000149011612
279.896,1.0,9.83514134010507,0.10000000149011612
279.944,1.0,9.917569115426804,0.10000000149011612
279.995,1.0,9.752748735021386,0.10000000149011612
280.047,1.0,9.780465107700891,0.10000000149011612
280.094,1.0,9.890226628113952,0.10000000149011612
280.145,1.0,9.780442456280191,0.10000000149011612
280.195,1.0,9.752741196730899,0.10000000149011612
280.246,1.0,9.862818024431666,0.10000000149011612
280.294,1.0,9.835392455094391,0.10000000149011612
280.345,1.0,9.917515675764944,0.10000000149011612
280.403,1.0,9.862670145783987,0.10000000149011612
280.446,1.0,9.835202981779974,0.10000000149011612
280.499,1.0,9.698053384241131,0.10000000149011612
280.548,1.0,9.67025141865015,0.10000000149011612
280.598,1.0,9.670303128307893,0.10000000149011612
280.652,1.0,9.890179037965007,0.10000000149011612
280.7,1.0,9.890157798822555,0.10000000149011612
280.751,1.0,9.807589011597965,0.10000000149011612
280.799,1.0,9.917503772469031,0.10000000149011612
280.858,1.0,9.670410071561735,0.10000000149011612
280.9,1.0,9.917576887831093,0.10000000149011612
280.952,1.0,9.86268350949718,0.10000000149011612
281.007,1.0,9.862689679260884,0.10000000149011612
281.055,1.0,9.8076623186883,0.10000000149011612
281.112,1.0,9.780094747141831,0.10000000149011612
281.159,1.0,9.69794446002278,0.10000000149011612
281.208,1.0,9.75266978378511,0.10000000149011612
281.259,1.0,9.780328500415717,0.10000000149011612
281.308,1.0,9.972586701851752,0.13121266663074493
281.357,1.0,9.862707507631017,0.10000000149011612
281.411,1.0,9.752947023676501,0.10000000149011612
281.457,1.0,9.780233901242415,0.10000000149011612
281.502,1.0,9.780312618571852,0.10000000149011612
281.557,1.0,9.890051763214998,0.10000000149011612
281.61,1.0,9.835172089023722,0.10000000149011612
281.66,1.0,9.835000000024836,0.10000000149011612
281.712,1.0,9.72536717829191,0.10000000149011612
281.762,1.0,9.89023219657441,0.10000000149011612
281.809,1.0,9.917619444264306,0.10000000149011612
281.861,1.0,9.780519400702582,0.10000000149011612
281.92,1.0,9.835146916699077,0.10000000149011612
281.969,1.0,9.752686023029188,0.10000000149011612
282.02,1.0,9.890192852107187,0.10000000149011612
282.067,1.0,9.780204164298873,0.10000000149011612
282.117,1.0,9.86266106273979,0.10000000149011612
282.165,1.0,9.670360742261012,0.10000000149011612
282.217,1.0,9.917624156466788,0.10000000149011612
282.282,1.0,9.862718297851583,0.10000000149011612
282.325,1.0,9.752866469220155,0.10000000149011612
282.374,1.0,9.725292447395622,0.10000000149011612
282.421,1.0,9.752890536954833,0.10000000149011612
282.469,1.0,9.807787412094573,0.10000000149011612
282.523,1.0,9.917603052780033,0.10000000149011612
282.569,1.0,9.835177966766059,0.10000000149011612
282.62,1.0,9.752587460685108,0.10000000149011612
282.673,1.0,9.80775854461309,0.10000000149011612
282.72,1.0,9.80786377172917,0.10000000149011612
282.77,1.0,9.725183168219196,0.10000000149011612
282.819,1.0,9.890107962613305,0.10000000149011612
282.869,1.0,9.807587654743758,0.10000000149011612
282.919,1.0,9.780231813527644,0.10000000149011612
282.969,1.0,9.642982730952403,0.10000000149011612
283.021,1.0,9.752646441136797,0.10000000149011612
283.075,1.0,9.80787196289748,0.10000000149011612
283.117,1.0,9.752746593952178,0.10000000149011612
283.17,1.0,9.835238961564999,0.10000000149011612
283.221,1.0,9.780428375096784,0.10000000149011612
283.271,1.0,9.835206877440214,0.10000000149011612
283.324,1.0,9.752955147686103,0.10000000149011612
283.374,1.0,9.835246390269862,0.10000000149011612
283.423,1.0,9.83532697001679,0.10000000149011612
283.477,1.0,9.752861922254993,0.10000000149011612
283.522,1.0,9.780226561137372,0.10000000149011612
283.573,1.0,9.862625367153022,0.10000000149011612
283.623,1.0,9.642822059947584,0.10000000149011612
283.677,1.0,9.835197440865967,0.10000000149011612
283.722,1.0,9.835277415708536,0.10000000149011612
283.781,1.0,9.835223313338227,0.10000000149011612
283.823,1.0,9.890026942143837,0.10000000149011612
283.872,1.0,9.780246593554814,0.10000000149011612
283.927,1.0,9.890079859747654,0.10000000149011612
283.977,1.0,9.697775981802907,0.10000000149011612
284.024,1.0,9.725305213199722,0.10000000149011612
284.074,1.0,9.890124262827966,0.10000000149011612
284.129,1.0,9.917508972249925,0.10000000149011612
284.176,1.0,9.75277002412412,0.10000000149011612
284.228,1.0,9.75280509913961,0.10000000149011612
284.274,1.0,9.890187942547103,0.10282440483570099
284.325,1.0,9.890259751594728,0.10919195413589478
284.376,1.0,9.725321706115372,0.10000000149011612
284.42,1.0,9.78050745613873,0.10000000149011612
284.48,1.0,9.78019830690076,0.10000000149011612
284.539,1.0,9.862584948912263,0.10000000149011612
284.578,1.0,9.725436422642733,0.10000000149011612
284.634,1.0,9.725281353998515,0.10000000149011612
284.679,1.0,9.807601649790174,0.10000000149011612
284.73,1.0,9.835238264087174,0.10000000149011612
284.78,1.0,9.807744608384867,0.10000000149011612
284.833,1.0,9.7802841320013,0.10000000149011612
284.881,1.0,9.670334610280891,0.10000000149011612
284.933,1.0,9.780545097982717,0.10000000149011612
284.98,1.0,9.752652879866462,0.10000000149011612
285.032,1.0,9.862597463445532,0.10000000149011612
285.078,1.0,9.642896559379167,0.10000000149011612
285.128,1.0,9.780138714963364,0.10000000149011612
285.18,1.0,9.835076968351173,0.10000000149011612
285.228,1.0,9.752785955245296,0.10000000149011612
285.278,1.0,9.862605340157947,0.10000000149011612
285.328,1.0,9.83528152441399,0.10000000149011612
285.377,1.0,9.807805742551055,0.10000000149011612
285.429,1.0,9.807775606525441,0.10000000149011612
285.479,1.0,9.780280030332506,0.10000000149011612
285.529,1.0,9.78038593667249,0.10000000149011612
285.578,1.0,9.862706291841135,0.10000000149011612
285.629,1.0,9.807582438633673,0.10000000149011612
285.684,1.0,9.725259711055292,0.10000000149011612
285.733,1.0,9.752737607455089,0.10000000149011612
285.778,1.0,9.670742675268816,0.10000000149011612
285.832,1.0,9.862815546637608,0.10000000149011612
285.879,1.0,9.890135808475316,0.10000000149011612
285.929,1.0,9.780235030377904,0.10000000149011612
285.975,1.0,9.890089745488432,0.10000000149011612
286.029,1.0,9.835292862169444,0.10000000149011612
286.078,1.0,9.835220132416321,0.10000000149011612
286.135,1.0,9.698229955281649,0.10000000149011612
286.178,1.0,9.917578852031793,0.10000000149011612
286.233,1.0,9.725187899399963,0.10000000149011612
286.281,1.0,9.890025162614053,0.10000000149011612
286.332,1.0,9.862564600942035,0.10000000149011612
286.379,1.0,9.725630060335,0.10000000149011612
286.431,1.0,9.752833344704575,0.10000000149011612
286.48,1.0,9.807806944474578,0.10000000149011612
286.53,1.0,9.75312440858947,0.10000000149011612
286.58,1.0,9.615299800617827,0.10000000149011612
286.638,1.0,9.807749073435035,0.10000000149011612
286.685,1.0,9.835100645054546,0.10000000149011612
286.741,1.0,9.780236843104165,0.10000000149011612
286.786,1.0,9.752959211294849,0.10000000149011612
286.835,1.0,9.752690863340264,0.10000000149011612
286.891,1.0,9.670187605710494,0.10000000149011612
286.938,1.0,9.80773913572646,0.10000000149011612
286.996,1.0,9.917663958627317,0.10000000149011612
287.037,1.0,9.752691194228827,0.10000000149011612
287.095,1.0,9.780335120525624,0.10000000149011612
287.143,1.0,9.835190596017572,0.10000000149011612
287.192,1.0,9.917585002962086,0.10000000149011612
287.243,1.0,9.835174937691125,0.10000000149011612
287.293,1.0,9.890114932238228,0.10000000149011612
287.344,1.0,9.697740471073322,0.10000000149011612
287.395,1.0,9.780221556685865,0.10000000149011612
287.443,1.0,9.752844585292042,0.10000000149011612
287.492,1.0,9.890000000016556,0.10000000149011612
287.542,1.0,9.890241932144596,0.10020014643669128
287.593,1.0,9.945000000008278,0.10000000149011612
287.648,1.0,9.725158186794983,0.10000000149011612
287.697,1.0,9.6976643036844,0.10000000149011612
287.742,1.0,9.670518316225046,0.10000000149011612
287.792,1.0,9.698053041576511,0.10000000149011612
287.843,1.0,9.807933565932844,0.10000000149011612
287.891,1.0,9.890211117971274,0.10861804336309433
287.942,1.0,9.752714676016735,0.10000000149011612
287.993,1.0,9.780249867257144,0.10000000149011612
288.049,1.0,9.780254182757602,0.10000000149011612
288.092,1.0,9.75275445141726,0.10000000149011612
288.141,1.0,9.807709957141842,0.10000000149011612
288.199,1.0,9.835127020792829,0.10000000149011612
288.251,1.0,9.917714821692142,0.10000000149011612
288.297,1.0,9.719897126385735,0.10000000149011612
288.346,1.0,9.692333206906914,0.10000000149011612
288.4,1.0,9.69232912345065,0.10000000149011612
288.446,1.0,9.582675877979232,0.10000000149011612
288.496,1.0,9.801986555900012,0.10000000149011612
288.55,1.0,9.719834118874537,0.10000000149011612
288.596,1.0,9.66485003742079,0.10000000149011612
288.649,1.0,9.687743074198563,0.10000000149011612
288.708,1.0,9.719709461223747,0.10000000149011612
288.757,1.0,9.813672997450663,0.10000000149011612
288.809,1.0,9.67646283681194,0.10000000149011612
288.858,1.0,9.554767546450925,0.10000000149011612
288.909,1.0,9.527360397121972,0.10000000149011612
288.958,1.0,9.774481729811264,0.10000000149011612
289.008,1.0,9.774700189650886,0.10000000149011612
289.061,1.0,9.703758439028428,0.10000000149011612
289.105,1.0,9.774701615298788,0.10000000149011612
289.159,1.0,9.71987558812317,0.10000000149011612
289.214,1.0,9.774605216706792,0.10000000149011612
289.262,1.0,9.554840647222267,0.10000000149011612
289.313,1.0,9.758703484862215,0.10000000149011612
289.362,1.0,9.747426368296146,0.10000000149011612
289.412,1.0,9.648707797585262,0.10000000149011612
289.461,1.0,9.71950869663722,0.10000000149011612
289.511,1.0,9.664741562617321,0.10000000149011612
289.569,1.0,9.719673687302404,0.10000000149011612
289.612,1.0,9.774726721623706,0.10000000149011612
289.662,1.0,9.566465870539348,0.10000000149011612
289.716,1.0,9.621226005297569,0.10000000149011612
289.762,1.0,9.692199171500073,0.10000000149011612
289.812,1.0,9.692243314348161,0.10000000149011612
289.864,1.0,9.731599673111406,0.10000000149011612
289.911,1.0,9.747043103207316,0.10000000149011612
289.963,1.0,9.786093775948716,0.10000000149011612
290.015,1.0,9.802099414873455,0.10000000149011612
290.065,1.0,9.61015517939296,0.10000000149011612
290.111,1.0,9.637361746964356,0.10000000149011612
290.167,1.0,9.566320346171658,0.10000000149011612
290.212,1.0,9.720053494224945,0.10000000149011612
290.267,1.0,9.719391624422537,0.10000000149011612
290.318,1.0,9.664704576031202,0.10000000149011612
290.37,1.0,9.81353677575373,0.10000000149011612
290.419,1.0,9.78626583216505,0.10000000149011612
290.467,1.0,9.719535856631895,0.10000000149011612
290.517,1.0,9.73109450739705,0.10000000149011612
290.571,1.0,9.80186470521407,0.10000000149011612
290.618,1.0,9.719502992058795,0.10000000149011612
290.675,1.0,9.691948190517724,0.10000000149011612
290.717,1.0,9.63696441176451,0.10000000149011612
290.776,1.0,9.609786596211295,0.10000000149011612
290.817,1.0,9.692157644819883,0.10000000149011612
290.866,1.0,9.719700027339988,0.10000000149011612
290.918,1.0,9.692283869990044,0.10000000149011612
290.966,1.0,9.692233279119764,0.10000000149011612
291.017,1.0,9.731368609083196,0.10000000149011612
291.067,1.0,9.55470025504215,0.10000000149011612
291.116,1.0,9.621407905531425,0.10000000149011612
291.166,1.0,9.41747749791377,0.10000000149011612
291.217,1.0,9.692254620873266,0.10000000149011612
291.266,1.0,9.731081398203969,0.10000000149011612
291.316,1.0,9.664586494180064,0.10000000149011612
291.366,1.0,9.69228703946703,0.10000000149011612
291.417,1.0,9.55502552425282,0.10000000149011612
291.466,1.0,9.80206725558059,0.10000000149011612
291.518,1.0,9.69221079715838,0.10000000149011612
291.566,1.0,9.637525827106503,0.10000000149011612
291.617,1.0,9.719635565434064,0.10000000149011612
291.665,1.0,9.719587389048602,0.10000000149011612
291.715,1.0,9.692192924395204,0.10000000149011612
291.767,1.0,9.676287465170025,0.10000000149011612
291.821,1.0,9.802180370564262,0.10000000149011612
291.868,1.0,9.664901716510455,0.10000000149011612
291.916,1.0,9.747053262839716,0.10000000149011612
291.969,1.0,9.582499901184605,0.10000000149011612
292.019,1.0,9.69223973987003,0.10000000149011612
292.066,1.0,9.637409655418661,0.10000000149011612
292.119,1.0,9.74723617353787,0.10000000149011612
292.166,1.0,9.58254102062848,0.10000000149011612
292.217,1.0,9.774675491079687,0.10000000149011612
292.266,1.0,9.609755220678117,0.10000000149011612
292.318,1.0,9.703826676122844,0.10000000149011612
292.369,1.0,9.719909634999931,0.10000000149011612
292.415,1.0,9.747049816904797,0.10000000149011612
292.466,1.0,9.692338334996666,0.10000000149011612
292.523,1.0,9.6371648054363,0.10000000149011612
292.566,1.0,9.703704367081324,0.10000000149011612
292.618,1.0,9.71957201142278,0.10000000149011612
292.67,1.0,9.582184435716934,0.10000000149011612
292.717,1.0,9.66483626500186,0.10000000149011612
292.771,1.0,9.69199251704332,0.10000000149011612
292.816,1.0,9.747276425858338,0.10000000149011612
292.867,1.0,9.719860663720302,0.10000000149011612
292.916,1.0,9.742841149970062,0.10000000149011612
292.965,1.0,9.774637769514488,0.10000000149011612
293.017,1.0,9.692115520665215,0.10000000149011612
293.067,1.0,9.719832662348118,0.10361889004707336
293.117,1.0,9.637375754800935,0.10000000149011612
293.168,1.0,9.6213150234686,0.10000000149011612
293.216,1.0,9.692146846320894,0.10000000149011612
293.267,1.0,9.637197325606312,0.10000000149011612
293.319,1.0,9.802341236443155,0.10000000149011612
293.366,1.0,9.637189334713751,0.10000000149011612
293.416,1.0,9.719824196274082,0.10000000149011612
293.468,1.0,9.747236532490287,0.10000000149011612
293.518,1.0,9.692158735026087,0.10000000149011612
293.566,1.0,9.719851566188865,0.10000000149011612
293.616,1.0,9.692411783896386,0.10000000149011612
293.668,1.0,9.58550435602665,0.10000000149011612
293.723,1.0,9.667708393620948,0.10000000149011612
293.766,1.0,9.757446473981771,0.10000000149011612
293.818,1.0,9.64043516135878,0.10000000149011612
293.87,1.0,9.585360500195788,0.10000000149011612
293.914,1.0,9.557903224519558,0.10000000149011612
293.966,1.0,9.612634124192926,0.10000000149011612
294.021,1.0,9.443595949374139,0.10000000149011612
294.067,1.0,9.714332852574687,0.10450559109449387
294.12,1.0,9.510179997401105,0.10000000149011612
294.167,1.0,9.750271610750092,0.10000000149011612
294.217,1.0,9.56948838074588,0.10000000149011612
294.27,1.0,9.585233342357808,0.10000000149011612
294.318,1.0,9.722590591261785,0.10000000149011612
294.372,1.0,9.585091174373197,0.10000000149011612
294.419,1.0,9.667754516129692,0.10000000149011612
294.477,1.0,9.624709731505977,0.10000000149011612
294.517,1.0,9.640221656734745,0.10000000149011612
294.569,1.0,9.585494328497184,0.10000000149011612
294.622,1.0,9.565369869437482,0.10000000149011612
294.668,1.0,9.695173841363026,0.10000000149011612
294.719,1.0,9.729870589222346,0.10000000149011612
294.769,1.0,9.597050093962915,0.10000000149011612
294.819,1.0,9.640638479921552,0.10000000149011612
294.868,1.0,9.640300642574827,0.10000000149011612
294.921,1.0,9.613163979972402,0.10000000149011612
294.971,1.0,9.722818299714062,0.10000000149011612
295.019,1.0,9.663279304384357,0.10000000149011612
295.075,1.0,9.695175632875827,0.10000000149011612
295.12,1.0,9.73443405719267,0.10000000149011612
295.172,1.0,9.734274564869702,0.10000000149011612
295.223,1.0,9.584996496534181,0.10000000149011612
295.271,1.0,9.65551466844562,0.10000000149011612
295.321,1.0,9.750159071820478,0.10000000149011612
295.374,1.0,9.612768370057974,0.10000000149011612
295.423,1.0,9.58574895179934,0.10000000149011612
295.471,1.0,9.75016798660573,0.105135977268219
295.529,1.0,9.502705227252509,0.10000000149011612
295.572,1.0,9.667952504712675,0.10000000149011612
295.625,1.0,9.51120392471138,0.10000000149011612
295.675,1.0,9.804997470912834,0.10000000149011612
295.725,1.0,9.695539975207712,0.10000000149011612
295.778,1.0,9.702663727083968,0.10000000149011612
295.822,1.0,9.640270508970652,0.10000000149011612
295.872,1.0,9.592934308408035,0.10000000149011612
295.928,1.0,9.66777630744295,0.10000000149011612
295.976,1.0,9.518237266855108,0.10000000149011612
296.023,1.0,9.530484803269307,0.10000000149011612
296.077,1.0,9.668173775097562,0.10000000149011612
296.124,1.0,9.839777386188507,5.813595771789551
296.179,1.0,9.5421891392933,0.10000000149011612
296.227,1.0,9.66768914827456,0.10000000149011612
296.276,1.0,9.613169491932624,0.10000000149011612
296.326,1.0,9.64035394810554,0.10000000149011612
296.377,1.0,9.668094057672553,0.10000000149011612
296.429,1.0,9.597058582492172,0.10000000149011612
296.477,1.0,9.55822371478296,0.10000000149011612
296.526,1.0,9.67939385107408,0.10000000149011612
296.586,1.0,9.690824821011887,0.10000000149011612
296.627,1.0,9.668041723366413,0.10000000149011612
296.677,1.0,9.502937224052019,0.10000000149011612
296.727,1.0,9.652238308079541,0.10000000149011612
296.78,1.0,9.585515478522414,0.10000000149011612
296.827,1.0,9.565526497984926,0.10000000149011612
296.878,1.0,9.651624861752822,0.10000000149011612
296.931,1.0,9.69547740690824,0.10000000149011612
296.977,1.0,9.502955752611161,0.10000000149011612
297.027,1.0,9.679151400157975,0.10000000149011612
297.079,1.0,9.612810501994359,0.10000000149011612
297.132,1.0,9.585586004435187,0.10000000149011612
297.177,1.0,9.647851363879939,0.10000000149011612
297.228,1.0,9.538083393478558,0.10000000149011612
297.286,1.0,9.695141422893439,0.10000000149011612
297.336,1.0,9.530787447860671,0.10000000149011612
297.387,1.0,9.695372556149959,0.10000000149011612
297.437,1.0,9.679374893630545,0.10000000149011612
297.489,1.0,9.667687683407632,0.10000000149011612
297.534,1.0,9.785147250236736,0.10000000149011612
297.587,1.0,9.73413796969172,0.10000000149011612
297.636,1.0,9.651654132724635,0.10000000149011612
297.687,1.0,9.558098023508986,0.10000000149011612
297.735,1.0,9.734213387904068,0.10000000149011612
297.791,1.0,9.651567683513793,0.10000000149011612
297.837,1.0,9.659250986100071,0.10000000149011612
297.885,1.0,9.750200398514668,0.10000000149011612
297.938,1.0,9.667863890694248,0.10000000149011612
297.988,1.0,9.612488266680803,0.10000000149011612
298.037,1.0,9.729996037296951,0.10000000149011612
298.085,1.0,9.750225451754199,0.10000000149011612
298.138,1.0,9.777571368631389,0.10270127654075623
298.187,1.0,9.62464941326115,0.10000000149011612
298.236,1.0,9.698639211741586,0.10000000149011612
298.29,1.0,9.514516924880445,0.10000000149011612
298.336,1.0,9.612840607576072,0.10000000149011612
298.386,1.0,9.667895662619008,0.10000000149011612
298.438,1.0,9.62013749707904,0.10000000149011612
298.488,1.0,9.620709953953822,0.10000000149011612
298.539,1.0,9.620202611759305,0.10000000149011612
298.593,1.0,9.62453918490145,0.10000000149011612
298.639,1.0,9.651864558830857,0.10000000149011612
298.689,1.0,9.722658107781577,0.10812626779079437
298.744,1.0,9.69563501721455,0.10000000149011612
298.798,1.0,9.64012543157571,0.10000000149011612
298.842,1.0,9.659474809240136,0.10000000149011612
298.893,1.0,9.722714272720946,0.10000000149011612
298.946,1.0,9.510613839121328,0.10000000149011612
298.992,1.0,9.6677771822032,0.10000000149011612
299.045,1.0,9.695284893115362,0.10000000149011612
299.093,1.0,9.722654164706666,0.10000000149011612
299.142,1.0,9.66785830716706,0.10000000149011612
299.201,1.0,9.58554660125325,0.10000000149011612
299.243,1.0,9.612996925123865,0.10000000149011612
299.295,1.0,9.694866504954796,0.10000000149011612
299.342,1.0,9.561007978125579,0.10000000149011612
299.393,1.0,9.679092252357966,0.10000000149011612
299.445,1.0,9.722695309213465,0.10000000149011612
299.493,1.0,9.682862628499667,0.10000000149011612
299.546,1.0,9.557984697756668,0.10000000149011612
299.594,1.0,9.651684372954898,0.10000000149011612
299.644,1.0,9.734400784514017,0.10000000149011612
299.691,1.0,9.557772779237066,0.10000000149011612
299.749,1.0,9.675115363154974,0.10000000149011612
299.793,1.0,9.592612317059602,0.10000000149011612
299.843,1.0,9.734404075476858,0.10000000149011612
299.894,1.0,9.62471485539443,0.10000000149011612
299.948,1.0,9.585581709382435,0.10000000149011612
299.994,1.0,9.612829618797534,0.10000000149011612
300.048,1.0,9.612749976664782,0.10000000149011612
300.103,1.0,9.695130388749142,0.10000000149011612
300.146,1.0,9.613127098211812,0.10000000149011612
300.193,1.0,9.686924833866458,0.10000000149011612
300.247,1.0,9.620119483210146,0.10000000149011612
300.293,1.0,9.66787397387541,0.10000000149011612
300.344,1.0,9.639966532608701,0.10000000149011612
300.392,1.0,9.475535600280596,0.10000000149011612
300.448,1.0,9.64788502400948,0.10000000149011612
300.503,1.0,9.558024474771486,0.10000000149011612
300.546,1.0,9.679314081619184,0.10000000149011612
300.596,1.0,9.585546222515404,0.10000000149011612
300.64,1.0,9.718166364522444,0.10000000149011612
300.696,1.0,9.475626094825566,0.10000000149011612
300.746,1.0,9.585242787562311,0.10000000149011612
300.805,1.0,9.612809386808012,0.10000000149011612
300.848,1.0,9.722576878757941,0.10000000149011612
300.907,1.0,9.604096793093616,0.10000000149011612
300.943,1.0,9.639569780002866,0.10000000149011612
301.0,1.0,9.647674716119138,0.10000000149011612
301.05,1.0,9.647461643256246,0.10000000149011612
301.103,1.0,9.725713061044614,0.10000000149011612
301.15,1.0,9.777796305260724,0.13671305775642395
301.205,1.0,9.585648637947937,0.10000000149011612
301.249,1.0,9.73026584904227,0.1035541296005249
301.304,1.0,9.61254484889408,0.10000000149011612
301.348,1.0,9.667678839154542,0.10000000149011612
301.398,1.0,9.557963406087623,0.10000000149011612
301.451,1.0,9.69534170695891,0.10000000149011612
301.499,1.0,9.667463806292249,0.10000000149011612
301.549,1.0,9.647717821184132,0.10000000149011612
301.605,1.0,9.64042387281855,0.10000000149011612
301.651,1.0,9.718458681864043,0.10000000149011612
301.698,1.0,9.706812615382175,0.10000000149011612
301.75,1.0,9.585482341775464,0.10000000149011612
301.798,1.0,9.483071368249755,0.10000000149011612
301.848,1.0,9.72272582521869,0.10000000149011612
301.901,1.0,9.63198435842577,0.10000000149011612
301.947,1.0,9.565251565972964,0.10000000149011612
302.001,1.0,9.640032881084416,0.10000000149011612
302.05,1.0,9.624677867111233,0.10000000149011612
302.101,1.0,9.640419684536756,0.10000000149011612
302.152,1.0,9.510546723235812,0.10000000149011612
302.201,1.0,9.626887153026958,0.10000000149011612
302.252,1.0,9.661742534177998,0.10000000149011612
302.3,1.0,9.618463902071946,0.10000000149011612
302.358,1.0,9.583128593799968,0.10000000149011612
302.403,1.0,9.638733349078231,0.10046394169330597
302.451,1.0,9.606750107970502,0.10000000149011612
302.503,1.0,9.579094158195787,0.10000000149011612
302.553,1.0,9.681696563897033,0.10000000149011612
302.604,1.0,9.544615347807605,0.10000000149011612
302.652,1.0,9.599485705854992,0.10000000149011612
302.703,1.0,9.666125288750562,0.10000000149011612
302.758,1.0,9.654317341413762,0.10000000149011612
302.804,1.0,9.70938615931405,0.10000000149011612
302.852,1.0,9.684038825229639,0.10000000149011612
302.905,1.0,9.736482274118398,0.10000000149011612
302.952,1.0,9.571943836762673,0.10000000149011612
303.001,1.0,9.654198537642758,0.10000000149011612
303.052,1.0,9.583723335485491,0.10000000149011612
303.102,1.0,9.595007947211464,0.10000000149011612
303.158,1.0,9.681692272197042,0.10000000149011612
303.203,1.0,9.681628336860902,0.10000000149011612
303.254,1.0,9.599359321511454,0.10000000149011612
303.3,1.0,9.708957836238874,0.10000000149011612
303.352,1.0,9.652127373115055,0.10000000149011612
303.402,1.0,9.709216269478201,0.10000000149011612
303.453,1.0,9.654081432231598,0.10000000149011612
303.501,1.0,9.544697180597318,0.10000000149011612
303.55,1.0,9.681523457893896,0.10000000149011612
303.602,1.0,9.683629932564994,0.10000000149011612
303.653,1.0,9.656545099719532,0.10000000149011612
303.7,1.0,9.691657811072137,0.10000000149011612
303.748,1.0,9.629026216992902,0.10000000149011612
303.803,1.0,9.610966045492225,0.10000000149011612
303.851,1.0,9.693133642917706,0.10000000149011612
303.9,1.0,9.654468631433945,0.10000000149011612
303.954,1.0,9.583810905387832,0.10000000149011612
304.002,1.0,9.583387482414643,0.10000000149011612
304.053,1.0,9.59501434494224,0.10000000149011612
304.101,1.0,9.709212739662163,0.10000000149011612
304.151,1.0,9.641493987788756,0.10000000149011612
304.201,1.0,9.544419875492652,0.10000000149011612
304.253,1.0,9.571750133215554,0.10000000149011612
304.302,1.0,9.59905659177651,0.10000000149011612
304.354,1.0,9.736872110164,0.10000000149011612
304.405,1.0,9.551983068366017,0.10000000149011612
304.454,1.0,9.626778823530508,0.10000000149011612
304.509,1.0,9.579228536453511,0.10000000149011612
304.555,1.0,9.716580714347462,0.10000000149011612
304.609,1.0,9.599410086021654,0.10000000149011612
304.656,1.0,9.609332297142181,0.10000000149011612
304.712,1.0,9.658690037868089,0.10000000149011612
304.755,1.0,9.558147072274652,0.10000000149011612
304.801,1.0,9.58321646079421,0.10000000149011612
304.856,1.0,9.571970299113955,0.10000000149011612
304.909,1.0,9.5632687356323,0.10000000149011612
304.956,1.0,9.626915096615752,0.10000000149011612
305.005,1.0,9.665944839165443,0.10000000149011612
305.06,1.0,9.628947826371425,0.10000000149011612
305.105,1.0,9.461964099233349,0.10000000149011612
305.155,1.0,9.634084470797744,0.10000000149011612
305.205,1.0,9.540503832677173,0.10000000149011612
305.255,1.0,9.720617548355627,0.10000000149011612
305.305,1.0,9.535886308281786,0.10000000149011612
305.354,1.0,9.62676831992964,0.10000000149011612
305.405,1.0,9.629215542703038,0.10000000149011612
305.458,1.0,9.626899585479663,0.10000000149011612
305.505,1.0,9.617920177015993,0.10000000149011612
305.558,1.0,9.551590850783718,0.10000000149011612
305.609,1.0,9.74819290402035,0.10000000149011612
305.659,1.0,9.638286441047159,0.10000000149011612
305.71,1.0,9.50086997323152,0.10000000149011612
305.761,1.0,9.579285990736551,0.10000000149011612
305.818,1.0,9.67312163805796,0.10000000149011612
305.86,1.0,9.546469807914562,0.10000000149011612
305.912,1.0,9.516626874543727,0.10000000149011612
305.96,1.0,9.76412937829478,0.10000000149011612
306.01,1.0,9.665904322059617,0.10000000149011612
306.06,1.0,9.57197322199742,0.10000000149011612
306.109,1.0,9.638049498014151,0.10000000149011612
306.161,1.0,9.661646489799022,0.10000000149011612
306.211,1.0,9.57404924987091,0.10000000149011612
306.261,1.0,9.626639852672815,0.10000000149011612
306.311,1.0,9.6815278755087,0.10000000149011612
306.365,1.0,9.638501442637708,0.10000000149011612
306.413,1.0,9.517283606943156,0.10000000149011612
306.471,1.0,9.736344712351759,0.10000000149011612
306.512,1.0,9.654108939195673,0.10000000149011612
306.564,1.0,9.628874556554688,0.10000000149011612
306.622,1.0,9.736760764444869,0.11219349503517151
306.662,1.0,9.445893609916999,0.10000000149011612
306.713,1.0,9.599563413941198,0.10000000149011612
306.762,1.0,9.544557505370014,0.10000000149011612
306.818,1.0,9.62694715882341,0.10000000149011612
306.862,1.0,9.709269802313711,0.10000000149011612
306.912,1.0,9.654184466496938,0.10000000149011612
306.967,1.0,9.68165720804698,0.10000000149011612
307.014,1.0,9.627055884007778,0.10000000149011612
307.069,1.0,9.469586743145353,0.10000000149011612
307.111,1.0,9.732160471979942,0.10000000149011612
307.164,1.0,9.559055970919628,0.10000000149011612
307.216,1.0,9.627048359976875,0.10000000149011612
307.264,1.0,9.652438312396407,0.10000000149011612
307.314,1.0,9.688670145927205,0.10000000149011612
307.363,1.0,9.512644212879241,0.10000000149011612
307.42,1.0,9.546107436509596,0.10000000149011612
307.463,1.0,9.709225710502102,0.10000000149011612
307.514,1.0,9.55581459009813,0.10000000149011612
307.575,1.0,9.657127199632425,0.10000000149011612
307.615,1.0,9.599405805414749,0.10000000149011612
307.665,1.0,9.681850218669409,0.10000000149011612
307.707,1.0,9.738892750400636,0.10000000149011612
307.765,1.0,9.626611266678406,0.10000000149011612
307.822,1.0,9.81924279001024,5.815622806549072
307.869,1.0,9.709216551068756,0.10000000149011612
307.922,1.0,9.654660021430916,0.10000000149011612
307.966,1.0,9.720640434014301,0.10000000149011612
308.016,1.0,9.579288045047885,0.10000000149011612
308.068,1.0,9.579577947821882,0.10000000149011612
308.119,1.0,9.68169977273792,0.10000000149011612
308.168,1.0,9.654551183784173,0.1073826476931572
308.216,1.0,9.716360109878911,0.10000000149011612
308.275,1.0,9.638536507698397,0.10000000149011612
308.316,1.0,9.469744083285331,0.10000000149011612
308.366,1.0,9.677368428268366,0.10000000149011612
308.417,1.0,9.546964971120987,0.10000000149011612
308.468,1.0,9.722885474500556,0.10000000149011612
308.516,1.0,9.601537628616724,0.10000000149011612
308.566,1.0,9.549111010899974,0.10000000149011612
308.617,1.0,9.638260412195491,0.10000000149011612
308.667,1.0,9.665631603842808,0.10000000149011612
308.719,1.0,9.72297210370501,0.10000000149011612
308.766,1.0,9.536314188047415,0.10000000149011612
308.83,1.0,9.654376228857371,0.10000000149011612
308.869,1.0,9.626630422866178,0.10000000149011612
308.916,1.0,9.627015412309104,0.10000000149011612
308.975,1.0,9.677271603544552,0.10000000149011612
309.019,1.0,9.57198850930565,0.10000000149011612
309.068,1.0,9.63824988324195,0.10000000149011612
309.118,1.0,9.638572099763486,0.10000000149011612
309.174,1.0,9.65431978199631,0.10000000149011612
309.217,1.0,9.563365183956922,0.10000000149011612
309.269,1.0,9.529015459430715,0.10000000149011612
309.323,1.0,9.626695056714945,0.10000000149011612
309.371,1.0,9.628767418716517,0.10000000149011612
309.418,1.0,9.599427860457864,0.10000000149011612
309.472,1.0,9.665721116566823,0.10000000149011612
309.52,1.0,9.54440863860978,0.10000000149011612
309.569,1.0,9.56305808234546,0.10000000149011612
309.617,1.0,9.516943108249041,0.10000000149011612
309.668,1.0,9.656586581261621,0.10000000149011612
309.719,1.0,9.461929830287893,0.10000000149011612
309.77,1.0,9.552411505952477,0.10000000149011612
309.817,1.0,9.65405425152017,0.10000000149011612
309.876,1.0,9.610800826570227,0.10000000149011612
309.917,1.0,9.681997497296996,0.10000000149011612
309.975,1.0,9.573904151759214,0.10000000149011612
310.019,1.0,9.654135839992927,0.10000000149011612
310.078,1.0,9.595087000624174,0.10000000149011612
310.122,1.0,9.750796587020158,0.10000000149011612
310.174,1.0,9.626865292071468,0.10000000149011612
310.226,1.0,9.629157118147447,0.10000000149011612
310.276,1.0,9.65426964118249,0.10000000149011612
310.323,1.0,9.654269124546813,0.10000000149011612
310.374,1.0,9.626842886043919,0.10000000149011612
310.424,1.0,9.579403684660793,0.10000000149011612
310.472,1.0,9.599424323915608,0.10000000149011612
310.522,1.0,9.736522083294888,0.10000000149011612
310.573,1.0,9.626786357040206,0.10000000149011612
310.627,1.0,9.656269655397368,0.10000000149011612
310.677,1.0,9.51662052600748,0.10000000149011612
310.724,1.0,9.489525875573356,0.10000000149011612
310.776,1.0,9.58335592519078,0.10000000149011612
310.828,1.0,9.544253124834762,0.10000000149011612
310.876,1.0,9.748032750189305,0.10000000149011612
310.931,1.0,9.544484331313935,0.10000000149011612
310.976,1.0,9.665711184239221,0.10000000149011612
311.028,1.0,9.62872430237217,0.10000000149011612
311.076,1.0,9.634090138226748,0.10000000149011612
311.132,1.0,9.579272878149318,0.10000000149011612
311.181,1.0,9.684184480748243,0.10000000149011612
311.225,1.0,9.736524267929296,0.10000000149011612
311.281,1.0,9.590837845889231,0.10000000149011612
311.329,1.0,9.544406868558792,0.10000000149011612
311.38,1.0,9.571897506030897,0.10000000149011612
311.426,1.0,9.66566344741732,0.10000000149011612
311.476,1.0,9.709444119532902,0.10000000149011612
311.533,1.0,9.654101861288979,0.10000000149011612
311.576,1.0,9.583271860641737,0.10000000149011612
311.629,1.0,9.51294813959135,0.10000000149011612
311.675,1.0,9.634116449558901,0.10000000149011612
311.726,1.0,9.485552317214509,0.10000000149011612
311.776,1.0,9.571911223750147,0.10000000149011612
311.826,1.0,9.654086910353767,0.10000000149011612
311.88,1.0,9.555720269183318,0.10000000149011612
311.928,1.0,9.610673851788873,0.10000000149011612
311.977,1.0,9.583818973787128,0.10000000149011612
312.033,1.0,9.601580608077347,0.10000000149011612
312.079,1.0,9.354286350868643,0.10000000149011612
312.132,1.0,9.69354722822706,0.10000000149011612
312.181,1.0,9.628832312528457,0.10000000149011612
312.231,1.0,9.654061023125218,0.10000000149011612
312.283,1.0,9.528431096217698,0.10000000149011612
312.334,1.0,9.610838110310336,0.10000000149011612
312.386,1.0,9.654151521974967,0.10000000149011612
312.433,1.0,9.736859246922863,0.10000000149011612
312.5,1.0,9.462010520613855,0.10000000149011612
312.531,1.0,9.630138282933169,0.10000000149011612
312.58,1.0,9.52865940404849,0.10000000149011612
312.633,1.0,9.654375176193813,0.10000000149011612
312.679,1.0,9.58350905444887,0.10000000149011612
312.729,1.0,9.599386035423311,0.10000000149011612
312.78,1.0,9.67287236381736,0.10000000149011612
312.828,1.0,9.68171272745563,0.10000000149011612
312.881,1.0,9.709340962912474,0.10000000149011612
312.932,1.0,9.661676965302064,0.10000000149011612
312.987,1.0,9.606663075731033,0.10000000149011612
313.032,1.0,9.50355330641485,0.10000000149011612
313.084,1.0,9.599427683258222,0.10000000149011612
313.132,1.0,9.51707499846816,0.10000000149011612
313.182,1.0,9.683940352354613,0.10000000149011612
313.242,1.0,9.736646049035093,0.10000000149011612
313.29,1.0,9.748296692036092,0.10000000149011612
313.344,1.0,9.74404744002968,0.1070929542183876
313.391,1.0,9.665525157521996,0.10000000149011612
313.442,1.0,9.654215944806735,0.10000000149011612
313.491,1.0,9.544291303161945,0.10000000149011612
313.535,1.0,9.631189390209814,0.10000000149011612
313.591,1.0,9.720583547362024,0.10000000149011612
313.646,1.0,9.66570877664619,0.10000000149011612
313.691,1.0,9.68172381799668,0.10000000149011612
313.74,1.0,9.58340230120553,0.10000000149011612
313.796,1.0,9.691129485848878,0.10000000149011612
313.847,1.0,9.683666307686103,0.10000000149011612
313.899,1.0,9.661464094411995,0.10000000149011612
313.944,1.0,9.585627909894619,0.10000000149011612
313.997,1.0,9.6014489652382,0.10000000149011612
314.045,1.0,9.610787704276541,0.10000000149011612
314.094,1.0,9.681811340567139,0.10000000149011612
314.141,1.0,9.716067369075285,0.10000000149011612
314.197,1.0,9.732103189246523,0.10000000149011612
314.243,1.0,9.665941040838758,0.10000000149011612
314.295,1.0,9.738829955003327,0.10000000149011612
314.348,1.0,9.626728405368825,0.10000000149011612
314.397,1.0,9.709126753877435,0.10000000149011612
314.448,1.0,9.587056537013915,0.10000000149011612
314.488,1.0,9.571899345806903,0.10000000149011612
314.556,1.0,9.681890573621624,0.10000000149011612
314.595,1.0,9.654205584857198,0.10000000149011612
314.645,1.0,9.599280505792962,0.10000000149011612
314.696,1.0,9.608859674073756,0.10000000149011612
314.745,1.0,9.684068732729388,0.10000000149011612
314.794,1.0,9.571866456191573,0.10000000149011612
314.838,1.0,9.599433764794634,0.10000000149011612
314.898,1.0,9.599403253342542,0.10000000149011612
314.946,1.0,9.736929427853061,0.10600359737873077
315.013,1.0,9.65428392106874,0.10000000149011612
315.046,1.0,9.654246141078572,0.10000000149011612
315.096,1.0,9.656549006762605,0.10000000149011612
315.149,1.0,9.571986547257337,0.10000000149011612
315.204,1.0,9.661737535397211,0.10000000149011612
315.246,1.0,9.579700966489812,0.10000000149011612
315.301,1.0,9.572049478731222,0.10000000149011612
315.345,1.0,9.634400635378228,0.10000000149011612
315.396,1.0,9.599314350448548,0.10000000149011612
315.451,1.0,9.57907642169545,0.10000000149011612
315.5,1.0,9.519078078120947,0.10000000149011612
315.556,1.0,9.709010657937162,0.10000000149011612
315.6,1.0,9.528544303567873,0.10000000149011612
315.65,1.0,9.610815427928335,0.10000000149011612
315.698,1.0,9.469461017205484,0.10000000149011612
315.75,1.0,9.691277098614309,0.10000000149011612
315.803,1.0,9.63405464897967,0.10000000149011612
315.85,1.0,9.599332414070766,0.10000000149011612
315.903,1.0,9.709291404258046,0.10000000149011612
315.951,1.0,9.638404851489597,0.10000000149011612
316.001,1.0,9.58342465284384,0.10000000149011612
316.055,1.0,9.516936848147047,0.10000000149011612
316.104,1.0,9.50138954002824,0.10000000149011612
316.156,1.0,9.629167960998085,0.10000000149011612
316.206,1.0,9.610659995261166,0.10000000149011612
316.254,1.0,9.601409925561812,0.10000000149011612
316.306,1.0,9.634482862986625,0.10000000149011612
316.355,1.0,9.633851833662225,0.10000000149011612
316.404,1.0,9.571966457615297,0.10000000149011612
316.454,1.0,9.626844482724037,0.10000000149011612
316.512,1.0,9.711282399545114,0.10000000149011612
316.56,1.0,9.544360339786444,0.10000000149011612
316.618,1.0,9.551265640598205,0.10000000149011612
316.663,1.0,9.62654715757817,0.10000000149011612
316.71,1.0,9.516713450062607,0.10000000149011612
316.761,1.0,9.556005011457536,0.10000000149011612
316.816,1.0,9.59927185949766,0.10000000149011612
316.863,1.0,9.72091024654607,0.10000000149011612
316.91,1.0,9.681655079809328,0.10000000149011612
316.96,1.0,9.65448828747289,0.10000000149011612
317.01,1.0,9.629207909024425,0.10000000149011612
317.06,1.0,9.662072166510754,0.10000000149011612
317.11,1.0,9.681822451493806,0.10000000149011612
317.16,1.0,9.516963968384598,0.10000000149011612
317.209,1.0,9.54637600676053,0.10000000149011612
317.262,1.0,9.606712803058326,0.10000000149011612
317.312,1.0,9.544289296451542,0.10000000149011612
317.361,1.0,9.601415048311981,0.10000000149011612
317.415,1.0,9.519408590574232,0.10000000149011612
317.462,1.0,9.683913701131113,0.10000000149011612
317.51,1.0,9.665696411662632,0.10000000149011612
317.56,1.0,9.5169246636745,0.10000000149011612
317.611,1.0,9.53068713941094,0.10000000149011612
317.659,1.0,9.599367777444423,0.10000000149011612
317.711,1.0,9.579035560476283,0.10000000149011612
317.76,1.0,9.709413960410489,0.10000000149011612
317.81,1.0,9.709387270050744,0.10000000149011612
317.862,1.0,9.626672814952002,0.10000000149011612
317.91,1.0,9.601454768247075,0.10000000149011612
317.962,1.0,9.693257419226898,0.10000000149011612
318.01,1.0,9.79178133464108,0.11036988347768784
318.061,1.0,9.654456919369599,0.10000000149011612
318.111,1.0,9.68932655888299,0.10000000149011612
318.162,1.0,9.736799466113249,0.10000000149011612
318.211,1.0,9.665785178500744,0.10000000149011612
318.26,1.0,9.709156375357674,0.10000000149011612
318.31,1.0,9.722915305445591,0.10000000149011612
318.363,1.0,9.519068326118092,0.10000000149011612
318.41,1.0,9.675406836904585,0.10000000149011612
318.459,1.0,9.682034639062152,0.10000000149011612
318.509,1.0,9.709410522733297,0.10000000149011612
318.561,1.0,9.599476558197704,0.10000000149011612
318.612,1.0,9.626968964127203,0.10000000149011612
318.663,1.0,9.65451379072749,0.10000000149011612
318.72,1.0,9.629240054947635,0.10000000149011612
318.755,1.0,9.501003880591856,0.10000000149011612
318.811,1.0,9.693344377705621,0.10043443739414215
318.868,1.0,9.736731481924654,0.10000000149011612
318.91,1.0,9.627052565705444,0.10000000149011612
318.961,1.0,9.73661239033358,0.10000000149011612
319.013,1.0,9.736380771092243,0.10000000149011612
319.065,1.0,9.763923942877186,0.10000000149011612
319.116,1.0,9.645907618850469,0.10000000149011612
319.164,1.0,9.517074036639597,0.10000000149011612
319.214,1.0,9.601755794137716,0.10000000149011612
319.264,1.0,9.656684852908883,0.10000000149011612
319.314,1.0,9.607003363573718,0.10000000149011612
319.364,1.0,9.556012922256357,0.10000000149011612
319.414,1.0,9.572007978397112,0.10000000149011612
319.464,1.0,9.68190017733723,0.10000000149011612
319.514,1.0,9.556038013990555,0.10000000149011612
319.567,1.0,9.583575820736588,0.10000000149011612
319.614,1.0,9.516968628536496,0.10000000149011612
319.662,1.0,9.62695218057682,0.10000000149011612
319.714,1.0,9.574097715111243,0.10000000149011612
319.763,1.0,9.574095674417913,0.10000000149011612
319.814,1.0,9.681615111128323,0.10000000149011612
319.868,1.0,9.73884739699877,0.10000000149011612
319.914,1.0,9.544328476778334,0.10000000149011612
319.966,1.0,9.654435881289343,0.10000000149011612
320.014,1.0,9.590816978261703,0.10000000149011612
320.066,1.0,9.658419757460555,0.10000000149011612
320.114,1.0,9.736693064475226,0.10000000149011612
320.171,1.0,9.626936957219408,0.10000000149011612
320.214,1.0,9.736638734882904,0.10000000149011612
320.267,1.0,9.571517730980284,0.10000000149011612
320.317,1.0,9.704874160244232,0.10000000149011612
320.37,1.0,9.68181552897311,0.10000000149011612
320.416,1.0,9.61301935058501,0.10000000149011612
320.466,1.0,9.640570148101283,0.10000000149011612
320.515,1.0,9.542169705654183,0.10000000149011612
320.572,1.0,9.661670112506384,0.10000000149011612
320.62,1.0,9.52417562328693,0.10000000149011612
320.668,1.0,9.681569881074958,0.10000000149011612
320.72,1.0,9.681525422922439,0.10000000149011612
320.769,1.0,9.764212505767743,0.10000000149011612
320.818,1.0,9.656422667288117,0.10000000149011612
320.867,1.0,9.581617382458514,0.10000000149011612
320.922,1.0,9.693200622850823,0.10000000149011612
320.967,1.0,9.61861406173557,0.10000000149011612
321.018,1.0,9.764123831027083,0.1294384002685547
321.072,1.0,9.572108442315624,0.10000000149011612
321.119,1.0,9.612849338725209,0.10000000149011612
321.167,1.0,9.49662825519012,0.10000000149011612
321.218,1.0,9.654298889223073,0.10000000149011612
321.271,1.0,9.700753293807308,0.10000000149011612
321.318,1.0,9.627157533003224,0.11472312361001968
321.38,1.0,9.489649842431147,0.10000000149011612
321.419,1.0,9.63639136157516,0.10000000149011612
321.471,1.0,9.574354575595095,0.10000000149011612
321.517,1.0,9.70507003273815,0.10000000149011612
321.569,1.0,9.590945057032837,0.10000000149011612
321.624,1.0,9.693069190925193,0.10000000149011612
321.67,1.0,9.716593389792575,0.10000000149011612
321.72,1.0,9.626734242484801,0.10000000149011612
321.771,1.0,9.556236131965287,0.10000000149011612
321.819,1.0,9.681717922559216,0.10000000149011612
321.871,1.0,9.656543978117407,0.10000000149011612
321.937,1.0,9.613151489156817,0.10000000149011612
321.97,1.0,9.54437606729981,0.10000000149011612
322.028,1.0,9.739031150440375,0.10000000149011612
322.07,1.0,9.497031663399603,0.10000000149011612
322.12,1.0,9.51696223469658,0.10000000149011612
322.178,1.0,9.773812070344057,0.10000000149011612
322.224,1.0,9.594834476171268,0.10000000149011612
322.282,1.0,9.709439706222879,0.10000000149011612
322.325,1.0,9.65421211849898,0.10000000149011612
322.374,1.0,9.665890149192677,0.10000000149011612
322.427,1.0,9.775806685557797,0.10000000149011612
322.474,1.0,9.654293363272316,0.10000000149011612
322.524,1.0,9.654095143286717,0.10000000149011612
322.576,1.0,9.626569119013018,0.10000000149011612
322.627,1.0,9.768282779595918,0.10000000149011612
322.675,1.0,9.606101628496415,0.10000000149011612
322.725,1.0,9.686365279658801,0.10000000149011612
322.776,1.0,9.631398532022205,0.10000000149011612
322.826,1.0,9.52199144915988,0.10000000149011612
322.877,1.0,9.632543081231415,0.10000000149011612
322.929,1.0,9.687821055120892,0.10000000149011612
322.976,1.0,9.446227778266701,0.10000000149011612
323.026,1.0,9.501739250909951,0.10000000149011612
323.075,1.0,9.595045950719053,0.10000000149011612
323.126,1.0,9.622643708003064,0.10000000149011612
323.177,1.0,9.597115079789527,0.10000000149011612
323.228,1.0,9.657608077054222,0.10000000149011612
323.276,1.0,9.693960727544294,0.10000000149011612
323.326,1.0,9.641187780516015,0.10000000149011612
323.381,1.0,9.622148445227907,0.10000000149011612
323.429,1.0,9.666604408766661,0.10000000149011612
323.485,1.0,9.639071661316686,0.10000000149011612
323.531,1.0,9.63885584767494,0.10000000149011612
323.581,1.0,9.650022823363543,0.10000000149011612
323.632,1.0,9.649926717351708,0.10000000149011612
323.683,1.0,9.58422112636682,0.10000000149011612
323.733,1.0,9.64166047550324,0.10000000149011612
323.785,1.0,9.611688427627087,0.10000000149011612
323.837,1.0,9.586529652443197,0.10000000149011612
323.884,1.0,9.512276079733338,0.10000000149011612
323.937,1.0,9.748993415054347,0.10000000149011612
323.988,1.0,9.728924852009449,0.10000000149011612
324.038,1.0,9.72146644960675,0.10000000149011612
324.085,1.0,9.695925734192134,0.10000000149011612
324.136,1.0,9.53600833815419,0.10000000149011612
324.184,1.0,9.69606207743701,0.10000000149011612
324.237,1.0,9.611448198494811,0.10000000149011612
324.291,1.0,9.622897909229827,0.10000000149011612
324.345,1.0,9.556500471652383,0.10000000149011612
324.386,1.0,9.666511866284742,0.10000000149011612
324.434,1.0,9.591744907262425,0.10000000149011612
324.491,1.0,9.622673555649817,0.10000000149011612
324.537,1.0,9.668555415856341,0.10000000149011612
324.585,1.0,9.618942457768652,0.10000000149011612
324.635,1.0,9.638910430773265,0.10000000149011612
324.688,1.0,9.776157126182483,0.10000000149011612
324.736,1.0,9.567388119465775,0.10000000149011612
324.78,1.0,9.62246989040739,0.10000000149011612
324.833,1.0,9.63889914413707,0.10000000149011612
324.883,1.0,9.69431008959396,0.10000000149011612
324.928,1.0,9.638924836263888,0.10000000149011612
324.984,1.0,9.536788739346795,0.10000000149011612
325.041,1.0,9.649806279771857,0.10000000149011612
325.085,1.0,9.77626626038303,0.10000000149011612
325.137,1.0,9.584030119143426,0.10000000149011612
325.184,1.0,9.693896206157904,0.10000000149011612
325.235,1.0,9.731945591192279,0.10000000149011612
325.285,1.0,9.72141644604918,0.10000000149011612
325.335,1.0,9.638792104315426,0.10000000149011612
325.381,1.0,9.69382131981353,0.10000000149011612
325.435,1.0,9.666375455736286,0.10000000149011612
325.489,1.0,9.666562516614794,0.10000000149011612
325.534,1.0,9.714651436814004,0.10531067848205566
325.588,1.0,9.693750432713164,0.10000000149011612
325.632,1.0,9.619134055533342,0.10000000149011612
325.686,1.0,9.638752732218968,0.10000000149011612
325.736,1.0,9.624682903724413,0.10000000149011612
325.79,1.0,9.583976743597951,0.10000000149011612
325.835,1.0,9.677087959212562,0.10000000149011612
325.885,1.0,9.485194136512776,0.10000000149011612
325.936,1.0,9.704624904526604,0.10000000149011612
325.986,1.0,9.63914986534251,0.10000000149011612
326.035,1.0,9.556613260590368,0.10000000149011612
326.085,1.0,9.55638877728747,0.10000000149011612
326.128,1.0,9.748751625232398,0.10000000149011612
326.185,1.0,9.639064243622125,0.10000000149011612
326.235,1.0,9.577244971195856,0.10000000149011612
326.286,1.0,9.556491973644329,0.10000000149011612
326.335,1.0,9.602594649170836,0.10000000149011612
326.385,1.0,9.611533413910204,0.10000000149011612
326.435,1.0,9.652184980197084,0.10000000149011612
326.486,1.0,9.71443713684049,0.10000000149011612
326.538,1.0,9.635420492125881,0.10000000149011612
326.585,1.0,9.597238644750583,0.10000000149011612
326.635,1.0,9.651208929448492,0.10000000149011612
326.686,1.0,9.637422741473548,0.10000000149011612
326.737,1.0,9.738131399266422,0.10000000149011612
326.784,1.0,9.62525257817987,0.10000000149011612
326.839,1.0,9.639092457915346,0.10000000149011612
326.886,1.0,9.696615516559945,0.10000000149011612
326.938,1.0,9.679050788097083,0.10000000149011612
326.985,1.0,9.69626177466578,0.10000000149011612
327.042,1.0,9.56148514567564,0.10000000149011612
327.084,1.0,9.571276502187054,0.10000000149011612
327.136,1.0,9.69601887487289,0.10000000149011612
327.195,1.0,9.789154942043954,0.10000000149011612
327.235,1.0,9.449006883344717,0.10000000149011612
327.287,1.0,9.649875197932124,0.10000000149011612
327.336,1.0,9.558425465640095,0.10000000149011612
327.387,1.0,9.750879332588779,0.10879522562026978
327.436,1.0,9.477962826854652,0.10000000149011612
327.485,1.0,9.736826497564714,0.14062535762786865
327.54,1.0,9.671554808629056,0.10000000149011612
327.585,1.0,9.476334410202172,0.10000000149011612
327.64,1.0,9.671045052384336,0.10000000149011612
327.684,1.0,9.647130877731575,0.10000000149011612
327.735,1.0,9.482523366829588,0.10000000149011612
327.791,1.0,9.753233681619168,0.10072138905525208
327.84,1.0,9.651718612781002,0.10000000149011612
327.893,1.0,9.503674304423233,0.10000000149011612
327.94,1.0,9.63702182515214,0.10000000149011612
327.99,1.0,9.695850049745705,0.10000000149011612
328.041,1.0,9.64083499668373,0.10000000149011612
328.09,1.0,9.750840297755268,0.10000000149011612
328.141,1.0,9.55881845748259,0.10000000149011612
328.192,1.0,9.820931237542794,0.10000000149011612
328.241,1.0,9.55912275802758,0.10000000149011612
328.301,1.0,9.641084126072625,0.10000000149011612
328.35,1.0,9.615439736035963,0.10000000149011612
328.4,1.0,9.613572587259114,0.10000000149011612
328.449,1.0,9.69564117996229,0.10000000149011612
328.499,1.0,9.576781430654227,0.10000000149011612
328.551,1.0,9.541718094816638,0.10000000149011612
328.606,1.0,9.640855883662072,0.10000000149011612
328.65,1.0,9.695772709573308,0.10000000149011612
328.71,1.0,9.613354421262112,0.10000000149011612
328.755,1.0,9.741234733723104,0.10000000149011612
328.804,1.0,9.55843264212211,0.10000000149011612
328.854,1.0,9.675820783629186,0.10000000149011612
328.908,1.0,9.640801375090248,0.10000000149011612
328.959,1.0,9.725695415089527,0.10000000149011612
329.004,1.0,9.750569637161162,0.10000000149011612
329.056,1.0,9.533198189300796,0.10000000149011612
329.106,1.0,9.706845677312877,0.10000000149011612
329.155,1.0,9.613333433493972,0.10000000149011612
329.206,1.0,9.64074961938378,0.10000000149011612
329.258,1.0,9.651972198589808,0.10000000149011612
329.308,1.0,9.73423488812728,0.10000000149011612
329.359,1.0,9.613525867731207,0.10000000149011612
329.408,1.0,9.620863942325943,0.10000000149011612
329.458,1.0,9.519459466801749,0.10000000149011612
329.508,1.0,9.6044367586366,0.10000000149011612
329.558,1.0,9.538391587013999,0.10000000149011612
329.613,1.0,9.64840883295983,0.10000000149011612
329.659,1.0,9.579880023168194,0.10000000149011612
329.709,1.0,9.687537200210823,0.10000000149011612
329.764,1.0,9.652868572519058,0.10000000149011612
329.809,1.0,9.730610980052088,0.10000000149011612
329.858,1.0,9.723375087521143,0.10000000149011612
329.911,1.0,9.558546937132876,0.10000000149011612
329.958,1.0,9.651669411878618,0.10000000149011612
330.011,1.0,9.641067378388511,0.10000000149011612
