Timestamp,Valid Ratio,Mean Range,Min Range
0.414,1.0,9.72538854699168,0.10000000149011612
0.463,1.0,9.862641794213818,0.10000000149011612
0.513,1.0,9.835102821658882,0.10000000149011612
0.563,1.0,9.862801522782279,0.10000000149011612
0.613,1.0,9.890067286375496,0.10000000149011612
0.663,1.0,9.835222357635697,0.10000000149011612
0.713,1.0,9.862594568212,0.10000000149011612
0.763,1.0,9.807728469702933,0.10000000149011612
0.813,1.0,9.835316454432904,0.10000000149011612
0.863,1.0,9.807738710298306,0.10000000149011612
0.913,1.0,9.752634097366697,0.10000000149011612
0.964,1.0,9.752646409057908,0.10000000149011612
1.013,1.0,9.835303518403736,0.10000000149011612
1.063,1.0,9.725549935135577,0.10000000149011612
1.113,1.0,9.862581791356206,0.10000000149011612
1.164,1.0,9.697959451377391,0.10000000149011612
1.213,1.0,9.917588068751826,0.10000000149011612
1.263,1.0,9.80777135360986,0.10000000149011612
1.313,1.0,9.780465772582424,0.10000000149011612
1.363,1.0,9.835172234827446,0.10000000149011612
1.413,1.0,9.697740360928906,0.10000000149011612
1.463,1.0,9.83529698341671,0.10000000149011612
1.513,1.0,9.807897623793947,0.10000000149011612
1.564,1.0,9.780385620954137,0.10000000149011612
1.613,1.0,9.835224000654287,0.10000000149011612
1.663,1.0,9.86267572461317,0.10000000149011612
1.713,1.0,9.835209628215267,0.10000000149011612
1.763,1.0,9.670544245114757,0.10000000149011612
1.813,1.0,9.752820537197922,0.10000000149011612
1.863,1.0,9.807771578741571,0.10000000149011612
1.913,1.0,9.670672243605885,0.10000000149011612
1.963,1.0,9.862876282177037,0.10000000149011612
2.013,1.0,9.807896010908816,0.10000000149011612
2.063,1.0,9.807871878974968,0.10000000149011612
2.113,1.0,9.807593458104465,0.10000000149011612
2.163,1.0,9.780250341134767,0.10000000149011612
2.213,1.0,9.80760537845393,0.10000000149011612
2.263,1.0,9.862841760739684,0.10000000149011612
2.314,1.0,9.752802127661804,0.10000000149011612
2.37,1.0,9.75285610076454,0.10000000149011612
2.415,1.0,9.835138123047848,0.10000000149011612
2.464,1.0,9.807668924600714,0.10000000149011612
2.515,1.0,9.86267037410289,0.10000000149011612
2.569,1.0,9.807866635835833,0.10000000149011612
2.626,1.0,9.725306174572971,0.10000000149011612
2.669,1.0,9.780229995544586,0.10000000149011612
2.721,1.0,9.807500000028975,0.10000000149011612
2.77,1.0,9.807683602223793,0.10000000149011612
2.819,1.0,9.890140387788415,0.10000000149011612
2.868,1.0,9.697756518527038,0.10000000149011612
2.923,1.0,9.89017575621191,0.10000000149011612
2.981,1.0,9.807703142033683,0.10000000149011612
3.019,1.0,9.752665462241405,0.10000000149011612
3.069,1.0,9.862524740563499,0.10000000149011612
3.122,1.0,9.83532662693825,0.10000000149011612
3.171,1.0,9.835339343485733,0.10000000149011612
3.227,1.0,9.862820804388159,0.10000000149011612
3.276,1.0,9.780330773215328,0.10000000149011612
3.32,1.0,9.835191811910933,0.10000000149011612
3.377,1.0,9.890098279652497,0.10000000149011612
3.427,1.0,9.807651215046644,0.10000000149011612
3.477,1.0,9.807689440891975,0.10000000149011612
3.528,1.0,9.890168558205996,0.10000000149011612
3.5869999999999997,1.0,9.752762816639411,0.10000000149011612
3.627,1.0,9.862536647853752,0.10000000149011612
3.68,1.0,9.890098870214489,0.10000000149011612
3.73,1.0,9.75283173378557,0.10000000149011612
3.7800000000000002,1.0,9.64282403998077,0.10000000149011612
3.835,1.0,9.862811031689246,0.10000000149011612
3.883,1.0,9.835299267847505,0.10000000149011612
3.939,1.0,9.862557245853047,0.10000000149011612
3.9859999999999998,1.0,9.807569046732452,0.10000000149011612
4.035,1.0,9.89023310225457,0.10000000149011612
4.086,1.0,9.862928132899105,0.11595766246318817
4.14,1.0,9.862569871503446,0.10000000149011612
4.179,1.0,9.69761731835703,0.10000000149011612
4.235,1.0,9.862788171383242,0.10661116987466812
4.285,1.0,9.835090321261022,0.10000000149011612
4.338,1.0,9.862743763749798,0.10000000149011612
4.384,1.0,9.862754556536675,0.10000000149011612
4.436,1.0,9.78057500542038,0.10000000149011612
4.486,1.0,9.890360838319692,0.10000000149011612
4.534,1.0,9.615744754713443,0.10000000149011612
4.586,1.0,9.807637521997094,0.10000000149011612
4.635,1.0,9.753007329814135,0.10000000149011612
4.6899999999999995,1.0,9.835154922161665,0.10000000149011612
4.736,1.0,9.80787418341885,0.10000000149011612
4.792,1.0,9.91768302116543,0.10000000149011612
4.835,1.0,9.780203007099528,0.10000000149011612
4.884,1.0,9.725440775168439,0.10000000149011612
4.9350000000000005,1.0,9.698164550835887,0.10000000149011612
4.985,1.0,9.780025995377866,0.10000000149011612
5.039,1.0,9.780246125948098,0.10000000149011612
5.086,1.0,9.780318773061865,0.10000000149011612
5.138,1.0,9.835149402585294,0.10000000149011612
5.186,1.0,9.697655995065967,0.10000000149011612
5.237,1.0,9.807839689486556,0.10000000149011612
5.294,1.0,9.807678127475082,0.10000000149011612
5.337,1.0,9.807839341896276,0.10000000149011612
5.393,1.0,9.862710768791537,0.10000000149011612
5.443,1.0,9.917750617344346,0.12107878178358078
5.493,1.0,9.835296080613302,0.10000000149011612
5.541,1.0,9.780270061724716,0.10000000149011612
5.593,1.0,9.670388513286081,0.10000000149011612
5.642,1.0,9.890119299561613,0.10000000149011612
5.694,1.0,9.890196429275804,0.10000000149011612
5.743,1.0,9.78042174393518,0.10000000149011612
5.79,1.0,9.752820882201195,0.10000000149011612
5.842,1.0,9.862616328667436,0.10000000149011612
5.893,1.0,9.917503030908604,0.10000000149011612
5.943,1.0,9.86254995227274,0.10000000149011612
5.996,1.0,9.752687364175088,0.10000000149011612
6.043,1.0,9.725413920399216,0.10000000149011612
6.092,1.0,9.69765626721912,0.10000000149011612
6.143,1.0,9.807663357402715,0.10000000149011612
6.2,1.0,9.725715555912918,0.10000000149011612
6.255,1.0,9.83516068553759,0.10000000149011612
6.296,1.0,9.807656812253926,0.10000000149011612
6.351,1.0,9.807708915716244,0.10000000149011612
6.397,1.0,9.86258532502171,0.10000000149011612
6.453,1.0,9.780288402218785,0.10000000149011612
6.5,1.0,9.890139835762481,0.10000000149011612
6.547,1.0,9.780373301481207,0.10000000149011612
6.6,1.0,9.807717999319236,0.10000000149011612
6.656,1.0,9.780120340755417,0.10000000149011612
6.701,1.0,9.807898457658787,0.10000000149011612
6.75,1.0,9.86277943537053,0.10000000149011612
6.806,1.0,9.725306281530194,0.10000000149011612
6.85,1.0,9.835231193320618,0.10000000149011612
6.9,1.0,9.698064418385426,0.10000000149011612
6.95,1.0,9.86265781606651,0.10000000149011612
7.001,1.0,9.752732339749734,0.10000000149011612
7.052,1.0,9.862522370347547,0.10000000149011612
7.104,1.0,9.862844410580065,0.10000000149011612
7.146,1.0,9.83539112528993,0.10000000149011612
7.202,1.0,9.725290501469539,0.10000000149011612
7.256,1.0,9.835072348577281,0.10000000149011612
7.307,1.0,9.83503818874144,0.10000000149011612
7.355,1.0,9.862618065294292,0.10000000149011612
7.405,1.0,9.862592922130393,0.10000000149011612
7.459,1.0,9.72540688611981,0.10000000149011612
7.508,1.0,9.780336907526685,0.10000000149011612
7.557,1.0,9.917500000012417,0.10000000149011612
7.606,1.0,9.80789228607383,0.10000000149011612
7.657,1.0,9.8351540207035,0.10000000149011612
7.7059999999999995,1.0,9.725398281940983,0.10000000149011612
7.756,1.0,9.780000000033114,0.10000000149011612
7.807,1.0,9.917751949094235,0.11723224073648453
7.862,1.0,9.945111790734034,0.10000000149011612
7.917,1.0,9.807789306321906,0.10000000149011612
7.961,1.0,9.917630364021493,0.10000000149011612
8.01,1.0,9.835178091294235,0.10000000149011612
8.06,1.0,9.69798321744634,0.10000000149011612
8.11,1.0,9.807678435701463,0.10000000149011612
8.162,1.0,9.86261659645372,0.10000000149011612
8.222,1.0,9.615497595237361,0.10000000149011612
8.262,1.0,9.835186758927174,0.10000000149011612
8.316,1.0,9.752920628711582,0.10000000149011612
8.37,1.0,9.807797253400915,0.10000000149011612
8.414,1.0,9.862714316840801,0.10000000149011612
8.466,1.0,9.752955977908439,0.10000000149011612
8.515,1.0,9.972500000004139,0.10000000149011612
8.565,1.0,9.807851190740864,0.10000000149011612
8.61,1.0,9.917614478328161,0.10000000149011612
8.666,1.0,9.890087192029588,0.10000000149011612
8.719,1.0,9.835130142192874,0.10000000149011612
8.769,1.0,9.862745178428789,0.10000000149011612
8.822,1.0,9.752890897935464,0.10000000149011612
8.881,1.0,9.780245561649402,0.10000000149011612
8.92,1.0,9.725578723909955,0.10000000149011612
8.97,1.0,9.725510075150265,0.10000000149011612
9.023,1.0,9.972604848154717,0.13774533569812775
9.068,1.0,9.725241509348981,0.10000000149011612
9.13,1.0,9.862619193498459,0.10000000149011612
9.17,1.0,9.83529196265671,0.10000000149011612
9.219,1.0,9.835157586779031,0.10000000149011612
9.272,1.0,9.89017646037456,0.1009606122970581
9.319,1.0,9.780055255504946,0.10000000149011612
9.368,1.0,9.862665738413732,0.10000000149011612
9.417,1.0,9.697599990127815,0.10000000149011612
9.475999999999999,1.0,9.862742112701138,0.10000000149011612
9.523,1.0,9.725341912731528,0.10000000149011612
9.57,1.0,9.8352884038248,0.10000000149011612
9.621,1.0,9.780199833628204,0.10000000149011612
9.676,1.0,9.780140769274698,0.10000000149011612
9.722,1.0,9.89024013388488,0.10000000149011612
9.772,1.0,9.917500000012417,0.10000000149011612
9.821,1.0,9.780268585950964,0.10000000149011612
9.87,1.0,9.725194437201653,0.10000000149011612
9.925,1.0,9.862725692594218,0.10000000149011612
9.971,1.0,9.862681851991349,0.10000000149011612
10.021,1.0,9.643144467866255,0.10000000149011612
10.071,1.0,9.807639529804389,0.10000000149011612
10.123,1.0,9.752601995174256,0.10000000149011612
10.171,1.0,9.972500000004139,0.10000000149011612
10.231,1.0,9.835146452817652,0.10000000149011612
10.272,1.0,9.807731914416783,0.10000000149011612
10.322,1.0,9.890344458880524,0.12067801505327225
10.374,1.0,9.86265665580415,0.10000000149011612
10.432,1.0,9.725209382176399,0.10000000149011612
10.478,1.0,9.83529955904103,0.10000000149011612
10.528,1.0,9.72524537185414,0.10000000149011612
10.578,1.0,9.67073713760409,0.10000000149011612
10.627,1.0,9.807564235954649,0.10000000149011612
10.678,1.0,9.753172201352815,0.10000000149011612
10.736,1.0,9.780301142173508,0.10000000149011612
10.778,1.0,9.945000000008278,0.10000000149011612
10.833,1.0,9.835377648224433,0.10000000149011612
10.878,1.0,9.697802441401613,0.10000000149011612
10.928,1.0,9.752862806245684,0.10000000149011612
10.978,1.0,9.807714954204858,0.10000000149011612
11.028,1.0,9.862676133463781,0.10000000149011612
11.081,1.0,9.780311669243707,0.10000000149011612
11.129,1.0,9.780218803075453,0.10000000149011612
11.181,1.0,9.80782612628407,0.10000000149011612
11.23,1.0,9.752677255496383,0.10000000149011612
11.279,1.0,9.780209803084533,0.10000000149011612
11.335,1.0,9.780010804575351,0.10000000149011612
11.385,1.0,9.862895428451399,0.10000000149011612
11.437,1.0,9.780224446910951,0.10000000149011612
11.485,1.0,9.7253126748941,0.10000000149011612
11.533,1.0,9.862956074542469,0.10571411997079849
11.585,1.0,9.753052472405964,0.10000000149011612
11.637,1.0,9.752822532318532,0.10000000149011612
11.696,1.0,9.835133195668458,0.10000000149011612
11.735,1.0,9.642752555674976,0.10000000149011612
11.785,1.0,9.835068065880073,0.10000000149011612
11.838,1.0,9.83515986688435,0.10000000149011612
11.886,1.0,9.835249312366876,0.10000000149011612
11.942,1.0,9.835012543077271,0.10000000149011612
11.986,1.0,9.917590832172168,0.10000000149011612
12.037,1.0,9.615668412256571,0.10000000149011612
12.086,1.0,9.7251972084658,0.10000000149011612
12.138,1.0,9.862596975701551,0.10000000149011612
12.185,1.0,9.780170540118384,0.10000000149011612
12.243,1.0,9.835182993010514,0.10000000149011612
12.287,1.0,9.862821285219656,0.10000000149011612
12.345,1.0,9.752865466475487,0.10000000149011612
12.388,1.0,9.752717674896122,0.10000000149011612
12.441,1.0,9.862739992762606,0.10000000149011612
12.496,1.0,9.80774683178299,0.10000000149011612
12.538,1.0,9.697985299862921,0.10000000149011612
12.599,1.0,9.807695627046956,0.10000000149011612
12.638,1.0,9.83507936776926,0.10000000149011612
12.693,1.0,9.862790348587765,0.10000000149011612
12.735,1.0,9.835189317084021,0.10000000149011612
12.79,1.0,9.945004764054385,0.10000000149011612
12.842,1.0,9.890155629192789,0.10000000149011612
12.888,1.0,9.917636610484786,0.10000000149011612
12.949,1.0,9.697971619355181,0.10000000149011612
12.99,1.0,9.725339581486251,0.10000000149011612
13.039,1.0,9.7526915765057,0.10000000149011612
13.098,1.0,9.752905069105328,0.10000000149011612
13.144,1.0,9.89002255714602,0.10000000149011612
13.197,1.0,9.780284347737002,0.10000000149011612
13.243,1.0,9.752701668751737,0.10000000149011612
13.295,1.0,9.80786908827722,0.10000000149011612
13.345,1.0,9.780182667531902,0.10000000149011612
13.398,1.0,9.72551399372104,0.10000000149011612
13.444,1.0,9.835143267301222,0.10000000149011612
13.494,1.0,9.917516899336544,0.10000000149011612
13.555,1.0,9.835209399420354,0.10000000149011612
13.597,1.0,9.807830640094148,0.10000000149011612
13.642,1.0,9.945095198125475,0.10000000149011612
13.693999999999999,1.0,9.91758911497891,0.10000000149011612
13.737,1.0,9.807673060666357,0.10000000149011612
13.792,1.0,9.835174298182958,0.10000000149011612
13.843,1.0,9.862652600370348,0.10000000149011612
13.894,1.0,9.86256909991304,0.10000000149011612
13.945,1.0,9.725396812603705,0.10000000149011612
14.001,1.0,9.86266781706363,0.10000000149011612
14.048,1.0,9.835355293129881,0.10000000149011612
14.095,1.0,9.89019052427676,0.10000000149011612
14.145,1.0,9.807696437608037,0.10000000149011612
14.197,1.0,9.835196812347405,0.10000000149011612
14.247,1.0,9.642968813247151,0.10000000149011612
14.3,1.0,9.89005847842329,0.10000000149011612
14.345,1.0,9.8350524092714,0.10000000149011612
14.397,1.0,9.89021391686466,0.10000000149011612
14.446,1.0,9.780265410554906,0.10000000149011612
14.494,1.0,9.64306257656879,0.10000000149011612
14.549,1.0,9.890252865209348,0.10000000149011612
14.600999999999999,1.0,9.807744097647568,0.10000000149011612
14.652,1.0,9.780230641178786,0.10000000149011612
14.706,1.0,9.89019823252327,0.1027081161737442
14.751,1.0,9.835389490942989,0.10000000149011612
14.8,1.0,9.835153062351877,0.10000000149011612
14.854,1.0,9.862682641525236,0.10000000149011612
14.906,1.0,9.890193976544671,0.10000000149011612
14.952,1.0,9.917510644305084,0.10000000149011612
15.003,1.0,9.752871530130506,0.10000000149011612
15.057,1.0,9.862835479651888,0.10000000149011612
15.111,1.0,9.780338363432222,0.10000000149011612
15.154,1.0,9.8625800098396,0.10000000149011612
15.204,1.0,9.780164409532315,0.10000000149011612
15.258,1.0,9.86267417644461,0.10000000149011612
15.308,1.0,9.80767484234853,0.10000000149011612
15.361,1.0,9.780234359701474,0.10000000149011612
15.404,1.0,9.835135437423984,0.10000000149011612
15.456,1.0,9.752893659037849,0.10000000149011612
15.508,1.0,9.835075218292575,0.10000000149011612
15.557,1.0,9.917623366912206,0.10000000149011612
15.609,1.0,9.725251739927463,0.10000000149011612
15.664,1.0,9.890138706337247,0.10000000149011612
15.707,1.0,9.890090462503334,0.10000000149011612
15.759,1.0,9.725365232779748,0.10000000149011612
15.807,1.0,9.69798681895352,0.10000000149011612
15.86,1.0,9.61542877983302,0.10000000149011612
15.909,1.0,9.753067120371593,0.10000000149011612
15.959,1.0,9.725554837845266,0.10000000149011612
16.009,1.0,9.862628832914764,0.10000000149011612
16.059,1.0,9.697756352192826,0.10000000149011612
16.111,1.0,9.862563511791329,0.10000000149011612
16.164,1.0,9.75277826152742,0.10000000149011612
16.212,1.0,9.862650527370473,0.10000000149011612
16.259,1.0,9.835267082229256,0.10000000149011612
16.314,1.0,9.752738065355354,0.10000000149011612
16.356,1.0,9.807675158128971,0.10000000149011612
16.41,1.0,9.697902258858084,0.10000000149011612
16.461,1.0,9.670406500581239,0.10000000149011612
16.511,1.0,9.862587272624175,0.10000000149011612
16.564,1.0,9.807710467175477,0.10000000149011612
16.613,1.0,9.890141269606021,0.10000000149011612
16.656,1.0,9.862807868027852,0.10289262235164642
16.721,1.0,9.807756228227582,0.10000000149011612
16.761,1.0,9.697846417646442,0.10000000149011612
16.813,1.0,9.69793716147542,0.10000000149011612
16.863,1.0,9.807755834588574,0.10000000149011612
16.912,1.0,9.917715169178942,0.10000000149011612
16.962,1.0,9.862572278620469,0.10000000149011612
17.012,1.0,9.64290883048541,0.10000000149011612
17.061,1.0,9.83502804994997,0.10000000149011612
17.113,1.0,9.807743566421172,0.10000000149011612
17.164,1.0,9.835253538957073,0.10000000149011612
17.205,1.0,9.835170206779408,0.10000000149011612
17.262,1.0,9.890135112570391,0.10000000149011612
17.313,1.0,9.890214664468335,0.10000000149011612
17.362,1.0,9.862500000020695,0.10000000149011612
17.412,1.0,9.752925369516015,0.10000000149011612
17.463,1.0,9.780227431406578,0.10000000149011612
17.516,1.0,9.752935531031754,0.10000000149011612
17.568,1.0,9.780375384870503,0.10000000149011612
17.614,1.0,9.835301771573722,0.10000000149011612
17.664,1.0,9.917612480454975,0.10327603667974472
17.714,1.0,9.807692945065599,0.10000000149011612
17.766,1.0,9.780132936500014,0.10000000149011612
17.82,1.0,9.890124850016502,0.10000000149011612
17.865,1.0,9.753098397163882,0.10000000149011612
17.916,1.0,9.752562500991756,0.10000000149011612
17.972,1.0,9.86250916922258,0.10000000149011612
18.016,1.0,9.72529335603532,0.10000000149011612
18.069,1.0,9.752612833306193,0.10000000149011612
18.115,1.0,9.69781417126457,0.10000000149011612
18.173,1.0,9.835217189085153,0.10000000149011612
18.212,1.0,9.807621469369366,0.10000000149011612
18.266,1.0,9.862562260238661,0.10000000149011612
18.315,1.0,9.890002464585834,0.10000000149011612
18.368,1.0,9.917619675894578,0.10000000149011612
18.418,1.0,9.780000000033114,0.10000000149011612
18.465,1.0,9.835306515213516,0.10000000149011612
18.516,1.0,9.862669356477758,0.10000000149011612
18.574,1.0,9.835199219112594,0.10000000149011612
18.616,1.0,9.80806687027216,0.10000000149011612
18.666,1.0,9.752654285066658,0.10000000149011612
18.723,1.0,9.862745890662902,0.10000000149011612
18.766,1.0,9.807533454253441,0.10000000149011612
18.816,1.0,9.917621965768436,0.10000000149011612
18.869,1.0,9.725462706531916,0.10000000149011612
18.926,1.0,9.862581053252022,0.10000000149011612
18.965,1.0,9.890154383083184,0.10000000149011612
19.016,1.0,9.862562940083444,0.10000000149011612
19.071,1.0,9.643013065887821,0.10000000149011612
19.123,1.0,9.752636258200639,0.10000000149011612
19.166,1.0,9.890041703730821,0.10000000149011612
19.218,1.0,9.890051313924292,0.10000000149011612
19.268,1.0,9.863064566627145,0.1363239735364914
19.317,1.0,9.972500000004139,0.10000000149011612
19.38,1.0,9.835240625734958,0.10000000149011612
19.416,1.0,9.8353931405685,0.10000000149011612
19.465,1.0,9.89014936455836,0.10000000149011612
19.516,1.0,9.670156936223309,0.10000000149011612
19.566,1.0,9.80766599563261,0.10000000149011612
19.627,1.0,9.807639394410783,0.10000000149011612
19.667,1.0,9.8901214669769,0.10000000149011612
19.72,1.0,9.890156674053934,0.10000000149011612
19.768,1.0,9.83532650116831,0.10000000149011612
19.818,1.0,9.89014421262675,0.10000000149011612
19.873,1.0,9.862612615256674,0.10000000149011612
19.916,1.0,9.780353977200058,0.10000000149011612
19.969,1.0,9.780225192900334,0.10000000149011612
20.018,1.0,9.890273435993327,0.10000000149011612
20.066,1.0,9.78034588313765,0.10000000149011612
20.116,1.0,9.752659622683293,0.10000000149011612
20.169,1.0,9.642746973368856,0.10000000149011612
20.217,1.0,9.835103661753237,0.10000000149011612
20.268,1.0,9.780252217211657,0.10000000149011612
20.316,1.0,9.642837929974,0.10000000149011612
20.369,1.0,9.807722375997239,0.10000000149011612
20.416,1.0,9.780279667054613,0.10000000149011612
20.475,1.0,9.69781958885077,0.10000000149011612
20.517,1.0,9.917500000012417,0.10000000149011612
20.566,1.0,9.835252504050732,0.10000000149011612
20.617,1.0,9.807890701935523,0.10000000149011612
20.666,1.0,9.862675411150688,0.10000000149011612
20.717,1.0,9.753057130860785,0.10000000149011612
20.772,1.0,9.83517283352299,0.10000000149011612
20.816,1.0,9.807966984394524,0.10000000149011612
20.87,1.0,9.83517515849736,0.10000000149011612
20.918,1.0,9.80763158177336,0.10000000149011612
20.968,1.0,9.862890953115292,0.10000000149011612
21.023,1.0,9.752737729520433,0.10000000149011612
21.068,1.0,9.725309104327525,0.10000000149011612
21.119,1.0,9.917517937119637,0.10000000149011612
21.169,1.0,9.83522811362313,0.10000000149011612
21.221,1.0,9.752684512237709,0.10000000149011612
21.269,1.0,9.89012153763324,0.10000000149011612
21.318,1.0,9.698112979282936,0.10000000149011612
21.374,1.0,9.807584104273054,0.10000000149011612
21.427,1.0,9.725345349270437,0.10000000149011612
21.478,1.0,9.752803376006584,0.10000000149011612
21.53,1.0,9.670405242592096,0.10000000149011612
21.574,1.0,9.725434052468174,0.10000000149011612
21.624,1.0,9.862662964935105,0.10000000149011612
21.675,1.0,9.862606468093064,0.10000000149011612
21.724,1.0,9.86254211258557,0.10000000149011612
21.778,1.0,9.862542441549401,0.10000000149011612
21.821,1.0,9.862764114451904,0.10000000149011612
21.874,1.0,9.752784915847911,0.10000000149011612
21.924,1.0,9.780085055323111,0.10000000149011612
21.974,1.0,9.643253693708942,0.10000000149011612
22.023,1.0,9.807738035689626,0.10000000149011612
22.078,1.0,9.862500000020695,0.10000000149011612
22.126,1.0,9.835330630942352,0.10000000149011612
22.182,1.0,9.807803596183657,0.10000000149011612
22.221,1.0,9.917652648397619,0.10000000149011612
22.276,1.0,9.752824762587746,0.10000000149011612
22.329,1.0,9.725470458674762,0.10000000149011612
22.379,1.0,9.890137982616823,0.10000000149011612
22.425,1.0,9.862804118957785,0.10000000149011612
22.475,1.0,9.725416785561377,0.10000000149011612
22.524,1.0,9.890251628640625,0.10000000149011612
22.575,1.0,9.725499232444498,0.10000000149011612
22.621,1.0,9.91757377597193,0.10000000149011612
22.674,1.0,9.835139928054478,0.10000000149011612
22.724,1.0,9.78026866943886,0.10000000149011612
22.78,1.0,9.780350059953829,0.10000000149011612
22.826,1.0,9.725347987831467,0.10000000149011612
22.88,1.0,9.807626408442028,0.10000000149011612
22.942,1.0,9.698001316624383,0.10000000149011612
22.977,1.0,9.917689470719132,0.10000000149011612
23.027,1.0,9.862557381908927,0.10000000149011612
23.076,1.0,9.807677060883078,0.10000000149011612
23.127,1.0,9.752968976729447,0.10000000149011612
23.175,1.0,9.72530364110652,0.10000000149011612
23.232,1.0,9.835184781274034,0.10000000149011612
23.276,1.0,9.80787961901062,0.10000000149011612
23.327,1.0,9.89011804026862,0.10000000149011612
23.377,1.0,9.917515388565759,0.10000000149011612
23.428,1.0,9.725722173622085,0.10000000149011612
23.475,1.0,9.61548206232902,0.10000000149011612
23.527,1.0,9.86277623238663,0.10000000149011612
23.58,1.0,9.890099885045654,0.10000000149011612
23.628,1.0,9.7255693136197,0.10000000149011612
23.681,1.0,9.780400590184662,0.10000000149011612
23.727,1.0,9.6976268713466,0.10000000149011612
23.778,1.0,9.78013367170675,0.10000000149011612
23.826,1.0,9.725140495763885,0.10000000149011612
23.878,1.0,9.780213218554854,0.10000000149011612
23.926,1.0,9.835485975858237,0.11542818695306778
23.977,1.0,9.835145789819459,0.10000000149011612
24.027,1.0,9.807537640610503,0.10000000149011612
24.08,1.0,9.725144447758794,0.10000000149011612
24.127,1.0,9.725411133530239,0.10000000149011612
24.18,1.0,9.835222432555424,0.10000000149011612
24.225,1.0,9.835236424021423,0.10000000149011612
24.278,1.0,9.862762179287772,0.10000000149011612
24.326,1.0,9.862515659961435,0.10000000149011612
24.383,1.0,9.67064277678728,0.10000000149011612
24.433,1.0,9.780387195075551,0.10000000149011612
24.482,1.0,9.780080688496431,0.10000000149011612
24.537,1.0,9.807648566696379,0.10000000149011612
24.581,1.0,9.725322071587046,0.10000000149011612
24.632,1.0,9.890234393957588,0.10000000149011612
24.683,1.0,9.835198320407006,0.10000000149011612
24.734,1.0,9.94502675903754,0.10000000149011612
24.782,1.0,9.697974975758957,0.10000000149011612
24.836,1.0,9.80757643909504,0.10000000149011612
24.883,1.0,9.780119557533826,0.10000000149011612
24.932,1.0,9.780059459329479,0.10000000149011612
24.986,1.0,9.890192753055857,0.10000000149011612
25.033,1.0,9.725482936720882,0.10000000149011612
25.083,1.0,9.890109038042526,0.10000000149011612
25.132,1.0,9.807821620462668,0.10000000149011612
25.183,1.0,9.69789702664647,0.10000000149011612
25.234,1.0,9.89001186100973,0.10000000149011612
25.283,1.0,9.83506320187201,0.10000000149011612
25.338,1.0,9.698176707161798,0.10000000149011612
25.384,1.0,9.807547345633308,0.10000000149011612
25.435,1.0,9.835284612948696,0.10000000149011612
25.486,1.0,9.752593543049361,0.10000000149011612
25.539,1.0,9.80787267420027,0.10000000149011612
25.586,1.0,9.752643359700839,0.10000000149011612
25.639,1.0,9.752771044895052,0.10000000149011612
25.689,1.0,9.835317136161029,0.10000000149011612
25.737,1.0,9.807774561312463,0.10000000149011612
25.788,1.0,9.862755870653523,0.10000000149011612
25.837,1.0,9.890006588916812,0.10000000149011612
25.887,1.0,9.862725189804204,0.10000000149011612
25.936,1.0,9.697780480939482,0.10000000149011612
25.987,1.0,9.83525283533252,0.10000000149011612
26.039,1.0,9.862650888289014,0.10000000149011612
26.085,1.0,9.752777434554364,0.10000000149011612
26.139,1.0,9.753127271268102,0.10000000149011612
26.188,1.0,9.72533513142003,0.10000000149011612
26.245,1.0,9.862745275513994,0.10000000149011612
26.288,1.0,9.80762201104727,0.10000000149011612
26.348,1.0,9.835161923658516,0.10000000149011612
26.388,1.0,9.917509933188558,0.10000000149011612
26.444,1.0,9.780507911307117,0.10000000149011612
26.49,1.0,9.890000000016556,0.10000000149011612
26.547,1.0,9.725353970709774,0.10000000149011612
26.591,1.0,9.890247201816075,0.10000000149011612
26.639,1.0,9.780308737647202,0.10000000149011612
26.69,1.0,9.807794847091039,0.10000000149011612
26.745,1.0,9.835207698742549,0.10000000149011612
26.79,1.0,9.697768707532022,0.10000000149011612
26.842,1.0,9.670102030328579,0.10000000149011612
26.891,1.0,9.835101022178101,0.10000000149011612
26.942,1.0,9.807845925146507,0.10000000149011612
26.99,1.0,9.725353421601984,0.10000000149011612
27.039,1.0,9.862754192575812,0.10000000149011612
27.098,1.0,9.835151898322835,0.10000000149011612
27.147,1.0,9.890103731780416,0.10000000149011612
27.198,1.0,9.835057790163491,0.10000000149011612
27.25,1.0,9.835125064911942,0.10000000149011612
27.296,1.0,9.780551922859416,0.10000000149011612
27.35,1.0,9.725327398276164,0.10000000149011612
27.397,1.0,9.7529863771879,0.10000000149011612
27.447,1.0,9.780110686210294,0.10000000149011612
27.498,1.0,9.752789141299823,0.10000000149011612
27.548000000000002,1.0,9.807616044042838,0.10000000149011612
27.597,1.0,9.917553409996133,0.10000000149011612
27.65,1.0,9.72537702365468,0.10000000149011612
27.696,1.0,9.64274851505955,0.10000000149011612
27.747,1.0,9.753013163908488,0.10000000149011612
27.796,1.0,9.670381509326399,0.10000000149011612
27.846,1.0,9.80775535342594,0.10000000149011612
27.897,1.0,9.80758469251709,0.10000000149011612
27.95,1.0,9.697747752691308,0.10000000149011612
27.996,1.0,9.752617029307617,0.10000000149011612
28.052,1.0,9.780270591150556,0.10000000149011612
28.099,1.0,9.78024306671901,0.10000000149011612
28.153,1.0,9.807994944126241,0.10000000149011612
28.198,1.0,9.67035471132646,0.10000000149011612
28.25,1.0,9.835324556401206,0.10000000149011612
28.302,1.0,9.725374968805246,0.10000000149011612
28.348,1.0,9.890149868797097,0.10000000149011612
28.398,1.0,9.697969853671061,0.10000000149011612
28.455,1.0,9.780163007312352,0.10000000149011612
28.5,1.0,9.698008998152282,0.10000000149011612
28.55,1.0,9.725385768173469,0.10000000149011612
28.6,1.0,9.752610688801441,0.10000000149011612
28.659,1.0,9.725317491735849,0.10000000149011612
28.699,1.0,9.697810775414109,0.10000000149011612
28.748,1.0,9.835461743569208,0.10203780233860016
28.805,1.0,9.752780907849472,0.10000000149011612
28.847,1.0,9.862620580299861,0.10000000149011612
28.899,1.0,9.83505743454314,0.10000000149011612
28.949,1.0,9.642832654942241,0.10000000149011612
28.999,1.0,9.890163689686192,0.10000000149011612
29.048,1.0,9.780425466224552,0.10000000149011612
29.097,1.0,9.807753361513218,0.10000000149011612
29.148,1.0,9.86263691333847,0.10000000149011612
29.202,1.0,9.835140378752516,0.10000000149011612
29.249,1.0,9.780308994299007,0.10000000149011612
29.298,1.0,9.83521087380747,0.10000000149011612
29.348,1.0,9.752737731134726,0.10000000149011612
29.399,1.0,9.615346790643201,0.10000000149011612
29.458,1.0,9.752929799258709,0.10000000149011612
29.496,1.0,9.75282199403478,0.10000000149011612
29.548000000000002,1.0,9.945000000008278,0.10000000149011612
29.605,1.0,9.862544764785303,0.10000000149011612
29.649,1.0,9.752617529965937,0.10000000149011612
29.7,1.0,9.835106792321636,0.10000000149011612
29.752,1.0,9.835166621560024,0.10000000149011612
29.797,1.0,9.807779075143237,0.10000000149011612
29.85,1.0,9.835175525479846,0.10000000149011612
29.89,1.0,9.780293175412549,0.10000000149011612
29.961,1.0,9.807730947414207,0.10000000149011612
30.004,1.0,9.862651906804079,0.10000000149011612
30.051,1.0,9.752866928341488,0.10000000149011612
30.099,1.0,9.588172954113947,0.10000000149011612
30.157,1.0,9.780209250396325,0.10000000149011612
30.2,1.0,9.7801121291601,0.10000000149011612
30.258,1.0,9.91758751053777,0.10000000149011612
30.298,1.0,9.807749284969436,0.10000000149011612
30.353,1.0,9.862722977726824,0.10000000149011612
30.413,1.0,9.83522787924028,0.10000000149011612
30.45,1.0,9.780082147464984,0.10000000149011612
30.501,1.0,9.780204999115732,0.10000000149011612
30.556,1.0,9.835108442376885,0.10000000149011612
30.602,1.0,9.83527180776,0.10000000149011612
30.656,1.0,9.890304640245935,0.10000000149011612
30.701,1.0,9.890043973281152,0.10000000149011612
30.751,1.0,9.890123371159037,0.10000000149011612
30.802,1.0,9.752777922526002,0.10000000149011612
30.855,1.0,9.835272050172918,0.10000000149011612
30.909,1.0,9.917521524077488,0.10000000149011612
30.953,1.0,9.752823966865739,0.10000000149011612
31.004,1.0,9.835099773709144,0.10000000149011612
31.052,1.0,9.642871135038634,0.10000000149011612
31.105,1.0,9.890181284066703,0.10000000149011612
31.156,1.0,9.862623008547558,0.10000000149011612
31.208,1.0,9.807720471959975,0.10000000149011612
31.253,1.0,9.890097370950713,0.1015954464673996
31.31,1.0,9.862680917502278,0.10000000149011612
31.355,1.0,9.835273278256258,0.10000000149011612
31.41,1.0,9.807628912582166,0.10000000149011612
31.459,1.0,9.752687717705138,0.10000000149011612
31.503,1.0,9.862584672061105,0.10000000149011612
31.555,1.0,9.80771182531284,0.10000000149011612
31.602,1.0,9.725273707074424,0.10000000149011612
31.654,1.0,9.697836858199702,0.10000000149011612
31.705,1.0,9.890158856349688,0.10000000149011612
31.757,1.0,9.75263452573369,0.10000000149011612
31.802,1.0,9.807695019824637,0.10000000149011612
31.855,1.0,9.670578985454307,0.10000000149011612
31.904,1.0,9.725208491914803,0.10000000149011612
31.961,1.0,9.835125299274093,0.10000000149011612
32.005,1.0,9.862630381642116,0.10000000149011612
32.059,1.0,9.862675117266674,0.10000000149011612
32.109,1.0,9.89012825594594,0.10000000149011612
32.159,1.0,9.835078571695421,0.10000000149011612
32.21,1.0,9.890277477271027,0.10000000149011612
32.264,1.0,9.725407623251279,0.10000000149011612
32.314,1.0,9.78031897439311,0.10000000149011612
32.359,1.0,9.560516305764516,0.10000000149011612
32.41,1.0,9.780291967632042,0.10000000149011612
32.462,1.0,9.917629286522667,0.10000000149011612
32.51,1.0,9.780375145810346,0.10000000149011612
32.561,1.0,9.807671836246218,0.10000000149011612
32.61,1.0,9.807801318913699,0.10000000149011612
32.664,1.0,9.725217955580188,0.10000000149011612
32.717,1.0,9.86262101388226,0.10000000149011612
32.761,1.0,9.752761352372666,0.10000000149011612
32.807,1.0,9.670353994642694,0.10000000149011612
32.863,1.0,9.835025543636746,0.10000000149011612
32.909,1.0,9.670615528855059,0.10000000149011612
32.96,1.0,9.80760217220005,0.10000000149011612
33.01,1.0,9.725350280789037,0.10000000149011612
33.06,1.0,9.890112963732745,0.10000000149011612
33.114,1.0,9.86251050049646,0.10000000149011612
33.155,1.0,9.670275923671822,0.10000000149011612
33.212,1.0,9.83513080695023,0.10000000149011612
33.262,1.0,9.862573254398173,0.10000000149011612
33.318,1.0,9.890016727294359,0.10000000149011612
33.361,1.0,9.835355172099339,0.10000000149011612
33.417,1.0,9.835323037724528,0.10000000149011612
33.46,1.0,9.862672000833683,0.10000000149011612
33.511,1.0,9.780426449556318,0.10000000149011612
33.57,1.0,9.72549442520572,0.10000000149011612
33.61,1.0,9.67032719231728,0.10000000149011612
33.661,1.0,9.835248534029557,0.10000000149011612
33.712,1.0,9.917691883817316,0.10000000149011612
33.764,1.0,9.86262797208296,0.10000000149011612
33.811,1.0,9.835099933648275,0.10000000149011612
33.865,1.0,9.917635791955723,0.10000000149011612
33.917,1.0,9.807773775255514,0.10000000149011612
33.96,1.0,9.807625090579192,0.10000000149011612
34.011,1.0,9.835062535003656,0.10000000149011612
34.068,1.0,9.780372321688466,0.10000000149011612
34.114,1.0,9.835044757856263,0.10000000149011612
34.167,1.0,9.835024355620973,0.10000000149011612
34.215,1.0,9.807857270352542,0.10000000149011612
34.263,1.0,9.86288721865664,0.11145751923322678
34.319,1.0,9.780027904464967,0.10000000149011612
34.363,1.0,9.807681720848713,0.10000000149011612
34.413,1.0,9.86260854717758,0.10000000149011612
34.468,1.0,9.698008414751126,0.10000000149011612
34.516,1.0,9.69790433862557,0.10000000149011612
34.563,1.0,9.807822367445462,0.10000000149011612
34.61,1.0,9.725445742760268,0.10000000149011612
34.663,1.0,9.725357432415088,0.10000000149011612
34.714,1.0,9.807639434519741,0.10000000149011612
34.765,1.0,9.725094696941476,0.10000000149011612
34.815,1.0,9.835041665720443,0.10000000149011612
34.866,1.0,9.890177363943723,0.10000000149011612
34.915,1.0,9.835333273828857,0.10000000149011612
34.965,1.0,9.86262534579469,0.10000000149011612
35.017,1.0,9.807563851235642,0.10000000149011612
35.071,1.0,9.835258294476404,0.10000000149011612
35.117,1.0,9.752856798283755,0.10000000149011612
35.168,1.0,9.67050721730209,0.10000000149011612
35.217,1.0,9.807699379842315,0.10000000149011612
35.271,1.0,9.835237848386168,0.10000000149011612
35.317,1.0,9.807698949612677,0.10000000149011612
35.367,1.0,9.780203480252789,0.10000000149011612
35.417,1.0,9.890073234919045,0.10000000149011612
35.476,1.0,9.807943044457998,0.10000000149011612
35.517,1.0,9.862626503449347,0.10000000149011612
35.568,1.0,9.807670640593601,0.10000000149011612
35.617,1.0,9.697778715689976,0.10000000149011612
35.67,1.0,9.83500251956284,0.10000000149011612
35.723,1.0,9.945075766555965,0.11270782351493835
35.769,1.0,9.835127366706729,0.10000000149011612
35.824,1.0,9.890254093044334,0.10000000149011612
35.872,1.0,9.780359132091204,0.10000000149011612
35.921,1.0,9.780541095096204,0.10000000149011612
35.97,1.0,9.80770490821451,0.10000000149011612
36.026,1.0,9.588045583044488,0.10000000149011612
36.072,1.0,9.725438388850954,0.10000000149011612
36.123,1.0,9.752883554932971,0.10000000149011612
36.179,1.0,9.862663165376418,0.10000000149011612
36.222,1.0,9.917621656879783,0.10000000149011612
36.271,1.0,9.83506238559882,0.10000000149011612
36.312,1.0,9.835167112346324,0.10000000149011612
36.373,1.0,9.725334428788887,0.10000000149011612
36.423,1.0,9.835209348032045,0.10000000149011612
36.468,1.0,9.862807381670509,0.10000000149011612
36.521,1.0,9.780377548581196,0.10000000149011612
36.571,1.0,9.78057640273538,0.10000000149011612
36.622,1.0,9.752814955657556,0.10000000149011612
36.672,1.0,9.780226785399847,0.10000000149011612
36.725,1.0,9.807590942912631,0.10000000149011612
36.771,1.0,9.780316819623113,0.10000000149011612
36.82,1.0,9.725121451293429,0.10000000149011612
36.877,1.0,9.807674920703802,0.10000000149011612
36.923,1.0,9.697925668934154,0.10000000149011612
36.971,1.0,9.917717848407726,0.10000000149011612
37.023,1.0,9.75293857757416,0.10000000149011612
37.082,1.0,9.835240724310278,0.10000000149011612
37.123,1.0,9.862696604016755,0.10000000149011612
37.177,1.0,9.807500000028975,0.10000000149011612
37.226,1.0,9.75299006489416,0.10000000149011612
37.273,1.0,9.7529212621765,0.10000000149011612
37.324,1.0,9.643004771818717,0.10000000149011612
37.372,1.0,9.780465906527308,0.10000000149011612
37.424,1.0,9.725645291412043,0.10000000149011612
37.468,1.0,9.862840231859849,0.10000000149011612
37.522,1.0,9.890072137345042,0.10000000149011612
37.574,1.0,9.945037922014793,0.10000000149011612
37.623,1.0,9.72529112626281,0.10000000149011612
37.673,1.0,9.752782961126004,0.10000000149011612
37.722,1.0,9.80782964643505,0.10000000149011612
37.779,1.0,9.890105503011082,0.10000000149011612
37.828,1.0,9.945050524920225,0.10000000149011612
37.875,1.0,9.807719756021267,0.10000000149011612
37.923,1.0,9.780323446790378,0.10000000149011612
37.978,1.0,9.862645711853272,0.10000000149011612
38.027,1.0,9.697766271150774,0.10000000149011612
38.077,1.0,9.75300919726077,0.10000000149011612
38.144,1.0,9.835255887690519,0.10000000149011612
38.179,1.0,9.890135506561233,0.10000000149011612
38.228,1.0,9.91757211200893,0.10000000149011612
38.277,1.0,9.835082899613512,0.10000000149011612
38.325,1.0,9.862642264076404,0.10000000149011612
38.375,1.0,9.835161156290107,0.10000000149011612
38.437,1.0,9.780142039101985,0.10000000149011612
38.478,1.0,9.807543982234266,0.10000000149011612
38.53,1.0,9.752930809764399,0.10000000149011612
38.575,1.0,9.945000000008278,0.10000000149011612
38.628,1.0,9.890000000016556,0.10000000149011612
38.679,1.0,9.780400909193688,0.10000000149011612
38.73,1.0,9.807798062885801,0.10000000149011612
38.778,1.0,9.725262488176424,0.10000000149011612
38.83,1.0,9.890000000016556,0.10000000149011612
38.878,1.0,9.808029954466555,0.10000000149011612
38.928,1.0,9.780176187099682,0.10000000149011612
38.977,1.0,9.780353067173726,0.10000000149011612
39.031,1.0,9.780471888515684,0.10000000149011612
39.08,1.0,9.725281742049589,0.10000000149011612
39.135,1.0,9.807775090593431,0.10000000149011612
39.179,1.0,9.7804192662653,0.10000000149011612
39.238,1.0,9.835149491909478,0.10000000149011612
39.282,1.0,9.780198595093356,0.10000000149011612
39.334,1.0,9.835174825973809,0.10000000149011612
39.388,1.0,9.670286223996017,0.10000000149011612
39.434,1.0,9.670316233527329,0.10000000149011612
39.483,1.0,9.698165418580174,0.10000000149011612
39.538,1.0,9.917525835894049,0.10000000149011612
39.597,1.0,9.890142684471275,0.10000000149011612
39.638,1.0,9.862757742301458,0.10000000149011612
39.691,1.0,9.835240453233322,0.10000000149011612
39.742,1.0,9.6980082085977,0.10000000149011612
39.789,1.0,9.752711145641904,0.10000000149011612
39.838,1.0,9.862921075667773,0.10000000149011612
39.887,1.0,9.780296810323165,0.10000000149011612
39.937,1.0,9.69764889087528,0.10000000149011612
39.99,1.0,9.80757619196342,0.10000000149011612
40.037,1.0,9.807772306994432,0.10000000149011612
40.087,1.0,9.725575404014025,0.10000000149011612
40.136,1.0,9.862653459194634,0.10000000149011612
40.187,1.0,9.890013847500086,0.10000000149011612
40.246,1.0,9.807696294225753,0.10000000149011612
40.289,1.0,9.697969012169374,0.10000000149011612
40.342,1.0,9.780150762117572,0.10000000149011612
40.387,1.0,9.75274710106767,0.10000000149011612
40.443,1.0,9.807848218497302,0.10000000149011612
40.488,1.0,9.752500000037253,0.10000000149011612
40.537,1.0,9.862647704966367,0.10000000149011612
40.587,1.0,9.752606690592236,0.10000000149011612
40.637,1.0,9.780160942446027,0.10000000149011612
40.695,1.0,9.697818899133967,0.10000000149011612
40.738,1.0,9.917561994927626,0.10000000149011612
40.795,1.0,9.80780960050308,0.10000000149011612
40.837,1.0,9.807657515774999,0.10000000149011612
40.888,1.0,9.862655963231292,0.10000000149011612
40.941,1.0,9.697854384034873,0.10000000149011612
40.985,1.0,9.725388951289156,0.10000000149011612
41.048,1.0,9.890157383783825,0.10040783882141113
41.088,1.0,9.72531714466297,0.10000000149011612
41.139,1.0,9.780090063810349,0.10000000149011612
41.189,1.0,9.752796697802841,0.10000000149011612
41.237,1.0,9.725469986328648,0.10000000149011612
41.29,1.0,9.835181158532698,0.10000000149011612
41.336,1.0,9.807597895256347,0.10000000149011612
41.391,1.0,9.780357831323313,0.10000000149011612
41.438,1.0,9.69789518446972,0.10000000149011612
41.491,1.0,9.862500000020695,0.10000000149011612
41.538,1.0,9.807751918977333,0.10000000149011612
41.589,1.0,9.83522106193834,0.10000000149011612
41.638,1.0,9.83526356321656,0.10000000149011612
41.694,1.0,9.642981585053105,0.10000000149011612
41.739,1.0,9.807647419948545,0.10000000149011612
41.787,1.0,9.752738014008436,0.10000000149011612
41.841,1.0,9.697743793245818,0.10000000149011612
41.888,1.0,9.807762274104688,0.10000000149011612
41.94,1.0,9.72532760709938,0.10000000149011612
41.992,1.0,9.890278448371424,0.10000000149011612
42.04,1.0,9.670256027972533,0.10000000149011612
42.087,1.0,9.835038011707365,0.10000000149011612
42.138,1.0,9.835162790512873,0.10000000149011612
42.188,1.0,9.78041718531814,0.10344698280096054
42.238,1.0,9.725323903953864,0.10000000149011612
42.288,1.0,9.890079453815188,0.10000000149011612
42.341,1.0,9.780314183959531,0.10000000149011612
42.392,1.0,9.670416021988624,0.10000000149011612
42.446,1.0,9.780159723158512,0.10000000149011612
42.49,1.0,9.780373684689403,0.10000000149011612
42.54,1.0,9.725192153681483,0.10000000149011612
42.6,1.0,9.780331869568261,0.10000000149011612
42.64,1.0,9.807667852172422,0.10000000149011612
42.686,1.0,9.807939006884892,0.10000000149011612
42.74,1.0,9.780382327300806,0.10000000149011612
42.791,1.0,9.72542392021666,0.10000000149011612
42.841,1.0,9.862576448006763,0.10000000149011612
42.89,1.0,9.780286224890087,0.10000000149011612
42.944,1.0,9.807962503656745,0.10000000149011612
42.99,1.0,9.780335783482426,0.10000000149011612
43.043,1.0,9.780294444701738,0.10000000149011612
43.09,1.0,9.835356762694817,0.10000000149011612
43.147,1.0,9.8902833259561,0.10305073112249374
43.191,1.0,9.752837982897956,0.10000000149011612
43.243,1.0,9.753032561163936,0.10000000149011612
43.287,1.0,9.8077222565189,0.10000000149011612
43.343,1.0,9.80784376487136,0.10000000149011612
43.395,1.0,9.780346098355949,0.10000000149011612
43.447,1.0,9.917580675085386,0.10000000149011612
43.493,1.0,9.752938430528674,0.10000000149011612
43.528,1.0,9.725110461086862,0.10000000149011612
43.598,1.0,9.862606007150477,0.10000000149011612
43.641,1.0,9.698000718487634,0.10000000149011612
43.695,1.0,9.752941991306013,0.10000000149011612
43.751,1.0,9.697772753424942,0.10000000149011612
43.796,1.0,9.80773283686075,0.10000000149011612
43.845,1.0,9.835243808374637,0.10000000149011612
43.895,1.0,9.890027159845664,0.10000000149011612
43.947,1.0,9.615648675026993,0.10000000149011612
43.996,1.0,9.835192412924435,0.10000000149011612
44.054,1.0,9.780190703728133,0.10000000149011612
44.098,1.0,9.80778845590022,0.10000000149011612
44.15,1.0,9.56035498958081,0.10000000149011612
44.2,1.0,9.6978539508457,0.10000000149011612
44.251,1.0,9.780242560472754,0.10000000149011612
44.308,1.0,9.807763385213912,0.10000000149011612
44.351,1.0,9.835273661029836,0.10000000149011612
44.401,1.0,9.725572100343804,0.10000000149011612
44.454,1.0,9.890005224342975,0.10000000149011612
44.502,1.0,9.83518391682042,0.10000000149011612
44.553,1.0,9.697771432023082,0.10000000149011612
44.602,1.0,9.725445186843475,0.10000000149011612
44.654,1.0,9.807716296054423,0.10000000149011612
44.705,1.0,9.780340096126828,0.10000000149011612
44.754,1.0,9.862818130395478,0.10000000149011612
44.801,1.0,9.890000000016556,0.10000000149011612
44.852,1.0,9.835349787337085,0.10000000149011612
44.9,1.0,9.752562039966385,0.10000000149011612
44.951,1.0,9.780551785251333,0.10000000149011612
45.002,1.0,9.890107964620823,0.10000000149011612
45.052,1.0,9.807604244185818,0.10000000149011612
45.102,1.0,9.725102162568106,0.10000000149011612
45.151,1.0,9.67035954648422,0.10000000149011612
45.202,1.0,9.890157844954066,0.10000000149011612
45.254,1.0,9.697781606846386,0.10000000149011612
45.302,1.0,9.807684983996053,0.10000000149011612
45.352,1.0,9.807774701735212,0.10000000149011612
45.401,1.0,9.807801271912952,0.10000000149011612
45.447,1.0,9.807751476247278,0.10000000149011612
45.503,1.0,9.75288366296639,0.10000000149011612
45.557,1.0,9.862572314838568,0.10000000149011612
45.605,1.0,9.80769733823836,0.10000000149011612
45.655,1.0,9.752717043355934,0.10000000149011612
45.703,1.0,9.72558023766097,0.10000000149011612
45.755,1.0,9.752645828347239,0.10000000149011612
45.815,1.0,9.752777963959508,0.10000000149011612
45.856,1.0,9.862633743281993,0.10000000149011612
45.908,1.0,9.75273288840221,0.10000000149011612
45.962,1.0,9.890073149630593,0.10000000149011612
46.01,1.0,9.807602286069757,0.10000000149011612
46.068,1.0,9.780000000033114,0.10000000149011612
46.111,1.0,9.83521663217495,0.10000000149011612
46.163,1.0,9.86260853484273,0.10000000149011612
46.207,1.0,9.753062371888923,0.10000000149011612
46.264,1.0,9.78017910681665,0.10000000149011612
46.323,1.0,9.807682578265666,0.10000000149011612
46.361,1.0,9.560553236471282,0.10000000149011612
46.414,1.0,9.67040588369386,0.10000000149011612
46.46,1.0,9.917654416503177,0.10000000149011612
46.51,1.0,9.917706722000407,0.10000000149011612
46.564,1.0,9.945184330269694,0.12795276939868927
46.616,1.0,9.78029368792971,0.10000000149011612
46.661,1.0,9.83526333162768,0.10000000149011612
46.712,1.0,9.725223787873983,0.10000000149011612
46.763,1.0,9.752814900295602,0.10000000149011612
46.817,1.0,9.835266193913089,0.10000000149011612
46.862,1.0,9.780268053110275,0.10000000149011612
46.915,1.0,9.91754085527112,0.10000000149011612
46.963,1.0,9.83506112402926,0.10000000149011612
47.015,1.0,9.807903994474973,0.10000000149011612
47.077,1.0,9.835237895366218,0.10000000149011612
47.118,1.0,9.725498704136246,0.10000000149011612
47.168,1.0,9.890241210866305,0.10000000149011612
47.23,1.0,9.862679993588891,0.10000000149011612
47.273,1.0,9.780192317441106,0.10000000149011612
47.326,1.0,9.753183883366486,0.10000000149011612
47.366,1.0,9.945229084044694,0.13453073799610138
47.426,1.0,9.725337274393274,0.10000000149011612
47.478,1.0,9.835362683215903,0.10000000149011612
47.528,1.0,9.807789723678596,0.10000000149011612
47.575,1.0,9.86250791437924,0.10000000149011612
47.626,1.0,9.560661186588307,0.10000000149011612
47.682,1.0,9.780331277702418,0.10000000149011612
47.726,1.0,9.642815143697792,0.10000000149011612
47.781,1.0,9.780415653499464,0.10000000149011612
47.833,1.0,9.862785549875763,0.10000000149011612
47.887,1.0,9.78045138751881,0.10000000149011612
47.934,1.0,9.697793340351847,0.10000000149011612
47.988,1.0,9.725539509124227,0.10000000149011612
48.035,1.0,9.670636863075197,0.10000000149011612
48.086,1.0,9.917646326973207,0.11334412544965744
48.135,1.0,9.697747461394304,0.10000000149011612
48.191,1.0,9.78014538043903,0.10000000149011612
48.236,1.0,9.807736041727994,0.10000000149011612
48.285,1.0,9.780123594299786,0.10000000149011612
48.335,1.0,9.752875739542974,0.10000000149011612
48.387,1.0,9.780199152748619,0.10000000149011612
48.436,1.0,9.890209509535795,0.10000000149011612
48.486,1.0,9.890324304666784,0.10331612825393677
48.535,1.0,9.835081928657988,0.10000000149011612
48.588,1.0,9.75269817898257,0.10000000149011612
48.638,1.0,9.862668809750014,0.10000000149011612
48.685,1.0,9.780261087314122,0.10000000149011612
48.734,1.0,9.945089081281589,0.10000000149011612
48.788,1.0,9.780375236562557,0.10000000149011612
48.835,1.0,9.587725789327589,0.10000000149011612
48.885,1.0,9.725206923091577,0.10000000149011612
48.936,1.0,9.807711752338541,0.10000000149011612
48.991,1.0,9.89001318735795,0.10000000149011612
49.035,1.0,9.780382404414317,0.10000000149011612
49.088,1.0,9.64314124584198,0.10000000149011612
49.134,1.0,9.807594149083727,0.10000000149011612
49.186,1.0,9.835229786257777,0.10000000149011612
49.243,1.0,9.670162890416881,0.10000000149011612
49.285,1.0,9.835199865243501,0.10000000149011612
49.337,1.0,9.807753840730422,0.10000000149011612
49.388,1.0,9.835314507161577,0.10000000149011612
49.446,1.0,9.752604577669667,0.10000000149011612
49.49,1.0,9.752672174531552,0.10000000149011612
49.536,1.0,9.862740356040497,0.10000000149011612
49.587,1.0,9.780318674527937,0.10000000149011612
49.636,1.0,9.752840572243763,0.10000000149011612
49.691,1.0,9.862557670825886,0.10000000149011612
49.737,1.0,9.835245880049964,0.10000000149011612
49.788,1.0,9.890129472915497,0.10000000149011612
49.838,1.0,9.807872169775267,0.10000000149011612
49.888,1.0,9.862723500881758,0.10000000149011612
49.937,1.0,9.862575659528375,0.10000000149011612
49.99,1.0,9.890167370066047,0.10000000149011612
50.037,1.0,9.64269573609862,0.10000000149011612
50.09,1.0,9.69810864503185,0.10000000149011612
50.14,1.0,9.835104010399018,0.10000000149011612
50.196,1.0,9.835243134448925,0.10000000149011612
50.239,1.0,9.725515519558556,0.10000000149011612
50.292,1.0,9.835172916596962,0.10000000149011612
50.342,1.0,9.72544836052176,0.10000000149011612
50.398,1.0,9.890039669308397,0.10000000149011612
50.44,1.0,9.808043288129072,0.10000000149011612
50.493,1.0,9.835013003461063,0.10000000149011612
50.54,1.0,9.835059642998708,0.10000000149011612
50.59,1.0,9.78022662150777,0.10000000149011612
50.641,1.0,9.780116312329968,0.10000000149011612
50.704,1.0,9.890286488893132,0.10000000149011612
50.74,1.0,9.807887310410539,0.10000000149011612
50.795,1.0,9.780218749493361,0.10000000149011612
50.841,1.0,9.862802055519488,0.1039835587143898
50.891,1.0,9.835225644686984,0.10000000149011612
50.94,1.0,9.615420431519548,0.10000000149011612
50.997,1.0,9.670587941052185,0.10000000149011612
51.049,1.0,9.807500000028975,0.10000000149011612
51.095,1.0,9.835054008207388,0.10000000149011612
51.151,1.0,9.83503233032922,0.10000000149011612
51.197,1.0,9.917531212253703,0.10000000149011612
51.244,1.0,9.75289051104337,0.10000000149011612
51.299,1.0,9.862552780471741,0.10000000149011612
51.346,1.0,9.835291536297236,0.10000000149011612
51.396,1.0,9.89021456287139,0.10000000149011612
51.443,1.0,9.725305315955646,0.10000000149011612
51.495,1.0,9.945158673015733,0.11320147663354874
51.546,1.0,9.890134202005962,0.10000000149011612
51.595,1.0,9.752848383991255,0.10000000149011612
51.649,1.0,9.835235970736377,0.10000000149011612
51.697,1.0,9.642742773849104,0.10000000149011612
51.745,1.0,9.862720011526513,0.10000000149011612
51.797,1.0,9.807598635947539,0.10000000149011612
51.849,1.0,9.752654429318177,0.10000000149011612
51.893,1.0,9.642868924120235,0.10000000149011612
51.945,1.0,9.917714449825386,0.10000000149011612
51.999,1.0,9.807666606849267,0.10000000149011612
52.056,1.0,9.725240722091662,0.10000000149011612
52.093,1.0,9.64300909071333,0.10000000149011612
52.144,1.0,9.835172520536515,0.10000000149011612
52.196,1.0,9.752692525378531,0.10000000149011612
52.254,1.0,9.725468900158173,0.10000000149011612
52.297,1.0,9.753178322128951,0.10000000149011612
52.349,1.0,9.835221523087885,0.10000000149011612
52.393,1.0,9.670196919122503,0.10000000149011612
52.447,1.0,9.86262681523545,0.10000000149011612
52.503,1.0,9.835367243116101,0.10000000149011612
52.553,1.0,9.752894976093538,0.10000000149011612
52.596,1.0,9.725573661116263,0.10000000149011612
52.646,1.0,9.780051999497745,0.10000000149011612
52.697,1.0,9.945015884314975,0.10000000149011612
52.747,1.0,9.835189928052326,0.10000000149011612
52.799,1.0,9.917623142566946,0.10000000149011612
52.843,1.0,9.698153020710581,0.10000000149011612
52.897,1.0,9.780262702537907,0.10000000149011612
52.947,1.0,9.890237983771497,0.10000000149011612
52.999,1.0,9.725490927178827,0.10000000149011612
53.05,1.0,9.86272648204532,0.10000000149011612
53.098,1.0,9.75292001935757,0.10000000149011612
53.151,1.0,9.7254337190133,0.10000000149011612
53.199,1.0,9.917607673837079,0.10000000149011612
53.249,1.0,9.83507704095294,0.10000000149011612
53.3,1.0,9.725357062514458,0.10000000149011612
53.35,1.0,9.835087305286692,0.10000000149011612
53.399,1.0,9.670447188574407,0.10000000149011612
53.453,1.0,9.72546314348777,0.10000000149011612
53.501,1.0,9.945059587164886,0.11034565418958664
53.558,1.0,9.86258574012253,0.10000000149011612
53.599,1.0,9.807699796143506,0.10000000149011612
53.655,1.0,9.835185575319661,0.10000000149011612
53.704,1.0,9.917500000012417,0.10000000149011612
53.752,1.0,9.890134032857087,0.10000000149011612
53.81,1.0,9.807742826371557,0.10000000149011612
53.852,1.0,9.72546833227906,0.10000000149011612
53.906,1.0,9.890131829347876,0.10000000149011612
53.954,1.0,9.917699213698507,0.10000000149011612
54.002,1.0,9.670241591230862,0.10000000149011612
54.054,1.0,9.780332919851773,0.10000000149011612
54.103,1.0,9.83549926419639,0.10436317324638367
54.153,1.0,9.725490226865643,0.10000000149011612
54.202,1.0,9.72532210101684,0.10000000149011612
54.254,1.0,9.835280413097806,0.10000000149011612
54.301,1.0,9.890361256711184,0.10000000149011612
54.354,1.0,9.752939904274212,0.10000000149011612
54.403,1.0,9.780184372928407,0.10000000149011612
54.456,1.0,9.807654234311647,0.10000000149011612
54.502,1.0,9.862762267618544,0.10000000149011612
54.556,1.0,9.725352302235034,0.10000000149011612
54.612,1.0,9.670613413386874,0.10000000149011612
54.656,1.0,9.780201137272847,0.10000000149011612
54.707,1.0,9.780310616373187,0.10000000149011612
54.756,1.0,9.752755433672831,0.10000000149011612
54.806,1.0,9.862591910651988,0.10000000149011612
54.855,1.0,9.780177671876219,0.10000000149011612
54.905,1.0,9.807780723128882,0.10000000149011612
54.961,1.0,9.780078582279383,0.10000000149011612
55.006,1.0,9.780267009221845,0.10000000149011612
55.062,1.0,9.753030384580294,0.10000000149011612
55.109,1.0,9.780171024923524,0.10000000149011612
55.159,1.0,9.7528513468595,0.10000000149011612
55.204,1.0,9.697719792359406,0.10000000149011612
55.256,1.0,9.86268639365832,0.10000000149011612
55.318,1.0,9.862713155833383,0.10000000149011612
55.366,1.0,9.725440714197854,0.10000000149011612
55.408,1.0,9.643160900328722,0.10000000149011612
55.468,1.0,9.862651017867028,0.10000000149011612
55.507,1.0,9.807623261668615,0.10000000149011612
55.561,1.0,9.69795310265488,0.10000000149011612
55.61,1.0,9.917571224189468,0.10000000149011612
55.666,1.0,9.862633771842553,0.10000000149011612
55.719,1.0,9.780178962213297,0.10000000149011612
55.761,1.0,9.890155796872245,0.10000000149011612
55.813,1.0,9.780179714825419,0.10000000149011612
55.864,1.0,9.89029467528065,0.10161086916923523
55.913,1.0,9.725173648219142,0.10000000149011612
55.962,1.0,9.862633639987973,0.10000000149011612
56.015,1.0,9.807731875052882,0.10000000149011612
56.071,1.0,9.780563047962884,0.10000000149011612
56.114,1.0,9.83519093543291,0.10000000149011612
56.169,1.0,9.8078134768539,0.10000000149011612
56.213,1.0,9.862652160930965,0.10000000149011612
56.262,1.0,9.835179558768868,0.10000000149011612
56.314,1.0,9.807757321062187,0.10000000149011612
56.362,1.0,9.862556072966091,0.10000000149011612
56.414,1.0,9.890205536203252,0.10000000149011612
56.464,1.0,9.780191148155266,0.10000000149011612
56.514,1.0,9.835162084384097,0.10000000149011612
56.567,1.0,9.862597187070383,0.10000000149011612
56.615,1.0,9.807661820203066,0.10000000149011612
56.663,1.0,9.780277641283142,0.10000000149011612
56.718,1.0,9.642948633308212,0.10000000149011612
56.766,1.0,9.862729855854479,0.10000000149011612
56.818,1.0,9.807667817837663,0.10000000149011612
56.866,1.0,9.615667554260128,0.10000000149011612
56.921,1.0,9.807833006295064,0.10000000149011612
56.965,1.0,9.8902077080268,0.10000000149011612
57.021,1.0,9.862769047088094,0.10000000149011612
57.073,1.0,9.83515939253072,0.10000000149011612
57.128,1.0,9.807682670652866,0.10000000149011612
57.173,1.0,9.64314842838794,0.10000000149011612
57.222,1.0,9.862500000020695,0.10000000149011612
57.275,1.0,9.890260469147728,0.10000000149011612
57.333,1.0,9.80769856814295,0.10000000149011612
57.381,1.0,9.80781184921248,0.10000000149011612
57.424,1.0,9.835295227521824,0.10000000149011612
57.482,1.0,9.862529741496676,0.10000000149011612
57.535,1.0,9.945170341990888,0.12407711893320084
57.574,1.0,9.862705372832716,0.10000000149011612
57.627,1.0,9.752722466509375,0.10000000149011612
57.678,1.0,9.835297266042067,0.10000000149011612
57.732,1.0,9.80767283493446,0.10000000149011612
57.777,1.0,9.642767452303733,0.10000000149011612
57.827,1.0,9.780239167354173,0.10000000149011612
57.888,1.0,9.835000000024836,0.10000000149011612
57.926,1.0,9.917500000012417,0.10000000149011612
57.981,1.0,9.917500000012417,0.10000000149011612
58.03,1.0,9.890223877794213,0.10000000149011612
58.08,1.0,9.752936554410391,0.10000000149011612
58.13,1.0,9.835094265267253,0.10000000149011612
58.183,1.0,9.862731977241735,0.10000000149011612
58.239,1.0,9.835226574747098,0.10000000149011612
58.283,1.0,9.94507272080001,0.11189296841621399
58.334,1.0,9.697948215881155,0.10000000149011612
58.383,1.0,9.752957111100356,0.10000000149011612
58.435,1.0,9.670465610176326,0.10000000149011612
58.485,1.0,9.588164489157498,0.10000000149011612
58.53,1.0,9.835292574245896,0.10000000149011612
58.588,1.0,9.780397427475286,0.10000000149011612
58.633,1.0,9.560759922696484,0.10000000149011612
58.684,1.0,9.917500000012417,0.10000000149011612
58.741,1.0,9.890051903844707,0.10000000149011612
58.784,1.0,9.69785688229733,0.10000000149011612
58.834,1.0,9.780285523976717,0.10000000149011612
58.884,1.0,9.945000000008278,0.10000000149011612
58.932,1.0,9.75285718076759,0.10000000149011612
58.982,1.0,9.780320215514964,0.10000000149011612
59.037,1.0,9.780140058923926,0.10000000149011612
59.089,1.0,9.697861686969796,0.10000000149011612
59.132,1.0,9.807667938454284,0.10000000149011612
59.187,1.0,9.862888568577667,0.10000000149011612
59.236,1.0,9.725361159671511,0.10000000149011612
59.283,1.0,9.78025052872383,0.10000000149011612
59.335,1.0,9.862753251132865,0.10000000149011612
59.386,1.0,9.835025230670968,0.10000000149011612
59.435,1.0,9.835129991028872,0.10000000149011612
59.487,1.0,9.835291956551373,0.10000000149011612
59.531,1.0,9.862556743104424,0.10000000149011612
59.584,1.0,9.807868644760715,0.10000000149011612
59.637,1.0,9.725113796525532,0.10000000149011612
59.692,1.0,9.83525005074011,0.10000000149011612
59.734,1.0,9.80751344524324,0.10000000149011612
59.779,1.0,9.808043160993192,0.10000000149011612
59.835,1.0,9.780207977030013,0.10000000149011612
59.892,1.0,9.752878507951067,0.10000000149011612
59.937,1.0,9.86265292086949,0.10000000149011612
59.982,1.0,9.780319514042802,0.10000000149011612
60.035,1.0,9.780184201523662,0.10000000149011612
60.084,1.0,9.72521701078448,0.10000000149011612
60.135,1.0,9.78025262542069,0.10000000149011612
60.183,1.0,9.835436200081475,0.10000000149011612
60.247,1.0,9.807711923557024,0.10000000149011612
60.287,1.0,9.862749767531124,0.10000000149011612
60.339,1.0,9.835216637493836,0.10000000149011612
60.391,1.0,9.725149833576546,0.10000000149011612
60.438,1.0,9.91757593492253,0.10000000149011612
60.488,1.0,9.725067225326267,0.10000000149011612
60.54,1.0,9.643108904506597,0.10000000149011612
60.589,1.0,9.807804580239786,0.10000000149011612
60.639,1.0,9.807609491712517,0.10000000149011612
60.698,1.0,9.615457805121938,0.10000000149011612
60.739,1.0,9.807656600284908,0.10000000149011612
60.791,1.0,9.752832596335146,0.10000000149011612
60.842,1.0,9.752588741170863,0.10000000149011612
60.899,1.0,9.835152030591335,0.10000000149011612
60.94,1.0,9.75289925734202,0.10000000149011612
60.994,1.0,9.945053465974828,0.10302231460809708
61.045,1.0,9.89010101420184,0.10000000149011612
61.095,1.0,9.890391194096042,0.12229659408330917
61.143,1.0,9.972577056205935,0.12774023413658142
61.197,1.0,9.780366242449317,0.10000000149011612
61.244,1.0,9.862623083115452,0.10000000149011612
61.294,1.0,9.697773057222367,0.10000000149011612
61.341,1.0,9.917553387644391,0.10000000149011612
61.396,1.0,9.890052673468988,0.10000000149011612
61.453,1.0,9.80775983437068,0.10000000149011612
61.495,1.0,9.835208533000614,0.10000000149011612
61.56,1.0,9.862606050053405,0.10000000149011612
61.599,1.0,9.697879768866631,0.10000000149011612
61.645,1.0,9.725558613737425,0.10000000149011612
61.702,1.0,9.780335770919919,0.10000000149011612
61.744,1.0,9.807759240724975,0.10000000149011612
61.797,1.0,9.78023080556757,0.10000000149011612
61.845,1.0,9.835262994385428,0.10000000149011612
61.898,1.0,9.780026375667916,0.10000000149011612
61.949,1.0,9.807736554307242,0.10000000149011612
62.001,1.0,9.780329503139688,0.10000000149011612
62.047,1.0,9.862538631260396,0.10000000149011612
62.105,1.0,9.67072065629893,0.10000000149011612
62.149,1.0,9.89006948866364,0.10000000149011612
62.197,1.0,9.807737180549237,0.10000000149011612
62.249,1.0,9.752682279484967,0.10000000149011612
62.298,1.0,9.725233068110214,0.10000000149011612
62.355,1.0,9.780483207810256,0.10000000149011612
62.397,1.0,9.862571402721935,0.10000000149011612
62.449,1.0,9.780327260783977,0.10000000149011612
62.504,1.0,9.807689363157584,0.10000000149011612
62.554,1.0,9.89013031611426,0.10000000149011612
62.608,1.0,9.753046783101228,0.10000000149011612
62.655,1.0,9.75269668214023,0.10000000149011612
62.706,1.0,9.725321893331905,0.10000000149011612
62.76,1.0,9.86266473353737,0.10000000149011612
62.807,1.0,9.725308854381243,0.10000000149011612
62.856,1.0,9.835226576485567,0.10000000149011612
62.908,1.0,9.835157716212173,0.10000000149011612
62.964,1.0,9.752749125038584,0.10000000149011612
63.007,1.0,9.835279850703147,0.10000000149011612
63.056,1.0,9.890120481782489,0.10000000149011612
63.106,1.0,9.862500000020695,0.10000000149011612
63.161,1.0,9.75288856604861,0.10000000149011612
63.205,1.0,9.835026253511508,0.10000000149011612
63.256,1.0,9.862790743427144,0.10000000149011612
63.307,1.0,9.780252571217716,0.10000000149011612
63.357,1.0,9.780245804910859,0.10000000149011612
63.408,1.0,9.83524487444924,0.10000000149011612
63.458,1.0,9.752682009649773,0.10000000149011612
63.514,1.0,9.890225740584235,0.10000000149011612
63.556,1.0,9.835189468972384,0.10000000149011612
63.606,1.0,9.83509224816743,0.10000000149011612
63.659,1.0,9.862509068101645,0.10000000149011612
63.706,1.0,9.86276081343078,0.10000000149011612
63.763,1.0,9.835248685586784,0.10000000149011612
63.807,1.0,9.835070964797504,0.10000000149011612
63.857,1.0,9.94513329377191,0.10000000149011612
63.913,1.0,9.862763643782172,0.10000000149011612
63.959,1.0,9.72525756303221,0.10000000149011612
64.007,1.0,9.945087063540187,0.10000000149011612
64.059,1.0,9.835168286143906,0.10000000149011612
64.108,1.0,9.807769366953936,0.10000000149011612
64.16,1.0,9.75283681659235,0.10000000149011612
64.211,1.0,9.862688714824618,0.10000000149011612
64.263,1.0,9.725112974374658,0.10000000149011612
64.311,1.0,9.83520180620253,0.10000000149011612
64.362,1.0,9.752848957603176,0.10000000149011612
64.417,1.0,9.752800254192618,0.10000000149011612
64.464,1.0,9.862574261137182,0.10000000149011612
64.515,1.0,9.862722323731417,0.10000000149011612
64.562,1.0,9.7528906001192,0.10000000149011612
64.615,1.0,9.890043677720758,0.10000000149011612
64.665,1.0,9.835114709080921,0.10000000149011612
64.72,1.0,9.862626703311172,0.10000000149011612
64.77,1.0,9.725372605481082,0.10000000149011612
64.818,1.0,9.725265805878573,0.10000000149011612
64.867,1.0,9.862843553680513,0.10000000149011612
64.921,1.0,9.615392503970199,0.10000000149011612
64.974,1.0,9.83527686825643,0.10000000149011612
65.019,1.0,9.642919691672756,0.10000000149011612
65.066,1.0,9.753057614941564,0.10000000149011612
65.118,1.0,9.862507529660231,0.10000000149011612
65.167,1.0,9.835227904096246,0.10000000149011612
65.218,1.0,9.835249543686707,0.10000000149011612
65.271,1.0,9.890110184148782,0.10000000149011612
65.318,1.0,9.642928756193982,0.10000000149011612
65.37,1.0,9.917600175614158,0.10000000149011612
65.422,1.0,9.862500000020695,0.10000000149011612
65.473,1.0,9.862621791826355,0.10000000149011612
65.519,1.0,9.807860761901571,0.10000000149011612
65.57,1.0,9.83526053627332,0.10000000149011612
65.632,1.0,9.89013408643918,0.10000000149011612
65.669,1.0,9.862575707067219,0.10000000149011612
65.724,1.0,9.752670557238162,0.10000000149011612
65.77,1.0,9.725281528093749,0.10000000149011612
65.823,1.0,9.917638068935938,0.10000000149011612
65.868,1.0,9.780213662216234,0.10000000149011612
65.923,1.0,9.862614686104159,0.10000000149011612
65.965,1.0,9.780192855497202,0.10000000149011612
66.019,1.0,9.780009372408191,0.10000000149011612
66.069,1.0,9.835279332163433,0.10000000149011612
66.121,1.0,9.890131657177376,0.10000000149011612
66.173,1.0,9.807538348332875,0.10000000149011612
66.221,1.0,9.862718917967545,0.10000000149011612
66.271,1.0,9.862692732695077,0.10000000149011612
66.32,1.0,9.890170588737561,0.10000000149011612
66.371,1.0,9.807811261837681,0.10000000149011612
66.424,1.0,9.862721768414808,0.10000000149011612
66.472,1.0,9.862703311029408,0.10000000149011612
66.511,1.0,9.78025203473452,0.10000000149011612
66.58,1.0,9.780351259952617,0.10000000149011612
66.621,1.0,9.835206644112866,0.10000000149011612
66.671,1.0,9.807584586242834,0.10000000149011612
66.725,1.0,9.725176172124016,0.10000000149011612
66.768,1.0,9.862500000020695,0.10000000149011612
66.823,1.0,9.80781082910382,0.10000000149011612
66.878,1.0,9.780014542179803,0.10000000149011612
66.932,1.0,9.670524670142267,0.10000000149011612
66.974,1.0,9.752828158355422,0.10000000149011612
67.028,1.0,9.780419679068856,0.10000000149011612
67.081,1.0,9.862677175717222,0.10000000149011612
67.124,1.0,9.86271760031167,0.10000000149011612
67.174,1.0,9.807747996619177,0.10000000149011612
67.224,1.0,9.86277863693734,0.10000000149011612
67.276,1.0,9.725380739052262,0.10000000149011612
67.324,1.0,9.807788994577196,0.10000000149011612
67.377,1.0,9.890004835526149,0.10000000149011612
67.441,1.0,9.780265917566915,0.10000000149011612
67.477,1.0,9.697970087722771,0.10000000149011612
67.526,1.0,9.807807583196295,0.10000000149011612
67.585,1.0,9.862617285549641,0.10000000149011612
67.628,1.0,9.89010501154181,0.10000000149011612
67.681,1.0,9.97261239439249,0.1404619812965393
67.726,1.0,9.780255367813838,0.10000000149011612
67.777,1.0,9.725324630985657,0.10000000149011612
67.825,1.0,9.780102828165724,0.10000000149011612
67.876,1.0,9.807544697469307,0.10000000149011612
67.927,1.0,9.89016833599243,0.10000000149011612
67.974,1.0,9.862604186766678,0.10000000149011612
68.026,1.0,9.972549121475055,0.11768373101949692
68.079,1.0,9.86272624714507,0.10000000149011612
68.135,1.0,9.890132820461359,0.10000000149011612
68.177,1.0,9.7256674485902,0.10000000149011612
68.231,1.0,9.753051410677532,0.10000000149011612
68.279,1.0,9.890148843286767,0.10000000149011612
68.336,1.0,9.890040001500811,0.10000000149011612
68.378,1.0,9.807845173858935,0.10000000149011612
68.425,1.0,9.6704284950056,0.10000000149011612
68.477,1.0,9.725079071811503,0.10000000149011612
68.528,1.0,9.725279525150027,0.10000000149011612
68.576,1.0,9.697983348141943,0.10000000149011612
68.626,1.0,9.862792913201783,0.10000000149011612
68.68,1.0,9.78034741681897,0.10000000149011612
68.73,1.0,9.80780548122194,0.10000000149011612
68.782,1.0,9.862690242483383,0.10000000149011612
68.829,1.0,9.752847781177197,0.10000000149011612
68.878,1.0,9.80801857981003,0.10000000149011612
68.932,1.0,9.670364790554675,0.10000000149011612
68.982,1.0,9.72531187677135,0.10000000149011612
69.029,1.0,9.780271536546449,0.10000000149011612
69.078,1.0,9.890231708830429,0.10000000149011612
69.128,1.0,9.75297149879237,0.10000000149011612
69.177,1.0,9.862655753352575,0.10000000149011612
69.231,1.0,9.862604940806825,0.10000000149011612
69.279,1.0,9.752831490917337,0.10000000149011612
69.328,1.0,9.835212853364647,0.10000000149011612
69.371,1.0,9.725205903727975,0.10000000149011612
69.428,1.0,9.835085008024341,0.10000000149011612
69.478,1.0,9.862500000020695,0.10000000149011612
69.534,1.0,9.780413298536505,0.10000000149011612
69.58,1.0,9.890096361624698,0.10000000149011612
69.635,1.0,9.780448973696265,0.10000000149011612
69.687,1.0,9.807756901946332,0.10000000149011612
69.73,1.0,9.725522299607595,0.10000000149011612
69.782,1.0,9.917582678856949,0.10000000149011612
69.831,1.0,9.72528269348873,0.10000000149011612
69.88,1.0,9.697948641102347,0.10000000149011612
69.931,1.0,9.78030474587447,0.10000000149011612
69.983,1.0,9.890078172894816,0.10000000149011612
70.032,1.0,9.86273943591449,0.10000000149011612
70.089,1.0,9.72519421879616,0.10000000149011612
70.139,1.0,9.697818984132674,0.10000000149011612
70.187,1.0,9.807630749709077,0.10000000149011612
70.242,1.0,9.835239044266443,0.10000000149011612
70.294,1.0,9.670332225701875,0.10000000149011612
70.34,1.0,9.75275816625605,0.10000000149011612
70.393,1.0,9.670700468764537,0.10000000149011612
70.441,1.0,9.752854692004622,0.10000000149011612
70.495,1.0,9.917597434586948,0.10000000149011612
70.544,1.0,9.80798451681104,0.10000000149011612
70.594,1.0,9.752882666347755,0.10000000149011612
70.639,1.0,9.807539895590809,0.10000000149011612
70.69,1.0,9.72534649523182,0.10000000149011612
70.74,1.0,9.862647431240314,0.10000000149011612
70.79,1.0,9.807847404666244,0.10000000149011612
70.84,1.0,9.752879188892742,0.10000000149011612
70.892,1.0,9.80769559002171,0.10000000149011612
70.945,1.0,9.780178789794444,0.10000000149011612
70.995,1.0,9.807810305245221,0.10000000149011612
71.04,1.0,9.80756029902647,0.10000000149011612
71.09,1.0,9.780492365091211,0.10000000149011612
71.143,1.0,9.890101299083067,0.10000000149011612
71.191,1.0,9.862875761588414,0.10000000149011612
71.248,1.0,9.780330123110778,0.10000000149011612
71.289,1.0,9.670489860533012,0.10000000149011612
71.34,1.0,9.835237652994692,0.10000000149011612
71.39,1.0,9.64279688824382,0.10000000149011612
71.443,1.0,9.835197909424702,0.10000000149011612
71.493,1.0,9.917500000012417,0.10000000149011612
71.544,1.0,9.725195116880867,0.10000000149011612
71.593,1.0,9.752909889775847,0.10000000149011612
71.643,1.0,9.835122138116922,0.10000000149011612
71.693,1.0,9.91759106595483,0.10000000149011612
71.748,1.0,9.725479320767853,0.10000000149011612
71.792,1.0,9.75281155726148,0.10000000149011612
71.842,1.0,9.945119937861131,0.10943258553743362
71.89,1.0,9.835209761249523,0.10000000149011612
71.943,1.0,9.862748563786347,0.10000000149011612
72.003,1.0,9.75291764382273,0.10000000149011612
72.04,1.0,9.80766951592846,0.10000000149011612
72.096,1.0,9.752620919297138,0.10000000149011612
72.148,1.0,9.862712922133506,0.10000000149011612
72.191,1.0,9.752589792385697,0.10000000149011612
72.253,1.0,9.697872110849453,0.10000000149011612
72.294,1.0,9.642815604122976,0.10000000149011612
72.342,1.0,9.890000000016556,0.10000000149011612
72.393,1.0,9.808076118677855,0.10000000149011612
72.442,1.0,9.752690589903958,0.10000000149011612
72.491,1.0,9.835162409457068,0.10000000149011612
72.544,1.0,9.780267076877257,0.10000000149011612
72.599,1.0,9.780374911303321,0.10000000149011612
72.646,1.0,9.835160210024979,0.10000000149011612
72.693,1.0,9.780154731435081,0.10000000149011612
72.75,1.0,9.890097302467458,0.10000000149011612
72.808,1.0,9.835235704978308,0.10000000149011612
72.849,1.0,9.835070561141604,0.10000000149011612
72.9,1.0,9.945018641278148,0.10000000149011612
72.942,1.0,9.725665074855916,0.10000000149011612
72.999,1.0,9.780559239308868,0.10000000149011612
73.051,1.0,9.670174673158261,0.10000000149011612
73.096,1.0,9.862817150209512,0.10000000149011612
73.15,1.0,9.945150006231334,0.11556641757488251
73.202,1.0,9.725489533961648,0.10000000149011612
73.255,1.0,9.835216689130498,0.10000000149011612
73.301,1.0,9.917627190425993,0.10000000149011612
73.351,1.0,9.752647237893608,0.10000000149011612
73.401,1.0,9.862606449859838,0.10000000149011612
73.45,1.0,9.94501017321729,0.10000000149011612
73.501,1.0,9.780294958750407,0.10000000149011612
73.546,1.0,9.862769778155618,0.10000000149011612
73.6,1.0,9.890246056061653,0.10000000149011612
73.65,1.0,9.80773573929651,0.10000000149011612
73.699,1.0,9.890227699528138,0.10000000149011612
73.75,1.0,9.835355397934714,0.10000000149011612
73.807,1.0,9.670576777391963,0.10000000149011612
73.848,1.0,9.780253612167305,0.10000000149011612
73.899,1.0,9.835000000024836,0.10000000149011612
73.956,1.0,9.780413013406926,0.10000000149011612
74.008,1.0,9.753053890851637,0.10000000149011612
74.055,1.0,9.72536485042009,0.10000000149011612
74.108,1.0,9.862960500580568,0.12339244037866592
74.152,1.0,9.917631219782763,0.10000000149011612
74.203,1.0,9.807879285472962,0.10000000149011612
74.252,1.0,9.890000000016556,0.10000000149011612
74.303,1.0,9.807755059272878,0.10000000149011612
74.353,1.0,9.807741854505407,0.10000000149011612
74.407,1.0,9.780174172048767,0.10000000149011612
74.448,1.0,9.752639518160787,0.10000000149011612
74.503,1.0,9.807792587971521,0.10000000149011612
74.559,1.0,9.80772038805816,0.10000000149011612
74.603,1.0,9.752870693181952,0.10000000149011612
74.656,1.0,9.917503079254594,0.10000000149011612
74.707,1.0,9.670588538837102,0.10000000149011612
74.754,1.0,9.890000000016556,0.10000000149011612
74.805,1.0,9.835476207857331,0.10000000149011612
74.854,1.0,9.862774824144111,0.10000000149011612
74.905,1.0,9.91752884288629,0.10000000149011612
74.955,1.0,9.670393837326102,0.10000000149011612
75.004,1.0,9.890263674511678,0.10000000149011612
75.055,1.0,9.725270695818795,0.10000000149011612
75.105,1.0,9.86267148858557,0.10000000149011612
75.161,1.0,9.807700801081955,0.10000000149011612
75.203,1.0,9.753156123600073,0.10000000149011612
75.254,1.0,9.83539541742454,0.10000000149011612
75.305,1.0,9.835019220660131,0.10000000149011612
75.354,1.0,9.752925420221356,0.10000000149011612
75.403,1.0,9.780091082801421,0.10000000149011612
75.457,1.0,9.807652740387454,0.10000000149011612
75.506,1.0,9.835130748670135,0.10000000149011612
75.553,1.0,9.807817654746275,0.10000000149011612
75.604,1.0,9.670533101550406,0.10000000149011612
75.654,1.0,9.725491290849943,0.10000000149011612
75.702,1.0,9.752692342342602,0.10000000149011612
75.753,1.0,9.807828916195366,0.10000000149011612
75.8,1.0,9.780375785132248,0.10000000149011612
75.855,1.0,9.835296952620977,0.10000000149011612
75.907,1.0,9.86277236574226,0.10000000149011612
75.957,1.0,9.807878913895951,0.10000000149011612
76.005,1.0,9.780101991941532,0.10000000149011612
76.055,1.0,9.697687874444657,0.10000000149011612
76.108,1.0,9.807931203581393,0.10000000149011612
76.155,1.0,9.917538901335663,0.10000000149011612
76.207,1.0,9.83520321055419,0.10000000149011612
76.257,1.0,9.807577263501782,0.10000000149011612
76.305,1.0,9.862666058581736,0.10000000149011612
76.358,1.0,9.807796610995299,0.10000000149011612
76.405,1.0,9.83530869881312,0.10000000149011612
76.453,1.0,9.917558811729153,0.10000000149011612
76.504,1.0,9.86275738546004,0.10000000149011612
76.552,1.0,9.862709613910152,0.10000000149011612
76.604,1.0,9.752708116132352,0.10000000149011612
76.654,1.0,9.642911677621305,0.10000000149011612
76.707,1.0,9.69815278949423,0.10000000149011612
76.755,1.0,9.835287485416565,0.10000000149011612
76.806,1.0,9.807654435829155,0.10000000149011612
76.86,1.0,9.780255784860088,0.10000000149011612
76.904,1.0,9.72529721195913,0.10000000149011612
76.954,1.0,9.807662758003506,0.10000000149011612
77.005,1.0,9.670691137057212,0.10000000149011612
77.056,1.0,9.835180245629616,0.10000000149011612
77.105,1.0,9.807881925441325,0.10000000149011612
77.152,1.0,9.752711785460512,0.10000000149011612
77.206,1.0,9.752937166537675,0.10000000149011612
77.257,1.0,9.670382683041195,0.10000000149011612
77.305,1.0,9.69806986314555,0.10000000149011612
77.354,1.0,9.835197511046298,0.10000000149011612
77.418,1.0,9.807912969878979,0.10000000149011612
77.459,1.0,9.835171544013752,0.10000000149011612
77.51,1.0,9.752901223012143,0.10000000149011612
77.559,1.0,9.780224733385776,0.10000000149011612
77.608,1.0,9.698045878402061,0.10000000149011612
77.664,1.0,9.807591382434799,0.10000000149011612
77.714,1.0,9.670608380354112,0.10000000149011612
77.761,1.0,9.588432086548872,0.10000000149011612
77.816,1.0,9.725273707260689,0.10000000149011612
77.862,1.0,9.780142927728594,0.10000000149011612
77.921,1.0,9.807821258240276,0.10000000149011612
77.963,1.0,9.697769105082585,0.10000000149011612
78.015,1.0,9.780054876953363,0.10000000149011612
78.062,1.0,9.862594997924235,0.10000000149011612
78.116,1.0,9.862656954841482,0.10000000149011612
78.163,1.0,9.780209147309263,0.10000000149011612
78.216,1.0,9.835137909526626,0.10000000149011612
78.265,1.0,9.945000000008278,0.10000000149011612
78.315,1.0,9.807551925008495,0.10000000149011612
78.366,1.0,9.807772874397536,0.10000000149011612
78.415,1.0,9.86264255096515,0.10000000149011612
78.47,1.0,9.642738979413277,0.10000000149011612
78.515,1.0,9.945202160005769,0.13236936926841736
78.566,1.0,9.752840395665004,0.10000000149011612
78.62,1.0,9.80776903985275,0.10000000149011612
78.677,1.0,9.835240859145092,0.10000000149011612
78.719,1.0,9.807644769218232,0.10000000149011612
78.775,1.0,9.862666395948166,0.10000000149011612
78.822,1.0,9.780050344102913,0.10000000149011612
78.871,1.0,9.86272400493423,0.10000000149011612
78.923,1.0,9.807788168618249,0.10000000149011612
78.971,1.0,9.780164078623056,0.10000000149011612
79.019,1.0,9.725105620506737,0.10000000149011612
79.08,1.0,9.780480524814791,0.10000000149011612
79.127,1.0,9.780211659003463,0.10000000149011612
79.177,1.0,9.753021209459337,0.10000000149011612
79.233,1.0,9.780445956045554,0.10000000149011612
79.277,1.0,9.917665104050602,0.10000000149011612
79.331,1.0,9.862803337453968,0.10000000149011612
79.377,1.0,9.835309807749258,0.10000000149011612
79.428,1.0,9.862725059170689,0.10000000149011612
79.482,1.0,9.75287414960977,0.10000000149011612
79.527,1.0,9.725394343791736,0.10000000149011612
79.577,1.0,9.807668787178894,0.10000000149011612
79.627,1.0,9.807773934822116,0.10000000149011612
79.685,1.0,9.807884113676845,0.10000000149011612
79.725,1.0,9.697766522835526,0.10000000149011612
79.781,1.0,9.670468995616668,0.10000000149011612
79.827,1.0,9.807654190580879,0.10000000149011612
79.885,1.0,9.917718317545951,0.10000000149011612
79.93,1.0,9.725247437072296,0.10000000149011612
79.986,1.0,9.835000000024836,0.10000000149011612
80.03,1.0,9.807610732296276,0.10000000149011612
80.08,1.0,9.862750561638839,0.10000000149011612
80.125,1.0,9.91758689445754,0.10000000149011612
80.187,1.0,9.725115081523027,0.10000000149011612
80.231,1.0,9.83515302611308,0.10000000149011612
80.28,1.0,9.780304470389254,0.10000000149011612
80.323,1.0,9.862691049194998,0.10000000149011612
80.383,1.0,9.89007141985413,0.10000000149011612
80.439,1.0,9.917560564188493,0.10000000149011612
80.486,1.0,9.780265558055705,0.10000000149011612
80.522,1.0,9.862655693002873,0.10000000149011612
80.582,1.0,9.835276838640372,0.10000000149011612
80.637,1.0,9.807738926861848,0.10000000149011612
80.683,1.0,9.80766175451378,0.10000000149011612
80.732,1.0,9.835165060642693,0.10000000149011612
80.791,1.0,9.780212393092613,0.10000000149011612
80.835,1.0,9.725280163457825,0.10000000149011612
80.885,1.0,9.752834008302953,0.10000000149011612
80.935,1.0,9.91755486846798,0.10000000149011612
80.988,1.0,9.780261522986823,0.10000000149011612
81.037,1.0,9.72517840495954,0.10000000149011612
81.085,1.0,9.670444413667752,0.10000000149011612
81.137,1.0,9.643150522021784,0.10000000149011612
81.187,1.0,9.78017345731043,0.10000000149011612
81.236,1.0,9.862621002147595,0.10000000149011612
81.286,1.0,9.917612502930893,0.10000000149011612
81.343,1.0,9.725548335806364,0.10000000149011612
81.386,1.0,9.862773251036803,0.10000000149011612
81.436,1.0,9.835378955904808,0.10000000149011612
81.49,1.0,9.890000000016556,0.10000000149011612
81.536,1.0,9.780220459360216,0.10000000149011612
81.589,1.0,9.86254981673426,0.10000000149011612
81.639,1.0,9.807761057590445,0.10000000149011612
81.69,1.0,9.752868164910211,0.10000000149011612
81.749,1.0,9.862725371950203,0.10000000149011612
81.791,1.0,9.725725217991405,0.10000000149011612
81.845,1.0,9.890105516070292,0.10000000149011612
81.896,1.0,9.835189749797186,0.10000000149011612
81.946,1.0,9.835199493956235,0.10000000149011612
81.992,1.0,9.89013720785992,0.10000000149011612
82.045,1.0,9.780404931182662,0.10000000149011612
82.101,1.0,9.752918427478935,0.10000000149011612
82.145,1.0,9.752670506988135,0.10000000149011612
82.198,1.0,9.670321247975032,0.10000000149011612
82.245,1.0,9.642987993193998,0.10000000149011612
82.298,1.0,9.972601412360866,0.13650844991207123
82.349,1.0,9.890110425940819,0.10000000149011612
82.397,1.0,9.91763378928105,0.10000000149011612
82.447,1.0,9.807836366341347,0.10000000149011612
82.499,1.0,9.752736579440533,0.10000000149011612
82.547,1.0,9.862714265473187,0.10000000149011612
82.597,1.0,9.78026704819252,0.10000000149011612
82.648,1.0,9.808051242099868,0.10000000149011612
82.698,1.0,9.890116824727091,0.10000000149011612
82.757,1.0,9.862610634871656,0.10000000149011612
82.803,1.0,9.780418435422083,0.10000000149011612
82.855,1.0,9.835175788112812,0.10000000149011612
82.909,1.0,9.780302695247034,0.10000000149011612
82.956,1.0,9.917500000012417,0.10000000149011612
83.011,1.0,9.807685594943662,0.10000000149011612
83.058,1.0,9.862537860145999,0.10000000149011612
83.103,1.0,9.752676350064576,0.10000000149011612
83.155,1.0,9.780191458885868,0.10000000149011612
83.204,1.0,9.807829890317388,0.10000000149011612
83.254,1.0,9.862606203700933,0.10000000149011612
83.308,1.0,9.780428367004626,0.10000000149011612
83.357,1.0,9.780262424155241,0.10000000149011612
83.411,1.0,9.862757513361673,0.10000000149011612
83.464,1.0,9.945000000008278,0.10000000149011612
83.504,1.0,9.725352145938409,0.10000000149011612
83.554,1.0,9.78017163572626,0.10000000149011612
83.611,1.0,9.78020195963068,0.10000000149011612
83.663,1.0,9.835145048569474,0.10000000149011612
83.704,1.0,9.807791036739946,0.10000000149011612
83.756,1.0,9.807670246457889,0.10000000149011612
83.806,1.0,9.780103012526201,0.10000000149011612
83.855,1.0,9.752646771983969,0.10000000149011612
83.904,1.0,9.862520146887336,0.10000000149011612
83.954,1.0,9.835191913300918,0.10000000149011612
83.995,1.0,9.69784324247804,0.10000000149011612
84.056,1.0,9.725555362614493,0.10000000149011612
84.104,1.0,9.78029964632458,0.10000000149011612
84.153,1.0,9.642901971770657,0.10000000149011612
84.204,1.0,9.835211324712468,0.10000000149011612
84.254,1.0,9.780415165217386,0.10000000149011612
84.304,1.0,9.83526879000581,0.10000000149011612
84.359,1.0,9.807943545240494,0.10000000149011612
84.405,1.0,9.725356240508457,0.10000000149011612
84.455,1.0,9.862855004063912,0.10559622198343277
84.504,1.0,9.752887528886397,0.10000000149011612
84.569,1.0,9.780066607354415,0.10000000149011612
84.604,1.0,9.752617521480554,0.10000000149011612
84.654,1.0,9.86290222282211,0.12095767259597778
84.699,1.0,9.780447390841113,0.10000000149011612
84.759,1.0,9.890147876408365,0.10000000149011612
84.805,1.0,9.835206061622335,0.10000000149011612
84.854,1.0,9.86271194341696,0.10000000149011612
84.912,1.0,9.75288689709786,0.10000000149011612
84.962,1.0,9.725390606932342,0.10000000149011612
85.019,1.0,9.725265383658309,0.10000000149011612
85.063,1.0,9.835048381818666,0.10000000149011612
85.117,1.0,9.780156369072696,0.10000000149011612
85.164,1.0,9.807923916623825,0.10000000149011612
85.216,1.0,9.752737964275811,0.10000000149011612
85.268,1.0,9.807671191895174,0.10000000149011612
85.322,1.0,9.917553126315276,0.10000000149011612
85.365,1.0,9.780258705301417,0.10000000149011612
85.425,1.0,9.6976560095946,0.10000000149011612
85.472,1.0,9.835000000024836,0.10000000149011612
85.515,1.0,9.835260637497736,0.10000000149011612
85.572,1.0,9.807676111327277,0.10000000149011612
85.616,1.0,9.835207547495763,0.10000000149011612
85.666,1.0,9.725447314543029,0.10000000149011612
85.724,1.0,9.7529404224207,0.10000000149011612
85.769,1.0,9.752727796240814,0.10000000149011612
85.822,1.0,9.807500000028975,0.10000000149011612
85.87,1.0,9.89026132190807,0.10763072222471237
85.922,1.0,9.862773307516344,0.10000000149011612
85.981,1.0,9.780329661361046,0.10000000149011612
86.021,1.0,9.89008840214875,0.10000000149011612
86.077,1.0,9.835214058102833,0.10000000149011612
86.122,1.0,9.725463302412795,0.10000000149011612
86.17,1.0,9.807745567026238,0.10000000149011612
86.221,1.0,9.697791829870807,0.10000000149011612
86.279,1.0,9.752861216146913,0.10000000149011612
86.319,1.0,9.780259600405891,0.10000000149011612
86.373,1.0,9.807822397992842,0.10000000149011612
86.42,1.0,9.89012212548405,0.10000000149011612
86.47,1.0,9.862603786111706,0.10000000149011612
86.521,1.0,9.890097883198823,0.10000000149011612
86.573,1.0,9.697584907172455,0.10000000149011612
86.619,1.0,9.91757632125583,0.10000000149011612
86.675,1.0,9.890371688869264,0.12574920058250427
86.726,1.0,9.697813011830052,0.10000000149011612
86.772,1.0,9.890269310048057,0.10000000149011612
86.825,1.0,9.917632618298134,0.10000000149011612
86.871,1.0,9.725359492583408,0.10000000149011612
86.924,1.0,9.862575923278929,0.10000000149011612
86.971,1.0,9.670457064691517,0.10000000149011612
87.028,1.0,9.807673437665734,0.10000000149011612
87.073,1.0,9.807673268123633,0.10000000149011612
87.122,1.0,9.862607553684049,0.10000000149011612
87.174,1.0,9.890016833465133,0.10000000149011612
87.229,1.0,9.835068933500184,0.10000000149011612
87.27,1.0,9.670325550975072,0.10000000149011612
87.318,1.0,9.835109127374986,0.10000000149011612
87.373,1.0,9.615549631478887,0.10000000149011612
87.422,1.0,9.780156342602439,0.10000000149011612
87.477,1.0,9.752726075777577,0.10000000149011612
87.52,1.0,9.780321350321174,0.10000000149011612
87.573,1.0,9.752715965360403,0.10000000149011612
87.627,1.0,9.807618067682617,0.10000000149011612
87.672,1.0,9.807842555497256,0.10000000149011612
87.722,1.0,9.835257532654538,0.10000000149011612
87.779,1.0,9.69786747360809,0.10000000149011612
87.826,1.0,9.862859224962692,0.10000000149011612
87.875,1.0,9.697873482108117,0.10000000149011612
87.927,1.0,9.862826562300324,0.10000000149011612
87.978,1.0,9.890082154236733,0.10000000149011612
88.024,1.0,9.780216722645694,0.10000000149011612
88.074,1.0,9.780147341038617,0.10000000149011612
88.127,1.0,9.945120978541672,0.10000000149011612
88.177,1.0,9.890298965594006,0.10000000149011612
88.224,1.0,9.807750807681845,0.10000000149011612
88.277,1.0,9.86271208172871,0.10000000149011612
88.325,1.0,9.862656571757462,0.10000000149011612
88.377,1.0,9.752812661106388,0.10000000149011612
88.426,1.0,9.917589892053769,0.10000000149011612
88.474,1.0,9.890091602338686,0.10000000149011612
88.527,1.0,9.862732768348522,0.10000000149011612
88.574,1.0,9.91773024621523,0.10000000149011612
88.624,1.0,9.752736666529543,0.10000000149011612
88.675,1.0,9.807651775661443,0.10000000149011612
88.725,1.0,9.69771071585516,0.10000000149011612
88.779,1.0,9.752666343562305,0.10000000149011612
88.824,1.0,9.725367537099455,0.10000000149011612
88.877,1.0,9.725083628296852,0.10000000149011612
88.924,1.0,9.61562352993836,0.10000000149011612
88.978,1.0,9.780170124500161,0.10000000149011612
89.03,1.0,9.807858974031276,0.10000000149011612
89.07,1.0,9.807665032914116,0.10000000149011612
89.128,1.0,9.86267293010735,0.10000000149011612
89.186,1.0,9.78026862481816,0.10000000149011612
89.227,1.0,9.835287427778045,0.10000000149011612
89.281,1.0,9.862605538032948,0.10000000149011612
89.323,1.0,9.80763815022591,0.10000000149011612
89.38,1.0,9.890268056260215,0.10000000149011612
89.427,1.0,9.698033434939052,0.10000000149011612
89.477,1.0,9.945003713274168,0.10000000149011612
89.531,1.0,9.835189483832155,0.10000000149011612
89.581,1.0,9.670294545922015,0.10000000149011612
89.631,1.0,9.917748310334153,0.11748756468296051
89.684,1.0,9.80780305063559,0.10000000149011612
89.731,1.0,9.862605405019389,0.10000000149011612
89.781,1.0,9.890013570938674,0.10000000149011612
89.837,1.0,9.807713040254182,0.10000000149011612
89.882,1.0,9.8626815840188,0.10000000149011612
89.931,1.0,9.697881146230632,0.10000000149011612
89.987,1.0,9.83501619245443,0.10000000149011612
90.031,1.0,9.752744063838488,0.10000000149011612
90.087,1.0,9.807918640826312,0.10000000149011612
90.134,1.0,9.807623910469314,0.10000000149011612
90.182,1.0,9.752989279809926,0.10000000149011612
90.231,1.0,9.807694996810621,0.10000000149011612
90.281,1.0,9.725213808980254,0.10000000149011612
90.34,1.0,9.642847843695845,0.10000000149011612
90.381,1.0,9.780243768812054,0.10000000149011612
90.435,1.0,9.83506537090159,0.10000000149011612
90.486,1.0,9.725476857688692,0.10000000149011612
90.532,1.0,9.7528848728372,0.10000000149011612
90.586,1.0,9.835205649874277,0.10000000149011612
90.632,1.0,9.752803703977001,0.10000000149011612
90.684,1.0,9.835361597128212,0.10000000149011612
90.733,1.0,9.752941134033932,0.10000000149011612
90.787,1.0,9.835085396385855,0.10000000149011612
90.832,1.0,9.945113459250166,0.10000000149011612
90.884,1.0,9.890180633175705,0.10000000149011612
90.934,1.0,9.725509008848006,0.10000000149011612
90.985,1.0,9.807729650226731,0.10000000149011612
91.035,1.0,9.835412141866982,0.10000000149011612
91.09,1.0,9.698172678074075,0.10000000149011612
91.137,1.0,9.890000000016556,0.10000000149011612
91.19,1.0,9.725242852461006,0.10000000149011612
91.233,1.0,9.83536084143238,0.10000000149011612
91.284,1.0,9.835183481396072,0.10000000149011612
91.334,1.0,9.945062720610036,0.10000000149011612
91.385,1.0,9.670395193186899,0.10000000149011612
91.433,1.0,9.862766040406294,0.10000000149011612
91.485,1.0,9.917648873726527,0.10000000149011612
91.533,1.0,9.752677925200098,0.10000000149011612
91.585,1.0,9.862751613143418,0.10000000149011612
91.637,1.0,9.8900233593045,0.10000000149011612
91.685,1.0,9.807697042264044,0.10000000149011612
91.739,1.0,9.890187098375625,0.10000000149011612
91.788,1.0,9.78044388267315,0.10000000149011612
91.832,1.0,9.725324807771377,0.10000000149011612
91.885,1.0,9.890189783440697,0.10000000149011612
91.936,1.0,9.780153597622283,0.10000000149011612
91.986,1.0,9.780455258985361,0.10000000149011612
92.036,1.0,9.862703580885297,0.10000000149011612
92.086,1.0,9.698011789326038,0.10000000149011612
92.135,1.0,9.917778786395987,0.12515081465244293
92.19,1.0,9.80758307195372,0.10000000149011612
92.239,1.0,9.807696724765831,0.10000000149011612
92.287,1.0,9.64289843197912,0.10000000149011612
92.337,1.0,9.835309728028045,0.10000000149011612
92.387,1.0,9.780245038597949,0.10000000149011612
92.438,1.0,9.780228092128205,0.10000000149011612
92.486,1.0,9.725393831585016,0.10000000149011612
92.538,1.0,9.890159929605822,0.10000000149011612
92.587,1.0,9.862707077111635,0.10000000149011612
92.637,1.0,9.890239507084091,0.10000000149011612
92.688,1.0,9.8629501035437,0.10000000149011612
92.747,1.0,9.78046063652469,0.10000000149011612
92.789,1.0,9.752810831161009,0.10000000149011612
92.836,1.0,9.642828598411548,0.10000000149011612
92.891,1.0,9.83508427710169,0.10000000149011612
92.937,1.0,9.807792195118964,0.10000000149011612
92.987,1.0,9.835260017029942,0.10000000149011612
93.037,1.0,9.807651364989578,0.10000000149011612
93.087,1.0,9.862668752566808,0.10000000149011612
93.139,1.0,9.752646871118081,0.10000000149011612
93.188,1.0,9.862659084714121,0.10000000149011612
93.242,1.0,9.780233138489226,0.10000000149011612
93.289,1.0,9.75262817096793,0.10000000149011612
93.339,1.0,9.972562835137877,0.12262064963579178
93.39,1.0,9.862777621961301,0.10000000149011612
93.439,1.0,9.890000000016556,0.10000000149011612
93.492,1.0,9.697892310035725,0.10000000149011612
93.543,1.0,9.972500000004139,0.10000000149011612
93.595,1.0,9.890193176559276,0.10000000149011612
93.639,1.0,9.6980141657922,0.10000000149011612
93.689,1.0,9.64291310010271,0.10000000149011612
93.74,1.0,9.807637940388586,0.10000000149011612
93.788,1.0,9.890116651956406,0.10000000149011612
93.84,1.0,9.862608466152516,0.10000000149011612
93.889,1.0,9.835029861165417,0.10000000149011612
93.94,1.0,9.835181454424228,0.10000000149011612
93.997,1.0,9.807752374062936,0.10000000149011612
94.039,1.0,9.807724906400674,0.10000000149011612
94.09,1.0,9.697821013939878,0.10000000149011612
94.14,1.0,9.862653614042534,0.10000000149011612
94.192,1.0,9.890181032237079,0.10000000149011612
94.241,1.0,9.807788991224434,0.10000000149011612
94.289,1.0,9.643164496330751,0.10000000149011612
94.34,1.0,9.780125811716749,0.10000000149011612
94.39,1.0,9.725189819559455,0.10000000149011612
94.444,1.0,9.69778656673928,0.10000000149011612
94.498,1.0,9.80752582270652,0.10000000149011612
94.544,1.0,9.69831747714844,0.10000000149011612
94.595,1.0,9.752814228046272,0.10000000149011612
94.644,1.0,9.917551663207512,0.10000000149011612
94.694,1.0,9.807669758320683,0.10000000149011612
94.743,1.0,9.807742915509476,0.10000000149011612
94.794,1.0,9.808039945363998,0.10000000149011612
94.846,1.0,9.862643331848085,0.10000000149011612
94.897,1.0,9.835161752667691,0.10000000149011612
94.946,1.0,9.75262442736162,0.10000000149011612
94.995,1.0,9.835381925830411,0.10000000149011612
95.044,1.0,9.752948023544418,0.10000000149011612
95.099,1.0,9.83524395848314,0.10000000149011612
95.146,1.0,9.862500602027609,0.10000000149011612
95.201,1.0,9.807719878500535,0.10000000149011612
95.243,1.0,9.752822652831673,0.10000000149011612
95.294,1.0,9.532978009805083,0.10000000149011612
95.344,1.0,9.807710967751014,0.10000000149011612
95.394,1.0,9.75263941898528,0.10000000149011612
95.445,1.0,9.753021583975189,0.10000000149011612
95.502,1.0,9.890174047876563,0.10000000149011612
95.557,1.0,9.862565142268108,0.10000000149011612
95.603,1.0,9.643108753425379,0.10000000149011612
95.654,1.0,9.862674462091592,0.10000000149011612
95.706,1.0,9.835078575627671,0.10000000149011612
95.754,1.0,9.725070663914085,0.10000000149011612
95.804,1.0,9.697873512655496,0.10000000149011612
95.86,1.0,9.75304932579812,0.10000000149011612
95.901,1.0,9.697871008060044,0.10000000149011612
95.955,1.0,9.642983994757136,0.10000000149011612
96.004,1.0,9.780102027621535,0.10000000149011612
96.058,1.0,9.862588755662243,0.10000000149011612
96.109,1.0,9.75254965422468,0.10000000149011612
96.155,1.0,9.725551879964769,0.10000000149011612
96.208,1.0,9.862684211362566,0.10000000149011612
96.248,1.0,9.835304634666278,0.10000000149011612
96.305,1.0,9.72534199723353,0.10000000149011612
96.356,1.0,9.807798770732349,0.10000000149011612
96.41,1.0,9.835255183859005,0.10000000149011612
96.455,1.0,9.752870348965128,0.10000000149011612
96.505,1.0,9.752906670069528,0.10000000149011612
96.563,1.0,9.89011184061981,0.10000000149011612
96.621,1.0,9.835202545155253,0.10000000149011612
96.659,1.0,9.862749833592938,0.10000000149011612
96.71,1.0,9.6431256118334,0.10000000149011612
96.766,1.0,9.752722131978306,0.10000000149011612
96.812,1.0,9.890091066952381,0.10000000149011612
96.86,1.0,9.835312282190555,0.10000000149011612
96.911,1.0,9.697956056023637,0.10000000149011612
96.962,1.0,9.835060743946169,0.10000000149011612
97.011,1.0,9.835000000024836,0.10000000149011612
97.063,1.0,9.862603499016,0.10000000149011612
97.109,1.0,9.862674446238412,0.10000000149011612
97.162,1.0,9.807695350775289,0.10000000149011612
97.213,1.0,9.780310970503423,0.10000000149011612
97.262,1.0,9.75274989205516,0.10000000149011612
97.311,1.0,9.917654555746251,0.10000000149011612
97.363,1.0,9.72549543362111,0.10000000149011612
97.411,1.0,9.83511999177022,0.10000000149011612
97.463,1.0,9.615414917510417,0.10000000149011612
97.51,1.0,9.835167879362901,0.10000000149011612
97.561,1.0,9.807576415025526,0.10000000149011612
97.614,1.0,9.670267102556924,0.10000000149011612
97.679,1.0,9.725384843742681,0.10000000149011612
97.714,1.0,9.835066450014711,0.10000000149011612
97.768,1.0,9.862606462401649,0.10000000149011612
97.815,1.0,9.697932635620237,0.10000000149011612
97.863,1.0,9.890223457167545,0.10000000149011612
97.913,1.0,9.643027141110764,0.10000000149011612
97.962,1.0,9.835333776122166,0.10000000149011612
98.015,1.0,9.78011783197936,0.10000000149011612
98.068,1.0,9.780171063438885,0.10000000149011612
98.116,1.0,9.917500000012417,0.10000000149011612
98.163,1.0,9.780237506060965,0.10000000149011612
98.213,1.0,9.835088304368158,0.10000000149011612
98.264,1.0,9.835111400754087,0.10000000149011612
98.313,1.0,9.752815932635631,0.10000000149011612
98.368,1.0,9.75285247353216,0.10000000149011612
98.427,1.0,9.807753590432306,0.10000000149011612
98.465,1.0,9.8626294080168,0.10000000149011612
98.517,1.0,9.780364473557306,0.10000000149011612
98.565,1.0,9.862732342216704,0.10000000149011612
98.618,1.0,9.807860978568593,0.10000000149011612
98.664,1.0,9.835241860089203,0.10000000149011612
98.717,1.0,9.862604040859473,0.10000000149011612
98.766,1.0,9.752844992280007,0.10000000149011612
98.818,1.0,9.6978932613093,0.10000000149011612
98.875,1.0,9.807523953231673,0.10000000149011612
98.917,1.0,9.862780745844875,0.10000000149011612
98.97,1.0,9.670439921485054,0.10000000149011612
99.019,1.0,9.86268219517337,0.10000000149011612
99.066,1.0,9.78030538474106,0.10000000149011612
99.119,1.0,9.725327953303026,0.10000000149011612
99.166,1.0,9.89001604411751,0.10000000149011612
99.216,1.0,9.945059324697487,0.10000000149011612
99.272,1.0,9.725442820063067,0.10000000149011612
99.315,1.0,9.752642441478867,0.10000000149011612
99.366,1.0,9.862640618657073,0.10000000149011612
99.417,1.0,9.917639733354251,0.10000000149011612
99.472,1.0,9.862650662350157,0.10000000149011612
99.515,1.0,9.835230537979967,0.10000000149011612
99.567,1.0,9.890124490132763,0.10000000149011612
99.616,1.0,9.86251821892543,0.10000000149011612
99.667,1.0,9.807739372116824,0.10000000149011612
99.716,1.0,9.862733624337448,0.10000000149011612
99.768,1.0,9.862656110814877,0.10000000149011612
99.821,1.0,9.835205421286325,0.10000000149011612
99.871,1.0,9.780402081273497,0.10000000149011612
99.919,1.0,9.917571641525461,0.10000000149011612
99.97,1.0,9.862643815763295,0.10000000149011612
100.018,1.0,9.670114310127165,0.10000000149011612
100.069,1.0,9.752988496070934,0.10000000149011612
100.119,1.0,9.67055451458113,0.10000000149011612
100.177,1.0,9.835217278823256,0.10000000149011612
100.226,1.0,9.780275713072882,0.10000000149011612
100.276,1.0,9.862648502737283,0.10000000149011612
100.332,1.0,9.835149513329897,0.10000000149011612
100.375,1.0,9.862694483891957,0.10000000149011612
100.426,1.0,9.89001850777616,0.10000000149011612
100.482,1.0,9.698040617816151,0.10000000149011612
100.53,1.0,9.890172912180423,0.10000000149011612
100.576,1.0,9.752700785133573,0.10000000149011612
100.627,1.0,9.615331549735533,0.10000000149011612
100.684,1.0,9.752983140096896,0.10000000149011612
100.729,1.0,9.862741534515388,0.10000000149011612
100.777,1.0,9.80799655645258,0.10000000149011612
100.831,1.0,9.862697872705757,0.10000000149011612
100.878,1.0,9.890000000016556,0.10000000149011612
100.93,1.0,9.917619950614041,0.10000000149011612
100.981,1.0,9.807710594021612,0.10000000149011612
101.027,1.0,9.890112949969868,0.10000000149011612
101.08,1.0,9.780149409982066,0.10000000149011612
101.135,1.0,9.615884887882405,0.10000000149011612
101.184,1.0,9.807878319008482,0.10000000149011612
101.228,1.0,9.807851587567065,0.10000000149011612
101.282,1.0,9.890214888937772,0.10000000149011612
101.328,1.0,9.835299765546289,0.10000000149011612
101.378,1.0,9.615326127037406,0.10000000149011612
101.429,1.0,9.890039614008533,0.10000000149011612
101.479,1.0,9.917748502290083,0.11085992306470871
101.531,1.0,9.642605596532425,0.10000000149011612
101.572,1.0,9.725147166930967,0.10000000149011612
101.627,1.0,9.862708944330613,0.10000000149011612
101.678,1.0,9.835224587180548,0.10000000149011612
101.728,1.0,9.753011316868166,0.10000000149011612
101.786,1.0,9.890029366376499,0.10000000149011612
101.84,1.0,9.725228973374598,0.10000000149011612
101.881,1.0,9.807581559340987,0.10000000149011612
101.932,1.0,9.862687481277518,0.10000000149011612
101.982,1.0,9.917500000012417,0.10000000149011612
102.033,1.0,9.753114282277723,0.10000000149011612
102.081,1.0,9.835065921872026,0.10000000149011612
102.131,1.0,9.780252020433545,0.10000000149011612
102.184,1.0,9.80769715571983,0.10000000149011612
102.233,1.0,9.80801560671793,0.10000000149011612
102.291,1.0,9.862608533600966,0.10000000149011612
102.334,1.0,9.862680513391064,0.10000000149011612
102.386,1.0,9.752849133995673,0.10000000149011612
102.436,1.0,9.725294380655718,0.10000000149011612
102.48,1.0,9.725220832270052,0.10000000149011612
102.532,1.0,9.75295507096582,0.10000000149011612
102.583,1.0,9.807643786258996,0.10000000149011612
102.633,1.0,9.725154075502521,0.10000000149011612
102.684,1.0,9.780108779792984,0.10000000149011612
102.737,1.0,9.89011640517662,0.10000000149011612
102.783,1.0,9.890060595816209,0.10000000149011612
102.834,1.0,9.61545354814993,0.10000000149011612
102.883,1.0,9.780267740786076,0.10000000149011612
102.936,1.0,9.862580632956492,0.10000000149011612
102.987,1.0,9.917526910412644,0.10000000149011612
103.036,1.0,9.807788496961196,0.10000000149011612
103.085,1.0,9.945223405626084,0.13068550825119019
103.135,1.0,9.835188799972336,0.10000000149011612
103.197,1.0,9.697848218638036,0.10000000149011612
103.234,1.0,9.862919978052378,0.10154173523187637
103.284,1.0,9.725151731218729,0.10000000149011612
103.335,1.0,9.86276081521064,0.10000000149011612
103.388,1.0,9.697887437024878,0.10000000149011612
103.436,1.0,9.80770283639431,0.10000000149011612
103.488,1.0,9.72554043016086,0.10000000149011612
103.544,1.0,9.780442804905276,0.10000000149011612
103.586,1.0,9.835120871228476,0.10000000149011612
103.635,1.0,9.835340370672444,0.10000000149011612
103.686,1.0,9.91758864319159,0.10000000149011612
103.738,1.0,9.780340993052555,0.10000000149011612
103.786,1.0,9.780431856525441,0.10000000149011612
103.839,1.0,9.890282569742865,0.10000000149011612
103.877,1.0,9.75283633052475,0.10000000149011612
103.936,1.0,9.890126529025535,0.10000000149011612
103.99,1.0,9.862597861099575,0.10000000149011612
104.043,1.0,9.615803978198933,0.10000000149011612
104.089,1.0,9.69787752913932,0.10000000149011612
104.14,1.0,9.862722986129423,0.10000000149011612
104.198,1.0,9.862614031342996,0.10000000149011612
104.239,1.0,9.862723049583535,0.10000000149011612
104.295,1.0,10.0,10.0
104.341,1.0,9.835337268292076,0.10000000149011612
104.391,1.0,9.72545420670261,0.10000000149011612
104.442,1.0,9.80787053445561,0.10000000149011612
104.491,1.0,9.752681617376705,0.10000000149011612
104.542,1.0,9.780195053811703,0.10000000149011612
104.591,1.0,9.835136116378838,0.10000000149011612
104.653,1.0,9.80767319417662,0.10000000149011612
104.691,1.0,9.862631220701669,0.10000000149011612
104.741,1.0,9.780297367047105,0.10000000149011612
104.796,1.0,9.835250028057231,0.10000000149011612
104.847,1.0,9.945243993442919,0.13916313648223877
104.897,1.0,9.835172224293153,0.10000000149011612
104.947,1.0,9.80763981025666,0.10000000149011612
104.995,1.0,9.807878494283392,0.10000000149011612
105.044,1.0,9.807767136953771,0.10000000149011612
105.095,1.0,9.752897317417794,0.10000000149011612
105.144,1.0,9.890080033387575,0.10000000149011612
105.194,1.0,9.807899534495341,0.10000000149011612
105.246,1.0,9.807760457177128,0.10000000149011612
105.299,1.0,9.75279008715103,0.10000000149011612
105.345,1.0,9.835104194821582,0.10000000149011612
105.394,1.0,9.807834763866332,0.10000000149011612
105.444,1.0,9.807664076156087,0.10000000149011612
105.496,1.0,9.780391351030104,0.10000000149011612
105.55,1.0,9.807592057788538,0.10000000149011612
105.599,1.0,9.89014978417092,0.10000000149011612
105.649,1.0,9.725190774537623,0.10000000149011612
105.699,1.0,9.780287873165475,0.10000000149011612
105.756,1.0,9.972500000004139,0.10000000149011612
105.798,1.0,9.780103386959269,0.10000000149011612
105.847,1.0,9.807710996415052,0.10000000149011612
105.899,1.0,9.752992560880053,0.10000000149011612
105.949,1.0,9.807743607357972,0.10000000149011612
106.001,1.0,9.780144290087952,0.10000000149011612
106.051,1.0,9.807839648549756,0.10000000149011612
106.098,1.0,9.917638184461328,0.10000000149011612
106.146,1.0,9.780032282467518,0.10000000149011612
106.199,1.0,9.780245276913046,0.10000000149011612
106.249,1.0,9.752886895607743,0.10000000149011612
106.299,1.0,9.862674888037144,0.10000000149011612
106.349,1.0,9.752687173233264,0.10000000149011612
106.4,1.0,9.835041973719166,0.10000000149011612
106.452,1.0,9.69783944317864,0.10000000149011612
106.499,1.0,9.752707171978223,0.10000000149011612
106.555,1.0,9.807707058348589,0.10000000149011612
106.603,1.0,9.697916521690786,0.10000000149011612
106.653,1.0,9.835170242542194,0.10000000149011612
106.702,1.0,9.890223201467759,0.10129692405462265
106.752,1.0,9.835257547948924,0.10000000149011612
106.804,1.0,9.835180108435452,0.10000000149011612
106.855,1.0,9.725328160718911,0.10000000149011612
106.906,1.0,9.862757923930056,0.11045368015766144
106.952,1.0,9.697871756946874,0.10000000149011612
107.002,1.0,9.780339367149605,0.10000000149011612
107.054,1.0,9.890154283969766,0.10000000149011612
107.101,1.0,9.862754226248297,0.10000000149011612
107.159,1.0,9.697948741374745,0.10000000149011612
107.201,1.0,9.83505349273069,0.10000000149011612
107.254,1.0,9.807738087346983,0.10000000149011612
107.305,1.0,9.780352993516459,0.10000000149011612
107.357,1.0,9.752901613588135,0.10000000149011612
107.41,1.0,9.89004969549262,0.10000000149011612
107.456,1.0,9.80798498245163,0.10000000149011612
107.508,1.0,9.58801535901924,0.10000000149011612
107.558,1.0,9.75270219374862,0.10000000149011612
107.614,1.0,9.80780776248624,0.10000000149011612
107.658,1.0,9.83542061563995,0.10000000149011612
107.709,1.0,9.835301609502899,0.10000000149011612
107.759,1.0,9.917668021904925,0.10000000149011612
107.817,1.0,9.78023095043997,0.10000000149011612
107.859,1.0,9.780219489087662,0.10000000149011612
107.91,1.0,9.890121512880755,0.10000000149011612
107.967,1.0,9.835138973986936,0.10000000149011612
108.014,1.0,9.725410898216069,0.10000000149011612
108.071,1.0,9.697545704369743,0.10000000149011612
108.118,1.0,9.670416361114217,0.10000000149011612
108.169,1.0,9.835297190460066,0.10000000149011612
108.222,1.0,9.643141756744848,0.10000000149011612
108.27,1.0,9.83527659771757,0.10000000149011612
108.32,1.0,9.780546599978374,0.10000000149011612
108.377,1.0,9.725336769036948,0.10000000149011612
108.42,1.0,9.83521154626376,0.10000000149011612
108.474,1.0,9.807758073094819,0.10000000149011612
108.524,1.0,9.835352837045987,0.10000000149011612
108.571,1.0,9.807952798758116,0.10239327698945999
108.62,1.0,9.835282504806916,0.10000000149011612
108.67,1.0,9.75293081007484,0.10000000149011612
108.719,1.0,9.780435153262482,0.10000000149011612
108.779,1.0,9.807981859230333,0.10000000149011612
108.82,1.0,9.917680011855232,0.10000000149011612
108.874,1.0,9.8075474422632,0.10000000149011612
108.925,1.0,9.835266457663643,0.10000000149011612
108.974,1.0,9.72536336210453,0.10000000149011612
109.021,1.0,9.890122002466684,0.10000000149011612
109.07,1.0,9.752673251285321,0.10000000149011612
109.12,1.0,9.780389361021419,0.10000000149011612
109.171,1.0,9.753053102228376,0.10000000149011612
109.22,1.0,9.807702567283478,0.10000000149011612
109.272,1.0,9.807894648445977,0.10000000149011612
109.32,1.0,9.835206479931044,0.10000000149011612
109.373,1.0,9.862779301653307,0.10000000149011612
109.421,1.0,9.807744429860678,0.10000000149011612
109.474,1.0,9.807757907981674,0.10000000149011612
109.521,1.0,9.86264932797187,0.10000000149011612
109.573,1.0,9.588030966598954,0.10000000149011612
109.621,1.0,9.75275234395845,0.10000000149011612
109.671,1.0,9.698081643941501,0.10000000149011612
109.722,1.0,9.807781840095089,0.10083691030740738
109.771,1.0,9.917547621660763,0.10000000149011612
109.822,1.0,9.697920328564942,0.10000000149011612
109.873,1.0,9.835232938970957,0.10000000149011612
109.932,1.0,9.807659414617552,0.10000000149011612
109.972,1.0,9.917565291540491,0.10000000149011612
110.026,1.0,9.780166449170146,0.10000000149011612
110.076,1.0,9.862538159100545,0.10000000149011612
110.124,1.0,9.807845401494868,0.10000000149011612
110.173,1.0,9.752639527970718,0.10000000149011612
110.222,1.0,9.917519125363064,0.10000000149011612
110.278,1.0,9.72530683875084,0.10000000149011612
110.325,1.0,9.807746901839144,0.10000000149011612
110.376,1.0,9.83517753082431,0.10000000149011612
110.433,1.0,9.725378858670592,0.10000000149011612
110.475,1.0,9.67028604671359,0.10000000149011612
110.526,1.0,9.752765055870016,0.10000000149011612
110.581,1.0,9.72528574452218,0.10000000149011612
110.629,1.0,9.67035954795364,0.10000000149011612
110.678,1.0,9.835299311888715,0.10000000149011612
110.727,1.0,9.945109120445947,0.10000000149011612
110.777,1.0,9.670437490050164,0.10000000149011612
110.834,1.0,9.697961573261354,0.10000000149011612
110.876,1.0,9.752720586355363,0.10000000149011612
110.927,1.0,9.835276621890564,0.10000000149011612
110.981,1.0,9.725252118065125,0.10000000149011612
111.036,1.0,9.643021112908091,0.10000000149011612
111.077,1.0,9.890250631007884,0.10000000149011612
111.128,1.0,9.642987976078357,0.10000000149011612
111.179,1.0,9.86260193851259,0.10000000149011612
111.23,1.0,9.890111117789315,0.10000000149011612
111.285,1.0,9.697708974799347,0.10000000149011612
111.327,1.0,9.780401109779875,0.10000000149011612
111.377,1.0,9.725304252054128,0.10000000149011612
111.431,1.0,9.835400734841823,0.10000000149011612
111.481,1.0,9.807913512322639,0.10000000149011612
111.531,1.0,9.780165487134623,0.10000000149011612
111.582,1.0,9.780084048687584,0.10000000149011612
111.63,1.0,9.807941110390756,0.10000000149011612
111.682,1.0,9.725208078531756,0.10000000149011612
111.73,1.0,9.890006389841437,0.10000000149011612
111.781,1.0,9.862599042492608,0.10000000149011612
111.836,1.0,9.86253567458027,0.10000000149011612
111.881,1.0,9.78039660534511,0.10000000149011612
111.938,1.0,9.698059619880384,0.10000000149011612
111.984,1.0,9.780345035116706,0.10000000149011612
112.035,1.0,9.807691713132792,0.10000000149011612
112.083,1.0,9.780427253329092,0.10000000149011612
112.133,1.0,9.725391779260503,0.10000000149011612
112.185,1.0,9.835308980465763,0.10000000149011612
112.234,1.0,9.780355774093833,0.10000000149011612
112.286,1.0,9.890103278867901,0.10000000149011612
112.335,1.0,9.91762326500482,0.10000000149011612
112.385,1.0,9.78015743624419,0.10000000149011612
112.443,1.0,9.807847722040282,0.10000000149011612
112.492,1.0,9.780248947524361,0.10000000149011612
112.542,1.0,9.83513581113269,0.10000000149011612
112.584,1.0,9.807674062521093,0.10000000149011612
112.634,1.0,9.780136513979071,0.10000000149011612
112.684,1.0,9.862675112216836,0.10000000149011612
112.734,1.0,9.752604349226587,0.10000000149011612
112.787,1.0,9.835298935427433,0.10000000149011612
112.838,1.0,9.752928285217948,0.10000000149011612
112.889,1.0,9.725274885756274,0.10000000149011612
112.936,1.0,9.862701144669618,0.10000000149011612
112.988,1.0,9.917580654823945,0.10000000149011612
113.037,1.0,9.752730572430623,0.10000000149011612
113.094,1.0,9.807733083702624,0.10000000149011612
113.142,1.0,9.780126087139879,0.10000000149011612
113.191,1.0,9.890131233260036,0.10000000149011612
113.245,1.0,9.835140958552559,0.10000000149011612
113.295,1.0,9.75292905782246,0.10000000149011612
113.344,1.0,9.807723863505656,0.10000000149011612
113.391,1.0,9.725162311063873,0.10000000149011612
113.446,1.0,9.670501243012646,0.10000000149011612
113.491,1.0,9.752999481413926,0.10000000149011612
113.547,1.0,9.835059597032766,0.10000000149011612
113.595,1.0,9.835120419764685,0.10000000149011612
113.642,1.0,9.862549811373983,0.10000000149011612
113.693,1.0,9.807784487244984,0.10000000149011612
113.74,1.0,9.835230179234511,0.10000000149011612
113.79,1.0,9.615276760690742,0.10000000149011612
113.844,1.0,9.752845498836702,0.10000000149011612
113.884,1.0,9.835226687519915,0.10000000149011612
113.943,1.0,9.890331672959858,0.11851906776428223
113.991,1.0,9.697830522267354,0.10000000149011612
114.04,1.0,9.835362624894413,0.10000000149011612
114.096,1.0,9.780259290337563,0.10000000149011612
114.152,1.0,9.835000000024836,0.10000000149011612
114.193,1.0,9.890045616403222,0.10000000149011612
114.242,1.0,9.835165157583024,0.10000000149011612
114.295,1.0,9.890050058108237,0.10000000149011612
114.346,1.0,9.862656761188473,0.10000000149011612
114.404,1.0,9.698103288705978,0.10000000149011612
114.444,1.0,9.890107323726019,0.10000000149011612
114.494,1.0,9.807521178531978,0.10000000149011612
114.544,1.0,9.835430791166921,0.10000000149011612
114.597,1.0,9.807931480163502,0.10000000149011612
114.652,1.0,9.917664571872187,0.10000000149011612
114.701,1.0,9.835388051118288,0.10000000149011612
114.744,1.0,9.9175621178829,0.10200998187065125
114.798,1.0,9.807608861848712,0.10000000149011612
114.845,1.0,9.807810411498778,0.10000000149011612
114.894,1.0,9.917572468974525,0.10000000149011612
114.948,1.0,9.780330946875942,0.10000000149011612
114.997,1.0,9.780322676959138,0.10000000149011612
115.047,1.0,9.75289937429544,0.10000000149011612
115.099,1.0,9.780317624389298,0.10000000149011612
115.147,1.0,9.643331310111616,0.10000000149011612
115.199,1.0,9.917540504286686,0.10000000149011612
115.248,1.0,9.83537230996622,0.10000000149011612
115.302,1.0,9.780269220202333,0.10000000149011612
115.347,1.0,9.780112979540394,0.10000000149011612
115.408,1.0,9.72531439471576,0.10000000149011612
115.449,1.0,9.725500442584355,0.10000000149011612
115.5,1.0,9.835323400319451,0.10000000149011612
115.548,1.0,9.72540376426445,0.10000000149011612
115.599,1.0,9.670553934698303,0.10000000149011612
115.656,1.0,9.862574750578238,0.10000000149011612
115.703,1.0,9.862624712164203,0.10000000149011612
115.751,1.0,9.807738007667163,0.10000000149011612
115.805,1.0,9.890295961809654,0.10000000149011612
115.858,1.0,9.835050476383831,0.10000000149011612
115.898,1.0,9.945000000008278,0.10000000149011612
115.957,1.0,9.835226422092981,0.10000000149011612
116.004,1.0,9.697840083845788,0.10000000149011612
116.054,1.0,9.807692663288778,0.10000000149011612
116.104,1.0,9.78028342332691,0.10000000149011612
116.153,1.0,9.835254116066627,0.10000000149011612
116.204,1.0,9.670162579893239,0.10000000149011612
116.255,1.0,9.890203397658963,0.10311533510684967
116.308,1.0,9.890281551000145,0.10000000149011612
116.36,1.0,9.807667713736494,0.10000000149011612
116.404,1.0,9.835273756769796,0.10000000149011612
116.458,1.0,9.807827742604745,0.10000000149011612
116.502,1.0,9.86268136329535,0.10000000149011612
116.554,1.0,9.862638728548255,0.10000000149011612
116.604,1.0,9.780291682730118,0.10000000149011612
116.658,1.0,9.752713290457097,0.10000000149011612
116.704,1.0,9.862525668367743,0.10000000149011612
116.756,1.0,9.725281636313431,0.10000000149011612
116.804,1.0,9.862848649774161,0.10000000149011612
116.857,1.0,9.807657570495374,0.10000000149011612
116.903,1.0,9.72528622334616,0.10000000149011612
116.953,1.0,9.725465756778915,0.10000000149011612
117.004,1.0,9.780209136009216,0.10000000149011612
117.053,1.0,9.917685884464946,0.10000000149011612
117.103,1.0,9.75269557374219,0.10000000149011612
117.155,1.0,9.835282335492472,0.10000000149011612
117.209,1.0,9.862602534248596,0.10000000149011612
117.254,1.0,9.807837108398477,0.10000000149011612
117.305,1.0,9.780170872103836,0.10000000149011612
117.354,1.0,9.890000000016556,0.10000000149011612
117.406,1.0,9.862609046697617,0.10000000149011612
117.463,1.0,9.670519445360535,0.10000000149011612
117.51,1.0,9.862727580985261,0.10000000149011612
117.56,1.0,9.86265221449236,0.10000000149011612
117.607,1.0,9.917568935226235,0.10000000149011612
117.656,1.0,9.807752261579864,0.10000000149011612
117.706,1.0,9.725253271290825,0.10000000149011612
117.755,1.0,9.890098524404069,0.10000000149011612
117.805,1.0,9.753060971221162,0.10000000149011612
117.86,1.0,9.835298821888864,0.10000000149011612
117.909,1.0,9.890113236900005,0.10000000149011612
117.96,1.0,9.725198612776067,0.10000000149011612
118.008,1.0,9.835220987308357,0.10000000149011612
118.059,1.0,9.725481103029516,0.10000000149011612
118.114,1.0,9.69768482397,0.10000000149011612
118.16,1.0,9.725190876424312,0.10000000149011612
118.211,1.0,9.807970306960245,0.10000000149011612
118.267,1.0,9.890327171236276,0.10963283479213715
118.311,1.0,9.835086694546044,0.10000000149011612
118.36,1.0,9.835227042477992,0.10000000149011612
118.415,1.0,9.917598221513133,0.10000000149011612
118.46,1.0,9.643280049620403,0.10000000149011612
118.512,1.0,9.69776462200615,0.10000000149011612
118.569,1.0,9.862859803520971,0.10480869561433792
118.611,1.0,9.862813128448195,0.10000000149011612
118.66,1.0,9.807930116831429,0.10004104673862457
118.709,1.0,9.917500000012417,0.10000000149011612
118.761,1.0,9.807621251791716,0.10000000149011612
118.81,1.0,9.807758039463724,0.10000000149011612
118.861,1.0,9.890201838521493,0.10000000149011612
118.915,1.0,9.642754209558998,0.10000000149011612
118.965,1.0,9.780391140571899,0.10000000149011612
119.021,1.0,9.917634839336905,0.10000000149011612
119.062,1.0,9.862665216562648,0.10000000149011612
119.113,1.0,9.75299524491032,0.10000000149011612
119.164,1.0,9.780122627628346,0.10000000149011612
119.212,1.0,9.780460858158767,0.10000000149011612
119.264,1.0,9.862599572560026,0.10000000149011612
119.316,1.0,9.78059688742376,0.10000000149011612
119.368,1.0,9.780471731660267,0.10000000149011612
119.416,1.0,9.725574746831423,0.10000000149011612
119.467,1.0,9.725645255525079,0.10000000149011612
119.521,1.0,9.725418601661092,0.10000000149011612
119.57,1.0,9.917559152820871,0.10000000149011612
119.618,1.0,9.72579682291382,0.10000000149011612
119.663,1.0,9.642745618418687,0.10000000149011612
119.724,1.0,9.807573164626955,0.10000000149011612
119.773,1.0,9.725510369510287,0.10000000149011612
119.821,1.0,9.86263619421257,0.10000000149011612
119.869,1.0,9.780392975008322,0.10000000149011612
119.918,1.0,9.752587649971247,0.10000000149011612
119.968,1.0,9.807662633909947,0.10000000149011612
120.017,1.0,9.86259737364534,0.10000000149011612
120.068,1.0,9.807735966911746,0.10000000149011612
120.127,1.0,9.80771116297692,0.10000000149011612
120.165,1.0,9.862754840714237,0.10000000149011612
120.218,1.0,9.807830333833893,0.10000000149011612
120.268,1.0,9.89001458697021,0.10000000149011612
120.32,1.0,9.780422577365405,0.10000000149011612
120.368,1.0,9.917580059832996,0.10000000149011612
120.417,1.0,9.83546117953956,0.10000000149011612
120.474,1.0,9.807852764137918,0.10000000149011612
120.522,1.0,9.835149025482435,0.10000000149011612
120.574,1.0,9.725300104398695,0.10000000149011612
120.621,1.0,9.670309868144493,0.10000000149011612
120.672,1.0,9.835201285613907,0.10000000149011612
120.727,1.0,9.917665948760177,0.10000000149011612
120.786,1.0,9.807626995299426,0.10000000149011612
120.825,1.0,9.862634524102841,0.10000000149011612
120.875,1.0,9.945000000008278,0.10000000149011612
120.928,1.0,9.917536079200605,0.10000000149011612
120.984,1.0,9.61595482857277,0.10000000149011612
121.024,1.0,9.72542200912204,0.10000000149011612
121.075,1.0,9.670452437715397,0.10000000149011612
121.126,1.0,9.83515291981813,0.10000000149011612
121.168,1.0,9.890270895573,0.10000000149011612
121.232,1.0,9.807596791163087,0.10000000149011612
121.274,1.0,9.83512892536819,0.10000000149011612
121.325,1.0,9.83514744852566,0.10000000149011612
121.374,1.0,9.890297172301345,0.10000000149011612
121.429,1.0,9.780275492411521,0.10000000149011612
121.476,1.0,9.890142009138232,0.10000000149011612
121.53,1.0,9.807515450070301,0.10000000149011612
121.58,1.0,9.890136040643686,0.10000000149011612
121.625,1.0,9.752991249991787,0.10000000149011612
121.674,1.0,9.890132234680156,0.10000000149011612
121.724,1.0,9.835273109686872,0.10000000149011612
121.78,1.0,9.807628254923555,0.10000000149011612
121.832,1.0,9.8627428729708,0.10000000149011612
121.873,1.0,9.807825096696615,0.10000000149011612
121.925,1.0,9.945000000008278,0.10000000149011612
121.975,1.0,9.890256914227374,0.10000000149011612
122.026,1.0,9.67051374365886,0.10000000149011612
122.081,1.0,9.725303319158654,0.10000000149011612
122.131,1.0,9.80778107976334,0.10000000149011612
122.176,1.0,9.780351862083707,0.10000000149011612
122.226,1.0,9.807546410192218,0.10000000149011612
122.277,1.0,9.83510041354845,0.10000000149011612
122.326,1.0,9.807627265424363,0.10000000149011612
122.378,1.0,9.752868328781592,0.10000000149011612
122.426,1.0,9.89008953333315,0.10000000149011612
122.476,1.0,9.752845563822323,0.10000000149011612
122.526,1.0,9.835351933269864,0.10000000149011612
122.576,1.0,9.753113884478807,0.10000000149011612
122.626,1.0,9.752849762452145,0.10000000149011612
122.68,1.0,9.780421125536991,0.10000000149011612
122.727,1.0,9.72522429952191,0.10000000149011612
122.783,1.0,9.862717005776034,0.10000000149011612
122.826,1.0,9.780273625689249,0.10000000149011612
122.875,1.0,9.780307185794744,0.10000000149011612
122.931,1.0,9.835230775632793,0.10000000149011612
122.975,1.0,9.72542180435525,0.10000000149011612
123.026,1.0,9.917573644924495,0.10000000149011612
123.077,1.0,9.643097162143224,0.10000000149011612
123.13,1.0,9.83514225890653,0.10000000149011612
123.174,1.0,9.670264651791918,0.10000000149011612
123.226,1.0,9.807722967138721,0.10000000149011612
123.289,1.0,9.780217214673758,0.10000000149011612
123.326,1.0,9.89011749163684,0.10000000149011612
123.376,1.0,9.862748339358303,0.10000000149011612
123.427,1.0,9.752731016588708,0.10000000149011612
123.482,1.0,9.835000000024836,0.10000000149011612
123.532,1.0,9.752728971507814,0.10000000149011612
123.582,1.0,9.835441222517854,0.10000000149011612
123.631,1.0,9.862767917021282,0.10000000149011612
123.68,1.0,9.862734707920916,0.10000000149011612
123.731,1.0,9.862811673929293,0.10000000149011612
123.785,1.0,9.752794952007632,0.10000000149011612
123.832,1.0,9.835183880519535,0.10000000149011612
123.881,1.0,9.752774398794605,0.10000000149011612
123.935,1.0,9.890173853664763,0.10000000149011612
123.979,1.0,9.862662981988656,0.10000000149011612
124.03,1.0,9.780514113046229,0.10000000149011612
124.08,1.0,9.697967233239776,0.10000000149011612
124.133,1.0,9.835239513032139,0.10000000149011612
124.184,1.0,9.78019016722424,0.10000000149011612
124.235,1.0,9.890128136074377,0.10000000149011612
124.287,1.0,9.752868830267754,0.10000000149011612
124.333,1.0,9.588038871830536,0.10000000149011612
124.383,1.0,9.670362140403853,0.10000000149011612
124.434,1.0,9.890240930910739,0.10000000149011612
124.482,1.0,9.97251678754886,0.10604351758956909
124.532,1.0,9.725345597250595,0.10000000149011612
124.584,1.0,9.7253139667006,0.10000000149011612
124.639,1.0,9.945000000008278,0.10000000149011612
124.684,1.0,9.890188020840288,0.10511697828769684
124.737,1.0,9.89023989898463,0.10000000149011612
124.783,1.0,9.725179947954086,0.10000000149011612
124.833,1.0,9.752760894534488,0.10000000149011612
124.89,1.0,9.752864609203405,0.10000000149011612
124.936,1.0,9.835007640864287,0.10000000149011612
124.983,1.0,9.890059587752653,0.10000000149011612
125.035,1.0,9.69779416544156,0.10000000149011612
125.092,1.0,9.752881281119254,0.10000000149011612
125.135,1.0,9.752778829447925,0.10000000149011612
125.185,1.0,9.752647259003586,0.10000000149011612
125.234,1.0,9.697845331310399,0.10000000149011612
125.289,1.0,9.780044905592998,0.10000000149011612
125.337,1.0,9.890041363011632,0.10000000149011612
125.386,1.0,9.780244793598023,0.10000000149011612
125.434,1.0,9.835102639202443,0.10000000149011612
125.483,1.0,9.97258041749398,0.128950297832489
125.536,1.0,9.807754655554891,0.10000000149011612
125.586,1.0,9.807930249431067,0.10000000149011612
125.635,1.0,9.780265168162684,0.10000000149011612
125.684,1.0,9.835251082935267,0.10000000149011612
125.735,1.0,9.890190196409822,0.10000000149011612
125.785,1.0,9.615374967228208,0.10000000149011612
125.834,1.0,9.835283198931979,0.10000000149011612
125.893,1.0,9.862749990303483,0.10000000149011612
125.94,1.0,9.807751029833323,0.10000000149011612
125.994,1.0,9.835234879040057,0.10000000149011612
126.039,1.0,9.752822025140954,0.10000000149011612
126.089,1.0,9.697878386908107,0.10000000149011612
126.143,1.0,9.890226477757096,0.10000000149011612
126.198,1.0,9.752671486056514,0.10000000149011612
126.241,1.0,9.80780154729469,0.10000000149011612
126.292,1.0,9.917587668034766,0.10000000149011612
126.342,1.0,9.835317673968772,0.10000000149011612
126.395,1.0,9.615389980168807,0.10000000149011612
126.445,1.0,9.752719007287588,0.10000000149011612
126.493,1.0,9.752718447397152,0.10000000149011612
126.551,1.0,9.862683396020698,0.10000000149011612
126.592,1.0,9.752757602743804,0.10000000149011612
126.646,1.0,9.80757544166926,0.10000000149011612
126.691,1.0,9.89016929347482,0.10511468350887299
126.742,1.0,9.917629778654211,0.10000000149011612
126.802,1.0,9.725163250809743,0.10000000149011612
126.841,1.0,9.890201995563176,0.10000000149011612
126.897,1.0,9.807617377324236,0.10000000149011612
126.944,1.0,9.780397798534896,0.10000000149011612
126.997,1.0,9.917577887947362,0.10000000149011612
127.042,1.0,9.835271038942867,0.10000000149011612
127.091,1.0,9.75298944717894,0.10000000149011612
127.143,1.0,9.835274388206502,0.10000000149011612
127.192,1.0,9.890136304683983,0.10000000149011612
127.244,1.0,9.72517557742281,0.10000000149011612
127.297,1.0,9.780237589776515,0.10000000149011612
127.342,1.0,9.807636467326018,0.10000000149011612
127.393,1.0,9.835146544873714,0.10000000149011612
127.442,1.0,9.78004361488339,0.10000000149011612
127.492,1.0,9.725587664275533,0.10000000149011612
127.547,1.0,9.83536563159691,0.10000000149011612
127.596,1.0,9.780159349863728,0.10000000149011612
127.648,1.0,9.753013855674201,0.10000000149011612
127.701,1.0,9.80780294423716,0.10000000149011612
127.753,1.0,9.862840932628346,0.10000000149011612
127.806,1.0,9.835002917589414,0.10000000149011612
127.852,1.0,9.807920214181973,0.10000000149011612
127.905,1.0,9.862856069600417,0.10000000149011612
127.955,1.0,9.835251691482133,0.10000000149011612
128.004,1.0,9.752765121931832,0.10000000149011612
128.053,1.0,9.75275632014705,0.10000000149011612
128.105,1.0,9.78024291942517,0.10000000149011612
128.155,1.0,9.86286078761849,0.10000000149011612
128.207,1.0,9.752769499830901,0.10000000149011612
128.253,1.0,9.670342990280025,0.10000000149011612
128.302,1.0,9.780227724959452,0.10000000149011612
128.354,1.0,9.890191210785673,0.10000000149011612
128.404,1.0,9.917653172690835,0.10000000149011612
128.454,1.0,9.725559839026795,0.10000000149011612
128.505,1.0,9.780523636978533,0.10000000149011612
128.552,1.0,9.807550785545674,0.10000000149011612
128.607,1.0,9.780399150153,0.10000000149011612
128.666,1.0,9.698169680063923,0.10000000149011612
128.705,1.0,9.725386267610721,0.10000000149011612
128.757,1.0,9.780399813523722,0.10000000149011612
128.811,1.0,9.752940050243504,0.10000000149011612
128.858,1.0,9.5606973156126,0.10000000149011612
128.908,1.0,9.89009046200663,0.10000000149011612
128.962,1.0,9.697832765285339,0.10000000149011612
129.006,1.0,9.807647023494873,0.10000000149011612
129.056,1.0,9.698015832942392,0.10000000149011612
129.11,1.0,9.75277684364054,0.10000000149011612
129.162,1.0,9.917601549997926,0.10000000149011612
129.215,1.0,9.80781030209942,0.10000000149011612
129.26,1.0,9.80769310115526,0.10000000149011612
129.31,1.0,9.835192644430531,0.10000000149011612
129.361,1.0,9.890030407781403,0.10000000149011612
129.413,1.0,9.917575481906534,0.10000000149011612
129.466,1.0,9.807977066706453,0.10000000149011612
129.51,1.0,9.91757250117759,0.10000000149011612
129.56,1.0,9.752849223795865,0.10000000149011612
129.617,1.0,9.835184818237192,0.10000000149011612
129.669,1.0,9.80758380645679,0.10000000149011612
129.713,1.0,9.835223235148522,0.10000000149011612
129.763,1.0,9.807586432041393,0.10000000149011612
129.813,1.0,9.835140362050797,0.10000000149011612
129.871,1.0,9.780149510316551,0.10000000149011612
129.916,1.0,9.78006247513824,0.10000000149011612
129.967,1.0,9.697718670840064,0.10000000149011612
130.016,1.0,9.670368138307499,0.10000000149011612
130.066,1.0,9.725298018091255,0.10000000149011612
130.125,1.0,9.807699629995557,0.10000000149011612
130.168,1.0,9.835001881896622,0.10000000149011612
130.217,1.0,9.670291631379062,0.10000000149011612
130.268,1.0,9.752663597775003,0.10000000149011612
130.325,1.0,9.780144355632364,0.10000000149011612
130.368,1.0,9.78023788349496,0.10000000149011612
130.418,1.0,9.780478141270578,0.10000000149011612
130.47,1.0,9.862621360023816,0.10000000149011612
130.519,1.0,9.807654460105631,0.10000000149011612
130.575,1.0,9.697718417396148,0.10000000149011612
130.617,1.0,9.862937791790399,0.10000000149011612
130.67,1.0,9.698017044054966,0.10000000149011612
130.718,1.0,9.890207374675406,0.10000000149011612
130.774,1.0,9.86263693695267,0.10000000149011612
130.823,1.0,9.780085579409368,0.10000000149011612
130.869,1.0,9.862515707872808,0.10000000149011612
130.919,1.0,9.780461391247808,0.10000000149011612
130.97,1.0,9.697776314222978,0.10000000149011612
131.026,1.0,9.75281540983253,0.10000000149011612
131.074,1.0,9.862718676858478,0.10106417536735535
131.126,1.0,9.807786273770034,0.10000000149011612
131.173,1.0,9.752508344025248,0.10000000149011612
131.225,1.0,9.862667450495064,0.10000000149011612
131.273,1.0,9.890186228230595,0.10000000149011612
131.323,1.0,9.780253629738258,0.10000000149011612
131.372,1.0,9.835000000024836,0.10000000149011612
131.424,1.0,9.807876455266442,0.10000000149011612
131.477,1.0,9.78034471590072,0.10000000149011612
131.528,1.0,9.835475213225518,0.10282439738512039
131.578,1.0,9.725267014631795,0.10000000149011612
131.627,1.0,9.752857304343747,0.10000000149011612
131.677,1.0,9.835116674668258,0.10000000149011612
131.729,1.0,9.780217429602311,0.10000000149011612
131.783,1.0,9.670534286792908,0.10000000149011612
131.828,1.0,9.807623152931532,0.10000000149011612
131.878,1.0,9.725347756677204,0.10000000149011612
131.928,1.0,9.725014609139826,0.10000000149011612
131.98,1.0,9.752632996646895,0.10000000149011612
132.032,1.0,9.725421722502345,0.10000000149011612
132.081,1.0,9.807776308908231,0.10000000149011612
132.135,1.0,9.7528905728211,0.10000000149011612
132.19,1.0,9.725348251457843,0.10000000149011612
132.23,1.0,9.890386093118124,0.1266724020242691
132.283,1.0,9.835306545574632,0.10000000149011612
132.334,1.0,9.752669241382844,0.10000000149011612
132.383,1.0,9.890003080024487,0.10000000149011612
132.435,1.0,9.890259957003098,0.10000000149011612
132.484,1.0,9.862642884171672,0.10000000149011612
132.534,1.0,9.862556167422897,0.10000000149011612
132.584,1.0,9.72543106360568,0.10000000149011612
132.634,1.0,9.807663370006614,0.10000000149011612
132.685,1.0,9.807677011398805,0.10000000149011612
132.742,1.0,9.945196170732379,0.1267629861831665
132.783,1.0,9.917561054767834,0.10000000149011612
132.835,1.0,9.642676693138977,0.10000000149011612
132.883,1.0,9.945123263717525,0.10000000149011612
132.934,1.0,9.78029672232353,0.10000000149011612
132.983,1.0,9.808002345719272,0.10000000149011612
133.038,1.0,9.780177066185407,0.10000000149011612
133.085,1.0,9.835142709687352,0.10000000149011612
133.135,1.0,9.945000000008278,0.10000000149011612
133.184,1.0,9.670621283124719,0.10000000149011612
133.238,1.0,9.752737682498992,0.10000000149011612
133.286,1.0,9.890113248075876,0.10000000149011612
133.337,1.0,9.890101009172698,0.10000000149011612
133.391,1.0,9.780285865606533,0.10000000149011612
133.441,1.0,9.808013681694865,0.10000000149011612
133.491,1.0,9.780606243738697,0.10000000149011612
133.541,1.0,9.670172800061604,0.10000000149011612
133.595,1.0,9.725457461364567,0.10000000149011612
133.648,1.0,9.807585182930861,0.10000000149011612
133.689,1.0,9.83522112088071,0.10000000149011612
133.745,1.0,9.917684417611195,0.10000000149011612
133.796,1.0,9.862645170465111,0.10000000149011612
133.844,1.0,9.725226539538966,0.10000000149011612
133.895,1.0,9.862500000020695,0.10000000149011612
133.949,1.0,9.807592863403261,0.10000000149011612
134.005,1.0,9.780132214145528,0.10000000149011612
134.045,1.0,9.890228439205222,0.10000000149011612
134.096,1.0,9.780333732585941,0.10000000149011612
134.146,1.0,9.780045090429486,0.10000000149011612
134.203,1.0,9.862912429393166,0.10000000149011612
134.25,1.0,9.945125834747321,0.12204228341579437
134.302,1.0,9.862584997817047,0.10000000149011612
134.352,1.0,9.725383403235012,0.10000000149011612
134.4,1.0,9.890062003355059,0.10000000149011612
134.456,1.0,9.835288649155862,0.10000000149011612
134.501,1.0,9.670276265798343,0.10000000149011612
134.552,1.0,9.780152505615519,0.10000000149011612
134.605,1.0,9.725497233453725,0.10000000149011612
134.651,1.0,9.86263047322217,0.10000000149011612
134.701,1.0,9.670277056677474,0.10000000149011612
134.751,1.0,9.780287708031635,0.10000000149011612
134.801,1.0,9.75277566086087,0.10000000149011612
134.859,1.0,9.835055605239338,0.10000000149011612
134.907,1.0,9.862684392825598,0.10000000149011612
134.956,1.0,9.862815907018053,0.10000000149011612
135.001,1.0,9.753047647803195,0.10000000149011612
135.05,1.0,9.862611082630853,0.10000000149011612
135.101,1.0,9.862541827725039,0.10000000149011612
135.154,1.0,9.752644498108161,0.10000000149011612
135.201,1.0,9.75274139644785,0.10000000149011612
135.251,1.0,9.725244019780721,0.10000000149011612
135.305,1.0,9.75291813313961,0.10000000149011612
135.356,1.0,9.835224175246225,0.10000000149011612
135.402,1.0,9.75268017432342,0.10000000149011612
135.447,1.0,9.807684418165849,0.10000000149011612
135.501,1.0,9.890269466696514,0.10000000149011612
135.552,1.0,9.83509081720064,0.10000000149011612
135.602,1.0,9.72533133837084,0.10000000149011612
135.652,1.0,9.64293796658102,0.10000000149011612
135.702,1.0,9.890000000016556,0.10000000149011612
135.756,1.0,9.835268027438886,0.10000000149011612
135.801,1.0,9.780108865433268,0.10000000149011612
135.853,1.0,9.91763540137973,0.10000000149011612
135.911,1.0,9.835269764003653,0.10000000149011612
135.953,1.0,9.890123968757688,0.10000000149011612
136.003,1.0,9.862546108042201,0.10000000149011612
136.054,1.0,9.890125528081423,0.10000000149011612
136.106,1.0,9.835043161693546,0.10000000149011612
136.152,1.0,9.780106103896268,0.10000000149011612
136.203,1.0,9.80798682063404,0.10000000149011612
136.252,1.0,9.807781536132097,0.10000000149011612
136.302,1.0,9.890274980291725,0.111591637134552
136.352,1.0,9.862776579045587,0.10000000149011612
136.403,1.0,9.890317404187387,0.11164804548025131
136.459,1.0,9.752876541225447,0.10000000149011612
136.509,1.0,9.807923097742929,0.10000000149011612
136.553,1.0,9.862605379045837,0.10000000149011612
136.603,1.0,9.697843866133027,0.10000000149011612
136.656,1.0,9.862691911868751,0.10000000149011612
136.704,1.0,9.807904981387159,0.10000000149011612
136.754,1.0,9.753004116709862,0.10000000149011612
136.805,1.0,9.835355181598828,0.10000000149011612
136.855,1.0,9.752702316931552,0.10000000149011612
136.905,1.0,9.78040458276454,0.10000000149011612
136.954,1.0,9.945072534369926,0.10000000149011612
136.997,1.0,9.725290218285389,0.10000000149011612
137.051,1.0,9.862821106819643,0.10000000149011612
137.104,1.0,9.725463833597798,0.10000000149011612
137.154,1.0,9.780266370479431,0.10000000149011612
137.204,1.0,9.725569839672081,0.10000000149011612
137.256,1.0,9.917588865363763,0.10000000149011612
137.302,1.0,9.83513634790563,0.10000000149011612
137.355,1.0,9.642980106361211,0.10000000149011612
137.402,1.0,9.807674975506961,0.10000000149011612
137.453,1.0,9.862843920663,0.10000000149011612
137.503,1.0,9.78022026270628,0.10000000149011612
137.554,1.0,9.752928746636544,0.10000000149011612
137.61,1.0,9.862593571655452,0.10000000149011612
137.658,1.0,9.917702132608328,0.10000000149011612
137.708,1.0,9.69788601114932,0.10000000149011612
137.761,1.0,9.862686993533538,0.10000000149011612
137.81,1.0,9.862749186406534,0.10000000149011612
137.856,1.0,9.752944976236257,0.10000000149011612
137.907,1.0,9.67075334555573,0.10000000149011612
137.967,1.0,9.72525039927827,0.10000000149011612
138.008,1.0,9.780074278244541,0.10000000149011612
138.062,1.0,9.807650767970417,0.10000000149011612
138.107,1.0,9.780099635778202,0.10000000149011612
138.161,1.0,9.752611828926536,0.10000000149011612
138.212,1.0,9.7801631687209,0.10000000149011612
138.258,1.0,9.807769828434619,0.10000000149011612
138.31,1.0,9.697848074469302,0.10000000149011612
138.36,1.0,9.835172172780666,0.10000000149011612
138.407,1.0,9.780331141253312,0.10000000149011612
138.458,1.0,9.6702177596175,0.10000000149011612
138.508,1.0,9.835087544615899,0.10000000149011612
138.558,1.0,9.643078941893247,0.10000000149011612
138.607,1.0,9.780490216509335,0.10000000149011612
138.659,1.0,9.86283674184233,0.10000000149011612
138.718,1.0,9.917504572350946,0.10000000149011612
138.758,1.0,9.835215323770212,0.10000000149011612
138.808,1.0,9.780472755618394,0.10000000149011612
138.864,1.0,9.780073573316137,0.10000000149011612
138.916,1.0,9.80764824723204,0.10000000149011612
138.957,1.0,9.752755097072157,0.10000000149011612
139.008,1.0,9.890191998974316,0.10000000149011612
139.06,1.0,9.890192224954566,0.10000000149011612
139.101,1.0,9.807682652109198,0.10000000149011612
139.159,1.0,9.835072229657737,0.10000000149011612
139.21,1.0,9.835389890190628,0.10000000149011612
139.258,1.0,9.532957028411328,0.10000000149011612
139.308,1.0,9.78009846843779,0.10000000149011612
139.358,1.0,9.807635098281834,0.10000000149011612
139.411,1.0,9.725584982563223,0.10000000149011612
139.459,1.0,9.725500658361447,0.10000000149011612
139.504,1.0,9.835241265450087,0.10000000149011612
139.558,1.0,9.643066103280418,0.10000000149011612
139.609,1.0,9.835353547686504,0.10000000149011612
139.658,1.0,9.80783867980871,0.10000000149011612
139.71,1.0,9.807787410004272,0.10000000149011612
139.76,1.0,9.725496615386671,0.10000000149011612
139.809,1.0,9.835287442182501,0.10000000149011612
139.86,1.0,9.89021621880432,0.10000000149011612
139.912,1.0,9.780294681381848,0.10000000149011612
139.96,1.0,9.752884384203288,0.10000000149011612
140.014,1.0,9.752749201427731,0.10000000149011612
140.061,1.0,9.945091598998342,0.10000000149011612
140.111,1.0,9.780240684996048,0.10000000149011612
140.153,1.0,9.8076444024841,0.10000000149011612
140.211,1.0,9.752791169616911,0.10000000149011612
140.262,1.0,9.835206474550068,0.10000000149011612
140.313,1.0,9.945125275125934,0.10000000149011612
140.362,1.0,9.725608157532083,0.10000000149011612
140.421,1.0,9.945016502278547,0.10000000149011612
140.466,1.0,9.69805672655089,0.10000000149011612
140.516,1.0,9.890108030061755,0.10000000149011612
140.568,1.0,9.725307860453096,0.10000000149011612
140.617,1.0,9.752743355019225,0.10000000149011612
140.665,1.0,9.58801885176864,0.10000000149011612
140.716,1.0,9.807756543283661,0.10000000149011612
140.766,1.0,9.835187068705757,0.10000000149011612
140.818,1.0,9.862599159984125,0.10000000149011612
140.866,1.0,9.890379880389405,0.10000000149011612
140.916,1.0,9.862633266486228,0.10000000149011612
140.967,1.0,9.75290372017771,0.10000000149011612
141.022,1.0,9.780603494205408,0.10000000149011612
141.069,1.0,9.917770089229776,0.11784165352582932
141.114,1.0,9.890183890900678,0.10000000149011612
141.166,1.0,9.75280905717777,0.10000000149011612
141.217,1.0,9.862878916536769,0.10000000149011612
141.27,1.0,9.807789957068033,0.10000000149011612
141.319,1.0,9.780306519485181,0.10000000149011612
141.37,1.0,9.780330685298477,0.10000000149011612
141.419,1.0,9.780193087893227,0.10000000149011612
141.47,1.0,9.862548577392268,0.10000000149011612
141.519,1.0,9.890032531383136,0.10000000149011612
141.576,1.0,9.862662826354304,0.10000000149011612
141.62,1.0,9.86271011941135,0.10000000149011612
141.672,1.0,9.917611210834648,0.10000000149011612
141.721,1.0,9.835351616392533,0.10000000149011612
141.772,1.0,9.862672980005543,0.10000000149011612
141.822,1.0,9.807561222422454,0.10000000149011612
141.872,1.0,9.807985703067647,0.10000000149011612
141.925,1.0,9.890056808292865,0.10000000149011612
141.98,1.0,9.807724064505763,0.10000000149011612
142.022,1.0,9.752961237438852,0.10000000149011612
142.072,1.0,9.862717804809412,0.10000000149011612
142.126,1.0,9.780247520696786,0.10000000149011612
142.175,1.0,9.91752303449644,0.10000000149011612
142.216,1.0,9.862659376342263,0.10000000149011612
142.273,1.0,9.862654498405755,0.10000000149011612
142.323,1.0,9.807916623581615,0.10000000149011612
142.372,1.0,9.835190442370044,0.10000000149011612
142.422,1.0,9.67041677793281,0.10000000149011612
142.471,1.0,9.835205342744787,0.10000000149011612
142.522,1.0,9.862560671671398,0.10000000149011612
142.572,1.0,9.807947562759121,0.10000000149011612
142.621,1.0,9.80760065300597,0.10000000149011612
142.671,1.0,9.807500000028975,0.10000000149011612
142.723,1.0,9.83512123932855,0.10000000149011612
142.774,1.0,9.697896087707745,0.10000000149011612
142.827,1.0,9.89021311265727,0.10000000149011612
142.874,1.0,9.643131320571733,0.10000000149011612
142.923,1.0,9.89022082808531,0.10000000149011612
142.973,1.0,9.917717403318319,0.10000000149011612
143.022,1.0,9.917625788578556,0.10000000149011612
143.071,1.0,9.780441892581681,0.10000000149011612
143.123,1.0,9.862777354278498,0.10000000149011612
143.174,1.0,9.698020263844066,0.10000000149011612
143.223,1.0,9.835162438638509,0.10000000149011612
143.274,1.0,9.835072741802367,0.10000000149011612
143.323,1.0,9.752962819528248,0.10000000149011612
143.372,1.0,9.917611885526114,0.10000000149011612
143.423,1.0,9.72554082531068,0.10000000149011612
143.475,1.0,9.862802184414532,0.10000000149011612
143.523,1.0,9.69779020955579,0.10000000149011612
143.574,1.0,9.807742893737224,0.10000000149011612
143.625,1.0,9.807669738742213,0.10000000149011612
143.675,1.0,9.78007809571508,0.10000000149011612
143.723,1.0,9.862600277653998,0.10000000149011612
143.775,1.0,9.862740313199659,0.10000000149011612
143.823,1.0,9.890000000016556,0.10000000149011612
143.875,1.0,9.835244824199213,0.10000000149011612
143.924,1.0,9.807697472121152,0.10000000149011612
143.972,1.0,9.86268259305507,0.10000000149011612
144.026,1.0,9.862697555145456,0.10000000149011612
144.077,1.0,9.890020265657869,0.10000000149011612
144.125,1.0,9.753077960241999,0.10000000149011612
144.174,1.0,9.835243893890745,0.10000000149011612
144.224,1.0,9.752887705154716,0.10000000149011612
144.278,1.0,9.835199875632922,0.10000000149011612
144.328,1.0,9.807691691070795,0.10000000149011612
144.38,1.0,9.780195930889912,0.10000000149011612
144.423,1.0,9.862726076588862,0.10000000149011612
144.476,1.0,9.753195836291544,0.10583741217851639
144.526,1.0,9.807792624106838,0.10000000149011612
144.577,1.0,9.697900568135083,0.10000000149011612
144.626,1.0,9.78022121567693,0.10000000149011612
144.685,1.0,9.890084917657077,0.10000000149011612
144.726,1.0,9.890000000016556,0.10000000149011612
144.775,1.0,9.752817401124371,0.10000000149011612
144.826,1.0,9.780352516389556,0.10000000149011612
144.877,1.0,9.780555161916547,0.10000000149011612
144.935,1.0,9.862590406979951,0.10000000149011612
144.98,1.0,9.862683597869344,0.10000000149011612
145.03,1.0,9.780234744461874,0.10000000149011612
145.079,1.0,9.835504355881778,0.10000000149011612
145.138,1.0,9.72543406765908,0.10000000149011612
145.179,1.0,9.80758179432402,0.10000000149011612
145.24,1.0,9.670227641529507,0.10000000149011612
145.28,1.0,9.945055688855549,0.10000000149011612
145.33,1.0,9.780168834680484,0.10000000149011612
145.382,1.0,9.862761761848297,0.10000000149011612
145.431,1.0,9.890122789537742,0.10000000149011612
145.48,1.0,9.890013263457352,0.10000000149011612
145.531,1.0,9.862745369618965,0.10000000149011612
145.586,1.0,9.780041465225318,0.10000000149011612
145.632,1.0,9.780267781453828,0.10000000149011612
145.681,1.0,9.890104562809897,0.10000000149011612
145.738,1.0,9.725156046470834,0.10000000149011612
145.78,1.0,9.862757549414205,0.10000000149011612
145.832,1.0,9.89016636117465,0.10000000149011612
145.882,1.0,9.697894438335465,0.10000000149011612
145.933,1.0,9.835091281413204,0.10000000149011612
145.984,1.0,9.890118283737037,0.10000000149011612
146.036,1.0,9.75285405152374,0.10000000149011612
146.084,1.0,9.862649976213772,0.10000000149011612
146.131,1.0,9.86275696359161,0.10000000149011612
146.184,1.0,9.615392424559428,0.10000000149011612
146.233,1.0,9.835211975831125,0.10000000149011612
146.287,1.0,9.835332436300813,0.10000000149011612
146.332,1.0,9.72536470633414,0.10000000149011612
146.381,1.0,9.780569726766812,0.10000000149011612
146.432,1.0,9.697744791168306,0.10000000149011612
146.482,1.0,9.917557781479426,0.10000000149011612
146.535,1.0,9.780259991540676,0.10000000149011612
146.585,1.0,9.670227348369856,0.10000000149011612
146.633,1.0,9.835516102322273,0.10383328795433044
146.685,1.0,9.670350873863532,0.10000000149011612
146.734,1.0,9.80752376916094,0.10000000149011612
146.785,1.0,9.835072150578101,0.10000000149011612
146.836,1.0,9.835113323645459,0.10000000149011612
146.882,1.0,9.945056854022873,0.10000000149011612
146.934,1.0,9.890259678289294,0.10242521017789841
146.986,1.0,9.862737630700899,0.10000000149011612
147.041,1.0,9.72547316501538,0.10000000149011612
147.095,1.0,9.7529115067381,0.10000000149011612
147.14,1.0,9.862551526745989,0.10000000149011612
147.191,1.0,9.587724792853825,0.10000000149011612
147.24,1.0,9.8350799376145,0.10000000149011612
147.291,1.0,9.752896759596963,0.10000000149011612
147.341,1.0,9.862741699732013,0.10000000149011612
147.391,1.0,9.725234856477215,0.10000000149011612
147.443,1.0,9.780136863121555,0.10000000149011612
147.493,1.0,9.615356324219869,0.10000000149011612
147.541,1.0,9.752859146106575,0.10000000149011612
147.594,1.0,9.697931937273179,0.10000000149011612
147.649,1.0,9.807583330820004,0.10000000149011612
147.691,1.0,9.835141892193093,0.10000000149011612
147.741,1.0,9.862683084379468,0.10000000149011612
147.8,1.0,9.917609765525494,0.10000000149011612
147.841,1.0,9.75272697613885,0.10000000149011612
147.891,1.0,9.890123157327373,0.10000000149011612
147.951,1.0,9.780315337785416,0.10000000149011612
147.992,1.0,9.7251894366617,0.10000000149011612
148.047,1.0,9.835237472732034,0.10000000149011612
148.093,1.0,9.780097327795293,0.10000000149011612
148.14,1.0,9.752749283218549,0.10000000149011612
148.197,1.0,9.890085807111529,0.10000000149011612
148.242,1.0,9.752827414849566,0.10000000149011612
148.294,1.0,9.670312398485839,0.10000000149011612
148.344,1.0,9.752837829250428,0.10000000149011612
148.399,1.0,9.862611084866026,0.10000000149011612
148.441,1.0,9.807838890204827,0.10000000149011612
148.492,1.0,9.75278652838121,0.10000000149011612
148.545,1.0,9.835115057457653,0.10000000149011612
148.594,1.0,9.86273721591052,0.10000000149011612
148.643,1.0,9.752741289283666,0.10000000149011612
148.695,1.0,9.835364225527478,0.10000000149011612
148.741,1.0,9.807670298508471,0.10000000149011612
148.797,1.0,9.862763842360842,0.10000000149011612
148.837,1.0,9.752887541924913,0.10000000149011612
148.895,1.0,9.725472723216646,0.10000000149011612
148.942,1.0,9.642866704074873,0.10000000149011612
148.995,1.0,9.725407821954125,0.10000000149011612
149.043,1.0,9.780252984290321,0.10000000149011612
149.094,1.0,9.835164039726887,0.10000000149011612
149.143,1.0,9.780336417092217,0.10000000149011612
149.194,1.0,9.807824009677603,0.10000000149011612
149.244,1.0,9.972500000004139,0.10000000149011612
149.294,1.0,9.78024371529205,0.10000000149011612
149.342,1.0,9.75267264911284,0.10000000149011612
149.391,1.0,9.725689908965593,0.10000000149011612
149.442,1.0,9.752840029800105,0.10000000149011612
149.494,1.0,9.835375242411262,0.10000000149011612
149.547,1.0,9.835174426332944,0.10000000149011612
149.592,1.0,9.862627658930917,0.10000000149011612
149.642,1.0,9.835345560250182,0.10000000149011612
149.692,1.0,9.890171674432025,0.10000000149011612
149.742,1.0,9.807711243422496,0.10000000149011612
149.793,1.0,9.917555366849733,0.10000000149011612
149.841,1.0,9.588047392645644,0.10000000149011612
149.894,1.0,9.80758449629777,0.10000000149011612
149.942,1.0,9.780334111820492,0.10000000149011612
149.991,1.0,9.8076414897624,0.10000000149011612
150.046,1.0,9.752939327019785,0.10000000149011612
150.092,1.0,9.807662009427117,0.10000000149011612
150.142,1.0,9.752664238421453,0.10000000149011612
150.204,1.0,9.862740425041153,0.10000000149011612
150.23,1.0,9.835264441619318,0.10000000149011612
150.292,1.0,9.835164964509508,0.10000000149011612
150.342,1.0,9.752893230525984,0.10000000149011612
150.396,1.0,9.835167449650665,0.10000000149011612
150.443,1.0,9.862682608928946,0.10000000149011612
150.495,1.0,9.835186414420605,0.10000000149011612
150.55,1.0,9.862537929353614,0.10000000149011612
150.594,1.0,9.917645781818363,0.10000000149011612
150.644,1.0,9.807700183014903,0.10000000149011612
150.693,1.0,9.835148185305297,0.10000000149011612
150.745,1.0,9.670465557877389,0.10000000149011612
150.798,1.0,9.725265808237923,0.10000000149011612
150.849,1.0,9.725066870823502,0.10000000149011612
150.898,1.0,9.945093546683589,0.10314030945301056
150.946,1.0,9.862612721530928,0.10000000149011612
150.995,1.0,9.807679464792212,0.10000000149011612
151.05,1.0,9.75273400058763,0.10000000149011612
151.095,1.0,9.890165842490063,0.10000000149011612
151.146,1.0,9.862528937599725,0.10000000149011612
151.193,1.0,9.835433166349928,0.10000000149011612
151.247,1.0,9.917500000012417,0.10000000149011612
151.296,1.0,9.890201826641958,0.10000000149011612
151.345,1.0,9.835206674929294,0.10000000149011612
151.393,1.0,9.697997564139465,0.10000000149011612
151.444,1.0,9.917728012158639,0.10000000149011612
151.5,1.0,9.697836420457396,0.10000000149011612
151.545,1.0,9.752794339011112,0.10000000149011612
151.597,1.0,9.835095884092151,0.10000000149011612
151.647,1.0,9.780424887686967,0.10000000149011612
151.695,1.0,9.78058683708724,0.10000000149011612
151.75,1.0,9.807701188098225,0.10000000149011612
151.799,1.0,9.862675683862633,0.10000000149011612
151.85,1.0,9.862856978860995,0.10000000149011612
151.9,1.0,9.807680599205195,0.10000000149011612
151.951,1.0,9.862538073687917,0.10000000149011612
151.999,1.0,9.890090609693694,0.10000000149011612
152.049,1.0,9.780138404067191,0.10000000149011612
152.102,1.0,9.890020186516146,0.10000000149011612
152.149,1.0,9.890201497450471,0.10000000149011612
152.2,1.0,9.725316280954415,0.10000000149011612
152.25,1.0,9.725161072177192,0.10000000149011612
152.306,1.0,9.835205760639575,0.10000000149011612
152.354,1.0,9.780055150410368,0.10000000149011612
152.412,1.0,9.780234777347909,0.10000000149011612
152.454,1.0,9.917737828257183,0.11193043738603592
152.502,1.0,9.807635155299472,0.10000000149011612
152.549,1.0,9.725452272387015,0.10000000149011612
152.604,1.0,9.835159172366064,0.10000000149011612
152.661,1.0,9.780372249955933,0.10000000149011612
152.703,1.0,9.807653682534065,0.10000000149011612
152.753,1.0,9.862765192364654,0.10404732078313828
152.803,1.0,9.643075998189548,0.10000000149011612
152.856,1.0,9.697881200785439,0.10000000149011612
152.903,1.0,9.83531978821589,0.10000000149011612
152.956,1.0,9.780209797248244,0.10000000149011612
153.017,1.0,9.780540924912525,0.10000000149011612
153.057,1.0,9.807630500590635,0.10000000149011612
153.105,1.0,9.835149456684787,0.10000000149011612
153.16,1.0,9.752731306292116,0.10000000149011612
153.207,1.0,9.807743502449657,0.10000000149011612
153.259,1.0,9.807767169363796,0.10000000149011612
153.306,1.0,9.807657486179636,0.10000000149011612
153.357,1.0,9.835133763030171,0.10000000149011612
153.412,1.0,9.835205412925118,0.10000000149011612
153.456,1.0,9.807715401901968,0.10000000149011612
153.508,1.0,9.917625499082108,0.10000000149011612
153.557,1.0,9.807634734941853,0.10000000149011612
153.606,1.0,9.862619713072975,0.10000000149011612
153.656,1.0,9.917580282294916,0.10000000149011612
153.718,1.0,9.780158787696726,0.10000000149011612
153.762,1.0,9.780462924618687,0.10000000149011612
153.815,1.0,9.807767197137906,0.10000000149011612
153.862,1.0,9.862729065037437,0.10000000149011612
153.917,1.0,9.75278239229487,0.10000000149011612
153.974,1.0,9.725223575615221,0.10000000149011612
154.013,1.0,9.807838082810242,0.10000000149011612
154.064,1.0,9.835355291639765,0.10000000149011612
154.115,1.0,9.752798668916027,0.10000000149011612
154.163,1.0,9.83516249159972,0.10000000149011612
154.213,1.0,9.945059616511895,0.10000000149011612
154.261,1.0,9.807691238323848,0.10000000149011612
154.326,1.0,9.780301821273234,0.10000000149011612
154.362,1.0,9.862523140013218,0.10000000149011612
154.417,1.0,9.72542606625292,0.10000000149011612
154.462,1.0,9.862602222131358,0.10000000149011612
154.517,1.0,9.835163961061173,0.10000000149011612
154.564,1.0,9.752719261538651,0.10000000149011612
154.62,1.0,9.945037835670842,0.10000000149011612
154.664,1.0,9.75280806509157,0.10000000149011612
154.715,1.0,9.862638729438185,0.10000000149011612
154.771,1.0,9.807823327659733,0.10000000149011612
154.817,1.0,9.780199228185747,0.10000000149011612
154.866,1.0,9.972500000004139,0.10000000149011612
154.917,1.0,9.835250217840075,0.10000000149011612
154.969,1.0,9.752847780059609,0.10000000149011612
155.016,1.0,9.807591101734175,0.10000000149011612
155.069,1.0,9.807786405872967,0.10000000149011612
155.117,1.0,9.807620366310907,0.10000000149011612
155.166,1.0,9.807997192380329,0.10000000149011612
155.222,1.0,9.780337757472363,0.10000000149011612
155.268,1.0,9.835329815020991,0.10000000149011612
155.318,1.0,9.780366112664343,0.10000000149011612
155.367,1.0,9.752792519993251,0.10000000149011612
155.418,1.0,9.890246439062887,0.10000000149011612
155.471,1.0,9.862626766247882,0.10000000149011612
155.518,1.0,9.835452302007212,0.10000000149011612
155.571,1.0,9.698193281143904,0.10000000149011612
155.618,1.0,9.752734139064948,0.10000000149011612
155.671,1.0,9.725396454458435,0.10000000149011612
155.719,1.0,9.752905561236872,0.10000000149011612
155.771,1.0,9.862640260532498,0.10000000149011612
155.827,1.0,9.862500000020695,0.10000000149011612
155.873,1.0,9.862515463390285,0.10000000149011612
155.926,1.0,9.752717552975648,0.10000000149011612
155.978,1.0,9.780549556120402,0.10000000149011612
156.033,1.0,9.91755653957112,0.10000000149011612
156.072,1.0,9.72558129562272,0.10000000149011612
156.122,1.0,9.917611445755595,0.10000000149011612
156.171,1.0,9.61571116503328,0.10000000149011612
156.225,1.0,9.835268154843813,0.10000000149011612
156.273,1.0,9.752745834738016,0.10000000149011612
156.328,1.0,9.9176367243131,0.10000000149011612
156.377,1.0,9.890272372919652,0.10000000149011612
156.421,1.0,9.725649149115714,0.10000000149011612
156.474,1.0,9.83521256958031,0.10000000149011612
156.521,1.0,9.78054145489716,0.10000000149011612
156.572,1.0,9.780361894249088,0.10000000149011612
156.624,1.0,9.862675685745975,0.10000000149011612
156.67,1.0,9.780373399766782,0.10000000149011612
156.722,1.0,9.67044245954603,0.10000000149011612
156.773,1.0,9.890199130732153,0.10000000149011612
156.819,1.0,9.697985433228315,0.10000000149011612
156.872,1.0,9.862561355469127,0.10000000149011612
156.922,1.0,9.862646841340595,0.10000000149011612
156.973,1.0,9.86259454935789,0.10000000149011612
157.02,1.0,9.588025043677124,0.10000000149011612
157.071,1.0,9.697897248860034,0.10000000149011612
157.129,1.0,9.780072267208663,0.10000000149011612
157.171,1.0,9.86256280630413,0.10000000149011612
157.223,1.0,9.835222951985068,0.10000000149011612
157.273,1.0,9.890108868810866,0.10000000149011612
157.321,1.0,9.835394608788192,0.10445159673690796
157.376,1.0,9.862558759293622,0.10000000149011612
157.424,1.0,9.807676715755628,0.10000000149011612
157.472,1.0,9.752708159842426,0.10000000149011612
157.52,1.0,9.807803448641465,0.10000000149011612
157.571,1.0,9.807741621488498,0.10000000149011612
157.629,1.0,9.780335084348916,0.10000000149011612
157.675,1.0,9.835163499352833,0.10000000149011612
157.724,1.0,9.86274460974253,0.10000000149011612
157.782,1.0,9.780225042626261,0.10000000149011612
157.826,1.0,9.780151661961442,0.10000000149011612
157.88,1.0,9.752743419528835,0.10000000149011612
157.931,1.0,9.780139461511538,0.10000000149011612
157.975,1.0,9.780238831332989,0.10000000149011612
158.029,1.0,9.862568220392697,0.10000000149011612
158.078,1.0,9.752746070259148,0.10000000149011612
158.127,1.0,9.835277009527717,0.10000000149011612
158.178,1.0,9.917603233746357,0.10000000149011612
158.23,1.0,9.808003543193141,0.10000000149011612
158.281,1.0,9.780279218736622,0.10000000149011612
158.325,1.0,9.807648282311856,0.10000000149011612
158.381,1.0,9.752929267225166,0.10000000149011612
158.433,1.0,9.697938492935565,0.10000000149011612
158.539,1.0,9.670126390519242,0.10000000149011612
158.581,1.0,9.807759646574656,0.10000000149011612
158.632,1.0,9.78020556219336,0.10000000149011612
158.686,1.0,9.80784595378985,0.10000000149011612
158.73,1.0,9.835343533050683,0.10000000149011612
158.782,1.0,9.835112495989435,0.10000000149011612
158.836,1.0,9.807901463719706,0.10000000149011612
158.882,1.0,9.835201380112105,0.10000000149011612
158.932,1.0,9.780513977424967,0.10000000149011612
158.984,1.0,9.780460937838587,0.10000000149011612
159.036,1.0,9.917586434135835,0.10000000149011612
159.084,1.0,9.670568103984825,0.10000000149011612
159.134,1.0,9.753011372002463,0.10000000149011612
159.185,1.0,9.753001270070673,0.10000000149011612
159.235,1.0,9.862619590924846,0.10000000149011612
159.289,1.0,9.83529839788874,0.10000000149011612
159.339,1.0,9.780401298258868,0.10000000149011612
159.387,1.0,9.83524769536323,0.10000000149011612
159.438,1.0,9.78031717321525,0.10000000149011612
159.492,1.0,9.80787439338035,0.10000000149011612
159.537,1.0,9.83522995553083,0.10000000149011612
159.586,1.0,9.78034279199524,0.10000000149011612
159.637,1.0,9.835318265296518,0.10000000149011612
159.691,1.0,9.835328047122392,0.10000000149011612
159.75,1.0,9.890126995514665,0.10247909277677536
159.788,1.0,9.780173278827634,0.10000000149011612
159.838,1.0,9.807731484994292,0.10000000149011612
159.887,1.0,9.725000862508184,0.10000000149011612
159.941,1.0,9.75286232555906,0.10000000149011612
159.993,1.0,9.835481112595234,0.10000000149011612
160.045,1.0,9.890059954010779,0.10000000149011612
160.089,1.0,9.862763926780058,0.10000000149011612
160.138,1.0,9.780302892439067,0.10000000149011612
160.193,1.0,9.78013387872941,0.10000000149011612
160.231,1.0,9.780117943303452,0.10000000149011612
160.289,1.0,9.780243932414386,0.10000000149011612
160.338,1.0,9.835368596721027,0.10000000149011612
160.396,1.0,9.890189896730913,0.10000000149011612
160.44,1.0,9.862646635456217,0.10000000149011612
160.494,1.0,9.8354515955473,0.10000000149011612
160.539,1.0,9.86271752692345,0.10000000149011612
160.592,1.0,9.8353962868866,0.10000000149011612
160.641,1.0,9.780178762496346,0.10000000149011612
160.697,1.0,9.807703347110914,0.10000000149011612
160.746,1.0,9.89035790303929,0.10979541391134262
160.797,1.0,9.917623213885559,0.10470736771821976
160.844,1.0,9.807605061576599,0.10000000149011612
160.898,1.0,9.807985753855771,0.10000000149011612
160.945,1.0,9.752753644850518,0.10000000149011612
160.994,1.0,9.725542548671365,0.10000000149011612
161.044,1.0,9.780459400928683,0.10000000149011612
161.108,1.0,9.807721566201913,0.10000000149011612
161.142,1.0,9.807557403503193,0.10000000149011612
161.201,1.0,9.780275532127254,0.10000000149011612
161.244,1.0,9.69759169701073,0.10000000149011612
161.31,1.0,9.780391471356982,0.10000000149011612
161.344,1.0,9.643004396537112,0.10000000149011612
161.392,1.0,9.725253891303307,0.10000000149011612
161.444,1.0,9.752916815897656,0.10000000149011612
161.492,1.0,9.86280505872435,0.10000000149011612
161.55,1.0,9.807882497666611,0.10000000149011612
161.605,1.0,9.725555474352506,0.10000000149011612
161.653,1.0,9.725272940844297,0.10000000149011612
161.703,1.0,9.89033985560139,0.1109137237071991
161.753,1.0,9.917570816021826,0.10000000149011612
161.802,1.0,9.75276726430489,0.10000000149011612
161.851,1.0,9.91761011340552,0.10000000149011612
161.901,1.0,9.75268067334675,0.10000000149011612
161.952,1.0,9.78029314022925,0.10000000149011612
162.003,1.0,9.890114565110869,0.101438507437706
162.058,1.0,9.862588539450533,0.10000000149011612
162.103,1.0,9.8352955635844,0.10000000149011612
162.157,1.0,9.69789311128358,0.10000000149011612
162.21,1.0,9.945273642655875,0.14923374354839325
162.252,1.0,9.862736994007395,0.10000000149011612
162.302,1.0,9.835171847686999,0.10000000149011612
162.356,1.0,9.725321297657986,0.10000000149011612
162.405,1.0,9.890000000016556,0.10000000149011612
162.457,1.0,9.972521176499624,0.10762353986501694
162.504,1.0,9.835293366242613,0.10000000149011612
162.554,1.0,9.780260559626752,0.10000000149011612
162.608,1.0,9.83534697190755,0.10000000149011612
162.657,1.0,9.91754043025689,0.10000000149011612
162.706,1.0,9.945031183088819,0.10000000149011612
162.76,1.0,9.917577611116899,0.10000000149011612
162.81,1.0,9.780390563420951,0.10000000149011612
162.857,1.0,9.862686146299044,0.10000000149011612
162.91,1.0,9.560461979504261,0.10000000149011612
162.958,1.0,9.670406560082402,0.10000000149011612
163.01,1.0,9.807716061112782,0.10000000149011612
163.06,1.0,9.945127132617765,0.12094314396381378
163.111,1.0,9.75282050518112,0.10000000149011612
163.159,1.0,9.780158484602968,0.10000000149011612
163.215,1.0,9.862798553808696,0.10000000149011612
163.257,1.0,9.807541912876898,0.10000000149011612
163.308,1.0,9.890278213760919,0.10000000149011612
163.364,1.0,9.945137918926775,0.10000000149011612
163.41,1.0,9.890103984355099,0.10000000149011612
163.461,1.0,9.835229152316849,0.10000000149011612
163.518,1.0,9.890161473573082,0.10000000149011612
163.562,1.0,9.862531552836298,0.10000000149011612
163.614,1.0,9.890126930363476,0.10000000149011612
163.662,1.0,9.945000000008278,0.10000000149011612
163.71,1.0,9.80777880348679,0.10000000149011612
163.762,1.0,9.862500000020695,0.10000000149011612
163.806,1.0,9.890127047751513,0.10000000149011612
163.861,1.0,9.807862314685352,0.10000000149011612
163.92,1.0,9.80758465371198,0.10000000149011612
163.969,1.0,9.780679252350495,0.10000000149011612
164.011,1.0,9.698057748956813,0.10000000149011612
164.061,1.0,9.89016395871424,0.10000000149011612
164.11,1.0,9.835473914382359,0.10000000149011612
164.165,1.0,9.835272806862163,0.10000000149011612
164.21,1.0,9.835298041854468,0.10000000149011612
164.264,1.0,9.807796325927807,0.10000000149011612
164.312,1.0,9.807683754753736,0.10000000149011612
164.361,1.0,9.862790713521342,0.10000000149011612
164.414,1.0,9.835153870553606,0.10000000149011612
164.459,1.0,9.752707843958504,0.10000000149011612
164.511,1.0,9.890152395661506,0.10000000149011612
164.566,1.0,9.725146168304814,0.10000000149011612
164.614,1.0,9.752625948376954,0.10000000149011612
164.662,1.0,9.835110798167685,0.10000000149011612
164.717,1.0,9.835236534020966,0.10000000149011612
164.767,1.0,9.83519444362157,0.10000000149011612
164.816,1.0,9.697669510377779,0.10000000149011612
164.867,1.0,9.835147026181222,0.10000000149011612
164.927,1.0,9.753000121398104,0.10000000149011612
164.965,1.0,9.862761569499142,0.10000000149011612
165.026,1.0,9.835318915525244,0.10000000149011612
165.065,1.0,9.835111981961463,0.10000000149011612
165.115,1.0,9.780189904508491,0.10000000149011612
165.164,1.0,9.807763695841034,0.10000000149011612
165.214,1.0,9.835191850653953,0.10000000149011612
165.266,1.0,9.780374918960863,0.10000000149011612
165.321,1.0,9.725451611375643,0.10000000149011612
165.365,1.0,9.807712132400937,0.10000000149011612
165.418,1.0,9.780279699030022,0.10000000149011612
165.472,1.0,9.862778121232987,0.10000000149011612
165.519,1.0,9.752950333783197,0.10000000149011612
165.562,1.0,9.89010356153465,0.10000000149011612
165.617,1.0,9.75274679776695,0.10000000149011612
165.671,1.0,9.862775336330136,0.10000000149011612
165.722,1.0,9.862647869996726,0.10000000149011612
165.77,1.0,9.8353441875221,0.10000000149011612
165.825,1.0,9.807637614425685,0.10000000149011612
165.88,1.0,9.835255228189958,0.10000000149011612
165.935,1.0,9.917654279267623,0.10000000149011612
165.974,1.0,9.862668656226662,0.10000000149011612
166.023,1.0,9.917637388180527,0.10112690925598145
166.073,1.0,9.752792637277809,0.10000000149011612
166.123,1.0,9.670415516901347,0.10000000149011612
166.175,1.0,9.890093116979632,0.10000000149011612
166.231,1.0,9.80791719450305,0.10000000149011612
166.277,1.0,9.697919818386435,0.10000000149011612
166.329,1.0,9.780203196033835,0.10000000149011612
166.381,1.0,9.780039420061641,0.10000000149011612
166.426,1.0,9.862573663228089,0.10000000149011612
166.476,1.0,9.835217143036425,0.10000000149011612
166.528,1.0,9.67049604759862,0.10000000149011612
166.583,1.0,9.835155399102304,0.10000000149011612
166.638,1.0,9.780343970677091,0.10000000149011612
166.682,1.0,9.83523683367918,0.10000000149011612
166.739,1.0,9.752936516598695,0.10000000149011612
166.781,1.0,9.83507105225904,0.10000000149011612
166.833,1.0,9.807789636775851,0.10000000149011612
166.882,1.0,9.945160848895709,0.11028698086738586
166.931,1.0,9.78024121340778,0.10000000149011612
166.981,1.0,9.80773583404306,0.10000000149011612
167.024,1.0,9.780367705784737,0.10000000149011612
167.085,1.0,9.807733099348843,0.10000000149011612
167.134,1.0,9.697898844256997,0.10000000149011612
167.184,1.0,9.890222271324859,0.10000000149011612
167.237,1.0,9.835148473208148,0.10000000149011612
167.285,1.0,9.862578249888287,0.10000000149011612
167.336,1.0,9.725248711390627,0.10000000149011612
167.388,1.0,9.780520020694368,0.10000000149011612
167.441,1.0,9.752708308357331,0.10000000149011612
167.485,1.0,9.780289079248906,0.10000000149011612
167.541,1.0,9.752949952437646,0.10000000149011612
167.586,1.0,9.808009693005847,0.10000000149011612
167.635,1.0,9.862683305889368,0.10000000149011612
167.691,1.0,9.72520760635121,0.10000000149011612
167.735,1.0,9.890155143145886,0.10000000149011612
167.785,1.0,9.780116579040056,0.10000000149011612
167.849,1.0,9.890077659591205,0.10000000149011612
167.886,1.0,9.725270698198841,0.10000000149011612
167.935,1.0,9.862813696927494,0.10000000149011612
167.985,1.0,9.862636257956426,0.10000000149011612
168.032,1.0,9.83519896508919,0.10000000149011612
168.085,1.0,9.752816898789671,0.10000000149011612
168.139,1.0,9.670695641926594,0.10000000149011612
168.186,1.0,9.835039717600578,0.10000000149011612
168.236,1.0,9.725437965906329,0.10000000149011612
168.286,1.0,9.80805691116386,0.10000000149011612
168.339,1.0,9.752809651237396,0.10000000149011612
168.388,1.0,9.835100286247002,0.10000000149011612
168.446,1.0,9.725613616406918,0.10000000149011612
168.489,1.0,9.807805292080674,0.10000000149011612
168.536,1.0,9.697795075405804,0.10000000149011612
168.588,1.0,9.862555238314801,0.10000000149011612
168.636,1.0,9.780198453635805,0.10000000149011612
168.686,1.0,9.780281379363602,0.10000000149011612
168.736,1.0,9.725298401071793,0.10000000149011612
168.786,1.0,9.725406913397213,0.10000000149011612
168.836,1.0,9.72523341079553,0.10000000149011612
168.888,1.0,9.835382264790436,0.10000000149011612
168.943,1.0,9.807684917313358,0.10000000149011612
168.987,1.0,9.91771418172866,0.10000000149011612
169.032,1.0,9.807809386319585,0.10000000149011612
169.086,1.0,9.780038890780673,0.10000000149011612
169.136,1.0,9.86271934962521,0.10000000149011612
169.186,1.0,9.752781236171723,0.10000000149011612
169.236,1.0,9.835220739680032,0.10000000149011612
169.287,1.0,9.75286622579313,0.10000000149011612
169.338,1.0,9.807744829811984,0.10000000149011612
169.386,1.0,9.752868742702736,0.10000000149011612
169.436,1.0,9.86257753237668,0.10000000149011612
169.494,1.0,9.807967086177733,0.10000000149011612
169.537,1.0,9.69785306631691,0.10000000149011612
169.59,1.0,9.8351624297599,0.10000000149011612
169.637,1.0,9.835274790061845,0.10000000149011612
169.688,1.0,9.807695938046608,0.10000000149011612
169.75,1.0,9.78030081147121,0.10000000149011612
169.789,1.0,9.780426518908806,0.10000000149011612
169.836,1.0,9.835341629779172,0.10000000149011612
169.891,1.0,9.752851558373207,0.10000000149011612
169.939,1.0,9.807623117934499,0.10000000149011612
169.991,1.0,9.835156821045612,0.10000000149011612
170.036,1.0,9.78046659870694,0.10000000149011612
170.09,1.0,9.72543201804575,0.10000000149011612
170.147,1.0,9.945131326818633,0.10000000149011612
170.199,1.0,9.807725171910391,0.10000000149011612
170.257,1.0,9.807791912638478,0.10000000149011612
170.293,1.0,9.835318482356767,0.10000000149011612
170.343,1.0,9.752621423370309,0.10000000149011612
170.393,1.0,9.615550410250822,0.10000000149011612
170.444,1.0,9.807731887222165,0.10000000149011612
170.496,1.0,9.80769452587184,0.10000000149011612
170.543,1.0,9.780189772902263,0.10000000149011612
170.596,1.0,9.697974528517161,0.10000000149011612
170.649,1.0,9.807596364224123,0.10000000149011612
170.694,1.0,9.835210071090195,0.10000000149011612
170.743,1.0,9.725366715093454,0.10000000149011612
170.797,1.0,9.807939556261731,0.10000000149011612
170.839,1.0,9.752592246606946,0.10000000149011612
170.893,1.0,9.835197087108261,0.10000000149011612
170.945,1.0,9.697935893179642,0.10000000149011612
170.992,1.0,9.890104456680517,0.10000000149011612
171.045,1.0,9.780265815825098,0.10000000149011612
171.11,1.0,9.725303835504585,0.10000000149011612
171.144,1.0,9.83508536407931,0.10000000149011612
171.198,1.0,9.835227545847495,0.10000000149011612
171.245,1.0,9.972610072832968,0.13962621986865997
171.298,1.0,9.752801782327394,0.10000000149011612
171.348,1.0,9.83517251410004,0.10000000149011612
171.391,1.0,9.752869368944731,0.10000000149011612
171.444,1.0,9.835216092256209,0.10000000149011612
171.494,1.0,9.725524378195406,0.10000000149011612
171.545,1.0,9.697812362387776,0.10000000149011612
171.593,1.0,9.752826235526138,0.10000000149011612
171.644,1.0,9.835355127871864,0.10000000149011612
171.696,1.0,9.80772272536738,0.10000000149011612
171.747,1.0,9.862841074085898,0.10000000149011612
171.805,1.0,9.478065731148753,0.10000000149011612
171.844,1.0,9.807640316730572,0.10000000149011612
171.902,1.0,9.75312745001995,0.10000000149011612
171.956,1.0,9.807853701255388,0.10000000149011612
171.996,1.0,9.807552617312306,0.10000000149011612
172.045,1.0,9.835009746025834,0.10000000149011612
172.1,1.0,9.83514032173488,0.10000000149011612
172.15,1.0,9.75293693318963,0.10000000149011612
172.198,1.0,9.78055852190074,0.10000000149011612
172.248,1.0,9.752837709813482,0.10000000149011612
172.301,1.0,9.80774174299505,0.10000000149011612
172.35,1.0,9.780163049221867,0.10000000149011612
172.403,1.0,9.780006183145774,0.10000000149011612
172.449,1.0,9.945065778618057,0.10000000149011612
172.499,1.0,9.670495146554376,0.10000000149011612
172.549,1.0,9.890184458345175,0.10000000149011612
172.61,1.0,9.752840072268413,0.10000000149011612
172.658,1.0,9.780273612692124,0.10000000149011612
172.708,1.0,9.862691489338047,0.10000000149011612
172.755,1.0,9.945000000008278,0.10000000149011612
172.804,1.0,9.807551344463395,0.10000000149011612
172.858,1.0,9.780536065664556,0.10000000149011612
172.905,1.0,9.89014187666277,0.10000000149011612
172.957,1.0,9.862560912138886,0.10000000149011612
172.999,1.0,9.72531354876442,0.10000000149011612
173.059,1.0,9.807623658908739,0.10000000149011612
173.107,1.0,9.75308511989812,0.10000000149011612
173.156,1.0,9.752839825819764,0.10000000149011612
173.206,1.0,9.780436290883356,0.10000000149011612
173.256,1.0,9.780221459269523,0.10000000149011612
173.31,1.0,9.780199063734877,0.10000000149011612
173.356,1.0,9.807968578942948,0.10000000149011612
173.405,1.0,9.835211289674044,0.10000000149011612
173.456,1.0,9.86277348374327,0.10000000149011612
173.507,1.0,9.835181879355675,0.10000000149011612
173.563,1.0,9.917631715743077,0.10000000149011612
173.607,1.0,9.94513589149962,0.10000000149011612
173.658,1.0,9.780130249468817,0.10000000149011612
173.708,1.0,9.945000000008278,0.10000000149011612
173.757,1.0,9.697808084947367,0.10000000149011612
173.808,1.0,9.807715175362924,0.10000000149011612
173.86,1.0,9.862780001656049,0.10000000149011612
173.911,1.0,9.945000000008278,0.10000000149011612
173.961,1.0,9.835037087669804,0.10000000149011612
174.01,1.0,9.86261542511897,0.10000000149011612
174.058,1.0,9.725239666323695,0.10000000149011612
174.117,1.0,9.752729768947594,0.10000000149011612
174.159,1.0,9.862578001659777,0.10000000149011612
174.208,1.0,9.835000000024836,0.10000000149011612
174.266,1.0,9.642855742573738,0.10000000149011612
174.312,1.0,9.862541810940538,0.10000000149011612
174.365,1.0,9.780244309517245,0.10000000149011612
174.416,1.0,9.725213559758332,0.10000000149011612
174.461,1.0,9.945189169007872,0.11863523721694946
174.515,1.0,9.780355927886234,0.10000000149011612
174.563,1.0,9.670618936005566,0.10000000149011612
174.614,1.0,9.725519000387026,0.10000000149011612
174.664,1.0,9.835367801226676,0.10000000149011612
174.714,1.0,9.807821253066262,0.10000000149011612
174.765,1.0,9.807669558272593,0.10000000149011612
174.815,1.0,9.890176300476822,0.10000000149011612
174.87,1.0,9.835159725592368,0.10000000149011612
174.916,1.0,9.890223673317168,0.10387016087770462
174.965,1.0,9.807633784040808,0.10000000149011612
175.014,1.0,9.697909561668833,0.10000000149011612
175.063,1.0,9.670150133449997,0.10000000149011612
175.125,1.0,9.807601590475274,0.10000000149011612
175.164,1.0,9.83512777303242,0.10000000149011612
175.216,1.0,9.890200500604179,0.10000000149011612
175.267,1.0,9.835181032845544,0.10000000149011612
175.318,1.0,9.89011042136699,0.10000000149011612
175.368,1.0,9.835203014003733,0.10000000149011612
175.419,1.0,9.725219758744869,0.10000000149011612
175.466,1.0,9.725497992833455,0.10000000149011612
175.519,1.0,9.725299959671165,0.10000000149011612
175.568,1.0,9.670380394491884,0.10000000149011612
175.619,1.0,9.807798261526559,0.10000000149011612
175.67,1.0,9.917796520681845,0.12802986800670624
175.719,1.0,9.917644022177491,0.10000000149011612
175.773,1.0,9.75268241978354,0.10000000149011612
175.819,1.0,9.67045749169257,0.10000000149011612
175.876,1.0,9.807579148064058,0.10000000149011612
175.92,1.0,9.89009087530689,0.10000000149011612
175.974,1.0,9.588273159248962,0.10000000149011612
176.023,1.0,9.862738845973379,0.10000000149011612
176.076,1.0,9.835362382543584,0.10000000149011612
176.121,1.0,9.835319946768383,0.10000000149011612
176.176,1.0,9.725248586883147,0.10000000149011612
176.223,1.0,9.835117726441887,0.10000000149011612
176.273,1.0,9.807720616935855,0.10000000149011612
176.322,1.0,9.807583066986666,0.10000000149011612
176.372,1.0,9.835199165261454,0.10000000149011612
176.423,1.0,9.753158248215914,0.10000000149011612
176.472,1.0,9.835049487857354,0.10000000149011612
176.522,1.0,9.862634485132164,0.10000000149011612
176.573,1.0,9.835372042448984,0.10000000149011612
176.624,1.0,9.807967615231044,0.10000000149011612
176.674,1.0,9.780152474405865,0.10000000149011612
176.723,1.0,9.8626332477356,0.10000000149011612
176.776,1.0,9.752616530408462,0.10000000149011612
176.829,1.0,9.835242083006435,0.10000000149011612
176.881,1.0,9.752863829541537,0.10000000149011612
176.925,1.0,9.753004094627169,0.10000000149011612
176.969,1.0,9.72517893548227,0.10000000149011612
177.023,1.0,9.835238067143493,0.10000000149011612
177.077,1.0,9.835242823221618,0.10000000149011612
177.127,1.0,9.86254300797979,0.10000000149011612
177.175,1.0,9.78017707562281,0.10000000149011612
177.224,1.0,9.862733177033563,0.10000000149011612
177.277,1.0,9.890147938910458,0.10000000149011612
177.325,1.0,9.725300956724418,0.10000000149011612
177.375,1.0,9.835169142070743,0.10000000149011612
177.425,1.0,9.80762894194987,0.10000000149011612
177.474,1.0,9.862562351011567,0.10000000149011612
177.532,1.0,9.807685405119425,0.10000000149011612
177.586,1.0,9.807795861860116,0.10000000149011612
177.625,1.0,9.91762502077553,0.10000000149011612
177.677,1.0,9.780286043654714,0.10000000149011612
177.726,1.0,9.835103036918573,0.10000000149011612
177.782,1.0,9.807624604304632,0.10000000149011612
177.826,1.0,9.80770209690349,0.10000000149011612
177.875,1.0,9.835287160964477,0.10000000149011612
177.924,1.0,9.890197318771648,0.10000000149011612
177.976,1.0,9.69796463938223,0.10000000149011612
178.032,1.0,9.615470680097738,0.10000000149011612
178.074,1.0,9.835305470952557,0.10000000149011612
178.128,1.0,9.890036578021116,0.10000000149011612
178.178,1.0,9.697861366408567,0.10000000149011612
178.226,1.0,9.780328654146029,0.10000000149011612
178.286,1.0,9.72526394718637,0.10000000149011612
178.331,1.0,9.725392020224698,0.10000000149011612
178.382,1.0,9.86263405709631,0.10000000149011612
178.431,1.0,9.752887034602463,0.10000000149011612
178.48,1.0,9.862582759124537,0.10000000149011612
178.532,1.0,9.807596155131856,0.10000000149011612
178.585,1.0,9.725287226173613,0.10000000149011612
178.631,1.0,9.83513283930305,0.10000000149011612
178.681,1.0,9.78057782445103,0.10000000149011612
178.732,1.0,9.752796663033466,0.10000000149011612
178.788,1.0,9.8079708551988,0.10000000149011612
178.835,1.0,9.835294232289824,0.10000000149011612
178.884,1.0,9.697950158350997,0.10000000149011612
178.935,1.0,9.75273591640095,0.10000000149011612
178.988,1.0,9.862625180847115,0.10000000149011612
179.042,1.0,9.917635207085146,0.10000000149011612
179.084,1.0,9.670478568453756,0.10000000149011612
179.138,1.0,9.752590853306982,0.10000000149011612
179.184,1.0,9.862580690532923,0.10000000149011612
179.236,1.0,9.8352155117525,0.10000000149011612
179.289,1.0,9.945064389229648,0.10000000149011612
179.334,1.0,9.725266398717132,0.10000000149011612
179.383,1.0,9.807704061000711,0.10000000149011612
179.433,1.0,9.83530149081101,0.10000000149011612
179.485,1.0,9.862670580566757,0.10000000149011612
179.535,1.0,9.835251035975913,0.10000000149011612
179.584,1.0,9.670473842467699,0.10000000149011612
179.637,1.0,9.807677656846742,0.10000000149011612
179.684,1.0,9.862713039314581,0.10000000149011612
179.742,1.0,9.753040659717387,0.10000000149011612
179.783,1.0,9.807791456890603,0.10000000149011612
179.835,1.0,9.807870356842047,0.10000000149011612
179.885,1.0,9.89020388805204,0.10783485323190689
179.943,1.0,9.725299906254643,0.10000000149011612
179.984,1.0,9.725550523524483,0.10000000149011612
180.035,1.0,9.780418095054726,0.10000000149011612
180.085,1.0,9.807662537011007,0.10000000149011612
180.138,1.0,9.697944429206352,0.10000000149011612
180.184,1.0,9.752590201608836,0.10000000149011612
180.245,1.0,9.698314902227786,0.10000000149011612
180.286,1.0,9.835075542434222,0.10000000149011612
180.347,1.0,9.890099151618779,0.10000000149011612
180.388,1.0,9.725166470102138,0.10000000149011612
180.438,1.0,9.780285628284846,0.10000000149011612
180.495,1.0,9.780190855740672,0.10000000149011612
180.54,1.0,9.807653321925965,0.10000000149011612
180.59,1.0,9.670173995693524,0.10000000149011612
180.64,1.0,9.862583116379877,0.10000000149011612
180.695,1.0,9.670394230220053,0.10000000149011612
180.74,1.0,9.67074630730268,0.10000000149011612
180.786,1.0,9.945046954643395,0.10167253762483597
180.839,1.0,9.86285299350404,0.10000000149011612
180.889,1.0,9.752850123474168,0.10000000149011612
180.94,1.0,9.780450995349222,0.10000000149011612
180.982,1.0,9.698053668356604,0.10000000149011612
181.038,1.0,9.697530790294211,0.10000000149011612
181.097,1.0,9.752611796951129,0.10000000149011612
181.148,1.0,9.780456501783597,0.10000000149011612
181.196,1.0,9.807633755645819,0.10000000149011612
181.248,1.0,9.780216653375989,0.10000000149011612
181.3,1.0,9.697980462945997,0.10000000149011612
181.35,1.0,9.835092352992959,0.10000000149011612
181.404,1.0,9.972500000004139,0.10000000149011612
181.453,1.0,9.752694966188736,0.10000000149011612
181.498,1.0,9.890130886559685,0.10000000149011612
181.562,1.0,9.835031222779717,0.10000000149011612
181.6,1.0,9.917611617181036,0.10000000149011612
181.653,1.0,9.835000000024836,0.10000000149011612
181.704,1.0,9.862630285260577,0.10000000149011612
181.753,1.0,9.862587206500272,0.10000000149011612
181.802,1.0,9.752842276108762,0.10000000149011612
181.848,1.0,9.890174831656946,0.10000000149011612
181.898,1.0,9.8077872990941,0.10000000149011612
181.955,1.0,9.945020339596603,0.10000000149011612
182.007,1.0,9.917665511162745,0.10000000149011612
182.055,1.0,9.697871345364385,0.10000000149011612
182.106,1.0,9.862626046977109,0.10000000149011612
182.156,1.0,9.862521961641809,0.10000000149011612
182.208,1.0,9.835202093215452,0.10000000149011612
182.257,1.0,9.807714740828507,0.10000000149011612
182.305,1.0,9.835239357273611,0.10000000149011612
182.36,1.0,9.807917322342595,0.10000000149011612
182.415,1.0,9.917624125091566,0.10000000149011612
182.456,1.0,9.642808627647659,0.10000000149011612
182.507,1.0,9.75251388605684,0.10000000149011612
182.56,1.0,9.835215931427147,0.10000000149011612
182.615,1.0,9.780337463464175,0.10000000149011612
182.659,1.0,9.725464966313707,0.10000000149011612
182.712,1.0,9.80764297987852,0.10000000149011612
182.761,1.0,9.835144743488895,0.10000000149011612
182.81,1.0,9.862667966634035,0.10000000149011612
182.862,1.0,9.752813021528224,0.10000000149011612
182.908,1.0,9.890000654860502,0.10000000149011612
182.961,1.0,9.780314464059968,0.10000000149011612
183.014,1.0,9.835111318652828,0.10000000149011612
183.061,1.0,9.752758092371126,0.10000000149011612
183.112,1.0,9.807612559282118,0.10000000149011612
183.164,1.0,9.78025822084811,0.10000000149011612
183.228,1.0,9.8627600222826,0.10000000149011612
183.264,1.0,9.835436232698461,0.10000000149011612
183.311,1.0,9.862727583323915,0.10000000149011612
183.36,1.0,9.917568976059556,0.10000000149011612
183.415,1.0,9.890000000016556,0.10000000149011612
183.462,1.0,9.670253360147278,0.10000000149011612
183.515,1.0,9.835151101814375,0.10000000149011612
183.561,1.0,9.780104806294872,0.10000000149011612
183.611,1.0,9.945151514870425,0.10590561479330063
183.663,1.0,9.780370523139007,0.10000000149011612
183.718,1.0,9.917544124316837,0.10000000149011612
183.765,1.0,9.835072444317241,0.10000000149011612
183.813,1.0,9.807646450027823,0.10000000149011612
183.868,1.0,9.86264038880666,0.10000000149011612
183.912,1.0,9.917540650959644,0.10000000149011612
183.963,1.0,9.89024475382434,0.10000000149011612
184.016,1.0,9.890203316344156,0.10000000149011612
184.066,1.0,9.862565148911543,0.10000000149011612
184.114,1.0,9.725270307105449,0.10000000149011612
184.164,1.0,9.752692350724505,0.10000000149011612
184.215,1.0,9.835270831837422,0.10000000149011612
184.268,1.0,9.862601655142175,0.10000000149011612
184.318,1.0,9.752959494437608,0.10000000149011612
184.366,1.0,9.615523644909263,0.10000000149011612
184.416,1.0,9.698057354883188,0.10000000149011612
184.471,1.0,9.752722124217286,0.10000000149011612
184.515,1.0,9.917500000012417,0.10000000149011612
184.567,1.0,9.780031220304469,0.10000000149011612
184.616,1.0,9.780184796473218,0.10000000149011612
184.665,1.0,9.890173413418234,0.10000000149011612
184.725,1.0,9.835263070070908,0.10000000149011612
184.766,1.0,9.807805567131274,0.10000000149011612
184.818,1.0,9.807625444833603,0.10000000149011612
184.868,1.0,9.89020407853855,0.10000000149011612
184.916,1.0,9.835219035090672,0.10000000149011612
184.967,1.0,9.75258790275289,0.10000000149011612
185.016,1.0,9.697605056377748,0.10000000149011612
185.07,1.0,9.72515651093175,0.10000000149011612
185.116,1.0,9.725147460939155,0.10000000149011612
185.17,1.0,9.7252297239792,0.10000000149011612
185.227,1.0,9.91755277402699,0.10000000149011612
185.269,1.0,9.807746089787948,0.10000000149011612
185.326,1.0,9.780205351776546,0.10000000149011612
185.367,1.0,9.752739499488639,0.10000000149011612
185.419,1.0,9.807595468209021,0.10000000149011612
185.475,1.0,9.835086420737207,0.10000000149011612
185.517,1.0,9.835405869016217,0.10000000149011612
185.568,1.0,9.670570933591161,0.10000000149011612
185.617,1.0,9.94513023129354,0.10000000149011612
185.67,1.0,9.780280325954987,0.10000000149011612
185.718,1.0,9.780451125258374,0.10000000149011612
185.77,1.0,9.89009551656329,0.10000000149011612
185.818,1.0,9.588197622593079,0.10000000149011612
185.872,1.0,9.835130586764878,0.10000000149011612
185.922,1.0,9.86263146897157,0.10000000149011612
185.979,1.0,9.862747761772738,0.10000000149011612
186.027,1.0,9.835167075569432,0.10000000149011612
186.078,1.0,9.67051536033137,0.10000000149011612
186.127,1.0,9.725540425711207,0.10000000149011612
186.175,1.0,9.697805393238863,0.10000000149011612
186.227,1.0,9.862643809678653,0.10000000149011612
186.277,1.0,9.725364665231771,0.10000000149011612
186.341,1.0,9.752765546863278,0.10000000149011612
186.378,1.0,9.807897866227561,0.10000000149011612
186.431,1.0,9.725282494082219,0.10000000149011612
186.482,1.0,9.835347555784715,0.10000000149011612
186.528,1.0,9.670366478649278,0.10000000149011612
186.584,1.0,9.945000000008278,0.10000000149011612
186.637,1.0,9.642979129424525,0.10000000149011612
186.685,1.0,9.642721534872221,0.10000000149011612
186.734,1.0,9.835114393962755,0.10000000149011612
186.786,1.0,9.780162477244934,0.10000000149011612
186.837,1.0,9.78004728121062,0.10000000149011612
186.89,1.0,9.835279725636873,0.10120265185832977
186.939,1.0,9.807853228702314,0.10000000149011612
186.984,1.0,9.835280881097747,0.10000000149011612
187.036,1.0,9.807623453314106,0.10000000149011612
187.085,1.0,9.835046940586633,0.10000000149011612
187.137,1.0,9.862825223989784,0.11590495705604553
187.18,1.0,9.945100005157292,0.10000000149011612
187.234,1.0,9.7803079718103,0.10000000149011612
187.284,1.0,9.725225719788837,0.10000000149011612
187.338,1.0,9.862763725034892,0.10000000149011612
187.387,1.0,9.698006541509596,0.10000000149011612
187.439,1.0,9.780057313210435,0.10000000149011612
187.485,1.0,9.862770331816542,0.10000000149011612
187.539,1.0,9.78045888280289,0.10000000149011612
187.586,1.0,9.670276367291809,0.10000000149011612
187.642,1.0,9.725474123801622,0.10000000149011612
187.686,1.0,9.86273475488027,0.10000000149011612
187.73,1.0,9.697665682476428,0.10000000149011612
187.786,1.0,9.807687424040504,0.10000000149011612
187.84,1.0,9.753067571214503,0.10000000149011612
187.887,1.0,9.972500000004139,0.10000000149011612
187.94,1.0,9.890299183544185,0.10000000149011612
187.993,1.0,9.807799078048104,0.10000000149011612
188.037,1.0,9.835024163271818,0.10000000149011612
188.095,1.0,9.725624571802715,0.10000000149011612
188.14,1.0,9.808022705320683,0.10000000149011612
188.189,1.0,9.697760678496625,0.10000000149011612
188.24,1.0,9.862557602694466,0.10000000149011612
188.291,1.0,9.725538156554103,0.10000000149011612
188.342,1.0,9.807580958596533,0.10000000149011612
188.398,1.0,9.807700749610861,0.10000000149011612
188.441,1.0,9.862714912680287,0.10000000149011612
188.493,1.0,9.807665841964385,0.10000000149011612
188.557,1.0,9.835199359162814,0.10000000149011612
188.593,1.0,9.725388781167567,0.10000000149011612
188.643,1.0,9.780454371476338,0.10000000149011612
188.694,1.0,9.698044569976627,0.10000000149011612
188.743,1.0,9.807569266069267,0.10000000149011612
188.799,1.0,9.780149777399169,0.10000000149011612
188.844,1.0,9.643086732013359,0.10000000149011612
188.895,1.0,9.80795925149901,0.10000000149011612
188.949,1.0,9.780084866823422,0.10000000149011612
188.999,1.0,9.890253682103422,0.10000000149011612
189.051,1.0,9.862535729528302,0.10000000149011612
189.093,1.0,9.725187298220893,0.10000000149011612
189.147,1.0,9.780370383419925,0.10000000149011612
189.194,1.0,9.835143937480947,0.10000000149011612
189.245,1.0,9.780353916498521,0.10000000149011612
189.295,1.0,9.835103954623143,0.10000000149011612
189.345,1.0,9.752761479612026,0.10000000149011612
189.396,1.0,9.697599675547746,0.10000000149011612
189.448,1.0,9.752755580200917,0.10000000149011612
189.497,1.0,9.780268477565713,0.10000000149011612
189.545,1.0,9.890028310277396,0.10000000149011612
189.595,1.0,9.725108108027941,0.10000000149011612
189.645,1.0,9.917620442062617,0.10000000149011612
189.695,1.0,9.780207939487365,0.10000000149011612
189.744,1.0,9.807997347600757,0.10000000149011612
189.792,1.0,9.917626956477761,0.10000000149011612
189.844,1.0,9.835174156001045,0.10000000149011612
189.898,1.0,9.835241495590243,0.10000000149011612
189.959,1.0,9.780359138486286,0.10000000149011612
189.999,1.0,9.72540500956691,0.10000000149011612
190.051,1.0,9.862743492838408,0.10000000149011612
190.098,1.0,9.780316937818295,0.10000000149011612
190.151,1.0,9.780310467382272,0.10000000149011612
190.208,1.0,9.670628337251644,0.10000000149011612
190.252,1.0,9.752848669079443,0.10000000149011612
190.304,1.0,9.75260458447867,0.10000000149011612
190.352,1.0,9.752959307634995,0.10000000149011612
190.401,1.0,9.807772808170153,0.10000000149011612
190.451,1.0,9.862635329551996,0.10000000149011612
190.502,1.0,9.780043899950881,0.10000000149011612
190.551,1.0,9.890122576368352,0.10000000149011612
190.601,1.0,9.807724929269817,0.10000000149011612
190.658,1.0,9.752771584379177,0.10000000149011612
190.7,1.0,9.670429891140925,0.10000000149011612
190.751,1.0,9.752988409602807,0.10000000149011612
190.806,1.0,9.780101333951784,0.10000000149011612
190.858,1.0,9.890242762573891,0.10640253126621246
190.904,1.0,9.697897207799057,0.10000000149011612
190.964,1.0,9.94508273119314,0.10000000149011612
191.008,1.0,9.835219382453296,0.10000000149011612
191.06,1.0,9.807627780528533,0.10000000149011612
191.107,1.0,9.83543631657958,0.10000000149011612
191.158,1.0,9.945094773483772,0.10000000149011612
191.207,1.0,9.697872692905367,0.10000000149011612
191.256,1.0,9.917700310610234,0.10000000149011612
191.308,1.0,9.862691083405581,0.10000000149011612
191.361,1.0,9.780340205898716,0.10000000149011612
191.412,1.0,9.91761326711211,0.10000000149011612
191.458,1.0,9.807763623094393,0.10000000149011612
191.509,1.0,9.945012856419716,0.10000000149011612
191.559,1.0,9.8627113721023,0.10000000149011612
191.606,1.0,9.917851859620876,0.13802094757556915
191.659,1.0,9.835065780207515,0.10000000149011612
191.709,1.0,9.89028706525763,0.10000000149011612
191.759,1.0,9.890119647814167,0.10000000149011612
191.813,1.0,9.835243149557048,0.10000000149011612
191.857,1.0,9.835427988279196,0.10000000149011612
191.913,1.0,9.75274704295314,0.10000000149011612
191.959,1.0,9.86261730092681,0.10000000149011612
192.014,1.0,9.807966683080627,0.10000000149011612
192.061,1.0,9.807678529082073,0.10000000149011612
192.111,1.0,9.780283467740649,0.10000000149011612
192.156,1.0,9.807539956706266,0.10000000149011612
192.214,1.0,9.835064154076907,0.10000000149011612
192.261,1.0,9.862650319582059,0.10000000149011612
192.313,1.0,9.78026002407488,0.10000000149011612
192.361,1.0,9.862730993620223,0.10000000149011612
192.412,1.0,9.533253918733035,0.10000000149011612
192.461,1.0,9.64284665837056,0.10000000149011612
192.511,1.0,9.588185060417487,0.10000000149011612
192.562,1.0,9.697886931461593,0.10000000149011612
192.611,1.0,9.643020074359244,0.10000000149011612
192.661,1.0,9.807807982030015,0.10000000149011612
192.716,1.0,9.642929091221756,0.10000000149011612
192.76,1.0,9.807804589428835,0.10000000149011612
192.815,1.0,9.835319237762855,0.10000000149011612
192.862,1.0,9.807885281907188,0.10000000149011612
192.913,1.0,9.670148935458727,0.10000000149011612
192.966,1.0,9.752980040758848,0.10000000149011612
193.026,1.0,9.670485919713974,0.10000000149011612
193.065,1.0,9.780379518431921,0.10000000149011612
193.114,1.0,9.94503058867736,0.10000000149011612
193.164,1.0,9.83516962159839,0.10000000149011612
193.213,1.0,9.862828762746519,0.10000000149011612
193.266,1.0,9.917500000012417,0.10000000149011612
193.313,1.0,9.835209104522235,0.10000000149011612
193.363,1.0,9.725181253316501,0.10000000149011612
193.413,1.0,9.72537492931717,0.10000000149011612
193.468,1.0,9.835127838514746,0.10000000149011612
193.515,1.0,9.862675212447842,0.10000000149011612
193.563,1.0,9.780468032260735,0.10000000149011612
193.617,1.0,9.587766014515525,0.10000000149011612
193.665,1.0,9.8352459538728,0.10000000149011612
193.713,1.0,9.890269717077414,0.10000000149011612
193.764,1.0,9.725321193267074,0.10000000149011612
193.817,1.0,9.780325602326128,0.10000000149011612
193.862,1.0,9.780366677708097,0.10000000149011612
193.913,1.0,9.890073331404064,0.10000000149011612
193.964,1.0,9.752686008024547,0.10000000149011612
194.015,1.0,9.890128309424552,0.10000000149011612
194.065,1.0,9.670513894740079,0.10000000149011612
194.12,1.0,9.807774043579895,0.10000000149011612
194.164,1.0,9.862767891027033,0.10000000149011612
194.211,1.0,9.78040079159869,0.10000000149011612
194.264,1.0,9.80784752898746,0.10000000149011612
194.316,1.0,9.807731082538764,0.10000000149011612
194.364,1.0,9.807648123883538,0.10000000149011612
194.416,1.0,9.835104405673015,0.10000000149011612
194.471,1.0,9.67043565697968,0.10000000149011612
194.518,1.0,9.862610553142925,0.10000000149011612
194.564,1.0,9.807839146525495,0.10000000149011612
194.621,1.0,9.835171273681853,0.10000000149011612
194.669,1.0,9.725293751247227,0.10000000149011612
194.72,1.0,9.83520039661477,0.10000000149011612
194.769,1.0,9.890098526349497,0.10000000149011612
194.81,1.0,9.917500000012417,0.10000000149011612
194.864,1.0,9.807691543714867,0.10000000149011612
194.916,1.0,9.807704038090176,0.10000000149011612
194.971,1.0,9.75294480950882,0.10000000149011612
195.015,1.0,9.862914711609482,0.10000000149011612
195.065,1.0,9.780333944451478,0.10000000149011612
195.116,1.0,9.80763816839705,0.10000000149011612
195.173,1.0,9.835236573509045,0.10000000149011612
195.214,1.0,9.835293107748859,0.10000000149011612
195.264,1.0,9.753074648562405,0.10000000149011612
195.318,1.0,9.752778582833708,0.10000000149011612
195.365,1.0,9.780427717541654,0.10000000149011612
195.416,1.0,9.780518421447939,0.10000000149011612
195.472,1.0,9.780279277182288,0.10000000149011612
195.514,1.0,9.725523250632817,0.10000000149011612
195.566,1.0,9.725276225805283,0.10000000149011612
195.62,1.0,9.725333663572867,0.10000000149011612
195.664,1.0,9.670095758305656,0.10000000149011612
195.716,1.0,9.862580986403756,0.10000000149011612
195.771,1.0,9.86259420822478,0.10000000149011612
195.814,1.0,9.945000000008278,0.10000000149011612
195.865,1.0,9.807637749384675,0.10000000149011612
195.919,1.0,9.835185780438284,0.10000000149011612
195.968,1.0,9.780570406570202,0.10000000149011612
196.016,1.0,9.752854111769961,0.10000000149011612
196.066,1.0,9.698162818927731,0.10000000149011612
196.118,1.0,9.862684298472272,0.10000000149011612
196.165,1.0,9.780346149516602,0.10000000149011612
196.217,1.0,9.89018043089244,0.10000000149011612
196.271,1.0,9.862663407520287,0.10000000149011612
196.317,1.0,9.835142450034619,0.10000000149011612
196.366,1.0,9.780404404799144,0.10000000149011612
196.414,1.0,9.917612467809684,0.10000000149011612
196.466,1.0,9.752871353965666,0.10000000149011612
196.516,1.0,9.78002502127654,0.10000000149011612
196.566,1.0,9.72549787066463,0.10000000149011612
196.617,1.0,9.862700743807686,0.10000000149011612
196.668,1.0,9.835143129403393,0.10000000149011612
196.722,1.0,9.862738732248545,0.10000000149011612
196.766,1.0,9.862672018818557,0.10000000149011612
196.817,1.0,9.807626721842421,0.10000000149011612
196.867,1.0,9.835280065693789,0.10000000149011612
196.916,1.0,9.725326433881289,0.10000000149011612
196.967,1.0,9.80759263255944,0.10000000149011612
197.018,1.0,9.8350544742619,0.10000000149011612
197.075,1.0,9.862568672125539,0.10000000149011612
197.123,1.0,9.917636336158548,0.10000000149011612
197.167,1.0,9.835048156666259,0.10000000149011612
197.216,1.0,9.890049619827833,0.10000000149011612
197.266,1.0,9.72509865230984,0.10000000149011612
197.318,1.0,9.807681851399442,0.10000000149011612
197.352,1.0,9.807840662366814,0.10000000149011612
197.417,1.0,9.890246678123043,0.10000000149011612
197.468,1.0,9.80785794781728,0.10000000149011612
197.523,1.0,9.725338174092274,0.10000000149011612
197.565,1.0,9.972577691906029,0.12796908617019653
197.617,1.0,9.725332446023822,0.10000000149011612
197.667,1.0,9.807969948235485,0.10000000149011612
197.718,1.0,9.615756656643416,0.10000000149011612
197.777,1.0,9.807690347648329,0.10000000149011612
197.825,1.0,9.752967336794569,0.10000000149011612
197.87,1.0,9.94519054705484,0.12481001764535904
197.922,1.0,9.862667931885355,0.10000000149011612
197.968,1.0,9.72532657943666,0.10000000149011612
198.025,1.0,9.780265190742082,0.10000000149011612
198.073,1.0,9.917520091786153,0.10000000149011612
198.119,1.0,9.72513558903916,0.10000000149011612
198.171,1.0,9.862594635991586,0.10000000149011612
198.22,1.0,9.587913968786598,0.10000000149011612
198.271,1.0,9.835427847628791,0.10000000149011612
198.323,1.0,9.945000576103727,0.10000000149011612
198.378,1.0,9.890000000016556,0.10000000149011612
198.419,1.0,9.890008772475024,0.10000000149011612
198.469,1.0,9.67019891285648,0.10000000149011612
198.524,1.0,9.780175427181852,0.10000000149011612
198.571,1.0,9.752885691759486,0.10000000149011612
198.621,1.0,9.890142187476158,0.10000000149011612
198.67,1.0,9.862599539694687,0.10000000149011612
198.715,1.0,9.835296146675116,0.10000000149011612
198.769,1.0,9.697742887689836,0.10000000149011612
198.819,1.0,9.72521974525104,0.10000000149011612
198.87,1.0,9.752671714851425,0.10000000149011612
198.923,1.0,9.807763940509822,0.10000000149011612
198.969,1.0,9.862727959019443,0.10000000149011612
199.019,1.0,9.890122478600178,0.10000000149011612
199.07,1.0,9.8075906958431,0.10000000149011612
199.12,1.0,9.862671758068933,0.10000000149011612
199.169,1.0,9.807784984798895,0.10000000149011612
199.229,1.0,9.835461921472517,0.10000000149011612
199.275,1.0,9.780095978557236,0.10000000149011612
199.326,1.0,9.725466826330457,0.10000000149011612
199.376,1.0,9.807579972739848,0.10000000149011612
199.425,1.0,9.89010566888998,0.10000000149011612
199.479,1.0,9.835177897310091,0.10000000149011612
199.523,1.0,9.835417153934637,0.10000000149011612
199.574,1.0,9.780488934988776,0.10000000149011612
199.628,1.0,9.835274767648015,0.10000000149011612
199.674,1.0,9.83522296692762,0.10000000149011612
199.724,1.0,9.69774888780796,0.10000000149011612
199.776,1.0,9.697928555289076,0.10000000149011612
199.823,1.0,9.78014970831573,0.10000000149011612
199.874,1.0,9.945000000008278,0.10000000149011612
199.924,1.0,9.670398639225297,0.10000000149011612
199.979,1.0,9.643041843362152,0.10000000149011612
200.023,1.0,9.588005301356315,0.10000000149011612
200.074,1.0,9.780223841944503,0.10000000149011612
200.124,1.0,9.917586651092602,0.10000000149011612
200.174,1.0,9.917534560937849,0.10000000149011612
200.225,1.0,9.698146314236025,0.10000000149011612
200.274,1.0,9.917533005691237,0.10000000149011612
200.324,1.0,9.780371705753108,0.10000000149011612
200.384,1.0,9.917531384424203,0.10000000149011612
200.425,1.0,9.780281372430425,0.10000000149011612
200.474,1.0,9.780551376918124,0.10000000149011612
200.527,1.0,9.862542848206228,0.10000000149011612
200.575,1.0,9.890000000016556,0.10000000149011612
200.625,1.0,9.835174512056012,0.10000000149011612
200.681,1.0,9.78023383576009,0.10000000149011612
200.727,1.0,9.80773826158709,0.10000000149011612
200.777,1.0,9.698080229034854,0.10000000149011612
200.828,1.0,9.807770708741414,0.10000000149011612
200.879,1.0,9.835195677851637,0.10000000149011612
200.925,1.0,9.752694159001113,0.10000000149011612
200.975,1.0,9.780379257268375,0.10000000149011612
201.032,1.0,9.80780348012017,0.10000000149011612
201.077,1.0,9.752838195549945,0.10000000149011612
201.131,1.0,9.752739942694705,0.10000000149011612
201.183,1.0,9.862554653920233,0.10000000149011612
201.227,1.0,9.807730782073405,0.10000000149011612
201.282,1.0,9.780228818870253,0.10000000149011612
201.336,1.0,9.780195955331955,0.10000000149011612
201.381,1.0,9.780297482262055,0.10000000149011612
201.431,1.0,9.780349566207992,0.10000000149011612
201.482,1.0,9.862620920687913,0.10000000149011612
201.536,1.0,9.917500183006956,0.10000000149011612
201.583,1.0,9.917724916690753,0.11637026816606522
201.633,1.0,9.835321318337487,0.10000000149011612
201.685,1.0,9.698318446717328,0.10000000149011612
201.74,1.0,9.890000000016556,0.10000000149011612
201.782,1.0,9.835100053685407,0.10000000149011612
201.841,1.0,9.807818136591878,0.10000000149011612
201.883,1.0,9.862628494368659,0.10000000149011612
201.934,1.0,9.807699106716447,0.10000000149011612
201.983,1.0,9.917700219133662,0.10000000149011612
202.041,1.0,9.80783039290044,0.10000000149011612
202.088,1.0,9.917664531680446,0.10000000149011612
202.135,1.0,9.890152052810622,0.10000000149011612
202.183,1.0,9.670307499646313,0.10000000149011612
202.234,1.0,9.78010101519111,0.10000000149011612
202.284,1.0,9.80776785167141,0.10000000149011612
202.335,1.0,9.862723824133475,0.10000000149011612
202.382,1.0,9.752716980750362,0.10000000149011612
202.435,1.0,9.890081788578795,0.10000000149011612
202.486,1.0,9.752889796242945,0.10000000149011612
202.534,1.0,9.890043576289383,0.10000000149011612
202.59,1.0,9.807582920603455,0.10000000149011612
202.638,1.0,9.835292830297517,0.10000000149011612
202.685,1.0,9.807816708150009,0.10000000149011612
202.738,1.0,9.670406900118623,0.10000000149011612
202.785,1.0,9.780281392733256,0.10000000149011612
202.84,1.0,9.945112305279407,0.10000000149011612
202.884,1.0,9.807669621002344,0.10000000149011612
202.943,1.0,9.835241626554893,0.10000000149011612
202.985,1.0,9.89009349114365,0.10000000149011612
203.034,1.0,9.91752172847175,0.10000000149011612
203.091,1.0,9.725792452382544,0.10000000149011612
203.134,1.0,9.835145433785186,0.10000000149011612
203.185,1.0,9.752664929504196,0.10000000149011612
203.238,1.0,9.780225770009888,0.10000000149011612
203.277,1.0,9.835313880174525,0.10000000149011612
203.34,1.0,9.752584998827015,0.10000000149011612
203.385,1.0,9.725315267075267,0.10000000149011612
203.436,1.0,9.780306076092852,0.10000000149011612
203.489,1.0,9.697988532607754,0.10000000149011612
203.535,1.0,9.890136153561373,0.10000000149011612
203.59,1.0,9.890065600371194,0.10000000149011612
203.641,1.0,9.69778716063334,0.10000000149011612
203.692,1.0,9.807676430460479,0.10000000149011612
203.738,1.0,9.89016423854563,0.10000000149011612
203.788,1.0,9.75280602319787,0.10000000149011612
203.841,1.0,9.780206883615918,0.10000000149011612
203.894,1.0,9.807662624886467,0.10000000149011612
203.94,1.0,9.780298918092416,0.10000000149011612
203.991,1.0,9.83504188992083,0.10000000149011612
204.041,1.0,9.862674645748402,0.10000000149011612
204.094,1.0,9.615551411919295,0.10000000149011612
204.139,1.0,9.890282219255136,0.10000000149011612
204.189,1.0,9.945035637666782,0.10000000149011612
204.239,1.0,9.780184314793182,0.10000000149011612
204.29,1.0,9.807873823721376,0.10000000149011612
204.342,1.0,9.752972539307343,0.10000000149011612
204.396,1.0,9.75287970347951,0.10000000149011612
204.442,1.0,9.807710419057145,0.10000000149011612
204.492,1.0,9.807709362792473,0.10000000149011612
204.543,1.0,9.835197037313547,0.10000000149011612
204.593,1.0,9.780361204387413,0.10000000149011612
204.643,1.0,9.890210960225927,0.10000000149011612
204.692,1.0,9.780381260274185,0.10000000149011612
204.744,1.0,9.835347389243543,0.10000000149011612
204.792,1.0,9.780189504019088,0.10000000149011612
204.845,1.0,9.752797173336148,0.10000000149011612
204.896,1.0,9.725217683778869,0.10000000149011612
204.945,1.0,9.835411151229508,0.10000000149011612
204.997,1.0,9.835088934521709,0.10000000149011612
205.048,1.0,9.862755840292408,0.10000000149011612
205.096,1.0,9.917577353782123,0.10000000149011612
205.146,1.0,9.64276503123757,0.10000000149011612
205.208,1.0,9.862619780252377,0.10000000149011612
205.244,1.0,9.835194493975077,0.10000000149011612
205.298,1.0,9.835120672153103,0.10000000149011612
205.344,1.0,9.72536981018881,0.10000000149011612
205.395,1.0,9.862670304212305,0.10000000149011612
205.448,1.0,9.697895841900673,0.10000000149011612
205.502,1.0,9.752828816055423,0.10000000149011612
205.547,1.0,9.78023951223327,0.10000000149011612
205.595,1.0,9.807647302643293,0.10000000149011612
205.646,1.0,9.780124718509615,0.10000000149011612
205.698,1.0,9.807813354788555,0.10000000149011612
205.749,1.0,9.89013885712872,0.10000000149011612
205.796,1.0,9.725485832575295,0.10000000149011612
205.846,1.0,9.78031220640987,0.10000000149011612
205.898,1.0,9.697533655477066,0.10000000149011612
205.946,1.0,9.917500000012417,0.10000000149011612
205.996,1.0,9.670233843806717,0.10000000149011612
206.046,1.0,9.83548767802616,0.10000000149011612
206.1,1.0,9.8353029915856,0.10000000149011612
206.148,1.0,9.807838840472202,0.10000000149011612
206.199,1.0,9.725380873514545,0.10000000149011612
206.253,1.0,9.835391102255219,0.10000000149011612
206.298,1.0,9.642867199000385,0.10000000149011612
206.348,1.0,9.86265880111605,0.10000000149011612
206.4,1.0,9.835265215548377,0.10000000149011612
206.447,1.0,9.780184827600088,0.10000000149011612
206.508,1.0,9.78016603247573,0.10000000149011612
206.555,1.0,9.780089825246897,0.10000000149011612
206.605,1.0,9.670485191605986,0.10000000149011612
206.654,1.0,9.697820754390623,0.10000000149011612
206.708,1.0,9.917500000012417,0.10000000149011612
206.753,1.0,9.835018773418334,0.10000000149011612
206.802,1.0,9.862698695394728,0.10000000149011612
206.852,1.0,9.917712781516213,0.10538359731435776
206.904,1.0,9.725076688784693,0.10000000149011612
206.958,1.0,9.917542628612782,0.10000000149011612
206.994,1.0,9.725561100741228,0.10000000149011612
207.051,1.0,9.78028981578019,0.10000000149011612
207.102,1.0,9.807750017320116,0.10000000149011612
207.152,1.0,9.807668392960396,0.10000000149011612
207.202,1.0,9.862792487401101,0.10000000149011612
207.252,1.0,9.807967497470479,0.10000000149011612
207.302,1.0,9.753101200838056,0.10000000149011612
207.357,1.0,9.862898817203112,0.10000000149011612
207.399,1.0,9.83519325291531,0.10000000149011612
207.451,1.0,9.670207930563224,0.10000000149011612
207.503,1.0,9.643111971972717,0.10000000149011612
207.552,1.0,9.890059660395814,0.10000000149011612
207.603,1.0,9.697775339231724,0.10000000149011612
207.652,1.0,9.8901535310679,0.10000000149011612
207.702,1.0,9.780141177628604,0.10000000149011612
207.757,1.0,9.835249299742282,0.10000000149011612
207.801,1.0,9.780342553783623,0.10000000149011612
207.853,1.0,9.835115694875519,0.10000000149011612
207.909,1.0,9.972576972759432,0.12771019339561462
207.954,1.0,9.725357852441569,0.10000000149011612
208.011,1.0,9.890115858510965,0.10000000149011612
208.051,1.0,9.752635744483106,0.10000000149011612
208.103,1.0,9.890297823337217,0.10000000149011612
208.152,1.0,9.670597310053806,0.10000000149011612
208.206,1.0,9.72542134370241,0.10000000149011612
208.254,1.0,9.917610658456882,0.10000000149011612
208.302,1.0,9.752996331225667,0.10000000149011612
208.354,1.0,9.86267056013975,0.10000000149011612
208.403,1.0,9.945000000008278,0.10000000149011612
208.448,1.0,9.67048171284712,0.10000000149011612
208.499,1.0,9.725269066294034,0.10000000149011612
208.553,1.0,9.75301467999816,0.10000000149011612
208.612,1.0,9.945052848694225,0.10000000149011612
208.654,1.0,9.807830640094148,0.10000000149011612
208.703,1.0,9.835100244875584,0.10000000149011612
208.755,1.0,9.752802381726603,0.10000000149011612
208.808,1.0,9.807851653070086,0.10000000149011612
208.856,1.0,9.808059809439712,0.10000000149011612
208.903,1.0,9.7804218377918,0.10000000149011612
208.958,1.0,9.862519719389578,0.10000000149011612
209.009,1.0,9.753116502447261,0.10000000149011612
209.055,1.0,9.862643302025067,0.10000000149011612
209.102,1.0,9.890162106355032,0.10000000149011612
209.151,1.0,9.835152218408055,0.10000000149011612
209.203,1.0,9.835475770218505,0.10000000149011612
209.259,1.0,9.807666895766225,0.10000000149011612
209.306,1.0,9.807924456604653,0.10000000149011612
209.363,1.0,9.780248809812797,0.10000000149011612
209.407,1.0,9.835082817801998,0.10000000149011612
209.462,1.0,9.890225553222828,0.10000000149011612
209.509,1.0,9.862768394769066,0.10000000149011612
209.563,1.0,9.752952957650026,0.10000000149011612
209.607,1.0,9.780407976441913,0.10000000149011612
209.66,1.0,9.698034820167555,0.10000000149011612
209.717,1.0,9.835225006503363,0.10000000149011612
209.758,1.0,9.862745259267589,0.10000000149011612
209.808,1.0,9.835258939510418,0.10000000149011612
209.857,1.0,9.835282946460778,0.10000000149011612
209.907,1.0,9.725538721039063,0.10000000149011612
209.958,1.0,9.780105605493818,0.10000000149011612
210.014,1.0,9.835443577087588,0.10000000149011612
210.058,1.0,9.807848856991363,0.10000000149011612
210.108,1.0,9.91756750409388,0.10000000149011612
210.159,1.0,9.780371928008066,0.10000000149011612
210.21,1.0,9.835205153044727,0.10000000149011612
210.263,1.0,9.890167980910176,0.10000000149011612
210.31,1.0,9.780349474627938,0.10000000149011612
210.357,1.0,9.780496329565842,0.10000000149011612
210.408,1.0,9.890236914654572,0.10000000149011612
210.46,1.0,9.67032665082564,0.10000000149011612
210.51,1.0,9.917509800940753,0.10000000149011612
210.558,1.0,9.835125364632242,0.10000000149011612
210.613,1.0,9.780386567943626,0.10000000149011612
210.657,1.0,9.725225470422043,0.10000000149011612
210.707,1.0,9.86282312007,0.10000000149011612
210.761,1.0,9.835252622577052,0.10000000149011612
210.808,1.0,9.835023196910818,0.10000000149011612
210.86,1.0,9.89012308764375,0.10000000149011612
210.908,1.0,9.83524962866472,0.10000000149011612
210.96,1.0,9.86278250180185,0.10000000149011612
211.014,1.0,9.80795168651061,0.10000000149011612
211.059,1.0,9.643008247638742,0.10000000149011612
211.109,1.0,9.752679673851365,0.10000000149011612
211.158,1.0,9.862541021406651,0.10000000149011612
211.213,1.0,9.725639750353164,0.10000000149011612
211.258,1.0,9.725314671297868,0.10000000149011612
211.309,1.0,9.725278035799663,0.10000000149011612
211.366,1.0,9.835180042270157,0.10000000149011612
211.41,1.0,9.807902476584745,0.10000000149011612
211.466,1.0,9.862835698181556,0.10000000149011612
211.51,1.0,9.807749227496485,0.10000000149011612
211.561,1.0,9.725250692789754,0.10000000149011612
211.611,1.0,9.917500000012417,0.10000000149011612
211.661,1.0,9.94517365126974,0.12120187282562256
211.723,1.0,9.78019668161869,0.10000000149011612
211.761,1.0,9.670365868612295,0.10000000149011612
211.812,1.0,9.890043431872295,0.10000000149011612
211.86,1.0,9.780321978881128,0.10000000149011612
211.911,1.0,9.917634011929234,0.10000000149011612
211.96,1.0,9.752846936115787,0.10000000149011612
212.013,1.0,9.725405714433226,0.10000000149011612
212.067,1.0,9.890050323452387,0.10000000149011612
212.113,1.0,9.78036037594494,0.10000000149011612
212.164,1.0,9.780207268231445,0.10000000149011612
212.214,1.0,9.780414418834779,0.10000000149011612
212.26,1.0,9.725370156764985,0.10000000149011612
212.313,1.0,9.725094720514285,0.10000000149011612
212.365,1.0,9.8353226420987,0.10000000149011612
212.417,1.0,9.752634186815056,0.10000000149011612
212.465,1.0,9.8902479921985,0.10000000149011612
212.516,1.0,9.69784581977874,0.10000000149011612
212.573,1.0,9.91753807945384,0.10000000149011612
212.621,1.0,9.835223711406192,0.10000000149011612
212.673,1.0,9.9176141553041,0.10000000149011612
212.72,1.0,9.752584682632651,0.10000000149011612
212.767,1.0,9.67059877558301,0.10000000149011612
212.817,1.0,9.862617652490735,0.10000000149011612
212.872,1.0,9.835140969956086,0.10000000149011612
212.917,1.0,9.725137064916392,0.10000000149011612
212.968,1.0,9.80789506263617,0.10000000149011612
213.018,1.0,9.807714434857997,0.10000000149011612
213.07,1.0,9.78018774094267,0.10000000149011612
213.118,1.0,9.807841011571387,0.10000000149011612
213.168,1.0,9.80767164118588,0.10000000149011612
213.224,1.0,9.807852189780938,0.10000000149011612
213.271,1.0,9.725453335170945,0.10000000149011612
213.319,1.0,9.725536360943483,0.10000000149011612
213.372,1.0,9.862584578783975,0.10000000149011612
213.419,1.0,9.780411249192225,0.10000000149011612
213.482,1.0,9.890188743712173,0.10000000149011612
213.523,1.0,9.835472503490745,0.10000000149011612
213.568,1.0,9.835196747134129,0.10000000149011612
213.62,1.0,9.780197459790442,0.10000000149011612
213.671,1.0,9.86283758462717,0.10000000149011612
213.719,1.0,9.753028897920416,0.10000000149011612
213.771,1.0,9.86274778685636,0.10000000149011612
213.821,1.0,9.725412811587255,0.10000000149011612
213.874,1.0,9.725148080082404,0.10000000149011612
213.921,1.0,9.835323622346753,0.10000000149011612
213.967,1.0,9.780146665912536,0.10000000149011612
214.025,1.0,9.697983748776217,0.10000000149011612
214.078,1.0,9.78024706542492,0.10000000149011612
214.121,1.0,9.807660034195417,0.10000000149011612
214.179,1.0,9.89032966380732,0.10000000149011612
214.221,1.0,9.780241730809212,0.10000000149011612
214.263,1.0,9.75274119635837,0.10000000149011612
214.323,1.0,9.752814404666424,0.10000000149011612
214.379,1.0,9.890322855197722,0.11538578569889069
214.427,1.0,9.862642165459693,0.10000000149011612
214.474,1.0,9.835126998296214,0.10000000149011612
214.524,1.0,9.752818782606887,0.10000000149011612
214.576,1.0,9.780334935275217,0.10000000149011612
214.626,1.0,9.670325023991365,0.10000000149011612
214.679,1.0,9.89008602377855,0.10000000149011612
214.725,1.0,9.75274627721972,0.10000000149011612
214.783,1.0,9.835286851786076,0.10000000149011612
214.829,1.0,9.8351724859741,0.10000000149011612
214.88,1.0,9.83514632317755,0.10000000149011612
214.938,1.0,9.780183479169176,0.10000000149011612
214.979,1.0,9.890084131745,0.10000000149011612
215.029,1.0,9.752714105157388,0.10000000149011612
215.079,1.0,9.780391723021037,0.10000000149011612
215.13,1.0,9.890125027381712,0.10000000149011612
215.179,1.0,9.780322804095016,0.10000000149011612
215.229,1.0,9.807756113695602,0.10000000149011612
215.281,1.0,9.862744946322508,0.10000000149011612
215.339,1.0,9.862500000020695,0.10000000149011612
215.381,1.0,9.752717444445524,0.10000000149011612
215.428,1.0,9.807724220326378,0.10000000149011612
215.482,1.0,9.752813847983877,0.10000000149011612
215.529,1.0,9.86266348119825,0.10000000149011612
215.584,1.0,9.862688506436017,0.10000000149011612
215.629,1.0,9.862576407007873,0.10000000149011612
215.683,1.0,9.752970880642533,0.10000000149011612
215.733,1.0,9.835067632711596,0.10000000149011612
215.78,1.0,9.780384708464974,0.10000000149011612
215.83,1.0,9.890271515813138,0.10000000149011612
215.879,1.0,9.890149698675506,0.10000000149011612
215.929,1.0,9.835097685042355,0.10000000149011612
215.979,1.0,9.697625833128889,0.10000000149011612
216.031,1.0,9.917501595347291,0.10000000149011612
216.082,1.0,9.835041680290468,0.10000000149011612
216.128,1.0,9.890143294694523,0.10000000149011612
216.179,1.0,9.890242282218404,0.10297855734825134
216.23,1.0,9.807689774471024,0.10000000149011612
216.281,1.0,9.780568632628356,0.1102479100227356
216.329,1.0,9.807546758217116,0.10000000149011612
216.379,1.0,9.890137015283107,0.10000000149011612
216.434,1.0,9.725688189392288,0.10000000149011612
216.479,1.0,9.780221518273983,0.10000000149011612
216.532,1.0,9.7531046686901,0.10000000149011612
216.578,1.0,9.835220058903927,0.10000000149011612
216.634,1.0,9.807971738858356,0.10000000149011612
216.678,1.0,9.917794615878828,0.1162145659327507
216.733,1.0,9.75274301643173,0.10000000149011612
216.783,1.0,9.835216392783655,0.10000000149011612
216.831,1.0,9.917500000012417,0.10000000149011612
216.881,1.0,9.780411438230011,0.10000000149011612
216.932,1.0,9.862678184836275,0.10000000149011612
216.98,1.0,9.752750612981618,0.10000000149011612
217.03,1.0,9.697682265419926,0.10000000149011612
217.085,1.0,9.862633891817596,0.10000000149011612
217.134,1.0,9.780137029724816,0.10000000149011612
217.184,1.0,9.890065630173517,0.10000000149011612
217.238,1.0,9.807929306270347,0.10000000149011612
217.287,1.0,9.72532899454236,0.10000000149011612
217.343,1.0,9.807711765480539,0.10000000149011612
217.387,1.0,9.780226259823475,0.10000000149011612
217.436,1.0,9.835236700707013,0.10000000149011612
217.487,1.0,9.862753070311413,0.10000000149011612
217.537,1.0,9.780174796904127,0.10000000149011612
217.586,1.0,9.862767896759841,0.10000000149011612
217.636,1.0,9.780317710319327,0.10000000149011612
217.687,1.0,9.835111385604574,0.10000000149011612
217.736,1.0,9.86271845979823,0.10000000149011612
217.796,1.0,9.86251100587348,0.10000000149011612
217.838,1.0,9.752918954917954,0.10000000149011612
217.891,1.0,9.835000000024836,0.10000000149011612
217.939,1.0,9.780316731168163,0.10000000149011612
217.991,1.0,9.807704891160958,0.10000000149011612
218.038,1.0,9.752827800644768,0.10000000149011612
218.093,1.0,9.69767189005183,0.10000000149011612
218.14,1.0,9.780296399941047,0.10000000149011612
218.188,1.0,9.807848637219932,0.10000000149011612
218.24,1.0,9.807896014220185,0.10000000149011612
218.292,1.0,9.807540693196158,0.10000000149011612
218.34,1.0,9.752789284537236,0.10000000149011612
218.39,1.0,9.752684616711404,0.10000000149011612
218.439,1.0,9.780139745606316,0.10000000149011612
218.497,1.0,9.835284174088802,0.10000000149011612
218.541,1.0,9.917624504139853,0.10000000149011612
218.595,1.0,9.862578087051709,0.10000000149011612
218.644,1.0,9.780413162315057,0.10000000149011612
218.698,1.0,9.917611622106698,0.10000000149011612
218.747,1.0,9.807794439999594,0.10000000149011612
218.795,1.0,9.835251386215289,0.1026088148355484
218.848,1.0,9.917596192471683,0.10000000149011612
218.898,1.0,9.807636248796351,0.10000000149011612
218.947,1.0,9.72530902353012,0.10000000149011612
218.995,1.0,9.670473220013083,0.10000000149011612
219.048,1.0,9.752854710217152,0.10000000149011612
219.095,1.0,9.917637231656247,0.10000000149011612
219.149,1.0,9.835293683347603,0.10000000149011612
219.201,1.0,9.8900958010099,0.10000000149011612
219.245,1.0,9.670386379853719,0.10000000149011612
219.297,1.0,9.890285339268546,0.10000000149011612
219.345,1.0,9.835174248533116,0.10000000149011612
219.395,1.0,9.807591108170648,0.10000000149011612
219.447,1.0,9.780238245386217,0.10000000149011612
219.496,1.0,9.835251272531847,0.10000000149011612
219.546,1.0,9.780255427687532,0.10000000149011612
219.592,1.0,9.862598616215918,0.10000000149011612
219.644,1.0,9.91751842368394,0.10000000149011612
219.695,1.0,9.917500000012417,0.10000000149011612
219.754,1.0,9.725176378939715,0.10000000149011612
219.795,1.0,9.78056047031035,0.10000000149011612
219.847,1.0,9.835160095679264,0.10000000149011612
219.895,1.0,9.890033518233233,0.10000000149011612
219.945,1.0,9.725254394300283,0.10000000149011612
220.001,1.0,9.890000000016556,0.10000000149011612
220.046,1.0,9.725577255255645,0.10000000149011612
220.099,1.0,9.75280977934599,0.10000000149011612
220.142,1.0,9.780134405278497,0.10000000149011612
220.198,1.0,9.890187844551273,0.10000000149011612
220.251,1.0,9.78038372527808,0.10000000149011612
220.303,1.0,9.835424720309675,0.10000000149011612
220.35,1.0,9.780298731848598,0.10000000149011612
220.402,1.0,9.697891713202827,0.10000000149011612
220.457,1.0,9.807718942624827,0.10000000149011612
220.5,1.0,9.697901702196233,0.10000000149011612
220.557,1.0,9.807668646011088,0.10000000149011612
220.601,1.0,9.807777502263585,0.10000000149011612
220.653,1.0,9.67023994314174,0.10000000149011612
220.701,1.0,9.697789736319747,0.10000000149011612
220.75,1.0,9.780407199718885,0.10000000149011612
220.803,1.0,9.80801567364898,0.10000000149011612
220.862,1.0,9.725155227941771,0.10000000149011612
220.904,1.0,9.752771383937862,0.10000000149011612
220.956,1.0,9.780382639211085,0.10000000149011612
221.005,1.0,9.807777049971952,0.10000000149011612
221.057,1.0,9.752545362917914,0.10000000149011612
221.104,1.0,9.835149295876423,0.10000000149011612
221.159,1.0,9.835000000024836,0.10000000149011612
221.209,1.0,9.862635389053159,0.10000000149011612
221.257,1.0,9.862598518489136,0.10000000149011612
221.309,1.0,9.7252280815401,0.10000000149011612
221.359,1.0,9.917538128441407,0.10000000149011612
221.408,1.0,9.835274272556934,0.10000000149011612
221.466,1.0,9.807816249815126,0.10000000149011612
221.509,1.0,9.890065107432504,0.10000000149011612
221.564,1.0,9.862540351909896,0.10000000149011612
221.618,1.0,9.807767989341583,0.10000000149011612
221.662,1.0,9.78039874802861,0.10000000149011612
221.718,1.0,9.835268324696356,0.10000000149011612
221.766,1.0,9.752651064822244,0.10000000149011612
221.812,1.0,9.780134014805986,0.10000000149011612
221.864,1.0,9.835069219643872,0.10000000149011612
221.912,1.0,9.807941439830595,0.10000000149011612
221.967,1.0,9.89013613677687,0.10000000149011612
222.012,1.0,9.917715609239208,0.11252656579017639
222.066,1.0,9.83514704640127,0.10000000149011612
222.117,1.0,9.780380390439596,0.10000000149011612
222.161,1.0,9.890235034169422,0.10000000149011612
222.216,1.0,9.890339110025929,0.10000000149011612
222.263,1.0,9.780197553253837,0.10000000149011612
222.321,1.0,9.835471498366031,0.10689779371023178
222.363,1.0,9.780202125344012,0.10000000149011612
222.414,1.0,9.835103613572816,0.10000000149011612
222.463,1.0,9.807775657127301,0.10000000149011612
222.522,1.0,9.642870301028921,0.10000000149011612
222.568,1.0,9.835117514845397,0.10000000149011612
222.618,1.0,9.862593709180752,0.10000000149011612
222.666,1.0,9.752796656472816,0.10000000149011612
222.716,1.0,9.78023472391069,0.10000000149011612
222.769,1.0,9.697756294988924,0.10000000149011612
222.818,1.0,9.752743107866909,0.10000000149011612
222.88,1.0,9.807698554545642,0.10000000149011612
222.926,1.0,9.642818835770917,0.10000000149011612
222.973,1.0,9.917548038355179,0.10000000149011612
223.022,1.0,9.917627200856804,0.10000000149011612
223.07,1.0,9.835264224165844,0.10000000149011612
223.122,1.0,9.917704159000682,0.10456053167581558
223.176,1.0,9.807695766372813,0.10000000149011612
223.223,1.0,9.807696685464018,0.10000000149011612
223.275,1.0,9.862547588348388,0.10000000149011612
223.331,1.0,9.890180862591498,0.10000000149011612
223.376,1.0,9.89023436434153,0.10000000149011612
223.431,1.0,9.835219556217393,0.10000000149011612
223.479,1.0,9.780238447855744,0.10000000149011612
223.526,1.0,9.780414074059163,0.10000000149011612
223.576,1.0,9.83521721282353,0.10000000149011612
223.632,1.0,9.752616374877592,0.10000000149011612
223.677,1.0,9.807569386396143,0.10000000149011612
223.725,1.0,9.86275274163733,0.10000000149011612
223.776,1.0,9.698085364782148,0.10000000149011612
223.826,1.0,9.780171891736488,0.10000000149011612
223.879,1.0,9.917659914472864,0.10000000149011612
223.927,1.0,9.862781701899237,0.10000000149011612
223.981,1.0,9.80781531698174,0.10000000149011612
224.028,1.0,9.752826494413117,0.10000000149011612
224.079,1.0,9.807534834080272,0.10000000149011612
224.123,1.0,9.83552678173615,0.12477408349514008
224.177,1.0,9.807774909916851,0.10000000149011612
224.231,1.0,9.890176725760103,0.10000000149011612
224.286,1.0,9.757024272096654,0.10000000149011612
224.328,1.0,9.75714340445896,0.10000000149011612
224.382,1.0,9.784604620064298,0.10000000149011612
224.427,1.0,9.619804779895478,0.10000000149011612
224.477,1.0,9.647405941184196,0.10000000149011612
224.527,1.0,9.680902553411821,0.10000000149011612
224.579,1.0,9.79110412289285,0.10000000149011612
224.634,1.0,9.757185630438228,0.10000000149011612
224.681,1.0,9.592079460124175,0.10000000149011612
224.738,1.0,9.812102463013597,0.10000000149011612
224.787,1.0,9.736380406531195,0.10000000149011612
224.836,1.0,9.708767781613602,0.10000000149011612
224.889,1.0,9.708651298470794,0.10000000149011612
224.935,1.0,9.702097523481482,0.10000000149011612
224.989,1.0,9.87346871280008,0.10000000149011612
225.039,1.0,9.894335553919275,0.10000000149011612
225.091,1.0,9.845617602310247,0.10000000149011612
225.137,1.0,9.784594508529537,0.10000000149011612
225.197,1.0,9.729483619187441,0.10000000149011612
225.237,1.0,9.674649541659488,0.10000000149011612
225.298,1.0,9.852201130510204,0.10000000149011612
225.337,1.0,9.619740176097386,0.10000000149011612
225.396,1.0,9.839465815015137,0.10000000149011612
225.437,1.0,9.729630844833123,0.10000000149011612
225.481,1.0,9.784834443860584,0.10000000149011612
225.536,1.0,9.769540967585312,0.10000000149011612
225.591,1.0,9.839625231404272,0.10000000149011612
225.639,1.0,9.647277869325546,0.10000000149011612
225.689,1.0,9.647067576522629,0.10000000149011612
225.741,1.0,9.839568131272163,0.10000000149011612
225.79,1.0,9.839695395570661,0.10000000149011612
225.84,1.0,9.75710582356486,0.10000000149011612
225.889,1.0,9.729736968440314,0.10000000149011612
225.94,1.0,9.70264654159546,0.10000000149011612
225.988,1.0,9.839443590016002,0.10000000149011612
226.039,1.0,9.839589900192287,0.10000000149011612
226.091,1.0,9.790886145685281,0.10000000149011612
226.14,1.0,9.866925474773678,0.10000000149011612
226.189,1.0,9.674846941232682,0.10000000149011612
226.239,1.0,9.702308870375985,0.10000000149011612
226.299,1.0,9.70226829238236,0.10000000149011612
226.339,1.0,9.784482640669578,0.10000000149011612
226.39,1.0,9.812141388799581,0.10000000149011612
226.441,1.0,9.839420415212711,0.10000000149011612
226.48,1.0,9.564874885562393,0.10000000149011612
226.539,1.0,9.757061695680022,0.10000000149011612
226.589,1.0,9.735814901317159,0.10000000149011612
226.639,1.0,9.757421306727661,0.10000000149011612
226.694,1.0,9.894447050698929,0.1018216609954834
226.738,1.0,9.729520444365011,0.10000000149011612
226.789,1.0,9.674815378669235,0.10000000149011612
226.846,1.0,9.784604989095694,0.10000000149011612
226.888,1.0,9.839648567926552,0.10000000149011612
226.94,1.0,9.812060653997792,0.10000000149011612
226.994,1.0,9.7295764895363,0.10000000149011612
227.039,1.0,9.757183206371135,0.10000000149011612
227.095,1.0,9.784676807146106,0.10000000149011612
227.143,1.0,9.81210966884262,0.10000000149011612
227.193,1.0,9.811875013717346,0.10000000149011612
227.243,1.0,9.702343879329662,0.10000000149011612
227.305,1.0,9.537555181648996,0.10000000149011612
227.343,1.0,9.81810266772906,0.10000000149011612
227.398,1.0,9.867126226714916,0.10000000149011612
227.443,1.0,9.702182501306137,0.10000000149011612
227.498,1.0,9.867008680332866,0.10000000149011612
227.548,1.0,9.86691475154625,0.10000000149011612
227.596,1.0,9.6747796340949,0.10000000149011612
227.643,1.0,9.702340151183307,0.10000000149011612
227.703,1.0,9.784740958342121,0.10000000149011612
227.745,1.0,9.894287807949715,0.10000000149011612
227.802,1.0,9.812156226858496,0.10000000149011612
227.848,1.0,9.729796364117,0.10000000149011612
227.892,1.0,9.7571826931917,0.10000000149011612
227.945,1.0,9.681603751497136,0.10000000149011612
227.995,1.0,9.674989881511364,0.10000000149011612
228.05,1.0,9.619791557060347,0.10000000149011612
228.093,1.0,9.619685254825486,0.10000000149011612
228.146,1.0,9.784417525140775,0.10000000149011612
228.194,1.0,9.619891883970963,0.10000000149011612
228.245,1.0,9.81838974273867,0.10000000149011612
228.294,1.0,9.818281274330285,0.10000000149011612
228.344,1.0,9.784409303466479,0.10000000149011612
228.396,1.0,9.83933378437327,0.10000000149011612
228.451,1.0,9.866841593860752,0.10000000149011612
228.496,1.0,9.619721680403584,0.10000000149011612
228.548,1.0,9.757217879593373,0.10000000149011612
228.602,1.0,9.867023582715127,0.10000000149011612
228.644,1.0,9.592266982752417,0.10000000149011612
228.698,1.0,9.756994818896056,0.10000000149011612
228.747,1.0,9.729775167773996,0.10000000149011612
228.805,1.0,9.867128207782905,0.10000000149011612
228.844,1.0,9.729622153379022,0.10000000149011612
0.062,1.0,9.78490520639138,0.10000000149011612
0.103,1.0,9.784628559690383,0.10000000149011612
0.151,1.0,9.790924544984268,0.10000000149011612
0.21,1.0,9.812161874895294,0.10000000149011612
0.253,1.0,9.729861297003097,0.10000000149011612
0.308,1.0,9.818116511570082,0.10000000149011612
0.352,1.0,9.867093034378357,0.10000000149011612
0.402,1.0,9.729834163727032,0.10000000149011612
0.453,1.0,9.866854288429021,0.10000000149011612
0.505,1.0,9.72980938150237,0.10000000149011612
0.553,1.0,9.784589612918596,0.10000000149011612
0.601,1.0,9.763824173083735,0.10000000149011612
0.651,1.0,9.70829550669425,0.10000000149011612
0.711,1.0,9.647572332351572,0.10000000149011612
0.754,1.0,9.674960400309,0.10000000149011612
0.804,1.0,9.790753396248652,0.10000000149011612
0.855,1.0,9.564655840334792,0.10000000149011612
0.906,1.0,9.839479629923073,0.10000000149011612
0.96,1.0,9.763584706994395,0.10000000149011612
1.005,1.0,9.83964186662601,0.10000000149011612
1.063,1.0,9.839510774343378,0.10000000149011612
1.107,1.0,9.76352498864548,0.10000000149011612
1.155,1.0,9.790722568684982,0.10000000149011612
1.208,1.0,9.701990066530804,0.10000000149011612
1.2570000000000001,1.0,9.702182337558932,0.10000000149011612
1.305,1.0,9.592384197397365,0.10000000149011612
1.358,1.0,9.757239324330456,0.10000000149011612
1.404,1.0,9.757241620019906,0.10000000149011612
1.455,1.0,9.784739503781829,0.10000000149011612
1.506,1.0,9.784731004945934,0.10000000149011612
1.561,1.0,9.784566892600722,0.10000000149011612
1.6059999999999999,1.0,9.619790662142139,0.10000000149011612
1.6560000000000001,1.0,9.7571341311973,0.10000000149011612
1.713,1.0,9.839504244923592,0.10000000149011612
1.762,1.0,9.736235900078382,0.10000000149011612
1.807,1.0,9.839413319921327,0.10000000149011612
1.857,1.0,9.68086216126879,0.10000000149011612
1.9060000000000001,1.0,9.674558877531025,0.10000000149011612
1.9569999999999999,1.0,9.818460897583929,0.10000000149011612
2.01,1.0,9.729701127153303,0.10000000149011612
2.058,1.0,9.784352204307085,0.10000000149011612
2.111,1.0,9.577493774145841,0.10000000149011612
2.161,1.0,9.592414957719544,0.10000000149011612
2.207,1.0,9.839708966844611,0.10000000149011612
2.2560000000000002,1.0,9.790933625441458,0.10000000149011612
2.309,1.0,9.763822816560666,0.10000000149011612
2.3609999999999998,1.0,9.757027051473658,0.10000000149011612
2.407,1.0,9.845601647223036,0.10000000149011612
2.458,1.0,9.729779886226687,0.10000000149011612
2.505,1.0,9.632403868912823,0.10000000149011612
2.556,1.0,9.763509399340384,0.10000000149011612
2.608,1.0,9.564807076462442,0.10000000149011612
2.666,1.0,9.83953681766159,0.10000000149011612
2.706,1.0,9.790603865165677,0.10000000149011612
2.757,1.0,9.812073619870676,0.10000000149011612
2.811,1.0,9.81200274195936,0.10000000149011612
2.857,1.0,9.811867525138789,0.10000000149011612
2.908,1.0,9.784723133759366,0.10000000149011612
2.957,1.0,9.702180877452095,0.10000000149011612
3.006,1.0,9.791068601504795,0.10000000149011612
3.057,1.0,9.790971295742525,0.10000000149011612
3.108,1.0,9.784441643125481,0.10000000149011612
3.156,1.0,9.736127823674016,0.10000000149011612
3.208,1.0,9.839354341766901,0.10000000149011612
3.262,1.0,9.631777473870251,0.10000000149011612
3.306,1.0,9.894512923972474,0.10276105254888535
3.356,1.0,9.729672452538377,0.10000000149011612
3.407,1.0,9.812157468953066,0.10000000149011612
3.462,1.0,9.702409090018934,0.10000000149011612
3.508,1.0,9.757170861462752,0.10000000149011612
3.5620000000000003,1.0,9.784766627247963,0.10000000149011612
3.604,1.0,9.839612807602519,0.10113169252872467
3.659,1.0,9.790954025917584,0.10000000149011612
3.714,1.0,9.866979200475745,0.10000000149011612
3.757,1.0,9.702530350184276,0.10000000149011612
3.811,1.0,9.757087529016038,0.10000000149011612
3.86,1.0,9.78449368091921,0.10000000149011612
3.909,1.0,9.812326786149708,0.10000000149011612
3.959,1.0,9.592158526720272,0.10000000149011612
4.018,1.0,9.729833816964593,0.10000000149011612
4.059,1.0,9.757183895777498,0.10000000149011612
4.108,1.0,9.757094468528198,0.10000000149011612
4.164,1.0,9.674514243917333,0.10000000149011612
4.213,1.0,9.72956017491718,0.10000000149011612
4.257,1.0,9.729846106304063,0.10000000149011612
4.31,1.0,9.78449447893848,0.10000000149011612
4.3629999999999995,1.0,9.839300415727,0.10000000149011612
4.409,1.0,9.708458623807463,0.10000000149011612
4.46,1.0,9.702120514234736,0.10000000149011612
4.51,1.0,9.839317059682475,0.10000000149011612
4.561,1.0,9.81216908349759,0.10000000149011612
4.617,1.0,9.647488278026382,0.10000000149011612
4.662,1.0,9.757025776803493,0.10000000149011612
4.712,1.0,9.702267581928108,0.10000000149011612
4.763,1.0,9.702453909731574,0.10000000149011612
4.814,1.0,9.78458097672297,0.10000000149011612
4.864,1.0,9.67483605067763,0.10000000149011612
4.915,1.0,9.791003626233174,0.10000000149011612
4.962,1.0,9.729780478485756,0.10000000149011612
5.012,1.0,9.729691475298669,0.10000000149011612
5.063,1.0,9.537278903586168,0.10000000149011612
5.112,1.0,9.64745599170112,0.10000000149011612
5.161,1.0,9.867027825261983,0.10000000149011612
5.213,1.0,9.83937619547877,0.10000000149011612
5.261,1.0,9.811930037952132,0.10000000149011612
5.312,1.0,9.67466948558059,0.10000000149011612
5.362,1.0,9.818519304030472,0.10000000149011612
5.416,1.0,9.680756105130746,0.10000000149011612
5.462,1.0,9.812062490855654,0.10000000149011612
5.511,1.0,9.757160745167898,0.10000000149011612
5.567,1.0,9.8943199057132,0.10000000149011612
5.608,1.0,9.867341246662868,0.1272268444299698
5.668,1.0,9.619625694884194,0.10000000149011612
5.714,1.0,9.756936420086358,0.10000000149011612
5.764,1.0,9.68113261991077,0.10000000149011612
5.816,1.0,9.702330776097046,0.10000000149011612
5.865,1.0,9.729690996184946,0.10000000149011612
5.908,1.0,9.87357677647637,0.10000000149011612
5.973,1.0,9.687596758475735,0.10000000149011612
6.018,1.0,9.756925661406584,0.10000000149011612
6.068,1.0,9.812202965323296,0.10000000149011612
6.122,1.0,9.70239325416171,0.10000000149011612
6.159,1.0,9.681418946261207,0.10000000149011612
6.219,1.0,9.784698186359472,0.10000000149011612
6.269,1.0,9.702361213871175,0.10000000149011612
6.319,1.0,9.78474934094896,0.10000000149011612
6.368,1.0,9.812180596631434,0.10000000149011612
6.419,1.0,9.674729777562122,0.10000000149011612
6.476,1.0,9.729687767248187,0.10000000149011612
6.524,1.0,9.812004986964165,0.10000000149011612
6.583,1.0,9.702010500389669,0.10000000149011612
6.627,1.0,9.784774834931724,0.10000000149011612
6.679,1.0,9.76349684747143,0.10000000149011612
6.727,1.0,9.757084113587108,0.10000000149011612
6.7780000000000005,1.0,9.845837659202516,0.10000000149011612
6.829,1.0,9.78466430498908,0.10000000149011612
6.886,1.0,9.7845825287203,0.10000000149011612
6.927,1.0,9.702211601866615,0.10000000149011612
6.979,1.0,9.70824486338016,0.10000000149011612
7.029,1.0,9.702247593883012,0.10000000149011612
7.078,1.0,9.790634877710707,0.10000000149011612
7.129,1.0,9.79121262356639,0.10000000149011612
7.18,1.0,9.729752185195684,0.10000000149011612
7.233,1.0,9.702205443527136,0.10000000149011612
7.283,1.0,9.702197543552352,0.10000000149011612
7.334,1.0,9.839587782178487,0.10000000149011612
7.389,1.0,9.756968430967795,0.10000000149011612
7.432,1.0,9.736267737651037,0.10000000149011612
7.48,1.0,9.812089547370043,0.10000000149011612
7.532,1.0,9.735902150699662,0.10000000149011612
7.588,1.0,9.811986936401162,0.10000000149011612
7.633,1.0,9.784707186805706,0.10000000149011612
7.684,1.0,9.674721435643733,0.10000000149011612
7.734,1.0,9.839585300783316,0.10000000149011612
7.784,1.0,9.81202188351502,0.10000000149011612
7.834,1.0,9.763359447258214,0.10000000149011612
7.883,1.0,9.674798890637854,0.10000000149011612
7.933,1.0,9.702175452684363,0.10000000149011612
7.989,1.0,9.702191882456342,0.10000000149011612
8.036,1.0,9.729646417684853,0.10000000149011612
8.092,1.0,9.812349685633349,0.10000000149011612
8.148,1.0,9.867124477835993,0.10000000149011612
8.194,1.0,9.839475547129082,0.10000000149011612
8.246,1.0,9.736324533013006,0.10383402556180954
8.292,1.0,9.839371131339835,0.10000000149011612
8.343,1.0,9.81198938584162,0.10000000149011612
8.398,1.0,9.763135965499613,0.10000000149011612
8.443,1.0,9.784859214826591,0.10000000149011612
8.494,1.0,9.75718603245914,0.10000000149011612
8.544,1.0,9.70252141404069,0.10000000149011612
8.594,1.0,9.702140964484878,0.10000000149011612
8.646,1.0,9.811946312876211,0.10000000149011612
8.698,1.0,9.729716276832752,0.10000000149011612
8.743,1.0,9.949413695600297,7.651996612548828
8.794,1.0,9.901274357280798,0.14385436475276947
8.848,1.0,9.866899573285547,0.10000000149011612
8.9,1.0,9.7848241371827,0.10000000149011612
8.95,1.0,9.742295241459376,0.10000000149011612
9.003,1.0,9.812167559170888,0.10000000149011612
9.046,1.0,9.797270015151136,0.10000000149011612
9.097,1.0,9.757050815824833,0.10000000149011612
9.149,1.0,9.729698729742733,0.10000000149011612
9.198,1.0,9.702302781140638,0.10000000149011612
9.253,1.0,9.845610465461181,0.10000000149011612
9.304,1.0,9.866828972411652,0.10000000149011612
9.347,1.0,9.757191087077889,0.10000000149011612
9.398,1.0,9.812029374328752,0.10000000149011612
9.447,1.0,9.729608572481407,0.10000000149011612
9.497,1.0,9.757297047434582,0.10000000149011612
9.55,1.0,9.811943423644536,0.10000000149011612
9.6,1.0,9.79109009872708,0.10000000149011612
9.648,1.0,9.729840260744094,0.10000000149011612
9.698,1.0,9.757205197297864,0.10000000149011612
9.749,1.0,9.70221352070156,0.10000000149011612
9.791,1.0,9.681450838637021,0.10000000149011612
9.848,1.0,9.598671739217307,0.10000000149011612
9.902,1.0,9.736293023348683,0.10000000149011612
9.947,1.0,9.72962778808756,0.10000000149011612
9.998,1.0,9.674812399968506,0.10000000149011612
10.049,1.0,9.702158399133218,0.10000000149011612
10.099,1.0,9.70235359294133,0.10000000149011612
10.151,1.0,9.702271316842072,0.10000000149011612
10.199,1.0,9.735797938559617,0.10000000149011612
10.248,1.0,9.708552082027825,0.10000000149011612
10.299,1.0,9.729957514256238,0.10000000149011612
10.349,1.0,9.757222685611083,0.10000000149011612
10.397,1.0,9.845758914409412,0.10000000149011612
10.451,1.0,9.619722794534432,0.10000000149011612
10.498,1.0,9.784847005353205,0.10000000149011612
10.548,1.0,9.86677049489485,0.10000000149011612
10.6,1.0,9.736118662295242,0.10000000149011612
10.652,1.0,9.784657746222283,0.10000000149011612
10.699,1.0,9.866956747385363,0.10000000149011612
10.739,1.0,9.818646306006444,0.10000000149011612
10.8,1.0,9.674740817459922,0.10000000149011612
10.846,1.0,9.708375969301496,0.10000000149011612
10.901,1.0,9.674961468742953,0.10000000149011612
10.948,1.0,9.702089439911974,0.10000000149011612
11.006,1.0,9.81199208063384,0.10000000149011612
11.051,1.0,9.75735922112233,0.10000000149011612
11.098,1.0,9.867028051138751,0.10000000149011612
11.151,1.0,9.730018129758538,0.10000000149011612
11.199,1.0,9.702222051781913,0.10000000149011612
11.249,1.0,9.701954569522705,0.10000000149011612
11.306,1.0,9.873101269288195,0.10000000149011612
11.349,1.0,9.729771808721125,0.10000000149011612
11.4,1.0,9.818388024738265,0.10000000149011612
11.447,1.0,9.839456775784493,0.10000000149011612
11.5,1.0,9.784496750496327,0.10000000149011612
11.547,1.0,9.79112385066433,0.10000000149011612
11.599,1.0,9.818283793682026,0.10000000149011612
11.648,1.0,9.757045875324144,0.10000000149011612
11.698,1.0,9.784813755191863,0.10000000149011612
11.749,1.0,9.708309428890546,0.10000000149011612
11.799,1.0,9.647347990858059,0.10000000149011612
11.848,1.0,9.839423219818208,0.10000000149011612
11.9,1.0,9.75724323110448,0.10000000149011612
11.948,1.0,9.702262037102546,0.10000000149011612
11.998,1.0,9.812051417989036,0.10000000149011612
12.04,1.0,9.757076292795439,0.10000000149011612
12.098,1.0,9.784613498383099,0.10000000149011612
12.15,1.0,9.680920912201206,0.10000000149011612
12.2,1.0,9.757098546872536,0.10000000149011612
12.246,1.0,9.757194442736607,0.10000000149011612
12.298,1.0,9.86698182353543,0.10000000149011612
12.348,1.0,9.76360818700244,0.10000000149011612
12.398,1.0,9.757172491877443,0.10000000149011612
12.449,1.0,9.647490239039891,0.10000000149011612
12.498,1.0,9.67473117938886,0.10000000149011612
12.549,1.0,9.757091682280103,0.10000000149011612
12.600999999999999,1.0,9.71466344754315,0.10000000149011612
12.648,1.0,9.790973797647489,0.10000000149011612
12.699,1.0,9.729406727477908,0.10000000149011612
12.75,1.0,9.647262062463495,0.10000000149011612
12.798,1.0,9.78452352138443,0.10000000149011612
12.848,1.0,9.763491796660755,0.10000000149011612
12.896,1.0,9.846020202731921,0.10000000149011612
12.948,1.0,9.674820322046678,0.10000000149011612
13.004,1.0,9.757079889749487,0.10000000149011612
13.05,1.0,9.811933328314788,0.10000000149011612
13.096,1.0,9.647417711901168,0.10000000149011612
13.151,1.0,9.839652762706908,0.10000000149011612
13.202,1.0,9.784509119101697,0.10000000149011612
13.25,1.0,9.72963003354768,0.10000000149011612
13.298,1.0,9.839710299029118,0.10000000149011612
13.35,1.0,9.812126000370416,0.10000000149011612
13.4,1.0,9.784871617270012,0.10000000149011612
13.452,1.0,9.839403545752996,0.10000000149011612
13.499,1.0,9.729787228939434,0.10000000149011612
13.551,1.0,9.757193018765085,0.10000000149011612
13.6,1.0,9.702018204869496,0.10000000149011612
13.65,1.0,9.784692034891082,0.10000000149011612
13.703,1.0,9.790689026067655,0.10000000149011612
13.749,1.0,9.729788880091574,0.10000000149011612
13.8,1.0,9.87307814264463,0.10000000149011612
13.852,1.0,9.72980702885737,0.10000000149011612
13.908,1.0,9.867076522484421,0.10000000149011612
13.955,1.0,9.708543643065624,0.10000000149011612
14.008,1.0,9.674749146608843,0.10000000149011612
14.051,1.0,9.784548816974793,0.10000000149011612
14.101,1.0,9.729663691276478,0.10000000149011612
14.155,1.0,9.78474560369634,0.1018078550696373
14.203,1.0,9.784540935046971,0.10000000149011612
14.25,1.0,9.839565608070956,0.10000000149011612
14.306,1.0,9.839451002412373,0.10000000149011612
14.350999999999999,1.0,9.757145980393721,0.10000000149011612
14.401,1.0,9.729852069459028,0.10000000149011612
14.457,1.0,9.763692864754962,0.10000000149011612
14.501,1.0,9.72954783776982,0.10000000149011612
14.551,1.0,9.674408127388192,0.10000000149011612
14.609,1.0,9.757053197237353,0.10000000149011612
14.652,1.0,9.784428607838022,0.10000000149011612
14.708,1.0,9.894393014121388,0.10000000149011612
14.756,1.0,9.784531939505703,0.10000000149011612
14.812,1.0,9.729638598321213,0.10000000149011612
14.863,1.0,9.757288276714583,0.10000000149011612
14.905,1.0,9.784589431579743,0.10000000149011612
14.956,1.0,9.81204980481416,0.10000000149011612
15.006,1.0,9.89450997662627,0.10000000149011612
15.057,1.0,9.729498966679804,0.10000000149011612
15.105,1.0,9.75727140572336,0.10000000149011612
15.157,1.0,9.729792475038105,0.10000000149011612
15.214,1.0,9.784660941010548,0.10000000149011612
15.258,1.0,9.83968475734194,0.10000000149011612
15.309,1.0,9.702058481114607,0.10000000149011612
15.361,1.0,9.70219441290117,0.10000000149011612
15.407,1.0,9.83967355736014,0.10000000149011612
15.462,1.0,9.757364695188071,0.10000000149011612
15.507,1.0,9.784557825140656,0.10000000149011612
15.556000000000001,1.0,9.811954804282221,0.10000000149011612
15.61,1.0,9.812147252758344,0.10000000149011612
15.659,1.0,9.757064331198732,0.10000000149011612
15.703,1.0,9.564681439991627,0.10000000149011612
15.756,1.0,9.537613626714382,0.10000000149011612
15.81,1.0,9.729508788676725,0.10000000149011612
15.862,1.0,9.812127845651574,0.10000000149011612
15.91,1.0,9.702517470986479,0.10000000149011612
15.963,1.0,9.839492084686126,0.10000000149011612
16.01,1.0,9.75709694719149,0.10000000149011612
16.064,1.0,9.647345621594125,0.10000000149011612
16.113,1.0,9.729613308380875,0.10000000149011612
16.165,1.0,9.839589095012181,0.10000000149011612
16.212,1.0,9.812075845793718,0.10000000149011612
16.266,1.0,9.839390117343928,0.10000000149011612
16.312,1.0,9.72960128635168,0.10000000149011612
16.363,1.0,9.78463685438037,0.10000000149011612
16.412,1.0,9.784436934172279,0.10000000149011612
16.466,1.0,9.730015627832877,0.10000000149011612
16.515,1.0,9.736102481165695,0.10000000149011612
16.567,1.0,9.702091269464129,0.10000000149011612
16.616,1.0,9.839558774336345,0.10000000149011612
16.665,1.0,9.867086024168465,0.10182131081819534
16.709,1.0,9.839809786962967,0.10000000149011612
16.764,1.0,9.811911589486732,0.10000000149011612
16.815,1.0,9.784639617179831,0.10000000149011612
16.866,1.0,9.702526355679664,0.10000000149011612
16.92,1.0,9.784643074994285,0.10000000149011612
16.965,1.0,9.72986924805575,0.10000000149011612
17.019,1.0,9.812124413003524,0.10000000149011612
17.066,1.0,9.757163282670081,0.10000000149011612
17.118,1.0,9.757167802771761,0.10000000149011612
17.163,1.0,9.65356739571111,0.10000000149011612
17.226,1.0,9.680820925306115,0.10000000149011612
17.267,1.0,9.729724175441596,0.10000000149011612
17.315,1.0,9.75697751837886,0.10000000149011612
17.37,1.0,9.894377257302404,0.10000000149011612
17.417,1.0,9.812136602753567,0.10000000149011612
17.468,1.0,9.72956506901731,0.10000000149011612
17.52,1.0,9.735972084581023,0.10000000149011612
17.571,1.0,9.647358123668367,0.10000000149011612
17.618,1.0,9.811912306501634,0.10000000149011612
17.673000000000002,1.0,9.75717772497899,0.10005239397287369
17.716,1.0,9.757147670164704,0.10000000149011612
17.765,1.0,9.742215278703306,0.10000000149011612
17.819,1.0,9.812043223178222,0.10000000149011612
17.868,1.0,9.757197932919695,0.10000000149011612
17.928,1.0,9.564986555630135,0.10000000149011612
17.977,1.0,9.81227559554908,0.10000000149011612
18.019,1.0,9.729918926726613,0.10000000149011612
18.072,1.0,9.674822099589639,0.10000000149011612
18.12,1.0,9.6473460227458,0.10000000149011612
18.165,1.0,9.72969062593248,0.10000000149011612
18.22,1.0,9.702258919738233,0.10000000149011612
18.272,1.0,9.729949108304249,0.10000000149011612
18.32,1.0,9.81214136040459,0.10000000149011612
18.37,1.0,9.784620350454416,0.10000000149011612
18.421,1.0,9.812152835933698,0.10000000149011612
18.472,1.0,9.715028922590944,0.10000000149011612
18.52,1.0,9.83931735900955,0.10000000149011612
18.573,1.0,9.619641776341531,0.10000000149011612
18.624,1.0,9.729352839291096,0.10000000149011612
18.671,1.0,9.729999356220166,0.10000000149011612
18.728,1.0,9.64722636613167,0.10000000149011612
18.77,1.0,9.763637776321007,0.10000000149011612
18.825,1.0,9.784814792871476,0.10000000149011612
18.871,1.0,9.729521362814639,0.10000000149011612
18.914,1.0,9.660361507141756,0.10000000149011612
18.97,1.0,9.626098943957023,0.10000000149011612
19.026,1.0,9.756887064170506,0.10000000149011612
19.079,1.0,9.811886411346496,0.10000000149011612
19.124,1.0,9.592252613562676,0.10000000149011612
19.171,1.0,9.784514278359712,0.10000000149011612
19.224,1.0,9.81823382321745,0.10000000149011612
19.275,1.0,9.73010392671244,0.10860341042280197
19.323,1.0,9.729648675873047,0.10000000149011612
19.373,1.0,9.647280121677452,0.10000000149011612
19.425,1.0,9.812225790859925,0.10000000149011612
19.471,1.0,9.894455997687247,0.10000000149011612
19.524,1.0,9.702314129637347,0.10000000149011612
19.573,1.0,9.674848129765856,0.10000000149011612
19.623,1.0,9.784404211822483,0.10000000149011612
19.674,1.0,9.72989179674122,0.10000000149011612
19.723,1.0,9.647084897011519,0.10000000149011612
19.774,1.0,9.619884147432943,0.10000000149011612
19.823,1.0,9.702155550403727,0.10000000149011612
19.877,1.0,9.812076445834505,0.10000000149011612
19.923000000000002,1.0,9.702211295213136,0.10000000149011612
19.973,1.0,9.811897414508794,0.10000000149011612
20.026,1.0,9.632025470460455,0.10000000149011612
20.072,1.0,9.72962121065292,0.10000000149011612
20.124,1.0,9.757478018974265,0.10000000149011612
20.179,1.0,9.784768479545082,0.10000000149011612
20.223,1.0,9.811947736495899,0.10000000149011612
20.273,1.0,9.653787285027404,0.10000000149011612
20.324,1.0,9.619768041848308,0.10000000149011612
20.376,1.0,9.729773919925922,0.10000000149011612
20.426,1.0,9.763547557095686,0.10000000149011612
20.476,1.0,9.702310081219508,0.10000000149011612
20.526,1.0,9.757099425937566,0.10000000149011612
20.584,1.0,9.72971794700457,0.10000000149011612
20.632,1.0,9.757411930668685,0.10000000149011612
20.689,1.0,9.866989693935547,0.10000000149011612
20.725,1.0,9.64712031243576,0.10000000149011612
20.774,1.0,9.839572201772697,0.10000000149011612
20.825,1.0,9.757170572690665,0.10000000149011612
20.879,1.0,9.757102788612247,0.10000000149011612
20.932,1.0,9.81228775932557,0.10000000149011612
20.975,1.0,9.729837043459217,0.10000000149011612
21.027,1.0,9.812086255227525,0.10000000149011612
21.079,1.0,9.866959818618165,0.10000000149011612
21.127,1.0,9.873365954454574,0.10000000149011612
21.177,1.0,9.757280462483566,0.10000000149011612
21.232,1.0,9.839659944321546,0.10000000149011612
21.277,1.0,9.729721238381332,0.10000000149011612
21.327,1.0,9.839532378688455,0.10000000149011612
21.386,1.0,9.757013156182236,0.10000000149011612
21.435,1.0,9.729716305165654,0.10000000149011612
21.486,1.0,9.839524800454576,0.10000000149011612
21.533,1.0,9.8395783321725,0.10000000149011612
21.583,1.0,9.811937162569828,0.10000000149011612
21.637,1.0,9.818328356597986,0.10000000149011612
21.686,1.0,9.839500792138278,0.10000000149011612
21.733,1.0,9.757270525747703,0.10000000149011612
21.788,1.0,9.839671544420222,0.10000000149011612
21.836,1.0,9.784562714522083,0.10000000149011612
21.884,1.0,9.812214913778007,0.10000000149011612
21.934,1.0,9.839446301013231,0.10000000149011612
21.987,1.0,9.730010009370744,0.10000000149011612
22.037,1.0,9.757488681148324,0.10000000149011612
22.084,1.0,9.674715681601729,0.10000000149011612
22.136,1.0,9.701905538679824,0.10000000149011612
22.186,1.0,9.702370829652581,0.10000000149011612
22.232,1.0,9.756947639253404,0.10000000149011612
22.283,1.0,9.811900760668019,0.10000000149011612
22.335,1.0,9.784580946630902,0.10000000149011612
22.389,1.0,9.866891470654972,0.10000000149011612
22.434,1.0,9.61969402829806,0.10000000149011612
22.493,1.0,9.784664213036498,0.10000000149011612
22.534,1.0,9.812031161040068,0.10000000149011612
22.586,1.0,9.784601224565671,0.10000000149011612
22.635,1.0,9.75701169170853,0.10000000149011612
22.692,1.0,9.811994121596218,0.10000000149011612
22.735,1.0,9.715046878697144,0.10000000149011612
22.785,1.0,9.83939526701967,0.10000000149011612
22.835,1.0,9.702273414263296,0.10000000149011612
22.891,1.0,9.64764927673257,0.10000000149011612
22.94,1.0,9.812033639558488,0.10000000149011612
22.986,1.0,9.78465933524486,0.10000000149011612
23.036,1.0,9.702469257555075,0.10000000149011612
23.091,1.0,9.87309119641367,0.10000000149011612
23.136,1.0,9.653106683637533,0.10000000149011612
23.186,1.0,9.812021746962435,0.10000000149011612
23.235,1.0,9.6747757172212,0.10000000149011612
23.29,1.0,9.461880745097167,0.10000000149011612
23.336,1.0,9.68113776486781,0.10000000149011612
23.388,1.0,9.812098625529972,0.10000000149011612
23.433,1.0,9.647426202851864,0.10000000149011612
23.487,1.0,9.674964540037845,0.10000000149011612
23.54,1.0,9.675006429519918,0.10000000149011612
23.591,1.0,9.729642014329633,0.10000000149011612
23.642,1.0,9.757182275172736,0.10000000149011612
23.696,1.0,9.674884194384019,0.10000000149011612
23.751,1.0,9.75700808842149,0.10000000149011612
23.795,1.0,9.674737942094604,0.10000000149011612
23.854,1.0,9.790779282276828,0.10000000149011612
23.9,1.0,9.78475692646785,0.10000000149011612
23.958,1.0,9.839357738031282,0.10000000149011612
24.001,1.0,9.702317736608286,0.10000000149011612
24.056,1.0,9.647290207528405,0.10000000149011612
24.1,1.0,9.811910169178413,0.10000000149011612
24.154,1.0,9.763476484517257,0.10000000149011612
24.204,1.0,9.675020821909937,0.10000000149011612
24.257,1.0,9.653954878366656,0.10000000149011612
24.3,1.0,9.7573125479122,0.10000000149011612
24.35,1.0,9.7847888753439,0.10000000149011612
24.405,1.0,9.674820366791552,0.10000000149011612
24.454,1.0,9.729887049045,0.10000000149011612
24.5,1.0,9.873182541918423,0.10000000149011612
24.552,1.0,9.674439512069027,0.10000000149011612
24.607,1.0,9.72946079087754,0.10000000149011612
24.655,1.0,9.735756323486566,0.10000000149011612
24.703,1.0,9.812102852140864,0.10000000149011612
24.752,1.0,9.811960411506394,0.10000000149011612
24.81,1.0,9.730078208901816,0.10000000149011612
24.852,1.0,9.702180547556944,0.10000000149011612
24.904,1.0,9.812387988219658,0.10000000149011612
24.958,1.0,9.784644728712738,0.10000000149011612
25.003,1.0,9.839651631087893,0.10000000149011612
25.056,1.0,9.757440231699082,0.10000000149011612
25.109,1.0,9.81216791421175,0.10000000149011612
25.152,1.0,9.757027652632031,0.10000000149011612
25.202,1.0,9.784625161294308,0.10000000149011612
25.254,1.0,9.702402133453223,0.10000000149011612
25.302,1.0,9.894466638896201,0.10000000149011612
25.358,1.0,9.67481269724667,0.10000000149011612
25.403,1.0,9.730141063883073,0.10000000149011612
25.453,1.0,9.757216206731067,0.10000000149011612
25.506,1.0,9.839540977734659,0.10000000149011612
25.555,1.0,9.756938524585632,0.10000000149011612
25.607,1.0,9.702406702190638,0.10000000149011612
25.66,1.0,9.757410613343948,0.10000000149011612
25.704,1.0,9.61977649424225,0.10000000149011612
25.757,1.0,9.702322665891714,0.10000000149011612
25.807,1.0,9.757019533962012,0.10000000149011612
25.859,1.0,9.811918625835743,0.10000000149011612
25.91,1.0,9.839687818040451,0.10000000149011612
25.96,1.0,9.867054722333949,0.10000000149011612
26.01,1.0,9.784728289147218,0.10000000149011612
26.06,1.0,9.708476766509314,0.10000000149011612
26.109,1.0,9.72965735650311,0.10000000149011612
26.163,1.0,9.811911906757288,0.10000000149011612
26.215,1.0,9.729880283193456,0.10000000149011612
26.262,1.0,9.599009138511287,0.10000000149011612
26.314,1.0,9.653249755832885,0.10000000149011612
26.364,1.0,9.702375405323174,0.10000000149011612
26.414,1.0,9.674731463566422,0.10000000149011612
26.466,1.0,9.866948360121912,0.10000000149011612
26.513,1.0,9.76358762315164,0.10000000149011612
26.563,1.0,9.866930121328268,0.10000000149011612
26.612,1.0,9.68787593373822,0.10000000149011612
26.665,1.0,9.729661506869727,0.10000000149011612
26.711,1.0,9.839671755333741,0.10000000149011612
26.768,1.0,9.86685980932994,0.10000000149011612
26.813,1.0,9.674590894911024,0.10000000149011612
26.866,1.0,9.839639343155755,0.10000000149011612
26.908,1.0,9.653830831477212,0.10000000149011612
26.964,1.0,9.866954010124836,0.10000000149011612
27.014,1.0,9.812079387965301,0.10000000149011612
27.064,1.0,9.702038200365173,0.10000000149011612
27.113,1.0,9.757129699385,0.10000000149011612
27.164,1.0,9.674633675172098,0.10000000149011612
27.213,1.0,9.784711932556498,0.10000000149011612
27.272,1.0,9.72968250475824,0.10000000149011612
27.313,1.0,9.729512845103939,0.10000000149011612
27.365,1.0,9.708173005655407,0.10000000149011612
27.414,1.0,9.757017972403103,0.10000000149011612
27.471,1.0,9.811892667102317,0.10000000149011612
27.514,1.0,9.784923443570733,0.10000000149011612
27.566,1.0,9.68101854864508,0.10000000149011612
27.616,1.0,9.729747747774754,0.10000000149011612
27.664,1.0,9.81811061102069,0.10000000149011612
27.714,1.0,9.784690500920018,0.10000000149011612
27.766,1.0,9.866941773374048,0.10000000149011612
27.824,1.0,9.790684952566194,0.10000000149011612
27.864,1.0,9.81859510752062,0.10000000149011612
27.913,1.0,9.757109304476115,0.10000000149011612
27.966,1.0,9.784544114520152,0.10000000149011612
28.015,1.0,9.811968540731403,0.10000000149011612
28.065,1.0,9.702336516769396,0.10000000149011612
28.118,1.0,9.845885272779398,0.10000000149011612
28.17,1.0,9.866847094707191,0.10000000149011612
28.216,1.0,9.72971444260329,0.10000000149011612
28.271,1.0,9.564642248426875,0.10000000149011612
28.324,1.0,9.784695917554199,0.10000000149011612
28.37,1.0,9.757447648959028,0.10000000149011612
28.421,1.0,9.812401156106757,0.10000000149011612
28.478,1.0,9.598857552185654,0.10000000149011612
28.519,1.0,9.729798316769301,0.10000000149011612
28.571,1.0,9.702079024414221,0.10000000149011612
28.624,1.0,9.626221044030455,0.10000000149011612
28.673000000000002,1.0,9.81196997668594,0.10000000149011612
28.724,1.0,9.70235561945786,0.10000000149011612
28.77,1.0,9.784607811106575,0.10000000149011612
28.832,1.0,9.729627561113901,0.10000000149011612
28.88,1.0,9.653425326012075,0.10000000149011612
28.922,1.0,9.866866533354752,0.10000000149011612
28.977,1.0,9.81209991938538,0.10000000149011612
29.019,1.0,9.812015577757524,0.10000000149011612
29.07,1.0,9.757019140612748,0.10000000149011612
29.123,1.0,9.729529712287087,0.10000000149011612
29.174,1.0,9.564675543126132,0.10000000149011612
29.224,1.0,9.67474981010374,0.10000000149011612
29.274,1.0,9.702239446838696,0.10000000149011612
29.325,1.0,9.702261066892081,0.10000000149011612
29.376,1.0,9.702357320425412,0.10000000149011612
29.431,1.0,9.674842810341053,0.10000000149011612
29.476,1.0,9.790831341594458,0.10919532924890518
29.526,1.0,9.839581286845108,0.10000000149011612
29.576,1.0,9.784414941962394,0.10000000149011612
29.626,1.0,9.784516746095486,0.10000000149011612
29.681,1.0,9.757415142055187,0.10000000149011612
29.726,1.0,9.674997973545558,0.10000000149011612
29.777,1.0,9.867154997628596,0.10945960134267807
29.826999999999998,1.0,9.839561309748225,0.10000000149011612
29.877,1.0,9.64744334243652,0.10000000149011612
29.928,1.0,9.839510770224862,0.10000000149011612
29.981,1.0,9.763952881201273,0.10000000149011612
30.037,1.0,9.729514232815967,0.10000000149011612
30.078,1.0,9.83944325229774,0.10000000149011612
30.129,1.0,9.702356577043732,0.10000000149011612
30.177,1.0,9.763367551523778,0.10000000149011612
30.227,1.0,9.75705252190431,0.10000000149011612
30.278,1.0,9.708466460286743,0.10000000149011612
30.328,1.0,9.702237112406227,0.10000000149011612
30.377,1.0,9.702489409595728,0.10000000149011612
30.432,1.0,9.708421654109326,0.10000000149011612
30.478,1.0,9.784567413230738,0.10000000149011612
30.531,1.0,9.839347997990748,0.10000000149011612
30.579,1.0,9.784659801547726,0.10000000149011612
30.629,1.0,9.812306821863684,0.10000000149011612
30.678,1.0,9.784623574341337,0.10000000149011612
30.734,1.0,9.702029638758136,0.10000000149011612
30.778,1.0,9.867094791908231,0.10000000149011612
30.828,1.0,9.812021846986479,0.10000000149011612
30.879,1.0,9.763339948074686,0.10000000149011612
30.932,1.0,9.8120364120644,0.10000000149011612
30.978,1.0,9.784461045244502,0.10000000149011612
31.029,1.0,9.784784312359989,0.10000000149011612
31.078,1.0,9.729671421253848,0.10000000149011612
31.133,1.0,9.812033259847926,0.10000000149011612
31.179,1.0,9.72945053792662,0.10000000149011612
31.227,1.0,9.763544622539646,0.10000000149011612
31.279,1.0,9.839643197651538,0.10000000149011612
31.328,1.0,9.674733128005432,0.10000000149011612
31.38,1.0,9.537376700465877,0.10000000149011612
31.435,1.0,9.757255404835774,0.10000000149011612
31.478,1.0,9.674813756926191,0.10000000149011612
31.528,1.0,9.75723202764574,0.10000000149011612
31.578,1.0,9.482570649993916,0.10000000149011612
31.628,1.0,9.70228980311917,0.10000000149011612
31.677,1.0,9.757145184030135,0.10000000149011612
31.728,1.0,9.702060517627332,0.10000000149011612
31.778,1.0,9.811938462406397,0.10000000149011612
31.826999999999998,1.0,9.72954738508496,0.10000000149011612
31.878,1.0,9.735860883072018,0.10000000149011612
31.931,1.0,9.784539098996255,0.10000000149011612
31.982,1.0,9.784518091442685,0.10000000149011612
32.032,1.0,9.674733385174639,0.10000000149011612
32.071,1.0,9.812310523250037,0.10000000149011612
32.14,1.0,9.708325048163534,0.10000000149011612
32.178,1.0,9.784705130755901,0.10000000149011612
32.228,1.0,9.757169530892538,0.10000000149011612
32.277,1.0,9.790831112447712,0.10000000149011612
32.332,1.0,9.702427910040651,0.10000000149011612
32.378,1.0,9.53763623572886,0.10000000149011612
32.432,1.0,9.81204496100545,0.10000000149011612
32.478,1.0,9.592457655154996,0.10000000149011612
32.528,1.0,9.757012826970055,0.10000000149011612
32.579,1.0,9.784799464274611,0.10000000149011612
32.627,1.0,9.867052283407086,0.10239871591329575
32.679,1.0,9.78456871851037,0.10000000149011612
32.731,1.0,9.729720567870471,0.10000000149011612
32.781,1.0,9.592897594037156,0.10000000149011612
32.828,1.0,9.73640196070903,0.10000000149011612
32.88,1.0,9.757084330647356,0.10000000149011612
32.933,1.0,9.674657376607259,0.10000000149011612
32.978,1.0,9.867216800298127,0.10000000149011612
33.03,1.0,9.757272624679738,0.10000000149011612
33.084,1.0,9.934173327870667,0.12074358016252518
33.13,1.0,9.763617330603301,0.10000000149011612
33.18,1.0,9.812147314598162,0.10000000149011612
33.235,1.0,9.784723306861189,0.10000000149011612
33.287,1.0,9.763809177983138,0.10000000149011612
33.335,1.0,9.702263123604158,0.10000000149011612
33.386,1.0,9.839498230504493,0.10000000149011612
33.441,1.0,9.64733333227535,0.10000000149011612
33.484,1.0,9.75716336907612,0.10000000149011612
33.533,1.0,9.784451826972266,0.10000000149011612
33.584,1.0,9.681547707464132,0.10000000149011612
33.636,1.0,9.839491927603053,0.10000000149011612
33.686,1.0,9.784630271130139,0.10000000149011612
33.742,1.0,9.812022199212677,0.10000000149011612
33.79,1.0,9.674741959116526,0.10000000149011612
33.839,1.0,9.812136904005374,0.10000000149011612
33.887,1.0,9.818219623404245,0.10000000149011612
33.946,1.0,9.784548083485829,0.10000000149011612
33.987,1.0,9.757192377559841,0.10000000149011612
34.037,1.0,9.867004800960421,0.10000000149011612
34.086,1.0,9.763390405869318,0.10000000149011612
34.137,1.0,9.708608328323397,0.10000000149011612
34.189,1.0,9.839694004795618,0.10000000149011612
34.242,1.0,9.592287656975289,0.10000000149011612
34.293,1.0,9.75708357596563,0.10000000149011612
34.342,1.0,9.729807882445554,0.10000000149011612
34.39,1.0,9.791093726394077,0.10000000149011612
34.439,1.0,9.757223101063735,0.10000000149011612
34.489,1.0,9.729660508202182,0.10000000149011612
34.543,1.0,9.757341562604738,0.10000000149011612
34.59,1.0,9.894430284098618,0.10000000149011612
34.642,1.0,9.81210643524925,0.10000000149011612
34.689,1.0,9.686795008348094,0.10000000149011612
34.745,1.0,9.866916184437772,0.10000000149011612
34.791,1.0,9.702306239451799,0.10000000149011612
34.842,1.0,9.784743939029674,0.10000000149011612
34.904,1.0,9.78465449437499,0.10000000149011612
34.942,1.0,9.757131656693916,0.10000000149011612
34.992,1.0,9.735902719861931,0.10000000149011612
35.044,1.0,9.620102124143806,0.10000000149011612
35.093,1.0,9.83965021930635,0.10000000149011612
35.143,1.0,9.846193880815473,0.10000000149011612
35.196,1.0,9.735814208930565,0.10000000149011612
35.242,1.0,9.757305513053305,0.10000000149011612
35.294,1.0,9.674655836799907,0.10000000149011612
35.344,1.0,9.763403645613128,0.10000000149011612
35.398,1.0,9.83982177560942,0.1013268381357193
35.443,1.0,9.729484154594441,0.10000000149011612
35.493,1.0,9.729594169143173,0.10000000149011612
35.542,1.0,9.839669160751832,0.10000000149011612
35.594,1.0,9.75708210726993,0.10000000149011612
35.643,1.0,9.61958026861151,0.10000000149011612
35.692,1.0,9.784761302276618,0.10000000149011612
35.748,1.0,9.812101235737403,0.10000000149011612
35.799,1.0,9.811963342192273,0.10000000149011612
35.855,1.0,9.70199726857245,0.10000000149011612
35.894,1.0,9.757389255944226,0.10000000149011612
35.947,1.0,9.756999184149835,0.10000000149011612
35.994,1.0,9.702199707180261,0.10000000149011612
36.045,1.0,9.784773830862509,0.10000000149011612
36.097,1.0,9.839600054836936,0.10000000149011612
36.144,1.0,9.81201064824644,0.10000000149011612
36.194,1.0,9.702076394876672,0.10000000149011612
36.249,1.0,9.701879856155978,0.10000000149011612
36.296,1.0,9.812159538641572,0.11918797343969345
36.343,1.0,9.708918997935124,0.10000000149011612
36.394,1.0,9.674978371254271,0.10000000149011612
36.444,1.0,9.757257286003894,0.10000000149011612
36.494,1.0,9.812155518970556,0.10000000149011612
36.551,1.0,9.647401278776426,0.10000000149011612
36.595,1.0,9.763445586980216,0.10000000149011612
36.647,1.0,9.763448526130782,0.10000000149011612
36.698,1.0,9.790968195576635,0.10000000149011612
36.745,1.0,9.702395492150552,0.10000000149011612
36.794,1.0,9.812257573318979,0.10000000149011612
36.846,1.0,9.784780140655736,0.10000000149011612
36.894,1.0,9.757321513030265,0.10000000149011612
36.945,1.0,9.791084710467192,0.10000000149011612
36.994,1.0,9.784822919012772,0.10498881340026855
37.043,1.0,9.894506764950023,0.10000000149011612
37.097,1.0,9.784571803112824,0.10000000149011612
37.146,1.0,9.757246654646265,0.10000000149011612
37.195,1.0,9.729474504374796,0.10000000149011612
37.248,1.0,9.83945488244709,0.10000000149011612
37.3,1.0,9.729468609309858,0.10000000149011612
37.344,1.0,9.757109485856361,0.10000000149011612
37.394,1.0,9.784320456741584,0.10000000149011612
37.448,1.0,9.867066135464443,0.10000000149011612
37.5,1.0,9.59247385441429,0.10000000149011612
37.553,1.0,9.78454470978015,0.10000000149011612
37.595,1.0,9.839404980796907,0.10000000149011612
37.649,1.0,9.784700198554331,0.10000000149011612
37.7,1.0,9.757187066992952,0.10000000149011612
37.747,1.0,9.702114699346323,0.10000000149011612
37.798,1.0,9.763205484114588,0.10000000149011612
37.848,1.0,9.784613665793504,0.10000000149011612
37.895,1.0,9.839400537456903,0.10442569851875305
37.949,1.0,9.839582528008355,0.11191360652446747
38.005,1.0,9.674604769216643,0.10000000149011612
38.047,1.0,9.812155756871734,0.10000000149011612
38.097,1.0,9.900890409801569,0.10000000149011612
38.147,1.0,9.839409649103052,0.10000000149011612
38.197,1.0,9.757118372515672,0.10000000149011612
38.255,1.0,9.702264372321467,0.10000000149011612
38.31,1.0,9.681328010890219,0.10000000149011612
38.355,1.0,9.867010275129642,0.10000000149011612
38.407,1.0,9.784543557609949,0.10000000149011612
38.457,1.0,9.729435426555574,0.10000000149011612
38.511,1.0,9.674935362736385,0.10000000149011612
38.554,1.0,9.75737102996144,0.10000000149011612
38.605,1.0,9.756981007361578,0.10000000149011612
38.657,1.0,9.784709579145742,0.10000000149011612
38.713,1.0,9.592148452127974,0.10000000149011612
38.755,1.0,9.784453606212304,0.10000000149011612
38.806,1.0,9.784753003054195,0.10000000149011612
38.857,1.0,9.757312034463716,0.10000000149011612
38.902,1.0,9.811991590923734,0.10000000149011612
38.957,1.0,9.729855994217926,0.10000000149011612
39.015,1.0,9.756860295496882,0.10000000149011612
39.056,1.0,9.812122261813945,0.10000000149011612
39.107,1.0,9.791148492921558,0.10000000149011612
39.158,1.0,9.68143376695613,0.10000000149011612
39.212,1.0,9.812162088996006,0.10000000149011612
39.256,1.0,9.729836154542863,0.10000000149011612
39.305,1.0,9.839668141884935,0.10000000149011612
39.357,1.0,9.564648070476121,0.10000000149011612
39.408,1.0,9.839408330722815,0.10000000149011612
39.456,1.0,9.839672202927371,0.10000000149011612
39.508,1.0,9.757057071228822,0.10000000149011612
39.557,1.0,9.791133607799809,0.10000000149011612
39.604,1.0,9.59197612417241,0.10000000149011612
39.659,1.0,9.81860942788836,0.10000000149011612
39.713,1.0,9.812226116388208,0.10000000149011612
39.759,1.0,9.83957528712021,0.10000000149011612
39.81,1.0,9.736056921631098,0.10000000149011612
39.86,1.0,9.818258264515963,0.10000000149011612
39.914,1.0,9.839538143554496,0.10000000149011612
39.972,1.0,9.757274774586161,0.10000000149011612
40.008,1.0,9.75722166388813,0.10000000149011612
40.057,1.0,9.81201075464487,0.10000000149011612
40.113,1.0,9.866975590628055,0.10000000149011612
40.159,1.0,9.756985829604996,0.10000000149011612
40.208,1.0,9.653926828586393,0.10000000149011612
40.255,1.0,9.702282242166499,0.10000000149011612
40.31,1.0,9.790932826263209,0.10000000149011612
40.36,1.0,9.784635248387026,0.10000000149011612
40.41,1.0,9.839440480971502,0.10000000149011612
40.459,1.0,9.64733054778642,0.10000000149011612
40.511,1.0,9.757100468004744,0.10000000149011612
40.561,1.0,9.70254807550874,0.10000000149011612
40.619,1.0,9.812318160964383,0.10000000149011612
40.662,1.0,9.812368780809145,0.10000000149011612
40.71,1.0,9.867015346843335,0.10000000149011612
40.762,1.0,9.736162689286802,0.10000000149011612
40.811,1.0,9.674874703172181,0.10000000149011612
40.862,1.0,9.784533059390055,0.10000000149011612
40.912,1.0,9.729698904665808,0.10000000149011612
40.963,1.0,9.756866639624867,0.10000000149011612
41.012,1.0,9.78476462751213,0.10000000149011612
41.066,1.0,9.784529209219746,0.10000000149011612
41.11,1.0,9.73580239771141,0.10000000149011612
41.163,1.0,9.729715554085043,0.10000000149011612
41.211,1.0,9.812022250828644,0.10000000149011612
41.267,1.0,9.702286159495513,0.10000000149011612
41.313,1.0,9.729675936905874,0.10000000149011612
41.365,1.0,9.51620139369948,0.10000000149011612
41.417,1.0,9.64721392976741,0.10000000149011612
41.468,1.0,9.647331552497215,0.10000000149011612
41.521,1.0,9.647506403322849,0.10000000149011612
41.564,1.0,9.647475926350388,0.10000000149011612
41.617,1.0,9.839669172196752,0.10000000149011612
41.664,1.0,9.784605573262606,0.10000000149011612
41.719,1.0,9.812250050943758,0.10000000149011612
41.764,1.0,9.839477016487056,0.10000000149011612
41.812,1.0,9.592039412591193,0.10000000149011612
41.864,1.0,9.708586287788219,0.10000000149011612
41.92,1.0,9.681093491634561,0.10000000149011612
41.964,1.0,9.702296249402893,0.10000000149011612
42.017,1.0,9.571518213012153,0.10000000149011612
42.064,1.0,9.674737809764014,0.10000000149011612
42.114,1.0,9.839736932495402,0.10000000149011612
42.168,1.0,9.729816397155325,0.10000000149011612
42.223,1.0,9.647172339426147,0.10000000149011612
42.266,1.0,9.784682769390445,0.10000000149011612
42.317,1.0,9.790988613727192,0.10000000149011612
42.367,1.0,9.818081024351219,0.10000000149011612
42.425,1.0,9.570741029332082,0.10000000149011612
42.467,1.0,9.784888502665693,0.10000000149011612
42.517,1.0,9.757122863063382,0.10000000149011612
42.572,1.0,9.67488224061413,0.10000000149011612
42.626,1.0,9.811894341889355,0.10000000149011612
42.667,1.0,9.839501380651361,0.10000000149011612
42.718,1.0,9.674867584908174,0.10000000149011612
42.766,1.0,9.846251291616095,0.10000000149011612
42.822,1.0,9.839516251058214,0.10000000149011612
42.87,1.0,9.757336420503755,0.10000000149011612
42.917,1.0,9.839571555765966,0.10000000149011612
42.968,1.0,9.757028403091763,0.10000000149011612
43.016,1.0,9.784789399533636,0.10000000149011612
43.059,1.0,9.757179616288179,0.10000000149011612
43.12,1.0,9.790854758189784,0.10000000149011612
43.168,1.0,9.701997539359663,0.10000000149011612
43.219,1.0,9.812210051715374,0.10000000149011612
43.267,1.0,9.681267423658735,0.10000000149011612
43.322,1.0,9.729580574379199,0.10000000149011612
43.371,1.0,9.736127347147299,0.10000000149011612
43.412,1.0,9.757055727392435,0.10000000149011612
43.466,1.0,9.757098095946843,0.10000000149011612
43.518,1.0,9.757411211025383,0.10000000149011612
43.567,1.0,9.56484914680736,0.10000000149011612
43.621,1.0,9.599009971900118,0.10000000149011612
43.668,1.0,9.812037320393655,0.10000000149011612
43.72,1.0,9.784536145503322,0.10000000149011612
43.768,1.0,9.702293043190407,0.10000000149011612
43.819,1.0,9.729599857578675,0.10000000149011612
43.869,1.0,9.784532019351092,0.10000000149011612
43.931,1.0,9.790903735160828,0.10000000149011612
43.969,1.0,9.83944868704097,0.10000000149011612
44.018,1.0,9.75709553466489,0.10000000149011612
44.068,1.0,9.72973440254314,0.10000000149011612
44.119,1.0,9.674920647322304,0.10000000149011612
44.175,1.0,9.763560832871331,0.10000000149011612
44.219,1.0,9.784548837650153,0.10000000149011612
44.27,1.0,9.537343340760303,0.10000000149011612
44.321,1.0,9.702309428921176,0.10000000149011612
44.37,1.0,9.708798733788232,0.10000000149011612
44.417,1.0,9.818483364271621,0.10000000149011612
44.469,1.0,9.812075985223055,0.10000000149011612
44.52,1.0,9.702467434604962,0.10000000149011612
44.569,1.0,9.729406175617543,0.10000000149011612
44.624,1.0,9.92838516527166,0.10000000149011612
44.659,1.0,9.86698428504169,0.10000000149011612
44.719,1.0,9.729904413161178,0.10000000149011612
44.771,1.0,9.674691643772853,0.10000000149011612
44.825,1.0,9.839535353870856,0.10000000149011612
44.867,1.0,9.839744435023103,0.11272431910037994
44.923,1.0,9.78463350188815,0.10000000149011612
44.972,1.0,9.730171591457394,0.10000000149011612
45.021,1.0,9.790961551728348,0.10000000149011612
45.073,1.0,9.812026813667682,0.10000000149011612
45.121,1.0,9.784665021403796,0.10000000149011612
45.171,1.0,9.757182549333407,0.10000000149011612
45.226,1.0,9.757204521468116,0.10000000149011612
45.271,1.0,9.735950244259502,0.10000000149011612
45.324,1.0,9.674599108638034,0.10000000149011612
45.372,1.0,9.708275931287144,0.10000000149011612
45.428,1.0,9.763486906244523,0.10000000149011612
45.482,1.0,9.83942568949941,0.10000000149011612
45.528,1.0,9.7297024048037,0.10000000149011612
45.586,1.0,9.839711477959321,0.10000000149011612
45.629,1.0,9.702104697045353,0.10000000149011612
45.688,1.0,9.78441996284657,0.10000000149011612
45.731,1.0,9.592272675472001,0.10000000149011612
45.785,1.0,9.812317125954563,0.10000000149011612
45.843,1.0,9.839687668552829,0.10000000149011612
45.885,1.0,9.565022011867,0.10000000149011612
45.94,1.0,9.729827817570833,0.10000000149011612
45.994,1.0,9.839647469214267,0.10000000149011612
46.035,1.0,9.784733858332038,0.10000000149011612
46.091,1.0,9.812168680131435,0.10000000149011612
46.141,1.0,9.839330726344553,0.10000000149011612
46.189,1.0,9.757163150463667,0.10000000149011612
46.242,1.0,9.83950405443708,0.10000000149011612
46.292,1.0,9.702282235440281,0.10000000149011612
46.344,1.0,9.867079418235354,0.11223781853914261
46.396,1.0,9.784633281620012,0.10000000149011612
46.441,1.0,9.729745820578602,0.10000000149011612
46.491,1.0,9.72975333229535,0.10000000149011612
46.542,1.0,9.72957051826848,0.10000000149011612
46.596,1.0,9.619691420905292,0.10000000149011612
46.642,1.0,9.729772671974368,0.10000000149011612
46.701,1.0,9.70848123644375,0.10000000149011612
46.743,1.0,9.791323558137648,0.10000000149011612
46.793,1.0,9.866914043803181,0.10000000149011612
46.847,1.0,9.784623141648868,0.10000000149011612
46.892,1.0,9.736467905032137,0.10000000149011612
46.94,1.0,9.674721500215432,0.10000000149011612
46.993,1.0,9.59810015356375,0.10000000149011612
47.044,1.0,9.653593059505026,0.10000000149011612
47.096,1.0,9.894538332045906,0.10000000149011612
47.152,1.0,9.647222678363324,0.10000000149011612
47.201,1.0,9.757172906398774,0.10000000149011612
47.245,1.0,9.729506720726688,0.10000000149011612
47.295,1.0,9.89442667087747,0.10000000149011612
47.345,1.0,9.75714983617266,0.10000000149011612
47.401,1.0,9.64704792207728,0.10000000149011612
47.446,1.0,9.81207279784398,0.10000000149011612
47.495,1.0,9.619821781354647,0.10000000149011612
47.546,1.0,9.735821513252127,0.10000000149011612
47.595,1.0,9.620147413863904,0.10000000149011612
47.647,1.0,9.811947946126262,0.10000000149011612
47.692,1.0,9.729724216854407,0.10000000149011612
47.745,1.0,9.873151124330859,0.10000000149011612
47.798,1.0,9.784718490867979,0.10000000149011612
47.847,1.0,9.839452626721727,0.10000000149011612
47.903,1.0,9.81201650193996,0.10000000149011612
47.95,1.0,9.790897457798321,0.10000000149011612
47.996,1.0,9.784649036079646,0.10000000149011612
48.047,1.0,9.702337485924364,0.10000000149011612
48.096,1.0,9.873302957229317,0.10000000149011612
48.154,1.0,9.729463290154106,0.10000000149011612
48.195,1.0,9.729480983772211,0.10000000149011612
48.246,1.0,9.81199782739083,0.10000000149011612
48.299,1.0,9.757434774417844,0.10000000149011612
48.354,1.0,9.702261803899374,0.10000000149011612
48.396,1.0,9.736066956859496,0.10000000149011612
48.446,1.0,9.757265335756044,0.10000000149011612
48.498,1.0,9.839594505747987,0.10000000149011612
48.55,1.0,9.867279893635876,0.10000000149011612
48.596,1.0,9.784664815208979,0.10000000149011612
48.647,1.0,9.70236183816774,0.10000000149011612
48.698,1.0,9.812280256963438,0.10000000149011612
48.749,1.0,9.81207439415157,0.10000000149011612
48.802,1.0,9.867002439478206,0.10000000149011612
48.851,1.0,9.67470373329189,0.10000000149011612
48.897,1.0,9.763200739377902,0.10000000149011612
48.948,1.0,9.647353511200183,0.10000000149011612
48.997,1.0,9.73605359784431,0.10000000149011612
49.05,1.0,9.784646974462602,0.10000000149011612
49.097,1.0,9.784786400426594,0.10000000149011612
49.15,1.0,9.811937368247245,0.10000000149011612
49.202,1.0,9.87351263821539,0.10000000149011612
49.251,1.0,9.729666137819489,0.10000000149011612
49.313,1.0,9.729779625994464,0.10000000149011612
49.349,1.0,9.67502894434664,0.10000000149011612
49.399,1.0,9.729500207408435,0.10000000149011612
49.449,1.0,9.81213070758515,0.10000000149011612
49.506,1.0,9.729796548746526,0.10000000149011612
49.549,1.0,9.78454488058471,0.10000000149011612
49.61,1.0,9.702167885440092,0.10000000149011612
49.649,1.0,9.680660784472193,0.10000000149011612
49.699,1.0,9.647112480592396,0.10000000149011612
49.75,1.0,9.702135413409108,0.10000000149011612
49.801,1.0,9.894421927237676,0.10000000149011612
49.852,1.0,9.702016748550038,0.10000000149011612
49.903,1.0,9.702156138461497,0.10000000149011612
49.952,1.0,9.78487787488848,0.10503948479890823
50.003,1.0,9.735958482945959,0.10000000149011612
50.052,1.0,9.729602931833101,0.10000000149011612
50.106,1.0,9.708307313629323,0.10000000149011612
50.152,1.0,9.729704665061501,0.10000000149011612
50.202,1.0,9.784698260948062,0.10000000149011612
50.254,1.0,9.797518815762468,0.10000000149011612
50.303,1.0,9.729825472873118,0.10000000149011612
50.352,1.0,9.729712183007763,0.10000000149011612
50.41,1.0,9.626432707678113,0.10000000149011612
50.457,1.0,9.757123506524497,0.10000000149011612
50.506,1.0,9.81186115456124,0.10000000149011612
50.555,1.0,9.784839430037472,0.10000000149011612
50.604,1.0,9.757143847809898,0.10000000149011612
50.655,1.0,9.702389669190678,0.10000000149011612
50.706,1.0,9.736009457645316,0.10000000149011612
50.755,1.0,9.75713277802699,0.10000000149011612
50.805,1.0,9.812129533684088,0.10000000149011612
50.849,1.0,9.757161261203388,0.10000000149011612
50.907,1.0,9.867156119272114,0.10000000149011612
50.954,1.0,9.797283774945472,0.10000000149011612
51.008,1.0,9.812211157505711,0.10000000149011612
51.056,1.0,9.812024838560157,0.10000000149011612
51.105,1.0,9.757176017885406,0.10000000149011612
51.156,1.0,9.866945578737392,0.10000000149011612
51.208,1.0,9.839680205906431,0.10000000149011612
51.258,1.0,9.791251810391744,0.10000000149011612
51.307,1.0,9.839494651969936,0.10000000149011612
51.359,1.0,9.812092781811952,0.10000000149011612
51.408,1.0,9.784508457159003,0.10000000149011612
51.459,1.0,9.812003720303377,0.10000000149011612
51.508,1.0,9.757311585607628,0.10000000149011612
51.558,1.0,9.75720400247309,0.10000000149011612
51.608,1.0,9.729740884693133,0.10000000149011612
51.657,1.0,9.812149878860348,0.10000000149011612
51.708,1.0,9.756807900033891,0.10000000149011612
51.764,1.0,9.702095886257787,0.10000000149011612
51.808,1.0,9.729435678157541,0.10000000149011612
51.857,1.0,9.866951955316795,0.10000000149011612
51.909,1.0,9.83962388444278,0.10000000149011612
51.958,1.0,9.81200100676053,0.10000000149011612
52.007,1.0,9.757098713496493,0.10000000149011612
52.062,1.0,9.702548272949127,0.10000000149011612
52.11,1.0,9.702720767238901,0.10000000149011612
52.159,1.0,9.812171333221098,0.10000000149011612
52.208,1.0,9.763315572258499,0.10000000149011612
52.261,1.0,9.872976337021424,0.10000000149011612
52.308,1.0,9.6749492864021,0.10000000149011612
52.36,1.0,9.839574748319055,0.10000000149011612
52.411,1.0,9.839809111133217,0.10000000149011612
52.46,1.0,9.702287148994705,0.10000000149011612
52.511,1.0,9.708665238258739,0.10000000149011612
52.565,1.0,9.839579176613027,0.10000000149011612
52.615,1.0,9.702359230381747,0.10000000149011612
52.666,1.0,9.78461175772051,0.10000000149011612
52.716,1.0,9.702531776763498,0.10000000149011612
52.77,1.0,9.784835718054739,0.10000000149011612
52.817,1.0,9.757144663814042,0.10000000149011612
52.872,1.0,9.757203599976169,0.10000000149011612
52.924,1.0,9.729425248772733,0.10000000149011612
52.975,1.0,9.647671440574857,0.10000000149011612
53.021,1.0,9.839700164128509,0.10000000149011612
53.071,1.0,9.72973516802821,0.10000000149011612
53.121,1.0,9.812070883541471,0.10000000149011612
53.171,1.0,9.784724095981154,0.10000000149011612
53.229,1.0,9.784562685464818,0.10000000149011612
53.277,1.0,9.921874839998782,0.10000000149011612
53.327,1.0,9.70232210703608,0.10000000149011612
53.381,1.0,9.7361805467142,0.10000000149011612
53.436,1.0,9.64728476351334,0.10000000149011612
53.478,1.0,9.812324754272899,0.1055532693862915
53.53,1.0,9.867238251306116,0.1082804873585701
53.583,1.0,9.714862245321275,0.10000000149011612
53.627,1.0,9.78468242538058,0.10000000149011612
53.678,1.0,9.708668921060033,0.10000000149011612
53.733,1.0,9.894541171337995,0.10054516047239304
53.778,1.0,9.784595798535479,0.10000000149011612
53.827,1.0,9.729796981438994,0.10000000149011612
53.88,1.0,9.714716088482076,0.10000000149011612
53.934,1.0,9.757390550751653,0.10000000149011612
53.976,1.0,9.729624374769628,0.10000000149011612
54.027,1.0,9.729690367873344,0.10000000149011612
54.078,1.0,9.784468074349894,0.10000000149011612
54.125,1.0,9.729675132222473,0.10000000149011612
54.179,1.0,9.702189985786875,0.10000000149011612
54.23,1.0,9.735807691804236,0.10000000149011612
54.281,1.0,9.812350620163812,0.10000000149011612
54.34,1.0,9.757197827287019,0.10000000149011612
54.38,1.0,9.757193510255052,0.10000000149011612
54.43,1.0,9.702193719272811,0.10000000149011612
54.483,1.0,9.64739422686398,0.10000000149011612
54.536,1.0,9.784763300729294,0.10447102040052414
54.58,1.0,9.784669854429861,0.10000000149011612
54.631,1.0,9.784696790927814,0.10000000149011612
54.679,1.0,9.791379752527508,0.10000000149011612
54.73,1.0,9.784616699649227,0.10000000149011612
54.784,1.0,9.811995219832493,0.10000000149011612
54.832,1.0,9.729716150938637,0.10000000149011612
54.887,1.0,9.839575990475714,0.10000000149011612
54.935,1.0,9.75725626413607,0.10000000149011612
54.981,1.0,9.702090182610684,0.10000000149011612
55.036,1.0,9.729731556462745,0.10000000149011612
55.091,1.0,9.757151801946263,0.10000000149011612
55.132,1.0,9.674835350654192,0.10000000149011612
55.19,1.0,9.784471692662272,0.10000000149011612
55.233,1.0,9.812064951989386,0.10000000149011612
55.284,1.0,9.75744678462959,0.10000000149011612
55.332,1.0,9.791082005202771,0.10000000149011612
55.381,1.0,9.729593875859347,0.10000000149011612
55.435,1.0,9.763472109908859,0.10000000149011612
55.484,1.0,9.8119727631203,0.10000000149011612
55.531,1.0,9.811951811901396,0.10000000149011612
55.586,1.0,9.78454010149257,0.10000000149011612
55.634,1.0,9.784401859032611,0.10000000149011612
55.68,1.0,9.784508356348509,0.10000000149011612
55.733,1.0,9.784718972837759,0.10000000149011612
55.782,1.0,9.81207061327166,0.10000000149011612
55.833,1.0,9.674796110536489,0.10000000149011612
55.883,1.0,9.73616852309141,0.10000000149011612
55.934,1.0,9.790794193868836,0.10000000149011612
55.992,1.0,9.812094068506525,0.10000000149011612
56.033,1.0,9.873355750180782,0.10000000149011612
56.087,1.0,9.592463337009152,0.10000000149011612
56.135,1.0,9.790694254057275,0.10000000149011612
56.185,1.0,9.839674793514941,0.10000000149011612
56.234,1.0,9.812096754709879,0.10000000149011612
56.285,1.0,9.757242664384345,0.10000000149011612
56.332,1.0,9.729832352759937,0.10000000149011612
56.384,1.0,9.647452367159227,0.10000000149011612
56.435,1.0,9.592513255547319,0.10000000149011612
56.486,1.0,9.757296156924632,0.10000000149011612
56.535,1.0,9.873437431682316,0.10000000149011612
56.584,1.0,9.839432707346148,0.10000000149011612
56.636,1.0,9.784313697574866,0.10000000149011612
56.686,1.0,9.763719181364609,0.10000000149011612
56.729,1.0,9.736256906017662,0.10000000149011612
56.784,1.0,9.812001271794239,0.10000000149011612
56.836,1.0,9.812257208054264,0.10000000149011612
56.884,1.0,9.790968807227909,0.10000000149011612
56.935,1.0,9.812049914441175,0.10000000149011612
56.984,1.0,9.702402083037628,0.10000000149011612
57.035,1.0,9.76328570637852,0.10000000149011612
57.093,1.0,9.784756957325671,0.10000000149011612
57.146,1.0,9.784740102994773,0.10000000149011612
57.185,1.0,9.72986046059264,0.10000000149011612
57.241,1.0,9.72999244450281,0.10000000149011612
57.286,1.0,9.763094218965206,0.10000000149011612
57.337,1.0,9.675053508890171,0.10000000149011612
57.388,1.0,9.729399871060417,0.10000000149011612
57.442,1.0,9.70222194387267,0.10000000149011612
57.486,1.0,9.729743957084914,0.10000000149011612
57.541,1.0,9.70211022624539,0.10000000149011612
57.588,1.0,9.647045022290614,0.10000000149011612
57.637,1.0,9.867028303754827,0.10000000149011612
57.688,1.0,9.681235135222474,0.10000000149011612
57.737,1.0,9.86701880707923,0.10000000149011612
57.787,1.0,9.702365832134253,0.10000000149011612
57.834,1.0,9.811916574463249,0.10000000149011612
57.887,1.0,9.763214033862782,0.10000000149011612
57.944,1.0,9.565040513045258,0.10000000149011612
57.987,1.0,9.784504904101292,0.10000000149011612
58.042,1.0,9.729628207617337,0.10000000149011612
58.087,1.0,9.81229466630353,0.10000000149011612
58.141,1.0,9.75704796541896,0.10000000149011612
58.192,1.0,9.681241134202315,0.10000000149011612
58.237,1.0,9.598855417490833,0.10000000149011612
58.296,1.0,9.64729059677985,0.10000000149011612
58.337,1.0,9.831105901590652,0.10000000149011612
58.387,1.0,9.76340204520772,0.10000000149011612
58.436,1.0,9.544117741638587,0.10000000149011612
58.489,1.0,9.811895421726836,0.10000000149011612
58.537,1.0,9.729550031427708,0.10000000149011612
58.587,1.0,9.7570143773117,0.10000000149011612
58.643,1.0,9.852097604071929,0.10000000149011612
58.695,1.0,9.78466619277994,0.10000000149011612
58.737,1.0,9.845992110276388,0.10000000149011612
58.786,1.0,9.729497806562318,0.10000000149011612
58.837,1.0,9.647223038081494,0.10000000149011612
58.894,1.0,9.702360024385982,0.10000000149011612
58.941,1.0,9.812102221676874,0.10000000149011612
58.998,1.0,9.83960617242588,0.10000000149011612
59.043,1.0,9.839612273830507,0.10000000149011612
59.094,1.0,9.674731067816417,0.10000000149011612
59.149,1.0,9.784685363103119,0.10000000149011612
59.193,1.0,9.565157718314893,0.10000000149011612
59.244,1.0,9.75716508426186,0.10000000149011612
59.296,1.0,9.76367619337721,0.10000000149011612
59.342,1.0,9.619940723768538,0.10000000149011612
59.393,1.0,9.812076922381918,0.10000000149011612
59.448,1.0,9.592462434888715,0.10000000149011612
59.494,1.0,9.791441712280115,0.10000000149011612
59.543,1.0,9.674921764081551,0.10000000149011612
59.593,1.0,9.72973318869869,0.10000000149011612
59.651,1.0,9.78441467181676,0.10000000149011612
59.694,1.0,9.6747397808772,0.10000000149011612
59.746,1.0,9.674692306274341,0.10000000149011612
59.794,1.0,9.53759042258478,0.10000000149011612
59.846,1.0,9.729384416838487,0.10000000149011612
59.894,1.0,9.735872596916225,0.10000000149011612
59.95,1.0,9.757100279691318,0.10000000149011612
59.997,1.0,9.537215863168239,0.10000000149011612
60.053,1.0,9.674698585478795,0.10000000149011612
60.094,1.0,9.687580228555534,0.10000000149011612
60.163,1.0,9.72977966490305,0.10000000149011612
60.21,1.0,9.702304183070858,0.10000000149011612
60.257,1.0,9.626410320649544,0.10000000149011612
60.312,1.0,9.619625216391352,0.10000000149011612
60.365,1.0,9.729546778317955,0.10000000149011612
60.412,1.0,9.674695812331306,0.10000000149011612
60.469,1.0,9.757000473390024,0.10000000149011612
60.515,1.0,9.729619268990225,0.10000000149011612
60.571,1.0,9.839543266615106,0.10000000149011612
60.617,1.0,9.79722227886733,0.10000000149011612
60.669,1.0,9.784774290749596,0.10000000149011612
60.717,1.0,9.72970448575086,0.10000000149011612
60.762,1.0,9.867065960872505,0.10000824183225632
60.812,1.0,9.708575430636605,0.10000000149011612
60.866,1.0,9.812201792788175,0.10000000149011612
60.914,1.0,9.812205779324803,0.10000000149011612
60.969,1.0,9.784464582159288,0.10000000149011612
61.014,1.0,9.757326183964809,0.10000000149011612
61.066,1.0,9.784895256906747,0.10000000149011612
61.113,1.0,9.763161773938272,0.10000000149011612
61.171,1.0,9.619825944656299,0.10000000149011612
61.215,1.0,9.674798898978366,0.10000000149011612
61.269,1.0,9.702194935124782,0.10000000149011612
61.316,1.0,9.702542667028805,0.10000000149011612
61.368,1.0,9.67475203000423,0.10000000149011612
61.411,1.0,9.729815668281582,0.10000000149011612
61.468,1.0,9.67461429660519,0.10000000149011612
61.516,1.0,9.592386895687216,0.10000000149011612
61.573,1.0,9.866842749487194,0.10000000149011612
61.623,1.0,9.674724189688762,0.10000000149011612
61.671,1.0,9.729541182849143,0.10000000149011612
61.722,1.0,9.757185328813891,0.10000000149011612
61.772,1.0,9.812101662697064,0.10000000149011612
61.821,1.0,9.674809279375607,0.10000000149011612
61.873,1.0,9.729752926155925,0.10000000149011612
61.924,1.0,9.702214371785521,0.10000000149011612
61.973,1.0,9.702128447612955,0.10000000149011612
62.024,1.0,9.76383922362907,0.10000000149011612
62.085,1.0,9.647211351638866,0.10000000149011612
62.122,1.0,9.784647077052957,0.10000000149011612
62.173,1.0,9.729764778187706,0.10000000149011612
62.223,1.0,9.75726412207716,0.10000000149011612
62.274,1.0,9.846297685532933,0.10000000149011612
62.325,1.0,9.702257648958929,0.10000000149011612
62.373,1.0,9.757084364174968,0.10000000149011612
62.424,1.0,9.729779560284483,0.10000000149011612
62.481,1.0,9.653434993740586,0.10000000149011612
62.525,1.0,9.81865827302552,0.10000000149011612
62.574,1.0,9.757154481733838,0.10000000149011612
62.619,1.0,9.867034849876331,0.10000000149011612
62.674,1.0,9.812130300328135,0.10000000149011612
62.725,1.0,9.757051646978491,0.10000000149011612
62.779,1.0,9.75725165448255,0.10000000149011612
62.824,1.0,9.729725549204481,0.10000000149011612
62.874,1.0,9.784593458680643,0.10000000149011612
62.925,1.0,9.674778326166173,0.10000000149011612
62.975,1.0,9.81203118428174,0.10000000149011612
63.024,1.0,9.647332187017632,0.10000000149011612
63.076,1.0,9.83938530791137,0.10000000149011612
63.127,1.0,9.791103699575697,0.10000000149011612
63.174,1.0,9.83953979420993,0.10000000149011612
63.223,1.0,9.72953808264186,0.10000000149011612
63.275,1.0,9.812233876043724,0.10000000149011612
63.327,1.0,9.867160296067595,0.10000000149011612
63.374,1.0,9.757107481629484,0.10000000149011612
63.424,1.0,9.757045337744056,0.10000000149011612
63.475,1.0,9.729466421715916,0.10000000149011612
63.528,1.0,9.812206906556256,0.10000000149011612
63.576,1.0,9.702144644264546,0.10000000149011612
63.622,1.0,9.757289326770438,0.10000000149011612
63.674,1.0,9.81795119676325,0.10000000149011612
63.724,1.0,9.647141797261106,0.10000000149011612
63.776,1.0,9.757182326188518,0.10000000149011612
63.827,1.0,9.646915096644726,0.10000000149011612
63.876,1.0,9.757127189553445,0.10000000149011612
63.934,1.0,9.67436172252314,0.10000000149011612
63.984,1.0,9.867158582765196,0.10000000149011612
64.045,1.0,9.845977921535571,0.10000000149011612
64.083,1.0,9.702400071505043,0.10000000149011612
64.136,1.0,9.680790315527055,0.10000000149011612
64.183,1.0,9.784677925002244,0.10000000149011612
64.235,1.0,9.742498106364575,0.10000000149011612
64.285,1.0,9.784893710414568,0.10000000149011612
64.339,1.0,9.784669665143722,0.10000000149011612
64.385,1.0,9.729783832944102,0.10000000149011612
64.434,1.0,9.757154109887779,0.10000000149011612
64.489,1.0,9.675017978126805,0.10000000149011612
64.534,1.0,9.76321761465321,0.10000000149011612
64.584,1.0,9.839740179499818,0.10000000149011612
64.638,1.0,9.736158528696333,0.10000000149011612
64.683,1.0,9.812176966315342,0.10000000149011612
64.735,1.0,9.757204457869133,0.10000000149011612
64.786,1.0,9.79119023072223,0.10000000149011612
64.836,1.0,9.791245549275644,0.11628196388483047
64.89,1.0,9.784906626492738,0.10000000149011612
64.94,1.0,9.708832995862597,0.10000000149011612
64.995,1.0,9.647201682647896,0.10000000149011612
65.037,1.0,9.839516797785958,0.10000000149011612
65.089,1.0,9.708622330923875,0.10000000149011612
65.139,1.0,9.784449585568574,0.10000000149011612
65.187,1.0,9.708684057080083,0.10000000149011612
65.238,1.0,9.756770995093717,0.10000000149011612
65.291,1.0,9.839857167874774,0.12252572178840637
65.337,1.0,9.769600835856464,0.10000000149011612
65.386,1.0,9.839597740376162,0.10000000149011612
65.443,1.0,9.784471256120337,0.10000000149011612
65.492,1.0,9.790658384002745,0.10000000149011612
65.539,1.0,9.674706666481992,0.10000000149011612
65.59,1.0,9.839623759024674,0.10000000149011612
65.641,1.0,9.729344953472415,0.10000000149011612
65.697,1.0,9.598490087398224,0.10000000149011612
65.738,1.0,9.83960215927412,0.10000000149011612
65.788,1.0,9.736229693765441,0.10000000149011612
65.843,1.0,9.620014693360362,0.10000000149011612
65.897,1.0,9.619812869404752,0.10000000149011612
65.938,1.0,9.784583842340442,0.10000000149011612
65.992,1.0,9.647482432673375,0.10000000149011612
66.038,1.0,9.866991658674346,0.11165576428174973
66.089,1.0,9.681177768918376,0.10000000149011612
66.15,1.0,9.811973258149292,0.10000000149011612
66.193,1.0,9.78445890026374,0.10000000149011612
66.238,1.0,9.73604751634929,0.10000000149011612
66.288,1.0,9.674781445186172,0.10000000149011612
66.338,1.0,9.791157702418666,0.10000000149011612
66.39,1.0,9.784671495854855,0.10000000149011612
66.438,1.0,9.784360265835291,0.10000000149011612
66.49,1.0,9.702319847957956,0.10000000149011612
66.538,1.0,9.729732140629656,0.10000000149011612
66.588,1.0,9.839526658339633,0.10000000149011612
66.645,1.0,9.784615512109465,0.10000000149011612
66.69,1.0,9.701967878908746,0.10000000149011612
66.74,1.0,9.756977370546924,0.10000000149011612
66.79,1.0,9.57150553456611,0.10000000149011612
66.843,1.0,9.818572111117343,0.10000000149011612
66.895,1.0,9.784494757817852,0.10000000149011612
66.942,1.0,9.702142979204655,0.10000000149011612
66.996,1.0,9.78456967268139,0.10000000149011612
67.042,1.0,9.812079923475782,0.10000000149011612
67.093,1.0,9.729636377882626,0.10000000149011612
67.15,1.0,9.736067024618388,0.10000000149011612
67.192,1.0,9.757057129260566,0.10000000149011612
67.242,1.0,9.866988978224496,0.10000000149011612
67.292,1.0,9.757187051491606,0.10000000149011612
67.342,1.0,9.729710407720672,0.10000000149011612
67.392,1.0,9.729674090838266,0.10000000149011612
67.443,1.0,9.75713073640234,0.10000000149011612
67.492,1.0,9.72987278741267,0.10000000149011612
67.542,1.0,9.729566989735597,0.10000000149011612
67.597,1.0,9.702001668719781,0.10000000149011612
67.644,1.0,9.757063557787074,0.10000000149011612
67.697,1.0,9.839489046525625,0.10000000149011612
67.744,1.0,9.784494104546805,0.10000000149011612
67.793,1.0,9.736328962114122,0.10000000149011612
67.845,1.0,9.729803954768512,0.10000000149011612
67.894,1.0,9.729864309976499,0.10000000149011612
67.943,1.0,9.702397139887843,0.10000000149011612
67.991,1.0,9.735894330280523,0.10000000149011612
68.044,1.0,9.839568161612583,0.10000000149011612
68.097,1.0,9.78452165056434,0.10000000149011612
68.146,1.0,9.776717806276348,0.10000000149011612
68.195,1.0,9.729592830604977,0.10000000149011612
68.249,1.0,9.674624160615107,0.10000000149011612
68.296,1.0,9.763684534405668,0.10000000149011612
68.345,1.0,9.839545452346405,0.10000000149011612
68.399,1.0,9.784238139022555,0.10000000149011612
68.446,1.0,9.730053679665758,0.10000000149011612
68.499,1.0,9.598492413883408,0.10000000149011612
68.56,1.0,9.702194668704436,0.10000000149011612
68.599,1.0,9.811932950135734,0.10000000149011612
68.649,1.0,9.839544522369074,0.10000000149011612
68.7,1.0,9.674532536562118,0.10000000149011612
68.749,1.0,9.702271748892963,0.10000000149011612
68.799,1.0,9.921933549249339,0.10000000149011612
68.85,1.0,9.702087774479555,0.10000000149011612
68.902,1.0,9.702293193009165,0.10000000149011612
68.949,1.0,9.812149330042303,0.10000000149011612
69.004,1.0,9.784573501079446,0.10000000149011612
69.055,1.0,9.729928615854845,0.10000000149011612
69.1,1.0,9.76359930406842,0.10000000149011612
69.152,1.0,9.866988928140037,0.10000000149011612
69.2,1.0,9.659722743369638,0.10000000149011612
69.253,1.0,9.811946458410885,0.10000000149011612
69.299,1.0,9.757052111956808,0.10000000149011612
69.35,1.0,9.647431229034233,0.10000000149011612
69.406,1.0,9.647244668089682,0.10000000149011612
69.454,1.0,9.812179308384657,0.10000000149011612
69.504,1.0,9.674854973227614,0.10000000149011612
69.554,1.0,9.839786905153758,0.10000000149011612
69.602,1.0,9.867086799132327,0.10000000149011612
69.654,1.0,9.89439475722611,0.10000000149011612
69.707,1.0,9.78453738629404,0.10000000149011612
69.756,1.0,9.757516551017762,0.10000000149011612
69.804,1.0,9.73590091754579,0.10000000149011612
69.853,1.0,9.67480104311059,0.10000000149011612
69.904,1.0,9.757082734877864,0.10000000149011612
69.954,1.0,9.653540095707609,0.10000000149011612
70.01,1.0,9.735899196213317,0.10000000149011612
70.054,1.0,9.812145172576937,0.10000000149011612
70.106,1.0,9.867187987516324,0.11528758704662323
70.157,1.0,9.784583967406716,0.10000000149011612
70.206,1.0,9.784676126225127,0.10000000149011612
70.255,1.0,9.812017687120372,0.10000000149011612
70.311,1.0,9.839671784391006,0.10000000149011612
70.355,1.0,9.757154264280366,0.10000000149011612
70.407,1.0,9.811971293576061,0.10000000149011612
70.457,1.0,9.756872928142547,0.10000000149011612
70.504,1.0,9.845995607703097,0.10000000149011612
70.554,1.0,9.730043767868645,0.10000000149011612
70.609,1.0,9.784886616737479,0.10000000149011612
70.655,1.0,9.653491925593052,0.10000000149011612
70.704,1.0,9.818365583568811,0.10000000149011612
70.755,1.0,9.65372001901269,0.10000000149011612
70.806,1.0,9.75724405368997,0.10000000149011612
70.861,1.0,9.818265300637318,0.10000000149011612
70.908,1.0,9.839733721129596,0.10000000149011612
70.959,1.0,9.784540974535048,0.10000000149011612
71.009,1.0,9.769705559851396,0.10000000149011612
71.06,1.0,9.7571848416494,0.10000000149011612
71.11,1.0,9.763161446857783,0.10000000149011612
71.16,1.0,9.818387483391497,0.10000000149011612
71.209,1.0,9.647200367951559,0.10000000149011612
71.26,1.0,9.647244500948323,0.10000000149011612
71.309,1.0,9.729552037662103,0.10000000149011612
71.358,1.0,9.757055791177683,0.10000000149011612
71.408,1.0,9.75734030743026,0.10000000149011612
71.464,1.0,9.77560743521899,0.10000000149011612
71.514,1.0,9.674609180291494,0.10000000149011612
71.566,1.0,9.757054991150897,0.10000000149011612
71.608,1.0,9.812105023198658,0.10000000149011612
71.66,1.0,9.729633952159848,0.10000000149011612
71.711,1.0,9.620225452321272,0.10000000149011612
71.764,1.0,9.866902991715405,0.10000000149011612
71.812,1.0,9.812181773036718,0.10000000149011612
71.855,1.0,9.839610561107596,0.10000000149011612
71.912,1.0,9.811987883783877,0.10000000149011612
71.963,1.0,9.79124278134356,0.10000000149011612
72.012,1.0,9.839641769644286,0.100761279463768
72.064,1.0,9.620056335772905,0.10000000149011612
72.115,1.0,9.784513826337125,0.10000000149011612
72.166,1.0,9.812033035254313,0.10000000149011612
72.213,1.0,9.702215227960712,0.10000000149011612
72.264,1.0,9.763695529848338,0.10000000149011612
72.314,1.0,9.736210155031747,0.10000000149011612
72.364,1.0,9.702454421255323,0.10000000149011612
72.413,1.0,9.626395057990319,0.10000000149011612
72.463,1.0,9.647310763742361,0.10000000149011612
72.513,1.0,9.62651075710439,0.10000000149011612
72.567,1.0,9.736210266521407,0.10000000149011612
72.621,1.0,9.784533260307379,0.10000000149011612
72.663,1.0,9.866933002219431,0.10000000149011612
72.714,1.0,9.680981328483258,0.10000000149011612
72.767,1.0,9.757379557895991,0.10000000149011612
72.814,1.0,9.791038547187215,0.10000000149011612
72.865,1.0,9.757177773076627,0.10000000149011612
72.915,1.0,9.790473974413342,0.10000000149011612
72.963,1.0,9.894696519544555,0.10000000149011612
73.014,1.0,9.784721278254356,0.10000000149011612
73.064,1.0,9.565106213506725,0.10000000149011612
73.116,1.0,9.86711256808291,0.10000000149011612
73.165,1.0,9.790848411433398,0.10000000149011612
73.214,1.0,9.86685448123349,0.10000000149011612
73.262,1.0,9.757190470190512,0.10000000149011612
73.312,1.0,9.784619106538594,0.10000000149011612
73.364,1.0,9.674494145893389,0.10000000149011612
73.414,1.0,9.736268117154639,0.10000000149011612
73.461,1.0,9.653417061828076,0.10000000149011612
73.513,1.0,9.839436875242326,0.10000000149011612
73.564,1.0,9.757095589012735,0.10000000149011612
73.614,1.0,9.674770935769711,0.10000000149011612
73.667,1.0,9.674633930747708,0.10000000149011612
73.723,1.0,9.839665600491895,0.10000000149011612
73.763,1.0,9.812035077913768,0.10000000149011612
73.813,1.0,9.62012823269599,0.10000000149011612
73.867,1.0,9.784463564140928,0.10000000149011612
73.917,1.0,9.702312911446723,0.10000000149011612
73.97,1.0,9.7296565455695,0.10000000149011612
74.017,1.0,9.647163111633725,0.10000000149011612
74.067,1.0,9.866895903439985,0.10000000149011612
74.118,1.0,9.509926638835006,0.10000000149011612
74.171,1.0,9.839624625754853,0.10000000149011612
74.218,1.0,9.784751934309801,0.10000000149011612
74.268,1.0,9.647381621309453,0.10000000149011612
74.32,1.0,9.812002520552939,0.10000000149011612
74.365,1.0,9.681125492788851,0.10000000149011612
74.418,1.0,9.784433591841823,0.10000000149011612
74.47,1.0,9.729640787032743,0.10000000149011612
74.518,1.0,9.729882224462926,0.10000000149011612
74.568,1.0,9.811927962323857,0.10000000149011612
74.62,1.0,9.763299509841534,0.10000000149011612
74.671,1.0,9.757187292269535,0.10000000149011612
74.724,1.0,9.757157044671477,0.10000000149011612
74.769,1.0,9.84605420846492,0.10000000149011612
74.819,1.0,9.812029054450493,0.10000000149011612
74.868,1.0,9.812003046170705,0.10000000149011612
74.918,1.0,9.59865107834339,0.10000000149011612
74.971,1.0,9.702291727707617,0.10000000149011612
75.024,1.0,9.653872539330688,0.10000000149011612
75.072,1.0,9.784645142033696,0.10000000149011612
75.13,1.0,9.67488172246764,0.10000000149011612
75.173,1.0,9.59215467861957,0.10000000149011612
75.225,1.0,9.729441340702275,0.10000000149011612
75.273,1.0,9.839652357436716,0.11949752271175385
75.329,1.0,9.708503766833909,0.10000000149011612
75.386,1.0,9.674611110240221,0.10000000149011612
75.428,1.0,9.674358370486233,0.10000000149011612
75.478,1.0,9.784739337944321,0.10000000149011612
75.539,1.0,9.818607874939012,0.10000000149011612
75.578,1.0,9.626079513794846,0.10000000149011612
75.633,1.0,9.702448642005523,0.10000000149011612
75.685,1.0,9.74232892377509,0.10000000149011612
75.731,1.0,9.81211176396658,0.10000000149011612
75.786,1.0,9.763324107685023,0.10000000149011612
75.831,1.0,9.763284952152107,0.10000000149011612
75.882,1.0,9.702296838536858,0.10000000149011612
75.934,1.0,9.674531660332448,0.10000000149011612
75.981,1.0,9.812032258055277,0.10000000149011612
76.033,1.0,9.647420639172196,0.10000000149011612
76.088,1.0,9.757329008335041,0.10000000149011612
76.133,1.0,9.674899504664872,0.10000000149011612
76.188,1.0,9.791095569067531,0.10000000149011612
76.234,1.0,9.763704144168232,0.10000000149011612
76.284,1.0,9.839464328396652,0.10000000149011612
76.337,1.0,9.619890273155438,0.10000000149011612
76.384,1.0,9.784661034142806,0.10000000149011612
76.438,1.0,9.674720955764254,0.10000000149011612
76.483,1.0,9.784739439748227,0.10000000149011612
76.535,1.0,9.537412920138902,0.10000000149011612
76.585,1.0,9.708421121372117,0.10000000149011612
76.635,1.0,9.70865685335464,0.10000000149011612
76.686,1.0,9.735725965971747,0.10000000149011612
76.739,1.0,9.674700417328213,0.10000000149011612
76.79,1.0,9.784828723967076,0.10000000149011612
76.842,1.0,9.894541121791635,0.10000000149011612
76.885,1.0,9.729569680285122,0.10000000149011612
76.934,1.0,9.83976971929272,0.1252727508544922
76.986,1.0,9.784668654534553,0.10000000149011612
77.041,1.0,9.619864753240513,0.10000000149011612
77.088,1.0,9.812193688357041,0.10000000149011612
77.141,1.0,9.729947840525872,0.10000000149011612
77.189,1.0,9.839324639654821,0.10000000149011612
77.239,1.0,9.784457437487113,0.10000000149011612
77.292,1.0,9.647492467818989,0.10000000149011612
77.339,1.0,9.867128690332175,0.10000000149011612
77.392,1.0,9.735968133000036,0.10000000149011612
77.442,1.0,9.702156333356267,0.10000000149011612
77.491,1.0,9.721059561375942,0.10000000149011612
77.539,1.0,9.784376983137594,0.10000000149011612
77.589,1.0,9.619883854935567,0.10000000149011612
77.635,1.0,9.894579959557289,0.10000000149011612
77.692,1.0,9.811893959509002,0.10000000149011612
77.746,1.0,9.784783658488758,0.10000000149011612
77.79,1.0,9.72943328231987,0.10000000149011612
77.846,1.0,9.86718769752317,0.10000000149011612
77.891,1.0,9.763771714352899,0.10000000149011612
77.941,1.0,9.653853900709914,0.10000000149011612
77.991,1.0,9.647022857247956,0.10000000149011612
78.042,1.0,9.78455954351359,0.10000000149011612
78.094,1.0,9.647594585518043,0.10000000149011612
78.144,1.0,9.729591405515869,0.10000000149011612
78.193,1.0,9.784705334591369,0.10000000149011612
78.247,1.0,9.757209108956157,0.10000000149011612
78.294,1.0,9.564833086666962,0.10000000149011612
78.343,1.0,9.790851774459911,0.10000000149011612
78.399,1.0,9.763242883959578,0.10000000149011612
78.448,1.0,9.78460198878828,0.10000000149011612
78.498,1.0,9.784761294515597,0.10000000149011612
78.547,1.0,9.736267788956562,0.10000000149011612
78.598,1.0,9.702293572719727,0.10000000149011612
78.651,1.0,9.784674274155662,0.10000000149011612
78.698,1.0,9.818393412915368,0.10000000149011612
78.747,1.0,9.757069453845421,0.10000000149011612
78.803,1.0,9.784651389055782,0.10000000149011612
78.849,1.0,9.729471478797496,0.10000000149011612
78.901,1.0,9.81207194953329,0.10000000149011612
78.947,1.0,9.784532584560415,0.10000000149011612
79.003,1.0,9.8123150040706,0.10000000149011612
79.057,1.0,9.674867789095474,0.10000000149011612
79.102,1.0,9.784578929179245,0.10000000149011612
79.151,1.0,9.729837374782397,0.10000000149011612
79.209,1.0,9.818709127811921,0.10000000149011612
79.252,1.0,9.736011433559987,0.10000000149011612
79.312,1.0,9.702371893905932,0.10000000149011612
79.354,1.0,9.763255759576957,0.10000000149011612
79.407,1.0,9.769611427995066,0.10000000149011612
79.461,1.0,9.757041681268149,0.10000000149011612
79.504,1.0,9.818401311731172,0.10000000149011612
79.556,1.0,9.674853510471682,0.10000000149011612
79.606,1.0,9.812048582587805,0.10000000149011612
79.654,1.0,9.510223905017806,0.10000000149011612
79.704,1.0,9.729680183384982,0.10000000149011612
79.757,1.0,9.729310516619847,0.10000000149011612
79.807,1.0,9.70222637369815,0.10000000149011612
79.854,1.0,9.763454765288365,0.10000000149011612
79.911,1.0,9.784749628210234,0.10000000149011612
79.957,1.0,9.674835471332901,0.10000000149011612
80.008,1.0,9.812333217097652,0.10000000149011612
80.057,1.0,9.647495179064572,0.10000000149011612
80.108,1.0,9.756927840908368,0.10000000149011612
80.157,1.0,9.812075248132977,0.10000000149011612
80.207,1.0,9.729962869774964,0.10000000149011612
80.258,1.0,9.702153219696548,0.10000000149011612
80.308,1.0,9.763706261312796,0.10000000149011612
80.36,1.0,9.61988659174078,0.10000000149011612
80.41,1.0,9.757118692580196,0.10000000149011612
80.46,1.0,9.790962503312363,0.10000000149011612
80.508,1.0,9.86708086706284,0.10000000149011612
80.559,1.0,9.564791512240966,0.10000000149011612
80.612,1.0,9.790840454358193,0.10000000149011612
80.657,1.0,9.647524738891256,0.10000000149011612
80.71,1.0,9.784456135456761,0.10000000149011612
80.763,1.0,9.653816763063272,0.10000000149011612
80.811,1.0,9.811954295738703,0.10000000149011612
80.864,1.0,9.784456913731992,0.10000000149011612
80.911,1.0,9.784714728883571,0.10000000149011612
80.96,1.0,9.839434485696255,0.10000000149011612
81.019,1.0,9.70230109764056,0.10000000149011612
81.066,1.0,9.812112159302664,0.10000000149011612
81.119,1.0,9.75709013549818,0.10000000149011612
81.17,1.0,9.757078898760179,0.10000000149011612
81.221,1.0,9.757351148956351,0.10000000149011612
81.269,1.0,9.702080278491808,0.10000000149011612
81.318,1.0,9.73607637890511,0.10000000149011612
81.373,1.0,9.78444245285872,0.10000000149011612
81.423,1.0,9.647201756574214,0.10000000149011612
81.475,1.0,9.921941280737519,0.1170441061258316
81.517,1.0,9.729534515945447,0.10000000149011612
81.567,1.0,9.681368521911402,0.10000000149011612
81.621,1.0,9.812081763727797,0.10000000149011612
81.674,1.0,9.839604170454873,0.10000000149011612
81.735,1.0,9.866839565978282,0.10000000149011612
81.771,1.0,9.867137432677879,0.10000000149011612
81.821,1.0,9.784686408357487,0.10000000149011612
81.873,1.0,9.674460084964004,0.10000000149011612
81.924,1.0,9.867131738695834,0.10000000149011612
81.971,1.0,9.75711397441725,0.10000000149011612
82.024,1.0,9.78487054573165,0.10000000149011612
82.073,1.0,9.619922097441222,0.10000000149011612
82.122,1.0,9.839720735202233,0.10000000149011612
82.167,1.0,9.647351482365695,0.10000000149011612
82.22,1.0,9.729837677627803,0.10000000149011612
82.271,1.0,9.757218576015697,0.10000000149011612
82.323,1.0,9.619669923000037,0.10000000149011612
82.374,1.0,9.839651692037782,0.10000000149011612
82.425,1.0,9.620003460761573,0.10000000149011612
82.475,1.0,9.67477681601627,0.10000000149011612
82.525,1.0,9.784473906229767,0.10000000149011612
82.584,1.0,9.674744785763323,0.10000000149011612
82.626,1.0,9.790547092238235,0.10000000149011612
82.674,1.0,9.708308753454023,0.10000000149011612
82.725,1.0,9.790867566958898,0.10000000149011612
82.779,1.0,9.757077941940063,0.10000000149011612
82.825,1.0,9.647147278860212,0.10000000149011612
82.869,1.0,9.619509259052574,0.10000000149011612
82.925,1.0,9.839703451966246,0.10000000149011612
82.981,1.0,9.757388653068078,0.10000000149011612
83.025,1.0,9.729779017509685,0.10000000149011612
83.073,1.0,9.757030023696522,0.10000000149011612
83.124,1.0,9.790605755709112,0.10000000149011612
83.176,1.0,9.729822098443078,0.10000000149011612
83.235,1.0,9.784639307877256,0.10000000149011612
83.273,1.0,9.791275576978094,0.10000000149011612
83.331,1.0,9.757018130189843,0.10000000149011612
83.374,1.0,9.784888799529936,0.10000000149011612
83.427,1.0,9.729890658520162,0.10000000149011612
83.476,1.0,9.839398460628258,0.10000000149011612
83.526,1.0,9.729755261581804,0.10000000149011612
83.575,1.0,9.867070824694302,0.10500115156173706
83.629,1.0,9.894391293016573,0.10000000149011612
83.678,1.0,9.8394841933416,0.10000000149011612
83.726,1.0,9.735823010280729,0.10000000149011612
83.777,1.0,9.61958602550957,0.10000000149011612
83.83,1.0,9.867011790474256,0.10000000149011612
83.878,1.0,9.729708754395444,0.10000000149011612
83.937,1.0,9.70235270143797,0.10000000149011612
83.978,1.0,9.73620078743746,0.10000000149011612
84.028,1.0,9.619797737627394,0.10000000149011612
84.086,1.0,9.75719262369805,0.10000000149011612
84.13,1.0,9.811983274730544,0.10000000149011612
84.177,1.0,9.729691076299382,0.10000000149011612
84.233,1.0,9.763435991625819,0.10000000149011612
84.279,1.0,9.729805510698093,0.10000000149011612
84.332,1.0,9.681119159153766,0.10000000149011612
84.378,1.0,9.757088750393855,0.10000000149011612
84.433,1.0,9.674784112659593,0.10000000149011612
84.481,1.0,9.729515846342677,0.10000000149011612
84.528,1.0,9.81209924655656,0.10000000149011612
84.583,1.0,9.812194708238046,0.10000000149011612
84.628,1.0,9.68105874247849,0.10000000149011612
84.68,1.0,9.784952698544496,0.10000000149011612
84.734,1.0,9.729843295200004,0.10000000149011612
84.778,1.0,9.605138168483972,0.10000000149011612
84.829,1.0,9.729889883432124,0.10000000149011612
84.877,1.0,9.702271926113301,0.10000000149011612
84.928,1.0,9.702383396402002,0.10000000149011612
84.979,1.0,9.756962946036623,0.10000000149011612
85.023,1.0,9.64713253200882,0.10000000149011612
85.078,1.0,9.812279607107241,0.10000000149011612
85.128,1.0,9.757180874691242,0.10000000149011612
85.178,1.0,9.921951981157893,0.10059157758951187
85.227,1.0,9.756965704282953,0.10000000149011612
85.279,1.0,9.894532719689112,0.10000000149011612
85.331,1.0,9.75705273439073,0.10000000149011612
85.378,1.0,9.653706758614216,0.10000000149011612
85.424,1.0,9.757258456014096,0.10000000149011612
85.481,1.0,9.65394253147145,0.10000000149011612
85.531,1.0,9.757207844571935,0.10000000149011612
85.581,1.0,9.702333801115552,0.10000000149011612
85.63,1.0,9.784478443612654,0.10000000149011612
85.683,1.0,9.757003192272451,0.10000000149011612
85.738,1.0,9.784614686502351,0.10000000149011612
85.788,1.0,9.674753530323505,0.10000000149011612
85.836,1.0,9.729750693444576,0.10000000149011612
85.885,1.0,9.839586291234527,0.10000000149011612
85.938,1.0,9.763176752006014,0.10000000149011612
85.988,1.0,9.674930713801748,0.10000000149011612
86.037,1.0,9.598393646524185,0.10000000149011612
86.087,1.0,9.866962011468907,0.10000000149011612
86.141,1.0,9.8395521439198,0.10000000149011612
86.199,1.0,9.763508930595385,0.10000000149011612
86.245,1.0,9.86692733909521,0.10000000149011612
86.297,1.0,9.736052700711621,0.10000000149011612
86.354,1.0,9.702237154419224,0.10000000149011612
86.397,1.0,9.68100164445738,0.10000000149011612
86.446,1.0,9.757103317479293,0.10000000149011612
86.499,1.0,9.811989453310767,0.10000000149011612
86.547,1.0,9.592449283496373,0.10000000149011612
86.61,1.0,9.811949359853234,0.10000000149011612
86.655,1.0,9.681161372156607,0.10000000149011612
86.702,1.0,9.812039000520276,0.10000000149011612
86.755,1.0,9.598823110200465,0.10000000149011612
86.801,1.0,9.92188211909185,0.10828530043363571
86.856,1.0,9.647027606910301,0.10000000149011612
86.907,1.0,9.702165590764748,0.10000000149011612
86.951,1.0,9.708205115815831,0.10000000149011612
87.004,1.0,9.867108739767637,0.10000000149011612
87.051,1.0,9.839596266899672,0.10000000149011612
87.104,1.0,9.75718914673974,0.10000000149011612
87.157,1.0,9.785114696042406,0.12529681622982025
87.203,1.0,9.790775087641345,0.10000000149011612
87.25,1.0,9.839446086291638,0.10000000149011612
87.303,1.0,9.565183700227903,0.10000000149011612
87.354,1.0,9.83946920759562,0.10000000149011612
87.4,1.0,9.818366247932945,0.10000000149011612
87.452,1.0,9.784546748817794,0.10000000149011612
87.505,1.0,9.839557329751552,0.10254655033349991
87.555,1.0,9.757167126341827,0.10000000149011612
87.599,1.0,9.680967047541506,0.10000000149011612
87.654,1.0,9.729497450072731,0.10000000149011612
87.707,1.0,9.86688426948256,0.10000000149011612
87.76,1.0,9.729757287436062,0.10000000149011612
87.806,1.0,9.757347214573787,0.10000000149011612
87.854,1.0,9.784565419683027,0.10000000149011612
87.905,1.0,9.619986523336006,0.10000000149011612
87.958,1.0,9.647082849819627,0.10000000149011612
88.004,1.0,9.729602674022317,0.10000000149011612
88.055,1.0,9.784497428105936,0.10000000149011612
88.1,1.0,9.729710035398602,0.10000000149011612
88.154,1.0,9.866908440221515,0.10000000149011612
88.208,1.0,9.811997873832782,0.10000000149011612
88.256,1.0,9.784585922107928,0.10000000149011612
88.309,1.0,9.784627613487343,0.10000000149011612
88.355,1.0,9.729690373026662,0.10000000149011612
88.408,1.0,9.763786327155929,0.10000000149011612
88.454,1.0,9.81229249259664,0.10000000149011612
88.507,1.0,9.729596022288833,0.10000000149011612
88.563,1.0,9.674656801174084,0.10000000149011612
88.602,1.0,9.757034328352246,0.10000000149011612
88.657,1.0,9.812315434051884,0.10000000149011612
88.706,1.0,9.845908547668822,0.1091228798031807
88.764,1.0,9.70217263357093,0.10000000149011612
88.81,1.0,9.757027376898462,0.10000000149011612
88.861,1.0,9.708934161356753,0.10000000149011612
88.921,1.0,9.757218244920175,0.10000000149011612
88.96,1.0,9.674652769623531,0.10000000149011612
89.009,1.0,9.784685607461466,0.10000000149011612
89.06,1.0,9.81225924094518,0.10000000149011612
89.125,1.0,9.839457189188236,0.10000000149011612
89.159,1.0,9.619839936722483,0.10000000149011612
89.21,1.0,9.702388210739526,0.10000000149011612
89.259,1.0,9.729393328291675,0.10000000149011612
89.309,1.0,9.64748329460207,0.10000000149011612
89.36,1.0,9.757407605523865,0.10000000149011612
89.414,1.0,9.72966832636545,0.10000000149011612
89.46,1.0,9.65305538740423,0.10000000149011612
89.511,1.0,9.702417033331262,0.10000000149011612
89.56,1.0,9.729785996903148,0.10000000149011612
89.612,1.0,9.736348858599861,0.10000000149011612
89.668,1.0,9.68131136941827,0.10000000149011612
89.714,1.0,9.784409860873389,0.10000000149011612
89.763,1.0,9.757240720031161,0.10000000149011612
89.816,1.0,9.784642231795523,0.10000000149011612
89.866,1.0,9.701973867085245,0.10000000149011612
89.916,1.0,9.811994195419054,0.10000000149011612
89.965,1.0,9.674530746208298,0.10000000149011612
90.018,1.0,9.811955148809487,0.10000000149011612
90.071,1.0,9.784782706594301,0.10000000149011612
90.117,1.0,9.702329403720796,0.10000000149011612
90.166,1.0,9.812038789151444,0.10000000149011612
90.215,1.0,9.72959969519741,0.10000000149011612
90.263,1.0,9.757046668190096,0.10000000149011612
90.315,1.0,9.83950883069386,0.10000000149011612
90.365,1.0,9.784541152459052,0.10000000149011612
90.419,1.0,9.824540451665719,0.10000000149011612
90.468,1.0,9.818524696408874,0.10000000149011612
90.516,1.0,9.867091966068578,0.10000000149011612
90.571,1.0,9.736128161888983,0.10000000149011612
90.615,1.0,9.72955211819046,0.10000000149011612
90.669,1.0,9.729634573910799,0.10000000149011612
90.717,1.0,9.619737511169578,0.10000000149011612
90.769,1.0,9.620096389390529,0.10000000149011612
90.814,1.0,9.67475531279213,0.10000000149011612
90.868,1.0,9.83955772165209,0.10000000149011612
90.913,1.0,9.866948264982138,0.10000000149011612
90.965,1.0,9.839695863715477,0.10675087571144104
91.021,1.0,9.674721966000895,0.10000000149011612
91.067,1.0,9.70807969895088,0.10000000149011612
91.117,1.0,9.89462991685917,0.10000000149011612
91.167,1.0,9.653773877003955,0.10000000149011612
91.218,1.0,9.812183924309082,0.10000000149011612
91.265,1.0,9.757001419117053,0.10000000149011612
91.318,1.0,9.81225045186778,0.10000000149011612
91.367,1.0,9.791073654281597,0.10000000149011612
91.421,1.0,9.763476731483307,0.10000000149011612
91.467,1.0,9.784442880190909,0.10000000149011612
91.515,1.0,9.674646875779661,0.10000000149011612
91.573,1.0,9.894754984933469,0.13060879707336426
91.618,1.0,9.729936667904258,0.10000000149011612
91.668,1.0,9.818662194286784,0.10087428987026215
91.719,1.0,9.729765318147837,0.10000000149011612
91.77,1.0,9.674698455507556,0.10000000149011612
91.821,1.0,9.729889413093527,0.10000000149011612
91.87,1.0,9.812362359733218,0.10000000149011612
91.916,1.0,9.729827464040783,0.10000000149011612
91.97,1.0,9.867110805875726,0.10113410651683807
92.024,1.0,9.674874344944126,0.10000000149011612
92.07,1.0,9.61987904486143,0.10000000149011612
92.123,1.0,9.83954106107768,0.10000000149011612
92.174,1.0,9.674863487833903,0.10000000149011612
92.225,1.0,9.791351671558287,0.10000000149011612
92.283,1.0,9.702561319640113,0.10000000149011612
92.321,1.0,9.894510284542209,0.10000000149011612
92.373,1.0,9.845791185502376,0.10000000149011612
92.423,1.0,9.757092821370396,0.10000000149011612
92.474,1.0,9.839438483201794,0.10000000149011612
92.522,1.0,9.757008126978246,0.10000000149011612
92.572,1.0,9.729709432087839,0.10000000149011612
92.624,1.0,9.729747494931022,0.10000000149011612
92.681,1.0,9.839595550857485,0.10000000149011612
92.729,1.0,9.72976529772083,0.10000000149011612
92.784,1.0,9.784797509697576,0.10440871864557266
92.826,1.0,9.701974616179037,0.10000000149011612
92.872,1.0,9.78445945719464,0.10000000149011612
92.927,1.0,9.873526897964378,0.10399948060512543
92.975,1.0,9.702117198271056,0.10000000149011612
93.024,1.0,9.797433662911256,0.10000000149011612
93.074,1.0,9.564940086876353,0.10000000149011612
93.124,1.0,9.647582427288095,0.10000000149011612
93.173,1.0,9.756996321553986,0.10000000149011612
93.236,1.0,9.626118377058042,0.10000000149011612
93.285,1.0,9.867018715933794,0.11188960075378418
93.334,1.0,9.647398853798707,0.10000000149011612
93.385,1.0,9.708140521931151,0.10000000149011612
93.436,1.0,9.757054865029122,0.10000000149011612
93.486,1.0,9.818162010341055,0.10000000149011612
93.537,1.0,9.76341287412991,0.10000000149011612
93.596,1.0,9.708444433328179,0.10000000149011612
93.64,1.0,9.78458677134994,0.10000000149011612
93.694,1.0,9.867062903485364,0.10544489324092865
93.737,1.0,9.7908089020186,0.10000000149011612
93.786,1.0,9.702154985835982,0.10000000149011612
93.839,1.0,9.736034488967723,0.10000000149011612
93.9,1.0,9.784737846503655,0.10000000149011612
93.94,1.0,9.674736528926426,0.10000000149011612
93.988,1.0,9.702402294841077,0.10000000149011612
94.046,1.0,9.894540051971045,0.10000000149011612
94.09,1.0,9.757227846524781,0.10000000149011612
94.143,1.0,9.729597866017786,0.10000000149011612
94.191,1.0,9.681325355917215,0.10000000149011612
94.241,1.0,9.757113936895298,0.10000000149011612
94.295,1.0,9.83950941140453,0.10000000149011612
94.34,1.0,9.812018509726558,0.10000000149011612
94.393,1.0,9.866855721196366,0.10000000149011612
94.443,1.0,9.75718608196411,0.10000000149011612
94.494,1.0,9.729965580565233,0.10000000149011612
94.54,1.0,9.89447198756453,0.10935678333044052
94.59,1.0,9.812199513924618,0.10000000149011612
94.645,1.0,9.729547138491439,0.10000000149011612
94.69,1.0,9.757153114635084,0.10000000149011612
94.742,1.0,9.79072359862427,0.10000000149011612
94.792,1.0,9.619999227403767,0.10000000149011612
94.845,1.0,9.729582977729539,0.10000000149011612
94.901,1.0,9.894346131756901,0.10000000149011612
94.94,1.0,9.701968876934714,0.10000000149011612
94.995,1.0,9.818295499082241,0.10000000149011612
95.04,1.0,9.702029544963604,0.10000000149011612
95.09,1.0,9.763359940817786,0.10000000149011612
95.142,1.0,9.702221333752904,0.10000000149011612
95.195,1.0,9.811840918722252,0.10000000149011612
95.241,1.0,9.784680774414705,0.10000000149011612
95.298,1.0,9.756966014537547,0.10000000149011612
95.341,1.0,9.76364065816419,0.10000000149011612
95.389,1.0,9.757071878264348,0.10000000149011612
95.441,1.0,9.510213758154876,0.10000000149011612
95.489,1.0,9.763527947229644,0.10000000149011612
95.546,1.0,9.67468421254307,0.10000000149011612
95.589,1.0,9.59227236939801,0.10000000149011612
95.647,1.0,9.67490136368821,0.10000000149011612
95.691,1.0,9.791222220121158,0.10000000149011612
95.744,1.0,9.65353120946222,0.10000000149011612
95.792,1.0,9.647179435628155,0.10000000149011612
95.85,1.0,9.812004221851627,0.10000000149011612
95.891,1.0,9.839417374982602,0.10000000149011612
95.942,1.0,9.75729343905631,0.10000000149011612
95.99,1.0,9.757014237344265,0.10000000149011612
96.041,1.0,9.647444379805691,0.10000000149011612
96.091,1.0,9.784507767048975,0.10000000149011612
96.146,1.0,9.729651961765356,0.10000000149011612
96.189,1.0,9.7082725258958,0.10000000149011612
96.241,1.0,9.784811946190894,0.10000000149011612
96.291,1.0,9.78474198585997,0.10000000149011612
96.34,1.0,9.81201610966689,0.10000000149011612
96.388,1.0,9.674748850779402,0.10000000149011612
96.44,1.0,9.790667681126958,0.10000000149011612
96.488,1.0,9.702317134249542,0.10000000149011612
96.539,1.0,9.812095764507022,0.10000000149011612
96.593,1.0,9.811939138981204,0.10000000149011612
96.64,1.0,9.812122160299785,0.10000000149011612
96.689,1.0,9.75707370661613,0.10000000149011612
96.74,1.0,9.729797714224292,0.10000000149011612
96.791,1.0,9.674611207159858,0.10000000149011612
96.841,1.0,9.763148228306736,0.10000000149011612
96.888,1.0,9.729953522711165,0.10000000149011612
96.943,1.0,9.647369287535549,0.10000000149011612
96.99,1.0,9.763416960380143,0.10000000149011612
97.041,1.0,9.653633940737281,0.10000000149011612
97.1,1.0,9.592464553875228,0.10000000149011612
97.156,1.0,9.647613838811715,0.10000000149011612
97.201,1.0,9.784528125760456,0.10000000149011612
97.249,1.0,9.921834279038013,0.1051701083779335
97.3,1.0,9.784769505096806,0.10000000149011612
97.349,1.0,9.756984540385504,0.10000000149011612
97.398,1.0,9.702393606988093,0.10000000149011612
97.448,1.0,9.6744791922056,0.10000000149011612
97.497,1.0,9.70266067147669,0.10000000149011612
97.551,1.0,9.674510091977815,0.10000000149011612
97.6,1.0,9.812241719476878,0.10000000149011612
97.65,1.0,9.482473711669446,0.10000000149011612
97.701,1.0,9.839557932876051,0.10000000149011612
97.751,1.0,9.674612671716346,0.10000000149011612
97.803,1.0,9.812048512924877,0.10000000149011612
97.849,1.0,9.729878196140959,0.10000000149011612
97.9,1.0,9.729597205668687,0.10000000149011612
97.949,1.0,9.757256136441397,0.10000000149011612
98.001,1.0,9.839795525723861,0.10000000149011612
98.05,1.0,9.812030783481896,0.10000000149011612
98.093,1.0,9.784786530190871,0.10000000149011612
98.15,1.0,9.729491760767996,0.10000000149011612
98.2,1.0,9.729606412247652,0.10000000149011612
98.253,1.0,9.784603836118347,0.10000000149011612
98.302,1.0,9.873217359723316,0.10000000149011612
98.353,1.0,9.867017099344068,0.10000000149011612
98.4,1.0,9.647487913589512,0.10000000149011612
98.454,1.0,9.675025783748262,0.10000000149011612
98.516,1.0,9.78458591832055,0.10000000149011612
98.553,1.0,9.763876958336267,0.10000000149011612
98.601,1.0,9.922015567993125,0.11519207060337067
98.653,1.0,9.75731238776611,0.10000000149011612
98.713,1.0,9.702224095248514,0.10000000149011612
98.752,1.0,9.729628398745424,0.10000000149011612
98.801,1.0,9.83950545831273,0.10000000149011612
98.853,1.0,9.811994017929667,0.10000000149011612
98.904,1.0,9.653747893248996,0.10000000149011612
98.952,1.0,9.757355535195934,0.10000000149011612
99.0,1.0,9.791205608699885,0.10000000149011612
99.052,1.0,9.646965124727123,0.10000000149011612
99.107,1.0,9.812234612657791,0.10000000149011612
99.152,1.0,9.797483473995493,0.10000000149011612
99.208,1.0,9.735892228740784,0.10000000149011612
99.259,1.0,9.680651068542566,0.10000000149011612
99.308,1.0,9.839677273523476,0.10000000149011612
99.358,1.0,9.769593809979657,0.10000000149011612
99.408,1.0,9.839553732507758,0.10000000149011612
99.457,1.0,9.839493231227001,0.10000000149011612
99.507,1.0,9.839650246728626,0.10000000149011612
99.557,1.0,9.81202555625803,0.10000000149011612
99.609,1.0,9.735844689483445,0.10000000149011612
99.661,1.0,9.702147935123907,0.10000000149011612
99.707,1.0,9.763131054842638,0.10000000149011612
99.763,1.0,9.812018146200312,0.10000000149011612
99.809,1.0,9.812042491489814,0.10000000149011612
99.86,1.0,9.839630957651469,0.10000000149011612
99.914,1.0,9.680621330750485,0.10000000149011612
99.963,1.0,9.67473678123206,0.10000000149011612
100.013,1.0,9.70224194628083,0.10000000149011612
100.061,1.0,9.867061598454084,0.10000000149011612
100.115,1.0,9.784532196447254,0.10000000149011612
100.165,1.0,9.83956113766051,0.10000000149011612
100.213,1.0,9.757030878692037,0.10000000149011612
100.265,1.0,9.714895137813356,0.10000000149011612
100.331,1.0,9.763541089225974,0.10000000149011612
100.364,1.0,9.839459671018025,0.10000000149011612
100.428,1.0,9.839500384363863,0.10000000149011612
100.466,1.0,9.702401782406701,0.10000000149011612
100.518,1.0,9.708540287841526,0.10000000149011612
100.568,1.0,9.839522980712355,0.10000000149011612
100.602,1.0,9.812005199657547,0.10000000149011612
100.668,1.0,9.674809806235135,0.10000000149011612
100.714,1.0,9.757245257496834,0.10000000149011612
100.767,1.0,9.784674702419174,0.10000000149011612
100.814,1.0,9.812036111702522,0.10000000149011612
100.867,1.0,9.729607111256984,0.10000000149011612
100.924,1.0,9.70844812237968,0.10000000149011612
100.966,1.0,9.757334992848337,0.10000000149011612
101.019,1.0,9.818741168640553,0.10000000149011612
101.067,1.0,9.72966353882932,0.10000000149011612
101.119,1.0,9.72970928578741,0.10000000149011612
101.171,1.0,9.53729169693672,0.10000000149011612
101.223,1.0,9.674684413149953,0.10000000149011612
101.271,1.0,9.867092871086465,0.10000000149011612
101.322,1.0,9.812003124732938,0.10000000149011612
101.374,1.0,9.7636574678123,0.10000000149011612
101.42,1.0,9.702176219763027,0.10000000149011612
101.468,1.0,9.784564576380783,0.10000000149011612
101.523,1.0,9.757007051486935,0.10000000149011612
101.572,1.0,9.81195080185102,0.10000000149011612
101.622,1.0,9.83940150267962,0.10000000149011612
101.672,1.0,9.729510388254292,0.10000000149011612
101.723,1.0,9.708735202025208,0.10000000149011612
101.78,1.0,9.702290072830188,0.10000000149011612
101.82,1.0,9.784604956147572,0.10000000149011612
101.872,1.0,9.702259045487477,0.10000000149011612
101.921,1.0,9.7846174682594,0.10000000149011612
101.971,1.0,9.78441524391787,0.10000000149011612
102.019,1.0,9.674887389751772,0.10000000149011612
102.072,1.0,9.784614596909119,0.10000000149011612
102.122,1.0,9.729776971456078,0.10000000149011612
102.17,1.0,9.70854221234719,0.10000000149011612
102.221,1.0,9.757244995484749,0.10000000149011612
102.272,1.0,9.86683809813112,0.10000000149011612
102.323,1.0,9.646858070707983,0.10000000149011612
102.372,1.0,9.812002852517697,0.10000000149011612
102.426,1.0,9.867010999429557,0.10000000149011612
102.47,1.0,9.757130390964448,0.10000000149011612
102.525,1.0,9.784479908458888,0.10000000149011612
102.57,1.0,9.811897241427667,0.10000000149011612
102.625,1.0,9.674440294980174,0.10000000149011612
102.671,1.0,9.619884201221996,0.10000000149011612
102.72,1.0,9.757252894010808,0.10000000149011612
102.772,1.0,9.839604272465738,0.10000000149011612
102.82,1.0,9.708354307421379,0.10000000149011612
102.87,1.0,9.784526615444985,0.10000000149011612
102.924,1.0,9.757397513029476,0.10000000149011612
102.97,1.0,9.73628511544731,0.10000000149011612
103.022,1.0,9.653484492852456,0.10000000149011612
103.075,1.0,9.812235409642259,0.10000000149011612
103.124,1.0,9.72976028488742,0.10000000149011612
103.171,1.0,9.756849474108053,0.10000000149011612
103.22,1.0,9.9219116491783,0.10000000149011612
103.272,1.0,9.701983629477521,0.10000000149011612
103.327,1.0,9.729806040041149,0.10000000149011612
103.378,1.0,9.812092732658817,0.10000000149011612
103.423,1.0,9.674599462333653,0.10000000149011612
103.471,1.0,9.894464350243409,0.130000501871109
103.524,1.0,9.811935974574752,0.10000000149011612
103.575,1.0,9.674592653496397,0.10000000149011612
103.623,1.0,9.54365733416958,0.10000000149011612
103.673,1.0,9.763695924501452,0.10000000149011612
103.725,1.0,9.784456538057162,0.10000000149011612
103.777,1.0,9.729851245590382,0.10000000149011612
103.823,1.0,9.757101935934688,0.10000000149011612
103.877,1.0,9.784507310618128,0.10000000149011612
103.935,1.0,9.839588285547991,0.10000000149011612
103.974,1.0,9.619838607083592,0.10000000149011612
104.023,1.0,9.811818525919485,0.10000000149011612
104.08,1.0,9.647236709917586,0.10000000149011612
104.125,1.0,9.592456464448738,0.10000000149011612
104.175,1.0,9.78463341018392,0.10000000149011612
104.224,1.0,9.674805241098834,0.10000000149011612
104.273,1.0,9.674900565875902,0.10000000149011612
104.323,1.0,9.681122597782975,0.10000000149011612
104.375,1.0,9.674839583701557,0.10000000149011612
104.422,1.0,9.702234292382167,0.10000000149011612
104.473,1.0,9.674879335860412,0.10000000149011612
104.526,1.0,9.674639017341866,0.10000000149011612
104.581,1.0,9.845706780958507,0.10000000149011612
104.629,1.0,9.701908430436418,0.10000000149011612
104.679,1.0,9.756969414258169,0.10000000149011612
104.73,1.0,9.647337975394395,0.10000000149011612
104.777,1.0,9.818475180243452,0.10000000149011612
104.823,1.0,9.64740446580367,0.10000000149011612
104.877,1.0,9.757150550517771,0.10000000149011612
104.927,1.0,9.729612824962372,0.10000000149011612
104.983,1.0,9.702381538641122,0.10000000149011612
105.027,1.0,9.790988589947423,0.10000000149011612
105.076,1.0,9.784394069222941,0.10000000149011612
105.127,1.0,9.674741705569128,0.10000000149011612
105.185,1.0,9.756975091331535,0.10000000149011612
105.229,1.0,9.784530807596942,0.10000000149011612
105.287,1.0,9.8395824038941,0.10000000149011612
105.33,1.0,9.647514246197211,0.10000000149011612
105.392,1.0,9.784467790793213,0.10000000149011612
105.431,1.0,9.708852048094075,0.10000000149011612
105.48,1.0,9.867144044612845,0.10000000149011612
105.531,1.0,9.729809115620123,0.10000000149011612
105.58,1.0,9.763465611305502,0.10000000149011612
105.63,1.0,9.812145550797384,0.10000000149011612
105.681,1.0,9.757290798425675,0.10000000149011612
105.739,1.0,9.660229885929988,0.10000000149011612
105.784,1.0,9.7848370452308,0.10000000149011612
105.831,1.0,9.702239418961108,0.10000000149011612
105.884,1.0,9.922092595261832,0.1125311478972435
105.932,1.0,9.784702589445644,0.10000000149011612
105.983,1.0,9.81198881920427,0.10000000149011612
106.03,1.0,9.83966227641536,0.10000000149011612
106.083,1.0,9.784684062128266,0.10000000149011612
106.13,1.0,9.7572207937431,0.10000000149011612
106.182,1.0,9.619761254886786,0.10000000149011612
106.246,1.0,9.763411211574244,0.10000000149011612
106.288,1.0,9.839568175478941,0.10259010642766953
106.334,1.0,9.70859769201941,0.10000000149011612
106.39,1.0,9.70209194643216,0.10000000149011612
106.433,1.0,9.921849750416975,0.10000000149011612
106.485,1.0,9.592130456119776,0.10000000149011612
106.534,1.0,9.735976134509675,0.10000000149011612
106.583,1.0,9.729479974735941,0.10000000149011612
106.639,1.0,9.812241185725563,0.10000000149011612
106.685,1.0,9.84584542626722,0.10000000149011612
106.732,1.0,9.61970160500043,0.10000000149011612
106.789,1.0,9.75721875950694,0.10000000149011612
106.836,1.0,9.757156889533832,0.10000000149011612
106.887,1.0,9.592548259678814,0.10000000149011612
106.937,1.0,9.757448534688187,0.10000000149011612
106.987,1.0,9.7295591250062,0.10000000149011612
107.035,1.0,9.647015478399892,0.10000000149011612
107.086,1.0,9.790736128886541,0.10000000149011612
107.137,1.0,9.78479557407813,0.10000000149011612
107.187,1.0,9.702023979048763,0.10000000149011612
107.236,1.0,9.537445985712111,0.10000000149011612
107.293,1.0,9.75720460191369,0.10000000149011612
107.335,1.0,9.784561384407182,0.10000000149011612
107.39,1.0,9.757109650617672,0.10000000149011612
107.434,1.0,9.632847437283232,0.10000000149011612
107.489,1.0,9.736204678275518,0.10000000149011612
107.537,1.0,9.70230734532492,0.10000000149011612
107.585,1.0,9.702173929226895,0.10000000149011612
107.631,1.0,9.812180550272267,0.10000000149011612
107.685,1.0,9.784616975858807,0.10000000149011612
107.736,1.0,9.839608999258942,0.10000000149011612
107.789,1.0,9.839471673717101,0.10000000149011612
107.837,1.0,9.708709588088094,0.10000000149011612
107.889,1.0,9.839531535137858,0.10000000149011612
107.938,1.0,9.70235737464908,0.10000000149011612
107.989,1.0,9.763401237916614,0.10000000149011612
108.037,1.0,9.757354594373869,0.10000000149011612
108.087,1.0,9.647377499606874,0.10000000149011612
108.136,1.0,9.702309898142186,0.10000000149011612
108.194,1.0,9.735676321801211,0.10000000149011612
108.237,1.0,9.812097269131078,0.10000000149011612
108.29,1.0,9.757319257925783,0.10000000149011612
108.355,1.0,9.729987973637051,0.10000000149011612
108.386,1.0,9.674898196115262,0.10000000149011612
108.435,1.0,9.83964311459826,0.10000000149011612
108.487,1.0,9.674796459823847,0.10000000149011612
108.535,1.0,9.89449718993985,0.10000000149011612
108.586,1.0,9.75721991536104,0.10000000149011612
108.638,1.0,9.812013543645541,0.10000000149011612
108.688,1.0,9.702137030495537,0.10000000149011612
108.752,1.0,9.756919152413806,0.10000000149011612
108.788,1.0,9.592638145076732,0.10000000149011612
108.841,1.0,9.729559884820548,0.10000000149011612
108.889,1.0,9.756990290329687,0.10000000149011612
108.94,1.0,9.729832627251744,0.10000000149011612
108.989,1.0,9.681368194603257,0.10000000149011612
109.038,1.0,9.811953781731427,0.10000000149011612
109.089,1.0,9.790900952451759,0.10000000149011612
109.141,1.0,9.784564728765853,0.10000000149011612
109.19,1.0,9.818237444717024,0.10000000149011612
109.24,1.0,9.812255976142154,0.10000000149011612
109.29,1.0,9.742426882994671,0.10000000149011612
109.34,1.0,9.729533609851368,0.10000000149011612
109.396,1.0,9.70216143315451,0.10000000149011612
109.44,1.0,9.784597648659513,0.10000000149011612
109.498,1.0,9.76983357709315,0.10000000149011612
109.541,1.0,9.79113589734253,0.10000000149011612
109.589,1.0,9.901047040894628,0.10000000149011612
109.65,1.0,9.784645192863213,0.10000000149011612
109.69,1.0,9.784705715171166,0.10000000149011612
109.741,1.0,9.736266535292897,0.10000000149011612
109.791,1.0,9.812046483469507,0.10000000149011612
109.839,1.0,9.729830475027363,0.10000000149011612
109.897,1.0,9.647429237928655,0.10000000149011612
109.939,1.0,9.654107995827992,0.10000000149011612
109.992,1.0,9.570956857316196,0.10000000149011612
110.039,1.0,9.757389272273414,0.10000000149011612
110.097,1.0,9.702451267279685,0.10000000149011612
110.145,1.0,9.660288269383212,0.10000000149011612
110.206,1.0,9.701984290571676,0.10000000149011612
110.245,1.0,9.73001460145331,0.10000000149011612
110.29,1.0,9.78460316086809,0.10000000149011612
110.348,1.0,9.674628263898194,0.10000000149011612
110.404,1.0,9.812115421684252,0.10000000149011612
110.448,1.0,9.702070799842478,0.10000000149011612
110.496,1.0,9.757010350645416,0.10000000149011612
110.547,1.0,9.811828443573582,0.10000000149011612
110.597,1.0,9.702745502752562,0.10000000149011612
110.648,1.0,9.730015925856101,0.10000000149011612
110.697,1.0,9.70216427884168,0.10000000149011612
110.748,1.0,9.756947613631686,0.10000000149011612
110.797,1.0,9.626342627592384,0.10000000149011612
110.848,1.0,9.757238708995283,0.10000000149011612
110.902,1.0,9.784764192915626,0.10000000149011612
110.948,1.0,9.839577551662094,0.10000000149011612
111.003,1.0,9.59238814001696,0.10000000149011612
111.048,1.0,9.839354265812371,0.10000000149011612
111.097,1.0,9.757213916091455,0.10000000149011612
111.147,1.0,9.867054208575023,0.10000000149011612
111.2,1.0,9.8119940156531,0.10000000149011612
111.248,1.0,9.681445119861099,0.10000000149011612
111.298,1.0,9.702260086126625,0.10000000149011612
111.348,1.0,9.70851638066686,0.10000000149011612
111.398,1.0,9.681495462958184,0.10000000149011612
111.451,1.0,9.757158327454494,0.10000000149011612
111.498,1.0,9.866985064413813,0.10638008266687393
111.553,1.0,9.674727146637936,0.10000000149011612
111.598,1.0,9.812110283950137,0.10000000149011612
111.657,1.0,9.681229858948953,0.10000000149011612
111.703,1.0,9.619704862684012,0.10000000149011612
111.752,1.0,9.757270601164135,0.10000000149011612
111.804,1.0,9.701942949328158,0.10000000149011612
111.854,1.0,9.708071418686046,0.10000000149011612
111.904,1.0,9.839569254157444,0.10000000149011612
111.953,1.0,9.64740255323963,0.10000000149011612
112.005,1.0,9.757105145810378,0.10000000149011612
112.06,1.0,9.75690927778681,0.10000000149011612
112.103,1.0,9.70216606228302,0.10000000149011612
112.156,1.0,9.708659318192966,0.10000000149011612
112.206,1.0,9.681219741453727,0.10000000149011612
112.259,1.0,9.757187227325307,0.10000000149011612
112.307,1.0,9.757058397825393,0.10000000149011612
112.368,1.0,9.763450926480195,0.10000000149011612
112.408,1.0,9.674850748831199,0.10000000149011612
112.456,1.0,9.812048882742722,0.10000000149011612
112.509,1.0,9.674793357505566,0.10000000149011612
112.557,1.0,9.756939342059194,0.10000000149011612
112.612,1.0,9.78484979276028,0.10000000149011612
112.66,1.0,9.756966092810035,0.10000000149011612
112.709,1.0,9.67504548875408,0.10000000149011612
112.758,1.0,9.784531058474547,0.10000000149011612
112.814,1.0,9.839557062937981,0.10000000149011612
112.86,1.0,9.83975936455859,0.10000000149011612
112.909,1.0,9.75714470009423,0.10000000149011612
112.963,1.0,9.78445423754553,0.10000000149011612
113.009,1.0,9.702528402292065,0.10000000149011612
113.059,1.0,9.72987607249783,0.10000000149011612
113.112,1.0,9.784597662132647,0.10000000149011612
113.16,1.0,9.900887316051456,0.11472557485103607
113.213,1.0,9.72955744680431,0.10000000149011612
113.266,1.0,9.674924031789931,0.10000000149011612
113.313,1.0,9.653421623942753,0.10000000149011612
113.364,1.0,9.78461577842633,0.10000000149011612
113.415,1.0,9.674758009053766,0.10000000149011612
113.462,1.0,9.735866065261265,0.10000000149011612
113.511,1.0,9.736068346972267,0.10000000149011612
113.574,1.0,9.839554124056464,0.10000000149011612
113.615,1.0,9.674545336266359,0.10000000149011612
113.665,1.0,9.83940182471027,0.10000000149011612
113.714,1.0,9.784663380641076,0.10000000149011612
113.764,1.0,9.702160124749772,0.10000000149011612
113.814,1.0,9.72963713771767,0.10000000149011612
113.863,1.0,9.702468302100897,0.10000000149011612
113.922,1.0,9.674941957203878,0.10000000149011612
113.965,1.0,9.866971027333703,0.10000000149011612
114.021,1.0,9.839314095717338,0.10000000149011612
114.065,1.0,9.757129756154285,0.10000000149011612
114.115,1.0,9.784687535506155,0.10000000149011612
114.166,1.0,9.839626335207786,0.10000000149011612
114.215,1.0,9.867121258522902,0.10000000149011612
114.266,1.0,9.78478562210997,0.10000000149011612
114.318,1.0,9.735867630028062,0.10000000149011612
114.367,1.0,9.89464651449687,0.10000000149011612
114.415,1.0,9.653566165806518,0.10000000149011612
114.468,1.0,9.763457812451653,0.10000000149011612
114.514,1.0,9.7571443952827,0.10000000149011612
114.571,1.0,9.729736776422296,0.10000000149011612
114.618,1.0,9.784530358264844,0.10000000149011612
114.663,1.0,9.763690339153012,0.10000000149011612
114.716,1.0,9.736338908970357,0.10000000149011612
114.765,1.0,9.757084507122636,0.10000000149011612
114.814,1.0,9.922013594044579,0.1423807144165039
114.869,1.0,9.769933167762227,0.10000000149011612
114.916,1.0,9.757229683113595,0.10000000149011612
114.968,1.0,9.729753016411431,0.10000000149011612
115.016,1.0,9.729290717322794,0.10000000149011612
115.069,1.0,9.729747644190986,0.10000000149011612
115.117,1.0,9.76309660791109,0.10000000149011612
115.168,1.0,9.784546636707253,0.10000000149011612
115.217,1.0,9.812180381723577,0.10000000149011612
115.273,1.0,9.784612267236742,0.10000000149011612
115.321,1.0,9.647173682517476,0.10000000149011612
115.367,1.0,9.757065456857283,0.10000000149011612
115.418,1.0,9.867112813703717,0.10000000149011612
115.469,1.0,9.784712013519473,0.10000000149011612
115.519,1.0,9.674659526803428,0.10000000149011612
115.568,1.0,9.702462372701202,0.10000000149011612
115.62,1.0,9.839539158013132,0.10000000149011612
115.668,1.0,9.729420323297381,0.10000000149011612
115.718,1.0,9.812067585583362,0.10000000149011612
115.768,1.0,9.839537711151772,0.10000000149011612
115.822,1.0,9.680923675642246,0.10000000149011612
115.872,1.0,9.729773937227826,0.10000000149011612
115.923,1.0,9.784462540638115,0.10000000149011612
115.965,1.0,9.619841984121337,0.10000000149011612
116.024,1.0,9.846204208148022,0.10000000149011612
116.085,1.0,9.64761570331951,0.10000000149011612
116.126,1.0,9.812171777399877,0.10000000149011612
116.174,1.0,9.763722727840973,0.10000000149011612
116.224,1.0,9.839533195955058,0.10000000149011612
116.276,1.0,9.839804936428036,0.10000000149011612
116.329,1.0,9.729662665621275,0.10000000149011612
116.374,1.0,9.83946258990715,0.10000000149011612
116.432,1.0,9.784488422320122,0.10000000149011612
116.473,1.0,9.72965476308018,0.10000000149011612
116.523,1.0,9.839323156223529,0.10000000149011612
116.58,1.0,9.702226151029269,0.10000000149011612
116.625,1.0,9.78464483846393,0.10000000149011612
116.678,1.0,9.681180502639876,0.10000000149011612
116.728,1.0,9.73624082342204,0.10000000149011612
116.782,1.0,9.784590928111639,0.10000000149011612
116.831,1.0,9.735923126753834,0.10000000149011612
116.88,1.0,9.674750650405056,0.10000000149011612
116.93,1.0,9.811867577582598,0.10000000149011612
116.979,1.0,9.67449634977513,0.10000000149011612
117.03,1.0,9.702417492473291,0.10000000149011612
117.084,1.0,9.79080225430015,0.10000000149011612
117.137,1.0,9.70860720872879,0.10000000149011612
117.184,1.0,9.812192269973457,0.10000000149011612
117.232,1.0,9.729650077906747,0.10000000149011612
117.283,1.0,9.839609568566084,0.10000000149011612
117.333,1.0,9.702512392836313,0.10000000149011612
117.386,1.0,9.647205953362088,0.10000000149011612
117.432,1.0,9.873207639364733,0.10000000149011612
117.489,1.0,9.757214748176436,0.10000000149011612
117.541,1.0,9.702206541577148,0.10000000149011612
117.582,1.0,9.839605832368964,0.10000000149011612
117.633,1.0,9.839547059829865,0.10000000149011612
117.682,1.0,9.687360144427252,0.10000000149011612
117.733,1.0,9.811973518340125,0.10000000149011612
117.783,1.0,9.784580904100505,0.10000000149011612
117.832,1.0,9.729778811376956,0.10000000149011612
117.884,1.0,9.75710129348768,0.10000000149011612
117.933,1.0,9.702370104793873,0.10000000149011612
117.984,1.0,9.79090290882935,0.10000000149011612
118.033,1.0,9.812113407875101,0.10000000149011612
118.089,1.0,9.729850457981229,0.10000000149011612
118.137,1.0,9.647753584964407,0.10000000149011612
118.19,1.0,9.680993271039592,0.10000000149011612
118.238,1.0,9.729704308054513,0.10000000149011612
118.299,1.0,9.757265804356171,0.10000000149011612
118.338,1.0,9.784645935644706,0.10000000149011612
118.387,1.0,9.70865199636254,0.10000000149011612
118.437,1.0,9.729773001931608,0.10000000149011612
118.486,1.0,9.70234796013683,0.10000000149011612
118.535,1.0,9.812084848495822,0.10000000149011612
118.586,1.0,9.784414591992068,0.10000000149011612
118.646,1.0,9.729459009774857,0.10000000149011612
118.694,1.0,9.674760460336175,0.10000000149011612
118.742,1.0,9.680906324171358,0.10000000149011612
118.791,1.0,9.674833941770096,0.10000000149011612
118.846,1.0,9.647183065157797,0.10000000149011612
118.893,1.0,9.6750121616241,0.10000000149011612
118.945,1.0,9.647353203284244,0.10000000149011612
118.991,1.0,9.784895571238465,0.10000000149011612
119.047,1.0,9.708339498502513,0.10000000149011612
119.097,1.0,9.784649293579989,0.10000000149011612
119.142,1.0,9.769766686194473,0.10000000149011612
119.195,1.0,9.680850854329766,0.10000000149011612
119.242,1.0,9.812212414232393,0.10000000149011612
119.294,1.0,9.729482522048055,0.10000000149011612
119.343,1.0,9.818467058324151,0.10000000149011612
119.393,1.0,9.83946890572293,0.10000000149011612
119.442,1.0,9.81212478623622,0.10000000149011612
119.494,1.0,9.872961619496346,0.10000000149011612
119.543,1.0,9.736214836376408,0.10000000149011612
119.596,1.0,9.729523809171384,0.10000000149011612
119.645,1.0,9.702181575447321,0.10000000149011612
119.695,1.0,9.81197546629442,0.10000000149011612
119.756,1.0,9.867190720823904,0.10000000149011612
119.795,1.0,9.674789813947346,0.10000000149011612
119.846,1.0,9.730174186080694,0.10000000149011612
119.896,1.0,9.729684245255259,0.10000000149011612
119.945,1.0,9.866886399644944,0.10000000149011612
119.996,1.0,9.811992707641588,0.10013177990913391
120.04,1.0,9.680901134945453,0.10000000149011612
120.096,1.0,9.87316173163967,0.10000000149011612
120.149,1.0,9.64735513995919,0.10000000149011612
120.196,1.0,9.647221561728252,0.10000000149011612
120.245,1.0,9.647149090593059,0.10000000149011612
120.294,1.0,9.784705097994042,0.10000000149011612
120.346,1.0,9.89452082566503,0.10000000149011612
120.401,1.0,9.757209395224022,0.10000000149011612
120.451,1.0,9.73581604142156,0.10000000149011612
120.502,1.0,9.86700294247518,0.10000000149011612
120.552,1.0,9.811967225993673,0.10000000149011612
120.602,1.0,9.784516606252227,0.10000000149011612
120.654,1.0,9.757111110765901,0.10000000149011612
120.701,1.0,9.702389749243027,0.10000000149011612
120.753,1.0,9.681306495248444,0.10000000149011612
120.801,1.0,9.67464203197095,0.10000000149011612
120.852,1.0,9.873572443363567,0.10000000149011612
120.913,1.0,9.83969171003749,0.10295458137989044
120.953,1.0,9.647599682315356,0.10000000149011612
121.003,1.0,9.736116779864663,0.10000000149011612
121.052,1.0,9.784691759198903,0.10000000149011612
121.106,1.0,9.674570269903375,0.10000000149011612
121.153,1.0,9.701913387431867,0.10000000149011612
121.205,1.0,9.702511159703135,0.10000000149011612
121.254,1.0,9.729826019145548,0.10000000149011612
121.302,1.0,9.839383309168948,0.10000000149011612
121.354,1.0,9.839543517099486,0.10000000149011612
121.406,1.0,9.592414246044225,0.10000000149011612
121.454,1.0,9.757460551150142,0.10000000149011612
121.504,1.0,9.769987307199173,0.10000000149011612
121.553,1.0,9.701986722151439,0.10000000149011612
121.605,1.0,9.619949236491488,0.10000000149011612
121.654,1.0,9.866932225641277,0.10000000149011612
121.711,1.0,9.702054734941985,0.10000000149011612
121.754,1.0,9.763286875478096,0.10000000149011612
121.814,1.0,9.736178253984285,0.10000000149011612
121.857,1.0,9.53760839564105,0.10000000149011612
121.903,1.0,9.867174622623457,0.10000000149011612
121.957,1.0,9.83945346035891,0.10000000149011612
122.011,1.0,9.702273253082401,0.10000000149011612
122.065,1.0,9.839425905379985,0.10000000149011612
122.11,1.0,9.674845079767207,0.10000000149011612
122.165,1.0,9.921924512522915,0.11013446003198624
122.209,1.0,9.729752610851493,0.10000000149011612
122.275,1.0,9.811820552229053,0.10000000149011612
122.317,1.0,9.84602258981516,0.10000000149011612
122.364,1.0,9.8670020594779,0.10000000149011612
122.419,1.0,9.73000409220242,0.10000000149011612
122.471,1.0,9.784527967435618,0.10000000149011612
122.518,1.0,9.784726155528592,0.10000000149011612
122.57,1.0,9.729861452347702,0.10000000149011612
122.62,1.0,9.729885265686447,0.10000000149011612
122.671,1.0,9.757158982733058,0.10000000149011612
122.721,1.0,9.763480835097532,0.10000000149011612
122.773,1.0,9.647400357180999,0.10000000149011612
122.822,1.0,9.72976867887709,0.10000000149011612
122.872,1.0,9.757098873187271,0.10000000149011612
122.923,1.0,9.75712152911971,0.10000000149011612
122.974,1.0,9.81220915954974,0.10000000149011612
123.024,1.0,9.76345383628375,0.10000000149011612
123.071,1.0,9.67474596682522,0.10000000149011612
123.123,1.0,9.78477669229938,0.10000000149011612
123.176,1.0,9.867065258531106,0.10000000149011612
123.228,1.0,9.64743455807782,0.10000000149011612
123.279,1.0,9.756934580641488,0.10000000149011612
123.327,1.0,9.735815925544335,0.10000000149011612
123.378,1.0,9.811986771288018,0.10000000149011612
123.429,1.0,9.83976008426398,0.10000000149011612
123.484,1.0,9.72979789506644,0.10000000149011612
123.533,1.0,9.757394879145755,0.10000000149011612
123.583,1.0,9.894518074207008,0.10000000149011612
123.633,1.0,9.701953797642556,0.10000000149011612
123.689,1.0,9.70249022870428,0.10000000149011612
123.735,1.0,9.818488016041616,0.10000000149011612
123.787,1.0,9.762974655276372,0.10000000149011612
123.839,1.0,9.674743431889349,0.10000000149011612
123.885,1.0,9.757193362278242,0.10000000149011612
123.938,1.0,9.729860392606092,0.10000000149011612
123.986,1.0,9.702302682627407,0.10000000149011612
124.041,1.0,9.81206190261162,0.10000000149011612
124.088,1.0,9.702180606044001,0.10000000149011612
124.143,1.0,9.784661598731246,0.10000000149011612
124.188,1.0,9.839532290026545,0.10000000149011612
124.236,1.0,9.70221575970451,0.10000000149011612
124.29,1.0,9.757123060483071,0.10000000149011612
124.337,1.0,9.784889610173801,0.10000000149011612
124.388,1.0,9.729634921728737,0.10000000149011612
124.438,1.0,9.756967896285156,0.10000000149011612
124.491,1.0,9.647263695113361,0.10000000149011612
124.546,1.0,9.78483947629316,0.10000000149011612
124.589,1.0,9.812053825913203,0.10000000149011612
124.642,1.0,9.729689707379375,0.10000000149011612
124.69,1.0,9.619619585159752,0.10000000149011612
124.746,1.0,9.708478603656921,0.10000000149011612
124.785,1.0,9.757058488080899,0.10000000149011612
124.839,1.0,9.812052090652287,0.10000000149011612
124.89,1.0,9.729992604297069,0.10000000149011612
124.941,1.0,9.736135058498217,0.10000000149011612
124.991,1.0,9.72968820730845,0.10000000149011612
125.04,1.0,9.791131397522985,0.10000000149011612
125.097,1.0,9.592431475842993,0.10000000149011612
125.14,1.0,9.647297096831931,0.10000000149011612
125.192,1.0,9.598623928965793,0.10000000149011612
125.243,1.0,9.756868045445945,0.10000000149011612
125.291,1.0,9.653973898291587,0.10000000149011612
125.344,1.0,9.87322121794439,0.10000000149011612
125.392,1.0,9.674654893328746,0.10000000149011612
125.44,1.0,9.812476374477976,0.10000000149011612
125.491,1.0,9.784584098847375,0.10000000149011612
125.541,1.0,9.784472193403376,0.10000000149011612
125.595,1.0,9.784628757420514,0.10000000149011612
125.641,1.0,9.81232062826554,0.10000000149011612
125.691,1.0,9.729854755683078,0.10000000149011612
125.746,1.0,9.796970116864475,0.10000000149011612
125.793,1.0,9.812209755409922,0.10000000149011612
125.84,1.0,9.73601889109446,0.10000000149011612
125.894,1.0,9.757145655838151,0.10000000149011612
125.951,1.0,9.839748090795345,0.10000000149011612
125.999,1.0,9.729658126831055,0.10000000149011612
126.05,1.0,9.784623750464783,0.10000000149011612
126.098,1.0,9.64720289632678,0.10000000149011612
126.148,1.0,9.784567809560233,0.10000000149011612
126.198,1.0,9.812344773982963,0.10000000149011612
126.248,1.0,9.839606180104116,0.10000000149011612
126.3,1.0,9.81198059587429,0.10000000149011612
126.351,1.0,9.702077982760965,0.10000000149011612
126.4,1.0,9.564659961561363,0.10000000149011612
126.447,1.0,9.89458094779402,0.10000000149011612
126.498,1.0,9.729772010342115,0.10000000149011612
126.551,1.0,9.680933705406884,0.10000000149011612
126.602,1.0,9.626193748145468,0.10000000149011612
126.647,1.0,9.763829668528503,0.10000000149011612
126.697,1.0,9.866977555697991,0.10000000149011612
126.751,1.0,9.790961133667992,0.10000000149011612
126.8,1.0,9.729884936639833,0.10000000149011612
126.848,1.0,9.647151207509967,0.10000000149011612
126.9,1.0,9.839615829578705,0.10000000149011612
126.948,1.0,9.72995411194861,0.10000000149011612
127.0,1.0,9.81218135603186,0.10000000149011612
127.042,1.0,9.879626039974392,0.10000000149011612
127.098,1.0,9.729654822167422,0.10000000149011612
127.15,1.0,9.680865872754818,0.10000000149011612
127.192,1.0,9.757088883759247,0.10000000149011612
127.249,1.0,9.873460966100295,0.10000000149011612
127.305,1.0,9.674868737243944,0.10000000149011612
127.348,1.0,9.708832251073586,0.10000000149011612
127.399,1.0,9.81270242076781,0.12524649500846863
127.453,1.0,9.70233055613935,0.10000000149011612
127.5,1.0,9.7296523121703,0.10000000149011612
127.547,1.0,9.839448967596724,0.10000000149011612
127.602,1.0,9.729927100510233,0.10000000149011612
127.648,1.0,9.702056461758911,0.10000000149011612
127.698,1.0,9.763392501738336,0.10000000149011612
127.752,1.0,9.64743483029306,0.10000000149011612
127.797,1.0,9.757021676769687,0.10000000149011612
127.849,1.0,9.729551747213636,0.10000000149011612
127.897,1.0,9.73610716925727,0.10000000149011612
127.948,1.0,9.70233537107706,0.10000000149011612
128.003,1.0,9.708449750455717,0.10000000149011612
128.057,1.0,9.735961755096085,0.10000000149011612
128.099,1.0,9.784415813473364,0.10000000149011612
128.154,1.0,9.702539764386085,0.10000000149011612
128.198,1.0,9.67483181051082,0.10000000149011612
128.251,1.0,9.599031387186713,0.10000000149011612
128.302,1.0,9.83939149953011,0.10000000149011612
128.353,1.0,9.702262821959124,0.10000000149011612
128.4,1.0,9.811925969521205,0.10000000149011612
128.45,1.0,9.702305502547986,0.10000000149011612
128.503,1.0,9.729853941293227,0.10000000149011612
128.55,1.0,9.867171519249677,0.10000000149011612
128.6,1.0,9.784599680018921,0.10000000149011612
128.65,1.0,9.681395195652213,0.10000000149011612
128.7,1.0,9.75710800987565,0.10000000149011612
128.75,1.0,9.647567316144706,0.10000000149011612
128.802,1.0,9.702116274999248,0.10000000149011612
128.852,1.0,9.784535250978337,0.10000000149011612
128.899,1.0,9.811942050212787,0.10000000149011612
128.95,1.0,9.812085341682865,0.10000000149011612
129.006,1.0,9.756952852114207,0.10000000149011612
129.055,1.0,9.757105646799836,0.10000000149011612
129.106,1.0,9.812103388437794,0.10000000149011612
129.166,1.0,9.75737276588463,0.10000000149011612
129.205,1.0,9.894455187064079,0.10000000149011612
129.262,1.0,9.59239623412076,0.10000000149011612
129.305,1.0,9.811994664826328,0.10000000149011612
129.355,1.0,9.619774204264912,0.10000000149011612
129.406,1.0,9.78480249363929,0.10000000149011612
129.455,1.0,9.784479240121113,0.10000000149011612
129.507,1.0,9.730018686606652,0.10000000149011612
129.56,1.0,9.757322711518242,0.10000000149011612
129.608,1.0,9.866912555177178,0.10000000149011612
129.655,1.0,9.784431468178001,0.10000000149011612
129.706,1.0,9.729799607685871,0.10000000149011612
129.755,1.0,9.894676872653266,0.10000000149011612
129.809,1.0,9.708679711404773,0.10000000149011612
129.861,1.0,9.75717089207222,0.10000000149011612
129.905,1.0,9.70874469683816,0.10000000149011612
129.955,1.0,9.839706396021777,0.10000000149011612
130.01,1.0,9.867012071526712,0.10000000149011612
130.056,1.0,9.812103294726047,0.10000000149011612
130.107,1.0,9.735771976494126,0.10000000149011612
130.158,1.0,9.729717200145954,0.10000000149011612
130.206,1.0,9.75727297090408,0.10000000149011612
130.261,1.0,9.757368556886084,0.10000000149011612
130.312,1.0,9.729506794508133,0.10000000149011612
130.368,1.0,9.784662829173936,0.10000000149011612
130.412,1.0,9.8946881784954,0.12263677269220352
130.466,1.0,9.757240033956865,0.10000000149011612
130.512,1.0,9.867090359495746,0.12733417749404907
130.575,1.0,9.812162396870553,0.10000000149011612
130.615,1.0,9.812043363476793,0.10000000149011612
130.667,1.0,9.757040272487535,0.10000000149011612
130.715,1.0,9.702446892981728,0.10000000149011612
130.765,1.0,9.757151193647749,0.10000000149011612
130.818,1.0,9.757074350677431,0.10000000149011612
130.864,1.0,9.866944932482308,0.10000000149011612
130.917,1.0,9.824817061507039,0.10000000149011612
130.965,1.0,9.811958001740276,0.10000000149011612
131.014,1.0,9.89455786332902,0.1182972714304924
131.064,1.0,9.681166457157168,0.10000000149011612
131.115,1.0,9.67475974648777,0.10000000149011612
131.166,1.0,9.757334141433239,0.10000000149011612
131.208,1.0,9.75731718380832,0.10000000149011612
131.264,1.0,9.736187762725685,0.10000000149011612
131.322,1.0,9.702344628568325,0.10000000149011612
131.37,1.0,9.75706564579159,0.10000000149011612
131.414,1.0,9.516431571543217,0.10000000149011612
131.467,1.0,9.921980611752305,0.10000000149011612
131.515,1.0,9.674866597706245,0.10000000149011612
131.566,1.0,9.784618713147939,0.10000000149011612
131.615,1.0,9.6477061038009,0.10000000149011612
131.667,1.0,9.78481251835409,0.10000000149011612
131.712,1.0,9.900685083638463,0.10000000149011612
131.763,1.0,9.839502660992245,0.10000000149011612
131.82,1.0,9.873525743289955,0.10000000149011612
131.865,1.0,9.812142794972493,0.10000000149011612
131.914,1.0,9.757165734821724,0.10000000149011612
131.966,1.0,9.791181360495587,0.10000000149011612
132.018,1.0,9.729567085703215,0.10000000149011612
132.066,1.0,9.620142125503884,0.10000000149011612
132.123,1.0,9.894520354126062,0.11612784117460251
132.166,1.0,9.78442527030905,0.10000000149011612
132.223,1.0,9.67469169723077,0.10000000149011612
132.268,1.0,9.70223005099429,0.10000000149011612
132.318,1.0,9.653939085991846,0.10000000149011612
132.379,1.0,9.756945255750583,0.10000000149011612
132.42,1.0,9.702263865350849,0.10000000149011612
132.478,1.0,9.735683361875514,0.10000000149011612
132.52,1.0,9.845891139407952,0.10000000149011612
132.575,1.0,9.702125718009968,0.10000000149011612
132.625,1.0,9.647337782155308,0.10000000149011612
132.676,1.0,9.70221035103831,0.10000000149011612
132.727,1.0,9.75717160989427,0.10000000149011612
132.785,1.0,9.757087689182825,0.10000000149011612
132.826,1.0,9.784725180682209,0.10324966162443161
132.875,1.0,9.839592474885285,0.10000000149011612
132.925,1.0,9.70264786084493,0.10000000149011612
132.972,1.0,9.674602221821745,0.10000000149011612
133.025,1.0,9.784691431952847,0.10000000149011612
133.084,1.0,9.619825426965123,0.10000000149011612
133.128,1.0,9.867161991736955,0.10000000149011612
133.19,1.0,9.674716359645956,0.10000000149011612
133.223,1.0,9.763631129989193,0.10000000149011612
133.278,1.0,9.757141315440338,0.10000000149011612
133.327,1.0,9.715044311889343,0.10000000149011612
133.382,1.0,9.64775740702947,0.10000000149011612
133.426,1.0,9.867148976421191,0.10000000149011612
133.475,1.0,9.8669783865826,0.10000000149011612
133.526,1.0,9.784661761816178,0.10000000149011612
133.577,1.0,9.681054416257474,0.10000000149011612
133.639,1.0,9.736176894211935,0.10000000149011612
133.677,1.0,9.708716656226251,0.10000000149011612
133.73,1.0,9.757041538341177,0.10000000149011612
133.777,1.0,9.811959533683128,0.10000000149011612
133.832,1.0,9.702167121838364,0.10000000149011612
133.877,1.0,9.866952237362662,0.10000000149011612
133.928,1.0,9.873641393437154,0.10000000149011612
133.975,1.0,9.702277235728172,0.10000000149011612
134.026,1.0,9.756921763386991,0.10000000149011612
134.07,1.0,9.70246787963228,0.10000000149011612
134.131,1.0,9.647172998036776,0.10000000149011612
134.181,1.0,9.757015520251459,0.10000000149011612
134.224,1.0,9.894579410263233,0.12705092132091522
134.279,1.0,9.81215825840417,0.10000000149011612
134.328,1.0,9.736386735695932,0.10000000149011612
134.386,1.0,9.784620618240702,0.10000000149011612
134.429,1.0,9.757174474332068,0.10000000149011612
134.481,1.0,9.729727172375553,0.10000000149011612
134.537,1.0,9.674638417508039,0.10000000149011612
134.583,1.0,9.784569438733161,0.10000000149011612
134.632,1.0,9.784475040187438,0.10000000149011612
134.686,1.0,9.653305042886899,0.10000000149011612
134.737,1.0,9.674976467527449,0.10000000149011612
134.783,1.0,9.894452380347584,0.10000000149011612
134.834,1.0,9.565076509055991,0.10000000149011612
134.887,1.0,9.67495679538697,0.10000000149011612
134.932,1.0,9.784314412809909,0.10000000149011612
134.984,1.0,9.839603307512071,0.10000000149011612
135.032,1.0,9.620042913200127,0.10000000149011612
135.083,1.0,9.736091223773029,0.10000000149011612
135.133,1.0,9.729560112104648,0.10000000149011612
135.172,1.0,9.83955601002607,0.10000000149011612
135.235,1.0,9.757383017034995,0.10000000149011612
135.291,1.0,9.78487090828518,0.10000000149011612
135.332,1.0,9.674831415671441,0.10000000149011612
135.385,1.0,9.619768653892809,0.10000000149011612
135.435,1.0,9.86704330601626,0.10000000149011612
135.483,1.0,9.757350600407355,0.10000000149011612
135.535,1.0,9.757386137793462,0.10000000149011612
135.591,1.0,9.867146272853844,0.11131992191076279
135.633,1.0,9.818570324012803,0.10000000149011612
135.682,1.0,9.729348476024137,0.10000000149011612
135.735,1.0,9.812117244882716,0.10000000149011612
135.783,1.0,9.797682301720812,0.10000000149011612
135.832,1.0,9.812338841644426,0.10022316873073578
135.889,1.0,9.675058520502514,0.10000000149011612
135.932,1.0,9.839529799607893,0.10000000149011612
135.984,1.0,9.81855753738847,0.10000000149011612
136.036,1.0,9.784468619318472,0.10000000149011612
136.085,1.0,9.70215075581024,0.10000000149011612
136.138,1.0,9.867126125945813,0.10000000149011612
136.182,1.0,9.708230722095404,0.10000000149011612
136.234,1.0,9.86710870085905,0.10000000149011612
136.291,1.0,9.763230706544386,0.10000000149011612
136.339,1.0,9.818207818662955,0.10000000149011612
136.389,1.0,9.839439630798168,0.10000000149011612
136.442,1.0,9.619647821452883,0.10000000149011612
136.49,1.0,9.674762166022427,0.10000000149011612
136.542,1.0,9.646912750394808,0.10000000149011612
136.605,1.0,9.674478574324812,0.10000000149011612
136.643,1.0,9.757282049829762,0.10000000149011612
136.688,1.0,9.702160886571638,0.10000000149011612
136.747,1.0,9.921905039685468,0.10000000149011612
136.797,1.0,9.647332396854956,0.10000000149011612
136.848,1.0,9.757265980479618,0.10000000149011612
136.904,1.0,9.708657881927987,0.10000000149011612
136.945,1.0,9.8396181386792,0.10000000149011612
136.995,1.0,9.729712618597679,0.10000000149011612
137.045,1.0,9.674806021216016,0.10000000149011612
137.095,1.0,9.818619713766708,0.10646714270114899
137.148,1.0,9.812099922613966,0.10000000149011612
137.197,1.0,9.73594867349085,0.10000000149011612
137.244,1.0,9.84595657562216,0.10000000149011612
137.294,1.0,9.674878664066394,0.10000000149011612
137.351,1.0,9.68119910640849,0.10000000149011612
137.399,1.0,9.784642851042252,0.10000000149011612
137.45,1.0,9.78468494862318,0.10000000149011612
137.497,1.0,9.681298203683562,0.10000000149011612
137.553,1.0,9.708155364812248,0.10000000149011612
137.596,1.0,9.784665217043624,0.10000000149011612
137.645,1.0,9.757105468875832,0.10000000149011612
137.71,1.0,9.784339669491683,0.10000000149011612
137.747,1.0,9.757219316148095,0.10000000149011612
137.797,1.0,9.757127217555212,0.10000000149011612
137.845,1.0,9.702028763211436,0.10000000149011612
137.896,1.0,9.78480039373454,0.10000000149011612
137.951,1.0,9.757291022129357,0.10000000149011612
137.998,1.0,9.729653512417443,0.10000000149011612
138.046,1.0,9.72972095556971,0.10000000149011612
138.099,1.0,9.674703558203246,0.10000000149011612
138.146,1.0,9.81189457445095,0.10000000149011612
138.195,1.0,9.7911163955306,0.10000000149011612
138.249,1.0,9.708546996923785,0.10000000149011612
138.303,1.0,9.619767899273171,0.10000000149011612
138.359,1.0,9.784666014028092,0.10000000149011612
138.399,1.0,9.729565516445373,0.10000000149011612
138.451,1.0,9.845523590366874,0.10000000149011612
138.497,1.0,9.873167038708925,0.10000000149011612
138.549,1.0,9.757042410369548,0.10000000149011612
138.602,1.0,9.812294593370623,0.10000000149011612
138.651,1.0,9.784733068156573,0.10000000149011612
138.709,1.0,9.674816683327986,0.10000000149011612
138.749,1.0,9.812240009237495,0.10000000149011612
138.801,1.0,9.674558927615484,0.10000000149011612
138.853,1.0,9.763556845134332,0.10000000149011612
138.912,1.0,9.70226859524846,0.10000000149011612
138.952,1.0,9.675019441358746,0.10000000149011612
139.004,1.0,9.75726779219177,0.10000000149011612
139.057,1.0,9.81202271549652,0.10000000149011612
139.107,1.0,9.702542425133288,0.10000000149011612
139.157,1.0,9.729658309929073,0.10000000149011612
139.203,1.0,9.619917848768333,0.10000000149011612
139.254,1.0,9.674868206183115,0.10000000149011612
139.306,1.0,9.839485193685524,0.10000000149011612
139.354,1.0,9.729617787276705,0.10000000149011612
139.408,1.0,9.674843674815364,0.10000000149011612
139.455,1.0,9.86687275386519,0.10000000149011612
139.511,1.0,9.708366435083251,0.10000000149011612
139.56,1.0,9.75724208481196,0.10000000149011612
139.609,1.0,9.818702884639302,0.10000000149011612
139.66,1.0,9.894503648392856,0.11397919803857803
139.713,1.0,9.89437363880376,0.10000000149011612
139.759,1.0,9.78449980871131,0.10000000149011612
139.811,1.0,9.867076887169645,0.10000000149011612
139.863,1.0,9.784753427488937,0.10000000149011612
139.914,1.0,9.757023375233015,0.10000000149011612
139.965,1.0,9.784590521102977,0.10000000149011612
140.014,1.0,9.708195067735183,0.10000000149011612
140.064,1.0,9.647435026326113,0.10000000149011612
140.125,1.0,9.674755790125992,0.10000000149011612
140.172,1.0,9.757094126981166,0.10000000149011612
140.22,1.0,9.894458964674008,0.10000000149011612
140.271,1.0,9.674537061775725,0.10000000149011612
140.321,1.0,9.702232729291751,0.10000000149011612
140.372,1.0,9.735818831001719,0.10000000149011612
140.426,1.0,9.757329290132557,0.10000000149011612
140.475,1.0,9.757021134408811,0.10000000149011612
140.528,1.0,9.839566178061068,0.10000000149011612
140.575,1.0,9.763826322452061,0.10000000149011612
140.625,1.0,9.702643934802877,0.10000000149011612
140.675,1.0,9.757151009225183,0.10000000149011612
140.727,1.0,9.757318086984258,0.10000000149011612
140.776,1.0,9.675120397263932,0.10000000149011612
140.825,1.0,9.921839723591175,0.10000000149011612
140.877,1.0,9.729428559686575,0.10000000149011612
140.928,1.0,9.812070489074621,0.10000000149011612
140.981,1.0,9.818508263739448,0.10000000149011612
141.024,1.0,9.81216383797841,0.10000000149011612
141.075,1.0,9.866988744710882,0.10000000149011612
141.126,1.0,9.757086928685506,0.10000000149011612
141.175,1.0,9.811880570318964,0.10000000149011612
141.226,1.0,9.647307158447802,0.10000000149011612
141.278,1.0,9.659869975700147,0.10000000149011612
141.329,1.0,9.757114383598996,0.10000000149011612
141.375,1.0,9.510056320350204,0.10000000149011612
141.425,1.0,9.763620784050888,0.10000000149011612
141.474,1.0,9.812144906135897,0.10000000149011612
141.528,1.0,9.729472822137177,0.10000000149011612
141.575,1.0,9.674554902832542,0.10000000149011612
141.624,1.0,9.702113393238848,0.10000000149011612
141.674,1.0,9.564859491007196,0.10000000149011612
141.726,1.0,9.812071330224475,0.10000000149011612
141.776,1.0,9.84570460718953,0.10000000149011612
141.828,1.0,9.839453146047891,0.10000000149011612
141.874,1.0,9.592574647462202,0.10000000149011612
141.925,1.0,9.839424484761224,0.10000000149011612
141.977,1.0,9.763512103259563,0.10000000149011612
142.031,1.0,9.756990464611185,0.10000000149011612
142.075,1.0,9.812043363890714,0.10000000149011612
142.133,1.0,9.757107501249347,0.10000000149011612
142.181,1.0,9.784690543678071,0.10000000149011612
142.226,1.0,9.757275134656165,0.10000000149011612
142.278,1.0,9.67471756051398,0.10000000149011612
142.331,1.0,9.653583961104353,0.10000000149011612
142.377,1.0,9.702201897961398,0.10000000149011612
142.428,1.0,9.708314357284042,0.10000000149011612
142.475,1.0,9.784556947006948,0.10000000149011612
142.526,1.0,9.867290481179953,0.1230475902557373
142.575,1.0,9.867021152025295,0.10767409205436707
142.629,1.0,9.702123874446585,0.10000000149011612
142.675,1.0,9.702430502408081,0.10000000149011612
142.726,1.0,9.53708197284076,0.10000000149011612
142.779,1.0,9.702189622715943,0.10000000149011612
142.821,1.0,9.729558366992407,0.10000000149011612
142.878,1.0,9.818034091281394,0.10000000149011612
142.925,1.0,9.729340825685197,0.10000000149011612
142.979,1.0,9.570866274606022,0.10000000149011612
143.03,1.0,9.729678243295186,0.10000000149011612
143.078,1.0,9.784545504488051,0.10000000149011612
143.127,1.0,9.763766909701129,0.10000000149011612
143.177,1.0,9.839463259817826,0.10000000149011612
143.226,1.0,9.729776355230975,0.10000000149011612
143.277,1.0,9.736059346008632,0.10000000149011612
143.329,1.0,9.839630491762525,0.10000000149011612
143.382,1.0,9.845792527931431,0.10000000149011612
143.426,1.0,9.845843110254242,0.10000000149011612
143.482,1.0,9.790877835245595,0.10000000149011612
143.527,1.0,9.757146037535534,0.10000000149011612
143.577,1.0,9.757063583719233,0.10000000149011612
143.629,1.0,9.812140503670607,0.10000000149011612
143.667,1.0,9.78457032446232,0.10000000149011612
143.729,1.0,9.784501958990262,0.10000000149011612
143.778,1.0,9.812193701167901,0.10208959132432938
143.829,1.0,9.75685923554831,0.10000000149011612
143.879,1.0,9.784517651341028,0.10000000149011612
143.928,1.0,9.75707115135673,0.10000000149011612
143.978,1.0,9.65345444381237,0.10000000149011612
144.027,1.0,9.763136060080594,0.10000000149011612
144.083,1.0,9.674708209393753,0.10000000149011612
144.127,1.0,9.839639733938707,0.10000000149011612
144.178,1.0,9.818669155198666,0.10000000149011612
144.237,1.0,9.757330257797406,0.10000000149011612
144.283,1.0,9.674394593739676,0.10000000149011612
144.33,1.0,9.784524802366892,0.10000000149011612
144.38,1.0,9.674835756669442,0.10000000149011612
144.43,1.0,9.708593015683194,0.10000000149011612
144.479,1.0,9.756839713723295,0.10000000149011612
144.534,1.0,9.757155335839425,0.10000000149011612
144.581,1.0,9.791180967518853,0.10000000149011612
144.634,1.0,9.7844765416243,0.10000000149011612
144.681,1.0,9.729646650929418,0.10000000149011612
144.733,1.0,9.784766968153416,0.10000000149011612
144.782,1.0,9.757135940343142,0.10000000149011612
144.83,1.0,9.729851715308097,0.10000000149011612
144.882,1.0,9.702280462181402,0.10000000149011612
144.929,1.0,9.729718224166168,0.10000000149011612
144.98,1.0,9.681139506585897,0.10000000149011612
145.03,1.0,9.735985157121387,0.10000000149011612
145.082,1.0,9.757052816802428,0.10000000149011612
145.132,1.0,9.674939400702716,0.10000000149011612
145.183,1.0,9.784512545251184,0.10000000149011612
145.232,1.0,9.757212344391478,0.10000000149011612
145.286,1.0,9.83947149341305,0.10000000149011612
145.336,1.0,9.729490860592987,0.10000000149011612
145.377,1.0,9.619950181204413,0.10000000149011612
145.433,1.0,9.756926493429475,0.10000000149011612
145.486,1.0,9.72968474800388,0.10000000149011612
145.533,1.0,9.8118075321325,0.10000000149011612
145.604,1.0,9.702130511610044,0.10000000149011612
145.637,1.0,9.757211937589778,0.10000000149011612
145.686,1.0,9.845633688362108,0.10000000149011612
145.737,1.0,9.811904960684478,0.10000000149011612
145.787,1.0,9.811860922475656,0.10000000149011612
145.836,1.0,9.708973655187421,0.10000000149011612
145.885,1.0,9.81185531353371,0.10000000149011612
145.937,1.0,9.839543808582757,0.10000000149011612
145.989,1.0,9.839718624473447,0.10000000149011612
146.04,1.0,9.76347350411945,0.10000000149011612
146.097,1.0,9.922033849938048,0.11002525687217712
146.131,1.0,9.702397492672834,0.10000000149011612
146.188,1.0,9.812100796173844,0.10000000149011612
146.234,1.0,9.784581224165029,0.10000000149011612
146.288,1.0,9.812044899869296,0.10000000149011612
146.34,1.0,9.922021621072458,0.10000000149011612
146.396,1.0,9.83963918429282,0.10000000149011612
146.44,1.0,9.784695429893004,0.10000000149011612
146.491,1.0,9.78460256146888,0.10000000149011612
146.538,1.0,9.592154579526849,0.10000000149011612
146.589,1.0,9.839476449622047,0.10000000149011612
146.639,1.0,9.812211712263524,0.10000000149011612
146.689,1.0,9.784916317049,0.10000000149011612
146.742,1.0,9.674822412596809,0.10000000149011612
146.789,1.0,9.729809543738762,0.10000000149011612
146.843,1.0,9.729614898107117,0.10000000149011612
146.896,1.0,9.78487501160966,0.10000000149011612
146.943,1.0,9.681234015627867,0.10000000149011612
146.992,1.0,9.702323138196435,0.10000000149011612
147.043,1.0,9.72970347514169,0.10000000149011612
147.098,1.0,9.757254573930469,0.10000000149011612
147.145,1.0,9.839642564641933,0.10000000149011612
147.194,1.0,9.866841382471224,0.10000000149011612
147.243,1.0,9.784488246776164,0.10000000149011612
147.294,1.0,9.708175399485562,0.10000000149011612
147.341,1.0,9.757064322382211,0.10000000149011612
147.392,1.0,9.818428070305123,0.10000000149011612
147.443,1.0,9.729754907430873,0.10000000149011612
147.494,1.0,9.598745392511288,0.10000000149011612
147.544,1.0,9.812000183781816,0.10000000149011612
147.593,1.0,9.742246227421694,0.10000000149011612
147.647,1.0,9.92198811467323,0.13575159013271332
147.694,1.0,9.784479921083484,0.10000000149011612
147.746,1.0,9.812058442417118,0.10000000149011612
147.795,1.0,9.866790753789246,0.10000000149011612
147.848,1.0,9.756922590877448,0.10000000149011612
147.896,1.0,9.729857020100786,0.10000000149011612
147.949,1.0,9.729796206102604,0.10000000149011612
147.997,1.0,9.784518746907512,0.10000000149011612
148.046,1.0,9.812203389095764,0.10000000149011612
148.102,1.0,9.812208011932672,0.10582298785448074
148.147,1.0,9.653803384366135,0.10000000149011612
148.204,1.0,9.702172186722358,0.10000000149011612
148.247,1.0,9.811892045992945,0.10000000149011612
148.297,1.0,9.64723067627185,0.10000000149011612
148.35,1.0,9.784615708328783,0.10000000149011612
148.399,1.0,9.70885519074897,0.10000000149011612
148.449,1.0,9.866883802331156,0.10000000149011612
148.501,1.0,9.702500489747358,0.10000000149011612
148.555,1.0,9.7295500955027,0.10000000149011612
148.605,1.0,9.64725288276871,0.10000000149011612
148.658,1.0,9.812133118034238,0.10000000149011612
148.706,1.0,9.660259768180548,0.10000000149011612
148.749,1.0,9.735880348417494,0.10000000149011612
148.801,1.0,9.790978380665184,0.10000000149011612
148.854,1.0,9.626142164878548,0.10000000149011612
148.902,1.0,9.729709142674174,0.10000000149011612
148.953,1.0,9.83936349913064,0.10000000149011612
149.005,1.0,9.8120502491999,0.10000000149011612
149.055,1.0,9.735920921816595,0.10000000149011612
149.105,1.0,9.674862872436643,0.10000000149011612
149.152,1.0,9.839528395918508,0.10000000149011612
149.204,1.0,9.921924501264261,0.10000000149011612
149.252,1.0,9.674683024196161,0.10000000149011612
149.303,1.0,9.812107532885339,0.10000000149011612
149.354,1.0,9.784662680576245,0.10000000149011612
149.408,1.0,9.812105636050303,0.10000000149011612
149.459,1.0,9.770018487506443,0.10000000149011612
149.509,1.0,9.7021973585296,0.10000000149011612
149.56,1.0,9.619761449036499,0.10000000149011612
149.614,1.0,9.626265000924468,0.10000000149011612
149.662,1.0,9.509771649891304,0.10000000149011612
149.709,1.0,9.729556888052159,0.10000000149011612
149.761,1.0,9.757212490091721,0.10000000149011612
149.81,1.0,9.79097950897283,0.10000000149011612
149.861,1.0,9.839735557221704,0.10000000149011612
149.911,1.0,9.598657633446985,0.10000000149011612
149.962,1.0,9.784828573527436,0.10000000149011612
150.011,1.0,9.839433233646883,0.10000000149011612
150.064,1.0,9.757352020384538,0.10000000149011612
150.111,1.0,9.812196777885159,0.10000000149011612
150.157,1.0,9.735661728659437,0.10000000149011612
150.211,1.0,9.757082784320746,0.10000000149011612
150.261,1.0,9.702301520895627,0.10000000149011612
150.312,1.0,9.812093958134453,0.10000000149011612
150.365,1.0,9.812140987275376,0.10000000149011612
150.413,1.0,9.78470553006563,0.10000000149011612
150.461,1.0,9.839824712421331,0.10000000149011612
150.512,1.0,9.811964294686913,0.10000000149011612
150.563,1.0,9.687005052653452,0.10000000149011612
150.615,1.0,9.866951413328449,0.10000000149011612
150.668,1.0,9.757292517626452,0.10000000149011612
150.714,1.0,9.702120047952565,0.10000000149011612
150.762,1.0,9.757253497652709,0.10000000149011612
150.815,1.0,9.681175087206066,0.10000000149011612
150.862,1.0,9.784584652528995,0.10000000149011612
150.913,1.0,9.729903151570923,0.10000000149011612
150.966,1.0,9.784795589434603,0.10000000149011612
151.013,1.0,9.784618171138895,0.10000000149011612
151.065,1.0,9.735746914748516,0.10000000149011612
151.12,1.0,9.757201332909366,0.10000000149011612
151.167,1.0,9.790827407004933,0.10000000149011612
151.212,1.0,9.736272212469743,0.10000000149011612
151.265,1.0,9.867155003050962,0.10000000149011612
151.315,1.0,9.674732115078303,0.10000000149011612
151.37,1.0,9.8670457366647,0.10000000149011612
151.415,1.0,9.757088768627082,0.10000000149011612
151.47,1.0,9.784769100985594,0.10000000149011612
151.512,1.0,9.812104549258947,0.10000000149011612
151.561,1.0,9.647390684133603,0.10000000149011612
151.613,1.0,9.784815246549746,0.10132917016744614
151.668,1.0,9.769860218051408,0.10000000149011612
151.718,1.0,9.680510615040031,0.10000000149011612
151.766,1.0,9.83957492682255,0.10000000149011612
151.822,1.0,9.866887859606909,0.10000000149011612
151.866,1.0,9.653304974341559,0.10000000149011612
151.916,1.0,9.757214900830554,0.10000000149011612
151.967,1.0,9.702205841243266,0.10000000149011612
152.02,1.0,9.674527797351281,0.10000000149011612
152.071,1.0,9.784782862477005,0.10268469899892807
152.118,1.0,9.702213666236235,0.10000000149011612
152.169,1.0,9.784922285026147,0.10000000149011612
152.219,1.0,9.763342445757655,0.10000000149011612
152.27,1.0,9.70218219305906,0.10000000149011612
152.319,1.0,9.839650926842458,0.10000000149011612
152.368,1.0,9.730017093362079,0.10000000149011612
152.426,1.0,9.757102398760617,0.10000000149011612
152.464,1.0,9.680962770432235,0.10000000149011612
152.518,1.0,9.839496673312452,0.10000000149011612
152.569,1.0,9.729828200096058,0.10000000149011612
152.622,1.0,9.81193636018369,0.10000000149011612
152.668,1.0,9.791158385098809,0.10000000149011612
152.718,1.0,9.86701236259606,0.10782399773597717
152.77,1.0,9.867044471783771,0.10000000149011612
152.818,1.0,9.81198174100783,0.10000000149011612
152.867,1.0,9.812018485243122,0.10000000149011612
152.918,1.0,9.75716427643266,0.10000000149011612
152.968,1.0,9.784521225632894,0.10000000149011612
153.022,1.0,9.790862272141709,0.10000000149011612
153.08,1.0,9.790973958352374,0.10000000149011612
153.117,1.0,9.537333918569816,0.10000000149011612
153.169,1.0,9.866915459848112,0.10000000149011612
153.218,1.0,9.839377603017622,0.10000000149011612
153.268,1.0,9.674758648251494,0.10000000149011612
153.32,1.0,9.812062600875894,0.10000000149011612
153.371,1.0,9.757237556390464,0.10000000149011612
153.423,1.0,9.812096906205019,0.10000000149011612
153.471,1.0,9.75725595526811,0.10000000149011612
153.523,1.0,9.674665844192107,0.10000000149011612
153.573,1.0,9.812017529043887,0.10000000149011612
153.635,1.0,9.78467785467704,0.10000000149011612
153.68,1.0,9.866982254510125,0.10000000149011612
153.727,1.0,9.735956576280296,0.10000000149011612
153.778,1.0,9.729405719021129,0.10000000149011612
153.828,1.0,9.619635334548851,0.10000000149011612
153.879,1.0,9.702392168653509,0.10000000149011612
153.929,1.0,9.784766544277469,0.10000000149011612
153.983,1.0,9.708106494715643,0.10000000149011612
154.035,1.0,9.784722347019446,0.10000000149011612
154.078,1.0,9.811896163742576,0.10000000149011612
154.129,1.0,9.687418695766892,0.10000000149011612
154.179,1.0,9.647496971550087,0.10000000149011612
154.229,1.0,9.797432898419599,0.10000000149011612
154.285,1.0,9.72989260483947,0.10000000149011612
154.333,1.0,9.702284115987519,0.10000000149011612
154.38,1.0,9.702156722980241,0.10000000149011612
154.434,1.0,9.653657689731983,0.10000000149011612
154.478,1.0,9.757273080675967,0.10000000149011612
154.53,1.0,9.757349511753354,0.10000000149011612
154.58,1.0,9.708608672146996,0.10000000149011612
154.636,1.0,9.647386780153546,0.10000000149011612
154.676,1.0,9.78489649511046,0.10000000149011612
154.733,1.0,9.647335058616267,0.10000000149011612
154.779,1.0,9.756885166176492,0.10000000149011612
154.829,1.0,9.839617065278192,0.10000000149011612
154.884,1.0,9.76325918291178,0.10000000149011612
154.932,1.0,9.67460618360589,0.10000000149011612
154.984,1.0,9.784620644669566,0.10000000149011612
155.03,1.0,9.757251128719913,0.10000000149011612
155.081,1.0,9.61988268836091,0.10000000149011612
155.134,1.0,9.708610382862389,0.10000000149011612
155.179,1.0,9.812282107273738,0.11080498993396759
155.23,1.0,9.852013803439007,0.10000000149011612
155.284,1.0,9.67471822268433,0.10000000149011612
155.334,1.0,9.653458146130045,0.10000000149011612
155.383,1.0,9.763263449507456,0.10000000149011612
155.434,1.0,9.921830107375152,0.10000000149011612
155.482,1.0,9.729587141362328,0.10000000149011612
155.534,1.0,9.784620457908346,0.10000000149011612
155.582,1.0,9.839444672419793,0.10000000149011612
155.634,1.0,9.729861845448614,0.10000000149011612
155.684,1.0,9.866875874478783,0.10000000149011612
155.733,1.0,9.757068507518206,0.10000000149011612
155.783,1.0,9.756850726136731,0.10000000149011612
155.833,1.0,9.736086120187409,0.10000000149011612
155.883,1.0,9.757087137964037,0.10000000149011612
155.938,1.0,9.839409895158477,0.10000000149011612
155.986,1.0,9.757218579389155,0.10000000149011612
156.044,1.0,9.702026574334337,0.10000000149011612
156.088,1.0,9.592487743910816,0.10000000149011612
156.137,1.0,9.729621561389003,0.10000000149011612
156.188,1.0,9.729780423537724,0.10000000149011612
156.237,1.0,9.674840839372742,0.10000000149011612
156.285,1.0,9.592213548492227,0.10000000149011612
156.337,1.0,9.811996999776198,0.10000000149011612
156.393,1.0,9.71520055671119,0.10000000149011612
156.44,1.0,9.674625476987826,0.10000000149011612
156.493,1.0,9.73628572900262,0.10000000149011612
156.54,1.0,9.674667225198613,0.10000000149011612
156.591,1.0,9.812025857944455,0.10000000149011612
156.645,1.0,9.544494210100837,0.10000000149011612
156.701,1.0,9.83959749272714,0.10000000149011612
156.743,1.0,9.564619253182578,0.10000000149011612
156.799,1.0,9.784605816751718,0.10000000149011612
156.845,1.0,9.757414587090413,0.10000000149011612
156.893,1.0,9.757302929233346,0.10000000149011612
156.944,1.0,9.757184155740672,0.10000000149011612
156.993,1.0,9.729662391708956,0.10000000149011612
157.046,1.0,9.647529034647677,0.10000000149011612
157.091,1.0,9.674525104442404,0.10000000149011612
157.156,1.0,9.812341258592076,0.10000000149011612
157.195,1.0,9.812155558251673,0.10000000149011612
157.245,1.0,9.812123707143797,0.10000000149011612
157.299,1.0,9.818295939784083,0.10000000149011612
157.346,1.0,9.756838544768591,0.10000000149011612
157.396,1.0,9.818168438225985,0.10000000149011612
157.445,1.0,9.84594194162637,0.10000000149011612
157.494,1.0,9.81810475759622,0.10000000149011612
157.548,1.0,9.757113533342878,0.10000000149011612
157.589,1.0,9.867002508458164,0.10000000149011612
157.646,1.0,9.81202955212858,0.10000000149011612
157.692,1.0,9.729750118735764,0.10000000149011612
157.746,1.0,9.812044646777213,0.10000000149011612
157.795,1.0,9.790773112202684,0.10000000149011612
157.845,1.0,9.62006526901904,0.10000000149011612
157.895,1.0,9.757038510094086,0.10000000149011612
157.945,1.0,9.729435767109196,0.10000000149011612
157.997,1.0,9.75706150593857,0.10000000149011612
158.05,1.0,9.812115327662063,0.10000000149011612
158.099,1.0,9.702207827940583,0.10000000149011612
158.156,1.0,9.647167008308072,0.10000000149011612
158.198,1.0,9.839593371293612,0.10000000149011612
158.248,1.0,9.75739786558681,0.10000000149011612
158.299,1.0,9.702208023497628,0.10000000149011612
158.348,1.0,9.76316917275803,0.10000000149011612
158.401,1.0,9.757273762424786,0.10000000149011612
158.448,1.0,9.757252653129399,0.10000000149011612
158.498,1.0,9.784759302333825,0.10000000149011612
158.547,1.0,9.922038138181799,0.10000000149011612
158.598,1.0,9.729836521587439,0.10000000149011612
158.648,1.0,9.812022116925153,0.10000000149011612
158.702,1.0,9.72968813172645,0.10000000149011612
158.755,1.0,9.757139042909774,0.10000000149011612
158.796,1.0,9.763592885413932,0.10000000149011612
158.848,1.0,9.756899437722232,0.10000000149011612
158.898,1.0,9.790616052245928,0.10000000149011612
158.949,1.0,9.790520244650542,0.10000000149011612
159.0,1.0,9.729835379599697,0.10000000149011612
159.053,1.0,9.653305684650938,0.10000000149011612
159.107,1.0,9.763360498204,0.10000000149011612
159.151,1.0,9.867048136889935,0.10000000149011612
159.203,1.0,9.7019490023661,0.10000000149011612
159.26,1.0,9.729658676580422,0.10000000149011612
159.303,1.0,9.736253604003124,0.10000000149011612
159.354,1.0,9.784634163003002,0.10000000149011612
159.411,1.0,9.78475434490376,0.10000000149011612
159.451,1.0,9.839695938511028,0.11276054382324219
159.51,1.0,9.812097689261039,0.10000000149011612
159.563,1.0,9.729349888198906,0.10000000149011612
159.609,1.0,9.681470533625948,0.10000000149011612
159.665,1.0,9.701922340339257,0.10000000149011612
159.715,1.0,9.790916917493774,0.10000000149011612
159.76,1.0,9.78471460632152,0.10000000149011612
159.81,1.0,9.708879867485829,0.10000000149011612
159.867,1.0,9.784443678437835,0.10000000149011612
159.921,1.0,9.839421189907524,0.10000000149011612
159.959,1.0,9.78456799880498,0.10000000149011612
160.012,1.0,9.647286697311534,0.10000000149011612
160.067,1.0,9.729694054110183,0.10000000149011612
160.111,1.0,9.867103412002326,0.10000000149011612
160.165,1.0,9.846081153075728,0.10000000149011612
160.211,1.0,9.811970679027338,0.10000000149011612
160.265,1.0,9.702128017238445,0.10000000149011612
160.32,1.0,9.846108997447622,0.10000000149011612
160.365,1.0,9.784586320051716,0.10000000149011612
160.417,1.0,9.592520877801709,0.10000000149011612
160.465,1.0,9.812132765083676,0.10000000149011612
160.525,1.0,9.59873121144871,0.10000000149011612
160.567,1.0,9.757258044452303,0.10000000149011612
160.625,1.0,9.729980170623296,0.10000000149011612
160.668,1.0,9.674648269390067,0.10000000149011612
160.718,1.0,9.702242041358517,0.10000000149011612
160.767,1.0,9.70866717543039,0.10000000149011612
160.82,1.0,9.757333492404884,0.10000000149011612
160.87,1.0,9.757186661329534,0.10000000149011612
160.919,1.0,9.811854618146187,0.10000000149011612
160.968,1.0,9.7297417819293,0.10000000149011612
161.018,1.0,9.75726600067897,0.10000000149011612
161.069,1.0,9.757217467617657,0.10000000149011612
161.119,1.0,9.784533104983469,0.10000000149011612
161.169,1.0,9.729619577195908,0.10000000149011612
161.219,1.0,9.729720364511014,0.10000000149011612
161.285,1.0,9.75699959564954,0.10000000149011612
161.325,1.0,9.757074444223608,0.10000000149011612
161.375,1.0,9.647247797995806,0.10000000149011612
161.431,1.0,9.784829857593609,0.10000000149011612
161.475,1.0,9.812222833558916,0.10000000149011612
161.525,1.0,9.81184998338835,0.10000000149011612
161.576,1.0,9.75725415483531,0.10000000149011612
161.629,1.0,9.81194335286402,0.10000000149011612
161.682,1.0,9.811838141642511,0.10000000149011612
161.732,1.0,9.729577482036419,0.10000000149011612
161.779,1.0,9.592986557322243,0.10000000149011612
161.826,1.0,9.7844013221148,0.10000000149011612
161.879,1.0,9.784716189942426,0.10000000149011612
161.929,1.0,9.736311446978814,0.10000000149011612
161.98,1.0,9.83958665482286,0.10000000149011612
162.031,1.0,9.619729147727291,0.10000000149011612
162.081,1.0,9.674636589156258,0.10000000149011612
162.132,1.0,9.674765402306285,0.10000000149011612
162.18,1.0,9.839533278842767,0.10000000149011612
162.23,1.0,9.812102606457968,0.10000000149011612
162.28,1.0,9.86701749412136,0.10000000149011612
162.33,1.0,9.674771468362046,0.10000000149011612
162.38,1.0,9.516367359045478,0.10000000149011612
162.43,1.0,9.708635631079476,0.10000000149011612
162.482,1.0,9.757208516904049,0.10000000149011612
162.529,1.0,9.660430048033595,0.10000000149011612
162.58,1.0,9.70199070757048,0.10000000149011612
162.63,1.0,9.784777478418416,0.10000000149011612
162.68,1.0,9.729971681887077,0.10069560259580612
162.731,1.0,9.83939713506649,0.10000000149011612
162.783,1.0,9.812195567890173,0.10000000149011612
162.831,1.0,9.702255395634307,0.10000000149011612
162.882,1.0,9.72964726564371,0.10000000149011612
162.935,1.0,9.729923002111414,0.10000000149011612
162.988,1.0,9.839780838063193,0.10000000149011612
163.035,1.0,9.620202453724213,0.10000000149011612
163.082,1.0,9.72957795680397,0.10000000149011612
163.14,1.0,9.647213879206943,0.10000000149011612
163.187,1.0,9.78459729210784,0.10000000149011612
163.234,1.0,9.72990108821541,0.10000000149011612
163.284,1.0,9.647339754468865,0.10000000149011612
163.335,1.0,9.702107624999352,0.10000000149011612
163.384,1.0,9.70207902153747,0.10000000149011612
163.434,1.0,9.867074527901908,0.10000000149011612
163.483,1.0,9.674635189978613,0.10000000149011612
163.534,1.0,9.757130952345001,0.10000000149011612
163.585,1.0,9.839398376333216,0.10000000149011612
163.634,1.0,9.839984208676551,0.11054337024688721
163.685,1.0,9.7972464852242,0.10000000149011612
163.736,1.0,9.757341613351471,0.10000000149011612
163.784,1.0,9.757100716688567,0.10000000149011612
163.837,1.0,9.763448215669229,0.10000000149011612
163.883,1.0,9.756988020179172,0.10000000149011612
163.937,1.0,9.7296368404602,0.10000000149011612
163.985,1.0,9.790761493477557,0.10000000149011612
164.04,1.0,9.78477949841569,0.10000000149011612
164.086,1.0,9.674618967974352,0.10000000149011612
164.137,1.0,9.757278325760531,0.10000000149011612
164.189,1.0,9.729564522931145,0.10000000149011612
164.235,1.0,9.67483332262685,0.10000000149011612
164.286,1.0,9.674959912523628,0.10000000149011612
164.34,1.0,9.867061551577516,0.10000000149011612
164.384,1.0,9.784780013209415,0.10000000149011612
164.436,1.0,9.702504851793249,0.10000000149011612
164.49,1.0,9.811981555736727,0.10000000149011612
164.537,1.0,9.867111090901826,0.10000000149011612
164.587,1.0,9.653394354983336,0.10000000149011612
164.638,1.0,9.763311648906933,0.10000000149011612
164.686,1.0,9.729922215185232,0.10000000149011612
164.736,1.0,9.702514286587636,0.10000000149011612
164.786,1.0,9.647463185836871,0.10000000149011612
164.84,1.0,9.729876419632799,0.10000000149011612
164.886,1.0,9.791171574509805,0.10000000149011612
164.936,1.0,9.811882666767472,0.10000000149011612
164.986,1.0,9.784529654619595,0.10000000149011612
165.037,1.0,9.818787697661254,0.10000000149011612
165.087,1.0,9.729886080014209,0.10000000149011612
165.138,1.0,9.708469092514779,0.10000000149011612
165.192,1.0,9.702476327328219,0.10000000149011612
165.237,1.0,9.702434105012152,0.10000000149011612
165.288,1.0,9.812175584998396,0.10000000149011612
165.337,1.0,9.626093233832055,0.10000000149011612
165.379,1.0,9.818540448115932,0.10000000149011612
165.436,1.0,9.784492663583821,0.10000000149011612
165.489,1.0,9.81236664770792,0.10000000149011612
165.537,1.0,9.619804620246093,0.10000000149011612
165.587,1.0,9.81204459025628,0.10000000149011612
165.638,1.0,9.78469131818662,0.10000000149011612
165.695,1.0,9.757081404390435,0.10000000149011612
165.747,1.0,9.812150157553454,0.10000000149011612
165.787,1.0,9.790696335273484,0.10000000149011612
165.839,1.0,9.729468839884632,0.10000000149011612
165.887,1.0,9.736323065931598,0.10000000149011612
165.94,1.0,9.791295580483146,0.10000000149011612
165.993,1.0,9.894594542909827,0.10000000149011612
166.042,1.0,9.653501467862062,0.10000000149011612
166.095,1.0,9.757086518696612,0.10000000149011612
166.15,1.0,9.83935427845766,0.10000000149011612
166.194,1.0,9.626261737156245,0.10000000149011612
166.244,1.0,9.729547953916093,0.10000000149011612
166.297,1.0,9.647699043589334,0.10000000149011612
166.347,1.0,9.647315717819664,0.10000000149011612
166.395,1.0,9.81228973041806,0.10000000149011612
166.443,1.0,9.812141400327285,0.10000000149011612
166.494,1.0,9.625889678092467,0.10000000149011612
166.546,1.0,9.763268225619363,0.10000000149011612
166.598,1.0,9.784604711085558,0.10000000149011612
166.647,1.0,9.757293050487837,0.10000000149011612
166.704,1.0,9.619786886436243,0.10000000149011612
166.748,1.0,9.894603407486445,0.10000000149011612
166.8,1.0,9.757119823723203,0.10000000149011612
166.85,1.0,9.702271125651896,0.10000000149011612
166.897,1.0,9.784455556256903,0.10000000149011612
166.948,1.0,9.757033103000786,0.10000000149011612
167.001,1.0,9.70223545672165,0.10000000149011612
167.05,1.0,9.7845399438714,0.10000000149011612
167.1,1.0,9.756821826907496,0.10000000149011612
167.155,1.0,9.763488055186139,0.10000000149011612
167.206,1.0,9.729542875207132,0.10000000149011612
167.256,1.0,9.70211629530208,0.10000000149011612
167.305,1.0,9.867079694879552,0.10000000149011612
167.356,1.0,9.763556721558173,0.10000000149011612
167.416,1.0,9.784579455252324,0.10000000149011612
167.459,1.0,9.784504426456987,0.10000000149011612
167.51,1.0,9.900793885894947,0.10000000149011612
167.559,1.0,9.729529561081694,0.10000000149011612
167.624,1.0,9.626094486357438,0.10000000149011612
167.659,1.0,9.812328347418871,0.10000000149011612
167.709,1.0,9.757285131224327,0.10000000149011612
167.759,1.0,9.784466479718684,0.10000000149011612
167.812,1.0,9.729604246260392,0.10000000149011612
167.86,1.0,9.839556619545652,0.10000000149011612
167.909,1.0,9.674810456298292,0.10000000149011612
167.962,1.0,9.729775487403902,0.10000000149011612
168.011,1.0,9.735828874363667,0.10000000149011612
168.064,1.0,9.757332073835036,0.10000000149011612
168.111,1.0,9.763511954289344,0.10000000149011612
168.158,1.0,9.784513881119588,0.10000000149011612
168.209,1.0,9.811937944115035,0.10000000149011612
168.259,1.0,9.784688229920963,0.10000000149011612
168.314,1.0,9.79132533841249,0.10000000149011612
168.36,1.0,9.839650778348247,0.10000000149011612
168.41,1.0,9.68103232185046,0.10000000149011612
168.465,1.0,9.729470417338113,0.10000000149011612
168.509,1.0,9.790817012451589,0.10000000149011612
168.561,1.0,9.735970579294694,0.10000000149011612
168.611,1.0,9.708523710485961,0.10000000149011612
168.66,1.0,9.702104671837555,0.10000000149011612
168.71,1.0,9.763164524858196,0.10000000149011612
168.764,1.0,9.791466889406244,0.10000000149011612
168.812,1.0,9.72962451544073,0.10000000149011612
168.868,1.0,9.702070770909389,0.10000000149011612
168.919,1.0,9.68143569951256,0.10000000149011612
168.969,1.0,9.59255419181039,0.10000000149011612
169.019,1.0,9.921889562346042,0.10000000149011612
169.069,1.0,9.674501845426857,0.10000000149011612
169.118,1.0,9.75697640987734,0.10000000149011612
169.17,1.0,9.674991769798927,0.10000000149011612
169.227,1.0,9.571561968823273,0.10000000149011612
169.268,1.0,9.729447136488226,0.10000000149011612
169.303,1.0,9.866963956029052,0.10633871704339981
169.368,1.0,9.79079271244506,0.10000000149011612
169.418,1.0,9.67492534296794,0.10000000149011612
169.467,1.0,9.839372880736159,0.10000000149011612
169.517,1.0,9.67501700228701,0.10000000149011612
169.567,1.0,9.68071673291011,0.10000000149011612
169.626,1.0,9.702537050512102,0.10000000149011612
169.668,1.0,9.81203344255272,0.10000000149011612
169.723,1.0,9.647063658138116,0.10000000149011612
169.77,1.0,9.845929209929373,0.10000000149011612
169.823,1.0,9.846095016888446,0.10000000149011612
169.868,1.0,9.736216876593728,0.10000000149011612
169.914,1.0,9.839676107818054,0.10000000149011612
169.968,1.0,9.757015769018068,0.10000000149011612
170.018,1.0,9.757345274980697,0.10000000149011612
170.069,1.0,9.873384386528697,0.10000000149011612
170.121,1.0,9.735794224507279,0.10000000149011612
170.182,1.0,9.701952855164807,0.10000000149011612
170.231,1.0,9.922030559596088,0.13900640606880188
170.283,1.0,9.647454616903431,0.10000000149011612
170.337,1.0,9.867097239113516,0.10000000149011612
170.388,1.0,9.763349594693217,0.10000000149011612
170.434,1.0,9.70875948342598,0.10000000149011612
170.488,1.0,9.565169473820262,0.10000000149011612
170.534,1.0,9.867009448756773,0.1087075024843216
170.584,1.0,9.894537492158513,0.10000000149011612
170.634,1.0,9.674962156265973,0.10000000149011612
170.685,1.0,9.812013694685366,0.10000000149011612
170.733,1.0,9.784810196877354,0.10000000149011612
170.786,1.0,9.812306305186617,0.10000000149011612
170.832,1.0,9.784618407943183,0.10000000149011612
170.887,1.0,9.769759533906148,0.10000000149011612
170.935,1.0,9.701928827207949,0.10000000149011612
170.987,1.0,9.70247823972669,0.10000000149011612
171.034,1.0,9.708778909573125,0.10000000149011612
171.084,1.0,9.757394943572582,0.10000000149011612
171.134,1.0,9.921857725559837,0.11041032522916794
171.183,1.0,9.784667384065688,0.10000000149011612
171.235,1.0,9.730035008552173,0.10000000149011612
171.279,1.0,9.839497424061928,0.10000000149011612
171.335,1.0,9.839734288035995,0.10000000149011612
171.385,1.0,9.64714753360798,0.10000000149011612
171.434,1.0,9.592105830771228,0.10000000149011612
171.485,1.0,9.866961791387034,0.10000000149011612
171.536,1.0,9.702233197477957,0.10000000149011612
171.576,1.0,9.811789870282842,0.10000000149011612
171.636,1.0,9.812121857516468,0.10000000149011612
171.685,1.0,9.784499785117806,0.10000000149011612
171.745,1.0,9.729749892134633,0.10000000149011612
171.788,1.0,9.894450394043492,0.10000000149011612
171.838,1.0,9.674796388008529,0.10000000149011612
171.889,1.0,9.64736232271211,0.10000000149011612
171.938,1.0,9.839855672067237,0.10000000149011612
171.988,1.0,9.78448934894469,0.10000000149011612
172.038,1.0,9.6536293581749,0.10000000149011612
172.088,1.0,9.784619284773038,0.10000000149011612
172.139,1.0,9.756913251926502,0.10000000149011612
172.191,1.0,9.757026137494378,0.10000000149011612
172.238,1.0,9.647032311331067,0.10000000149011612
172.29,1.0,9.653823039742807,0.10000000149011612
172.348,1.0,9.78455291831245,0.10000000149011612
172.388,1.0,9.839854598024653,0.10000000149011612
172.444,1.0,9.757062074210909,0.10000000149011612
172.491,1.0,9.674785528435475,0.10000000149011612
172.537,1.0,9.729738587782615,0.10000000149011612
172.593,1.0,9.812090457541247,0.10000000149011612
172.644,1.0,9.757192281654312,0.10000000149011612
172.692,1.0,9.757396104373038,0.10000000149011612
172.744,1.0,9.757141861547199,0.10000000149011612
172.792,1.0,9.757407828523881,0.10000000149011612
172.845,1.0,9.702376069645915,0.10000000149011612
172.896,1.0,9.784616491157148,0.10000000149011612
172.944,1.0,9.674819532036782,0.10000000149011612
172.995,1.0,9.812134329602122,0.10000000149011612
173.042,1.0,9.653857723851171,0.10000000149011612
173.091,1.0,9.839682286356886,0.10000000149011612
173.144,1.0,9.674753922782838,0.10000000149011612
173.194,1.0,9.784872961582408,0.10000000149011612
173.242,1.0,9.790765818436112,0.10000000149011612
173.297,1.0,9.78471538308594,0.10000000149011612
173.348,1.0,9.729615883073873,0.10000000149011612
173.392,1.0,9.7572292411079,0.10000000149011612
173.447,1.0,9.729481672288642,0.10000000149011612
173.493,1.0,9.736138187452323,0.10000000149011612
173.541,1.0,9.702162399681079,0.10000000149011612
173.593,1.0,9.839807390400933,0.10000000149011612
173.642,1.0,9.839546062404082,0.10000000149011612
173.695,1.0,9.867019855044783,0.10000000149011612
173.747,1.0,9.75728630427685,0.10000000149011612
173.793,1.0,9.729755195499294,0.10000000149011612
173.843,1.0,9.626493115764525,0.10000000149011612
173.896,1.0,9.75712060228818,0.10000000149011612
173.943,1.0,9.729567420048019,0.10000000149011612
173.994,1.0,9.839402313758102,0.10000000149011612
174.046,1.0,9.757180533578826,0.10000000149011612
174.094,1.0,9.592262111169596,0.10000000149011612
174.143,1.0,9.757242442522612,0.10000000149011612
174.194,1.0,9.71483515885969,0.10000000149011612
174.247,1.0,9.70226620555752,0.10000000149011612
174.292,1.0,9.818577810314794,0.10000000149011612
174.343,1.0,9.784678637132876,0.10000000149011612
174.393,1.0,9.811952218578922,0.10000000149011612
174.447,1.0,9.702029584017065,0.10000000149011612
174.494,1.0,9.680789535368483,0.10000000149011612
174.55,1.0,9.620074378699064,0.10000000149011612
174.602,1.0,9.619771960936486,0.10000000149011612
174.649,1.0,9.76357912408809,0.10000000149011612
174.702,1.0,9.74226562887844,0.10000000149011612
174.75,1.0,9.812059524013764,0.10000000149011612
174.802,1.0,9.75719178447293,0.10000000149011612
174.851,1.0,9.784706356086664,0.10000000149011612
174.899,1.0,9.784857222562035,0.10000000149011612
174.951,1.0,9.784618156651655,0.10000000149011612
174.999,1.0,9.674880857931242,0.10000000149011612
175.045,1.0,9.729833945983813,0.10000000149011612
175.108,1.0,9.729666388490134,0.10000000149011612
175.149,1.0,9.757235883673031,0.10000000149011612
175.199,1.0,9.619882660255664,0.10000000149011612
175.26,1.0,9.735992900013096,0.10000000149011612
175.304,1.0,9.784698354432152,0.10000000149011612
175.357,1.0,9.73579775798652,0.10000000149011612
175.404,1.0,9.757269261591137,0.10000000149011612
175.456,1.0,9.81196999479499,0.10000000149011612
175.505,1.0,9.702181624766025,0.10000000149011612
175.553,1.0,9.757021384541359,0.10000000149011612
175.604,1.0,9.708179722581473,0.10000000149011612
175.654,1.0,9.757101525262826,0.10000000149011612
175.703,1.0,9.757127230345375,0.10000000149011612
175.761,1.0,9.81219895504829,0.10000000149011612
175.804,1.0,9.708715544972154,0.10000000149011612
175.859,1.0,9.714813088811933,0.10000000149011612
175.907,1.0,9.647347304473321,0.10000000149011612
175.954,1.0,9.839384445154833,0.10000000149011612
176.005,1.0,9.812140264093047,0.10000000149011612
176.054,1.0,9.707893981763887,0.10000000149011612
176.104,1.0,9.729776911685864,0.10000000149011612
176.154,1.0,9.839461978028218,0.10000000149011612
176.207,1.0,9.730019626745747,0.10000000149011612
176.255,1.0,9.78473421347638,0.10000000149011612
176.304,1.0,9.647295932119919,0.10000000149011612
176.349,1.0,9.757355899984638,0.10000000149011612
176.405,1.0,9.702171740846502,0.10000000149011612
176.454,1.0,9.702117866070735,0.10000000149011612
176.506,1.0,9.894477026930286,0.10000000149011612
176.555,1.0,9.757077007782128,0.10000000149011612
176.603,1.0,9.756989613320265,0.10000000149011612
176.657,1.0,9.73608497571614,0.10000000149011612
176.709,1.0,9.73581936634663,0.10000000149011612
176.754,1.0,9.784446056952907,0.10000000149011612
176.804,1.0,9.73593683042046,0.10000000149011612
176.854,1.0,9.647403161745105,0.10000000149011612
176.9,1.0,9.757328301895823,0.10000000149011612
176.961,1.0,9.839517698871592,0.10000000149011612
177.006,1.0,9.839326226442225,0.10000000149011612
177.054,1.0,9.729678750493461,0.10000000149011612
177.102,1.0,9.729861329599387,0.10000000149011612
177.157,1.0,9.818510918484794,0.10000000149011612
177.204,1.0,9.674907570518553,0.10000000149011612
177.258,1.0,9.729833950619732,0.10000000149011612
177.308,1.0,9.757131813839077,0.10000000149011612
177.355,1.0,9.839516162603266,0.10000000149011612
177.412,1.0,9.894734645821154,0.10000000149011612
177.455,1.0,9.674987479775316,0.10000000149011612
177.505,1.0,9.647155378820996,0.10000000149011612
177.555,1.0,9.839540596409805,0.10000000149011612
177.605,1.0,9.812038501331376,0.10000000149011612
177.656,1.0,9.735632303626174,0.10000000149011612
177.701,1.0,9.702211635063092,0.10000000149011612
177.755,1.0,9.72968553935902,0.10000000149011612
177.806,1.0,9.818591020359762,0.10000000149011612
177.862,1.0,9.702275942265988,0.10000000149011612
177.91,1.0,9.7296322868723,0.10000000149011612
177.959,1.0,9.592105165206723,0.10000000149011612
178.016,1.0,9.757154348596103,0.10000000149011612
178.06,1.0,9.647645227528281,0.10000000149011612
178.111,1.0,9.784616117469138,0.10000000149011612
178.162,1.0,9.626093239813216,0.10000000149011612
178.211,1.0,9.757154713674552,0.10000000149011612
178.265,1.0,9.729632126788298,0.10000000149011612
178.318,1.0,9.873592096153233,0.10000000149011612
178.36,1.0,9.757166307129793,0.10000000149011612
178.409,1.0,9.647678895377451,0.10000000149011612
178.463,1.0,9.784748426845503,0.10000000149011612
178.51,1.0,9.7845439205774,0.10000000149011612
178.563,1.0,9.675048863805003,0.10000000149011612
178.614,1.0,9.839550945100685,0.10986383259296417
178.669,1.0,9.757051223309503,0.10000000149011612
178.714,1.0,9.702148127100534,0.10000000149011612
178.765,1.0,9.729739289751484,0.10000000149011612
178.815,1.0,9.894397437551783,0.10000000149011612
178.865,1.0,9.867126257282992,0.10000000149011612
178.923,1.0,9.653480047918856,0.10000000149011612
178.965,1.0,9.757251747718287,0.10000000149011612
179.015,1.0,9.549886408717269,0.10000000149011612
179.067,1.0,9.83990646182663,0.10000000149011612
179.121,1.0,9.757270155246887,0.10000000149011612
179.173,1.0,9.75716884771569,0.10000000149011612
179.219,1.0,9.757151268381211,0.10000000149011612
179.27,1.0,9.729545653176805,0.10000000149011612
179.322,1.0,9.81829235808303,0.10000000149011612
179.369,1.0,9.791043040590981,0.10000000149011612
179.419,1.0,9.543946378885044,0.10000000149011612
179.47,1.0,9.592141890111897,0.10000000149011612
179.524,1.0,9.619955339199967,0.10000000149011612
179.569,1.0,9.75725835474829,0.10000000149011612
179.617,1.0,9.784644478083484,0.10000000149011612
179.67,1.0,9.791061915850474,0.10000000149011612
179.72,1.0,9.839399075259765,0.10000000149011612
179.769,1.0,9.839455105943813,0.10000000149011612
179.818,1.0,9.845986284274193,0.10000000149011612
179.868,1.0,9.729681317570309,0.10000000149011612
179.923,1.0,9.784651036974456,0.10000000149011612
179.968,1.0,9.591956574738854,0.10000000149011612
180.018,1.0,9.730047063446706,0.10000000149011612
180.069,1.0,9.681381497014728,0.10000000149011612
180.118,1.0,9.812089134028389,0.10000000149011612
