Timestamp,Valid Ratio,Mean Range,Min Range
0.222,1.0,9.835409259237348,0.10000000149011612
0.271,1.0,9.835041430282097,0.10000000149011612
0.321,1.0,9.807612157488864,0.10000000149011612
0.371,1.0,9.697673997179502,0.10000000149011612
0.421,1.0,9.945000000008278,0.10000000149011612
0.471,1.0,9.670734049214257,0.10000000149011612
0.521,1.0,9.807760669311715,0.10000000149011612
0.571,1.0,9.780272162167563,0.10000000149011612
0.621,1.0,9.698013128754166,0.10000000149011612
0.671,1.0,9.91779619620906,0.1274217665195465
0.721,1.0,9.72533751440545,0.10000000149011612
0.771,1.0,9.725331204425958,0.10000000149011612
0.821,1.0,9.807607416622341,0.10000000149011612
0.871,1.0,9.780357913817797,0.10000000149011612
0.921,1.0,9.697829875639743,0.10000000149011612
0.971,1.0,9.670595978924798,0.10000000149011612
1.021,1.0,9.835170372720395,0.10000000149011612
1.071,1.0,9.780400290133224,0.10000000149011612
1.121,1.0,9.780300241439706,0.10000000149011612
1.171,1.0,9.780163919015063,0.10000000149011612
1.221,1.0,9.725162793282006,0.10000000149011612
1.271,1.0,9.780485134716663,0.10000000149011612
1.321,1.0,9.862500000020695,0.10000000149011612
1.371,1.0,9.752905760560598,0.10000000149011612
1.421,1.0,9.835104259062145,0.10000000149011612
1.471,1.0,9.752831755454341,0.10000000149011612
1.522,1.0,9.725256222010486,0.10000000149011612
1.571,1.0,9.807761356876128,0.10000000149011612
1.621,1.0,9.807699192460213,0.10000000149011612
1.671,1.0,9.807804323877725,0.10000000149011612
1.721,1.0,9.807838641914229,0.10000000149011612
1.771,1.0,9.835323920701112,0.10000000149011612
1.821,1.0,9.835144017450512,0.10000000149011612
1.8719999999999999,1.0,9.780092422622774,0.10000000149011612
1.923,1.0,9.752730482175119,0.10000000149011612
1.971,1.0,9.835202611775863,0.10000000149011612
2.021,1.0,9.835198725159797,0.10000000149011612
2.071,1.0,9.80750732196288,0.10000000149011612
2.121,1.0,9.945080106643339,0.10000000149011612
2.171,1.0,9.862655592502819,0.10000000149011612
2.221,1.0,9.725251689222123,0.10000000149011612
2.271,1.0,9.725187998058068,0.10000000149011612
2.322,1.0,9.807519049756229,0.10000000149011612
2.374,1.0,9.807735864176518,0.10000000149011612
2.422,1.0,9.862680040403372,0.10000000149011612
2.475,1.0,9.807847896859878,0.10000000149011612
2.525,1.0,9.752742637838754,0.10000000149011612
2.576,1.0,9.78032855434964,0.10000000149011612
2.625,1.0,9.807679850173493,0.10000000149011612
2.675,1.0,9.917605825886131,0.10000000149011612
2.724,1.0,9.725403191790813,0.10000000149011612
2.775,1.0,9.780556174636715,0.10000000149011612
2.825,1.0,9.835145515244868,0.10000000149011612
2.874,1.0,9.780211684935622,0.10000000149011612
2.924,1.0,9.780217820985449,0.10000000149011612
2.974,1.0,9.807835194737548,0.10000000149011612
3.024,1.0,9.862522832945817,0.10000000149011612
3.077,1.0,9.725166767773528,0.10000000149011612
3.118,1.0,9.890218608371086,0.10000000149011612
3.172,1.0,9.780331167682178,0.10000000149011612
3.225,1.0,9.945000000008278,0.10000000149011612
3.279,1.0,9.752570648739736,0.10000000149011612
3.334,1.0,9.862725961353217,0.10000000149011612
3.377,1.0,9.752746132906113,0.10000000149011612
3.429,1.0,9.835183356453975,0.10000000149011612
3.479,1.0,9.780569855082366,0.10000000149011612
3.536,1.0,9.670496597554948,0.10000000149011612
3.585,1.0,9.752669011470344,0.10000000149011612
3.6390000000000002,1.0,9.807776752797265,0.10000000149011612
3.682,1.0,9.890229119194878,0.10000000149011612
3.734,1.0,9.780344474377731,0.10000000149011612
3.787,1.0,9.69768245410588,0.10000000149011612
3.832,1.0,9.835294585323169,0.10000000149011612
3.886,1.0,9.862722242892616,0.10000000149011612
3.934,1.0,9.862694150602652,0.10000000149011612
3.982,1.0,9.972531029871769,0.11117075383663177
4.037,1.0,9.807831950485706,0.10000000149011612
4.086,1.0,9.752892716001305,0.10000000149011612
4.134,1.0,9.835049805603921,0.10000000149011612
4.184,1.0,9.725609952294164,0.10000000149011612
4.239,1.0,9.697842983156443,0.10000000149011612
4.286,1.0,9.780278895526296,0.10000000149011612
4.335,1.0,9.807649223278794,0.10000000149011612
4.3870000000000005,1.0,9.780288962709408,0.10000000149011612
4.439,1.0,9.835006752982736,0.10000000149011612
4.487,1.0,9.780396611326271,0.10000000149011612
4.537,1.0,9.807821586417655,0.10000000149011612
4.587,1.0,9.697855675799978,0.10000000149011612
4.639,1.0,9.89022941754924,0.10000000149011612
4.687,1.0,9.80765660583145,0.10000000149011612
4.736,1.0,9.752703224598534,0.10000000149011612
4.789,1.0,9.615467398365338,0.10000000149011612
4.839,1.0,9.75272221867409,0.10000000149011612
4.89,1.0,9.752992016470266,0.10000000149011612
4.943,1.0,9.780139973159466,0.10000000149011612
4.985,1.0,9.890000000016556,0.10000000149011612
5.039,1.0,9.780380241179632,0.10000000149011612
5.089,1.0,9.69785065477093,0.10000000149011612
5.138,1.0,9.752733966397743,0.10000000149011612
5.189,1.0,9.917597380570239,0.10000000149011612
5.239,1.0,9.862671438666682,0.10000000149011612
5.289,1.0,9.86254167041431,0.10000000149011612
5.342,1.0,9.917674427438113,0.10146400332450867
5.394,1.0,9.807868943673869,0.10000000149011612
5.439,1.0,9.670422227929036,0.10000000149011612
5.4879999999999995,1.0,9.862710150000122,0.10866100341081619
5.542,1.0,9.752635166193876,0.10000000149011612
5.588,1.0,9.835404546165632,0.10000000149011612
5.641,1.0,9.917578377574682,0.10000000149011612
5.689,1.0,9.862530106575125,0.10000000149011612
5.74,1.0,9.780264395868613,0.10000000149011612
5.795,1.0,9.80765275719265,0.10000000149011612
5.845,1.0,9.807733265890015,0.10000000149011612
5.892,1.0,9.835408947865169,0.10000000149011612
5.943,1.0,9.835341966980033,0.10000000149011612
5.994,1.0,9.835312154247529,0.10000000149011612
6.043,1.0,9.780238900995917,0.10000000149011612
6.091,1.0,9.780229381761616,0.10000000149011612
6.144,1.0,9.80777461917864,0.10000000149011612
6.198,1.0,9.807905807449586,0.10000000149011612
6.252,1.0,9.780346321728494,0.10000000149011612
6.293,1.0,9.725296942372289,0.10000000149011612
6.345,1.0,9.86271306524674,0.10000000149011612
6.394,1.0,9.890140066233775,0.10000000149011612
6.448,1.0,9.780551497265696,0.10000000149011612
6.493,1.0,9.862805783645147,0.10000000149011612
6.538,1.0,9.83536198006736,0.10000000149011612
6.592,1.0,9.835270179228651,0.10000000149011612
6.643,1.0,9.75283075744907,0.10000000149011612
6.692,1.0,9.862732317650483,0.10000000149011612
6.744,1.0,9.78025963149137,0.10000000149011612
6.793,1.0,9.780162133048806,0.10000000149011612
6.843,1.0,9.835127227815489,0.10000000149011612
6.894,1.0,9.807738553380801,0.10000000149011612
6.942,1.0,9.780226046074596,0.10000000149011612
6.992,1.0,9.780302505712543,0.10000000149011612
7.047,1.0,9.752811565643384,0.10000000149011612
7.093,1.0,9.862662910483778,0.10000000149011612
7.148,1.0,9.807694932859805,0.10000000149011612
7.193,1.0,9.835293694689042,0.10000000149011612
7.244,1.0,9.780421866993937,0.10000000149011612
7.294,1.0,9.752879369672801,0.10000000149011612
7.344,1.0,9.83534311103738,0.10000000149011612
7.394,1.0,9.615285097331636,0.10000000149011612
7.448,1.0,9.862638726954659,0.10000000149011612
7.501,1.0,9.917741430633598,0.11500120162963867
7.5440000000000005,1.0,9.752606389568085,0.10000000149011612
7.599,1.0,9.725305571200119,0.10000000149011612
7.6530000000000005,1.0,9.86258945076002,0.10000000149011612
7.701,1.0,9.890182266570628,0.10000000149011612
7.752,1.0,9.670372563745413,0.10000000149011612
7.795,1.0,9.725371833725108,0.10000000149011612
7.849,1.0,9.725159082416859,0.10000000149011612
7.901,1.0,9.86252966992971,0.10000000149011612
7.949,1.0,9.8077575068093,0.10000000149011612
8.005,1.0,9.835060800881022,0.10000000149011612
8.057,1.0,9.890340065914724,0.1120283454656601
8.099,1.0,9.807630422380235,0.10000000149011612
8.149,1.0,9.780280190499292,0.10000000149011612
8.201,1.0,9.862697897251282,0.10000000149011612
8.258,1.0,9.780292097934419,0.10000000149011612
8.309,1.0,9.862541189769075,0.10000000149011612
8.356,1.0,9.83509036143207,0.10000000149011612
8.409,1.0,9.83502281844202,0.10000000149011612
8.456,1.0,9.780198227821124,0.10000000149011612
8.509,1.0,9.643200135127538,0.10000000149011612
8.563,1.0,9.780418841499422,0.10000000149011612
8.614,1.0,9.835247720488244,0.10000000149011612
8.666,1.0,9.670414388966229,0.10000000149011612
8.717,1.0,9.835129306279123,0.10000000149011612
8.774000000000001,1.0,9.752796129447718,0.10000000149011612
8.818,1.0,9.862809065770772,0.10000000149011612
8.868,1.0,9.752775675637855,0.10000000149011612
8.918,1.0,9.917611337266862,0.10000000149011612
8.968,1.0,9.835160036819676,0.10000000149011612
9.023,1.0,9.64276565261599,0.10000000149011612
9.068,1.0,9.835092786099349,0.10000000149011612
9.118,1.0,9.67028916331215,0.10000000149011612
9.167,1.0,9.78035477447427,0.10000000149011612
9.219,1.0,9.890342168075342,0.10000000149011612
9.261,1.0,9.78013059536202,0.10000000149011612
9.316,1.0,9.862643790928026,0.10000000149011612
9.368,1.0,9.67019781799366,0.10000000149011612
9.417,1.0,9.643169273311893,0.10000000149011612
9.469,1.0,9.780289201873044,0.10000000149011612
9.526,1.0,9.8079237918266,0.10000000149011612
9.571,1.0,9.862598417326808,0.10000000149011612
9.624,1.0,9.917696870180468,0.10000000149011612
9.675,1.0,9.890041623016199,0.10000000149011612
9.722,1.0,9.835256871022285,0.10000000149011612
9.774000000000001,1.0,9.752815357678466,0.10000000149011612
9.822,1.0,9.807668810586135,0.10000000149011612
9.877,1.0,9.807629207687246,0.10000000149011612
9.922,1.0,9.725300641502772,0.10000000149011612
9.973,1.0,9.807720509212878,0.10000000149011612
10.027,1.0,9.697701168722576,0.10000000149011612
10.074,1.0,9.697711176404523,0.10000000149011612
10.127,1.0,9.862616422772408,0.10000000149011612
10.172,1.0,9.807642459082935,0.10000000149011612
10.222,1.0,9.725442409432597,0.10000000149011612
10.285,1.0,9.80766648641891,0.10000000149011612
10.322,1.0,9.80753776760151,0.10000000149011612
10.379,1.0,9.780180833405918,0.10000000149011612
10.428,1.0,9.807585873827339,0.10000000149011612
10.477,1.0,9.670495973941353,0.10000000149011612
10.527,1.0,9.725192480596403,0.10000000149011612
10.576,1.0,9.7529816178398,0.10000000149011612
10.626,1.0,9.91765757339696,0.10000000149011612
10.675,1.0,9.670352741599912,0.10000000149011612
10.725999999999999,1.0,9.862687079836096,0.10000000149011612
10.776,1.0,9.69776646339645,0.10000000149011612
10.83,1.0,9.670348238282733,0.10000000149011612
10.882,1.0,9.780220894784563,0.10000000149011612
10.926,1.0,9.752794160735275,0.10000000149011612
10.975,1.0,9.697751909163262,0.10000000149011612
11.029,1.0,9.725520837824378,0.10000000149011612
11.07,1.0,9.78031282996138,0.10000000149011612
11.127,1.0,9.780321043336556,0.10000000149011612
11.174,1.0,9.807834062932265,0.10000000149011612
11.228,1.0,9.752861578886707,0.10000000149011612
11.276,1.0,9.835185640491545,0.10000000149011612
11.328,1.0,9.670290114316675,0.10000000149011612
11.376,1.0,9.917620463917652,0.10000000149011612
11.428,1.0,9.807679725190004,0.10000000149011612
11.475999999999999,1.0,9.890000000016556,0.10000000149011612
11.532,1.0,9.890171388288339,0.10000000149011612
11.577,1.0,9.890114166608287,0.10000000149011612
11.637,1.0,9.862712174074517,0.10000000149011612
11.684,1.0,9.86258182991296,0.10000000149011612
11.728,1.0,9.862941909933255,0.10000000149011612
11.78,1.0,9.890136464085016,0.10000000149011612
11.834,1.0,9.83520011148519,0.10000000149011612
11.878,1.0,9.752679239710172,0.10000000149011612
11.935,1.0,9.835012522546782,0.10000000149011612
11.983,1.0,9.835228994447323,0.10000000149011612
12.03,1.0,9.752908423749936,0.10000000149011612
12.08,1.0,9.615416992269456,0.10000000149011612
12.135,1.0,9.862619766862029,0.10000000149011612
12.184,1.0,9.862682927399874,0.10000000149011612
12.231,1.0,9.780279743050535,0.10000000149011612
12.282,1.0,9.835112917692298,0.10000000149011612
12.333,1.0,9.780168447871175,0.10000000149011612
12.383,1.0,9.835329186564518,0.10000000149011612
12.433,1.0,9.890082375518977,0.10000000149011612
12.483,1.0,9.890308820435571,0.10000000149011612
12.533,1.0,9.835056888601846,0.10000000149011612
12.581,1.0,9.725530294453105,0.10000000149011612
12.639,1.0,9.752775423145957,0.10000000149011612
12.683,1.0,9.835167909310096,0.10000000149011612
12.735,1.0,9.945000000008278,0.10000000149011612
12.788,1.0,9.780552327694993,0.10000000149011612
12.835,1.0,9.587791523233884,0.10000000149011612
12.889,1.0,9.807500000028975,0.10000000149011612
12.934,1.0,9.752802768246168,0.10000000149011612
12.987,1.0,9.807605918972856,0.10000000149011612
13.039,1.0,9.588471241895522,0.10000000149011612
13.093,1.0,9.780160450873275,0.10000000149011612
13.139,1.0,9.752928568050265,0.10000000149011612
13.189,1.0,9.698035554794801,0.10000000149011612
13.239,1.0,9.862624387049841,0.10000000149011612
13.291,1.0,9.862686813560625,0.10000000149011612
13.341,1.0,9.890094090232418,0.10000000149011612
13.39,1.0,9.835025415010751,0.10000000149011612
13.441,1.0,9.780452276642125,0.10000000149011612
13.492,1.0,9.67006907771445,0.10000000149011612
13.54,1.0,9.807630791225368,0.10000000149011612
13.589,1.0,9.78031659755442,0.10000000149011612
13.64,1.0,9.890172483026982,0.10000000149011612
13.701,1.0,9.780327629111706,0.10000000149011612
13.744,1.0,9.862652950030235,0.10000000149011612
13.797,1.0,9.72524088209288,0.10000000149011612
13.848,1.0,9.780400216413868,0.10000000149011612
13.899000000000001,1.0,9.807774120858975,0.10000000149011612
13.951,1.0,9.862669094734722,0.10000000149011612
13.996,1.0,9.83522274930858,0.10000000149011612
14.051,1.0,9.642827371983893,0.10000000149011612
14.102,1.0,9.807679349763525,0.10000000149011612
14.153,1.0,9.72525758439054,0.10000000149011612
14.201,1.0,9.752572533653842,0.10000000149011612
14.25,1.0,9.917636264902022,0.10000000149011612
14.301,1.0,9.780351089168754,0.10000000149011612
14.350999999999999,1.0,9.835221505247885,0.10000000149011612
14.4,1.0,10.0,10.0
14.45,1.0,9.835236280411483,0.10000000149011612
14.5,1.0,9.862757570317221,0.10000000149011612
14.553,1.0,9.780057421699166,0.10000000149011612
14.607,1.0,9.917598978243769,0.10000000149011612
14.655,1.0,9.835242397462329,0.10000000149011612
14.703,1.0,9.835297378959755,0.10000000149011612
14.753,1.0,9.807628891078963,0.10000000149011612
14.804,1.0,9.862770839242472,0.10946733504533768
14.857,1.0,9.835304689158995,0.10000000149011612
14.901,1.0,9.780293452781107,0.10000000149011612
14.954,1.0,9.835125791716079,0.10000000149011612
15.003,1.0,9.587998962919745,0.10000000149011612
15.056,1.0,9.835045864122609,0.10000000149011612
15.11,1.0,9.89005241609282,0.10000000149011612
15.151,1.0,9.945159971983069,0.12393730133771896
15.21,1.0,9.917500000012417,0.10000000149011612
15.254,1.0,9.752915505257745,0.10000000149011612
15.31,1.0,9.69791472291367,0.10000000149011612
15.358,1.0,9.670598191850715,0.10000000149011612
15.408,1.0,9.83503887616098,0.10000000149011612
15.459,1.0,9.835345933772624,0.10000000149011612
15.505,1.0,9.890076739237541,0.10000000149011612
15.559,1.0,9.697655676139725,0.10000000149011612
15.612,1.0,9.78022683536013,0.10000000149011612
15.658,1.0,9.917500000012417,0.10000000149011612
15.708,1.0,9.670278211372594,0.10000000149011612
15.759,1.0,9.725792687945068,0.10000000149011612
15.809,1.0,9.945000000008278,0.10000000149011612
15.861,1.0,9.89030086296714,0.10000000149011612
15.909,1.0,9.670259564059476,0.10000000149011612
15.958,1.0,9.560714356394278,0.10000000149011612
16.008,1.0,9.862583266902302,0.10000000149011612
16.057,1.0,9.807638813099928,0.10000000149011612
16.11,1.0,9.752890140459769,0.10000000149011612
16.158,1.0,9.72541812914941,0.10000000149011612
16.208,1.0,9.752777047476007,0.10000000149011612
16.262,1.0,9.752816873830225,0.10000000149011612
16.31,1.0,9.670421435704661,0.10000000149011612
16.358,1.0,9.86266785611709,0.10000000149011612
16.408,1.0,9.697770969072979,0.10000000149011612
16.458,1.0,9.752819100539718,0.10000000149011612
16.51,1.0,9.835198920385706,0.10000000149011612
16.554,1.0,9.862740032167899,0.10000000149011612
16.608,1.0,9.862630329653621,0.10000000149011612
16.66,1.0,9.83516847818262,0.10000000149011612
16.705,1.0,9.780162665723926,0.10000000149011612
16.758,1.0,9.780325319431721,0.10000000149011612
16.81,1.0,9.862804732430313,0.10000000149011612
16.859,1.0,9.862616430802477,0.10000000149011612
16.913,1.0,9.917596061486337,0.10000000149011612
16.963,1.0,9.78021563726167,0.10000000149011612
17.01,1.0,9.780155464220378,0.10000000149011612
17.064,1.0,9.835262693775197,0.10000000149011612
17.111,1.0,9.835297227361137,0.10000000149011612
17.162,1.0,9.890222208408845,0.10000000149011612
17.213,1.0,9.8075646246473,0.10000000149011612
17.271,1.0,9.8352783623048,0.10000000149011612
17.316,1.0,9.698071112814876,0.10000000149011612
17.362,1.0,9.6429191418613,0.10000000149011612
17.415,1.0,9.835429545802375,0.10000000149011612
17.462,1.0,9.945101351104677,0.10000000149011612
17.517,1.0,9.807898116836117,0.10000000149011612
17.561,1.0,9.80777673955179,0.10000000149011612
17.612,1.0,9.835178438160154,0.10000000149011612
17.663,1.0,9.835124000782768,0.10000000149011612
17.719,1.0,9.835288459455802,0.10000000149011612
17.766,1.0,9.890139388831125,0.10000000149011612
17.818,1.0,9.752816872857512,0.10000000149011612
17.866,1.0,9.780132737072806,0.10000000149011612
17.922,1.0,9.725399630703032,0.10000000149011612
17.976,1.0,9.72554524840994,0.10000000149011612
18.017,1.0,9.75272576171491,0.10000000149011612
18.066,1.0,9.780335924339791,0.10000000149011612
18.116,1.0,9.725277377561563,0.10000000149011612
18.171,1.0,9.780376700767212,0.10000000149011612
18.223,1.0,9.780141251948145,0.10000000149011612
18.27,1.0,9.862586674425337,0.10000000149011612
18.32,1.0,9.78022457489537,0.10000000149011612
18.369,1.0,9.725308408981396,0.10000000149011612
18.419,1.0,9.8627049577112,0.10000000149011612
18.477,1.0,9.807791409331063,0.10000000149011612
18.519,1.0,9.890073315406012,0.10000000149011612
18.569,1.0,9.780104215029214,0.10000000149011612
18.62,1.0,9.835206465940509,0.10000000149011612
18.668,1.0,9.725093150366511,0.10000000149011612
18.719,1.0,9.890000000016556,0.10000000149011612
18.769,1.0,9.642717320865227,0.10000000149011612
18.819,1.0,9.69804167933762,0.10000000149011612
18.873,1.0,9.7802013369898,0.10000000149011612
18.919,1.0,9.697672029232812,0.10000000149011612
18.976,1.0,9.91760277642558,0.10000000149011612
19.034,1.0,9.835431907946864,0.10000000149011612
19.071,1.0,9.752766168490052,0.10000000149011612
19.12,1.0,9.835168353799316,0.10000000149011612
19.178,1.0,9.780240833345387,0.10000000149011612
19.235,1.0,9.917662113221983,0.10000000149011612
19.278,1.0,9.780236956228812,0.10000000149011612
19.331,1.0,9.6430123043557,0.10000000149011612
19.382,1.0,9.807816654733486,0.10000000149011612
19.431,1.0,9.890256512537599,0.10000000149011612
19.481,1.0,9.917735619429084,0.11427745223045349
19.547,1.0,9.835114635009733,0.10000000149011612
19.583,1.0,9.862538722157478,0.10000000149011612
19.636,1.0,9.835199956347545,0.10000000149011612
19.687,1.0,9.862611914281215,0.10000000149011612
19.735,1.0,9.807521190163161,0.10000000149011612
19.783,1.0,9.752989231463935,0.10000000149011612
19.837,1.0,9.752697602390414,0.10000000149011612
19.883,1.0,9.835332522975902,0.10000000149011612
19.934,1.0,9.807740416253607,0.10000000149011612
19.984,1.0,9.835205816705194,0.10000000149011612
20.034,1.0,9.83514041463948,0.10000000149011612
20.092,1.0,9.890232977871266,0.10000000149011612
20.142,1.0,9.807656957395375,0.10000000149011612
20.191,1.0,9.862629971073734,0.10000000149011612
20.239,1.0,9.78017950763719,0.10000000149011612
20.295,1.0,9.862607730014457,0.10000000149011612
20.338,1.0,9.835227678240173,0.10000000149011612
20.388,1.0,9.91754261954791,0.10000000149011612
20.44,1.0,9.78038782502214,0.10000000149011612
20.488,1.0,9.890085969223744,0.10000000149011612
20.546,1.0,9.725496487940351,0.10000000149011612
20.589,1.0,9.807720960800847,0.10000000149011612
20.643,1.0,9.890100243087444,0.10000000149011612
20.689,1.0,9.835242937608726,0.10000000149011612
20.746,1.0,9.807783092910217,0.10000000149011612
20.791,1.0,9.83544199363225,0.10000000149011612
20.847,1.0,9.862592269273268,0.10000000149011612
20.897,1.0,9.890130693465471,0.10000000149011612
20.949,1.0,9.807627646128337,0.10000000149011612
20.999,1.0,9.83516859581901,0.10000000149011612
21.059,1.0,9.862736352636583,0.10000000149011612
21.101,1.0,9.86269549926122,0.10000000149011612
21.148,1.0,9.807796882424089,0.10000000149011612
21.199,1.0,9.835424092991484,0.10000000149011612
21.25,1.0,9.75272472155177,0.10000000149011612
21.299,1.0,9.86259519741353,0.10000000149011612
21.35,1.0,9.862862948866354,0.10000000149011612
21.4,1.0,9.807799837531315,0.10000000149011612
21.45,1.0,9.945082490746346,0.10000000149011612
21.501,1.0,9.835230395860142,0.10000000149011612
21.557,1.0,9.890079134516418,0.10000000149011612
21.599,1.0,9.862659032622146,0.10000000149011612
21.664,1.0,9.780194720625877,0.10000000149011612
21.707,1.0,9.862700300891365,0.10000000149011612
21.758,1.0,9.86251196468042,0.10000000149011612
21.811,1.0,9.752822420332167,0.10000000149011612
21.86,1.0,9.835208279970619,0.10000000149011612
21.92,1.0,9.725204142120978,0.10000000149011612
21.966,1.0,9.752696363834872,0.10000000149011612
22.016,1.0,9.835364736471739,0.10000000149011612
22.077,1.0,9.807898651580844,0.10000000149011612
22.114,1.0,9.86274281044801,0.10000000149011612
22.164,1.0,9.725517338141799,0.10000000149011612
22.217,1.0,9.917565430369642,0.10000000149011612
22.266,1.0,9.780271075893607,0.10000000149011612
22.317,1.0,9.835054549305804,0.10000000149011612
22.367,1.0,9.83522386904806,0.10000000149011612
22.416,1.0,9.725393194932904,0.10000000149011612
22.469,1.0,9.835113574936987,0.10000000149011612
22.517,1.0,9.670592033262881,0.10000000149011612
22.566,1.0,9.835346651346319,0.10000000149011612
22.62,1.0,9.780380673892797,0.10000000149011612
22.672,1.0,9.725124589436584,0.10000000149011612
22.717,1.0,9.670577271779377,0.10000000149011612
22.77,1.0,9.780103214871552,0.10000000149011612
22.82,1.0,9.725419729161594,0.10000000149011612
22.867,1.0,9.697903199079963,0.10000000149011612
22.918,1.0,9.862520659466584,0.10000000149011612
22.968,1.0,9.752590579415362,0.10000000149011612
23.019,1.0,9.670233582870829,0.10000000149011612
23.071,1.0,9.89018499735329,0.10000000149011612
23.117,1.0,9.698038510854046,0.10000000149011612
23.167,1.0,9.83529541283432,0.10000000149011612
23.218,1.0,9.945000000008278,0.10000000149011612
23.267,1.0,9.697844301826423,0.10000000149011612
23.316,1.0,9.807649467409485,0.10000000149011612
23.371,1.0,9.780233143125143,0.10000000149011612
23.418,1.0,9.753043703010512,0.10000000149011612
23.47,1.0,9.753309854533937,0.10000000149011612
23.517,1.0,9.780247107665572,0.10000000149011612
23.569,1.0,9.697971343352563,0.10000000149011612
23.623,1.0,9.725541736682256,0.10000000149011612
23.667,1.0,9.835182606677215,0.10000000149011612
23.717,1.0,9.780240639174979,0.10000000149011612
23.767,1.0,9.835155557096005,0.10000000149011612
23.819,1.0,9.67042095772922,0.10000000149011612
23.868,1.0,9.917686181556848,0.10763200372457504
23.917,1.0,9.752795543087025,0.10000000149011612
23.967,1.0,9.835358554290401,0.10000000149011612
24.018,1.0,9.752623594096965,0.10000000149011612
24.077,1.0,9.697942548597025,0.10000000149011612
24.122,1.0,9.780247185669012,0.10000000149011612
24.173,1.0,9.83512309005277,0.10000000149011612
24.223,1.0,9.697943903112577,0.10000000149011612
24.273,1.0,9.835084139017596,0.10000000149011612
24.322,1.0,9.752973785603212,0.10000000149011612
24.374,1.0,9.78019304389341,0.10000000149011612
24.423,1.0,9.752942791125841,0.10000000149011612
24.476,1.0,9.917593391487996,0.10000000149011612
24.522,1.0,9.725275601343148,0.10000000149011612
24.573,1.0,9.807695659684638,0.10000000149011612
24.623,1.0,9.670216713286937,0.10000000149011612
24.677,1.0,9.89011571003745,0.10000000149011612
24.724,1.0,9.752877578946451,0.10000000149011612
24.773,1.0,9.890197883753313,0.10000000149011612
24.831,1.0,9.752742992300126,0.10000000149011612
24.879,1.0,9.80756155749162,0.10000000149011612
24.928,1.0,9.807657364259164,0.10000000149011612
24.985,1.0,9.862536304754515,0.10000000149011612
25.036,1.0,9.86257454223103,0.10000000149011612
25.085,1.0,9.725537285974456,0.10000000149011612
25.135,1.0,9.835220652094318,0.10000000149011612
25.187,1.0,9.807639925864835,0.10000000149011612
25.237,1.0,9.835185802872811,0.10000000149011612
25.286,1.0,9.780166190904048,0.10000000149011612
25.337,1.0,9.890100170816812,0.10000000149011612
25.388,1.0,9.642838626893031,0.10000000149011612
25.437,1.0,9.862704830223487,0.10000000149011612
25.486,1.0,9.807743706906008,0.10000000149011612
25.546,1.0,9.862718275313576,0.10000000149011612
25.592,1.0,9.835148345927397,0.10000000149011612
25.651,1.0,9.862811674301822,0.10000000149011612
25.701999999999998,1.0,9.697886464248102,0.10000000149011612
25.746,1.0,9.752931599339677,0.10000000149011612
25.796,1.0,9.780160268996324,0.10000000149011612
25.851,1.0,9.917558321543037,0.10000000149011612
25.897,1.0,9.78030906089892,0.10000000149011612
25.947,1.0,9.89027565214783,0.10610523819923401
25.994,1.0,9.835224044322967,0.10000000149011612
26.046,1.0,9.862750234372086,0.10000000149011612
26.099,1.0,9.780197155972322,0.10000000149011612
26.146,1.0,9.72526284781181,0.10000000149011612
26.203,1.0,9.780264732965993,0.10000000149011612
26.248,1.0,9.917596265942686,0.10000000149011612
26.301,1.0,9.698069435647792,0.10000000149011612
26.348,1.0,9.917697679354912,0.10000000149011612
26.398,1.0,9.862698929881056,0.10000000149011612
26.443,1.0,9.780428306592835,0.10000000149011612
26.503,1.0,9.615863408996827,0.10000000149011612
26.55,1.0,9.862509313929412,0.10000000149011612
26.602,1.0,9.75290933975743,0.10000000149011612
26.652,1.0,9.7802236109972,0.10000000149011612
26.7,1.0,9.67034728595366,0.10000000149011612
26.75,1.0,9.835346429857115,0.10000000149011612
26.802,1.0,9.752538632415234,0.10000000149011612
26.856,1.0,9.83532272691114,0.10000000149011612
26.902,1.0,9.835357443553706,0.10000000149011612
26.951,1.0,9.86256352286372,0.10000000149011612
27.001,1.0,9.89002294300331,0.10000000149011612
27.051,1.0,9.780095159345203,0.10000000149011612
27.105,1.0,9.835116954458256,0.10000000149011612
27.158,1.0,9.917552801263001,0.10000000149011612
27.201,1.0,9.670242173245384,0.10000000149011612
27.251,1.0,9.7803398385437,0.10000000149011612
27.303,1.0,9.835276471968326,0.10000000149011612
27.351,1.0,9.86278828792274,0.10000000149011612
27.401,1.0,9.642945199459792,0.10000000149011612
27.453,1.0,9.752899424400594,0.10000000149011612
27.501,1.0,9.75256505691343,0.10000000149011612
27.551,1.0,9.807653237320483,0.10000000149011612
27.603,1.0,9.807655073847208,0.10000000149011612
27.654,1.0,9.752732679765257,0.10000000149011612
27.709,1.0,9.780318285855982,0.10000000149011612
27.752,1.0,9.780322582233284,0.10000000149011612
27.802,1.0,9.69801301324947,0.10000000149011612
27.853,1.0,9.780265640467405,0.10000000149011612
27.914,1.0,9.697861997203695,0.10000000149011612
27.951999999999998,1.0,9.862732388907009,0.10000000149011612
28.002,1.0,9.780148721527722,0.10000000149011612
28.056,1.0,9.807708168298834,0.10000000149011612
28.112,1.0,9.780257753531139,0.10000000149011612
28.151,1.0,9.91772707115031,0.11373405158519745
28.201,1.0,9.835294415098097,0.10000000149011612
28.255,1.0,9.807702804543078,0.10000000149011612
28.306,1.0,9.780373817640875,0.10000000149011612
28.362,1.0,9.835445429053571,0.10122136771678925
28.405,1.0,9.780083023880918,0.10000000149011612
28.456,1.0,9.835024757310748,0.10000000149011612
28.505,1.0,9.835211874503228,0.10000000149011612
28.555,1.0,9.725464608561662,0.10000000149011612
28.605,1.0,9.752736281665664,0.10000000149011612
28.66,1.0,9.917500000012417,0.10000000149011612
28.7,1.0,9.835232106492752,0.10000000149011612
28.756,1.0,9.670486985747186,0.10000000149011612
28.806,1.0,9.835367778336837,0.10000000149011612
28.856,1.0,9.780282462491757,0.10000000149011612
28.909,1.0,9.807693904452027,0.10000000149011612
28.955,1.0,9.835044053052034,0.10000000149011612
29.005,1.0,9.725531394510634,0.10000000149011612
29.058,1.0,9.752785122580827,0.10000000149011612
29.119,1.0,9.807827252397935,0.10000000149011612
29.161,1.0,9.890001596531107,0.10000000149011612
29.207,1.0,9.725479078561895,0.10000000149011612
29.257,1.0,9.890101829729975,0.10000000149011612
29.315,1.0,9.752825232636598,0.10000000149011612
29.361,1.0,9.807679427642789,0.10000000149011612
29.407,1.0,9.86285982719726,0.10000000149011612
29.458,1.0,9.780492369313206,0.10000000149011612
29.507,1.0,9.835337671947975,0.10000000149011612
29.56,1.0,9.862571378197106,0.10000000149011612
29.609,1.0,9.725452987353007,0.10000000149011612
29.662,1.0,9.752962930107282,0.10000000149011612
29.708,1.0,9.862689594758882,0.10000000149011612
29.755,1.0,9.78024110785789,0.10000000149011612
29.812,1.0,9.725320123322309,0.10000000149011612
29.861,1.0,9.697913467718495,0.10000000149011612
29.922,1.0,9.80757695560654,0.10000000149011612
29.971,1.0,9.807822412086857,0.10000000149011612
30.01,1.0,9.807714018825855,0.10000000149011612
30.067,1.0,9.807756235553986,0.10000000149011612
30.11,1.0,9.890000000016556,0.10000000149011612
30.164,1.0,9.890210786420438,0.10000000149011612
30.212,1.0,9.780378968744643,0.10000000149011612
30.261,1.0,9.780197541829612,0.10000000149011612
30.31,1.0,9.862629158960448,0.10000000149011612
30.359,1.0,9.75288468102614,0.10000000149011612
30.41,1.0,9.752738255821168,0.10000000149011612
30.46,1.0,9.86278609149158,0.10000000149011612
30.517,1.0,9.917595980337097,0.10000000149011612
30.569,1.0,9.835337713422875,0.10000000149011612
30.61,1.0,9.780210263095796,0.10000000149011612
30.659,1.0,9.725314594763848,0.10000000149011612
30.711,1.0,9.670263434677489,0.10000000149011612
30.757,1.0,9.752900985069573,0.10000000149011612
30.802,1.0,9.725387330498133,0.10000000149011612
30.861,1.0,9.753195583282245,0.10000000149011612
30.914,1.0,9.643094588650598,0.10000000149011612
30.961,1.0,9.917578415303595,0.10000000149011612
31.02,1.0,9.80785523292919,0.10000000149011612
31.063,1.0,9.725343232332833,0.10000000149011612
31.119,1.0,9.752857466083434,0.10000000149011612
31.163,1.0,9.780206272875269,0.10000000149011612
31.217,1.0,9.917581365505855,0.10000000149011612
31.263,1.0,9.75269583320866,0.10000000149011612
31.317,1.0,9.807714693020616,0.10000000149011612
31.378,1.0,9.780060630747014,0.10000000149011612
31.416,1.0,9.862648981871704,0.10000000149011612
31.474,1.0,9.780369907017384,0.10000000149011612
31.516,1.0,9.945000000008278,0.10000000149011612
31.566,1.0,9.753093181923031,0.10000000149011612
31.622,1.0,9.83523442770044,0.10000000149011612
31.671,1.0,9.752772025763988,0.10000000149011612
31.724,1.0,9.917631432289879,0.10000000149011612
31.77,1.0,9.670216358018418,0.10000000149011612
31.82,1.0,9.862500000020695,0.10000000149011612
31.87,1.0,9.89008531531112,0.10000000149011612
31.918,1.0,9.862513297816946,0.10000000149011612
31.972,1.0,9.917500000012417,0.10000000149011612
32.031,1.0,9.615708519414895,0.10000000149011612
32.071,1.0,9.670293325785961,0.10000000149011612
32.125,1.0,9.862725919050474,0.10000000149011612
32.173,1.0,9.780455954890284,0.10000000149011612
32.222,1.0,9.780204562904935,0.10000000149011612
32.272,1.0,9.917646603617403,0.10871615260839462
32.323,1.0,9.725099984618526,0.10000000149011612
32.374,1.0,9.752754025078483,0.10000000149011612
32.424,1.0,9.83519213973648,0.10000000149011612
32.48,1.0,9.780239372017483,0.10000000149011612
32.523,1.0,9.807765121075015,0.10000000149011612
32.577,1.0,9.807757928863996,0.10000000149011612
32.623,1.0,9.835232511328327,0.10000000149011612
32.674,1.0,9.86269462412844,0.10000000149011612
32.726,1.0,9.780476766741938,0.10000000149011612
32.778,1.0,9.75306134155641,0.10000000149011612
32.823,1.0,9.587809745553468,0.10000000149011612
32.876,1.0,9.890024194349017,0.10000000149011612
32.924,1.0,9.862651295815077,0.10000000149011612
32.974,1.0,9.835438911037313,0.10000000149011612
33.025,1.0,9.835358975144723,0.10000000149011612
33.075,1.0,9.78036749244978,0.10000000149011612
33.13,1.0,10.0,10.0
33.172,1.0,9.560501187667251,0.10000000149011612
33.222,1.0,9.725558234896097,0.10000000149011612
33.276,1.0,9.835032836534083,0.10000000149011612
33.331,1.0,9.835183786476652,0.10000000149011612
33.38,1.0,9.862765702522463,0.10000000149011612
33.425,1.0,9.72544417037732,0.10000000149011612
33.475,1.0,9.698070130331649,0.10000000149011612
33.527,1.0,9.917622486294972,0.10000000149011612
33.579,1.0,9.917578227859405,0.10000000149011612
33.626,1.0,9.835207182168961,0.10000000149011612
33.677,1.0,9.862835927411085,0.10000000149011612
33.727,1.0,9.835220840242174,0.10000000149011612
33.776,1.0,9.725197301929196,0.10000000149011612
33.83,1.0,9.697865959919161,0.10000000149011612
33.883,1.0,9.752972513313095,0.10000000149011612
33.929,1.0,9.807777572588789,0.10000000149011612
33.98,1.0,9.83532188102189,0.10000000149011612
34.03,1.0,9.752699668374326,0.10000000149011612
34.081,1.0,9.725348411127925,0.10000000149011612
34.13,1.0,9.917707513107194,0.1007067859172821
34.18,1.0,9.890237268184622,0.10000000149011612
34.239,1.0,9.917626334230105,0.10000000149011612
34.282,1.0,9.80761731583625,0.10000000149011612
34.33,1.0,9.697887243082127,0.10000000149011612
34.38,1.0,9.698106578778889,0.10000000149011612
34.434,1.0,9.807692638619079,0.10000000149011612
34.483,1.0,9.807622881689005,0.10000000149011612
34.53,1.0,9.890046330355108,0.10000000149011612
34.579,1.0,9.725537095343073,0.10000000149011612
34.635,1.0,9.643085126475327,0.10000000149011612
34.685,1.0,9.917567639384005,0.10000000149011612
34.735,1.0,9.7802585368976,0.10000000149011612
34.783,1.0,9.78025569808152,0.10000000149011612
34.835,1.0,9.890108451454175,0.10000000149011612
34.892,1.0,9.807697790695562,0.10000000149011612
34.936,1.0,9.697925965094733,0.10000000149011612
34.986,1.0,9.807810985048611,0.10000000149011612
35.036,1.0,9.752721757979856,0.10000000149011612
35.088,1.0,9.807605781054331,0.10000000149011612
35.135,1.0,9.862780563264257,0.10000000149011612
35.188,1.0,9.835149931969742,0.10000000149011612
35.236,1.0,9.917893737637334,0.14555710554122925
35.288,1.0,9.80785546215872,0.10000000149011612
35.339,1.0,9.86287163723674,0.10000000149011612
35.401,1.0,9.945000000008278,0.10000000149011612
35.436,1.0,9.862549755308363,0.10000000149011612
35.49,1.0,9.780456029996277,0.10000000149011612
35.539,1.0,9.780311470168332,0.10000000149011612
35.591,1.0,9.725472421240475,0.10000000149011612
35.642,1.0,9.890078339042763,0.10000000149011612
35.688,1.0,9.78018920150482,0.10000000149011612
35.739,1.0,9.752857734138766,0.10000000149011612
35.793,1.0,9.890244643038345,0.10219169408082962
35.839,1.0,9.91762855367528,0.10000000149011612
35.89,1.0,9.64301273903499,0.10000000149011612
35.942,1.0,9.862696745018992,0.10000000149011612
35.986,1.0,9.725774283355308,0.10000000149011612
36.045,1.0,9.807604825041361,0.10000000149011612
36.09,1.0,9.642812065304154,0.10000000149011612
36.141,1.0,9.69787339448101,0.10000000149011612
36.191,1.0,9.890135120641855,0.10000000149011612
36.241,1.0,9.78007611942788,0.10000000149011612
36.289,1.0,9.807622217262784,0.10000000149011612
36.34,1.0,9.807979810486238,0.10000000149011612
36.397,1.0,9.752622360239426,0.10000000149011612
36.44,1.0,9.835170260113147,0.10000000149011612
36.491,1.0,9.780069219258925,0.10000000149011612
36.543,1.0,9.835192756810121,0.10000000149011612
36.59,1.0,9.780536103517646,0.10000000149011612
36.64,1.0,9.890034117177128,0.10000000149011612
36.692,1.0,9.80771837313142,0.10000000149011612
36.743,1.0,9.780281060271793,0.10000000149011612
36.792,1.0,9.780104299655392,0.10000000149011612
36.853,1.0,9.862541050526003,0.10000000149011612
36.893,1.0,9.835134091455902,0.10000000149011612
36.944,1.0,9.835225241093172,0.10000000149011612
36.998,1.0,9.80779487412009,0.10000000149011612
37.049,1.0,9.917557509553928,0.10000000149011612
37.092,1.0,9.6703774055673,0.10000000149011612
37.145,1.0,9.8625376139664,0.10000000149011612
37.198,1.0,9.8627379146715,0.10000000149011612
37.252,1.0,9.835353870586388,0.10000000149011612
37.297,1.0,9.83519697121034,0.10000000149011612
37.345,1.0,9.835162679312958,0.10000000149011612
37.403,1.0,9.725453172727592,0.10000000149011612
37.444,1.0,9.835000000024836,0.10000000149011612
37.496,1.0,9.807891532633867,0.10000000149011612
37.547,1.0,9.835131332050596,0.10000000149011612
37.601,1.0,9.75283738411963,0.10000000149011612
37.645,1.0,9.780215697797637,0.10000000149011612
37.696,1.0,9.642693016760878,0.10000000149011612
37.745,1.0,9.807626383399798,0.10000000149011612
37.796,1.0,9.807747610347967,0.10000000149011612
37.845,1.0,9.917745301437874,0.10000000149011612
37.895,1.0,9.807673535909917,0.10000000149011612
37.952,1.0,9.835253254572551,0.10000000149011612
37.994,1.0,9.862694322876632,0.10000000149011612
38.046,1.0,9.725406839636465,0.10000000149011612
38.105,1.0,9.780345114920703,0.10000000149011612
38.15,1.0,9.725517359541522,0.10000000149011612
38.213,1.0,9.89021501098242,0.10000000149011612
38.25,1.0,9.752615734852023,0.10000000149011612
38.302,1.0,9.862607916899853,0.10000000149011612
38.349,1.0,9.890208413410518,0.10000000149011612
38.401,1.0,9.890070406161248,0.10000000149011612
38.457,1.0,9.75289901567416,0.10000000149011612
38.509,1.0,9.80769640635699,0.10000000149011612
38.553,1.0,9.807666691268484,0.10000000149011612
38.605,1.0,9.862629506799083,0.10000000149011612
38.657,1.0,9.725567225863536,0.10000000149011612
38.706,1.0,9.835304321121011,0.10000000149011612
38.76,1.0,9.835227701937159,0.10000000149011612
38.811,1.0,9.835070997559361,0.10000000149011612
38.857,1.0,9.835281028639939,0.10000000149011612
38.916,1.0,9.890015762464868,0.10000000149011612
38.962,1.0,9.725102979441484,0.10000000149011612
39.013,1.0,9.917746351886954,0.10000000149011612
39.059,1.0,9.890368173623251,0.10000000149011612
39.111,1.0,9.780586729384959,0.10000000149011612
39.165,1.0,9.752589597987631,0.10000000149011612
39.221,1.0,9.72536180574033,0.10000000149011612
39.262,1.0,9.780355372900765,0.10000000149011612
39.313,1.0,9.725280143651698,0.10000000149011612
39.363,1.0,9.75272228523261,0.10000000149011612
39.419,1.0,9.807517570981549,0.10000000149011612
39.464,1.0,9.807659359441864,0.10000000149011612
39.517,1.0,9.725070909369324,0.10000000149011612
39.567,1.0,9.697843978967931,0.10000000149011612
39.616,1.0,9.670539210757447,0.10000000149011612
39.679,1.0,9.83514961273306,0.10000000149011612
39.716,1.0,9.807601561273138,0.10000000149011612
39.773,1.0,9.615596739326914,0.10000000149011612
39.817,1.0,9.64288148375021,0.10000000149011612
39.868,1.0,9.8353433833561,0.10000000149011612
39.908,1.0,9.80765261610763,0.10000000149011612
39.968,1.0,9.752825763449072,0.10000000149011612
40.017,1.0,9.752818505300416,0.10000000149011612
40.077,1.0,9.752855802058345,0.10000000149011612
40.117,1.0,9.890013601361877,0.10000000149011612
40.17,1.0,9.725185350307989,0.10000000149011612
40.226,1.0,9.917565251886845,0.10000000149011612
40.271,1.0,9.862827753668858,0.10000000149011612
40.318,1.0,9.780189393005438,0.10000000149011612
40.368,1.0,9.752651352166302,0.10000000149011612
40.421,1.0,9.890062958995502,0.10000000149011612
40.469,1.0,9.862641443208688,0.10000000149011612
40.518,1.0,9.725478305729727,0.10000000149011612
40.571,1.0,9.780453358321553,0.10000000149011612
40.617,1.0,9.725475017540157,0.10000000149011612
40.667,1.0,9.72532219214158,0.10000000149011612
40.722,1.0,9.80780202044795,0.10000000149011612
40.767,1.0,9.835168452560902,0.10000000149011612
40.817,1.0,9.780446051226722,0.10000000149011612
40.877,1.0,9.835258941662808,0.10000000149011612
40.919,1.0,9.917638134314782,0.10539297014474869
40.972,1.0,9.587784904386435,0.10000000149011612
41.021,1.0,9.835479435779982,0.10000000149011612
41.07,1.0,9.807805998809636,0.10000000149011612
41.118,1.0,9.698009989286463,0.10000000149011612
41.168,1.0,9.69796517946654,0.10000000149011612
41.221,1.0,9.725165158282552,0.10000000149011612
41.263,1.0,9.670333390889896,0.10000000149011612
41.322,1.0,9.80779091235664,0.10000000149011612
41.37,1.0,9.780227692321771,0.10000000149011612
41.42,1.0,9.75269605409768,0.10000000149011612
41.469,1.0,9.835454503529602,0.10000000149011612
41.52,1.0,9.835262788273393,0.10000000149011612
41.568,1.0,9.752954785339535,0.10000000149011612
41.618,1.0,9.780041878918807,0.10000000149011612
41.68,1.0,9.807642074074183,0.10000000149011612
41.728,1.0,9.780099549993045,0.10000000149011612
41.776,1.0,9.780241662305261,0.10000000149011612
41.828,1.0,9.917500000012417,0.10000000149011612
41.881,1.0,9.697842305815882,0.10000000149011612
41.927,1.0,9.698003999040358,0.10000000149011612
41.977,1.0,9.835132962072061,0.10000000149011612
42.027,1.0,9.75292905933327,0.10000000149011612
42.083,1.0,9.835244379813473,0.10000000149011612
42.131,1.0,9.890037730501758,0.10000000149011612
42.177,1.0,9.75267232372943,0.10000000149011612
42.235,1.0,9.890088069666591,0.10000000149011612
42.277,1.0,9.752589764259756,0.10000000149011612
42.327,1.0,9.8626296841229,0.10000000149011612
42.377,1.0,9.80779430396441,0.10000000149011612
42.428,1.0,9.807717296998534,0.10000000149011612
42.482,1.0,9.86269364717106,0.10000000149011612
42.538,1.0,9.807715816899305,0.10000000149011612
42.58,1.0,9.752774381306436,0.10000000149011612
42.629,1.0,9.8628008077542,0.10000000149011612
42.677,1.0,9.862947905912167,0.10000000149011612
42.729,1.0,9.8352268818145,0.10000000149011612
42.777,1.0,9.780099130173523,0.10000000149011612
42.829,1.0,9.697698741075065,0.10000000149011612
42.88,1.0,9.862571763371427,0.10000000149011612
42.936,1.0,9.752849724433489,0.10000000149011612
42.977,1.0,9.752761237530244,0.10000000149011612
43.031,1.0,9.890143872590528,0.10000000149011612
43.08,1.0,9.917505447939039,0.10000000149011612
43.13,1.0,9.890000000016556,0.10000000149011612
43.184,1.0,9.835202256921265,0.10000000149011612
43.236,1.0,9.697709939359791,0.10000000149011612
43.28,1.0,9.807719332642025,0.10000000149011612
43.333,1.0,9.780455106020801,0.10000000149011612
43.386,1.0,9.753123264325161,0.10000000149011612
43.431,1.0,9.807761504480409,0.10000000149011612
43.481,1.0,9.670246830706795,0.10000000149011612
43.533,1.0,9.835040992022389,0.10000000149011612
43.59,1.0,9.697807896364894,0.10000000149011612
43.633,1.0,9.725375449967881,0.10000000149011612
43.681,1.0,9.75287584732804,0.10000000149011612
43.734,1.0,9.78024108906587,0.10000000149011612
43.784,1.0,9.752820094240208,0.10000000149011612
43.838,1.0,9.780364582149518,0.10000000149011612
43.884,1.0,9.807884371673895,0.10000000149011612
43.935,1.0,9.835278682224452,0.10000000149011612
43.984,1.0,9.890110533084307,0.10000000149011612
44.036,1.0,9.890070221469633,0.10000000149011612
44.087,1.0,9.807819054524105,0.10000000149011612
44.137,1.0,9.972514828149643,0.10533813387155533
44.184,1.0,9.835224628117349,0.10000000149011612
44.238,1.0,9.862668749317526,0.10000000149011612
44.287,1.0,9.835253072819777,0.10000000149011612
44.334,1.0,9.697593145444989,0.10000000149011612
44.383,1.0,9.862719392010735,0.10000000149011612
44.434,1.0,9.780253506100012,0.10000000149011612
44.484,1.0,9.807660198873943,0.10000000149011612
44.535,1.0,9.752806254269348,0.10000000149011612
44.585,1.0,9.835300769574113,0.10000000149011612
44.643,1.0,9.862558378941483,0.10000000149011612
44.686,1.0,9.83516413366629,0.10000000149011612
44.738,1.0,9.945000000008278,0.10000000149011612
44.785,1.0,9.807574310609036,0.10000000149011612
44.842,1.0,9.780174846905801,0.10000000149011612
44.885,1.0,9.725205424365898,0.10000000149011612
44.937,1.0,9.752807267465526,0.10000000149011612
44.992,1.0,9.725206190844377,0.10000000149011612
45.039,1.0,9.75268447794434,0.10000000149011612
45.092,1.0,9.83506075239016,0.10000000149011612
45.147,1.0,9.89022932710747,0.10000000149011612
45.192,1.0,9.698240452321867,0.10000000149011612
45.243,1.0,9.697753458780547,0.10000000149011612
45.298,1.0,9.917618755354649,0.10000000149011612
45.344,1.0,9.89003333857076,0.10000000149011612
45.394,1.0,9.835199173188045,0.10000000149011612
45.448,1.0,9.890074391497507,0.10000000149011612
45.499,1.0,9.698000014883776,0.10000000149011612
45.552,1.0,9.78006215016875,0.10000000149011612
45.6,1.0,9.890067936935358,0.10000000149011612
45.65,1.0,9.835107548866008,0.10000000149011612
45.695,1.0,9.752825416127841,0.10000000149011612
45.751,1.0,9.780397231442233,0.10000000149011612
45.805,1.0,9.862565386957593,0.10000000149011612
45.854,1.0,9.670537567428417,0.10000000149011612
45.904,1.0,9.7805083638678,0.10000000149011612
45.954,1.0,9.862723300668101,0.10000000149011612
46.005,1.0,9.835100562021964,0.10000000149011612
46.063,1.0,9.725143619481887,0.10000000149011612
46.105,1.0,9.780130101388528,0.10000000149011612
46.155,1.0,9.835161457438435,0.10000000149011612
46.206,1.0,9.697881707900928,0.10000000149011612
46.261,1.0,9.917544729324678,0.10000000149011612
46.31,1.0,9.807736738688416,0.10000000149011612
46.356,1.0,9.780342974203329,0.10000000149011612
46.412,1.0,9.780342842990326,0.10000000149011612
46.465,1.0,9.835108644618757,0.10000000149011612
46.503,1.0,9.862604434601963,0.10000000149011612
46.558,1.0,9.753089394730827,0.10000000149011612
46.607,1.0,9.835203229035768,0.10000000149011612
46.659,1.0,9.670325348443455,0.10000000149011612
46.707,1.0,9.78026028805309,0.10000000149011612
46.757,1.0,9.917500000012417,0.10000000149011612
46.81,1.0,9.780241240561008,0.10000000149011612
46.861,1.0,9.807715230331652,0.10000000149011612
46.908,1.0,9.862641696362859,0.10000000149011612
46.958,1.0,9.835195973018806,0.10000000149011612
47.009,1.0,9.862839449652368,0.10000000149011612
47.061,1.0,9.835323193131222,0.10000000149011612
47.112,1.0,9.835276997254955,0.10000000149011612
47.16,1.0,9.725264136493205,0.10000000149011612
47.211,1.0,9.862784915210472,0.10000000149011612
47.262,1.0,9.862853533257212,0.10000000149011612
47.31,1.0,9.835215830078555,0.10000000149011612
47.359,1.0,9.890052600370513,0.10000000149011612
47.414,1.0,9.917709975648258,0.11139379441738129
47.46,1.0,9.91759889084432,0.10000000149011612
47.51,1.0,9.862573977973726,0.10000000149011612
47.567,1.0,9.83525324507306,0.10000000149011612
47.606,1.0,9.808112960163918,0.10000000149011612
47.663,1.0,9.8901116102313,0.10000000149011612
47.712,1.0,9.753063079197373,0.10000000149011612
47.762,1.0,9.725284794800812,0.10000000149011612
47.811,1.0,9.835089964481691,0.10000000149011612
47.866,1.0,9.835158658876187,0.10000000149011612
47.911,1.0,9.807728142518965,0.10000000149011612
47.961,1.0,9.86271835408277,0.10000000149011612
48.015,1.0,9.780226448240379,0.10000000149011612
48.061,1.0,9.725394302130573,0.10000000149011612
48.113,1.0,9.670396617841389,0.10000000149011612
48.162,1.0,9.890179785175455,0.10000000149011612
48.218,1.0,9.862659932072791,0.10000000149011612
48.26,1.0,9.752629513748818,0.10000000149011612
48.316,1.0,9.72525652680132,0.10000000149011612
48.362,1.0,9.835439807404246,0.10000000149011612
48.414,1.0,9.86268019568589,0.10000000149011612
48.464,1.0,9.86283430825505,0.10000000149011612
48.513,1.0,9.89018133704861,0.10000000149011612
48.564,1.0,9.835195697740549,0.10000000149011612
48.616,1.0,9.91762871613933,0.10000000149011612
48.663,1.0,9.780310039180849,0.10000000149011612
48.714,1.0,9.7528964476039,0.10000000149011612
48.764,1.0,9.752827499248088,0.10000000149011612
48.813,1.0,9.835235189129081,0.10000000149011612
48.863,1.0,9.862784798629582,0.10000000149011612
48.919,1.0,9.697798491414222,0.10000000149011612
48.971,1.0,9.945000000008278,0.10000000149011612
49.021,1.0,9.9175933904118,0.10000000149011612
49.075,1.0,9.862628438447912,0.10000000149011612
49.12,1.0,9.835120535331468,0.10000000149011612
49.173,1.0,9.725210860123237,0.10000000149011612
49.22,1.0,9.67051770211094,0.10000000149011612
49.27,1.0,9.862518243139817,0.10000000149011612
49.32,1.0,9.75286147263315,0.10000000149011612
49.37,1.0,9.862670838750072,0.10000000149011612
49.422,1.0,9.67046677145279,0.10000000149011612
49.471,1.0,9.752614637981686,0.10000000149011612
49.522,1.0,9.86255790669885,0.10000000149011612
49.575,1.0,9.807639351445768,0.10000000149011612
49.624,1.0,9.780435776834686,0.10000000149011612
49.671,1.0,9.835297899631163,0.10000000149011612
49.727,1.0,9.862694863995744,0.10772517323493958
49.778,1.0,9.780197406125565,0.10000000149011612
49.827,1.0,9.80771659043514,0.10000000149011612
49.875,1.0,9.862714210980469,0.10000000149011612
49.921,1.0,9.807727500237524,0.10000000149011612
49.972,1.0,9.86261734024932,0.10000000149011612
50.019,1.0,9.835206723999645,0.10000000149011612
50.075,1.0,9.69787051073379,0.10000000149011612
50.124,1.0,9.835281285188264,0.10000000149011612
50.173,1.0,9.807672407622967,0.10000000149011612
50.222,1.0,9.945000000008278,0.10000000149011612
50.275,1.0,9.725234584841463,0.10000000149011612
50.32,1.0,9.917623229883612,0.10000000149011612
50.373,1.0,9.835227178823617,0.10000000149011612
50.435,1.0,9.697985209421152,0.10000000149011612
50.477,1.0,9.697690595624348,0.10000000149011612
50.525,1.0,9.807983257414566,0.10000000149011612
50.578,1.0,9.69776602205303,0.10000000149011612
50.627,1.0,9.780586858673228,0.10000000149011612
50.677,1.0,9.642809227998885,0.10000000149011612
50.724,1.0,9.725197319665718,0.10000000149011612
50.776,1.0,9.752791880919702,0.10000000149011612
50.828,1.0,9.91756367670993,0.10000000149011612
50.872,1.0,9.807671477542156,0.10000000149011612
50.927,1.0,9.725425957971149,0.10000000149011612
50.98,1.0,9.807631840246419,0.10000000149011612
51.026,1.0,9.643177304789424,0.10000000149011612
51.077,1.0,9.72561947390851,0.10000000149011612
51.135,1.0,9.890162149940927,0.10000000149011612
51.177,1.0,9.80755400630749,0.10000000149011612
51.231,1.0,9.725259325777492,0.10000000149011612
51.276,1.0,9.890039863685766,0.10000000149011612
51.326,1.0,9.807635482773184,0.10000000149011612
51.379,1.0,9.753014912911587,0.10000000149011612
51.428,1.0,9.807845898427898,0.10000000149011612
51.476,1.0,9.890074029440681,0.10000000149011612
51.535,1.0,9.780111454986036,0.10000000149011612
51.577,1.0,9.91756029708518,0.10000000149011612
51.63,1.0,9.890106531149812,0.10000000149011612
51.678,1.0,9.80759922294981,0.10000000149011612
51.726,1.0,9.698053900193838,0.10000000149011612
51.776,1.0,9.697787062803076,0.10000000149011612
51.826,1.0,9.697676149341795,0.10000000149011612
51.875,1.0,9.890120177612536,0.10000000149011612
51.922,1.0,9.697921998964416,0.10000000149011612
51.976,1.0,9.642894527626535,0.10000000149011612
52.026,1.0,9.808029079933961,0.10000000149011612
52.078,1.0,9.890154767408967,0.10000000149011612
52.124,1.0,9.752750759012997,0.10000000149011612
52.175,1.0,9.697972807163994,0.10000000149011612
52.237,1.0,9.83535459627294,0.10000000149011612
52.276,1.0,9.862711520844863,0.10000000149011612
52.328,1.0,9.862554014743202,0.10000000149011612
52.38,1.0,9.835148810967803,0.10000000149011612
52.427,1.0,9.835158388627072,0.10000000149011612
52.478,1.0,9.945033486249546,0.10504566878080368
52.528,1.0,9.725386325911515,0.10000000149011612
52.578,1.0,9.917586540430785,0.10000000149011612
52.628,1.0,9.780136181703872,0.10000000149011612
52.681,1.0,9.807744056131277,0.10000000149011612
52.728,1.0,9.862651027821832,0.10000000149011612
52.778,1.0,9.725621490863462,0.10000000149011612
52.822,1.0,9.835274480655789,0.10000000149011612
52.879,1.0,9.862500000020695,0.10000000149011612
52.933,1.0,9.725244421325623,0.10000000149011612
52.979,1.0,9.862700810179943,0.10000000149011612
53.04,1.0,9.862882306095626,0.10000000149011612
53.078,1.0,9.862630763153236,0.10000000149011612
53.13,1.0,9.890190955292848,0.10000000149011612
53.184,1.0,9.862574852216575,0.10000000149011612
53.24,1.0,9.945056266606683,0.10000000149011612
53.284,1.0,9.780146626093321,0.10000000149011612
53.333,1.0,9.725415720852713,0.10000000149011612
53.384,1.0,9.780227682160007,0.10000000149011612
53.434,1.0,9.725394849748247,0.10000000149011612
53.487,1.0,9.725422233218948,0.10000000149011612
53.533,1.0,9.78027645918644,0.10000000149011612
53.584,1.0,9.807830734654432,0.10000000149011612
53.639,1.0,9.670338750485744,0.10000000149011612
53.683,1.0,9.780361049808562,0.10000000149011612
53.735,1.0,9.67034854741974,0.10000000149011612
53.785,1.0,9.72515064055721,0.10000000149011612
53.835,1.0,9.807900059657792,0.10000000149011612
53.884,1.0,9.807717252626187,0.10000000149011612
53.936,1.0,9.835050263607668,0.10000000149011612
53.983,1.0,9.890000000016556,0.10000000149011612
54.036,1.0,9.643049740108351,0.10000000149011612
54.089,1.0,9.698016268987622,0.10000000149011612
54.133,1.0,9.780425481249889,0.10000000149011612
54.188,1.0,9.780202380298741,0.10000000149011612
54.243,1.0,9.890096187322504,0.10000000149011612
54.291,1.0,9.78034109580848,0.10000000149011612
54.35,1.0,9.780260768574145,0.10000000149011612
54.391,1.0,9.835284833134049,0.10000000149011612
54.443,1.0,9.83503681835201,0.10000000149011612
54.494,1.0,9.862693250034418,0.10000000149011612
54.539,1.0,9.945078472896583,0.10000000149011612
54.59,1.0,9.780033123224145,0.10000000149011612
54.657,1.0,9.780153364688157,0.10000000149011612
54.689,1.0,9.752727280350195,0.10000000149011612
54.74,1.0,9.69777207122081,0.10000000149011612
54.79,1.0,9.780231442530122,0.10000000149011612
54.837,1.0,9.72525584426605,0.10000000149011612
54.888,1.0,9.835168959593608,0.10000000149011612
54.939,1.0,9.698061786881752,0.10000000149011612
54.989,1.0,9.917568696931832,0.10000000149011612
55.047,1.0,9.945112070586118,0.10000000149011612
55.09,1.0,9.94507163591269,0.10000000149011612
55.14,1.0,9.752659012480743,0.10000000149011612
55.189,1.0,9.780369885203738,0.10000000149011612
55.242,1.0,9.945092969822387,0.10852565616369247
55.292,1.0,9.890193035267293,0.10000000149011612
55.341,1.0,9.560415192300248,0.10000000149011612
55.391,1.0,9.752858685557213,0.10000000149011612
55.444,1.0,9.890174266406232,0.10000000149011612
55.504,1.0,9.780288896937337,0.10000000149011612
55.544,1.0,9.725126582342718,0.10000000149011612
55.599,1.0,9.807800956070423,0.10000000149011612
55.637,1.0,9.862644649214214,0.10000000149011612
55.694,1.0,9.917533019557595,0.10000000149011612
55.744,1.0,9.752990509569646,0.10000000149011612
55.797,1.0,9.78015250056568,0.10000000149011612
55.843,1.0,9.862738382278216,0.10000000149011612
55.891,1.0,9.835236103667153,0.10000000149011612
55.944,1.0,9.752932424512174,0.10000000149011612
55.995,1.0,9.862713282658822,0.10000000149011612
56.044,1.0,9.78029396649864,0.10000000149011612
56.103,1.0,9.780390803660783,0.10000000149011612
56.147,1.0,9.807777088011305,0.10000000149011612
56.192,1.0,9.89006856592993,0.10000000149011612
56.244,1.0,9.670793699162703,0.10000000149011612
56.294,1.0,9.780255195291506,0.10000000149011612
56.345,1.0,9.752708797011937,0.10000000149011612
56.392,1.0,9.807556410713328,0.10000000149011612
56.443,1.0,9.835117465899222,0.10000000149011612
56.494,1.0,9.80759089520822,0.10000000149011612
56.543,1.0,9.807677674438391,0.10000000149011612
56.594,1.0,9.725461980121004,0.10000000149011612
56.644,1.0,9.835337871520055,0.10000000149011612
56.695,1.0,9.835116900234587,0.10000000149011612
56.746,1.0,9.890054745309882,0.10000000149011612
56.791,1.0,9.807657186873257,0.10000000149011612
56.842,1.0,9.835136500042346,0.10000000149011612
56.895,1.0,9.890048406790529,0.10000000149011612
56.948,1.0,9.78024519123137,0.10000000149011612
56.992,1.0,9.807712767831982,0.10000000149011612
57.043,1.0,9.752670553223126,0.10000000149011612
57.094,1.0,9.780278803077008,0.10000000149011612
57.147,1.0,9.862585626252823,0.10000000149011612
57.194,1.0,9.807646157509751,0.10000000149011612
57.249,1.0,9.780253218238553,0.10000000149011612
57.3,1.0,9.862720731811391,0.10000000149011612
57.352,1.0,9.917556371187999,0.10000000149011612
57.399,1.0,9.835318848511411,0.10000000149011612
57.449,1.0,9.807670817255145,0.10000000149011612
57.5,1.0,9.86255477971087,0.10000000149011612
57.549,1.0,9.917517526634038,0.10000000149011612
57.606,1.0,9.890203712777131,0.10000000149011612
57.651,1.0,9.83526369554715,0.10000000149011612
57.699,1.0,9.917500000012417,0.10000000149011612
57.751,1.0,9.780520413008828,0.10000000149011612
57.799,1.0,9.890015814639629,0.10000000149011612
57.851,1.0,9.917730844165716,0.10000000149011612
57.89,1.0,9.725142642834948,0.10000000149011612
57.949,1.0,9.670526976117657,0.10000000149011612
57.999,1.0,9.862866225176388,0.10000000149011612
58.053,1.0,9.67045545578003,0.10000000149011612
58.099,1.0,9.780086895575126,0.10000000149011612
58.148,1.0,9.835289444960654,0.10000000149011612
58.201,1.0,9.862612392256658,0.10000000149011612
58.253,1.0,9.807529200282362,0.10000000149011612
58.304,1.0,9.75291033472038,0.10000000149011612
58.358,1.0,9.890008034081095,0.10000000149011612
58.399,1.0,9.835258751093514,0.10000000149011612
58.451,1.0,9.75313819905536,0.10000000149011612
58.5,1.0,9.80769319087267,0.10000000149011612
58.55,1.0,9.752911466877494,0.10000000149011612
58.601,1.0,9.835247307953734,0.10000000149011612
58.651,1.0,9.890181755998896,0.10000000149011612
58.7,1.0,9.83523318728225,0.10000000149011612
58.751,1.0,9.862704668670064,0.10000000149011612
58.803,1.0,9.890254830072324,0.10000000149011612
58.851,1.0,9.807568413867719,0.10000000149011612
58.9,1.0,9.725302943732176,0.10000000149011612
58.95,1.0,9.807733236832751,0.10000000149011612
59.004,1.0,9.697987622995344,0.10000000149011612
59.06,1.0,9.862540009928246,0.10000000149011612
59.105,1.0,9.72534596795837,0.10000000149011612
59.154,1.0,9.807796085067093,0.10000000149011612
59.204,1.0,9.72535087019205,0.10000000149011612
59.26,1.0,9.725068832933903,0.10000000149011612
59.315,1.0,9.862607212281889,0.10000000149011612
59.367,1.0,9.670390247367322,0.10000000149011612
59.415,1.0,9.588230000705355,0.10000000149011612
59.46,1.0,9.753060180279943,0.10000000149011612
59.51,1.0,9.753118181539078,0.10000000149011612
59.562,1.0,9.835377237097257,0.10000000149011612
59.612,1.0,9.83539418131113,0.10000000149011612
59.661,1.0,9.945121028626131,0.10000000149011612
59.711,1.0,9.725389043386611,0.10000000149011612
59.76,1.0,9.972500000004139,0.10000000149011612
59.81,1.0,9.642844039263824,0.10000000149011612
59.861,1.0,9.862707789138787,0.10000000149011612
59.915,1.0,9.835203868192103,0.10000000149011612
59.965,1.0,9.80776657489025,0.10000000149011612
60.014,1.0,9.780276398836738,0.10000000149011612
60.064,1.0,9.697908600192104,0.10000000149011612
60.119,1.0,9.780194060131908,0.10000000149011612
60.164,1.0,9.890070539588729,0.10000000149011612
60.215,1.0,9.807752410529389,0.10000000149011612
60.264,1.0,9.862690538850924,0.10000000149011612
60.313,1.0,9.835091155043079,0.10000000149011612
60.364,1.0,9.780147699618505,0.10000000149011612
60.425,1.0,9.917662450671196,0.10000000149011612
60.471,1.0,9.835043576380444,0.10000000149011612
60.521,1.0,9.890128580170373,0.10000000149011612
60.571,1.0,9.725411218528945,0.10000000149011612
60.62,1.0,9.862610973624719,0.10000000149011612
60.67,1.0,9.835157008469105,0.10000000149011612
60.721,1.0,9.917671287701362,0.10000000149011612
60.77,1.0,9.862741341938575,0.10000000149011612
60.82,1.0,9.890017716669375,0.10000000149011612
60.87,1.0,9.917648122107817,0.10000000149011612
60.92,1.0,9.75277824608816,0.10000000149011612
60.972,1.0,9.780324765957063,0.10000000149011612
61.02,1.0,9.780097838843034,0.10000000149011612
61.07,1.0,9.917611314273543,0.10000000149011612
61.12,1.0,9.862596455920073,0.10000000149011612
61.171,1.0,9.670462576610346,0.10000000149011612
61.233,1.0,9.752613584241933,0.10000000149011612
61.27,1.0,9.835047645639214,0.10000000149011612
61.32,1.0,9.835175761394202,0.10000000149011612
61.371,1.0,9.780196145011319,0.10000000149011612
61.431,1.0,9.697899790666998,0.10000000149011612
61.474,1.0,9.780300070097049,0.10000000149011612
61.523,1.0,9.83519331243717,0.10000000149011612
61.574,1.0,9.780397385669252,0.10000000149011612
61.629,1.0,9.807690156623721,0.10000000149011612
61.677,1.0,9.862658229656518,0.10000000149011612
61.728,1.0,9.80756307794816,0.10000000149011612
61.773,1.0,9.670594151504337,0.10000000149011612
61.825,1.0,9.752824180262785,0.10000000149011612
61.878,1.0,9.807766221774122,0.10000000149011612
61.924,1.0,9.83552181640019,0.10000000149011612
61.973,1.0,9.862659221183922,0.10000000149011612
62.025,1.0,9.835255829534598,0.10000000149011612
62.078,1.0,9.807651787127059,0.10000000149011612
62.134,1.0,9.86273367456678,0.10000000149011612
62.18,1.0,9.807727859003677,0.10000000149011612
62.229,1.0,9.780126782196264,0.10000000149011612
62.278,1.0,9.725299003140794,0.10000000149011612
62.329,1.0,9.890188973935114,0.10000000149011612
62.386,1.0,9.697932407052981,0.10000000149011612
62.429,1.0,9.807625058790048,0.10000000149011612
62.477,1.0,9.752673516381119,0.10000000149011612
62.528,1.0,9.835281230861113,0.10000000149011612
62.577,1.0,9.72541767112497,0.10000000149011612
62.633,1.0,9.808151839735608,0.10000000149011612
62.678,1.0,9.725238101184368,0.10000000149011612
62.728,1.0,9.862783780424959,0.10000000149011612
62.78,1.0,9.670408827790784,0.10000000149011612
62.831,1.0,9.807672649497787,0.10000000149011612
62.883,1.0,9.752620408166614,0.10000000149011612
62.932,1.0,9.835174330158367,0.10000000149011612
62.979,1.0,9.725130608346728,0.10000000149011612
63.031,1.0,9.780440874666803,0.10000000149011612
63.082,1.0,9.8625636914538,0.10000000149011612
63.132,1.0,9.835260521289374,0.10000000149011612
63.182,1.0,9.698077675969236,0.10000000149011612
63.233,1.0,9.945048464979562,0.10000000149011612
63.288,1.0,9.862738150089152,0.10000000149011612
63.338,1.0,9.835229576917158,0.10000000149011612
63.387,1.0,9.917500000012417,0.10000000149011612
63.436,1.0,9.890270261549288,0.10000000149011612
63.487,1.0,9.862736086837119,0.10000000149011612
63.538,1.0,9.75292758933372,0.10000000149011612
63.59,1.0,9.72534952490694,0.10000000149011612
63.636,1.0,9.945193102045192,0.1338856965303421
63.687,1.0,9.75268458597776,0.10000000149011612
63.738,1.0,9.862825729904904,0.10000000149011612
63.784,1.0,9.752928388160136,0.10000000149011612
63.838,1.0,9.917736042642758,0.10000000149011612
63.886,1.0,9.752889025169942,0.10000000149011612
63.943,1.0,9.945000000008278,0.10000000149011612
63.99,1.0,9.862622914111448,0.10000000149011612
64.037,1.0,9.89005838435971,0.10000000149011612
64.085,1.0,9.807699674885306,0.10000000149011612
64.138,1.0,9.780197690779136,0.10000000149011612
64.187,1.0,9.835000000024836,0.10000000149011612
64.239,1.0,9.8903015324432,0.10491407662630081
64.294,1.0,9.917500000012417,0.10000000149011612
64.34,1.0,9.862735907464392,0.1002926155924797
64.388,1.0,9.862603357620538,0.10000000149011612
64.439,1.0,9.780308259692458,0.10000000149011612
64.489,1.0,9.752963012870815,0.10000000149011612
64.539,1.0,9.697929052636027,0.10000000149011612
64.589,1.0,9.835263296713432,0.10000000149011612
64.641,1.0,9.917513831270238,0.10000000149011612
64.689,1.0,9.807696728201377,0.10000000149011612
64.746,1.0,9.725406700869401,0.10000000149011612
64.796,1.0,9.862726856871612,0.10000000149011612
64.839,1.0,9.780280708149075,0.10000000149011612
64.892,1.0,9.807672723506888,0.10000000149011612
64.939,1.0,9.725355786850884,0.10000000149011612
64.994,1.0,9.697934503998194,0.10000000149011612
65.039,1.0,9.7804225564003,0.10000000149011612
65.099,1.0,9.670464274659754,0.10000000149011612
65.139,1.0,9.78012245448513,0.10000000149011612
65.189,1.0,9.86257828231901,0.10000000149011612
65.239,1.0,9.808169542832507,0.11515071988105774
65.293,1.0,9.835222344473005,0.10000000149011612
65.339,1.0,9.697672330112093,0.10000000149011612
65.391,1.0,9.807911552426715,0.10000000149011612
65.438,1.0,9.835148035527931,0.10000000149011612
65.496,1.0,9.642747670184407,0.10000000149011612
65.545,1.0,9.752859865811963,0.10000000149011612
65.589,1.0,9.862799370206064,0.10000000149011612
65.639,1.0,9.83551715063966,0.10100395977497101
65.693,1.0,9.807662695936031,0.10000000149011612
65.743,1.0,9.917597487589552,0.10000000149011612
65.789,1.0,9.670264030786024,0.10000000149011612
65.838,1.0,9.780187186557386,0.10000000149011612
65.889,1.0,9.752924712395503,0.10000000149011612
65.944,1.0,9.725125154128506,0.10000000149011612
65.996,1.0,9.80774533059448,0.10000000149011612
66.044,1.0,9.780392537886899,0.10000000149011612
66.094,1.0,9.78041437930531,0.10000000149011612
66.147,1.0,9.890185005383358,0.10000000149011612
66.194,1.0,9.807502101113398,0.10000000149011612
66.252,1.0,9.780168387231727,0.10000000149011612
66.3,1.0,9.642978860789704,0.10000000149011612
66.35,1.0,9.835330635805924,0.10000000149011612
66.399,1.0,9.862637795528604,0.10000000149011612
66.452,1.0,9.835205781107975,0.10000000149011612
66.5,1.0,9.807767009403971,0.10000000149011612
66.555,1.0,9.533096597509251,0.10000000149011612
66.601,1.0,9.807638820302156,0.10000000149011612
66.651,1.0,9.862573612750404,0.10000000149011612
66.702,1.0,9.753065182558364,0.10000000149011612
66.751,1.0,9.752777557778689,0.10000000149011612
66.802,1.0,9.725301746009952,0.10000000149011612
66.856,1.0,9.83539435139133,0.10000000149011612
66.901,1.0,9.807715059878925,0.10000000149011612
66.952,1.0,9.807813187564413,0.10000000149011612
67.002,1.0,9.83512298775216,0.10000000149011612
67.055,1.0,9.83505563216491,0.10000000149011612
67.103,1.0,9.752872439887788,0.10000000149011612
67.152,1.0,9.780115011582772,0.10000000149011612
67.202,1.0,9.67035638615489,0.10000000149011612
67.254,1.0,9.972500000004139,0.10000000149011612
67.309,1.0,9.615872776860165,0.10000000149011612
67.353,1.0,9.75277816357298,0.10000000149011612
67.402,1.0,9.752766335155401,0.10000000149011612
67.454,1.0,9.890001616523497,0.10000000149011612
67.504,1.0,9.890027539225088,0.10000000149011612
67.552,1.0,9.835416561841138,0.10000000149011612
67.603,1.0,9.807767445387112,0.10000000149011612
67.653,1.0,9.917605660835074,0.10000000149011612
67.701,1.0,9.862797337190973,0.10000000149011612
67.756,1.0,9.725550769455731,0.10000000149011612
67.809,1.0,9.80784250460565,0.10000000149011612
67.858,1.0,9.862700969332622,0.10000000149011612
67.901,1.0,9.752766957361665,0.10000000149011612
67.956,1.0,9.780126679874957,0.10000000149011612
68.005,1.0,9.67070373851392,0.10000000149011612
68.058,1.0,9.890148595968883,0.10000000149011612
68.106,1.0,9.807801693843471,0.10000000149011612
68.158,1.0,9.725270821381773,0.10000000149011612
68.209,1.0,9.83531118211233,0.10000000149011612
68.257,1.0,9.697761522378359,0.10000000149011612
68.311,1.0,9.780416492331359,0.10000000149011612
68.357,1.0,9.917829160268107,0.12585604190826416
68.401,1.0,9.780521235821976,0.10000000149011612
68.464,1.0,9.72505650418914,0.10000000149011612
68.507,1.0,9.890261929151084,0.10000000149011612
68.56,1.0,9.89004495245301,0.10000000149011612
68.611,1.0,9.807558053897488,0.10000000149011612
68.66,1.0,9.697986497605841,0.10000000149011612
68.707,1.0,9.752826415954365,0.10000000149011612
68.758,1.0,9.725187382929855,0.10000000149011612
68.809,1.0,9.64284310804473,0.10000000149011612
68.862,1.0,9.890000000016556,0.10000000149011612
68.908,1.0,9.752788400008447,0.10000000149011612
68.958,1.0,9.752595601479213,0.10000000149011612
69.009,1.0,9.67043304435081,0.10000000149011612
69.058,1.0,9.890246864884263,0.10000000149011612
69.109,1.0,9.80755937906603,0.10000000149011612
69.161,1.0,9.835214220090872,0.10000000149011612
69.208,1.0,9.917565891188051,0.10000000149011612
69.259,1.0,9.807761239281131,0.10000000149011612
69.308,1.0,9.697810890173747,0.10000000149011612
69.36,1.0,9.807628219305641,0.10000000149011612
69.415,1.0,9.862577034119102,0.10000000149011612
69.459,1.0,9.807701782509685,0.10000000149011612
69.509,1.0,9.807559487720331,0.10000000149011612
69.562,1.0,9.807727034886678,0.10000000149011612
69.607,1.0,9.780368528680668,0.10000000149011612
69.659,1.0,9.69812442422327,0.10000000149011612
69.71,1.0,9.807616344177061,0.10000000149011612
69.763,1.0,9.80771405034595,0.10000000149011612
69.809,1.0,9.753062545032137,0.10000000149011612
69.86,1.0,9.862627615924511,0.10000000149011612
69.911,1.0,9.780313035390444,0.10000000149011612
69.958,1.0,9.89006551756627,0.10000000149011612
70.014,1.0,9.69803401860926,0.10000000149011612
70.061,1.0,9.807641733624042,0.10000000149011612
70.117,1.0,9.862647453550663,0.10000000149011612
70.162,1.0,9.807719516878327,0.10000000149011612
70.211,1.0,9.780403223468198,0.10000000149011612
70.268,1.0,9.835240148835712,0.10000000149011612
70.318,1.0,9.670208360979126,0.10000000149011612
70.37,1.0,9.835208575800062,0.10000000149011612
70.416,1.0,9.890216576825413,0.10000000149011612
70.466,1.0,9.780080811348226,0.10000000149011612
70.522,1.0,9.917500000012417,0.10000000149011612
70.566,1.0,9.780101707784667,0.10000000149011612
70.624,1.0,9.835108799011342,0.10000000149011612
70.667,1.0,9.807583833237489,0.10000000149011612
70.716,1.0,9.835187379953762,0.10000000149011612
70.773,1.0,9.725400377127032,0.10000000149011612
70.816,1.0,9.890239098543923,0.10000000149011612
70.867,1.0,9.83528933390561,0.10000000149011612
70.923,1.0,9.917517783451412,0.10000000149011612
70.969,1.0,9.752860486610896,0.10000000149011612
71.016,1.0,9.972500000004139,0.10000000149011612
71.073,1.0,9.75304434965882,0.10000000149011612
71.128,1.0,9.78024164678322,0.10000000149011612
71.171,1.0,9.725196553849512,0.10000000149011612
71.221,1.0,9.862500247276492,0.10000000149011612
71.271,1.0,9.697759379508595,0.10000000149011612
71.321,1.0,9.725160100911227,0.10000000149011612
71.371,1.0,9.83534968369123,0.10000000149011612
71.427,1.0,9.862672412954272,0.10000000149011612
71.475,1.0,9.945000000008278,0.10000000149011612
71.525,1.0,9.917606046423316,0.10000000149011612
71.575,1.0,9.753001607333621,0.10000000149011612
71.626,1.0,9.917615710281664,0.10000000149011612
71.683,1.0,9.862695511244237,0.10000000149011612
71.734,1.0,9.835069799795747,0.10000000149011612
71.784,1.0,9.78010873451001,0.10000000149011612
71.833,1.0,9.8625967056387,0.10000000149011612
71.885,1.0,9.83506451687879,0.10000000149011612
71.933,1.0,9.89014445638491,0.10000000149011612
71.987,1.0,9.862739733089175,0.10000000149011612
72.032,1.0,9.807716855448152,0.10000000149011612
72.084,1.0,9.752819931631286,0.10000000149011612
72.144,1.0,9.752685803568198,0.10000000149011612
72.19,1.0,9.917609229973621,0.10000000149011612
72.238,1.0,9.945000000008278,0.10000000149011612
72.293,1.0,9.670492518465553,0.10000000149011612
72.337,1.0,9.862690897596378,0.10000000149011612
72.39,1.0,9.725596102823813,0.10000000149011612
72.444,1.0,9.835320101140274,0.10000000149011612
72.489,1.0,9.780629617617363,0.10000000149011612
72.543,1.0,9.862747229739195,0.10000000149011612
72.593,1.0,9.75288455511133,0.10000000149011612
72.638,1.0,9.807719926494691,0.10000000149011612
72.691,1.0,9.890183002356853,0.10000000149011612
72.74,1.0,9.780228462980853,0.10000000149011612
72.789,1.0,9.8626308546712,0.10000000149011612
72.842,1.0,9.835335875509514,0.10000000149011612
72.89,1.0,9.780287373086644,0.10000000149011612
72.943,1.0,9.890058443488346,0.10000000149011612
72.993,1.0,9.753017582309743,0.10000000149011612
73.041,1.0,9.780244644565714,0.10000000149011612
73.09,1.0,9.80773126040068,0.10000000149011612
73.145,1.0,9.862703150986798,0.10000000149011612
73.189,1.0,9.807724548317491,0.10000000149011612
73.24,1.0,9.780151986827454,0.10000000149011612
73.29,1.0,9.972577450714178,0.12788225710391998
73.342,1.0,9.835052757523954,0.10000000149011612
73.39,1.0,9.725178371142182,0.10000000149011612
73.442,1.0,9.80782223780536,0.10000000149011612
73.491,1.0,9.835074205758671,0.10000000149011612
73.545,1.0,9.670650683695243,0.10000000149011612
73.592,1.0,9.752960815073715,0.10000000149011612
73.647,1.0,9.78025626892017,0.10000000149011612
73.69,1.0,9.697832334786654,0.10000000149011612
73.741,1.0,9.83545905980799,0.10000000149011612
73.795,1.0,9.890178294541935,0.10000000149011612
73.839,1.0,9.780208417835334,0.10000000149011612
73.891,1.0,9.807731278944347,0.10000000149011612
73.941,1.0,9.862528341449798,0.10000000149011612
73.991,1.0,9.697988216558265,0.10000000149011612
74.046,1.0,9.890042281171514,0.10000000149011612
74.091,1.0,9.807669159894187,0.10000000149011612
74.144,1.0,9.752967828719152,0.10000000149011612
74.202,1.0,9.780298385334511,0.10000000149011612
74.247,1.0,9.697859990741645,0.10000000149011612
74.296,1.0,9.835255290857619,0.10000000149011612
74.352,1.0,9.752807586453855,0.10000000149011612
74.396,1.0,9.807995187553267,0.10000000149011612
74.449,1.0,9.80753461693724,0.10000000149011612
74.5,1.0,9.670297849737107,0.10000000149011612
74.547,1.0,9.89031151994649,0.10000000149011612
74.596,1.0,9.917514490605228,0.10000000149011612
74.649,1.0,9.835126842827433,0.10000000149011612
74.702,1.0,9.807782841908436,0.10000000149011612
74.751,1.0,9.862529631828268,0.10000000149011612
74.799,1.0,9.6429447007469,0.10000000149011612
74.85,1.0,10.0,10.0
74.902,1.0,9.862568941733075,0.10000000149011612
74.956,1.0,9.72538802938329,0.10000000149011612
74.999,1.0,9.835049413931038,0.10000000149011612
75.05,1.0,9.917674721529087,0.10000000149011612
75.104,1.0,9.917574101852047,0.10000000149011612
75.16,1.0,9.862725567879776,0.10000000149011612
75.2,1.0,9.6978165305737,0.10000000149011612
75.267,1.0,9.890239648934868,0.10000000149011612
75.302,1.0,9.615593938260442,0.10000000149011612
75.352,1.0,9.670844222812189,0.10000000149011612
75.405,1.0,9.75282520486249,0.10000000149011612
75.452,1.0,9.697742447877923,0.10000000149011612
75.504,1.0,9.862645520352656,0.10000000149011612
75.553,1.0,9.698172739086052,0.10000000149011612
75.607,1.0,9.862702013221051,0.10000000149011612
75.652,1.0,9.78009650653435,0.10000000149011612
75.704,1.0,9.807702775734166,0.10000000149011612
75.762,1.0,9.697703282762733,0.10000000149011612
75.803,1.0,9.835153377449346,0.10000000149011612
75.861,1.0,9.780317103573017,0.10000000149011612
75.91,1.0,9.862750249045591,0.10000000149011612
75.953,1.0,9.835200567626291,0.10000000149011612
76.008,1.0,9.835345664951536,0.10000000149011612
76.056,1.0,9.835130183812645,0.10000000149011612
76.101,1.0,9.807848327089514,0.10000000149011612
76.154,1.0,9.835346290800306,0.10000000149011612
76.207,1.0,9.862880164798764,0.10000000149011612
76.254,1.0,9.8900207993264,0.10000000149011612
76.303,1.0,9.890258734797438,0.10000000149011612
76.357,1.0,9.917500000012417,0.10000000149011612
76.412,1.0,9.725435954539313,0.10000000149011612
76.458,1.0,9.725409781229164,0.10000000149011612
76.509,1.0,9.615663457889523,0.10000000149011612
76.561,1.0,9.780313704431885,0.10000000149011612
76.606,1.0,9.890168887252608,0.10000000149011612
76.66,1.0,9.725572855149705,0.10000000149011612
76.71,1.0,9.780531681432493,0.10000000149011612
76.761,1.0,9.725457336546647,0.10000000149011612
76.81,1.0,9.80778171784348,0.10000000149011612
76.862,1.0,9.835071187652648,0.10000000149011612
76.914,1.0,9.945112585524718,0.11979098618030548
76.963,1.0,9.83529431666765,0.10000000149011612
77.013,1.0,9.752760294245348,0.10000000149011612
77.063,1.0,9.752914893751344,0.10000000149011612
77.114,1.0,9.753092510936161,0.10000000149011612
77.166,1.0,9.643108186767334,0.10000000149011612
77.213,1.0,9.807841596917974,0.10000000149011612
77.263,1.0,9.890139850477377,0.10000000149011612
77.314,1.0,9.835279548044007,0.10000000149011612
77.365,1.0,9.835107371190356,0.10000000149011612
77.422,1.0,9.945072147560616,0.1029369905591011
77.465,1.0,9.670289829456143,0.10000000149011612
77.517,1.0,9.780347855037284,0.10000000149011612
77.569,1.0,9.780375849083066,0.10000000149011612
77.614,1.0,9.642762681779763,0.10000000149011612
77.665,1.0,9.780198121464087,0.10000000149011612
77.721,1.0,9.890197211317718,0.10000000149011612
77.764,1.0,9.78012313865539,0.10000000149011612
77.813,1.0,9.91783486439122,0.1255219429731369
77.87,1.0,9.752793588116765,0.10000000149011612
77.915,1.0,9.780327731019092,0.10000000149011612
77.965,1.0,9.670316503362523,0.10000000149011612
78.015,1.0,9.835164006820156,0.10000000149011612
78.071,1.0,9.862642182761597,0.10000000149011612
78.123,1.0,9.835371502613027,0.10000000149011612
78.169,1.0,9.91767885920902,0.10000000149011612
78.219,1.0,9.917753907520737,0.11052606254816055
78.269,1.0,9.752912472809355,0.10000000149011612
78.319,1.0,9.890358131606545,0.10962565988302231
78.367,1.0,9.89016107885788,0.10000000149011612
78.419,1.0,9.862727572520575,0.10000000149011612
78.469,1.0,9.862779441124035,0.10000000149011612
78.522,1.0,9.80791346470101,0.10000000149011612
78.563,1.0,9.807780469415917,0.10000000149011612
78.624,1.0,9.753058353045748,0.10000000149011612
78.668,1.0,9.807612028614514,0.10000000149011612
78.725,1.0,9.835163231690725,0.10000000149011612
78.774,1.0,9.86287068956428,0.10000000149011612
78.818,1.0,9.725394527365763,0.10000000149011612
78.869,1.0,9.78031447571185,0.10000000149011612
78.922,1.0,9.890232024445302,0.10000000149011612
78.972,1.0,9.807716930409272,0.10000000149011612
79.018,1.0,9.835284186340868,0.10000000149011612
79.069,1.0,9.807791636014977,0.10000000149011612
79.123,1.0,9.725300139830344,0.10000000149011612
79.172,1.0,9.752700689165957,0.10000000149011612
79.226,1.0,9.835137812275853,0.10000000149011612
79.274,1.0,9.807509006145928,0.10000000149011612
79.33,1.0,9.807510988228023,0.10000000149011612
79.375,1.0,9.862508301374813,0.10000000149011612
79.435,1.0,9.75289651579741,0.10000000149011612
79.472,1.0,9.807836440722976,0.10000000149011612
79.518,1.0,9.835010441371963,0.10000000149011612
79.576,1.0,9.780349889728758,0.10000000149011612
79.625,1.0,9.807668837925625,0.10000000149011612
79.682,1.0,9.862594279936618,0.10000000149011612
79.724,1.0,9.807775784697798,0.10000000149011612
79.775,1.0,9.752686635259952,0.10000000149011612
79.824,1.0,9.752658765928613,0.10000000149011612
79.874,1.0,9.780286850697465,0.10000000149011612
79.922,1.0,9.86283052381542,0.10000000149011612
79.973,1.0,9.670661586647233,0.10000000149011612
80.024,1.0,9.862831610151463,0.10000000149011612
80.087,1.0,9.890243360876209,0.10000000149011612
80.124,1.0,9.862633030116559,0.10000000149011612
80.175,1.0,9.862528585953017,0.10000000149011612
80.227,1.0,9.835366471753352,0.10000000149011612
80.274,1.0,9.6980276932319,0.10000000149011612
80.325,1.0,9.807830978350507,0.10000000149011612
80.378,1.0,9.862650264944467,0.10000000149011612
80.431,1.0,9.752829186639024,0.10000000149011612
80.474,1.0,9.945114549228714,0.10000000149011612
80.524,1.0,9.780250577049124,0.10000000149011612
80.582,1.0,9.670489533742268,0.10000000149011612
80.634,1.0,9.64289540366994,0.10000000149011612
80.682,1.0,9.807537447185153,0.10000000149011612
80.731,1.0,9.890129437690808,0.10000000149011612
80.792,1.0,9.835425605314473,0.10214546322822571
80.831,1.0,9.752770730045935,0.10000000149011612
80.884,1.0,9.83506442691303,0.10000000149011612
80.931,1.0,9.697726221258442,0.10000000149011612
80.981,1.0,9.890207260640132,0.10000000149011612
81.035,1.0,9.890087666921318,0.10000000149011612
81.081,1.0,9.890111255086959,0.10000000149011612
81.131,1.0,9.780144377549489,0.10000000149011612
81.181,1.0,9.725357206517623,0.10000000149011612
81.235,1.0,9.725158166926768,0.10000000149011612
81.287,1.0,9.780245001407133,0.10000000149011612
81.333,1.0,9.752742068614397,0.10000000149011612
81.386,1.0,9.862565364647242,0.10000000149011612
81.437,1.0,9.807801366204188,0.10000000149011612
81.486,1.0,9.807548538595437,0.10000000149011612
81.534,1.0,9.890221050257484,0.10000000149011612
81.585,1.0,9.752657897542749,0.10000000149011612
81.633,1.0,9.835499756866032,0.10000000149011612
81.684,1.0,9.780238126880592,0.10000000149011612
81.743,1.0,9.725353945771026,0.10000000149011612
81.785,1.0,9.890125413280394,0.10000000149011612
81.834,1.0,9.807601268072094,0.10000000149011612
81.886,1.0,9.752830293671124,0.10000000149011612
81.935,1.0,9.862509011994634,0.10000000149011612
81.985,1.0,9.890109639138812,0.10000000149011612
82.037,1.0,9.807673977625866,0.10000000149011612
82.085,1.0,9.835161310475733,0.10000000149011612
82.135,1.0,9.64317178711709,0.10000000149011612
82.184,1.0,9.890240785727899,0.10000000149011612
82.234,1.0,9.75297176481949,0.10000000149011612
82.285,1.0,9.83528550883962,0.10000000149011612
82.337,1.0,9.91770475347423,0.10000000149011612
82.384,1.0,9.917592086849941,0.10000000149011612
82.438,1.0,9.752797944388456,0.10000000149011612
82.485,1.0,9.6155792609685,0.10000000149011612
82.535,1.0,9.807733150550888,0.10000000149011612
82.584,1.0,9.72511610697127,0.10000000149011612
82.634,1.0,9.835063848313357,0.10000000149011612
82.687,1.0,9.725472384091052,0.10000000149011612
82.738,1.0,9.972500000004139,0.10000000149011612
82.784,1.0,9.807749668177632,0.10000000149011612
82.835,1.0,9.862760795031985,0.10000000149011612
82.886,1.0,9.835259812821944,0.10000000149011612
82.935,1.0,9.862808879526954,0.10000000149011612
82.986,1.0,9.890107432649367,0.10000000149011612
83.034,1.0,9.917605376781689,0.10000000149011612
83.084,1.0,9.807721478616198,0.10000000149011612
83.134,1.0,9.862687269970774,0.10000000149011612
83.191,1.0,9.890001224705742,0.10000000149011612
83.242,1.0,9.807741595411466,0.10000000149011612
83.286,1.0,9.807823827676476,0.10000000149011612
83.338,1.0,9.83526302985847,0.10000000149011612
83.388,1.0,9.725514716137614,0.10000000149011612
83.437,1.0,9.752733669057488,0.10000000149011612
83.486,1.0,9.72549712376462,0.10000000149011612
83.543,1.0,9.6980066895071,0.10000000149011612
83.587,1.0,9.835365250830849,0.10000000149011612
83.637,1.0,9.615477758997844,0.10000000149011612
83.694,1.0,9.807742214223577,0.10000000149011612
83.736,1.0,9.917615615742074,0.10000000149011612
83.787,1.0,9.670325168387757,0.10000000149011612
83.846,1.0,9.890218379514085,0.10000000149011612
83.888,1.0,9.890063171730274,0.10000000149011612
83.937,1.0,9.862916691311531,0.10000000149011612
83.987,1.0,9.752631415840652,0.10000000149011612
84.038,1.0,9.780161454404395,0.10000000149011612
84.089,1.0,9.835159149579704,0.10000000149011612
84.138,1.0,9.780267398080063,0.10000000149011612
84.187,1.0,9.835371145502561,0.10000000149011612
84.234,1.0,9.945095822235777,0.10000000149011612
84.287,1.0,9.807776793837547,0.10000000149011612
84.337,1.0,9.752638262117074,0.10000000149011612
84.391,1.0,9.698205004942913,0.10000000149011612
84.444,1.0,9.807780514926547,0.10000000149011612
84.488,1.0,9.780318172917598,0.10000000149011612
84.537,1.0,9.807877140202455,0.10000000149011612
84.595,1.0,9.890000000016556,0.10000000149011612
84.635,1.0,9.83526116181165,0.10000000149011612
84.689,1.0,9.835084072707428,0.10000000149011612
84.739,1.0,9.890189016341335,0.10000000149011612
84.789,1.0,9.752738235145808,0.10000000149011612
84.84,1.0,9.780162257473503,0.10000000149011612
84.889,1.0,9.780237148888409,0.10000000149011612
84.939,1.0,9.807795413210988,0.10000000149011612
84.991,1.0,9.917500000012417,0.10000000149011612
85.04,1.0,9.780393863593538,0.10000000149011612
85.093,1.0,9.725064093288449,0.10000000149011612
85.144,1.0,9.67035943882333,0.10000000149011612
85.191,1.0,9.752817596743505,0.10000000149011612
85.242,1.0,9.890110307704244,0.10000000149011612
85.292,1.0,9.862782317979468,0.10000000149011612
85.342,1.0,9.807798164503442,0.10000000149011612
85.4,1.0,9.890172613826063,0.10000000149011612
85.441,1.0,9.83510969094932,0.10000000149011612
85.491,1.0,9.80768386380126,0.10000000149011612
85.542,1.0,9.917538339996504,0.10000000149011612
85.594,1.0,9.835009210122129,0.10000000149011612
85.651,1.0,9.725195082628893,0.10000000149011612
85.691,1.0,9.69786288773434,0.10000000149011612
85.752,1.0,9.80760786127713,0.10000000149011612
85.798,1.0,9.80785369063831,0.10000000149011612
85.848,1.0,9.835338733469447,0.10000000149011612
85.899,1.0,9.917685750375192,0.10000000149011612
85.947,1.0,9.890122993290424,0.10000000149011612
85.998,1.0,9.89017307381663,0.10000000149011612
86.051,1.0,9.725598366020455,0.10000000149011612
86.103,1.0,9.807772832322453,0.10000000149011612
86.149,1.0,9.917626764149302,0.10000000149011612
86.199,1.0,9.752788458350633,0.10000000149011612
86.248,1.0,9.697688971832395,0.10000000149011612
86.296,1.0,9.945000000008278,0.10000000149011612
86.348,1.0,9.807700723554525,0.10000000149011612
86.395,1.0,9.835253844389484,0.10000000149011612
86.459,1.0,9.917669800441299,0.11154507845640182
86.498,1.0,9.862509679628744,0.10000000149011612
86.554,1.0,9.780173318708936,0.10000000149011612
86.591,1.0,9.78021321396033,0.10000000149011612
86.648,1.0,9.945000000008278,0.10000000149011612
86.698,1.0,9.807834629155696,0.10000000149011612
86.753,1.0,9.890013988812765,0.10000000149011612
86.801,1.0,9.807785178927912,0.10000000149011612
86.851,1.0,9.862726794203951,0.10000000149011612
86.901,1.0,9.835275947633717,0.10000000149011612
86.951,1.0,9.835283655673265,0.10000000149011612
87.002,1.0,9.917732363835805,0.11890167742967606
87.051,1.0,9.862664360304674,0.10000000149011612
87.1,1.0,9.862569696290626,0.10000000149011612
87.155,1.0,9.807792928442359,0.10000000149011612
87.202,1.0,9.75294040011035,0.10000000149011612
87.256,1.0,9.780230974219739,0.10000000149011612
87.3,1.0,9.780165186193255,0.10000000149011612
87.351,1.0,9.7806038669414,0.10000000149011612
87.405,1.0,9.807705629803241,0.10000000149011612
87.452,1.0,9.890201337759693,0.10000000149011612
87.501,1.0,9.86268472801894,0.10000000149011612
87.554,1.0,9.890152363582617,0.10000000149011612
87.608,1.0,9.835125969826347,0.10000000149011612
87.654,1.0,9.752820626004702,0.10000000149011612
87.701,1.0,9.725128627941013,0.10000000149011612
87.75,1.0,9.83507787409342,0.10000000149011612
87.802,1.0,9.835093223613997,0.10000000149011612
87.854,1.0,9.807794930537542,0.10000000149011612
87.901,1.0,9.780163643591933,0.10000000149011612
87.956,1.0,9.890172474727862,0.10000000149011612
88.006,1.0,9.807841159175668,0.10000000149011612
88.054,1.0,9.945064209505087,0.10147455334663391
88.105,1.0,9.835255801967449,0.10000000149011612
88.154,1.0,9.61545662029336,0.10000000149011612
88.207,1.0,9.780418302553395,0.10000000149011612
88.257,1.0,9.615511037678354,0.10000000149011612
88.308,1.0,9.587888049706816,0.10000000149011612
88.357,1.0,9.89018386374745,0.10000000149011612
88.407,1.0,9.890134194307029,0.10000000149011612
88.466,1.0,9.753051610125436,0.10000000149011612
88.514,1.0,9.807903360678917,0.10000000149011612
88.561,1.0,9.835003728398846,0.10000000149011612
88.613,1.0,9.725257898887826,0.10000000149011612
88.662,1.0,9.835451696316401,0.10000000149011612
88.715,1.0,9.917500000012417,0.10000000149011612
88.757,1.0,9.807662108374966,0.10000000149011612
88.812,1.0,9.835274216139481,0.10000000149011612
88.862,1.0,9.752853360813525,0.10000000149011612
88.912,1.0,9.807741651435693,0.10000000149011612
88.964,1.0,9.835262114347683,0.10000000149011612
89.019,1.0,9.890221848525107,0.10000000149011612
89.062,1.0,9.725143249332906,0.10000000149011612
89.113,1.0,9.862631874200371,0.10000000149011612
89.162,1.0,9.89025014595439,0.10000000149011612
89.214,1.0,9.752994439523253,0.10000000149011612
89.265,1.0,9.78043115410126,0.10000000149011612
89.312,1.0,9.752970944841703,0.10000000149011612
89.363,1.0,9.807598078706198,0.10000000149011612
89.414,1.0,9.807522814286251,0.10000000149011612
89.466,1.0,9.862768771416611,0.10000000149011612
89.515,1.0,9.807662842236459,0.10000000149011612
89.563,1.0,9.752932452017234,0.10000000149011612
89.613,1.0,9.862704683260786,0.10000000149011612
89.662,1.0,9.670495934598147,0.10000000149011612
89.716,1.0,9.6706030331759,0.10000000149011612
89.77,1.0,9.75291577550686,0.10000000149011612
89.81,1.0,9.862807849173745,0.10000000149011612
89.87,1.0,9.725010548821754,0.10000000149011612
89.917,1.0,9.862643703839018,0.10000000149011612
89.967,1.0,9.752963264638352,0.10000000149011612
90.017,1.0,9.780549102317956,0.10000000149011612
90.071,1.0,9.862701859925355,0.10000000149011612
90.118,1.0,9.89009794772913,0.10000000149011612
90.181,1.0,9.698138041711516,0.10000000149011612
90.216,1.0,9.725438217052982,0.10000000149011612
90.266,1.0,9.862714124822782,0.10000000149011612
90.317,1.0,9.862641519121826,0.10000000149011612
90.367,1.0,9.807830696118375,0.10000000149011612
90.415,1.0,9.917645661325919,0.10000000149011612
90.468,1.0,9.835343330932988,0.10000000149011612
90.521,1.0,9.835000000024836,0.10000000149011612
90.568,1.0,9.890256147997247,0.10000000149011612
90.617,1.0,9.725457301611701,0.10000000149011612
90.667,1.0,9.862802307969995,0.10000000149011612
90.731,1.0,9.725366231240333,0.10000000149011612
90.769,1.0,9.890076467746661,0.10000000149011612
90.817,1.0,9.670258598319359,0.10000000149011612
90.87,1.0,9.835109596802956,0.10000000149011612
90.917,1.0,9.862687111770112,0.10000000149011612
90.967,1.0,9.890094510921173,0.10000000149011612
91.022,1.0,9.917500000012417,0.10000000149011612
91.07,1.0,9.835121127342184,0.10000000149011612
91.12,1.0,9.67030492640204,0.10000000149011612
91.171,1.0,9.752770699291593,0.10000000149011612
91.23,1.0,9.835147945914004,0.10000000149011612
91.269,1.0,9.807500000028975,0.10000000149011612
91.32,1.0,9.945121591393319,0.10000000149011612
91.371,1.0,9.835156098028852,0.10000000149011612
91.424,1.0,9.725334690821667,0.10000000149011612
91.47,1.0,9.86277534984466,0.10000000149011612
91.525,1.0,9.670407217099434,0.10000000149011612
91.57,1.0,9.697922920828892,0.10000000149011612
91.619,1.0,9.8627378753076,0.10000000149011612
91.67,1.0,9.670207959475617,0.10000000149011612
91.72,1.0,9.807593332334525,0.10000000149011612
91.774,1.0,9.862669432266719,0.10000000149011612
91.823,1.0,9.890209314703114,0.10000000149011612
91.87,1.0,9.917584824230936,0.10000000149011612
91.932,1.0,9.917576713528899,0.10000000149011612
91.977,1.0,9.89002225599769,0.10000000149011612
92.027,1.0,9.945029530446563,0.10000000149011612
92.077,1.0,9.862793248084683,0.10000000149011612
92.129,1.0,9.835168454464938,0.10000000149011612
92.179,1.0,9.862688277785976,0.10000000149011612
92.223,1.0,9.615931109959881,0.10000000149011612
92.277,1.0,9.945000000008278,0.10000000149011612
92.328,1.0,9.7253307669527,0.10000000149011612
92.377,1.0,9.862577813594706,0.10000000149011612
92.428,1.0,9.91763307609492,0.10000000149011612
92.48,1.0,9.89032491762191,0.11826274544000626
92.527,1.0,9.80807397297273,0.10000000149011612
92.581,1.0,9.780219254725509,0.10000000149011612
92.63,1.0,9.807774661129548,0.10000000149011612
92.68,1.0,9.807809040074547,0.10000000149011612
92.729,1.0,9.890167542919517,0.10000000149011612
92.78,1.0,9.697744176557494,0.10000000149011612
92.829,1.0,9.752923303821849,0.10000000149011612
92.879,1.0,9.972500000004139,0.10000000149011612
92.929,1.0,9.835406254314714,0.10000000149011612
92.98,1.0,9.752933189976547,0.10000000149011612
93.03,1.0,9.615382565392387,0.10000000149011612
93.082,1.0,9.862606062057118,0.10000000149011612
93.125,1.0,9.780251718560855,0.10000000149011612
93.179,1.0,9.835305198571747,0.10000000149011612
93.232,1.0,9.725562724264131,0.10000000149011612
93.28,1.0,9.890117639468777,0.10000000149011612
93.337,1.0,9.945164379829334,0.1249273493885994
93.378,1.0,9.807761222248276,0.10000000149011612
93.43,1.0,9.780131690804328,0.10000000149011612
93.479,1.0,9.780304799063337,0.10000000149011612
93.53,1.0,9.752724792808294,0.10000000149011612
93.58,1.0,9.835371644339627,0.10000000149011612
93.63,1.0,9.615407897469899,0.10000000149011612
93.683,1.0,9.835285864377187,0.10000000149011612
93.73,1.0,9.780074069855942,0.10000000149011612
93.78,1.0,9.780199234228995,0.10000000149011612
93.837,1.0,9.835533197927806,0.11866556107997894
93.88,1.0,9.862684786568085,0.10000000149011612
93.93,1.0,9.780319869704545,0.10000000149011612
93.985,1.0,9.780327515635225,0.10000000149011612
94.034,1.0,9.890074013421932,0.10000000149011612
94.083,1.0,9.752992569800053,0.10000000149011612
94.13,1.0,9.835171656165686,0.10000000149011612
94.181,1.0,9.862823293316696,0.10000000149011612
94.233,1.0,9.835123444348573,0.10000000149011612
94.279,1.0,9.89010469696174,0.10000000149011612
94.338,1.0,9.917500000012417,0.10000000149011612
94.38,1.0,9.917540742953618,0.10000000149011612
94.431,1.0,9.780361819929547,0.10000000149011612
94.49,1.0,9.753002406429086,0.10000000149011612
94.53,1.0,9.670192035453187,0.10000000149011612
94.58,1.0,9.807787852796416,0.10000000149011612
94.631,1.0,9.698000289127231,0.10000000149011612
94.681,1.0,9.86270985054887,0.10000000149011612
94.728,1.0,9.807654397168921,0.10000000149011612
94.779,1.0,9.835458422783349,0.10000000149011612
94.83,1.0,9.917635572204988,0.10000000149011612
94.881,1.0,9.725227704954644,0.10000000149011612
94.928,1.0,9.697761378085447,0.10000000149011612
94.98,1.0,9.80771532025602,0.10000000149011612
95.031,1.0,9.862600004507435,0.10000000149011612
95.081,1.0,9.80765351632403,0.10000000149011612
95.135,1.0,9.835175680348442,0.10000000149011612
95.186,1.0,9.807585252159171,0.10000000149011612
95.242,1.0,9.670312753754358,0.10000000149011612
95.284,1.0,9.862552146592902,0.10000000149011612
95.333,1.0,9.615400871344738,0.10000000149011612
95.389,1.0,9.862839501951303,0.10000000149011612
95.442,1.0,9.752588563226164,0.10000000149011612
95.49,1.0,9.807796713275215,0.10000000149011612
95.54,1.0,9.807660456560551,0.10000000149011612
95.593,1.0,9.890077350681855,0.10000000149011612
95.64,1.0,9.752679282385442,0.10000000149011612
95.689,1.0,9.752907124492857,0.10000000149011612
95.739,1.0,9.917579205375578,0.10000000149011612
95.79,1.0,9.753096544577016,0.10000000149011612
95.84,1.0,9.862841244331664,0.10000000149011612
95.89,1.0,9.86272121326377,0.10000000149011612
95.945,1.0,9.890069368316068,0.10000000149011612
95.994,1.0,9.670223095495668,0.10000000149011612
96.043,1.0,9.697832575047181,0.10000000149011612
96.091,1.0,9.807654800824821,0.10000000149011612
96.142,1.0,9.862558711195986,0.10000000149011612
96.197,1.0,9.835363174395429,0.10000000149011612
96.242,1.0,9.780371781997383,0.10000000149011612
96.293,1.0,9.862644168196454,0.10000000149011612
96.345,1.0,9.780045437233316,0.10000000149011612
96.396,1.0,9.862627783873014,0.10000000149011612
96.442,1.0,9.835348860174417,0.10000000149011612
96.494,1.0,9.698021947013007,0.10000000149011612
96.543,1.0,9.780125199920601,0.10000000149011612
96.597,1.0,9.890180537891057,0.10000000149011612
96.646,1.0,9.835188347825573,0.10000000149011612
96.694,1.0,9.752718620292015,0.10000000149011612
96.742,1.0,9.83524024190588,0.10000000149011612
96.796,1.0,9.807766717734436,0.10000000149011612
96.849,1.0,9.807922061594825,0.10000000149011612
96.897,1.0,9.752929578576651,0.10000000149011612
96.946,1.0,9.862500000020695,0.10000000149011612
96.997,1.0,9.752685043608977,0.10000000149011612
97.047,1.0,9.752703690073556,0.10000000149011612
97.096,1.0,9.752625476361978,0.10000000149011612
97.148,1.0,9.807546669762168,0.10000000149011612
97.204,1.0,9.807763796630834,0.10000000149011612
97.247,1.0,9.83523331557711,0.10000000149011612
97.296,1.0,9.780175875851677,0.10000000149011612
97.347,1.0,9.752793647928371,0.10000000149011612
97.399,1.0,9.75285395971603,0.10000000149011612
97.45,1.0,9.86264642054836,0.10000000149011612
97.505,1.0,9.808168037732441,0.11144313216209412
97.549,1.0,9.752748707330062,0.10000000149011612
97.599,1.0,9.862720116455522,0.10000000149011612
97.647,1.0,9.725456279226476,0.10000000149011612
97.702,1.0,9.835144851211872,0.10000000149011612
97.751,1.0,9.780247581688066,0.10000000149011612
97.802,1.0,10.0,10.0
97.847,1.0,9.725312997669809,0.10000000149011612
97.901,1.0,9.89006986796028,0.10000000149011612
97.955,1.0,9.890079974196851,0.10000000149011612
98.0,1.0,9.697966635827388,0.10000000149011612
98.05,1.0,9.780438694440656,0.10000000149011612
98.102,1.0,9.697759882340002,0.10000000149011612
98.158,1.0,9.807696013131903,0.10000000149011612
98.214,1.0,9.725484556953113,0.10000000149011612
98.253,1.0,9.835211265832186,0.10000000149011612
98.306,1.0,9.780325482226909,0.10000000149011612
98.353,1.0,9.697886053638326,0.10000000149011612
98.403,1.0,9.890235197751059,0.10000000149011612
98.453,1.0,9.89000765066594,0.10000000149011612
98.509,1.0,9.72529468898558,0.10000000149011612
98.563,1.0,9.890307671183514,0.10000000149011612
98.61,1.0,9.80792498158084,0.10000000149011612
98.654,1.0,9.917568226634629,0.10000000149011612
98.704,1.0,9.862593056758245,0.10000000149011612
98.759,1.0,9.780176957117186,0.10000000149011612
98.807,1.0,9.807684782623417,0.10000000149011612
98.857,1.0,9.752834928677315,0.10000000149011612
98.907,1.0,9.752950030710135,0.10000000149011612
98.959,1.0,9.752747695168686,0.10000000149011612
99.009,1.0,9.725253029146955,0.10000000149011612
99.058,1.0,9.698190637905565,0.10000000149011612
99.108,1.0,9.725137344147596,0.10000000149011612
99.156,1.0,9.725530541936557,0.10000000149011612
99.207,1.0,9.780164620611403,0.10000000149011612
99.257,1.0,9.945131591355635,0.1216457262635231
99.307,1.0,9.89027150556859,0.10000000149011612
99.356,1.0,9.80762159290413,0.10000000149011612
99.412,1.0,9.890086300174396,0.10000000149011612
99.458,1.0,9.862707414374583,0.10000000149011612
99.508,1.0,9.862752635259595,0.10000000149011612
99.561,1.0,9.890269119168321,0.10000000149011612
99.608,1.0,9.752915394554536,0.10000000149011612
99.663,1.0,9.945118860631354,0.10000000149011612
99.708,1.0,9.725195877212617,0.10000000149011612
99.759,1.0,9.642954277329975,0.10000000149011612
99.809,1.0,9.780187389627098,0.10000000149011612
99.859,1.0,9.75278518197851,0.10000000149011612
99.909,1.0,9.945071754997803,0.10000000149011612
99.96,1.0,9.97255176347163,0.11863484978675842
100.012,1.0,9.780243620586893,0.10000000149011612
100.059,1.0,9.862740878077846,0.10000000149011612
100.112,1.0,9.752783456092907,0.10000000149011612
100.158,1.0,9.725496199230353,0.10000000149011612
100.215,1.0,9.862638191982276,0.10000000149011612
100.26,1.0,9.75280775071846,0.10000000149011612
100.31,1.0,9.807833394946323,0.10000000149011612
100.36,1.0,9.752645617350936,0.10000000149011612
100.412,1.0,9.862603500816558,0.10000000149011612
100.456,1.0,9.6978652111979,0.10000000149011612
100.509,1.0,9.725253063254058,0.10000000149011612
100.559,1.0,9.753021829927134,0.10000000149011612
100.611,1.0,9.807639509087636,0.10000000149011612
100.659,1.0,9.890130714223616,0.10000000149011612
100.71,1.0,9.917615251367291,0.10000000149011612
100.764,1.0,9.807597739104596,0.10000000149011612
100.809,1.0,9.780394509144955,0.10000000149011612
100.858,1.0,9.752679565093583,0.10000000149011612
100.914,1.0,9.835286296283206,0.10000000149011612
100.959,1.0,9.670624935026797,0.10000000149011612
101.009,1.0,9.643014161164562,0.10000000149011612
101.066,1.0,9.972500000004139,0.10000000149011612
101.11,1.0,9.780446846762466,0.10000000149011612
101.162,1.0,9.807654649329683,0.10000000149011612
101.212,1.0,9.642799247532254,0.10000000149011612
101.26,1.0,9.725728348083795,0.10000000149011612
101.314,1.0,9.698114509756367,0.10000000149011612
101.359,1.0,9.862881664393676,0.10364877432584763
101.416,1.0,9.780229100336632,0.10000000149011612
101.459,1.0,9.80774727138794,0.10000000149011612
101.509,1.0,9.725272514277862,0.10000000149011612
101.56,1.0,9.697718465597266,0.10000000149011612
101.612,1.0,9.725393011731406,0.10000000149011612
101.658,1.0,9.69767033379111,0.10000000149011612
101.708,1.0,9.862652672889332,0.10000000149011612
101.763,1.0,9.643111916383107,0.10000000149011612
101.812,1.0,9.862821734448273,0.10000000149011612
101.865,1.0,9.83518369955321,0.10000000149011612
101.91,1.0,9.972500000004139,0.10000000149011612
101.961,1.0,9.917575723677874,0.10000000149011612
102.017,1.0,9.862737967674104,0.10000000149011612
102.059,1.0,9.780265914648771,0.10000000149011612
102.119,1.0,9.725179790498482,0.10000000149011612
102.159,1.0,9.752810824579663,0.10000000149011612
102.21,1.0,9.835186123185688,0.10000000149011612
102.259,1.0,9.862589893655645,0.10000000149011612
102.309,1.0,9.752818221598863,0.10000000149011612
102.364,1.0,9.862794251036313,0.10000000149011612
102.413,1.0,9.725203779981369,0.10000000149011612
102.463,1.0,9.972500000004139,0.10000000149011612
102.513,1.0,9.9451220072185,0.10000000149011612
102.563,1.0,9.807565058560835,0.10000000149011612
102.615,1.0,9.80782008278701,0.10000000149011612
102.669,1.0,9.89000379451447,0.10000000149011612
102.72,1.0,9.862582382290727,0.10000000149011612
102.767,1.0,9.725682605823708,0.10000000149011612
102.816,1.0,9.752808000975184,0.10000000149011612
102.868,1.0,9.945069021835096,0.10000000149011612
102.917,1.0,9.862726924195886,0.10000000149011612
102.971,1.0,9.862677562050521,0.10000000149011612
103.018,1.0,9.80762072166221,0.10000000149011612
103.069,1.0,9.698035490988858,0.10000000149011612
103.115,1.0,9.807605788753264,0.10000000149011612
103.167,1.0,9.835122997582786,0.10000000149011612
103.219,1.0,9.643064874245061,0.10000000149011612
103.264,1.0,9.808017591593995,0.10000000149011612
103.317,1.0,9.807606602687802,0.10000000149011612
103.367,1.0,9.9175847997475,0.10000000149011612
103.416,1.0,9.78007648392684,0.10000000149011612
103.474,1.0,9.83524998612702,0.10000000149011612
103.52,1.0,9.94501458760351,0.10000000149011612
103.565,1.0,9.72526224717084,0.10000000149011612
103.616,1.0,9.80777955322216,0.10000000149011612
103.667,1.0,9.862669273031255,0.10000000149011612
103.717,1.0,9.780258798578547,0.10000000149011612
103.766,1.0,9.780227974367639,0.10000000149011612
103.816,1.0,9.780582851750983,0.10000000149011612
103.864,1.0,9.807918375999563,0.10000000149011612
103.916,1.0,9.642914198090633,0.10000000149011612
103.966,1.0,9.780472159923779,0.10000000149011612
104.016,1.0,9.752869347710575,0.10000000149011612
104.072,1.0,9.725321925659147,0.10000000149011612
104.124,1.0,9.80795039118578,0.10000000149011612
104.178,1.0,9.862717784382403,0.10000000149011612
104.22,1.0,9.698013429509269,0.10000000149011612
104.271,1.0,9.670421695419483,0.10000000149011612
104.329,1.0,9.725379711223972,0.10000000149011612
104.37,1.0,9.835230774722165,0.10000000149011612
104.422,1.0,9.835359366879695,0.10000000149011612
104.471,1.0,9.643047773155073,0.10000000149011612
104.519,1.0,9.807692870994408,0.10000000149011612
104.569,1.0,9.807544344353179,0.10000000149011612
104.621,1.0,9.835201104730368,0.10000000149011612
104.668,1.0,9.807765626245075,0.10000000149011612
104.726,1.0,9.69808974671695,0.10000000149011612
104.779,1.0,9.69795812327001,0.10000000149011612
104.827,1.0,9.643024271726608,0.10000000149011612
104.883,1.0,9.780508769945138,0.10000000149011612
104.927,1.0,9.697784199731217,0.10000000149011612
104.98,1.0,9.780491290179391,0.10000000149011612
105.036,1.0,9.72523669840561,0.10000000149011612
105.083,1.0,9.83513166513294,0.10000000149011612
105.142,1.0,9.725423149143657,0.10000000149011612
105.182,1.0,9.807793309663733,0.10000000149011612
105.234,1.0,9.697882103547453,0.10000000149011612
105.286,1.0,9.945000000008278,0.10000000149011612
105.332,1.0,9.917585157064927,0.10000000149011612
105.382,1.0,9.862623179310726,0.10000000149011612
105.436,1.0,9.862635144715508,0.10000000149011612
105.487,1.0,9.862733944195012,0.10000000149011612
105.541,1.0,9.835179006722239,0.10000000149011612
105.583,1.0,9.972565183229744,0.12346596270799637
105.635,1.0,9.78018855030338,0.10000000149011612
105.685,1.0,9.615642676129937,0.10000000149011612
105.734,1.0,9.835120091152687,0.10000000149011612
105.785,1.0,9.807732097535498,0.10000000149011612
105.835,1.0,9.807722546905278,0.10000000149011612
105.893,1.0,9.890219084401098,0.10000000149011612
105.934,1.0,9.67045566789392,0.10000000149011612
105.985,1.0,9.780208266754117,0.10000000149011612
106.036,1.0,9.670459752695429,0.10000000149011612
106.087,1.0,9.835334771643911,0.10000000149011612
106.136,1.0,9.807740922272206,0.10000000149011612
106.188,1.0,9.80762577296959,0.10000000149011612
106.235,1.0,9.807851435078515,0.10000000149011612
106.285,1.0,9.862678630629347,0.10000000149011612
106.34,1.0,9.78018733807322,0.10000000149011612
106.391,1.0,9.807734116518663,0.10000000149011612
106.437,1.0,9.780132339211802,0.10000000149011612
106.487,1.0,9.917500000012417,0.10000000149011612
106.538,1.0,9.917604924055437,0.10000000149011612
106.586,1.0,9.752733997462524,0.10000000149011612
106.636,1.0,9.945083118271496,0.10444502532482147
106.686,1.0,9.862616969355278,0.10000000149011612
106.742,1.0,9.890111738029454,0.10000000149011612
106.785,1.0,9.72517550744944,0.10000000149011612
106.835,1.0,9.890004659816622,0.10000000149011612
106.887,1.0,9.807800174856352,0.10000000149011612
106.937,1.0,9.80772789708442,0.10000000149011612
106.992,1.0,9.807657222180731,0.10000000149011612
107.042,1.0,9.835306317876611,0.10000000149011612
107.09,1.0,9.890016487158007,0.10000000149011612
107.141,1.0,9.752502715794577,0.10000000149011612
107.194,1.0,9.725424082101219,0.10000000149011612
107.246,1.0,9.780120048920313,0.10000000149011612
107.296,1.0,9.697917043686742,0.10000000149011612
107.343,1.0,9.862533383899265,0.10000000149011612
107.395,1.0,9.835197623115446,0.10000000149011612
107.445,1.0,9.752861617360677,0.10000000149011612
107.496,1.0,9.862808479534255,0.10000000149011612
107.543,1.0,9.6977729174205,0.10000000149011612
107.595,1.0,9.807707044089007,0.10000000149011612
107.644,1.0,9.862500000020695,0.10000000149011612
107.693,1.0,9.725330550368462,0.10000000149011612
107.746,1.0,9.752676761998899,0.10000000149011612
107.793,1.0,9.725099895894527,0.10000000149011612
107.842,1.0,9.752589511871339,0.10000000149011612
107.899,1.0,9.835145139321686,0.10000000149011612
107.943,1.0,9.78022336543848,0.10000000149011612
107.998,1.0,9.752796485026677,0.10000000149011612
108.044,1.0,9.780317858213351,0.10000000149011612
108.095,1.0,9.61531731740882,0.10000000149011612
108.15,1.0,9.917500000012417,0.10000000149011612
108.194,1.0,9.835254261704783,0.10000000149011612
108.247,1.0,9.890166705225905,0.10000000149011612
108.3,1.0,9.670254111621116,0.10000000149011612
108.342,1.0,9.83509600646794,0.10000000149011612
108.395,1.0,9.86274601492203,0.10000000149011612
108.445,1.0,9.807782074477938,0.10000000149011612
108.494,1.0,9.725279903266992,0.10000000149011612
108.544,1.0,9.780235966853798,0.10000000149011612
108.595,1.0,9.862764341591133,0.10000000149011612
108.651,1.0,9.780164810001022,0.10000000149011612
108.694,1.0,9.862648779588442,0.10000000149011612
108.748,1.0,9.615885290751855,0.10000000149011612
108.794,1.0,9.862712000082764,0.10000000149011612
108.844,1.0,9.835232718764908,0.10000000149011612
108.903,1.0,9.78019638073941,0.10000000149011612
108.949,1.0,9.807631564264495,0.10000000149011612
109.002,1.0,9.862599937700564,0.10000000149011612
109.05,1.0,9.780466871253319,0.10000000149011612
109.1,1.0,9.78030137858457,0.10000000149011612
109.155,1.0,9.945138044117225,0.11168898642063141
109.2,1.0,9.89017877785696,0.10000000149011612
109.249,1.0,9.69802806917578,0.10000000149011612
109.3,1.0,9.890139570873645,0.10153066366910934
109.351,1.0,9.807713952950305,0.10000000149011612
109.4,1.0,9.807811696061657,0.10000000149011612
109.452,1.0,9.917500000012417,0.10000000149011612
109.498,1.0,9.780216692243185,0.10000000149011612
109.553,1.0,9.78041465739823,0.10000000149011612
109.6,1.0,9.807755183904534,0.10000000149011612
109.66,1.0,9.670310254415703,0.10000000149011612
109.71,1.0,9.697819753073984,0.10000000149011612
109.753,1.0,9.862564811814163,0.10000000149011612
109.802,1.0,9.807644934703907,0.10000000149011612
109.854,1.0,9.890000000016556,0.10000000149011612
109.903,1.0,9.807610138298736,0.10000000149011612
109.951,1.0,9.807607033165793,0.10000000149011612
110.003,1.0,9.75282522595177,0.10000000149011612
110.05,1.0,9.642920977580879,0.10000000149011612
110.101,1.0,9.890237020370034,0.10000000149011612
110.151,1.0,9.780204008064336,0.10000000149011612
110.201,1.0,9.670305363730424,0.10000000149011612
110.249,1.0,9.642956282467479,0.10000000149011612
110.3,1.0,9.752826220542193,0.10000000149011612
110.354,1.0,9.807500000028975,0.10000000149011612
110.411,1.0,9.83509537908766,0.10000000149011612
110.451,1.0,9.945012694162626,0.10000000149011612
110.501,1.0,9.835187045029468,0.10000000149011612
110.551,1.0,9.725194652564824,0.10000000149011612
110.602,1.0,9.67053591751804,0.10000000149011612
110.652,1.0,9.83517905804846,0.10000000149011612
110.702,1.0,9.862701102822191,0.10000000149011612
110.76,1.0,9.807771711382602,0.10000000149011612
110.801,1.0,9.863054491165611,0.1272301971912384
110.85,1.0,9.807670587135686,0.10000000149011612
110.902,1.0,9.725328859107362,0.10000000149011612
110.961,1.0,9.917544919562836,0.10000000149011612
111.001,1.0,9.807779655543467,0.10000000149011612
111.055,1.0,9.890105718643301,0.10000000149011612
111.106,1.0,9.807726441220277,0.10000000149011612
111.152,1.0,9.725296453614202,0.10000000149011612
111.205,1.0,9.697863547607428,0.10000000149011612
111.251,1.0,9.83502415606959,0.10000000149011612
111.304,1.0,9.917570740150081,0.10000000149011612
111.353,1.0,9.643243006368477,0.10000000149011612
111.401,1.0,9.835367940759493,0.10000000149011612
111.455,1.0,9.80765655785799,0.10000000149011612
111.502,1.0,9.80772961554014,0.10000000149011612
111.554,1.0,9.807619704264734,0.10000000149011612
111.603,1.0,9.862574797165063,0.10000000149011612
111.653,1.0,9.780397855656014,0.10000000149011612
111.702,1.0,9.670582902121048,0.10000000149011612
111.753,1.0,9.835449877050188,0.10000000149011612
111.805,1.0,9.753014385865795,0.10000000149011612
111.855,1.0,9.697719914404054,0.10000000149011612
111.902,1.0,9.807784935438798,0.10000000149011612
111.954,1.0,9.725173971719212,0.10000000149011612
112.002,1.0,9.89024780102902,0.10000000149011612
112.051,1.0,9.80773964787109,0.10000000149011612
112.105,1.0,9.835375122042993,0.10000000149011612
112.16,1.0,9.807637134297854,0.10000000149011612
112.204,1.0,9.67024064504852,0.10000000149011612
112.254,1.0,9.780332320804398,0.10000000149011612
112.304,1.0,9.862545862690443,0.10000000149011612
112.355,1.0,9.835203773342073,0.10000000149011612
112.404,1.0,9.725448259752657,0.10000000149011612
112.457,1.0,9.835037335567176,0.10000000149011612
112.504,1.0,9.807673155164553,0.10000000149011612
112.554,1.0,9.807827389343744,0.10000000149011612
112.604,1.0,9.862686827468375,0.10000000149011612
112.654,1.0,9.725403899368313,0.10000000149011612
112.7,1.0,9.72532317723251,0.10000000149011612
112.754,1.0,9.89007744886395,0.10000000149011612
112.804,1.0,9.697792173446052,0.10000000149011612
112.858,1.0,9.890000000016556,0.10000000149011612
112.906,1.0,9.862655487842858,0.10000000149011612
112.954,1.0,9.670388472597633,0.10000000149011612
113.004,1.0,9.8353371395626,0.10000000149011612
113.061,1.0,9.752976538944576,0.10000000149011612
113.105,1.0,9.752966754386822,0.10000000149011612
113.159,1.0,9.86253186478797,0.10000000149011612
113.204,1.0,9.697982212839028,0.10000000149011612
113.254,1.0,9.89020753370391,0.10000000149011612
113.303,1.0,9.725159929754833,0.10000000149011612
113.355,1.0,9.862686128666004,0.10000000149011612
113.409,1.0,9.780237131814163,0.10000000149011612
113.455,1.0,9.807525480952528,0.10000000149011612
113.505,1.0,9.917637906430496,0.10000000149011612
113.554,1.0,9.890172971453932,0.10000000149011612
113.606,1.0,9.780331817807422,0.10000000149011612
113.655,1.0,9.697681569659876,0.10000000149011612
113.705,1.0,9.752659997882114,0.10000000149011612
113.764,1.0,9.80758312145869,0.10000000149011612
113.811,1.0,9.835308283050027,0.10000000149011612
113.861,1.0,9.945120542806883,0.10068253427743912
113.915,1.0,9.752740822835928,0.10000000149011612
113.967,1.0,9.725171368465656,0.10000000149011612
114.017,1.0,9.86259256452322,0.10000000149011612
114.068,1.0,9.890003562077052,0.10000000149011612
114.116,1.0,9.862735417298973,0.10000000149011612
114.166,1.0,9.725069051339394,0.10000000149011612
114.214,1.0,9.86253166064206,0.10000000149011612
114.267,1.0,9.780551327475242,0.10224074125289917
114.322,1.0,9.862629425111745,0.10000000149011612
114.365,1.0,9.91761876406769,0.10000000149011612
114.419,1.0,9.807500000028975,0.10000000149011612
114.467,1.0,9.835210109419293,0.10000000149011612
114.515,1.0,9.862795398467117,0.10000000149011612
114.572,1.0,9.89002201333642,0.10000000149011612
114.619,1.0,9.917500000012417,0.10000000149011612
114.666,1.0,9.835035315197375,0.10000000149011612
114.715,1.0,9.862758296521173,0.10000000149011612
114.765,1.0,9.917599591571424,0.10000000149011612
114.821,1.0,9.642801257140107,0.10000000149011612
114.866,1.0,9.642881815073391,0.10000000149011612
114.916,1.0,9.862766166424585,0.10000000149011612
114.967,1.0,9.917784283206695,0.12082330137491226
115.023,1.0,9.9176342861106,0.10000000149011612
115.067,1.0,9.807718052859936,0.10000000149011612
115.116,1.0,9.752695424792668,0.10000000149011612
115.168,1.0,9.890154619825383,0.10000000149011612
115.217,1.0,9.72524103609224,0.10000000149011612
115.27,1.0,9.725343294462396,0.10000000149011612
115.323,1.0,9.80766996656441,0.10000000149011612
115.366,1.0,9.7253238533727,0.10000000149011612
115.417,1.0,9.890182895834247,0.10000000149011612
115.468,1.0,9.780120301805436,0.10000000149011612
115.52,1.0,9.94513594381925,0.10000000149011612
115.566,1.0,9.752649400859243,0.10000000149011612
115.622,1.0,9.86260022326476,0.10000000149011612
115.665,1.0,9.835288688995773,0.10000000149011612
115.716,1.0,9.862576058093044,0.10000000149011612
115.765,1.0,9.780536638200283,0.10000000149011612
115.817,1.0,9.807742278898756,0.10000000149011612
115.867,1.0,9.752690296123426,0.10000000149011612
115.916,1.0,9.83523578879734,0.10000000149011612
115.966,1.0,9.83526434480316,0.10000000149011612
116.017,1.0,9.835104546778732,0.10000000149011612
116.068,1.0,9.917606913008624,0.10000000149011612
116.119,1.0,9.697568993911975,0.10000000149011612
116.173,1.0,9.780269491465555,0.10000000149011612
116.216,1.0,9.807803851945533,0.10000000149011612
116.269,1.0,9.862606325000524,0.10000000149011612
116.319,1.0,9.753003425275287,0.10000000149011612
116.371,1.0,9.835127439784507,0.10000000149011612
116.422,1.0,9.752888956562513,0.10000000149011612
116.468,1.0,9.752847840843929,0.10000000149011612
116.523,1.0,9.697842060422731,0.10000000149011612
116.573,1.0,9.780125874156754,0.10000000149011612
116.624,1.0,9.862803277787235,0.10000000149011612
116.675,1.0,9.890134338724117,0.10000000149011612
116.723,1.0,9.780257071513269,0.10000000149011612
116.774,1.0,9.835413625794981,0.10000000149011612
116.835,1.0,9.780391547973785,0.10000000149011612
116.875,1.0,9.945000000008278,0.10000000149011612
116.926,1.0,9.725151348486543,0.10000000149011612
116.978,1.0,9.752756940987375,0.10000000149011612
117.025,1.0,9.890181074105204,0.10000000149011612
117.074,1.0,9.72512495526009,0.10000000149011612
117.126,1.0,9.807828387990593,0.10000000149011612
117.174,1.0,9.78018861203972,0.10000000149011612
117.227,1.0,9.752790717325277,0.10000000149011612
117.276,1.0,9.807784999348224,0.10000000149011612
117.327,1.0,9.698082317577468,0.10000000149011612
117.374,1.0,9.780299370694491,0.10000000149011612
117.425,1.0,9.807885833705464,0.10000000149011612
117.477,1.0,9.75277283175124,0.10000000149011612
117.524,1.0,9.752859721105132,0.10000000149011612
117.576,1.0,9.862630192562937,0.10000000149011612
117.624,1.0,9.78048580404785,0.10000000149011612
117.675,1.0,9.807958381498853,0.10000000149011612
117.724,1.0,9.862597829269038,0.10000000149011612
117.777,1.0,9.780190141892268,0.10000000149011612
117.829,1.0,9.697776831065616,0.10000000149011612
117.874,1.0,9.89020155324704,0.10000000149011612
117.934,1.0,9.780178452655672,0.10000000149011612
117.974,1.0,9.80766412181159,0.10000000149011612
118.024,1.0,9.752821872341965,0.10000000149011612
118.076,1.0,9.917553658038377,0.10000000149011612
118.129,1.0,9.780167716555297,0.10000000149011612
118.173,1.0,9.862621874962416,0.10000000149011612
118.225,1.0,9.78007388230827,0.10000000149011612
118.285,1.0,9.670146932349438,0.10000000149011612
118.324,1.0,9.725281810160313,0.10000000149011612
118.373,1.0,9.752793247232006,0.10000000149011612
118.426,1.0,9.86264209571398,0.10000000149011612
118.474,1.0,9.78010121602565,0.10000000149011612
118.526,1.0,9.807818650826812,0.10000000149011612
118.574,1.0,9.835178225570255,0.10000000149011612
118.624,1.0,9.807746993439894,0.10000000149011612
118.674,1.0,9.697879228678842,0.10000000149011612
118.724,1.0,9.835176095325085,0.10000000149011612
118.781,1.0,9.780273809221883,0.10000000149011612
118.824,1.0,9.835123891362713,0.10000000149011612
118.874,1.0,9.6701386641711,0.10000000149011612
118.923,1.0,9.780329388048914,0.10000000149011612
118.978,1.0,9.862669220214917,0.10000000149011612
119.027,1.0,9.752754462365475,0.10000000149011612
119.078,1.0,9.72535870636089,0.10000000149011612
119.133,1.0,9.890137524882125,0.10000000149011612
119.178,1.0,9.862876997308598,0.10000000149011612
119.23,1.0,9.807647217975722,0.10000000149011612
119.276,1.0,9.862621242966917,0.10000000149011612
119.328,1.0,9.862783869935406,0.10000000149011612
119.377,1.0,9.835288090093268,0.10000000149011612
119.431,1.0,9.697909463507434,0.10000000149011612
119.478,1.0,9.972500000004139,0.10000000149011612
119.53,1.0,9.862534442419808,0.10000000149011612
119.578,1.0,9.780354571797782,0.10000000149011612
119.631,1.0,9.890066837436622,0.10000000149011612
119.681,1.0,9.835083490506642,0.10000000149011612
119.732,1.0,9.698058695139157,0.10000000149011612
119.782,1.0,9.862778039773305,0.10567508637905121
119.833,1.0,9.835255399946536,0.10000000149011612
119.885,1.0,9.807740502701037,0.10000000149011612
119.93,1.0,9.780183321961927,0.10000000149011612
119.985,1.0,9.890171429183749,0.10000000149011612
120.031,1.0,9.670628254012101,0.10000000149011612
120.091,1.0,9.780225797990958,0.10000000149011612
120.133,1.0,9.917625369131565,0.10000000149011612
120.184,1.0,9.752797945692308,0.10000000149011612
120.236,1.0,9.78022299075706,0.10000000149011612
120.283,1.0,9.862620854005218,0.10000000149011612
120.333,1.0,9.78018313774632,0.10000000149011612
120.384,1.0,9.835372024733159,0.10000000149011612
120.433,1.0,9.862774880892701,0.10000000149011612
120.483,1.0,9.642605826631188,0.10000000149011612
120.534,1.0,9.780220115847058,0.10000000149011612
120.586,1.0,9.862731100949976,0.10000000149011612
120.636,1.0,9.862820484489202,0.10000000149011612
120.69,1.0,9.780389680754807,0.10000000149011612
120.735,1.0,9.835255769412552,0.10000000149011612
120.785,1.0,9.752873356433378,0.10000000149011612
120.836,1.0,9.615468863791062,0.10000000149011612
120.887,1.0,9.917601765609449,0.10000000149011612
120.94,1.0,9.917574232837392,0.10000000149011612
120.986,1.0,9.862587771916555,0.10000000149011612
121.036,1.0,9.752974350460702,0.10000000149011612
121.086,1.0,9.807662513893511,0.10000000149011612
121.137,1.0,9.862686710204516,0.10000000149011612
121.191,1.0,9.807821822249227,0.10000000149011612
121.241,1.0,9.890154300650789,0.10000000149011612
121.285,1.0,9.917619415207042,0.10000000149011612
121.338,1.0,9.862802979950276,0.10000000149011612
121.386,1.0,9.725264158141282,0.10000000149011612
121.436,1.0,9.752796390362912,0.10000000149011612
121.491,1.0,9.807805103912122,0.10000000149011612
121.545,1.0,9.697960192441112,0.10000000149011612
121.59,1.0,9.862572457724147,0.10000000149011612
121.641,1.0,9.643017596792843,0.10000000149011612
121.69,1.0,9.643009484828346,0.10000000149011612
121.744,1.0,9.807684247299202,0.10000000149011612
121.797,1.0,9.80789968414853,0.10000000149011612
121.84,1.0,9.78052895795554,0.10000000149011612
121.892,1.0,9.697785994990005,0.10000000149011612
121.944,1.0,9.807628472935821,0.10000000149011612
121.998,1.0,9.862587619386613,0.10000000149011612
122.047,1.0,9.972500000004139,0.10000000149011612
122.092,1.0,9.780162359794808,0.10000000149011612
122.144,1.0,9.725311625893745,0.10000000149011612
122.197,1.0,9.945131616356472,0.10000000149011612
122.242,1.0,9.725278749254842,0.10000000149011612
122.303,1.0,9.780181871189011,0.10000000149011612
122.344,1.0,9.780276950221095,0.10000000149011612
122.395,1.0,9.917594255962305,0.10000000149011612
122.446,1.0,9.91759231409265,0.10000000149011612
122.5,1.0,9.835000000024836,0.10000000149011612
122.544,1.0,9.753091770389842,0.10000000149011612
122.596,1.0,9.780178058892488,0.10000000149011612
122.65,1.0,9.725123244855139,0.10000000149011612
122.7,1.0,9.780236706530882,0.10000000149011612
122.746,1.0,9.752598879713979,0.10000000149011612
122.802,1.0,9.80780163893683,0.10000000149011612
122.846,1.0,9.890064018778503,0.10000000149011612
122.904,1.0,9.752765128264825,0.10000000149011612
122.949,1.0,9.752742551060187,0.10000000149011612
122.997,1.0,10.0,10.0
123.047,1.0,9.835152362514702,0.10000000149011612
123.101,1.0,9.835207025313544,0.10000000149011612
123.147,1.0,9.615744777893026,0.10000000149011612
123.195,1.0,9.862638237844738,0.10000000149011612
123.246,1.0,9.780092947392,0.10000000149011612
123.296,1.0,9.752674629373683,0.10000000149011612
123.346,1.0,9.752602026632262,0.10000000149011612
123.398,1.0,9.725164357469314,0.10000000149011612
123.453,1.0,9.835154499920707,0.10000000149011612
123.497,1.0,9.72534286690255,0.10000000149011612
123.553,1.0,9.83520113894095,0.10000000149011612
123.606,1.0,9.725402502322362,0.10000000149011612
123.65,1.0,9.753046786205637,0.10000000149011612
123.699,1.0,9.807751970758869,0.10000000149011612
123.75,1.0,9.835177692895135,0.10000000149011612
123.801,1.0,9.835115129955941,0.10000000149011612
123.85,1.0,9.86273946919375,0.10000000149011612
123.9,1.0,9.86253560706973,0.10000000149011612
123.951,1.0,9.83524378877547,0.10000000149011612
124.003,1.0,9.78031586760448,0.10000000149011612
124.053,1.0,9.725411327721345,0.10000000149011612
124.095,1.0,9.80783938984904,0.10000000149011612
124.151,1.0,9.862597026572459,0.10000000149011612
124.201,1.0,9.862714020763006,0.10000000149011612
124.253,1.0,9.835020877151853,0.10000000149011612
124.303,1.0,9.862545132781896,0.10000000149011612
124.356,1.0,9.835158047266304,0.10000000149011612
124.403,1.0,9.835101089378197,0.10000000149011612
124.454,1.0,9.890284661038054,0.10655230283737183
124.503,1.0,9.752627916178769,0.10000000149011612
124.555,1.0,9.780377702870302,0.10000000149011612
124.603,1.0,9.67010250977344,0.10000000149011612
124.653,1.0,9.807766345991856,0.10000000149011612
124.703,1.0,9.972570491002665,0.12537676095962524
124.753,1.0,9.752879934281939,0.10000000149011612
124.805,1.0,9.862841179325349,0.10000000149011612
124.852,1.0,9.752644725268086,0.10000000149011612
124.9,1.0,9.91753468070593,0.10000000149011612
124.954,1.0,9.97257881052792,0.12837179005146027
125.003,1.0,9.752896576643819,0.10000000149011612
125.055,1.0,9.725493665184413,0.10000000149011612
125.108,1.0,9.725354160678883,0.10000000149011612
125.154,1.0,9.780194419125715,0.10000000149011612
125.203,1.0,9.780378758617573,0.10000000149011612
125.258,1.0,9.917710223897464,0.12009254097938538
125.305,1.0,9.78006835339798,0.10000000149011612
125.354,1.0,9.862734871378375,0.10000000149011612
125.406,1.0,9.75312097614838,0.10000000149011612
125.456,1.0,9.807892759040826,0.10000000149011612
125.506,1.0,9.835180255956947,0.10000000149011612
125.554,1.0,9.807588376353184,0.10000000149011612
125.603,1.0,9.780146194208,0.10000000149011612
125.653,1.0,9.752836392964754,0.10000000149011612
125.703,1.0,9.698029216875632,0.10000000149011612
125.753,1.0,9.917581560297144,0.10000000149011612
125.807,1.0,9.752817743395765,0.10000000149011612
125.856,1.0,9.725532828809486,0.10000000149011612
125.907,1.0,9.890244874689314,0.10000000149011612
125.964,1.0,9.835145970578823,0.10000000149011612
126.012,1.0,9.835404799506069,0.10000000149011612
126.06,1.0,9.945000000008278,0.10000000149011612
126.111,1.0,9.752750936254031,0.10000000149011612
126.16,1.0,9.725359581286709,0.10000000149011612
126.211,1.0,9.615882819746103,0.10000000149011612
126.266,1.0,9.945016589388251,0.10000000149011612
126.312,1.0,9.643310741066104,0.10000000149011612
126.362,1.0,9.890074886588586,0.10000000149011612
126.414,1.0,9.75273973138796,0.10000000149011612
126.472,1.0,9.862764790219565,0.10000000149011612
126.513,1.0,9.862749116598732,0.10977011173963547
126.562,1.0,9.89034351133224,0.10000000149011612
126.616,1.0,9.835295968213016,0.10000000149011612
126.662,1.0,9.80764058801449,0.10000000149011612
126.712,1.0,9.862704578186904,0.10000000149011612
126.77,1.0,9.807841856094699,0.10000000149011612
126.812,1.0,9.807901643589139,0.10000000149011612
126.862,1.0,9.945075855797363,0.10000000149011612
126.915,1.0,9.835086702079408,0.10000000149011612
126.962,1.0,9.862551273136503,0.10000000149011612
127.015,1.0,9.917677332336703,0.10000000149011612
127.062,1.0,9.835234328587022,0.10000000149011612
127.113,1.0,9.697953510243032,0.10000000149011612
127.162,1.0,9.75271354087939,0.10000000149011612
127.211,1.0,9.725432342973848,0.10000000149011612
127.271,1.0,9.780482598973645,0.10000000149011612
127.313,1.0,9.752714945086174,0.10000000149011612
127.364,1.0,9.670303742525478,0.10000000149011612
127.416,1.0,9.835155267433988,0.10000000149011612
127.461,1.0,9.78041024075614,0.10000000149011612
127.521,1.0,9.780279026118418,0.10000000149011612
127.571,1.0,9.890279302973713,0.1108914390206337
127.612,1.0,9.780016435268852,0.10000000149011612
127.666,1.0,9.78032809117188,0.10000000149011612
127.716,1.0,9.835166013406383,0.10000000149011612
127.771,1.0,9.890000000016556,0.10000000149011612
127.814,1.0,9.807745983306733,0.10000000149011612
127.865,1.0,9.890137777084277,0.10000000149011612
127.914,1.0,9.835264032002952,0.10000000149011612
127.969,1.0,9.78019677369545,0.10000000149011612
128.012,1.0,9.780383634629349,0.10000000149011612
128.063,1.0,9.890236691199243,0.10000000149011612
128.114,1.0,9.862667362660998,0.10000000149011612
128.167,1.0,9.752753736265003,0.10000000149011612
128.215,1.0,9.752791924857432,0.10000000149011612
128.272,1.0,10.0,10.0
128.315,1.0,9.862569144720005,0.10000000149011612
128.364,1.0,9.862740160421366,0.10000000149011612
128.417,1.0,9.725355860259798,0.10000000149011612
128.469,1.0,9.725315242529744,0.10000000149011612
128.512,1.0,9.780241003694634,0.10000000149011612
128.566,1.0,9.807726958331962,0.10000000149011612
128.615,1.0,9.64294949029055,0.10000000149011612
128.674,1.0,9.862661013690134,0.10000000149011612
128.718,1.0,9.807722078201671,0.10000000149011612
128.767,1.0,9.807692415391406,0.10000000149011612
128.815,1.0,9.780000000033114,0.10000000149011612
128.866,1.0,9.78037674131079,0.10000000149011612
128.913,1.0,9.835292398929596,0.10000000149011612
128.965,1.0,9.890020446913939,0.10000000149011612
129.014,1.0,9.807670790950457,0.10000000149011612
129.066,1.0,9.642797473693888,0.10000000149011612
129.118,1.0,9.862584770325984,0.10000000149011612
129.166,1.0,9.780086162500083,0.10000000149011612
129.215,1.0,9.890124522542788,0.10000000149011612
129.267,1.0,9.807949479669333,0.10000000149011612
129.319,1.0,9.862745211956401,0.10000000149011612
129.374,1.0,9.945245345102416,0.13952885568141937
129.42,1.0,9.780481536541547,0.10000000149011612
129.469,1.0,9.835245414968167,0.10000000149011612
129.519,1.0,9.835000000024836,0.10000000149011612
129.569,1.0,9.862533930150999,0.10000000149011612
129.619,1.0,9.752990368050005,0.10000000149011612
129.671,1.0,9.862682671555214,0.10000000149011612
129.719,1.0,9.807873369525705,0.10000000149011612
129.769,1.0,9.697873059867156,0.10000000149011612
129.819,1.0,9.615665850891835,0.10000000149011612
129.869,1.0,9.807817649841308,0.10000000149011612
129.926,1.0,9.917521206144658,0.10000000149011612
129.97,1.0,9.945000000008278,0.10000000149011612
130.023,1.0,9.835341669143075,0.10000000149011612
130.076,1.0,9.807839391566812,0.10000000149011612
130.119,1.0,9.8078522256679,0.10000000149011612
130.168,1.0,9.835199498323103,0.10000000149011612
130.219,1.0,9.725508177673651,0.10000000149011612
130.269,1.0,9.835236488013631,0.10000000149011612
130.319,1.0,9.83546986873779,0.10000000149011612
130.375,1.0,9.807789255554477,0.10000000149011612
130.418,1.0,9.807730750636095,0.10000000149011612
130.469,1.0,9.670311010090842,0.10000000149011612
130.523,1.0,9.807775276816553,0.10000000149011612
130.569,1.0,9.643007933638161,0.10000000149011612
130.624,1.0,9.835391998228927,0.10000000149011612
130.671,1.0,9.807982068984872,0.10000000149011612
130.719,1.0,9.752890945288042,0.10000000149011612
130.773,1.0,9.807842538609274,0.10000000149011612
130.819,1.0,9.862685384270218,0.10000000149011612
130.869,1.0,9.83508108643194,0.10000000149011612
130.923,1.0,9.807551656373674,0.10000000149011612
130.978,1.0,9.725361660102175,0.10000000149011612
131.021,1.0,9.643168121431437,0.10000000149011612
131.072,1.0,9.780290644822848,0.10000000149011612
131.13,1.0,9.69775903607822,0.10000000149011612
131.17,1.0,9.890149629219538,0.10000000149011612
131.225,1.0,9.86252391849541,0.10000000149011612
131.272,1.0,9.58828639646785,0.10000000149011612
131.325,1.0,9.835264406787852,0.10000000149011612
131.376,1.0,9.835154840391542,0.10000000149011612
131.433,1.0,9.780180798988376,0.10000000149011612
131.479,1.0,9.752955080423918,0.10000000149011612
131.529,1.0,9.917502329788274,0.10000000149011612
131.574,1.0,9.917654047802918,0.10000000149011612
131.627,1.0,9.972553057865136,0.11910083144903183
131.677,1.0,9.697934375475679,0.10000000149011612
131.728,1.0,9.917605280586415,0.10169631242752075
131.776,1.0,9.752998820402556,0.10000000149011612
131.834,1.0,9.890159066704411,0.10000000149011612
131.876,1.0,9.780437519277136,0.10000000149011612
131.931,1.0,9.9175466110102,0.10000000149011612
131.978,1.0,9.862935786611503,0.10375930368900299
132.026,1.0,9.945116778607998,0.10000000149011612
132.08,1.0,9.752688849841554,0.10000000149011612
132.127,1.0,9.807763398128252,0.10000000149011612
132.178,1.0,9.83518889616761,0.10000000149011612
132.232,1.0,9.725388242759639,0.10000000149011612
132.278,1.0,9.807783008511695,0.10000000149011612
132.327,1.0,9.780277563403878,0.10000000149011612
132.379,1.0,9.917610234394669,0.10000000149011612
132.428,1.0,9.835292288412651,0.10000000149011612
132.484,1.0,9.835355188987322,0.10000000149011612
132.527,1.0,9.8077750261873,0.10000000149011612
132.578,1.0,9.807619907334447,0.10000000149011612
132.626,1.0,9.780356111667222,0.10000000149011612
132.678,1.0,9.642964564450086,0.10000000149011612
132.731,1.0,9.945000000008278,0.10000000149011612
132.777,1.0,9.862907231102387,0.10341282188892365
132.833,1.0,9.835199754374722,0.10000000149011612
132.879,1.0,9.725219173170625,0.10000000149011612
132.928,1.0,9.86280088842743,0.10000000149011612
132.979,1.0,9.752828475584586,0.10000000149011612
133.033,1.0,9.945074900508756,0.10000000149011612
133.078,1.0,9.67026212575535,0.10000000149011612
133.134,1.0,9.890143138066762,0.10000000149011612
133.179,1.0,9.807680433036552,0.10000000149011612
133.229,1.0,9.670252864228354,0.10000000149011612
133.286,1.0,9.835285255395704,0.10000000149011612
133.343,1.0,9.835132336989044,0.10000000149011612
133.378,1.0,9.72548850333939,0.10000000149011612
133.431,1.0,9.835335400617785,0.10000000149011612
133.484,1.0,9.642914333442848,0.10000000149011612
133.531,1.0,9.8352592571742,0.10000000149011612
133.583,1.0,9.972500000004139,0.10000000149011612
133.631,1.0,9.862625948795014,0.10000000149011612
133.681,1.0,9.69771834106909,0.10000000149011612
133.738,1.0,9.725259680280255,0.10000000149011612
133.781,1.0,9.752861445376443,0.10000000149011612
133.834,1.0,9.807746278639469,0.10000000149011612
133.88,1.0,9.890118030520776,0.10000000149011612
133.932,1.0,9.862700428565343,0.10000000149011612
133.981,1.0,9.862830304519997,0.10180196911096573
134.037,1.0,9.753048773047825,0.10000000149011612
134.089,1.0,9.835385550144647,0.10000000149011612
134.132,1.0,9.917656945954594,0.10300207883119583
134.182,1.0,9.862790058698092,0.10000000149011612
134.233,1.0,9.890126395370398,0.10000000149011612
134.281,1.0,9.862684322810836,0.10000000149011612
134.333,1.0,9.890096217166219,0.10000000149011612
134.382,1.0,9.587868161582284,0.10000000149011612
134.433,1.0,9.752711056979994,0.10000000149011612
134.482,1.0,9.835134217205146,0.10000000149011612
134.534,1.0,9.835208927902082,0.10000000149011612
134.584,1.0,9.83510405243271,0.10000000149011612
134.633,1.0,9.917628407105804,0.10778996348381042
134.685,1.0,9.61524790165325,0.10000000149011612
134.734,1.0,9.862545296777453,0.10000000149011612
134.783,1.0,9.835176323188676,0.10000000149011612
134.841,1.0,9.752640652180546,0.10000000149011612
134.881,1.0,9.780311139362555,0.10000000149011612
134.935,1.0,9.697736389997106,0.10000000149011612
134.983,1.0,9.75303893449406,0.10000000149011612
135.034,1.0,9.780459246204959,0.10000000149011612
135.084,1.0,9.780281323732602,0.10000000149011612
135.134,1.0,9.670696427031524,0.10000000149011612
135.189,1.0,9.890073797893193,0.10000000149011612
135.233,1.0,9.94511203929368,0.10000000149011612
135.284,1.0,9.588081309406293,0.10000000149011612
135.336,1.0,9.917661327144337,0.10000000149011612
135.385,1.0,9.698107090985609,0.10000000149011612
135.435,1.0,9.615457399313648,0.10000000149011612
135.484,1.0,9.78034717252271,0.10000000149011612
135.54,1.0,9.807564258140822,0.10000000149011612
135.585,1.0,9.807597430195246,0.10000000149011612
135.635,1.0,9.780326329378617,0.10000000149011612
135.686,1.0,9.807842599848906,0.10000000149011612
135.724,1.0,9.917500000012417,0.10000000149011612
135.784,1.0,9.890065728334918,0.10000000149011612
135.835,1.0,9.80774817313585,0.10000000149011612
135.888,1.0,9.917500000012417,0.10000000149011612
135.936,1.0,9.807706595771014,0.10000000149011612
135.988,1.0,9.698154105142587,0.10000000149011612
136.036,1.0,9.86252782371723,0.10000000149011612
136.087,1.0,9.807830545782215,0.10000000149011612
136.134,1.0,9.890251594388651,0.10000000149011612
136.185,1.0,9.725530204052726,0.10000000149011612
136.236,1.0,9.917517385797368,0.10000000149011612
136.286,1.0,9.862771786832147,0.10000000149011612
136.337,1.0,9.945000000008278,0.10000000149011612
136.391,1.0,9.752941202620665,0.10000000149011612
136.44,1.0,9.890107291998962,0.10000000149011612
136.488,1.0,9.890117926129864,0.10000000149011612
136.538,1.0,9.643026139400899,0.10000000149011612
136.587,1.0,9.807818119848768,0.10000000149011612
136.64,1.0,9.725000000041392,0.10000000149011612
136.692,1.0,9.862763492142161,0.10000000149011612
136.739,1.0,9.75303643035392,0.10000000149011612
136.791,1.0,9.72509358158956,0.10000000149011612
136.842,1.0,9.945000000008278,0.10000000149011612
136.885,1.0,9.862610085618993,0.10000000149011612
136.939,1.0,9.75275286289139,0.10000000149011612
136.989,1.0,9.83538249499268,0.10000000149011612
137.042,1.0,9.698042377146582,0.10000000149011612
137.093,1.0,9.643019396459891,0.10000000149011612
137.141,1.0,9.890072591230274,0.10000000149011612
137.194,1.0,9.780162107344303,0.10000000149011612
137.237,1.0,9.725711136290597,0.10000000149011612
137.29,1.0,9.807893403598833,0.10000000149011612
137.342,1.0,9.80791547683378,0.10000000149011612
137.393,1.0,9.725272671174672,0.10000000149011612
137.441,1.0,9.780528286968668,0.10000000149011612
137.495,1.0,9.780347741664285,0.10000000149011612
137.55,1.0,9.780444809235632,0.10000000149011612
137.594,1.0,9.670290429517626,0.10000000149011612
137.642,1.0,9.862633065258462,0.10000000149011612
137.696,1.0,9.725368542327649,0.10000000149011612
137.749,1.0,9.780385264485247,0.10000000149011612
137.794,1.0,9.835545472573076,0.11253023892641068
137.842,1.0,9.94513847536097,0.10000000149011612
137.894,1.0,9.807799977188308,0.10000000149011612
137.943,1.0,9.725237225492796,0.10000000149011612
137.993,1.0,9.835127245945236,0.10000000149011612
138.046,1.0,9.835236551302176,0.10000000149011612
138.093,1.0,9.752724567676584,0.10000000149011612
138.144,1.0,9.890300810150801,0.10000000149011612
138.202,1.0,9.835298924272259,0.10000000149011612
138.244,1.0,9.780296707712115,0.10000000149011612
138.294,1.0,9.8625768477925,0.10000000149011612
138.344,1.0,9.780349388014939,0.10000000149011612
138.397,1.0,9.807816962525248,0.10000000149011612
138.45,1.0,9.917566933482885,0.10132332146167755
138.496,1.0,9.752856037227644,0.10000000149011612
138.544,1.0,9.835014706353347,0.10000000149011612
138.593,1.0,9.752885304329295,0.10000000149011612
138.65,1.0,9.890000000016556,0.10000000149011612
138.694,1.0,9.780353552992974,0.10000000149011612
138.744,1.0,9.917645329692297,0.10000000149011612
138.798,1.0,9.780439493577514,0.10000000149011612
138.85,1.0,9.72530637824287,0.10000000149011612
138.895,1.0,9.86267116839687,0.10000000149011612
138.952,1.0,9.67040383670893,0.10000000149011612
139.002,1.0,9.862670647001101,0.10000000149011612
139.051,1.0,9.835036893582178,0.10000000149011612
139.101,1.0,9.86273795105517,0.10000000149011612
139.151,1.0,9.89036301581396,0.11235809326171875
139.206,1.0,9.890133141622774,0.10000000149011612
139.254,1.0,9.752913056955569,0.10000000149011612
139.303,1.0,9.725187140227192,0.10000000149011612
139.357,1.0,9.780084515838988,0.10000000149011612
139.403,1.0,9.807936064898968,0.10000000149011612
139.454,1.0,9.972507343793081,0.10264376550912857
139.503,1.0,9.807585830282834,0.10000000149011612
139.555,1.0,9.917604757286608,0.10000000149011612
139.604,1.0,9.72548533996774,0.10000000149011612
139.655,1.0,9.945052413083612,0.10000000149011612
139.705,1.0,9.835352065641846,0.10000000149011612
139.752,1.0,9.835322866402567,0.10000000149011612
139.806,1.0,9.807745200230016,0.10000000149011612
139.855,1.0,9.725237149020863,0.10000000149011612
139.904,1.0,9.642844067700207,0.10000000149011612
139.958,1.0,9.945209701235095,0.13411478698253632
140.009,1.0,9.835502319100003,0.10000000149011612
140.057,1.0,9.835247465699084,0.10000000149011612
140.106,1.0,9.780305260440542,0.10000000149011612
140.161,1.0,9.64279410245104,0.10000000149011612
140.206,1.0,9.890118743624125,0.10000000149011612
140.258,1.0,9.890102915279567,0.10000000149011612
140.306,1.0,9.72544173726605,0.10000000149011612
140.355,1.0,9.697939457144175,0.10000000149011612
140.406,1.0,9.670454568084743,0.10000000149011612
140.455,1.0,9.780133298660319,0.10000000149011612
140.511,1.0,9.698137831501663,0.10000000149011612
140.556,1.0,9.64271116062171,0.10000000149011612
140.608,1.0,9.862738572040366,0.10000000149011612
140.656,1.0,9.780305992522173,0.10000000149011612
140.708,1.0,9.67029739924603,0.10000000149011612
140.757,1.0,9.752847425556846,0.10000000149011612
140.807,1.0,9.725502219299475,0.10000000149011612
140.86,1.0,9.807675763364468,0.10000000149011612
140.906,1.0,9.890126749438544,0.10000000149011612
140.958,1.0,9.890076187273694,0.10000000149011612
141.007,1.0,9.945005774539379,0.10000000149011612
141.057,1.0,9.725509116136365,0.10000000149011612
141.109,1.0,9.945013886400394,0.10000000149011612
141.161,1.0,9.780259545954566,0.10000000149011612
141.209,1.0,9.780373342687056,0.10000000149011612
141.259,1.0,9.752764368988574,0.10000000149011612
141.309,1.0,9.835136100629137,0.10000000149011612
141.358,1.0,9.83509994763881,0.10000000149011612
141.408,1.0,9.917618261381156,0.10000000149011612
141.458,1.0,9.862739719947179,0.10000000149011612
141.513,1.0,9.697988508103622,0.10000000149011612
141.562,1.0,9.835393711634808,0.10000000149011612
141.612,1.0,9.835086776419645,0.10000000149011612
141.661,1.0,9.890168945449922,0.10000000149011612
141.715,1.0,9.780400004382763,0.10000000149011612
141.762,1.0,9.807865438651707,0.10000000149011612
141.813,1.0,9.80771400268293,0.10000000149011612
141.861,1.0,9.670383322259617,0.10000000149011612
141.912,1.0,9.890018717779054,0.10000000149011612
141.962,1.0,9.752555576898157,0.10000000149011612
142.014,1.0,9.725195761273305,0.10000000149011612
142.064,1.0,9.807688405385449,0.10000000149011612
142.11,1.0,9.697645300564666,0.10000000149011612
142.164,1.0,9.725341907826563,0.10000000149011612
142.224,1.0,9.862500000020695,0.10000000149011612
142.27,1.0,9.725392470467423,0.10000000149011612
142.319,1.0,9.807630224008527,0.10000000149011612
142.368,1.0,9.670352105071975,0.10000000149011612
142.419,1.0,9.6976464200144,0.10000000149011612
142.479,1.0,9.670411210031146,0.10000000149011612
142.517,1.0,9.780170900333259,0.10000000149011612
142.569,1.0,9.807735565139188,0.10000000149011612
142.62,1.0,9.86258335320486,0.10000000149011612
142.669,1.0,9.862636130572193,0.10000000149011612
142.718,1.0,9.80766672535489,0.10000000149011612
142.77,1.0,9.835180988017884,0.10000000149011612
142.818,1.0,9.917653816752136,0.10000000149011612
142.867,1.0,9.752999262967043,0.10332167148590088
142.921,1.0,9.807663541080224,0.10000000149011612
142.968,1.0,9.75269555443277,0.10000000149011612
143.02,1.0,9.835322463222676,0.10000000149011612
143.064,1.0,9.83524542297754,0.10000000149011612
143.118,1.0,9.862632367801336,0.10000000149011612
143.167,1.0,9.807565864361823,0.10000000149011612
143.218,1.0,9.835000000024836,0.10000000149011612
143.269,1.0,9.807674103333719,0.10000000149011612
143.318,1.0,9.890084875685472,0.10000000149011612
143.368,1.0,9.862537678910627,0.10000000149011612
143.421,1.0,9.862702440760202,0.10000000149011612
143.469,1.0,9.697848413367238,0.10000000149011612
143.52,1.0,9.835067620707882,0.10000000149011612
143.577,1.0,9.753000815585256,0.10000000149011612
143.618,1.0,9.807626450020406,0.10000000149011612
143.67,1.0,9.75269029740658,0.10000000149011612
143.719,1.0,9.752768785154654,0.10000000149011612
143.777,1.0,9.780322343442176,0.10000000149011612
143.82,1.0,9.917692718220254,0.10000000149011612
143.87,1.0,9.780193601093359,0.10000000149011612
143.926,1.0,9.780016168351803,0.10000000149011612
143.975,1.0,9.560479788068267,0.10000000149011612
144.029,1.0,9.917593493478165,0.10000000149011612
144.074,1.0,9.8076043749849,0.10000000149011612
144.124,1.0,9.890101493025819,0.10000000149011612
144.18,1.0,9.862724665200545,0.10230550915002823
144.222,1.0,9.835094435595805,0.10000000149011612
144.273,1.0,9.69789965223107,0.10000000149011612
144.328,1.0,9.807587603045006,0.10000000149011612
144.372,1.0,9.752855110851426,0.10000000149011612
144.426,1.0,9.725409142403967,0.10000000149011612
144.476,1.0,9.807969479221438,0.10000000149011612
144.529,1.0,9.752876414317225,0.10000000149011612
144.575,1.0,9.890267992992367,0.10000000149011612
144.626,1.0,9.862619737411539,0.10000000149011612
144.673,1.0,9.670501171838906,0.10000000149011612
144.725,1.0,9.725367305158741,0.10000000149011612
144.776,1.0,9.670306294163067,0.10000000149011612
144.833,1.0,9.835090392848684,0.10000000149011612
144.875,1.0,9.642771074631147,0.10000000149011612
144.923,1.0,9.780104880904158,0.10000000149011612
144.981,1.0,9.835222815639442,0.10000000149011612
145.027,1.0,9.862634281876186,0.10000000149011612
145.078,1.0,9.670404163334105,0.10000000149011612
145.127,1.0,9.862803149202632,0.10000000149011612
145.182,1.0,9.72550936539968,0.10000000149011612
145.228,1.0,9.890303583401773,0.10000000149011612
145.279,1.0,9.780502897211248,0.10000000149011612
145.333,1.0,9.835193163508343,0.10000000149011612
145.383,1.0,9.780323081898192,0.10000000149011612
145.432,1.0,9.75297238772942,0.10000000149011612
145.483,1.0,9.78027558370183,0.10000000149011612
145.535,1.0,9.752779075151516,0.10000000149011612
145.583,1.0,9.83513152760764,0.10000000149011612
145.631,1.0,9.83518711641017,0.10000000149011612
145.692,1.0,9.862825703041421,0.10000000149011612
145.74,1.0,9.835307464996975,0.10000000149011612
145.783,1.0,9.862581042076151,0.10000000149011612
145.834,1.0,9.862644886722167,0.10000000149011612
145.884,1.0,9.835078274769087,0.10000000149011612
145.938,1.0,9.78011085457272,0.10000000149011612
145.983,1.0,9.72538636635161,0.10000000149011612
146.035,1.0,9.890044261328876,0.10000000149011612
146.083,1.0,9.807668721096384,0.10000000149011612
146.133,1.0,9.91761194260584,0.10000000149011612
146.184,1.0,9.807660738482243,0.10000000149011612
146.233,1.0,9.807760923956003,0.10000000149011612
146.287,1.0,9.807701556550132,0.10000000149011612
146.338,1.0,9.917603822176655,0.10000000149011612
146.382,1.0,9.862693780888286,0.10000000149011612
146.435,1.0,9.835277974626257,0.10000000149011612
146.484,1.0,9.807526271748873,0.10000000149011612
146.536,1.0,9.862735792580578,0.10000000149011612
146.583,1.0,9.835159303827417,0.10000000149011612
146.634,1.0,9.890151449458466,0.10000000149011612
146.689,1.0,9.890270091634658,0.10000000149011612
146.73,1.0,9.807551886989838,0.10000000149011612
146.783,1.0,9.752772738039493,0.10000000149011612
146.835,1.0,9.890167540787823,0.10000000149011612
146.883,1.0,9.752900841252671,0.10000000149011612
146.933,1.0,9.807720434769161,0.10000000149011612
146.988,1.0,9.807834113885958,0.10000000149011612
147.034,1.0,9.917616259761983,0.10000000149011612
147.083,1.0,9.780313599006169,0.10000000149011612
147.133,1.0,9.807500000028975,0.10000000149011612
147.187,1.0,9.807901349725823,0.10000000149011612
147.235,1.0,9.917591353340281,0.10000000149011612
147.29,1.0,9.697984578129319,0.10000000149011612
147.333,1.0,9.807607633537716,0.10000000149011612
147.383,1.0,9.890256863356464,0.11649096757173538
147.434,1.0,9.780065081165068,0.10000000149011612
147.484,1.0,9.835281717570291,0.10000000149011612
147.535,1.0,9.725312688698372,0.10000000149011612
147.585,1.0,9.780102938682669,0.10000000149011612
147.634,1.0,9.780210734013881,0.10000000149011612
147.683,1.0,9.835088070626888,0.10000000149011612
147.734,1.0,9.862585252771774,0.10000000149011612
147.786,1.0,9.917596907541157,0.10000000149011612
147.834,1.0,9.890277716372577,0.10000000149011612
147.885,1.0,9.80766821536753,0.10000000149011612
147.935,1.0,9.780149126342602,0.10000000149011612
147.986,1.0,9.725283156211178,0.10000000149011612
148.039,1.0,9.72549470629957,0.10000000149011612
148.092,1.0,9.780602721600896,0.10000000149011612
148.136,1.0,9.752999894548621,0.10000000149011612
148.186,1.0,9.780240554879937,0.10000000149011612
148.236,1.0,9.862584994774725,0.10000000149011612
148.291,1.0,9.862579178727335,0.10000000149011612
148.342,1.0,9.780303808508648,0.10000000149011612
148.387,1.0,9.780267725719346,0.10000000149011612
148.437,1.0,9.80784667270879,0.10000000149011612
148.486,1.0,9.780184861355357,0.10000000149011612
148.536,1.0,9.780334452518986,0.10000000149011612
148.587,1.0,9.78044733920445,0.10000000149011612
148.64,1.0,9.835134044827686,0.10000000149011612
148.688,1.0,9.835335482470692,0.10000000149011612
148.738,1.0,9.780423003807664,0.10000000149011612
148.794,1.0,9.862667700669004,0.10000000149011612
148.846,1.0,9.752884283185834,0.10000000149011612
148.892,1.0,9.862668999553554,0.10000000149011612
148.942,1.0,9.862698212245272,0.10000000149011612
148.992,1.0,9.725537645858195,0.10000000149011612
149.045,1.0,9.752953093395465,0.10000000149011612
149.101,1.0,9.807609241745538,0.10000000149011612
149.152,1.0,9.752845482714473,0.10000000149011612
149.197,1.0,9.752635773685244,0.10000000149011612
149.246,1.0,9.807793005017771,0.10000000149011612
149.298,1.0,9.835266163386404,0.10000000149011612
149.347,1.0,9.862766078197295,0.10000000149011612
149.397,1.0,9.697923286238478,0.10000000149011612
149.446,1.0,9.890114081237051,0.10000000149011612
149.498,1.0,9.862593218104706,0.10000000149011612
149.548,1.0,9.752739336631365,0.10000000149011612
149.597,1.0,9.780103748912612,0.10000000149011612
149.651,1.0,9.862742612448832,0.10000000149011612
149.703,1.0,9.862837075442076,0.10000000149011612
149.749,1.0,9.835207460137704,0.10000000149011612
149.8,1.0,9.890174380834733,0.10000000149011612
149.85,1.0,9.670257945482929,0.10000000149011612
149.899,1.0,9.91755650981019,0.10000000149011612
149.958,1.0,9.80766242519021,0.10000000149011612
149.999,1.0,9.670493030796449,0.10000000149011612
150.048,1.0,9.890381422659589,0.10000000149011612
150.1,1.0,9.890206706565287,0.10000000149011612
150.17,1.0,9.642729108594358,0.10000000149011612
150.21,1.0,9.64321509518971,0.10000000149011612
150.265,1.0,9.752858544141054,0.10000000149011612
150.317,1.0,9.780103285300235,0.10000000149011612
150.371,1.0,9.9175948617359,0.10000000149011612
150.414,1.0,9.835478783005641,0.11639220267534256
150.471,1.0,9.83519325606111,0.10000000149011612
150.518,1.0,9.83510192833427,0.10000000149011612
150.566,1.0,9.835285302541322,0.10000000149011612
150.618,1.0,9.862734105168945,0.10000000149011612
150.67,1.0,9.89020944080419,0.10000000149011612
150.723,1.0,9.890135603915486,0.10000000149011612
150.766,1.0,9.835300024909278,0.10000000149011612
150.827,1.0,9.807791421003639,0.10000000149011612
150.871,1.0,9.807825649260646,0.10000000149011612
150.921,1.0,9.807857136552533,0.10000000149011612
150.971,1.0,9.807593596416215,0.10000000149011612
151.021,1.0,9.697778629759947,0.10000000149011612
151.08,1.0,9.807909151601296,0.10000000149011612
151.121,1.0,9.780260799038741,0.10000000149011612
151.171,1.0,9.83527790883349,0.10000000149011612
151.222,1.0,9.862594708821012,0.10000000149011612
151.271,1.0,9.890166243952182,0.10000000149011612
151.322,1.0,9.890118018537759,0.10000000149011612
151.374,1.0,9.862712592486705,0.10000000149011612
151.425,1.0,9.862635263904101,0.10000000149011612
151.484,1.0,9.917500000012417,0.10000000149011612
151.527,1.0,9.83515440993425,0.10000000149011612
151.576,1.0,9.890323319348196,0.10000000149011612
151.626,1.0,9.890000000016556,0.10000000149011612
151.678,1.0,9.862551149125729,0.10000000149011612
151.733,1.0,9.862500000020695,0.10000000149011612
151.782,1.0,9.807572068501678,0.10000000149011612
151.838,1.0,9.752523270187279,0.10000000149011612
151.883,1.0,9.890162328216764,0.10000000149011612
151.932,1.0,9.807695170595414,0.10000000149011612
151.982,1.0,9.917593173185985,0.10000000149011612
152.035,1.0,9.725392933065693,0.10000000149011612
152.086,1.0,9.890136828956505,0.10000000149011612
152.138,1.0,9.835406358126138,0.10000000149011612
152.186,1.0,9.75303479300605,0.10000000149011612
152.236,1.0,9.670668277537658,0.10000000149011612
152.292,1.0,9.862730066312684,0.10000000149011612
152.337,1.0,9.945000000008278,0.10000000149011612
152.385,1.0,9.780588942414356,0.10000000149011612
152.436,1.0,9.890038249434696,0.10000000149011612
152.484,1.0,9.807795393301381,0.10000000149011612
152.542,1.0,9.862657119809754,0.10000000149011612
152.589,1.0,9.780254616091648,0.10000000149011612
152.638,1.0,9.75302960626367,0.10000000149011612
152.689,1.0,9.780212699932356,0.10000000149011612
152.742,1.0,9.807896677197682,0.10000000149011612
152.793,1.0,9.807786337431107,0.10000000149011612
152.838,1.0,9.890200293022726,0.10000000149011612
152.888,1.0,9.83503421716806,0.10000000149011612
152.943,1.0,9.697707998711202,0.10000000149011612
152.987,1.0,9.615367338827086,0.10000000149011612
153.037,1.0,9.80786231642382,0.10000000149011612
153.086,1.0,9.945152319553825,0.10944359004497528
153.138,1.0,9.80765026824342,0.10000000149011612
153.19,1.0,9.698073071800172,0.10000000149011612
153.24,1.0,9.752691443016131,0.10000000149011612
153.297,1.0,9.835152354194886,0.10000000149011612
153.342,1.0,9.862791253936788,0.1037956178188324
153.392,1.0,9.752873322657413,0.10000000149011612
153.439,1.0,9.72550057626019,0.10000000149011612
153.489,1.0,9.80778868212882,0.10000000149011612
153.542,1.0,9.835212622996833,0.10000000149011612
153.585,1.0,9.890021158485776,0.10000000149011612
153.639,1.0,9.862579882103535,0.10000000149011612
153.691,1.0,9.862691530150672,0.10000000149011612
153.741,1.0,9.807694772299794,0.10000000149011612
153.799,1.0,9.725223100764884,0.10000000149011612
153.848,1.0,9.83519561721219,0.10000000149011612
153.895,1.0,9.890096591454412,0.10000000149011612
153.948,1.0,9.780324509532916,0.10000000149011612
153.999,1.0,9.862841668393877,0.10980133712291718
154.052,1.0,9.752780463132593,0.10000000149011612
154.094,1.0,9.890255350288417,0.10000000149011612
154.146,1.0,9.697853059507906,0.10000000149011612
154.196,1.0,9.587993625427286,0.10000000149011612
154.247,1.0,9.725516343075368,0.10000000149011612
154.298,1.0,9.835134377164973,0.10000000149011612
154.35,1.0,9.890016519712905,0.10000000149011612
154.406,1.0,9.75285641613106,0.10000000149011612
154.448,1.0,9.752810771949589,0.10000000149011612
154.497,1.0,9.752884516989191,0.10000000149011612
154.557,1.0,9.862692812250721,0.10000000149011612
154.599,1.0,9.807630504440102,0.10000000149011612
154.65,1.0,9.72535380979793,0.10000000149011612
154.7,1.0,9.725444351012507,0.10000000149011612
154.749,1.0,9.780311254432632,0.10000000149011612
154.8,1.0,9.862761211395263,0.10000000149011612
154.855,1.0,9.83507189380212,0.10000000149011612
154.907,1.0,9.890062795951962,0.10000000149011612
154.95,1.0,9.780461302958429,0.10000000149011612
155.001,1.0,9.670265976256795,0.10000000149011612
155.052,1.0,9.643158107913203,0.10000000149011612
155.102,1.0,9.89008750507815,0.10000000149011612
155.151,1.0,9.780438641893367,0.10000000149011612
155.201,1.0,9.890111309020883,0.10000000149011612
155.254,1.0,9.80793658234179,0.10000000149011612
155.306,1.0,9.835116594429646,0.10000000149011612
155.356,1.0,9.862783464065028,0.10000000149011612
155.404,1.0,9.75284116934571,0.10000000149011612
155.463,1.0,9.752732472432156,0.10000000149011612
155.504,1.0,9.780241695356866,0.10000000149011612
155.554,1.0,9.78024669997394,0.10000000149011612
155.604,1.0,9.807907778397203,0.10000000149011612
155.654,1.0,9.835261660607324,0.10000000149011612
155.704,1.0,9.890107230159144,0.10000000149011612
155.755,1.0,9.72548419818696,0.10000000149011612
155.804,1.0,9.917580515187648,0.10000000149011612
155.854,1.0,9.780158036719595,0.10000000149011612
155.907,1.0,9.7254669289829,0.10000000149011612
155.955,1.0,9.807734106791516,0.10000000149011612
156.005,1.0,9.945143824360438,0.12268173694610596
156.05,1.0,9.835006334301498,0.10000000149011612
156.106,1.0,9.835149640879697,0.10000000149011612
156.152,1.0,9.890166643303301,0.10000000149011612
156.202,1.0,9.725116425214543,0.10000000149011612
156.265,1.0,9.697901628269918,0.10000000149011612
156.304,1.0,9.72537709520095,0.10000000149011612
156.358,1.0,9.862628595593074,0.10000000149011612
156.404,1.0,9.862573876914878,0.10000000149011612
156.458,1.0,9.780312909454935,0.10000000149011612
156.509,1.0,9.890133987180889,0.10000000149011612
156.556,1.0,9.75283688493073,0.10000000149011612
156.604,1.0,9.862603559365702,0.10000000149011612
156.655,1.0,9.807810804268552,0.10000000149011612
156.705,1.0,9.670536774624553,0.10000000149011612
156.754,1.0,9.780294881968034,0.10000000149011612
156.805,1.0,9.752857181450558,0.10000000149011612
156.86,1.0,9.835106837273472,0.10000000149011612
156.904,1.0,9.753018133673404,0.10000000149011612
156.954,1.0,9.862887924826808,0.10000000149011612
157.006,1.0,9.862543264362547,0.10000000149011612
157.059,1.0,9.780251785284943,0.10000000149011612
157.106,1.0,9.94518293891516,0.1294836401939392
157.155,1.0,9.780247370422714,0.10000000149011612
157.208,1.0,9.890143060042627,0.10000000149011612
157.26,1.0,9.780308216541178,0.10000000149011612
157.305,1.0,9.917500000012417,0.10000000149011612
157.355,1.0,9.862691216108699,0.10000000149011612
157.408,1.0,9.807500112553438,0.10000000149011612
157.457,1.0,9.780291969867216,0.10000000149011612
157.512,1.0,9.917592745274305,0.10000000149011612
157.556,1.0,9.752768354738752,0.10000000149011612
157.605,1.0,9.75302346524679,0.10000000149011612
157.662,1.0,9.752752971111072,0.10000000149011612
157.717,1.0,9.807579984184768,0.10000000149011612
157.764,1.0,9.64316725174172,0.10000000149011612
157.815,1.0,9.835238530507517,0.10000000149011612
157.86,1.0,9.835227637489636,0.10000000149011612
157.91,1.0,9.917718516103923,0.10000000149011612
157.963,1.0,9.917661157809198,0.10000000149011612
158.01,1.0,9.890027252253558,0.10000000149011612
158.06,1.0,9.780298572654525,0.10000000149011612
158.11,1.0,9.917580113973882,0.10000000149011612
158.162,1.0,9.835369822010398,0.10000000149011612
158.213,1.0,9.807759061993824,0.10000000149011612
158.267,1.0,9.862504273694423,0.10000000149011612
158.31,1.0,9.670402606659465,0.10000000149011612
158.361,1.0,9.835066205283834,0.10000000149011612
158.419,1.0,9.642883913488024,0.10000000149011612
158.461,1.0,9.890365366823971,0.11789782345294952
158.511,1.0,9.835287550402183,0.1122865229845047
158.561,1.0,9.890131577269898,0.10000000149011612
158.611,1.0,9.807564209443,0.10000000149011612
158.657,1.0,9.91754944336911,0.10000000149011612
158.711,1.0,9.75272931586951,0.10000000149011612
158.762,1.0,9.69794337608748,0.10000000149011612
158.807,1.0,9.808051760101485,0.10000000149011612
158.866,1.0,9.78028861410502,0.10000000149011612
158.911,1.0,9.752573851164843,0.10000000149011612
158.961,1.0,9.725456432191034,0.10000000149011612
159.015,1.0,9.725355657045212,0.10000000149011612
159.072,1.0,9.807716319565143,0.10000000149011612
159.115,1.0,9.780185713929434,0.10000000149011612
159.163,1.0,9.670267238592109,0.10000000149011612
159.214,1.0,9.72535870636089,0.10000000149011612
159.265,1.0,9.697929788463645,0.10000000149011612
159.317,1.0,9.807780794550975,0.10000000149011612
159.372,1.0,9.807645572784047,0.10000000149011612
159.415,1.0,9.835194082206321,0.10000000149011612
159.466,1.0,9.835369790179861,0.10000000149011612
159.514,1.0,9.752767618062595,0.10000000149011612
159.564,1.0,9.862500000020695,0.10000000149011612
159.615,1.0,9.752833347436454,0.10000000149011612
159.664,1.0,9.752661523409188,0.10000000149011612
159.718,1.0,9.780052542106972,0.10000000149011612
159.763,1.0,9.752636302966211,0.10000000149011612
159.815,1.0,9.808026489491263,0.10000000149011612
159.871,1.0,9.807676399292218,0.10000000149011612
159.912,1.0,9.890000000016556,0.10000000149011612
159.966,1.0,9.780167702751028,0.10000000149011612
160.014,1.0,9.835241022830209,0.10000000149011612
160.069,1.0,9.807768624441492,0.10000000149011612
160.128,1.0,9.807780312808852,0.10000000149011612
160.166,1.0,9.752955634809203,0.10000000149011612
160.224,1.0,9.752598984125587,0.10000000149011612
160.265,1.0,9.945085686362452,0.11134083569049835
160.316,1.0,9.807880328657726,0.10000000149011612
160.376,1.0,9.56062963447637,0.10000000149011612
160.416,1.0,9.86284080857618,0.10000000149011612
160.467,1.0,9.835284080625408,0.10000000149011612
160.516,1.0,9.725342341098521,0.10000000149011612
160.569,1.0,9.862585001066327,0.10000000149011612
160.62,1.0,9.725468594767154,0.10000000149011612
160.667,1.0,9.670330247055325,0.10000000149011612
160.716,1.0,9.83535812370893,0.10000000149011612
160.767,1.0,9.835380829705132,0.10000000149011612
160.817,1.0,9.862554352627033,0.10000000149011612
160.867,1.0,9.862836325458355,0.10000000149011612
160.919,1.0,9.83521965837313,0.10000000149011612
160.966,1.0,9.560482834859027,0.10000000149011612
161.018,1.0,9.807788588893082,0.10000000149011612
161.065,1.0,9.807617542623646,0.10000000149011612
161.122,1.0,9.835220390496154,0.10000000149011612
161.175,1.0,9.91760123177535,0.10000000149011612
161.225,1.0,9.752798452538748,0.10000000149011612
161.281,1.0,9.807728596073058,0.10000000149011612
161.323,1.0,9.835400990893444,0.10000000149011612
161.37,1.0,9.835032182538676,0.10000000149011612
161.422,1.0,9.835129552148283,0.10000000149011612
161.471,1.0,9.807949423293273,0.10000000149011612
161.521,1.0,9.780105151339537,0.10000000149011612
161.573,1.0,9.752679120976891,0.10000000149011612
161.623,1.0,9.835004144865605,0.10000000149011612
161.671,1.0,9.862578269694414,0.10000000149011612
161.722,1.0,9.807605704085695,0.10000000149011612
161.772,1.0,9.835304095658163,0.10000000149011612
161.829,1.0,9.83509532140775,0.10000000149011612
161.879,1.0,9.780472059734166,0.10000000149011612
161.927,1.0,9.80777202753557,0.10000000149011612
161.976,1.0,9.642947080565824,0.10000000149011612
162.026,1.0,9.780458585317763,0.10000000149011612
162.079,1.0,9.75305952117261,0.10000000149011612
162.126,1.0,9.835274711209866,0.10000000149011612
162.175,1.0,9.862703860551118,0.10000000149011612
162.228,1.0,9.917620203685429,0.10000000149011612
162.276,1.0,9.780283942011495,0.10000000149011612
162.326,1.0,9.89017908061958,0.10000000149011612
162.38,1.0,9.835237237045334,0.10000000149011612
162.427,1.0,9.780366740582718,0.10000000149011612
162.476,1.0,9.862500000020695,0.10000000149011612
162.525,1.0,9.890227791625593,0.10000000149011612
162.58,1.0,9.752699598794182,0.10000000149011612
162.627,1.0,9.725145748381813,0.10000000149011612
162.676,1.0,9.725234005579518,0.10000000149011612
162.731,1.0,9.917566524880629,0.10000000149011612
162.78,1.0,9.862702788019346,0.10000000149011612
162.825,1.0,9.917721117598315,0.10000000149011612
162.876,1.0,9.835163347588646,0.10000000149011612
162.927,1.0,9.862636295768121,0.10000000149011612
162.981,1.0,9.862680039223697,0.10000000149011612
163.028,1.0,9.972500000004139,0.10000000149011612
163.079,1.0,9.780429498602947,0.10000000149011612
163.127,1.0,9.780436527170242,0.10000000149011612
163.175,1.0,9.8080507448357,0.10000000149011612
163.228,1.0,9.83533766929888,0.10000000149011612
163.277,1.0,9.752805568381316,0.10000000149011612
163.325,1.0,9.835255296507643,0.10000000149011612
163.377,1.0,9.72514270308117,0.10000000149011612
163.426,1.0,9.75281606622868,0.10000000149011612
163.477,1.0,9.725167769855924,0.10000000149011612
163.534,1.0,9.752875202935602,0.10000000149011612
163.586,1.0,9.670691632438038,0.10000000149011612
163.627,1.0,9.862560997924042,0.10000000149011612
163.68,1.0,9.862795678277811,0.10000000149011612
163.725,1.0,9.69770298987213,0.10000000149011612
163.779,1.0,9.917546038619346,0.10000000149011612
163.825,1.0,9.725491420055429,0.10000000149011612
163.876,1.0,9.697710282086499,0.10000000149011612
163.936,1.0,9.780000000033114,0.10000000149011612
163.98,1.0,9.835272660002941,0.10000000149011612
164.027,1.0,9.670275344202915,0.10000000149011612
164.077,1.0,9.945008400103283,0.10000000149011612
164.126,1.0,9.862699288398856,0.10000000149011612
164.18,1.0,9.643066608015861,0.10000000149011612
164.227,1.0,9.752747763734725,0.10000000149011612
164.277,1.0,9.80757736100091,0.10000000149011612
164.328,1.0,9.697729756082925,0.10000000149011612
164.38,1.0,9.835191660312315,0.10000000149011612
164.431,1.0,9.83518079250223,0.10000000149011612
164.485,1.0,9.780067972735399,0.10000000149011612
164.528,1.0,9.807699407078326,0.10000000149011612
164.58,1.0,9.807753396737906,0.10000000149011612
164.636,1.0,9.91762433035506,0.10000000149011612
164.691,1.0,9.862637797577513,0.10000000149011612
164.735,1.0,9.752908978218006,0.10000000149011612
164.787,1.0,9.835360276740458,0.10000000149011612
164.84,1.0,9.752782802428637,0.10000000149011612
164.887,1.0,9.862500000020695,0.10000000149011612
164.939,1.0,9.725408183162411,0.10000000149011612
164.998,1.0,9.83517695605341,0.10000000149011612
165.039,1.0,9.697774830253588,0.10000000149011612
165.088,1.0,9.780271465124356,0.10000000149011612
165.139,1.0,9.725447943661775,0.10000000149011612
165.191,1.0,9.807598796362678,0.10000000149011612
165.24,1.0,9.835217662114236,0.10000000149011612
165.289,1.0,9.835305047449138,0.10000000149011612
165.34,1.0,9.698340859202046,0.10000000149011612
165.39,1.0,9.80791741601295,0.10000000149011612
165.438,1.0,9.917610252483023,0.11073467880487442
165.49,1.0,9.835139503516256,0.10000000149011612
165.538,1.0,9.752615089010861,0.10000000149011612
165.595,1.0,9.8078633799942,0.10000000149011612
165.638,1.0,9.78033235532542,0.10000000149011612
165.691,1.0,9.835135163304706,0.10000000149011612
165.74,1.0,9.94508682926082,0.10000000149011612
165.788,1.0,9.945054986824593,0.10000000149011612
165.841,1.0,9.83537956347896,0.10000000149011612
165.89,1.0,9.753005198389292,0.10000000149011612
165.939,1.0,9.752846273469428,0.10000000149011612
165.99,1.0,9.917500000012417,0.10000000149011612
166.04,1.0,9.752782317582104,0.10000000149011612
166.089,1.0,9.862535132798884,0.10000000149011612
166.138,1.0,9.890118389059271,0.10000000149011612
166.188,1.0,9.862661239484119,0.10000000149011612
166.242,1.0,9.890133017963834,0.10000000149011612
166.288,1.0,9.752859575591154,0.10000000149011612
166.338,1.0,9.807626314212879,0.10000000149011612
166.388,1.0,9.697712490645548,0.10000000149011612
166.442,1.0,9.807738109843598,0.10000000149011612
166.489,1.0,9.752709951148265,0.10000000149011612
166.538,1.0,9.862500000020695,0.10000000149011612
166.588,1.0,9.75282329407831,0.10000000149011612
166.639,1.0,9.807707758972214,0.10000000149011612
166.69,1.0,9.752711824286315,0.10000000149011612
166.737,1.0,9.862663645380072,0.10000000149011612
166.788,1.0,9.862653667976458,0.10000000149011612
166.844,1.0,9.698142017382715,0.10000000149011612
166.888,1.0,9.780115840459864,0.10000000149011612
166.939,1.0,9.890055053846703,0.10000000149011612
166.989,1.0,9.752962167147134,0.10000000149011612
167.039,1.0,9.670524235669937,0.10000000149011612
167.09,1.0,9.725163931834201,0.10000000149011612
167.138,1.0,9.862705352033178,0.10000000149011612
167.189,1.0,9.64294395421942,0.10000000149011612
167.239,1.0,9.780435146432783,0.10000000149011612
167.291,1.0,9.615435912604962,0.10000000149011612
167.341,1.0,9.697803906620377,0.10000000149011612
167.392,1.0,9.752784851483172,0.10000000149011612
167.441,1.0,9.69782517088784,0.10000000149011612
167.493,1.0,9.862569134578937,0.10000000149011612
167.544,1.0,9.670576623020073,0.10000000149011612
167.595,1.0,9.807560247182845,0.10000000149011612
167.646,1.0,9.780191136358512,0.10000000149011612
167.693,1.0,9.807752921121816,0.10000000149011612
167.743,1.0,9.917624367214739,0.10000000149011612
167.793,1.0,9.698041144385934,0.10000000149011612
167.843,1.0,9.89002957035684,0.10000000149011612
167.905,1.0,9.752793568248551,0.10000000149011612
167.943,1.0,9.917568569485512,0.10000000149011612
167.995,1.0,9.945069133862853,0.10000000149011612
168.045,1.0,9.835226476275258,0.10000000149011612
168.101,1.0,9.862620760334863,0.10000000149011612
168.143,1.0,9.945083191390667,0.10000000149011612
168.194,1.0,9.890000000016556,0.10000000149011612
168.243,1.0,9.835394751114977,0.10000000149011612
168.303,1.0,9.69806707451741,0.10000000149011612
168.343,1.0,9.780116452794108,0.10000000149011612
168.393,1.0,9.835223538407849,0.10000000149011612
168.449,1.0,9.83535192973084,0.10000000149011612
168.504,1.0,9.752786223880118,0.10000000149011612
168.548,1.0,9.835359734938377,0.10000000149011612
168.596,1.0,9.752812448744145,0.10000000149011612
168.645,1.0,9.945000000008278,0.10000000149011612
168.696,1.0,9.725193084610833,0.10000000149011612
168.747,1.0,9.807938467938866,0.10789944231510162
168.801,1.0,9.890130470672416,0.10000000149011612
168.85,1.0,9.862618532176647,0.10000000149011612
168.897,1.0,9.807894164944688,0.10000000149011612
168.949,1.0,9.83514352078653,0.10000000149011612
169.001,1.0,9.752934387636682,0.10000000149011612
169.047,1.0,9.78037805519998,0.10000000149011612
169.098,1.0,9.752610466587875,0.10000000149011612
169.15,1.0,9.725650875642895,0.10000000149011612
169.208,1.0,9.807635046583083,0.10000000149011612
169.251,1.0,9.75308035036756,0.10000000149011612
169.302,1.0,9.780291231328414,0.10000000149011612
169.353,1.0,9.972500000004139,0.10000000149011612
169.4,1.0,9.862612471315597,0.10000000149011612
169.45,1.0,9.780136754943264,0.10000000149011612
169.501,1.0,9.780492378750608,0.10000000149011612
169.555,1.0,9.890226578919425,0.10000000149011612
169.601,1.0,9.807911955710086,0.10000000149011612
169.65,1.0,9.697648892965582,0.10000000149011612
169.701,1.0,9.642838353787859,0.10000000149011612
169.751,1.0,9.835247174257205,0.10000000149011612
169.81,1.0,9.862632185282807,0.10000000149011612
169.849,1.0,9.94504477865994,0.10000000149011612
169.904,1.0,9.807554221256739,0.10000000149011612
169.951,1.0,9.780442185513675,0.10000000149011612
170.002,1.0,9.670635688180726,0.10000000149011612
170.051,1.0,9.835263019386264,0.10000000149011612
170.105,1.0,9.890132052948077,0.10000000149011612
170.152,1.0,9.862648157671922,0.10000000149011612
170.205,1.0,9.697794883905186,0.10000000149011612
170.253,1.0,9.780097478731639,0.10000000149011612
170.301,1.0,9.72552717294958,0.10000000149011612
170.354,1.0,9.807805923103459,0.10000000149011612
170.404,1.0,9.862531540894674,0.10000000149011612
170.451,1.0,9.807820284159646,0.10000000149011612
170.505,1.0,9.807765075088374,0.10000000149011612
170.555,1.0,9.807774493574268,0.10000000149011612
170.602,1.0,9.75267748379459,0.10000000149011612
170.653,1.0,9.752794388847219,0.10000000149011612
170.704,1.0,9.807621699074904,0.10000000149011612
170.756,1.0,9.780413404976327,0.10000000149011612
170.802,1.0,9.835308093060222,0.10000000149011612
170.854,1.0,9.697799746216171,0.10000000149011612
170.902,1.0,9.835343889436787,0.10000000149011612
170.957,1.0,9.78078927503278,0.11265449970960617
171.002,1.0,9.835125895465413,0.10000000149011612
171.054,1.0,9.752828297557102,0.10000000149011612
171.128,1.0,9.862633314935698,0.10000000149011612
171.154,1.0,9.780504159629345,0.10000000149011612
171.208,1.0,9.917599237006572,0.10000000149011612
171.254,1.0,9.725619474446608,0.10000000149011612
171.31,1.0,9.642808861720065,0.10000000149011612
171.357,1.0,9.780323634627793,0.10000000149011612
171.408,1.0,9.917592576187518,0.10000000149011612
171.458,1.0,9.752769119085537,0.10000000149011612
171.508,1.0,9.862628521708151,0.10000000149011612
171.559,1.0,9.890104213708804,0.10000000149011612
171.608,1.0,9.807739149344464,0.10000000149011612
171.658,1.0,9.945000000008278,0.10000000149011612
171.708,1.0,9.862666778142254,0.10000000149011612
171.76,1.0,9.835210430539316,0.10000000149011612
171.808,1.0,9.835205418306092,0.10000000149011612
171.859,1.0,9.752780781272385,0.10000000149011612
171.908,1.0,9.835230242688622,0.10000000149011612
171.958,1.0,9.725393936948644,0.10000000149011612
172.007,1.0,9.862631858016053,0.10000000149011612
172.058,1.0,9.752955608483818,0.10000000149011612
172.113,1.0,9.75300508307086,0.10000000149011612
172.161,1.0,9.752869137314459,0.10000000149011612
172.21,1.0,9.835241862386464,0.10000000149011612
172.26,1.0,9.615327587516772,0.10000000149011612
172.313,1.0,9.890169998672274,0.10000000149011612
172.362,1.0,9.862925205938518,0.10000000149011612
172.409,1.0,9.835035790875555,0.10000000149011612
172.461,1.0,9.835079357980026,0.10000000149011612
172.514,1.0,9.835297318485877,0.10000000149011612
172.565,1.0,9.835166151863005,0.10000000149011612
172.609,1.0,9.807600218140417,0.10000000149011612
172.66,1.0,9.83503011452655,0.10000000149011612
172.715,1.0,9.807672317098412,0.10000000149011612
172.758,1.0,9.780435886109869,0.10000000149011612
172.81,1.0,9.642804022567967,0.10000000149011612
172.862,1.0,9.890186967742112,0.10000000149011612
172.912,1.0,9.835054309728244,0.10000000149011612
172.961,1.0,9.835259535308513,0.10000000149011612
173.011,1.0,9.752628987344602,0.10000000149011612
173.061,1.0,9.670539612530007,0.10000000149011612
173.112,1.0,9.780370445528792,0.10000000149011612
173.161,1.0,9.807855981070961,0.10000000149011612
173.211,1.0,9.862783145759668,0.10000000149011612
173.261,1.0,9.835164390773409,0.10000000149011612
173.312,1.0,9.780340579938557,0.10000000149011612
173.361,1.0,9.890045071807172,0.10000000149011612
173.414,1.0,9.807812052799596,0.10000000149011612
173.455,1.0,9.725624071620405,0.10000000149011612
173.518,1.0,9.917563255586558,0.10000000149011612
173.561,1.0,9.725443333511551,0.10000000149011612
173.611,1.0,9.917544178333547,0.10000000149011612
173.665,1.0,9.86269836879025,0.10000000149011612
173.711,1.0,9.835369806157217,0.10000000149011612
173.76,1.0,9.890145693222681,0.10000000149011612
173.813,1.0,9.835426247616608,0.10000000149011612
173.864,1.0,9.807808075596888,0.10000000149011612
173.911,1.0,9.835195863329702,0.10000000149011612
173.962,1.0,9.78011333193216,0.10000000149011612
174.012,1.0,9.807714097636442,0.10000000149011612
174.056,1.0,9.835107674222026,0.10000000149011612
174.114,1.0,9.780485236706832,0.10000000149011612
174.165,1.0,9.75269338885943,0.10000000149011612
174.211,1.0,9.807756712308361,0.10000000149011612
174.262,1.0,9.890060365986493,0.10000000149011612
174.312,1.0,9.917534841452207,0.10000000149011612
174.367,1.0,9.780227098841634,0.10000000149011612
174.412,1.0,9.890208414735065,0.10483843088150024
174.461,1.0,9.670641712037225,0.10000000149011612
174.511,1.0,9.752739388309418,0.10000000149011612
174.565,1.0,9.835125230459703,0.10000000149011612
174.619,1.0,9.91755389124155,0.10000000149011612
174.661,1.0,9.890186427740588,0.10000000149011612
174.713,1.0,9.752652500549125,0.10000000149011612
174.761,1.0,9.725312656971315,0.10000000149011612
174.807,1.0,9.752905619930889,0.10000000149011612
174.86,1.0,9.862782197487023,0.10000000149011612
174.911,1.0,9.752760017601153,0.10000000149011612
174.962,1.0,9.83512003891584,0.10000000149011612
175.011,1.0,9.807763039982982,0.10000000149011612
175.061,1.0,9.862510458110934,0.10000000149011612
175.113,1.0,9.835262443704737,0.10000000149011612
175.161,1.0,9.780231651787956,0.10000000149011612
175.212,1.0,9.862604861085613,0.10000000149011612
175.262,1.0,9.917532201939158,0.10000000149011612
175.31,1.0,9.72527596331719,0.10000000149011612
175.361,1.0,9.862609157504307,0.10000000149011612
175.411,1.0,9.835304450885289,0.10000000149011612
175.462,1.0,9.697894315069748,0.10000000149011612
175.499,1.0,9.890236402654814,0.10000000149011612
175.566,1.0,9.862531338942548,0.10000000149011612
175.615,1.0,9.862754318594105,0.10000000149011612
175.67,1.0,9.752964361632865,0.10000000149011612
175.712,1.0,9.945000434708264,0.10000000149011612
175.761,1.0,9.807768142016398,0.10000000149011612
175.816,1.0,9.862603616528213,0.10000000149011612
175.86,1.0,9.780589216988947,0.10000000149011612
175.913,1.0,9.917788581425945,0.11085952818393707
175.965,1.0,9.835032342436413,0.10000000149011612
176.016,1.0,9.780331039614975,0.10000000149011612
176.062,1.0,9.78043775457061,0.10000000149011612
176.111,1.0,9.835305926679737,0.10000000149011612
176.162,1.0,9.890093336854545,0.10000000149011612
176.214,1.0,9.780280976018144,0.10000000149011612
176.267,1.0,9.862815587470928,0.10377191752195358
176.314,1.0,9.725345721654595,0.10000000149011612
176.364,1.0,9.835147729288373,0.10000000149011612
176.416,1.0,9.807589213094777,0.10000000149011612
176.466,1.0,9.69811176125788,0.10000000149011612
176.514,1.0,9.670291552506388,0.10000000149011612
176.564,1.0,9.780232266978258,0.10000000149011612
176.614,1.0,9.780389653767148,0.10000000149011612
176.67,1.0,9.835202555130753,0.10000000149011612
176.713,1.0,9.945201249462034,0.12794679403305054
176.765,1.0,9.86267477888614,0.10000000149011612
176.814,1.0,9.752686192550593,0.10000000149011612
176.864,1.0,9.917768688334359,0.11182065308094025
176.913,1.0,9.697702283971012,0.10000000149011612
176.965,1.0,9.835236715753044,0.10000000149011612
177.016,1.0,9.86266406768312,0.10000000149011612
177.064,1.0,9.6430054385422,0.10000000149011612
177.114,1.0,9.835263035798238,0.10000000149011612
177.164,1.0,9.835024665296078,0.10000000149011612
177.214,1.0,9.86258663063248,0.10000000149011612
177.265,1.0,9.835248558864825,0.10000000149011612
177.315,1.0,9.615472391910023,0.10000000149011612
177.365,1.0,9.780177892247837,0.10000000149011612
177.416,1.0,9.83519147042599,0.10000000149011612
177.471,1.0,9.69793274886906,0.10000000149011612
177.516,1.0,9.862668281172713,0.10000000149011612
177.565,1.0,9.89003978955249,0.10000000149011612
177.614,1.0,9.725233836906652,0.10000000149011612
177.667,1.0,9.80780521734721,0.10000000149011612
177.719,1.0,9.862653583474458,0.10000000149011612
177.766,1.0,9.780277590598498,0.10000000149011612
177.816,1.0,9.78033303194162,0.10000000149011612
177.866,1.0,9.890177496315705,0.10000000149011612
177.925,1.0,9.7804325690493,0.10000000149011612
177.971,1.0,9.94513231842882,0.11660483479499817
178.02,1.0,9.69789113410645,0.10000000149011612
178.071,1.0,9.807709004543721,0.10000000149011612
178.124,1.0,9.835297639792165,0.10000000149011612
178.171,1.0,9.807977661800882,0.10000000149011612
178.22,1.0,9.670134074033962,0.10000000149011612
178.271,1.0,9.780213451675243,0.10000000149011612
178.327,1.0,9.697672824954822,0.10000000149011612
178.371,1.0,9.752937206957075,0.10000000149011612
178.422,1.0,9.780000000033114,0.10000000149011612
178.476,1.0,9.725477455473609,0.10000000149011612
178.53,1.0,9.670455737101536,0.10000000149011612
178.575,1.0,9.91777597680274,0.12003640085458755
178.627,1.0,9.807811461223496,0.10000000149011612
178.675,1.0,9.80794314980093,0.10000000149011612
178.725,1.0,9.890199715354376,0.10000000149011612
178.775,1.0,9.917646186633242,0.10000000149011612
178.835,1.0,9.697750318174561,0.10000000149011612
178.874,1.0,9.643091975049012,0.10000000149011612
178.925,1.0,9.752887086549567,0.10000000149011612
178.97,1.0,9.725374656750096,0.10000000149011612
179.024,1.0,9.752672601884438,0.10000000149011612
179.076,1.0,9.835200009412235,0.10000000149011612
179.125,1.0,9.862636276334523,0.10000000149011612
179.174,1.0,9.86260358378705,0.10000000149011612
179.228,1.0,9.862610999494791,0.10000000149011612
179.274,1.0,9.835026444370548,0.10000000149011612
179.323,1.0,9.890000000016556,0.10000000149011612
179.374,1.0,9.752751734356085,0.10000000149011612
179.427,1.0,9.835495116478867,0.11776207387447357
179.475,1.0,9.862613828356068,0.10000000149011612
179.525,1.0,9.835228559871515,0.10000000149011612
179.578,1.0,9.753023202779392,0.10000000149011612
179.627,1.0,9.807908785281082,0.10000000149011612
179.677,1.0,9.80796480483065,0.10000000149011612
179.73,1.0,9.780241885967552,0.10000000149011612
179.777,1.0,9.917631409420736,0.10119213908910751
179.827,1.0,9.835117433427108,0.10000000149011612
179.878,1.0,9.890196380122669,0.10000000149011612
179.929,1.0,9.725654008198116,0.10000000149011612
179.977,1.0,9.780202047651013,0.10000000149011612
180.025,1.0,9.89015560835186,0.10000000149011612
180.076,1.0,9.862500000020695,0.10000000149011612
180.134,1.0,9.725642270594836,0.10000000149011612
180.191,1.0,9.725301931943331,0.10000000149011612
180.23,1.0,9.752831860693792,0.10000000149011612
180.28,1.0,9.670400934935444,0.10000000149011612
180.33,1.0,9.697721526937352,0.10000000149011612
180.381,1.0,9.86262994837016,0.10000000149011612
180.43,1.0,9.83522061318573,0.10000000149011612
180.48,1.0,9.780333688296377,0.10000000149011612
180.532,1.0,9.917671153839263,0.10000000149011612
180.588,1.0,9.862800999068552,0.10000000149011612
180.63,1.0,9.780369030891194,0.10000000149011612
180.682,1.0,9.725578374746773,0.10000000149011612
180.734,1.0,9.83538635207547,0.10000000149011612
180.78,1.0,9.890209155653913,0.10000000149011612
180.832,1.0,9.83523671047555,0.10000000149011612
180.88,1.0,9.890197774353954,0.10000000149011612
180.931,1.0,9.835039948609968,0.10000000149011612
180.979,1.0,9.780473648487694,0.10000000149011612
181.031,1.0,9.91782210179501,0.1267266720533371
181.084,1.0,9.890166843061646,0.10000000149011612
181.136,1.0,9.890097701632314,0.10000000149011612
181.18,1.0,9.615529768644935,0.10000000149011612
181.235,1.0,9.890307224541903,0.10000000149011612
181.282,1.0,9.752685448589425,0.10000000149011612
181.337,1.0,9.807940949810048,0.10000000149011612
181.383,1.0,9.890202881023288,0.10000000149011612
181.433,1.0,9.862831680435274,0.10000000149011612
181.482,1.0,9.75270321013199,0.10000000149011612
181.533,1.0,9.86257071337766,0.10000000149011612
181.583,1.0,9.835191251254743,0.10000000149011612
181.633,1.0,9.780287259817124,0.10000000149011612
181.683,1.0,9.862656314339903,0.10000000149011612
181.739,1.0,9.752851479128003,0.10000000149011612
181.783,1.0,9.89008156247437,0.10000000149011612
181.834,1.0,9.752916844913528,0.10000000149011612
181.889,1.0,9.890136508457363,0.10000000149011612
181.938,1.0,9.917602458368574,0.10000000149011612
181.986,1.0,9.752671303103368,0.10000000149011612
182.035,1.0,9.890074074102772,0.102300725877285
182.083,1.0,9.725318467182417,0.10000000149011612
182.139,1.0,9.725657366981936,0.10000000149011612
182.19,1.0,9.862712226766678,0.10000000149011612
182.239,1.0,9.807817583158613,0.10000000149011612
182.286,1.0,9.917623223985235,0.10000000149011612
182.336,1.0,9.807828449706237,0.10000000149011612
182.388,1.0,9.890203405047457,0.10000000149011612
182.446,1.0,9.890239962107605,0.10000000149011612
182.488,1.0,9.807752266691791,0.10000000149011612
182.538,1.0,9.80755077412145,0.10000000149011612
182.587,1.0,9.862645846025812,0.10000000149011612
182.643,1.0,9.642936835686365,0.10000000149011612
182.687,1.0,9.780340672056708,0.10000000149011612
182.742,1.0,9.752775309669476,0.10000000149011612
182.799,1.0,9.615496660831074,0.10000000149011612
182.843,1.0,9.835212821120189,0.10000000149011612
182.903,1.0,9.8901247135467,0.10000000149011612
182.949,1.0,9.807872764807609,0.10000000149011612
182.996,1.0,9.78044962870578,0.10000000149011612
183.047,1.0,9.890282514608568,0.11113909631967545
183.099,1.0,9.752500000037253,0.10000000149011612
183.15,1.0,9.862845094812412,0.10000000149011612
183.194,1.0,9.807764448432458,0.10000000149011612
183.247,1.0,9.835228423236146,0.10000000149011612
183.31,1.0,9.835326025676396,0.10000000149011612
183.347,1.0,9.69762356299907,0.10000000149011612
183.398,1.0,9.725106190869377,0.10000000149011612
183.455,1.0,9.808035251001517,0.10000000149011612
183.498,1.0,9.835001982789901,0.10000000149011612
183.548,1.0,9.807667664769623,0.10000000149011612
183.597,1.0,9.780284138561951,0.10000000149011612
183.647,1.0,9.862546714767813,0.10000000149011612
183.704,1.0,9.807835879156158,0.10000000149011612
183.747,1.0,9.780173096992076,0.10000000149011612
183.802,1.0,9.67046998416384,0.10000000149011612
183.848,1.0,9.862606328787903,0.10000000149011612
183.907,1.0,9.670399123306076,0.10000000149011612
183.951,1.0,9.807621399913398,0.10000000149011612
184.004,1.0,9.835281007550657,0.10000000149011612
184.053,1.0,9.862726364119185,0.10000000149011612
184.111,1.0,9.697586496960785,0.10000000149011612
184.154,1.0,9.752623365509013,0.10000000149011612
184.207,1.0,9.83508786726743,0.10000000149011612
184.252,1.0,9.835229475630655,0.10000000149011612
184.305,1.0,9.780225401889119,0.10000000149011612
184.354,1.0,9.75263719709797,0.10000000149011612
184.406,1.0,9.752832605855332,0.10000000149011612
184.459,1.0,9.725437231258386,0.10000000149011612
184.504,1.0,9.752949353783494,0.10000000149011612
184.557,1.0,9.752761613308556,0.10000000149011612
184.614,1.0,9.8900839564287,0.10000000149011612
184.655,1.0,9.890000000016556,0.10000000149011612
184.71,1.0,9.80785804413673,0.10000000149011612
184.756,1.0,9.752643574091296,0.10000000149011612
184.811,1.0,9.862573632266786,0.10000000149011612
184.86,1.0,9.835111438338128,0.10000000149011612
184.909,1.0,9.752599217349456,0.10000000149011612
184.959,1.0,9.752760971482429,0.10000000149011612
185.008,1.0,9.807669110906621,0.10000000149011612
185.06,1.0,9.807693613486158,0.10000000149011612
185.113,1.0,9.808020510607296,0.10000000149011612
185.16,1.0,9.670271254144609,0.10000000149011612
185.21,1.0,9.697874476181136,0.10000000149011612
185.26,1.0,9.697699707456762,0.10000000149011612
185.315,1.0,9.725021117118498,0.10000000149011612
185.36,1.0,9.835100952929093,0.10000000149011612
185.415,1.0,9.89002287822465,0.10000000149011612
185.458,1.0,9.78034160255144,0.10000000149011612
185.513,1.0,9.75279662443532,0.10000000149011612
185.559,1.0,9.862500000020695,0.10000000149011612
185.613,1.0,9.917600912993981,0.10000000149011612
185.659,1.0,9.725427101262742,0.10000000149011612
185.71,1.0,9.780414861047433,0.10000000149011612
185.756,1.0,9.835373809643917,0.10000000149011612
185.81,1.0,9.780165062058304,0.10000000149011612
185.862,1.0,9.80752056946771,0.10000000149011612
185.913,1.0,9.67021616935316,0.10000000149011612
185.963,1.0,9.862507482224869,0.10000000149011612
186.009,1.0,9.807662912747926,0.10000000149011612
186.065,1.0,9.835202178979914,0.10000000149011612
186.111,1.0,9.807751277937657,0.10000000149011612
186.162,1.0,9.725282821845678,0.10000000149011612
186.212,1.0,9.835299560903675,0.10000000149011612
186.267,1.0,9.890274776373472,0.10565400123596191
186.311,1.0,9.725413864706125,0.10000000149011612
186.366,1.0,9.752676140227251,0.10000000149011612
186.419,1.0,9.890000000016556,0.10000000149011612
186.472,1.0,9.835207292892866,0.10000000149011612
186.515,1.0,9.752758323277037,0.10000000149011612
186.574,1.0,9.780186631427043,0.10000000149011612
186.62,1.0,9.780087383422586,0.10000000149011612
186.673,1.0,9.725245167004566,0.10000000149011612
186.722,1.0,9.835397731036776,0.10000000149011612
186.775,1.0,9.890234497065345,0.10000000149011612
186.824,1.0,9.862710679777795,0.10000000149011612
186.872,1.0,9.862500000020695,0.10000000149011612
186.922,1.0,9.80786866798169,0.10000000149011612
186.977,1.0,9.945015911985603,0.10000000149011612
187.022,1.0,9.862785887676809,0.10000000149011612
187.079,1.0,9.972500000004139,0.10000000149011612
187.127,1.0,9.807845244453185,0.10000000149011612
187.177,1.0,9.862627792668839,0.10000000149011612
187.227,1.0,9.780087596778241,0.10000000149011612
187.285,1.0,9.807629439772832,0.10000000149011612
187.33,1.0,9.725364417189525,0.10000000149011612
187.381,1.0,9.80762158839239,0.10000000149011612
187.432,1.0,9.945123507765432,0.10000000149011612
187.482,1.0,9.752888564455013,0.10000000149011612
187.542,1.0,9.862733020964596,0.10000000149011612
187.583,1.0,9.945102436571485,0.10000000149011612
187.633,1.0,9.725268511660397,0.10000000149011612
187.689,1.0,9.807933024337721,0.10000000149011612
187.739,1.0,9.890111242462364,0.10000000149011612
187.788,1.0,9.807707414776086,0.10000000149011612
187.839,1.0,9.670377532330653,0.10000000149011612
187.893,1.0,9.862680551637379,0.10000000149011612
187.938,1.0,9.890134862975941,0.10000000149011612
187.993,1.0,9.890081362529761,0.10000000149011612
188.037,1.0,9.752710349485278,0.10000000149011612
188.088,1.0,9.917550900226665,0.10000000149011612
188.139,1.0,9.835218414022691,0.10000000149011612
188.192,1.0,9.725127319060267,0.10000000149011612
188.241,1.0,9.780296726504133,0.10000000149011612
188.289,1.0,9.752897199781405,0.10000000149011612
188.341,1.0,9.697685689686073,0.10000000149011612
188.391,1.0,9.780239471462037,0.10000000149011612
188.441,1.0,9.780310033799873,0.10000000149011612
188.493,1.0,9.862704096672436,0.10000000149011612
188.541,1.0,9.890068843401968,0.10000000149011612
188.594,1.0,9.697766918937365,0.10000000149011612
188.645,1.0,9.780080490828388,0.10000000149011612
188.693,1.0,9.835116128209565,0.10000000149011612
188.744,1.0,9.890220671002236,0.10000000149011612
188.795,1.0,9.725399865582585,0.10000000149011612
188.848,1.0,9.807668536777298,0.10000000149011612
188.893,1.0,9.698069300606019,0.10000000149011612
188.949,1.0,9.807775297367739,0.10000000149011612
188.992,1.0,9.890180388506916,0.10000000149011612
189.042,1.0,9.917681677432524,0.10000000149011612
189.095,1.0,9.697957593616511,0.10000000149011612
189.147,1.0,9.917514827226599,0.10000000149011612
189.19,1.0,9.69781690157122,0.10000000149011612
189.242,1.0,9.89009872207211,0.10000000149011612
189.293,1.0,9.69820025778479,0.10000000149011612
189.343,1.0,9.753015148391325,0.10000000149011612
189.397,1.0,9.75298781308035,0.10000000149011612
189.445,1.0,9.862726069158978,0.10000000149011612
189.494,1.0,9.862555173618926,0.10000000149011612
189.547,1.0,9.670306332223117,0.10000000149011612
189.593,1.0,9.862646770953305,0.10000000149011612
189.643,1.0,9.862712696753443,0.10000000149011612
189.696,1.0,9.890077825511495,0.10000000149011612
189.746,1.0,9.780399813730684,0.10000000149011612
189.799,1.0,9.917741134431626,0.12335821986198425
189.845,1.0,9.697692949117886,0.10000000149011612
189.895,1.0,9.917500000012417,0.10000000149011612
189.952,1.0,9.807587153154115,0.10000000149011612
190.046,1.0,9.80756553452876,0.10000000149011612
190.099,1.0,9.8078343918754,0.10000000149011612
190.152,1.0,9.752918679287864,0.10000000149011612
190.198,1.0,9.80767064243555,0.10000000149011612
190.25,1.0,9.67032960953398,0.10000000149011612
190.303,1.0,9.725400041126543,0.10000000149011612
190.348,1.0,9.670499878480202,0.10000000149011612
190.402,1.0,9.80759332422167,0.10000000149011612
190.459,1.0,9.725835455126232,0.10000000149011612
190.506,1.0,9.807718202244077,0.10000000149011612
190.554,1.0,9.80766772530559,0.10000000149011612
190.609,1.0,9.917615745278697,0.10000000149011612
190.662,1.0,9.725197547467218,0.10000000149011612
190.714,1.0,9.83525397806532,0.10000000149011612
190.754,1.0,9.917671493254602,0.10000000149011612
190.804,1.0,9.78027918777532,0.10000000149011612
190.859,1.0,9.807502713261378,0.10000000149011612
190.905,1.0,9.67072522867885,0.10000000149011612
190.959,1.0,9.780219903484815,0.10000000149011612
191.004,1.0,9.945097290538252,0.10000000149011612
191.057,1.0,9.807645646648275,0.10000000149011612
191.11,1.0,9.780208272155788,0.10000000149011612
191.161,1.0,9.807599752127297,0.10000000149011612
191.218,1.0,9.752871007410189,0.10000000149011612
191.26,1.0,9.807761378068891,0.10000000149011612
191.314,1.0,9.835259799183243,0.10000000149011612
191.367,1.0,9.725460980315175,0.10000000149011612
191.41,1.0,9.780255378120476,0.10000000149011612
191.461,1.0,9.83527844881432,0.10000000149011612
191.511,1.0,9.917623048234317,0.10000000149011612
191.561,1.0,9.780365406970184,0.10000000149011612
191.616,1.0,9.780395536849069,0.10000000149011612
191.661,1.0,9.890078100996712,0.10000000149011612
191.711,1.0,9.890218696308633,0.10000000149011612
191.762,1.0,9.862597244067324,0.10000000149011612
191.817,1.0,9.890317160284354,0.10049327462911606
191.863,1.0,9.835071002795464,0.10000000149011612
191.91,1.0,9.780174166812666,0.10000000149011612
191.962,1.0,9.94506522739927,0.10758591443300247
192.016,1.0,9.862838904807965,0.10000000149011612
192.064,1.0,9.945129052197768,0.11544590443372726
192.112,1.0,9.615422468860116,0.10000000149011612
192.167,1.0,9.698064083564613,0.10000000149011612
192.214,1.0,9.807747838998006,0.10000000149011612
192.264,1.0,9.917500000012417,0.10000000149011612
192.314,1.0,9.642745946078664,0.10000000149011612
192.37,1.0,9.890197363413042,0.10000000149011612
192.414,1.0,9.807702608944641,0.10000000149011612
192.465,1.0,9.835293242149055,0.10000000149011612
192.524,1.0,9.780461859640976,0.10000000149011612
192.572,1.0,9.807889478156964,0.10000000149011612
192.62,1.0,9.780297879791922,0.10000000149011612
192.668,1.0,9.807609206127625,0.10000000149011612
192.72,1.0,9.835238510784176,0.10000000149011612
192.771,1.0,9.917694834226536,0.10000000149011612
192.822,1.0,9.780301483637757,0.10000000149011612
192.865,1.0,9.862624156081843,0.10000000149011612
192.921,1.0,9.807823995107578,0.10000000149011612
192.97,1.0,9.862629018475612,0.10000000149011612
193.022,1.0,9.807940600667562,0.10000000149011612
193.07,1.0,9.697773691825569,0.10000000149011612
193.12,1.0,9.780407256902093,0.10000000149011612
193.17,1.0,9.752853446433114,0.10000000149011612
193.22,1.0,9.862595378028022,0.10000000149011612
193.274,1.0,9.835017689007024,0.10000000149011612
193.321,1.0,9.835340032892095,0.10000000149011612
193.37,1.0,9.862640741964182,0.10000000149011612
193.424,1.0,9.945000000008278,0.10000000149011612
193.479,1.0,9.862823339634472,0.10000000149011612
193.524,1.0,9.835493113286793,0.10000000149011612
193.579,1.0,9.862525970116257,0.10000000149011612
193.627,1.0,9.862674443837669,0.10000000149011612
193.675,1.0,9.862629781953162,0.10000000149011612
193.725,1.0,9.752763117642866,0.10000000149011612
193.782,1.0,9.862725839722488,0.10000000149011612
193.824,1.0,9.890046110542285,0.10000000149011612
193.874,1.0,9.890195174059935,0.10448215156793594
193.925,1.0,9.780245306591192,0.10000000149011612
193.973,1.0,9.75281853073587,0.10000000149011612
194.026,1.0,9.862811469597121,0.10000000149011612
194.074,1.0,9.835214720004135,0.10000000149011612
194.124,1.0,9.72523257891751,0.10000000149011612
194.18,1.0,9.835188087075949,0.10000000149011612
194.224,1.0,9.862664873628981,0.10000000149011612
194.279,1.0,9.835161644427313,0.10000000149011612
194.319,1.0,9.890203276814686,0.10000000149011612
194.374,1.0,9.780176852809058,0.10000000149011612
194.425,1.0,9.835362862650719,0.10000000149011612
194.476,1.0,9.752886225324538,0.10000000149011612
194.529,1.0,9.808056225379309,0.10000000149011612
194.575,1.0,9.91759552769363,0.10000000149011612
194.624,1.0,9.780197724782758,0.10000000149011612
194.678,1.0,9.670303067958189,0.10000000149011612
194.736,1.0,9.917576854634616,0.10000000149011612
194.774,1.0,9.862760345761975,0.10000000149011612
194.824,1.0,9.807605589967634,0.10000000149011612
194.878,1.0,9.835335346352723,0.10000000149011612
194.935,1.0,9.835317854190038,0.10000000149011612
194.975,1.0,9.890096877142787,0.10000000149011612
195.026,1.0,9.72543306849483,0.10000000149011612
195.075,1.0,9.725127479475406,0.10000000149011612
195.125,1.0,9.86278821900487,0.10000000149011612
195.174,1.0,9.86271474276566,0.10000000149011612
195.226,1.0,9.945103148660726,0.11334995180368423
195.276,1.0,9.642887044097815,0.10000000149011612
195.332,1.0,9.807797309528622,0.10000000149011612
195.379,1.0,9.643039582524862,0.10000000149011612
195.429,1.0,9.642685999679896,0.10000000149011612
195.48,1.0,9.752752359542582,0.10000000149011612
195.529,1.0,9.835125074514913,0.10000000149011612
195.581,1.0,9.642853637950289,0.10000000149011612
195.631,1.0,9.752798667757048,0.10000000149011612
195.679,1.0,9.587997932545841,0.10000000149011612
195.729,1.0,9.890112848476404,0.10000000149011612
195.78,1.0,9.752531225586104,0.10000000149011612
195.83,1.0,9.862722919777864,0.10000000149011612
195.88,1.0,9.862720448296104,0.10000000149011612
195.93,1.0,9.83502598885033,0.10000000149011612
195.978,1.0,9.835576530463166,0.11629155278205872
196.035,1.0,9.75287024838229,0.10000000149011612
196.08,1.0,9.862655673776235,0.10000000149011612
196.134,1.0,9.780337744433847,0.10000000149011612
196.184,1.0,9.752995003594293,0.10000000149011612
196.23,1.0,9.807732604878645,0.10000000149011612
196.281,1.0,9.862568857231073,0.10000000149011612
196.332,1.0,9.94513630028814,0.10000000149011612
196.379,1.0,9.835364548323883,0.10000000149011612
196.431,1.0,9.835219062575035,0.10000000149011612
196.48,1.0,9.807881044844786,0.10000000149011612
196.536,1.0,9.86255628855692,0.10000000149011612
196.579,1.0,9.807677075184055,0.10000000149011612
196.631,1.0,9.807841560120384,0.10000000149011612
196.68,1.0,9.780245267434253,0.10000000149011612
196.733,1.0,9.862942176105248,0.10222646594047546
196.782,1.0,9.835321927919155,0.10000000149011612
196.833,1.0,9.697840813526676,0.10000000149011612
196.881,1.0,9.780618702123563,0.10000000149011612
196.931,1.0,9.890260614102914,0.10000000149011612
196.981,1.0,9.807726960981057,0.10000000149011612
197.042,1.0,9.807720120437443,0.10000000149011612
197.084,1.0,9.725242894639571,0.10000000149011612
197.143,1.0,9.86269106351667,0.10000000149011612
197.184,1.0,9.890053298676179,0.10000000149011612
197.237,1.0,9.86261534606003,0.10000000149011612
197.289,1.0,9.80780102275312,0.10000000149011612
197.336,1.0,9.7802855015008,0.10000000149011612
197.385,1.0,9.862592476088967,0.10000000149011612
197.433,1.0,9.725206885279881,0.10000000149011612
197.486,1.0,9.780200934824016,0.10000000149011612
197.536,1.0,9.835267389565706,0.10000000149011612
197.582,1.0,9.807656634723147,0.10000000149011612
197.64,1.0,9.807831888418232,0.10000000149011612
197.688,1.0,9.75296410717484,0.10000000149011612
197.741,1.0,9.890099501485626,0.10000000149011612
197.787,1.0,9.780238078037899,0.10000000149011612
197.84,1.0,9.807647886272106,0.10000000149011612
197.888,1.0,9.72560652082579,0.10000000149011612
197.937,1.0,9.890161277705596,0.10000000149011612
197.991,1.0,9.86250396354331,0.10000000149011612
198.037,1.0,9.642901611555782,0.10000000149011612
198.082,1.0,9.78022978067812,0.10000000149011612
198.139,1.0,9.835304805988239,0.10000000149011612
198.198,1.0,9.80767887354725,0.10000000149011612
198.248,1.0,9.80793561939564,0.10000000149011612
198.304,1.0,10.0,10.0
198.353,1.0,9.890120559082263,0.10000000149011612
198.398,1.0,9.807500000028975,0.10000000149011612
198.457,1.0,9.78034408994847,0.10000000149011612
198.501,1.0,9.780249667560888,0.10000000149011612
198.552,1.0,9.780097016257544,0.10000000149011612
198.602,1.0,9.890210481339858,0.10000000149011612
198.656,1.0,9.945145120326844,0.1067233458161354
198.708,1.0,9.835126615108715,0.10000000149011612
198.759,1.0,9.752845419570804,0.10000000149011612
198.806,1.0,9.86262297179136,0.10000000149011612
198.859,1.0,9.862515037900044,0.10000000149011612
198.91,1.0,9.697930070530209,0.10000000149011612
198.964,1.0,9.752790298623344,0.10000000149011612
199.009,1.0,9.890107080650827,0.10000000149011612
199.062,1.0,9.780373350034157,0.10000000149011612
199.111,1.0,9.752805607000159,0.10000000149011612
199.161,1.0,9.697885912346344,0.10000000149011612
199.212,1.0,9.862591894674633,0.10000000149011612
199.263,1.0,9.890185725751023,0.10000000149011612
199.318,1.0,9.89009601595915,0.10000000149011612
199.366,1.0,9.780384684933557,0.10000000149011612
199.417,1.0,9.780289763460557,0.10000000149011612
199.468,1.0,9.890070472140279,0.10000000149011612
199.518,1.0,9.807707860920992,0.10000000149011612
199.574,1.0,9.835124330160518,0.10000000149011612
199.619,1.0,9.780161809548735,0.10000000149011612
199.672,1.0,9.86255621212638,0.10000000149011612
199.719,1.0,9.807626843224797,0.10000000149011612
199.768,1.0,9.807915697577927,0.10000000149011612
199.821,1.0,9.807675545103848,0.10000000149011612
199.871,1.0,9.890206507738267,0.10000000149011612
199.921,1.0,9.698051023441884,0.10000000149011612
199.971,1.0,9.835177581384778,0.10000000149011612
200.019,1.0,9.807756080664694,0.10000000149011612
200.082,1.0,9.807902421305577,0.10000000149011612
200.126,1.0,9.807607044941848,0.10000000149011612
200.176,1.0,9.835144742474787,0.10000000149011612
200.229,1.0,9.752932206417123,0.10000000149011612
200.274,1.0,9.725510172380341,0.10000000149011612
200.324,1.0,9.72563030668017,0.10000000149011612
200.377,1.0,9.807645026615097,0.10000000149011612
200.433,1.0,9.752761026678813,0.10000000149011612
200.478,1.0,9.835415987587638,0.10000000149011612
200.528,1.0,9.807940895482897,0.10000000149011612
200.588,1.0,9.890167424289716,0.10000000149011612
200.631,1.0,9.86263419042031,0.10000000149011612
200.691,1.0,9.642993689680265,0.10000000149011612
200.732,1.0,9.807831507755651,0.10000000149011612
200.783,1.0,9.8076390232063,0.10000000149011612
200.832,1.0,9.83505855842183,0.10000000149011612
200.882,1.0,9.615528445711567,0.10000000149011612
200.933,1.0,9.78050168816828,0.10000000149011612
200.988,1.0,9.835259590753251,0.10000000149011612
201.035,1.0,9.807750714508195,0.10000000149011612
201.082,1.0,9.835148538897435,0.10000000149011612
201.128,1.0,9.807749318145216,0.10000000149011612
201.181,1.0,9.835236135042376,0.10000000149011612
201.235,1.0,9.780389206235608,0.10000000149011612
201.283,1.0,9.862785160334575,0.10000000149011612
201.335,1.0,9.862531348193686,0.10000000149011612
201.384,1.0,9.807571267833312,0.10000000149011612
201.435,1.0,9.862539661882652,0.10000000149011612
201.482,1.0,9.697893993163275,0.10000000149011612
201.538,1.0,9.752865223897,0.10000000149011612
201.583,1.0,9.69825486149639,0.10000000149011612
201.641,1.0,9.75290470485472,0.10000000149011612
201.689,1.0,9.697772333439854,0.10000000149011612
201.739,1.0,9.835209518050155,0.10000000149011612
201.796,1.0,9.890393751756184,0.1072339341044426
201.841,1.0,9.80772319369846,0.10000000149011612
201.889,1.0,9.753008865337405,0.10000000149011612
201.944,1.0,9.83504866645154,0.10000000149011612
201.994,1.0,9.780314903064735,0.10000000149011612
202.043,1.0,9.725196410653492,0.10000000149011612
202.102,1.0,9.890029875126977,0.10000000149011612
202.144,1.0,9.72548608864761,0.10000000149011612
202.195,1.0,9.725255231931806,0.10000000149011612
202.243,1.0,9.75270191176484,0.10000000149011612
202.288,1.0,9.780109321284625,0.10000000149011612
202.343,1.0,9.752769081460105,0.10000000149011612
202.394,1.0,9.83507558622708,0.10000000149011612
202.448,1.0,9.752835989391638,0.10000000149011612
202.498,1.0,9.86260127251347,0.10000000149011612
202.546,1.0,9.835223570755787,0.10000000149011612
202.597,1.0,9.725392252724204,0.10000000149011612
202.646,1.0,9.780130303319957,0.10000000149011612
202.697,1.0,9.8351801953175,0.10000000149011612
202.745,1.0,9.807988129597572,0.10000000149011612
202.796,1.0,9.83516422263864,0.10000000149011612
202.846,1.0,9.752798605027298,0.10000000149011612
202.898,1.0,9.862630050857033,0.10000000149011612
202.947,1.0,9.72521872298999,0.10000000149011612
203.0,1.0,9.725500106335515,0.10000000149011612
203.047,1.0,9.91767105453958,0.10000000149011612
203.099,1.0,9.780312422393925,0.10000000149011612
203.155,1.0,9.945000000008278,0.10000000149011612
203.196,1.0,9.862583296476966,0.10000000149011612
203.246,1.0,9.835186514299776,0.10000000149011612
203.308,1.0,9.807633723753193,0.10000000149011612
203.353,1.0,9.80796962895741,0.10000000149011612
203.399,1.0,9.890315565528969,0.10000000149011612
203.456,1.0,9.862601753696799,0.10000000149011612
203.503,1.0,9.780277323619359,0.10000000149011612
203.553,1.0,9.725287685129377,0.10000000149011612
203.603,1.0,9.80764415976074,0.10000000149011612
203.651,1.0,9.862707324822743,0.10000000149011612
203.704,1.0,9.75271706968132,0.10000000149011612
203.755,1.0,9.862675914975505,0.10000000149011612
203.803,1.0,9.89021485896988,0.10000000149011612
203.856,1.0,9.78020536152439,0.10000000149011612
203.9,1.0,9.780397898289893,0.10000000149011612
203.955,1.0,9.945104588381946,0.10000000149011612
204.003,1.0,9.753079692833126,0.10000000149011612
204.053,1.0,9.670132567236822,0.10000000149011612
204.101,1.0,9.72537400610745,0.10000000149011612
204.158,1.0,9.780296050984827,0.10000000149011612
204.2,1.0,9.807682446825007,0.10000000149011612
204.256,1.0,9.752788787645597,0.10000000149011612
204.304,1.0,9.808021462853585,0.10000000149011612
204.353,1.0,9.890070910565555,0.10000000149011612
204.405,1.0,9.807772147593399,0.10000000149011612
204.455,1.0,9.862744991626176,0.10000000149011612
204.5,1.0,9.807634782087472,0.10000000149011612
204.553,1.0,9.807745768709315,0.10000000149011612
204.604,1.0,9.670506016434066,0.10000000149011612
204.658,1.0,9.835318527412083,0.10000000149011612
204.705,1.0,9.890162667300967,0.10000000149011612
204.752,1.0,9.807679791106946,0.10000000149011612
204.803,1.0,9.862909502246314,0.10000000149011612
204.858,1.0,9.862586809860336,0.10000000149011612
204.903,1.0,9.752670852198369,0.10000000149011612
204.954,1.0,9.780323287244473,0.10000000149011612
205.003,1.0,9.7803784451137,0.10000000149011612
205.053,1.0,9.807729023736384,0.10000000149011612
205.104,1.0,9.835169061231944,0.10000000149011612
205.15,1.0,9.80780538421952,0.10000000149011612
205.209,1.0,9.697720414131052,0.10000000149011612
205.262,1.0,9.80789319270601,0.10000000149011612
205.309,1.0,9.72550885633876,0.10000000149011612
205.359,1.0,9.835258504810433,0.10000000149011612
205.409,1.0,9.780360248457226,0.10000000149011612
205.459,1.0,9.752959184865984,0.10000000149011612
205.508,1.0,9.83523469577647,0.10000000149011612
205.558,1.0,9.862609809968207,0.10000000149011612
205.608,1.0,9.780182188997665,0.10000000149011612
205.667,1.0,9.807570227732262,0.10000000149011612
205.709,1.0,9.69803849771205,0.10000000149011612
205.76,1.0,9.80776414492478,0.10000000149011612
205.815,1.0,9.86268625172476,0.10000000149011612
205.86,1.0,9.862829963904288,0.10000000149011612
205.91,1.0,9.917560189403593,0.10000000149011612
205.962,1.0,9.780000000033114,0.10000000149011612
206.018,1.0,9.835274313866265,0.10000000149011612
206.059,1.0,9.753188957915539,0.10000000149011612
206.111,1.0,9.890187476947904,0.10000000149011612
206.163,1.0,9.780247471046945,0.10000000149011612
206.211,1.0,9.835074432421889,0.10000000149011612
206.264,1.0,9.725227357840373,0.10000000149011612
206.317,1.0,9.890277548196416,0.10000000149011612
206.366,1.0,9.917624546649556,0.10000000149011612
206.415,1.0,9.72533084799846,0.10000000149011612
206.463,1.0,9.698071974991924,0.10000000149011612
206.519,1.0,9.780410108777383,0.10000000149011612
206.565,1.0,9.972508349041972,0.10300565510988235
206.617,1.0,9.615186291974451,0.10000000149011612
206.669,1.0,9.917732935191857,0.10739855468273163
206.715,1.0,9.835122714874645,0.10000000149011612
206.769,1.0,9.890016567003396,0.10000000149011612
206.816,1.0,9.917549049543839,0.10000000149011612
206.865,1.0,9.835337032087976,0.10000000149011612
206.914,1.0,9.78019025851455,0.10000000149011612
206.966,1.0,9.862563876104023,0.10000000149011612
207.013,1.0,9.972500000004139,0.10000000149011612
207.064,1.0,9.917606320314936,0.10000000149011612
207.116,1.0,9.862701518895726,0.10000000149011612
207.164,1.0,9.780301434877845,0.10000000149011612
207.217,1.0,9.862677799392905,0.10000000149011612
207.27,1.0,9.835211598521305,0.10000000149011612
207.315,1.0,9.890000000016556,0.10000000149011612
207.369,1.0,9.807721960234145,0.10000000149011612
207.416,1.0,9.862598672385017,0.10000000149011612
207.466,1.0,9.89010119881067,0.10000000149011612
207.519,1.0,9.752976987842057,0.10000000149011612
207.568,1.0,9.75275078256511,0.10000000149011612
207.615,1.0,9.752743571065366,0.10000000149011612
207.665,1.0,9.862812985873056,0.10000000149011612
207.717,1.0,9.75289182037943,0.10000000149011612
207.768,1.0,9.780250710931917,0.10000000149011612
207.823,1.0,9.670466451450354,0.10000000149011612
207.867,1.0,9.862648286939494,0.10000000149011612
207.924,1.0,9.86260240636766,0.10000000149011612
207.966,1.0,9.64281236750798,0.10000000149011612
208.02,1.0,9.890254124916263,0.10000000149011612
208.071,1.0,9.780400000119375,0.10000000149011612
208.124,1.0,9.808035205863415,0.10000000149011612
208.171,1.0,9.725411070345176,0.10000000149011612
208.22,1.0,9.862635622504685,0.10000000149011612
208.271,1.0,9.752843882971339,0.10000000149011612
208.325,1.0,9.91762279731532,0.10120729357004166
208.375,1.0,9.7530995833584,0.10000000149011612
208.428,1.0,9.917637942234675,0.10408354550600052
208.473,1.0,9.80781989035507,0.10000000149011612
208.522,1.0,9.780131110528277,0.10000000149011612
208.571,1.0,9.78024336234149,0.10000000149011612
208.629,1.0,9.835236599379115,0.10000000149011612
208.671,1.0,9.917763834301796,0.10000000149011612
208.724,1.0,9.917815569332904,0.13541942834854126
208.771,1.0,9.835202813065715,0.10000000149011612
208.822,1.0,9.807621289292971,0.10000000149011612
208.871,1.0,9.89018736810734,0.10000000149011612
208.923,1.0,9.807879895178807,0.10000000149011612
208.972,1.0,9.752741403111981,0.10000000149011612
209.025,1.0,9.725424826269348,0.10000000149011612
209.076,1.0,9.780337829370465,0.10000000149011612
209.122,1.0,9.698208748011126,0.10000000149011612
209.174,1.0,9.697659303827418,0.10000000149011612
209.227,1.0,9.780278207796316,0.10000000149011612
209.274,1.0,9.835086092414956,0.10000000149011612
209.328,1.0,9.807973803352152,0.10000000149011612
209.373,1.0,9.780410074649586,0.10000000149011612
209.431,1.0,9.780160830480357,0.10000000149011612
209.477,1.0,9.945054129966431,0.10000000149011612
209.532,1.0,9.69785815671914,0.10000000149011612
209.589,1.0,9.807832604460419,0.10000000149011612
209.63,1.0,9.917731631236771,0.10000000149011612
209.679,1.0,9.835005036162006,0.10000000149011612
209.729,1.0,9.780296717294389,0.10000000149011612
209.778,1.0,9.807823216770258,0.10000000149011612
209.829,1.0,9.807630905467603,0.10000000149011612
209.884,1.0,9.807865990429288,0.10000000149011612
209.929,1.0,9.78018102482375,0.10000000149011612
209.978,1.0,9.725381584051583,0.10000000149011612
210.03,1.0,9.835162572293646,0.10000000149011612
210.084,1.0,9.890222621460756,0.10000000149011612
210.134,1.0,9.917715365708702,0.10556519776582718
210.181,1.0,9.835285430794789,0.10000000149011612
210.232,1.0,9.697637920723194,0.10000000149011612
210.287,1.0,9.725450939022833,0.10000000149011612
210.332,1.0,9.83535744011816,0.10000000149011612
210.383,1.0,9.752836011681293,0.10000000149011612
210.433,1.0,9.890207175496553,0.10000000149011612
210.484,1.0,9.835106878500017,0.10000000149011612
210.534,1.0,9.807637972260515,0.10000000149011612
210.584,1.0,9.835244216604366,0.10000000149011612
210.634,1.0,9.780336178156237,0.10000000149011612
210.684,1.0,9.890149047060145,0.10000000149011612
210.734,1.0,9.862812828024229,0.10000000149011612
210.783,1.0,9.807576952998836,0.10000000149011612
210.836,1.0,9.83530507956942,0.10000000149011612
210.885,1.0,9.835297608727382,0.10000000149011612
210.932,1.0,9.725375460171037,0.10000000149011612
210.988,1.0,9.752653602903916,0.10000000149011612
211.032,1.0,9.94512644275609,0.10000000149011612
211.093,1.0,9.78012920897454,0.10000000149011612
211.136,1.0,9.835134443247483,0.10000000149011612
211.184,1.0,9.807688984254169,0.10000000149011612
211.237,1.0,9.697920442248384,0.10000000149011612
211.29,1.0,9.780185563158657,0.10000000149011612
211.337,1.0,9.835237891371879,0.10000000149011612
211.387,1.0,9.835171424638894,0.10000000149011612
211.444,1.0,9.780141538754105,0.10000000149011612
211.496,1.0,9.89016629403664,0.10000000149011612
211.544,1.0,9.670250953071648,0.10000000149011612
211.59,1.0,9.725544615276158,0.10000000149011612
211.647,1.0,9.835287244224714,0.10000000149011612
211.692,1.0,9.807864054582184,0.10000000149011612
211.743,1.0,9.835370962921944,0.10000000149011612
211.793,1.0,9.780541274758678,0.10000000149011612
211.845,1.0,9.807710557037758,0.10000000149011612
211.892,1.0,9.807631111993558,0.10000000149011612
211.942,1.0,9.835058278093735,0.10000000149011612
211.993,1.0,9.862688295522497,0.10000000149011612
212.043,1.0,9.780252107667426,0.10000000149011612
212.098,1.0,9.725244292202923,0.10000000149011612
212.142,1.0,9.80774785172608,0.10000000149011612
212.196,1.0,9.780340038343436,0.10000000149011612
212.256,1.0,9.862729438642662,0.10000000149011612
212.296,1.0,9.780308970001837,0.10000000149011612
212.346,1.0,9.835268897045818,0.10000000149011612
212.396,1.0,9.670400503940053,0.10000000149011612
212.447,1.0,9.780311736236843,0.10000000149011612
212.498,1.0,9.780180067796675,0.10000000149011612
212.549,1.0,9.67024663966149,0.10000000149011612
212.601,1.0,9.890097296879523,0.10000000149011612
212.652,1.0,9.807655750939416,0.10000000149011612
212.698,1.0,9.807829996653728,0.10000000149011612
212.746,1.0,9.890006231268247,0.10000000149011612
212.798,1.0,9.91761406465537,0.10000000149011612
212.847,1.0,9.780106871657901,0.10000000149011612
212.899,1.0,9.890000000016556,0.10000000149011612
212.945,1.0,9.835193308856752,0.10000000149011612
212.997,1.0,9.698214755952359,0.10000000149011612
213.054,1.0,9.807832402984301,0.10000000149011612
213.097,1.0,9.780256926951308,0.10000000149011612
213.147,1.0,9.75279382198221,0.10000000149011612
213.198,1.0,9.862644896387225,0.10000000149011612
213.246,1.0,9.752716015258597,0.10000000149011612
213.305,1.0,9.862544738170174,0.10000000149011612
213.347,1.0,9.725313373054895,0.10000000149011612
213.398,1.0,9.752991479987072,0.10000000149011612
213.447,1.0,9.80760984443542,0.10000000149011612
213.499,1.0,9.670586346793506,0.10000000149011612
213.546,1.0,9.807786273832123,0.10000000149011612
213.603,1.0,9.780310798871021,0.10000000149011612
213.646,1.0,9.725697918401824,0.10000000149011612
213.707,1.0,9.698115236394935,0.10000000149011612
213.752,1.0,9.780217487737536,0.10000000149011612
213.804,1.0,9.835126625725792,0.10000000149011612
213.857,1.0,9.835371843311522,0.10000000149011612
213.9,1.0,9.91770097805808,0.10701888054609299
213.951,1.0,9.75269692045533,0.10000000149011612
214.003,1.0,9.670650992666681,0.10000000149011612
214.051,1.0,9.780251653244099,0.10000000149011612
214.107,1.0,9.725583181261188,0.10000000149011612
214.157,1.0,9.698135420680046,0.10000000149011612
214.207,1.0,9.670420128769345,0.10000000149011612
214.256,1.0,9.8626310284146,0.10000000149011612
214.31,1.0,9.807784842182365,0.10000000149011612
214.359,1.0,9.890197622817423,0.10000000149011612
214.41,1.0,9.752656162737145,0.10000000149011612
214.459,1.0,9.780477702617645,0.10000000149011612
214.509,1.0,9.8351485485211,0.10000000149011612
214.567,1.0,9.697780566000276,0.10000000149011612
214.609,1.0,9.780428876313898,0.10000000149011612
214.659,1.0,9.807842803932726,0.10000000149011612
214.71,1.0,9.807724073301587,0.10000000149011612
214.761,1.0,9.89029530769007,0.10000000149011612
214.815,1.0,9.835343054806193,0.10000000149011612
214.86,1.0,9.807729085762467,0.10000000149011612
214.91,1.0,9.807690966439743,0.10000000149011612
214.962,1.0,9.917500000012417,0.10000000149011612
215.012,1.0,9.83507410765936,0.10000000149011612
215.061,1.0,9.752895755010346,0.10000000149011612
215.116,1.0,9.78062407374382,0.10696882754564285
215.161,1.0,9.752955846488476,0.10000000149011612
215.21,1.0,9.643074369368454,0.10000000149011612
215.268,1.0,9.890209844708442,0.10000000149011612
215.313,1.0,9.890028250196742,0.10000000149011612
215.363,1.0,9.752673242841329,0.10000000149011612
215.416,1.0,9.94506623585605,0.10000000149011612
215.463,1.0,9.505595802743402,0.10000000149011612
215.515,1.0,9.862500000020695,0.10000000149011612
215.564,1.0,9.7804645858912,0.10000000149011612
215.616,1.0,9.835014348228773,0.10000000149011612
215.666,1.0,9.752858152012859,0.10000000149011612
215.72,1.0,9.8353649177692,0.10000000149011612
215.765,1.0,9.780261697454584,0.10000000149011612
215.814,1.0,9.835320106604033,0.10000000149011612
215.869,1.0,9.725235250509447,0.10000000149011612
215.926,1.0,9.807942551498611,0.10000000149011612
215.965,1.0,9.890056719920702,0.10000000149011612
216.022,1.0,9.725228377535112,0.10000000149011612
216.068,1.0,9.780281193368136,0.10000000149011612
216.113,1.0,9.862753972307676,0.10000000149011612
216.168,1.0,9.890089544840157,0.10000000149011612
216.217,1.0,9.752751296220554,0.10000000149011612
216.267,1.0,9.752828376367688,0.10000000149011612
216.319,1.0,9.752709144995444,0.10000000149011612
216.379,1.0,9.78009359654453,0.10000000149011612
216.421,1.0,9.835205142841572,0.10000000149011612
216.467,1.0,9.697961432900694,0.10000000149011612
216.517,1.0,9.588014924567606,0.10000000149011612
216.568,1.0,9.780319087807502,0.10000000149011612
216.617,1.0,9.835088171168334,0.10000000149011612
216.666,1.0,9.917675988458925,0.11305467784404755
216.718,1.0,9.78013131417748,0.10000000149011612
216.773,1.0,9.890093981226284,0.10518242418766022
216.816,1.0,9.917500000012417,0.10000000149011612
216.871,1.0,9.670329365423983,0.10000000149011612
216.919,1.0,9.91765061126401,0.10000000149011612
216.97,1.0,9.917515116516087,0.10000000149011612
217.02,1.0,9.862644091828003,0.10000000149011612
217.07,1.0,9.670691204712623,0.10000000149011612
217.12,1.0,9.780451053049829,0.10000000149011612
217.171,1.0,9.725294045172632,0.10000000149011612
217.219,1.0,9.78043204550114,0.10000000149011612
217.27,1.0,9.835119067794746,0.10000000149011612
217.325,1.0,9.725135620290207,0.10000000149011612
217.37,1.0,9.80789274384992,0.10000000149011612
217.426,1.0,9.89037159971065,0.12290044128894806
217.478,1.0,9.780148421103755,0.10000000149011612
217.526,1.0,9.780494850584203,0.10000000149011612
217.571,1.0,9.835175937496954,0.10000000149011612
217.621,1.0,9.78023484841817,0.10000000149011612
217.677,1.0,9.835357268071837,0.10000000149011612
217.723,1.0,9.807516259782844,0.10000000149011612
217.773,1.0,9.835449114007254,0.10000000149011612
217.821,1.0,9.807602534608709,0.10000000149011612
217.875,1.0,9.807890837660267,0.10000000149011612
217.921,1.0,9.78039592185782,0.10000000149011612
217.971,1.0,9.780166610847745,0.10000000149011612
218.028,1.0,9.862767108240062,0.10000000149011612
218.07,1.0,9.890099273642733,0.10000000149011612
218.12,1.0,9.69789395932522,0.10000000149011612
218.173,1.0,9.890139602993925,0.10000000149011612
218.222,1.0,9.835180471258031,0.10000000149011612
218.273,1.0,9.917559974371558,0.10000000149011612
218.316,1.0,9.890172872071465,0.10000000149011612
218.373,1.0,9.725312114858793,0.10000000149011612
218.422,1.0,9.752714403491053,0.10000000149011612
218.471,1.0,9.807878312985931,0.10000000149011612
218.521,1.0,9.75312218779905,0.10000000149011612
218.574,1.0,9.835045038618976,0.10000000149011612
218.621,1.0,9.807830686929325,0.10000000149011612
218.68,1.0,9.725287817480664,0.10000000149011612
218.722,1.0,9.807735260182785,0.10000000149011612
218.774,1.0,9.835134485964145,0.10000000149011612
218.825,1.0,9.670290421922173,0.10000000149011612
218.874,1.0,9.917500000012417,0.10000000149011612
218.931,1.0,9.80759768281132,0.10000000149011612
218.976,1.0,9.69783533066511,0.10000000149011612
219.026,1.0,9.917500000012417,0.10000000149011612
219.076,1.0,9.725330767138965,0.10000000149011612
219.127,1.0,9.807754379510879,0.10000000149011612
219.183,1.0,9.698112664061288,0.10000000149011612
219.231,1.0,9.862621398021778,0.10000000149011612
219.277,1.0,9.698217842603723,0.10000000149011612
219.326,1.0,9.862908794710206,0.10000000149011612
219.379,1.0,9.862743583259483,0.10000000149011612
219.425,1.0,9.862673472509616,0.10000000149011612
219.481,1.0,9.780347267186476,0.10000000149011612
219.527,1.0,9.752900267247524,0.10000000149011612
219.577,1.0,9.917710909619927,0.10821415483951569
219.626,1.0,9.725482087437477,0.10000000149011612
219.678,1.0,9.725226590471964,0.10000000149011612
219.732,1.0,9.752803155676359,0.10000000149011612
219.777,1.0,9.890194916538894,0.10000000149011612
219.829,1.0,9.807614966647492,0.10000000149011612
219.883,1.0,9.780314227855868,0.10000000149011612
219.93,1.0,9.835267451239957,0.10000000149011612
219.984,1.0,9.807822191901504,0.10000000149011612
220.03,1.0,9.890138184341291,0.10000000149011612
220.08,1.0,9.807781909737322,0.10000000149011612
220.133,1.0,9.862620586570767,0.10000000149011612
220.185,1.0,9.8080055133957,0.10000000149011612
220.231,1.0,9.752853290736676,0.10000000149011612
220.279,1.0,9.917587959104115,0.10000000149011612
220.331,1.0,9.890106595949167,0.10000000149011612
220.38,1.0,9.752851379455791,0.10000000149011612
220.435,1.0,9.835213566447297,0.10000000149011612
220.48,1.0,9.807829583663906,0.10000000149011612
220.533,1.0,9.890258668238918,0.10000000149011612
220.58,1.0,9.752897900446422,0.10000000149011612
220.631,1.0,9.807824094158908,0.10000000149011612
220.681,1.0,9.835257778523697,0.10000000149011612
220.736,1.0,9.780169619764719,0.10000000149011612
220.782,1.0,9.890020382797552,0.10000000149011612
220.832,1.0,9.780081791761848,0.10000000149011612
220.883,1.0,9.752857228968706,0.10000000149011612
220.933,1.0,9.945067094928689,0.10000000149011612
220.981,1.0,9.642833833831052,0.10000000149011612
221.034,1.0,9.752764820493757,0.10000000149011612
221.081,1.0,9.80776692558494,0.10000000149011612
221.131,1.0,9.835140002539589,0.10000000149011612
221.181,1.0,9.780526953438917,0.10000000149011612
221.233,1.0,9.807802749777006,0.10000000149011612
221.282,1.0,9.862666804384855,0.10000000149011612
221.33,1.0,9.780442634514637,0.10000000149011612
221.384,1.0,9.697862528533571,0.10000000149011612
221.428,1.0,9.807778146759503,0.10000000149011612
221.481,1.0,9.862670893946456,0.10000000149011612
221.531,1.0,9.890000401727027,0.10000000149011612
221.591,1.0,9.807681664969358,0.10000000149011612
221.631,1.0,9.780247936811712,0.10000000149011612
221.688,1.0,9.725251293906735,0.10000000149011612
221.731,1.0,9.835351018442047,0.10000000149011612
221.785,1.0,9.753065962158143,0.10000000149011612
221.835,1.0,9.752780219043295,0.10000000149011612
221.881,1.0,9.80767598381887,0.10000000149011612
221.932,1.0,9.752761597351896,0.10000000149011612
221.982,1.0,9.862832135789924,0.10000000149011612
222.031,1.0,9.56062868717644,0.10000000149011612
222.08,1.0,9.780425728133155,0.10000000149011612
222.143,1.0,9.753036018543773,0.10000000149011612
222.181,1.0,9.945118130743504,0.11031477153301239
222.234,1.0,9.835214883461594,0.10000000149011612
222.281,1.0,9.835240650052826,0.10000000149011612
222.33,1.0,9.807728164436089,0.10000000149011612
222.383,1.0,9.752991702324815,0.10000000149011612
222.44,1.0,9.670523434028857,0.10000000149011612
222.481,1.0,9.807899109543198,0.10000000149011612
222.53,1.0,9.807651851988501,0.10000000149011612
222.588,1.0,9.725155619552567,0.10000000149011612
222.629,1.0,9.75268279173308,0.10000000149011612
222.682,1.0,9.75287641328242,0.10000000149011612
222.733,1.0,9.670505138424536,0.10000000149011612
222.78,1.0,9.725345321806769,0.10000000149011612
222.829,1.0,9.642986441238058,0.10000000149011612
222.883,1.0,9.670732982332508,0.10000000149011612
222.934,1.0,9.780175261572003,0.10000000149011612
222.992,1.0,9.862660936369664,0.10000000149011612
223.032,1.0,9.890134900663462,0.10000000149011612
223.088,1.0,9.890129614435136,0.10000000149011612
223.135,1.0,9.807968547484942,0.10000000149011612
223.182,1.0,9.917698668336703,0.11298862844705582
223.239,1.0,9.697771787684825,0.10000000149011612
223.282,1.0,9.890216898028221,0.10000000149011612
223.331,1.0,9.725198295008806,0.10000000149011612
223.381,1.0,9.890168373017675,0.10000000149011612
223.434,1.0,9.780543180410232,0.10000000149011612
223.481,1.0,9.835363888347315,0.10000000149011612
223.532,1.0,9.862725032659041,0.10000000149011612
223.583,1.0,9.80761471670121,0.10000000149011612
223.634,1.0,9.752746299612854,0.10000000149011612
223.685,1.0,9.807716209068895,0.10000000149011612
223.735,1.0,9.862729064313074,0.10000000149011612
223.785,1.0,9.78038863144401,0.10000000149011612
223.838,1.0,9.917530839724673,0.10000000149011612
223.882,1.0,9.780238770610756,0.10000000149011612
223.937,1.0,9.780231228243146,0.10000000149011612
223.984,1.0,9.835236185313098,0.10000000149011612
224.034,1.0,9.670197274949816,0.10000000149011612
224.083,1.0,9.752649523172941,0.10000000149011612
224.134,1.0,9.862728998334044,0.10000000149011612
224.184,1.0,9.752643082104623,0.10000000149011612
224.243,1.0,9.72516218436261,0.10000000149011612
224.283,1.0,9.725265968384015,0.10000000149011612
224.335,1.0,9.643150226585567,0.10000000149011612
224.4,1.0,9.670495547850926,0.10000000149011612
224.438,1.0,9.725326095480058,0.10000000149011612
224.494,1.0,9.835170975575844,0.10000000149011612
224.538,1.0,9.862705011686517,0.10000000149011612
224.596,1.0,9.835222099328206,0.10000000149011612
224.644,1.0,9.807732247623305,0.10000000149011612
224.694,1.0,9.642896858023272,0.10000000149011612
224.746,1.0,9.780297210833265,0.10000000149011612
224.803,1.0,9.890224814332194,0.10000000149011612
224.849,1.0,9.725460022708608,0.10000000149011612
224.893,1.0,9.780396041191286,0.10000000149011612
224.937,1.0,9.945028143458897,0.10000000149011612
224.994,1.0,9.862614307738841,0.10000000149011612
225.051,1.0,9.8352045873387,0.10000000149011612
225.094,1.0,9.862905317648417,0.10000000149011612
225.144,1.0,9.890108040927185,0.10000000149011612
225.202,1.0,9.780093142638604,0.10000000149011612
225.243,1.0,9.862707793898881,0.10000000149011612
225.299,1.0,9.780125281380283,0.10000000149011612
225.355,1.0,9.835300802460146,0.10000000149011612
225.395,1.0,9.75261154425227,0.10000000149011612
225.448,1.0,9.615648126498693,0.10000000149011612
225.499,1.0,9.835000000024836,0.10000000149011612
225.546,1.0,9.862565746365322,0.10000000149011612
225.596,1.0,9.725351523959802,0.10000000149011612
225.651,1.0,9.807776109170582,0.10000000149011612
225.698,1.0,9.698090667029222,0.10000000149011612
225.759,1.0,9.835169800702069,0.10000000149011612
225.806,1.0,9.807623987086117,0.10000000149011612
225.853,1.0,9.807567177630133,0.10000000149011612
225.906,1.0,9.835161260867284,0.10000000149011612
225.955,1.0,9.752737083389528,0.10000000149011612
226.009,1.0,9.725429429921011,0.10000000149011612
226.062,1.0,9.835242957332069,0.10000000149011612
226.105,1.0,9.780265325100885,0.10000000149011612
226.156,1.0,9.835293282940984,0.10000000149011612
226.199,1.0,9.835000504429141,0.10000000149011612
226.255,1.0,9.642827808505132,0.10000000149011612
226.305,1.0,9.835150531886352,0.10000000149011612
226.356,1.0,9.78019811378585,0.10000000149011612
226.407,1.0,9.917637881802188,0.1082313284277916
226.458,1.0,9.698101455014612,0.10000000149011612
226.511,1.0,9.86276638644437,0.10000000149011612
226.558,1.0,9.835114614893165,0.10000000149011612
226.608,1.0,9.780091367103159,0.10000000149011612
226.658,1.0,9.917562700104382,0.10000000149011612
226.71,1.0,9.807515244806806,0.10000000149011612
226.757,1.0,9.697765323685275,0.10000000149011612
226.809,1.0,9.697811617929903,0.10000000149011612
226.861,1.0,9.72513198275119,0.10000000149011612
226.91,1.0,9.6978278239982,0.10000000149011612
226.958,1.0,9.807655792269442,0.10000000149011612
227.014,1.0,9.725177646945749,0.10000000149011612
227.059,1.0,9.78028469197452,0.10000000149011612
227.108,1.0,9.697732458222244,0.10000000149011612
227.17,1.0,9.78030146246569,0.10000000149011612
227.209,1.0,9.890022141051789,0.10000000149011612
227.263,1.0,9.862739157531824,0.10000000149011612
227.307,1.0,9.80788620379236,0.10000000149011612
227.373,1.0,9.83512832497557,0.10000000149011612
227.41,1.0,9.862824927953382,0.10000000149011612
227.461,1.0,9.80785071272403,0.10000000149011612
227.511,1.0,9.835246784819496,0.10000000149011612
227.574,1.0,9.780243561748001,0.10000000149011612
227.614,1.0,9.72507010621743,0.10000000149011612
227.671,1.0,9.7528568447671,0.10000000149011612
227.715,1.0,9.862792053818703,0.10464603453874588
227.765,1.0,9.697851117017368,0.10000000149011612
227.813,1.0,9.835127388872206,0.10000000149011612
227.871,1.0,9.807514510303736,0.10000000149011612
227.917,1.0,9.83506958530181,0.10000000149011612
227.964,1.0,9.807740403339267,0.10000000149011612
228.016,1.0,9.725285983478857,0.10000000149011612
228.063,1.0,9.780298888041742,0.10000000149011612
228.125,1.0,9.807789243612852,0.10000000149011612
228.166,1.0,9.7252604863089,0.10000000149011612
228.226,1.0,9.835046253932846,0.10000000149011612
228.27,1.0,9.752865299768747,0.10000000149011612
228.335,1.0,9.862637657527294,0.10000000149011612
228.373,1.0,9.807762118987739,0.10000000149011612
228.433,1.0,9.725290598244303,0.10000000149011612
228.482,1.0,9.890246090375715,0.10000000149011612
228.529,1.0,9.91768446781983,0.10000000149011612
228.579,1.0,9.725155460068748,0.10000000149011612
228.628,1.0,9.725137743229668,0.10000000149011612
228.68,1.0,9.890120994113385,0.10000000149011612
228.739,1.0,9.807821941396428,0.10000000149011612
228.783,1.0,9.752998471053111,0.10000000149011612
228.84,1.0,9.835160945397284,0.10000000149011612
228.885,1.0,9.75263792063213,0.10000000149011612
228.937,1.0,9.835271555040446,0.10000000149011612
228.988,1.0,9.780346921996937,0.10000000149011612
229.035,1.0,9.807991947171589,0.10000000149011612
229.09,1.0,9.80775355009569,0.10000000149011612
229.134,1.0,9.862561563878424,0.10000000149011612
229.185,1.0,9.862664759842058,0.10000000149011612
229.24,1.0,9.86269947571887,0.10000000149011612
229.286,1.0,9.75286073235588,0.10000000149011612
229.335,1.0,9.945052913990285,0.10000000149011612
229.39,1.0,9.752742018798987,0.10000000149011612
229.442,1.0,9.862707553617657,0.10000000149011612
229.49,1.0,9.807600793863337,0.10000000149011612
229.543,1.0,9.86266629933897,0.10000000149011612
229.595,1.0,9.835225039141045,0.10000000149011612
229.643,1.0,9.835024314829045,0.10000000149011612
229.696,1.0,9.725304952036176,0.10000000149011612
229.746,1.0,9.752954137925473,0.10000000149011612
229.81,1.0,9.862500000020695,0.10000000149011612
229.852,1.0,9.890230030028356,0.10000000149011612
229.906,1.0,9.807789857147469,0.10000000149011612
229.951,1.0,9.80768544808444,0.10000000149011612
230.001,1.0,9.91765852705058,0.10000000149011612
230.052,1.0,9.807829558062885,0.10000000149011612
230.112,1.0,9.725199085246357,0.10000000149011612
230.168,1.0,9.780322801797753,0.10000000149011612
230.213,1.0,9.807569776744478,0.10000000149011612
230.262,1.0,9.917500000012417,0.10000000149011612
230.316,1.0,9.835177655311094,0.10000000149011612
230.364,1.0,9.615691020567384,0.10000000149011612
230.414,1.0,9.780282246135176,0.10000000149011612
230.477,1.0,9.86257953569293,0.10000000149011612
230.514,1.0,9.862665748368535,0.10000000149011612
230.568,1.0,9.752687543402944,0.10000000149011612
230.617,1.0,9.835044477528168,0.10000000149011612
230.679,1.0,9.835323330408169,0.10000000149011612
230.722,1.0,9.862664797529579,0.10000000149011612
230.773,1.0,9.835348975141015,0.10162319242954254
230.822,1.0,9.807623414115774,0.10000000149011612
230.872,1.0,9.670401433834598,0.10000000149011612
230.923,1.0,9.807775098188884,0.10082028061151505
230.981,1.0,9.807835149971975,0.10000000149011612
231.023,1.0,9.835228681688507,0.10000000149011612
231.081,1.0,9.725250124682983,0.10000000149011612
231.124,1.0,9.67079510966109,0.10000000149011612
231.17,1.0,9.752864972895217,0.10000000149011612
231.222,1.0,9.89005254726443,0.10000000149011612
231.276,1.0,9.780258460777501,0.10000000149011612
231.324,1.0,9.697875733963317,0.10000000149011612
231.377,1.0,9.807778337039053,0.10000000149011612
231.425,1.0,9.725605284464027,0.10000000149011612
231.476,1.0,9.835175687943895,0.10000000149011612
231.53,1.0,9.862661436324318,0.10000000149011612
231.578,1.0,9.780232746402422,0.10000000149011612
231.632,1.0,9.780142467531066,0.10000000149011612
231.679,1.0,9.835311448118754,0.10000000149011612
231.727,1.0,9.862703262642025,0.10000000149011612
231.782,1.0,9.835126108427842,0.10000000149011612
231.827,1.0,9.698024570672876,0.10000000149011612
231.876,1.0,9.807710657310155,0.10000000149011612
231.935,1.0,9.560423968732357,0.10000000149011612
231.98,1.0,9.917638252261613,0.10000000149011612
232.033,1.0,9.752852715158628,0.10000000149011612
232.085,1.0,9.917613393730587,0.10000000149011612
232.131,1.0,9.807941629592744,0.10000000149011612
232.184,1.0,9.67049651770956,0.10000000149011612
232.236,1.0,9.807694747236868,0.10000000149011612
232.283,1.0,9.890223940937883,0.10000000149011612
232.336,1.0,9.807947694758575,0.10000000149011612
232.388,1.0,9.75276022437546,0.10000000149011612
232.439,1.0,9.835190729962456,0.10000000149011612
232.487,1.0,9.725506368755466,0.10000000149011612
232.536,1.0,9.807952934876084,0.10000000149011612
232.585,1.0,9.83516303193238,0.10000000149011612
232.636,1.0,9.917500000012417,0.10000000149011612
232.697,1.0,9.807703462967442,0.10000000149011612
232.74,1.0,9.67033550642017,0.10000000149011612
232.786,1.0,9.862573595138059,0.10000000149011612
232.837,1.0,9.862665563697616,0.10000000149011612
232.89,1.0,9.862730763273106,0.10000000149011612
232.936,1.0,9.80774257350713,0.10000000149011612
232.986,1.0,9.725335309199162,0.10000000149011612
233.035,1.0,9.780155298796792,0.10000000149011612
233.089,1.0,9.7805422961091,0.10000000149011612
233.135,1.0,9.945000000008278,0.10000000149011612
233.186,1.0,9.807807458916471,0.10000000149011612
233.231,1.0,9.835000000024836,0.10000000149011612
233.286,1.0,9.917531208590502,0.10000000149011612
233.341,1.0,9.835259968456295,0.10000000149011612
233.387,1.0,9.752830766576032,0.10000000149011612
233.439,1.0,9.83506373293284,0.10000000149011612
233.49,1.0,9.752886585498022,0.10000000149011612
233.538,1.0,9.862769532203675,0.10000000149011612
233.585,1.0,9.80790365063068,0.10000000149011612
233.642,1.0,9.862659109031988,0.10000000149011612
233.687,1.0,9.69779904232257,0.10000000149011612
233.739,1.0,9.807730874729653,0.10000000149011612
233.793,1.0,9.807648701903721,0.10000000149011612
233.839,1.0,9.862603928893805,0.10016380250453949
233.89,1.0,9.972567527948154,0.12431006133556366
233.948,1.0,9.780279543540544,0.10000000149011612
234.004,1.0,9.835347101526956,0.10000000149011612
234.042,1.0,9.835237365278106,0.10000000149011612
234.092,1.0,9.698272396230863,0.10000000149011612
234.143,1.0,9.78048221634494,0.10000000149011612
234.205,1.0,9.807873709706797,0.10000000149011612
234.244,1.0,9.890000000016556,0.10000000149011612
234.296,1.0,9.58812531578458,0.10000000149011612
234.344,1.0,9.91771040596068,0.10261785984039307
234.4,1.0,9.835114238473276,0.10000000149011612
234.446,1.0,9.862500000020695,0.10000000149011612
234.497,1.0,9.780310712589158,0.10000000149011612
234.548,1.0,9.780379536747933,0.10000000149011612
234.598,1.0,9.890122674881583,0.10000000149011612
234.652,1.0,9.807734835230642,0.10000000149011612
234.698,1.0,9.780000000033114,0.10000000149011612
234.748,1.0,9.725294509447282,0.10000000149011612
234.798,1.0,9.835162311357756,0.10000000149011612
234.848,1.0,9.752860933625035,0.10000000149011612
234.898,1.0,9.78010403830558,0.10000000149011612
234.959,1.0,9.945084575170444,0.10000000149011612
235.001,1.0,9.725477969170445,0.10000000149011612
235.05,1.0,9.725385795699225,0.10000000149011612
235.1,1.0,9.780418588531514,0.10000000149011612
235.15,1.0,9.780115503424572,0.10000000149011612
235.202,1.0,9.835206244016687,0.10000000149011612
235.251,1.0,9.780157689708803,0.10000000149011612
235.3,1.0,9.835220127449267,0.10000000149011612
235.351,1.0,9.725349502844942,0.10000000149011612
235.402,1.0,9.807673714351322,0.10000000149011612
235.454,1.0,9.835243398406439,0.10000000149011612
235.504,1.0,9.807667478670677,0.10000000149011612
235.551,1.0,9.752771142290698,0.10000000149011612
235.6,1.0,9.72510584872216,0.10000000149011612
235.66,1.0,9.835153289760152,0.10000000149011612
235.703,1.0,9.917801682816611,0.11374236643314362
235.751,1.0,9.780216847339439,0.10000000149011612
235.808,1.0,9.780267521863182,0.10000000149011612
235.854,1.0,9.91759397611022,0.10000000149011612
235.904,1.0,9.75275711580697,0.10000000149011612
235.954,1.0,9.753055961988867,0.10000000149011612
236.009,1.0,9.862674845713709,0.10000000149011612
236.056,1.0,9.972600222296185,0.13608002662658691
236.104,1.0,9.80760285736372,0.10000000149011612
236.157,1.0,9.80761460661888,0.10000000149011612
236.205,1.0,9.835361508383519,0.10000000149011612
236.255,1.0,9.752652363458441,0.10000000149011612
236.305,1.0,9.862685947492718,0.10000000149011612
236.348,1.0,9.780472038313746,0.10000000149011612
236.405,1.0,9.890232481517726,0.10000000149011612
236.458,1.0,9.807804361027149,0.10000000149011612
236.504,1.0,9.752697672425873,0.10000000149011612
236.557,1.0,9.725555912715693,0.10000000149011612
236.607,1.0,9.807694304134284,0.10000000149011612
236.665,1.0,9.752813245190515,0.10000000149011612
236.708,1.0,9.862767791541087,0.10000000149011612
236.756,1.0,9.807691832052337,0.10000000149011612
236.809,1.0,9.642961931476991,0.10000000149011612
236.86,1.0,9.835321033373475,0.10000000149011612
236.909,1.0,9.72540250217749,0.10000000149011612
236.968,1.0,9.86279332768172,0.10000000149011612
237.015,1.0,9.752880257761312,0.10000000149011612
237.063,1.0,9.780409784697824,0.10000000149011612
237.117,1.0,9.83521670734303,0.10000000149011612
237.169,1.0,9.945061241359346,0.10000000149011612
237.211,1.0,9.752776348404586,0.10000000149011612
237.266,1.0,9.862639541261727,0.10000000149011612
237.313,1.0,9.725314393101467,0.10000000149011612
237.371,1.0,9.588196625788179,0.10000000149011612
237.413,1.0,9.862588046491146,0.10000000149011612
237.464,1.0,9.890045131722259,0.10000000149011612
237.512,1.0,9.807888822216126,0.10000000149011612
237.564,1.0,9.753060417311888,0.10000000149011612
237.618,1.0,9.69811109383073,0.10000000149011612
237.665,1.0,9.80764892320666,0.10000000149011612
237.717,1.0,9.807635762666662,0.10000000149011612
237.766,1.0,9.670203396222657,0.10000000149011612
237.816,1.0,9.835207676887512,0.10000000149011612
237.873,1.0,9.835120275678735,0.10000000149011612
237.916,1.0,9.890019343400168,0.10000000149011612
237.967,1.0,9.86257840299772,0.10000000149011612
238.027,1.0,9.835235251900222,0.10000000149011612
238.071,1.0,9.835169199481607,0.10000000149011612
238.119,1.0,9.780513040617937,0.10000000149011612
238.167,1.0,9.780144883464608,0.10000000149011612
238.218,1.0,9.945071995692949,0.10000000149011612
238.271,1.0,9.807745320515501,0.10000000149011612
238.317,1.0,9.72547783880598,0.10000000149011612
238.377,1.0,9.807829359277255,0.10000000149011612
238.417,1.0,9.807792442126406,0.10000000149011612
238.474,1.0,9.835000000024836,0.10000000149011612
238.519,1.0,9.752836640303334,0.10000000149011612
238.568,1.0,9.752741894891692,0.10000000149011612
238.617,1.0,9.725461889948281,0.10000000149011612
238.669,1.0,9.752823253679606,0.10000000149011612
238.719,1.0,9.780216328096058,0.10000000149011612
238.778,1.0,9.890272821113467,0.10000000149011612
238.818,1.0,9.972500000004139,0.10000000149011612
238.868,1.0,9.835096218975053,0.10000000149011612
238.925,1.0,9.752836787369516,0.10000000149011612
238.969,1.0,9.615565121981005,0.10000000149011612
239.021,1.0,9.69798486592869,0.10000000149011612
239.069,1.0,9.780713463595344,0.10000000149011612
239.121,1.0,9.807834397918649,0.10000000149011612
239.169,1.0,9.72553761003332,0.10000000149011612
239.221,1.0,9.83512826696452,0.10000000149011612
239.269,1.0,9.89014802183956,0.10000000149011612
239.326,1.0,9.780191531901558,0.10000000149011612
239.369,1.0,9.80787039525393,0.10000000149011612
239.425,1.0,9.835505538454486,0.10000000149011612
239.469,1.0,9.945050594831507,0.10000000149011612
239.519,1.0,9.835205501400763,0.10000000149011612
239.568,1.0,9.835184117779136,0.10000000149011612
239.619,1.0,9.780051192661954,0.10000000149011612
239.678,1.0,9.80763339822491,0.10000000149011612
239.727,1.0,9.780313373170793,0.10000000149011612
239.78,1.0,9.835104704751737,0.10000000149011612
239.824,1.0,9.917607840771476,0.10000000149011612
239.877,1.0,9.862547191832629,0.10000000149011612
239.924,1.0,9.862589025104212,0.10000000149011612
239.973,1.0,9.752902258870503,0.10000000149011612
240.025,1.0,9.862745733165907,0.10000000149011612
240.075,1.0,9.917715847347345,0.10000000149011612
240.125,1.0,9.835360113634831,0.10000000149011612
240.174,1.0,9.807620904242826,0.10000000149011612
240.234,1.0,9.725203000257412,0.10000000149011612
240.276,1.0,9.752846525568101,0.10000000149011612
240.332,1.0,9.78023538933032,0.10000000149011612
240.377,1.0,9.752645912414623,0.10000000149011612
240.428,1.0,9.780330945592787,0.10000000149011612
240.476,1.0,9.862658991871609,0.10000000149011612
240.532,1.0,9.80794881037954,0.10000000149011612
240.577,1.0,9.890074116571082,0.10000000149011612
240.629,1.0,9.835144463098711,0.10000000149011612
240.678,1.0,9.83514668210927,0.10000000149011612
240.728,1.0,9.69780969934331,0.10000000149011612
240.778,1.0,9.835116014257073,0.10000000149011612
240.83,1.0,9.69791589151654,0.10000000149011612
240.879,1.0,9.588053807492058,0.10000000149011612
240.929,1.0,9.753174261127908,0.10000000149011612
240.981,1.0,9.862848498361807,0.10000000149011612
241.027,1.0,9.83513511835287,0.10000000149011612
241.082,1.0,9.752943142441412,0.10000000149011612
241.132,1.0,9.862503315963679,0.10000000149011612
241.179,1.0,9.835090591241087,0.10000000149011612
241.228,1.0,9.835295528815024,0.10000000149011612
241.279,1.0,9.862743774987758,0.10000000149011612
241.329,1.0,9.862685745726857,0.10000000149011612
241.381,1.0,9.807661104388535,0.10000000149011612
241.428,1.0,9.78027208234287,0.10000000149011612
241.48,1.0,9.86265088946869,0.10000000149011612
241.533,1.0,9.697758967594968,0.10000000149011612
241.591,1.0,9.890129312707318,0.10000000149011612
241.635,1.0,9.69791858813001,0.10000000149011612
241.686,1.0,9.780256090954774,0.10000000149011612
241.733,1.0,9.835346616618335,0.10000000149011612
241.785,1.0,9.697859385899372,0.10000000149011612
241.835,1.0,9.835101215934587,0.10000000149011612
241.884,1.0,9.835255613529847,0.10000000149011612
241.932,1.0,9.807703520750835,0.10000000149011612
241.983,1.0,9.945111476567885,0.10000000149011612
242.035,1.0,9.642965808365908,0.10000000149011612
242.085,1.0,9.91755330382536,0.10000000149011612
242.141,1.0,9.86255174043278,0.10000000149011612
242.177,1.0,9.69802903143896,0.10000000149011612
242.227,1.0,9.725313755124807,0.10000000149011612
242.287,1.0,9.890090562465291,0.10000000149011612
242.346,1.0,9.890239186295204,0.10000000149011612
242.386,1.0,9.780152654482258,0.10000000149011612
242.432,1.0,9.89011316280812,0.10000000149011612
242.486,1.0,9.670807044001089,0.10000000149011612
242.535,1.0,9.752895613904629,0.10000000149011612
242.588,1.0,9.80757663504531,0.10000000149011612
242.633,1.0,9.780000093206763,0.10000000149011612
242.688,1.0,9.725280753274758,0.10000000149011612
242.733,1.0,9.807682047391104,0.10000000149011612
242.786,1.0,9.890000000016556,0.10000000149011612
242.839,1.0,9.725520579806632,0.10000000149011612
242.883,1.0,9.917597611289885,0.10000000149011612
242.938,1.0,9.752604065400858,0.10000000149011612
242.984,1.0,9.752869925751455,0.10000000149011612
243.037,1.0,9.780187848065463,0.10000000149011612
243.084,1.0,9.75290903504938,0.10000000149011612
243.134,1.0,9.752992220181557,0.10000000149011612
243.182,1.0,9.752632918726238,0.10000000149011612
243.234,1.0,9.725264767681558,0.10000000149011612
243.284,1.0,9.780160677267446,0.10000000149011612
243.334,1.0,9.86260560510887,0.10000000149011612
243.384,1.0,9.890119928763145,0.10000000149011612
243.435,1.0,9.890109914334284,0.10000000149011612
243.485,1.0,9.890142378459375,0.10000000149011612
243.534,1.0,9.917500000012417,0.10000000149011612
243.588,1.0,9.780264507710106,0.10000000149011612
243.634,1.0,9.890177836517493,0.10000000149011612
243.683,1.0,9.780284500059983,0.10000000149011612
243.733,1.0,9.780130158385468,0.10000000149011612
243.786,1.0,9.780039800144731,0.10000000149011612
243.837,1.0,9.890116477778388,0.10000000149011612
243.886,1.0,9.72545484236131,0.10000000149011612
243.936,1.0,9.835376070274247,0.10000000149011612
243.986,1.0,9.862540846524967,0.10000000149011612
244.039,1.0,9.80773843102571,0.10000000149011612
244.092,1.0,9.862669223091668,0.10000000149011612
244.15,1.0,9.725565181175869,0.10000000149011612
244.193,1.0,9.752726426741315,0.10000000149011612
244.241,1.0,9.835356606915592,0.10000000149011612
244.292,1.0,9.835043131249646,0.10000000149011612
244.342,1.0,9.86257166100873,0.10000000149011612
244.39,1.0,9.80778779944198,0.10000000149011612
244.441,1.0,9.890108173361256,0.10000000149011612
244.494,1.0,9.862812846567895,0.10000000149011612
244.544,1.0,9.835344038593272,0.10000000149011612
244.591,1.0,9.780242983645035,0.10000000149011612
244.643,1.0,9.807670371337897,0.10000000149011612
244.691,1.0,9.945122033440404,0.10874363780021667
244.74,1.0,9.862607099364201,0.10000000149011612
244.794,1.0,9.862693168761002,0.10000000149011612
244.851,1.0,9.862717583175336,0.10000000149011612
244.896,1.0,9.752721161705752,0.10000000149011612
244.947,1.0,9.753172415101695,0.10000000149011612
244.994,1.0,9.890173021083077,0.10000000149011612
245.041,1.0,9.807799549028278,0.10000000149011612
245.094,1.0,9.78029532291823,0.10000000149011612
245.157,1.0,9.835264930729236,0.10000000149011612
245.199,1.0,9.890070233183602,0.10000000149011612
245.251,1.0,9.725465571756164,0.10000000149011612
245.299,1.0,9.587970112947126,0.10000000149011612
245.36,1.0,9.807696458345486,0.10000000149011612
245.404,1.0,9.945012231998973,0.10000000149011612
245.455,1.0,9.862501153349877,0.10000000149011612
245.506,1.0,9.862676195572648,0.10000000149011612
245.559,1.0,9.835226544241111,0.10000000149011612
245.614,1.0,9.835216452450387,0.10000000149011612
245.677,1.0,9.752800997822648,0.10000000149011612
245.72,1.0,9.835200463483732,0.10000000149011612
245.761,1.0,9.86256787100186,0.10000000149011612
245.822,1.0,9.862670599089729,0.10000000149011612
245.863,1.0,9.725153155728346,0.10000000149011612
245.91,1.0,9.835217108287745,0.10000000149011612
245.962,1.0,9.83523429185152,0.10000000149011612
246.013,1.0,9.890104810334742,0.10000000149011612
246.064,1.0,9.807610016626617,0.10000000149011612
246.113,1.0,9.780193910561502,0.10000000149011612
246.167,1.0,9.78033462241292,0.10000000149011612
246.216,1.0,9.862626463837094,0.10000000149011612
246.263,1.0,9.752567149160637,0.10000000149011612
246.319,1.0,9.83513577396257,0.10000000149011612
246.362,1.0,9.91763091393643,0.10000000149011612
246.418,1.0,9.80783612291432,0.10000000149011612
246.462,1.0,9.780196904328962,0.10000000149011612
246.512,1.0,9.890135174244643,0.10000000149011612
246.574,1.0,9.83511005571733,0.10000000149011612
246.613,1.0,9.75293498976777,0.10000000149011612
246.662,1.0,9.697963377046916,0.10000000149011612
246.711,1.0,9.862815300106174,0.10000000149011612
246.764,1.0,9.835209784946509,0.10000000149011612
246.817,1.0,9.862643578834831,0.10000000149011612
246.866,1.0,9.835251394100487,0.10000000149011612
246.931,1.0,9.917511011825667,0.10000000149011612
246.972,1.0,9.7526556606301,0.10000000149011612
247.017,1.0,9.752675533356767,0.10000000149011612
247.068,1.0,9.807975463051763,0.10000000149011612
247.128,1.0,9.862844517330329,0.10571964085102081
247.176,1.0,9.835000000024836,0.10000000149011612
247.225,1.0,9.835197790339588,0.10000000149011612
247.276,1.0,9.807605432822472,0.10000000149011612
247.324,1.0,9.807766354146104,0.10000000149011612
247.375,1.0,9.807826215897997,0.10000000149011612
247.432,1.0,9.917823609068162,0.11684759706258774
247.475,1.0,9.642908934255441,0.10000000149011612
247.525,1.0,9.835282186542948,0.10000000149011612
247.577,1.0,9.862994476324982,0.1173756867647171
247.629,1.0,9.835354162152443,0.10000000149011612
247.684,1.0,9.807823779496054,0.10000000149011612
247.724,1.0,9.807912790382074,0.10000000149011612
247.779,1.0,9.725218733710546,0.10000000149011612
247.825,1.0,9.780138713887169,0.10000000149011612
247.882,1.0,9.972500000004139,0.10000000149011612
247.927,1.0,9.80788174368855,0.10000000149011612
247.982,1.0,9.835225298276377,0.10000000149011612
248.029,1.0,9.8629126759246,0.10000000149011612
248.076,1.0,9.835119161547887,0.10000000149011612
248.125,1.0,9.83525461761488,0.10000000149011612
248.184,1.0,9.780543803568516,0.10000000149011612
248.225,1.0,9.890000000016556,0.10000000149011612
248.28,1.0,9.670375330642694,0.10000000149011612
248.329,1.0,9.807793456998963,0.10000000149011612
248.374,1.0,9.725477534242803,0.10000000149011612
248.432,1.0,9.780248150808944,0.10000000149011612
248.475,1.0,9.780372511698967,0.10000000149011612
248.525,1.0,9.972513997637563,0.10503914952278137
248.575,1.0,9.807686419371102,0.10000000149011612
248.63,1.0,9.725450686075622,0.10000000149011612
248.675,1.0,9.807781227615973,0.10000000149011612
248.727,1.0,9.917658586448265,0.10000000149011612
248.775,1.0,9.917513417907887,0.10000000149011612
248.826,1.0,9.698059385725193,0.10000000149011612
248.874,1.0,9.862691724652217,0.10000000149011612
248.924,1.0,9.835112738443746,0.10000000149011612
248.981,1.0,9.588073384844595,0.10000000149011612
249.025,1.0,9.780539948700202,0.10000000149011612
249.081,1.0,9.807633165497746,0.10000000149011612
249.13,1.0,9.72527119833976,0.10000000149011612
249.182,1.0,9.807813612040546,0.10000000149011612
249.242,1.0,9.697681051409907,0.10000000149011612
249.283,1.0,9.780431397300628,0.10000000149011612
249.337,1.0,9.862748087280327,0.10000000149011612
249.386,1.0,9.780108445324004,0.10000000149011612
249.436,1.0,9.615621308423579,0.10000000149011612
249.496,1.0,9.697820661072102,0.10000000149011612
249.535,1.0,9.917584098585777,0.10000000149011612
249.588,1.0,9.835250502452254,0.10000000149011612
249.642,1.0,9.780132173850305,0.10000000149011612
249.687,1.0,9.890102828832136,0.10000000149011612
249.741,1.0,9.862665489067634,0.10000000149011612
249.786,1.0,9.862758504620029,0.10000000149011612
249.838,1.0,9.835000000024836,0.10000000149011612
249.891,1.0,9.862610629821818,0.10000000149011612
249.939,1.0,9.75302953204761,0.10000000149011612
249.985,1.0,9.752727451506589,0.10000000149011612
250.04,1.0,9.835147060950597,0.10000000149011612
250.093,1.0,9.945017924615078,0.10000000149011612
250.136,1.0,9.862702949220935,0.10000000149011612
250.188,1.0,9.862845040919881,0.10000000149011612
250.238,1.0,9.752724486527343,0.10000000149011612
250.288,1.0,9.807822343231075,0.10000000149011612
250.342,1.0,9.642861882328159,0.10000000149011612
250.399,1.0,9.752967671222157,0.10000000149011612
250.442,1.0,9.917703225111795,0.10000000149011612
250.492,1.0,9.83507526912209,0.10000000149011612
250.54,1.0,9.642583716991876,0.10000000149011612
250.589,1.0,9.807859334970514,0.10000000149011612
250.643,1.0,9.697945221534205,0.10000000149011612
250.697,1.0,9.752609175402258,0.10000000149011612
250.744,1.0,9.752676154279875,0.10000000149011612
250.794,1.0,9.86276211289482,0.10000000149011612
250.842,1.0,9.697609485127032,0.10000000149011612
250.898,1.0,9.862639681643081,0.10000000149011612
250.943,1.0,9.862652340034645,0.10000000149011612
250.994,1.0,9.917716725894975,0.10000000149011612
251.053,1.0,9.862639688659046,0.10000000149011612
251.096,1.0,9.890211744233966,0.10000000149011612
251.145,1.0,9.835147800441417,0.10000000149011612
251.195,1.0,9.835221930882996,0.10000000149011612
251.248,1.0,9.780164215568867,0.10000000149011612
251.293,1.0,9.75299103440096,0.10000000149011612
251.344,1.0,9.752819174631602,0.10000000149011612
251.4,1.0,9.807894242823952,0.10000000149011612
251.444,1.0,9.807964645905628,0.10375909507274628
251.5,1.0,9.890244602618946,0.10000000149011612
251.546,1.0,9.862500000020695,0.10000000149011612
251.594,1.0,9.835115230352514,0.10000000149011612
251.643,1.0,9.80757761887378,0.10000000149011612
251.693,1.0,9.890298856505089,0.11491377651691437
251.745,1.0,9.752909666941397,0.10000000149011612
251.796,1.0,9.780253993161022,0.10000000149011612
251.847,1.0,9.862598613877264,0.10000000149011612
251.892,1.0,9.725717727777859,0.10767190158367157
251.946,1.0,9.945000000008278,0.10000000149011612
251.995,1.0,9.862753422992926,0.10000000149011612
252.046,1.0,9.80791304413643,0.10000000149011612
252.098,1.0,9.83520455546677,0.10000000149011612
252.147,1.0,9.890139854430325,0.10000000149011612
252.196,1.0,9.780096719827917,0.10000000149011612
252.246,1.0,9.807831181130476,0.10000000149011612
252.295,1.0,9.7802915563186,0.10000000149011612
252.348,1.0,9.835097844174339,0.10000000149011612
252.395,1.0,9.642987027619448,0.10000000149011612
252.454,1.0,9.917638149733344,0.10000000149011612
252.497,1.0,9.89024874145786,0.10087695717811584
252.556,1.0,9.917500000012417,0.10000000149011612
252.59,1.0,9.807583504625493,0.10000000149011612
252.646,1.0,9.642827635175651,0.10000000149011612
252.695,1.0,9.835127886343333,0.10000000149011612
252.747,1.0,9.807713114201194,0.10000000149011612
252.796,1.0,9.86266829708798,0.10000000149011612
252.849,1.0,9.78039015405294,0.10000000149011612
252.896,1.0,9.862521953984267,0.10000000149011612
252.945,1.0,9.807564649523961,0.10000000149011612
252.996,1.0,9.862527410334183,0.10000000149011612
253.046,1.0,9.752705354512566,0.10000000149011612
253.095,1.0,9.862591868452729,0.10000000149011612
253.147,1.0,9.780131260243556,0.10000000149011612
253.204,1.0,9.69795162934396,0.10000000149011612
253.247,1.0,9.862768529438311,0.10000000149011612
253.291,1.0,9.780145547269948,0.10000000149011612
253.347,1.0,9.807917226892378,0.10000000149011612
253.398,1.0,9.8354228808855,0.10032841563224792
253.451,1.0,9.780052557670407,0.10000000149011612
253.523,1.0,9.862921617635422,0.11782365292310715
253.559,1.0,9.835264699057573,0.10000000149011612
253.602,1.0,9.83533127537618,0.10000000149011612
253.651,1.0,9.780157652414507,0.10000000149011612
253.704,1.0,9.615736519545317,0.10000000149011612
253.753,1.0,9.75287346618457,0.10000000149011612
253.809,1.0,9.697877763749824,0.10000000149011612
253.856,1.0,9.835131894238293,0.10000000149011612
253.906,1.0,9.752891665076216,0.10000000149011612
253.953,1.0,9.835177014912997,0.10000000149011612
254.009,1.0,9.75276454664353,0.10000000149011612
254.056,1.0,9.807798982577191,0.10000000149011612
254.103,1.0,9.890086107183661,0.10000000149011612
254.155,1.0,9.780239154108697,0.10000000149011612
254.204,1.0,9.780364263616502,0.10000000149011612
254.268,1.0,9.697749926956991,0.10000000149011612
254.303,1.0,9.83515046702491,0.10000000149011612
254.356,1.0,9.807821489415234,0.10000000149011612
254.412,1.0,9.670567934960127,0.10000000149011612
254.46,1.0,9.807791856345203,0.10000000149011612
254.507,1.0,9.862732203118503,0.10000000149011612
254.556,1.0,9.890096802181668,0.10000000149011612
254.615,1.0,9.780263288981384,0.10000000149011612
254.657,1.0,9.752852964670295,0.10000000149011612
254.707,1.0,9.72521835282031,0.10000000149011612
254.759,1.0,9.725160762502087,0.10000000149011612
254.817,1.0,9.807695886099504,0.10000000149011612
254.86,1.0,9.75284180916432,0.10000000149011612
254.908,1.0,9.780302505402101,0.10000000149011612
254.958,1.0,9.78024407060196,0.10000000149011612
255.012,1.0,9.807762596735524,0.10000000149011612
255.057,1.0,9.807784843341343,0.10000000149011612
255.106,1.0,9.835104754877587,0.10000000149011612
255.156,1.0,9.670511875446472,0.10000000149011612
255.207,1.0,9.725435977429152,0.10000000149011612
255.263,1.0,9.890086848702696,0.10000000149011612
255.309,1.0,9.780310188751255,0.10000000149011612
255.364,1.0,9.780347381842633,0.10000000149011612
255.411,1.0,9.835259356391099,0.10000000149011612
255.459,1.0,9.862824376982948,0.10000000149011612
255.507,1.0,9.835143834807807,0.10000000149011612
255.557,1.0,9.862678959862226,0.10000000149011612
255.611,1.0,9.807880401466456,0.10000000149011612
255.657,1.0,9.945000000008278,0.10000000149011612
255.709,1.0,9.945103790466156,0.10000000149011612
255.766,1.0,9.862590873406994,0.10000000149011612
255.81,1.0,9.890141059458255,0.10000000149011612
255.863,1.0,9.780308783944282,0.10000000149011612
255.909,1.0,9.78018138139612,0.10000000149011612
255.96,1.0,9.780276494431828,0.10000000149011612
256.013,1.0,9.835285036452115,0.10000000149011612
256.058,1.0,9.862606857220332,0.10000000149011612
256.112,1.0,9.890076509614785,0.10000000149011612
256.158,1.0,9.780212232822345,0.10000000149011612
256.208,1.0,9.89003437774049,0.10000000149011612
256.26,1.0,9.835203293710947,0.10000000149011612
256.315,1.0,9.862648321108686,0.10000000149011612
256.372,1.0,9.835241690360837,0.10000000149011612
256.415,1.0,9.725311272487872,0.10000000149011612
256.465,1.0,9.752919625697864,0.10000000149011612
256.517,1.0,9.83510555225528,0.10000000149011612
256.567,1.0,9.917565971116225,0.10000000149011612
256.615,1.0,9.807778036118382,0.10000000149011612
256.666,1.0,9.752836083724267,0.10000000149011612
256.715,1.0,9.78018070852591,0.10000000149011612
256.779,1.0,9.697839229822987,0.10000000149011612
256.816,1.0,9.72547155333062,0.10000000149011612
256.864,1.0,9.780250948460566,0.10000000149011612
256.915,1.0,9.752814911719826,0.10000000149011612
256.968,1.0,9.917599185328516,0.10000000149011612
257.016,1.0,9.83514811175151,0.10000000149011612
257.071,1.0,9.752940955095822,0.10000000149011612
257.115,1.0,9.752501584486001,0.10000000149011612
257.17,1.0,9.780326605691679,0.10000000149011612
257.214,1.0,9.83512294497341,0.10000000149011612
257.265,1.0,9.862700778784024,0.10000000149011612
257.322,1.0,9.780118136149314,0.10000000149011612
257.369,1.0,9.807620801507598,0.10000000149011612
257.418,1.0,9.780350935521225,0.10000000149011612
257.467,1.0,9.91757352480458,0.10000000149011612
257.522,1.0,9.780222332539658,0.10000000149011612
257.568,1.0,9.862758101812668,0.10000000149011612
257.622,1.0,9.780118295715916,0.10000000149011612
257.686,1.0,9.86281265237679,0.10000000149011612
257.723,1.0,9.917527229525149,0.10000000149011612
257.771,1.0,9.780022699510058,0.10000000149011612
257.822,1.0,9.835128101292584,0.10000000149011612
257.876,1.0,9.780424973472124,0.10000000149011612
257.922,1.0,9.862500000020695,0.10000000149011612
257.982,1.0,9.862773913703858,0.10000000149011612
258.023,1.0,9.725211972763969,0.10000000149011612
258.086,1.0,9.890246135658687,0.10000000149011612
258.133,1.0,9.890230677566594,0.10000000149011612
258.187,1.0,9.890029953689211,0.10001792013645172
258.233,1.0,9.752825250352423,0.10000000149011612
258.283,1.0,9.890323174310227,0.10000000149011612
258.334,1.0,9.890220152752267,0.10000000149011612
258.387,1.0,9.75302506968793,0.10000000149011612
258.436,1.0,9.780406274812089,0.10000000149011612
258.484,1.0,9.917615526086754,0.10000000149011612
258.535,1.0,9.7803215149997,0.10000000149011612
258.586,1.0,9.780330864071018,0.10000000149011612
258.638,1.0,9.807751716549198,0.10000000149011612
258.683,1.0,9.807746924811767,0.10000000149011612
258.736,1.0,9.94508234930949,0.10000000149011612
258.783,1.0,9.69800780682514,0.10000000149011612
258.835,1.0,9.780138294502265,0.10000000149011612
258.887,1.0,9.72525212197668,0.10000000149011612
258.936,1.0,9.86264433523433,0.10000000149011612
258.984,1.0,9.83529918042736,0.10000000149011612
259.037,1.0,9.615587171146439,0.10000000149011612
259.083,1.0,9.862806995833914,0.10000000149011612
259.134,1.0,9.670496479794384,0.10000000149011612
259.185,1.0,9.862852926552296,0.10000000149011612
259.236,1.0,9.890050775164532,0.10000000149011612
259.285,1.0,9.862614657150374,0.10000000149011612
259.343,1.0,9.780368670179612,0.10000000149011612
259.39,1.0,9.725372049315936,0.10000000149011612
259.44,1.0,9.945072235270507,0.10000000149011612
259.49,1.0,9.862728685182002,0.10000000149011612
259.541,1.0,9.725267783304055,0.10000000149011612
259.591,1.0,9.697658388978905,0.10000000149011612
259.637,1.0,9.670362509580123,0.10000000149011612
259.694,1.0,9.752992585549752,0.10000000149011612
259.744,1.0,9.807704334685372,0.10000000149011612
259.792,1.0,9.78016689968192,0.10000000149011612
259.843,1.0,9.698029435363908,0.10000000149011612
259.898,1.0,9.752778368712299,0.10000000149011612
259.945,1.0,9.807590726411178,0.10000000149011612
259.994,1.0,9.835000000024836,0.10000000149011612
260.044,1.0,9.835168263647292,0.10000000149011612
260.093,1.0,9.862562110523383,0.10000000149011612
260.149,1.0,9.807745752421518,0.10000000149011612
260.195,1.0,9.752808525247707,0.10000000149011612
260.242,1.0,9.9450502841216,0.10000000149011612
260.3,1.0,9.835118026555412,0.10000000149011612
260.344,1.0,9.725148118825423,0.10000000149011612
260.395,1.0,9.890090038855043,0.10000000149011612
260.443,1.0,9.86274613963647,0.10000000149011612
260.499,1.0,9.807576177145044,0.10000000149011612
260.554,1.0,9.83502005185518,0.10000000149011612
260.594,1.0,9.725322483790418,0.10000000149011612
260.645,1.0,9.890147129860189,0.10000000149011612
260.694,1.0,9.807946273912158,0.10000000149011612
260.744,1.0,9.670238603920572,0.10000000149011612
260.797,1.0,9.917663479720552,0.10000000149011612
260.844,1.0,9.75271769139088,0.10000000149011612
260.894,1.0,9.862548968175219,0.10000000149011612
260.944,1.0,9.835112461551196,0.10000000149011612
260.994,1.0,9.835229597902961,0.10000000149011612
261.049,1.0,9.83521655301253,0.10000000149011612
261.096,1.0,9.670843524713483,0.10000000149011612
261.141,1.0,9.945000000008278,0.10000000149011612
261.194,1.0,9.835170964399973,0.10000000149011612
261.246,1.0,9.697806573741966,0.10000000149011612
261.296,1.0,9.83524853400886,0.10000000149011612
261.346,1.0,9.890035046409402,0.10000000149011612
261.397,1.0,9.752820350581572,0.10000000149011612
261.453,1.0,9.80804417743865,0.10000000149011612
261.507,1.0,9.890171254922945,0.10000000149011612
261.554,1.0,9.725351804474162,0.10000000149011612
261.603,1.0,9.752764143235982,0.10000000149011612
261.652,1.0,9.69794875079145,0.10000000149011612
261.702,1.0,9.890249698795378,0.11789711564779282
261.754,1.0,9.670394052958322,0.10000000149011612
261.803,1.0,9.643199012014602,0.10000000149011612
261.852,1.0,9.83533284417871,0.10000000149011612
261.904,1.0,9.862500000020695,0.10000000149011612
261.952,1.0,9.725204920272033,0.10000000149011612
262.006,1.0,9.807716122476592,0.10000000149011612
262.052,1.0,9.890119550977316,0.10000000149011612
262.108,1.0,9.807727510999474,0.10000000149011612
262.156,1.0,9.697972082636422,0.10000000149011612
262.204,1.0,9.807790500091182,0.10000000149011612
262.254,1.0,9.697980966543158,0.10000000149011612
262.304,1.0,9.80778256451918,0.10000000149011612
262.36,1.0,9.807723046156267,0.10000000149011612
262.404,1.0,9.47788822878566,0.10000000149011612
262.461,1.0,9.670188420038256,0.10000000149011612
262.504,1.0,9.697750451063945,0.10000000149011612
262.558,1.0,9.917614460819298,0.10000000149011612
262.607,1.0,9.835491199770736,0.11245330423116684
262.654,1.0,9.890062184197207,0.10000000149011612
262.706,1.0,9.752586198763716,0.10000000149011612
262.759,1.0,9.835133827167253,0.10000000149011612
262.809,1.0,9.725217960526546,0.10000000149011612
262.857,1.0,9.807643525840508,0.10000000149011612
262.909,1.0,9.807730397126742,0.10000000149011612
262.957,1.0,9.917578324013286,0.10000000149011612
263.007,1.0,9.780255498385264,0.10000000149011612
263.058,1.0,9.945010519048406,0.10000000149011612
263.107,1.0,9.807861483345429,0.10000000149011612
263.158,1.0,9.780218547479146,0.10000000149011612
263.208,1.0,9.753166398116283,0.10000000149011612
263.26,1.0,9.835274455882608,0.10000000149011612
263.309,1.0,9.890075580485993,0.10000000149011612
263.358,1.0,9.890169820210172,0.10000000149011612
263.408,1.0,9.862586537583006,0.10000000149011612
263.46,1.0,9.862745666296945,0.10000000149011612
263.522,1.0,9.752819250461956,0.10000000149011612
263.564,1.0,9.725575311771697,0.10000000149011612
263.613,1.0,9.862593501847652,0.10000000149011612
263.67,1.0,9.807781286516951,0.10000000149011612
263.715,1.0,9.780523081413573,0.10000000149011612
263.769,1.0,9.862510707477728,0.10000000149011612
263.821,1.0,9.807582637253734,0.10000000149011612
263.867,1.0,9.752857744445404,0.10000000149011612
263.919,1.0,9.862781346879071,0.10000000149011612
263.967,1.0,9.75272065854321,0.10000000149011612
264.019,1.0,9.89010471927209,0.10000000149011612
264.065,1.0,9.862633637835582,0.10000000149011612
264.129,1.0,9.807996674875419,0.10000000149011612
264.17,1.0,9.89007766497218,0.10000000149011612
264.221,1.0,9.83515084263765,0.10000000149011612
264.273,1.0,9.862685671055482,0.10000000149011612
264.329,1.0,9.835052074823114,0.10000000149011612
264.371,1.0,9.670483178355628,0.10000000149011612
264.422,1.0,9.835347261673046,0.10000000149011612
264.478,1.0,9.862500000020695,0.10000000149011612
264.521,1.0,9.862707368346552,0.10000000149011612
264.571,1.0,9.807619576818412,0.10000000149011612
264.627,1.0,9.807777828454144,0.10000000149011612
264.677,1.0,9.807885863031778,0.10000000149011612
264.726,1.0,9.780323766751422,0.10000000149011612
264.776,1.0,9.72507510104527,0.10000000149011612
264.828,1.0,9.862600408370296,0.10000000149011612
264.878,1.0,9.917662488751942,0.10000000149011612
264.927,1.0,9.835206451246307,0.10000000149011612
264.985,1.0,9.890243071814378,0.10000000149011612
265.026,1.0,9.862679107839035,0.10000000149011612
265.075,1.0,9.835391735306217,0.10000000149011612
265.131,1.0,9.862667482511865,0.10000000149011612
265.175,1.0,9.89028191930718,0.10815392434597015
265.228,1.0,9.75269887873696,0.10000000149011612
265.276,1.0,9.752680081232555,0.10000000149011612
265.331,1.0,9.807744373670882,0.10000000149011612
265.376,1.0,9.862740033099222,0.10000000149011612
265.426,1.0,9.89022248931643,0.10000000149011612
265.476,1.0,9.725332238463064,0.10000000149011612
265.527,1.0,9.835219731554389,0.10000000149011612
265.575,1.0,9.72543409270131,0.10000000149011612
265.626,1.0,9.725425715351271,0.10000000149011612
265.683,1.0,9.917617763164971,0.10000000149011612
265.727,1.0,9.72521891484244,0.10000000149011612
265.777,1.0,9.615269350012143,0.10000000149011612
265.829,1.0,9.807617600427733,0.10000000149011612
265.884,1.0,9.917713549733161,0.11815059930086136
265.925,1.0,9.890081997898717,0.10000000149011612
265.976,1.0,9.780330319971673,0.10000000149011612
266.029,1.0,9.86271512079984,0.10000000149011612
266.085,1.0,9.725226713447935,0.10000000149011612
266.126,1.0,9.890082937706676,0.10000000149011612
266.179,1.0,9.642697292607691,0.10000000149011612
266.236,1.0,9.670270671591991,0.10000000149011612
266.288,1.0,9.83523930058711,0.10000000149011612
266.332,1.0,9.835189634478754,0.10000000149011612
266.395,1.0,9.78045008747528,0.10000000149011612
266.431,1.0,9.725307344334821,0.10000000149011612
266.489,1.0,9.78023227347682,0.10000000149011612
266.531,1.0,9.835160614363849,0.10000000149011612
266.581,1.0,9.945112041197717,0.10000000149011612
266.629,1.0,9.890290427953005,0.10000000149011612
266.687,1.0,9.807638975357015,0.10000000149011612
266.73,1.0,9.862716456730332,0.10000000149011612
266.784,1.0,9.752866957791978,0.10000000149011612
266.831,1.0,9.890043334331777,0.10000000149011612
266.884,1.0,9.807834409591225,0.10000000149011612
266.931,1.0,9.725486184387572,0.10000000149011612
266.98,1.0,9.862743700895873,0.10000000149011612
267.031,1.0,9.807626634360188,0.10000000149011612
267.092,1.0,9.890158486055832,0.10000000149011612
267.141,1.0,9.697760452268025,0.10000000149011612
267.183,1.0,9.69780653466781,0.10000000149011612
267.241,1.0,9.64287001254658,0.10000000149011612
267.282,1.0,9.807832300725083,0.10000000149011612
267.334,1.0,9.862703160382807,0.10000000149011612
267.382,1.0,9.7801275982418,0.10000000149011612
267.444,1.0,9.835148408450186,0.10000000149011612
267.483,1.0,9.807796980647577,0.10000000149011612
267.531,1.0,9.890107224157287,0.10000000149011612
267.584,1.0,9.890113208918935,0.10000000149011612
267.631,1.0,9.862800996854073,0.10000000149011612
267.683,1.0,9.752667301934625,0.10000000149011612
267.731,1.0,9.862605243424575,0.10000000149011612
267.783,1.0,9.643519992629686,0.10000000149011612
267.836,1.0,9.835000000024836,0.10000000149011612
267.885,1.0,9.75280019994825,0.10000000149011612
267.937,1.0,9.917608475250502,0.10000000149011612
267.986,1.0,9.807897270450162,0.10000000149011612
268.034,1.0,9.917721782479848,0.10000000149011612
268.085,1.0,9.862522984461652,0.10000000149011612
268.132,1.0,9.725359075433678,0.10000000149011612
268.188,1.0,9.752757668350306,0.10000000149011612
268.234,1.0,9.780305619620615,0.10000000149011612
268.283,1.0,9.78036768221193,0.10000000149011612
268.337,1.0,9.890127754728827,0.10000000149011612
268.384,1.0,9.835064992308617,0.10000000149011612
268.434,1.0,9.80770525901268,0.10000000149011612
268.482,1.0,9.807690289575193,0.10000000149011612
268.533,1.0,9.725492690358724,0.10000000149011612
268.593,1.0,9.862725188065735,0.10000000149011612
268.638,1.0,9.725268141014709,0.10000000149011612
268.688,1.0,9.697790099990865,0.10000000149011612
268.742,1.0,9.807748262087504,0.10000000149011612
268.788,1.0,9.807655498344037,0.10000000149011612
268.838,1.0,9.862619528671106,0.10000000149011612
268.886,1.0,9.890227374144727,0.10000000149011612
268.939,1.0,9.835120946230989,0.10000000149011612
268.988,1.0,9.862884100940493,0.10000000149011612
269.044,1.0,9.83508977095286,0.10000000149011612
269.094,1.0,9.807543072932296,0.10000000149011612
269.139,1.0,9.642784583651357,0.10000000149011612
269.194,1.0,9.725333016634815,0.10000000149011612
269.241,1.0,9.917526806870269,0.10000000149011612
269.299,1.0,9.780130736591916,0.10000000149011612
269.34,1.0,9.75265317644096,0.10000000149011612
269.393,1.0,9.890068059518105,0.10000000149011612
269.441,1.0,9.780111206343605,0.10000000149011612
269.49,1.0,9.725046104627351,0.10000000149011612
269.528,1.0,9.89008244317439,0.10000000149011612
269.59,1.0,9.69780996946825,0.10000000149011612
269.641,1.0,9.917550010337598,0.10000000149011612
269.691,1.0,9.75273548476398,0.10000000149011612
269.74,1.0,9.945181243639025,0.12471506744623184
269.796,1.0,9.780232264929348,0.10000000149011612
269.84,1.0,9.890119981993404,0.10000000149011612
269.891,1.0,9.752867634242607,0.10000000149011612
269.94,1.0,9.862717045077847,0.10000000149011612
269.996,1.0,9.890000000016556,0.10000000149011612
270.039,1.0,9.807827515713871,0.10000000149011612
270.097,1.0,9.670453007001843,0.10000000149011612
270.143,1.0,9.86269948884017,0.10000000149011612
270.197,1.0,9.75276024757574,0.10000000149011612
270.246,1.0,9.835204834863543,0.10000000149011612
270.298,1.0,9.835159960885843,0.10000000149011612
270.343,1.0,9.752640484666658,0.10000000149011612
270.394,1.0,9.752705030950407,0.10000000149011612
270.448,1.0,9.780377353831298,0.10000000149011612
270.492,1.0,9.862595890421007,0.10000000149011612
270.548,1.0,9.835430415223042,0.10000000149011612
270.596,1.0,9.670503105657795,0.10000000149011612
270.658,1.0,9.807781127115918,0.10000000149011612
270.692,1.0,9.72538284048852,0.10000000149011612
270.748,1.0,9.835291867330671,0.10000000149011612
270.795,1.0,9.862779865206944,0.10000000149011612
270.845,1.0,9.807930988528662,0.10000000149011612
270.897,1.0,9.78027985530595,0.10000000149011612
270.947,1.0,9.862872920268112,0.10000000149011612
270.999,1.0,9.780414751772252,0.10000000149011612
271.059,1.0,9.862609227684636,0.10000000149011612
271.097,1.0,9.780395101735161,0.10000000149011612
271.144,1.0,9.80761296465579,0.10000000149011612
271.198,1.0,9.80772646388246,0.10000000149011612
271.248,1.0,9.83509003671093,0.10000000149011612
271.303,1.0,9.698042651534909,0.10000000149011612
271.347,1.0,9.890137127828266,0.10000000149011612
271.398,1.0,9.835253807571199,0.10000000149011612
271.448,1.0,9.807900507023765,0.10000000149011612
271.493,1.0,9.862704546915161,0.10000000149011612
271.547,1.0,9.835224218376808,0.10000000149011612
271.598,1.0,9.835107242171135,0.10000000149011612
271.648,1.0,9.780287263397542,0.10000000149011612
271.699,1.0,9.780326364913748,0.10000000149011612
271.748,1.0,9.807777468259964,0.10000000149011612
271.798,1.0,9.862696253942946,0.10000000149011612
271.848,1.0,9.862707829930716,0.10000000149011612
271.899,1.0,9.808024623638225,0.10000000149011612
271.947,1.0,9.780371946365468,0.10000000149011612
272.003,1.0,9.670338419390221,0.10000000149011612
272.053,1.0,9.75290075890306,0.10000000149011612
272.099,1.0,9.725360429038604,0.10000000149011612
272.151,1.0,9.780226987972856,0.10000000149011612
272.205,1.0,9.807761242302755,0.10000000149011612
272.25,1.0,9.835337002471917,0.10000000149011612
272.302,1.0,9.835003505854143,0.10000000149011612
272.357,1.0,9.835324590549702,0.10000000149011612
272.404,1.0,9.752784999501374,0.10000000149011612
272.461,1.0,9.588132170898218,0.10000000149011612
272.509,1.0,9.780269378713436,0.10000000149011612
272.553,1.0,9.643122993657986,0.10000000149011612
272.604,1.0,9.69794517258803,0.10000000149011612
272.659,1.0,9.752696930348046,0.10000000149011612
272.705,1.0,9.890117751330965,0.10000000149011612
272.755,1.0,9.780260426054399,0.10000000149011612
272.805,1.0,9.807735904368261,0.10000000149011612
272.857,1.0,9.807718004679515,0.10000000149011612
272.904,1.0,9.752970430482593,0.10000000149011612
272.963,1.0,9.890099636817144,0.10000000149011612
273.005,1.0,9.807753014461033,0.10000000149011612
273.055,1.0,9.780233151341479,0.10000000149011612
273.119,1.0,9.835329636393322,0.10000000149011612
273.162,1.0,9.588449769363635,0.10000000149011612
273.208,1.0,9.862500000020695,0.10000000149011612
273.255,1.0,9.725424739221731,0.10000000149011612
273.307,1.0,9.780388707419236,0.10000000149011612
273.363,1.0,9.807664883612759,0.10000000149011612
273.411,1.0,9.752669996188747,0.10000000149011612
273.46,1.0,9.752975564491418,0.10000000149011612
273.51,1.0,9.835092723576558,0.10000000149011612
273.566,1.0,9.642902020530569,0.10000000149011612
273.608,1.0,9.835161583829258,0.10000000149011612
273.661,1.0,9.753044413071539,0.10000000149011612
273.711,1.0,9.725554002076388,0.10000000149011612
273.763,1.0,9.725252632734676,0.10000000149011612
273.818,1.0,9.917500000012417,0.10000000149011612
273.868,1.0,9.807849537125891,0.10000000149011612
273.913,1.0,9.89021319411695,0.10000000149011612
273.963,1.0,9.807741524775823,0.10000000149011612
274.013,1.0,9.807759977897836,0.10000000149011612
274.068,1.0,9.807796323320105,0.10000000149011612
274.115,1.0,9.752734679666657,0.10000000149011612
274.163,1.0,9.807894925980104,0.10000000149011612
274.214,1.0,9.835259176728625,0.10000000149011612
274.267,1.0,9.697930844024652,0.10000000149011612
274.322,1.0,9.807815719933973,0.10000000149011612
274.363,1.0,9.807806696742773,0.10000000149011612
274.418,1.0,9.917635669538544,0.10000000149011612
274.469,1.0,9.75284485589299,0.10000000149011612
274.526,1.0,9.670464037172497,0.10000000149011612
274.575,1.0,9.670263808841506,0.10000000149011612
274.622,1.0,9.835184114053845,0.10000000149011612
274.674,1.0,9.917716004927126,0.10000000149011612
274.721,1.0,9.807691169923379,0.10000000149011612
274.777,1.0,9.780274112543298,0.10000000149011612
274.823,1.0,9.753026675122479,0.10000000149011612
274.877,1.0,9.80786586780515,0.10000000149011612
274.922,1.0,9.835365476666226,0.10000000149011612
274.975,1.0,9.917704020626843,0.10000000149011612
275.026,1.0,9.752780948869056,0.10000000149011612
275.071,1.0,9.752828026625018,0.10000000149011612
275.123,1.0,9.807786286084188,0.10000000149011612
275.174,1.0,9.807580518018868,0.10000000149011612
275.229,1.0,9.670528982869453,0.10000000149011612
275.277,1.0,9.83506550223877,0.10000000149011612
275.326,1.0,9.615101304484739,0.10000000149011612
275.376,1.0,9.945000000008278,0.10000000149011612
275.423,1.0,9.780327310185466,0.10000000149011612
275.477,1.0,9.780402269255784,0.10000000149011612
275.529,1.0,9.945085350858669,0.10000000149011612
275.579,1.0,9.78023426801794,0.10000000149011612
275.628,1.0,9.835170439817011,0.10000000149011612
275.677,1.0,9.89006196734392,0.10000000149011612
275.727,1.0,9.807784584247404,0.10000000149011612
275.779,1.0,9.725347531959414,0.10000000149011612
275.834,1.0,9.80770689383563,0.10000000149011612
275.88,1.0,9.890029007589652,0.10000000149011612
275.926,1.0,9.752657688388394,0.10000000149011612
275.988,1.0,9.78019951445361,0.10000000149011612
276.028,1.0,9.890201529405184,0.10000000149011612
276.079,1.0,9.725255752520429,0.10000000149011612
276.129,1.0,9.752690694356959,0.10000000149011612
276.176,1.0,9.890177546565731,0.10000000149011612
276.228,1.0,9.725510267954734,0.10000000149011612
276.278,1.0,9.835303902626038,0.10000000149011612
276.327,1.0,9.83522863154196,0.10000000149011612
276.379,1.0,9.780115111524033,0.10000000149011612
276.428,1.0,9.890238375092546,0.10000000149011612
276.479,1.0,9.752702947312759,0.10000000149011612
276.528,1.0,9.835243264523646,0.10000000149011612
276.577,1.0,9.862706577715775,0.10000000149011612
276.631,1.0,9.86287366863754,0.10000000149011612
276.677,1.0,9.80772022275875,0.10000000149011612
276.732,1.0,9.72550990190357,0.10000000149011612
276.785,1.0,9.862586407404807,0.10000000149011612
276.829,1.0,9.697723091041876,0.10000000149011612
276.881,1.0,9.697713555292124,0.10000000149011612
276.939,1.0,9.752720392433305,0.10000000149011612
276.982,1.0,9.862817898661726,0.10000000149011612
277.036,1.0,9.89035985202839,0.10000000149011612
277.086,1.0,9.862624069158402,0.10000000149011612
277.133,1.0,9.862726113034618,0.10000000149011612
277.192,1.0,9.807808397213618,0.10000000149011612
277.237,1.0,9.835325205263992,0.10000000149011612
277.286,1.0,9.75277526161323,0.10000000149011612
277.335,1.0,9.890046175983217,0.10000000149011612
277.382,1.0,9.835150967331396,0.10000000149011612
277.437,1.0,9.835217872179216,0.10000000149011612
277.489,1.0,9.69787275387595,0.10000000149011612
277.535,1.0,9.835079906032318,0.10000000149011612
277.587,1.0,9.752941833705538,0.10000000149011612
277.645,1.0,9.780324164984954,0.10000000149011612
277.693,1.0,9.752934633899066,0.10000000149011612
277.738,1.0,9.862500000020695,0.10000000149011612
277.795,1.0,9.725429864558908,0.10000000149011612
277.842,1.0,9.752788379664223,0.10000000149011612
277.901,1.0,9.807747576654785,0.10000000149011612
277.943,1.0,9.80778094910913,0.10000000149011612
277.995,1.0,9.75283379358136,0.10000000149011612
278.043,1.0,9.890129919060403,0.10000000149011612
278.094,1.0,9.807650713767442,0.10000000149011612
278.143,1.0,9.780172728250424,0.10000000149011612
278.196,1.0,9.835200137686398,0.10000000149011612
278.242,1.0,9.807729649936988,0.10000000149011612
278.298,1.0,9.780392414807446,0.10000000149011612
278.343,1.0,9.752863299329247,0.10000000149011612
278.402,1.0,9.780057227694327,0.10000000149011612
278.447,1.0,9.807760990762876,0.10000000149011612
278.498,1.0,9.89026296991441,0.10000000149011612
278.548,1.0,9.642932755644951,0.10000000149011612
278.601,1.0,9.752745476799706,0.10000000149011612
278.647,1.0,9.752644924095108,0.10000000149011612
278.705,1.0,9.752751278835866,0.10000000149011612
278.748,1.0,9.8077744414409,0.10000000149011612
278.801,1.0,9.917545695830551,0.10000000149011612
278.848,1.0,9.890250296311246,0.10000000149011612
278.898,1.0,9.890187096637156,0.10000000149011612
278.949,1.0,9.752854973553783,0.10000000149011612
278.998,1.0,9.835016447347071,0.10000000149011612
279.05,1.0,9.807630087994038,0.10000000149011612
279.098,1.0,9.862594044332702,0.10000000149011612
279.148,1.0,9.890199913043116,0.10000000149011612
279.202,1.0,9.780641431796054,0.10000000149011612
279.252,1.0,9.862723318342534,0.10000000149011612
279.299,1.0,9.697867424724002,0.10000000149011612
279.349,1.0,9.725409752792782,0.10000000149011612
279.404,1.0,9.697781727525095,0.10000000149011612
279.449,1.0,9.75274723538508,0.10000000149011612
279.503,1.0,9.807892724499107,0.10000000149011612
279.548,1.0,9.890280353816019,0.10000000149011612
279.6,1.0,9.697769200201664,0.10000000149011612
279.652,1.0,9.780152703800963,0.10000000149011612
279.702,1.0,9.835215743113723,0.10000000149011612
279.751,1.0,9.807763819872505,0.10000000149011612
279.803,1.0,9.752916746007072,0.10000000149011612
279.861,1.0,9.807712764127388,0.10000000149011612
279.904,1.0,9.890107065791057,0.10000000149011612
279.962,1.0,9.862857463686831,0.10000000149011612
280.009,1.0,9.725329800446827,0.10000000149011612
280.067,1.0,9.862679070834485,0.10000000149011612
280.109,1.0,9.698027873453167,0.10000000149011612
280.16,1.0,9.780248489272264,0.10000000149011612
280.206,1.0,9.533115953558848,0.10000000149011612
280.262,1.0,9.890046443976463,0.10000000149011612
280.31,1.0,9.67068154896713,0.10000000149011612
280.359,1.0,9.78024710882455,0.10000000149011612
280.414,1.0,9.725263224790494,0.10000000149011612
280.458,1.0,9.862653550319374,0.10000000149011612
280.518,1.0,9.890000000016556,0.10000000149011612
280.559,1.0,9.752586200647055,0.10000000149011612
280.609,1.0,9.807639669171637,0.10000000149011612
280.661,1.0,9.752820654234124,0.10000000149011612
280.71,1.0,9.780371486416293,0.10000000149011612
280.761,1.0,9.835306815327042,0.10000000149011612
280.81,1.0,9.780038378408385,0.10000000149011612
280.863,1.0,9.780279360711575,0.10000000149011612
280.909,1.0,9.917584737431671,0.10000000149011612
280.972,1.0,9.807695153583255,0.10000000149011612
281.011,1.0,9.862595328005652,0.10000000149011612
281.058,1.0,9.807629483462208,0.10000000149011612
281.102,1.0,9.752740848457648,0.10000000149011612
281.158,1.0,9.807731828424666,0.10000000149011612
281.211,1.0,9.807711259503332,0.10000000149011612
281.266,1.0,9.94513339429266,0.11467775702476501
281.313,1.0,9.835185614580082,0.10000000149011612
281.363,1.0,9.835201329137716,0.10000000149011612
281.417,1.0,9.780496843221288,0.10000000149011612
281.471,1.0,9.780232840652268,0.10000000149011612
281.514,1.0,9.890085007684926,0.10000000149011612
281.566,1.0,9.725292947991855,0.10000000149011612
281.617,1.0,9.725228324491116,0.10000000149011612
281.665,1.0,9.72550273856355,0.10000000149011612
281.702,1.0,9.83544739279896,0.10439617186784744
281.764,1.0,9.697754051081008,0.10000000149011612
281.818,1.0,9.890065348189738,0.10000000149011612
281.866,1.0,9.807759528358778,0.10000000149011612
281.918,1.0,9.945093129182027,0.10000000149011612
281.967,1.0,9.890059143656657,0.10000000149011612
282.022,1.0,9.835260914348893,0.10000000149011612
282.067,1.0,9.80787353625314,0.10000000149011612
282.119,1.0,9.64293114569866,0.10000000149011612
282.163,1.0,9.86252074237499,0.10000000149011612
282.218,1.0,9.725663327115278,0.10000000149011612
282.271,1.0,9.835291092780729,0.10000000149011612
282.317,1.0,9.725323258712887,0.10000000149011612
282.371,1.0,9.807804052593807,0.10000000149011612
282.418,1.0,9.862608275355564,0.10000000149011612
282.467,1.0,9.807833799347282,0.10000000149011612
282.526,1.0,9.69770547217793,0.10000000149011612
282.57,1.0,9.80773135436078,0.10000000149011612
282.62,1.0,9.725247925230198,0.10000000149011612
282.67,1.0,9.780162800579435,0.10000000149011612
282.722,1.0,9.890241650491953,0.10000000149011612
282.776,1.0,9.752758417485488,0.10000000149011612
282.821,1.0,9.698068959203859,0.10000000149011612
282.873,1.0,9.615294861027763,0.10000000149011612
282.921,1.0,9.752739503565762,0.10000000149011612
282.981,1.0,9.697985327947471,0.10000000149011612
283.024,1.0,9.752613582399984,0.10000000149011612
283.075,1.0,9.807680181682938,0.10000000149011612
283.125,1.0,9.917574152681564,0.10000000149011612
283.177,1.0,9.835135803061227,0.10000000149011612
283.227,1.0,9.83511070749826,0.10000000149011612
283.278,1.0,9.835122558578021,0.10000000149011612
283.326,1.0,9.753033907214801,0.10000000149011612
283.378,1.0,9.780225450048844,0.10000000149011612
283.427,1.0,9.69766846280545,0.10000000149011612
283.477,1.0,9.780216447263957,0.10000000149011612
283.528,1.0,9.780130299491187,0.10000000149011612
283.577,1.0,9.890051124555368,0.10000000149011612
283.63,1.0,9.862647418119014,0.10000000149011612
283.677,1.0,9.890204636793998,0.10000000149011612
283.734,1.0,9.807596970846255,0.10000000149011612
283.784,1.0,9.890257843149206,0.10000000149011612
283.839,1.0,9.725473195831809,0.10000000149011612
283.885,1.0,9.862775768650074,0.10000000149011612
283.936,1.0,9.91757072005421,0.10000000149011612
283.986,1.0,9.752724352147844,0.10000000149011612
284.037,1.0,9.67040286662264,0.10000000149011612
284.092,1.0,9.835204780577785,0.10000000149011612
284.136,1.0,9.807843060501748,0.10000000149011612
284.187,1.0,9.890318486549788,0.10000000149011612
284.243,1.0,9.86260099319948,0.10000000149011612
284.288,1.0,9.752715874090791,0.10000000149011612
284.336,1.0,9.725157830305397,0.10000000149011612
284.389,1.0,9.890098176834483,0.10000000149011612
284.438,1.0,9.917764552372198,0.12263787537813187
284.486,1.0,9.862527334897054,0.10000000149011612
284.536,1.0,9.780375797653363,0.10000000149011612
284.585,1.0,9.7252756362367,0.10000000149011612
284.64,1.0,9.917638382315635,0.10000000149011612
284.706,1.0,9.835304257956643,0.10000000149011612
284.758,1.0,9.835386018268764,0.10000000149011612
284.807,1.0,9.643132779830031,0.10000000149011612
284.853,1.0,9.725452275450031,0.10000000149011612
284.916,1.0,9.725141379775273,0.10000000149011612
284.954,1.0,9.807745593682759,0.10000000149011612
285.011,1.0,9.642714806501235,0.10000000149011612
285.058,1.0,9.725439333294828,0.10000000149011612
285.106,1.0,9.835296948854294,0.10000000149011612
285.157,1.0,9.725242859228617,0.10000000149011612
285.207,1.0,9.725572911236021,0.10000000149011612
285.256,1.0,9.807649777850344,0.10000000149011612
285.306,1.0,9.78034298978746,0.10000000149011612
285.359,1.0,9.890251281712619,0.10000000149011612
285.406,1.0,9.91762280025416,0.10000000149011612
285.456,1.0,9.807615306456055,0.10000000149011612
285.511,1.0,9.725121644056506,0.10000000149011612
285.558,1.0,9.69769489682383,0.10000000149011612
285.608,1.0,9.835176527665721,0.10000000149011612
285.659,1.0,9.643443167851203,0.10000000149011612
285.71,1.0,9.642943797757228,0.10000000149011612
285.759,1.0,9.89013368965437,0.10000000149011612
285.81,1.0,9.835360745030146,0.10000000149011612
285.861,1.0,9.917594476126963,0.10000000149011612
285.91,1.0,9.890145168515543,0.10000000149011612
285.965,1.0,9.890019191801548,0.10000000149011612
286.017,1.0,9.780035785420074,0.10000000149011612
286.065,1.0,9.80783506559415,0.10000000149011612
286.11,1.0,9.588002613497277,0.10000000149011612
286.162,1.0,9.725218013135922,0.10000000149011612
286.214,1.0,9.807837419149775,0.10000000149011612
286.264,1.0,9.780173177975747,0.10000000149011612
286.315,1.0,9.890118505929907,0.10000000149011612
286.365,1.0,9.807721995231178,0.10000000149011612
286.413,1.0,9.807813298660848,0.10000000149011612
286.463,1.0,9.89028447613948,0.10000000149011612
286.512,1.0,9.752639413769874,0.10000000149011612
286.567,1.0,9.917657183172802,0.10000000149011612
286.615,1.0,9.86271087984658,0.10000000149011612
286.664,1.0,9.807781151144042,0.10000000149011612
286.712,1.0,9.75302167151951,0.10000000149011612
286.763,1.0,9.697867570113804,0.10000000149011612
286.812,1.0,9.835157646756205,0.10000000149011612
286.862,1.0,9.780207250225875,0.10000000149011612
286.912,1.0,9.80773753648003,0.10000000149011612
286.961,1.0,9.752969311777916,0.10000000149011612
287.016,1.0,9.835079682639076,0.10000000149011612
287.065,1.0,9.862569532978037,0.10000000149011612
287.117,1.0,9.807911561926206,0.10000000149011612
287.169,1.0,9.862650708419581,0.10000000149011612
287.22,1.0,9.835135406400594,0.10000000149011612
287.264,1.0,9.807686947575874,0.10000000149011612
287.309,1.0,9.807924567183687,0.10000000149011612
287.366,1.0,9.862594967956344,0.10000000149011612
287.418,1.0,9.945078563379745,0.10000000149011612
287.467,1.0,9.86251349767877,0.10000000149011612
287.523,1.0,9.835256769197683,0.10000000149011612
287.57,1.0,9.835297893091209,0.10097097605466843
287.62,1.0,9.780381725997561,0.10000000149011612
287.672,1.0,9.83503220770508,0.10000000149011612
287.721,1.0,9.890130321867764,0.10000000149011612
287.775,1.0,9.807691888697445,0.10000000149011612
287.821,1.0,9.670332454062171,0.10000000149011612
287.877,1.0,9.807625990154015,0.10000000149011612
287.922,1.0,9.862783237795036,0.10000000149011612
287.972,1.0,9.725393688430389,0.10000000149011612
288.027,1.0,9.752897973710464,0.10000000149011612
288.074,1.0,9.835128794341452,0.10000000149011612
288.122,1.0,9.835000000024836,0.10000000149011612
288.172,1.0,9.752781289629638,0.10000000149011612
288.224,1.0,9.752675418514345,0.10000000149011612
288.271,1.0,9.807733342693084,0.10000000149011612
288.327,1.0,9.917500000012417,0.10000000149011612
288.371,1.0,9.725580733145277,0.10000000149011612
288.422,1.0,9.807851250800821,0.10000000149011612
288.471,1.0,9.80770922942708,0.10000000149011612
288.523,1.0,9.835142994320227,0.10000000149011612
288.575,1.0,9.890089107967086,0.10000000149011612
288.626,1.0,9.890132735938662,0.10000000149011612
288.673,1.0,9.807664590142668,0.10000000149011612
288.724,1.0,9.890056753448315,0.10000000149011612
288.773,1.0,9.862618543186949,0.10000000149011612
288.826,1.0,9.862781774066388,0.10000000149011612
288.876,1.0,9.945000000008278,0.10000000149011612
288.929,1.0,9.75282018021163,0.10000000149011612
288.978,1.0,9.91766433003876,0.10020536929368973
289.031,1.0,9.807710288340846,0.10000000149011612
289.083,1.0,9.752777177923255,0.10000000149011612
289.131,1.0,9.890091879189843,0.10000000149011612
289.183,1.0,9.78038643617183,0.10000000149011612
289.234,1.0,9.78013520586408,0.10000000149011612
289.283,1.0,9.725235483919581,0.10000000149011612
289.339,1.0,9.780122387905916,0.10000000149011612
289.386,1.0,9.780318768798477,0.10000000149011612
289.433,1.0,9.862759505377875,0.10000000149011612
289.484,1.0,9.862599936003486,0.10000000149011612
289.534,1.0,9.83512910447187,0.10000000149011612
289.585,1.0,9.835501365694736,0.10000000149011612
289.628,1.0,9.945000000008278,0.10000000149011612
289.683,1.0,9.835352243917685,0.10000000149011612
289.736,1.0,9.890066917323404,0.10000000149011612
289.807,1.0,9.780214803872838,0.10000000149011612
289.839,1.0,9.91758624712626,0.10000000149011612
289.885,1.0,9.835236743092537,0.10000000149011612
289.943,1.0,9.780314179799623,0.10000000149011612
289.984,1.0,9.890104850733445,0.10000000149011612
290.035,1.0,9.835233965454002,0.10000000149011612
290.084,1.0,9.835259974064927,0.10000000149011612
290.148,1.0,9.780533544325994,0.10000000149011612
290.19,1.0,9.670273894402715,0.10000000149011612
290.239,1.0,9.862500000020695,0.10000000149011612
290.302,1.0,9.890172805637121,0.10000000149011612
290.338,1.0,9.83526688085662,0.10000000149011612
290.386,1.0,9.780304678012099,0.10000000149011612
290.44,1.0,9.780048989835713,0.10000000149011612
290.497,1.0,9.807675822741455,0.10000000149011612
290.539,1.0,9.862612211952607,0.10000000149011612
290.595,1.0,9.83513039816171,0.10000000149011612
290.651,1.0,9.835172014269563,0.10000000149011612
290.694,1.0,9.890133009954459,0.10000000149011612
290.744,1.0,9.78040525228199,0.10000000149011612
290.796,1.0,9.725419565993878,0.10000000149011612
290.846,1.0,9.835257446476154,0.10000000149011612
290.902,1.0,9.835211026068363,0.10000000149011612
290.945,1.0,9.807916985700528,0.10000000149011612
290.999,1.0,9.725390317891208,0.10000000149011612
291.047,1.0,9.945037419245475,0.10000000149011612
291.099,1.0,9.83520605781426,0.10000000149011612
291.152,1.0,9.75278340511852,0.10000000149011612
291.195,1.0,9.83536870063593,0.10000000149011612
291.245,1.0,9.862663402636018,0.10000000149011612
291.296,1.0,9.780321154226032,0.10000000149011612
291.347,1.0,9.752593285776674,0.10000000149011612
291.407,1.0,9.725300490690602,0.10000000149011612
291.45,1.0,9.835309128235611,0.10000000149011612
291.496,1.0,9.890207750101885,0.10000000149011612
291.547,1.0,9.725259629347258,0.10000000149011612
291.597,1.0,9.780402390679551,0.10000000149011612
291.646,1.0,9.917619336065318,0.10000000149011612
291.699,1.0,9.945094790164795,0.10000000149011612
291.749,1.0,9.725504022484852,0.10000000149011612
291.799,1.0,9.72551741682821,0.10000000149011612
291.848,1.0,9.697931529064146,0.10000000149011612
291.896,1.0,9.807821860785285,0.10000000149011612
291.946,1.0,9.807883703522384,0.10000000149011612
291.997,1.0,9.698002455983724,0.10000000149011612
292.048,1.0,9.80785501729697,0.10000000149011612
292.097,1.0,9.89009797806955,0.10000000149011612
292.147,1.0,9.862715477806827,0.10000000149011612
292.203,1.0,9.862500000020695,0.10000000149011612
292.247,1.0,9.780000000033114,0.10000000149011612
292.295,1.0,9.780044964804418,0.10000000149011612
292.35,1.0,9.75293135051098,0.10000000149011612
292.398,1.0,9.890073546539579,0.10000000149011612
292.448,1.0,9.807852808717225,0.10000000149011612
292.497,1.0,9.725256730740268,0.10000000149011612
292.552,1.0,9.752728273491893,0.10000000149011612
292.602,1.0,9.807834552124971,0.10000000149011612
292.653,1.0,9.890225116204885,0.10000000149011612
292.7,1.0,9.587812579257621,0.10000000149011612
292.753,1.0,9.862599535969396,0.10000000149011612
292.8,1.0,9.86273135640141,0.10000000149011612
292.866,1.0,9.807777175659107,0.10000000149011612
292.904,1.0,9.752905116830435,0.10000000149011612
292.958,1.0,9.807582998048101,0.10000000149011612
293.008,1.0,9.807643482026954,0.10000000149011612
293.054,1.0,9.917648819585642,0.10000000149011612
293.108,1.0,9.862670176559025,0.1022871807217598
293.153,1.0,9.835175269014305,0.10000000149011612
293.205,1.0,9.752862269265783,0.10000000149011612
293.255,1.0,9.75267680577106,0.10000000149011612
293.306,1.0,9.835065235632161,0.10000000149011612
293.355,1.0,9.835133266821504,0.10000000149011612
293.403,1.0,9.58812660622514,0.10000000149011612
293.456,1.0,9.862688395215406,0.10000000149011612
293.507,1.0,9.807937381126814,0.10000000149011612
293.556,1.0,9.807693926679592,0.10000000149011612
293.6,1.0,9.890244582171242,0.10000000149011612
293.656,1.0,9.75283795228849,0.10000000149011612
293.708,1.0,9.752808051432172,0.10000000149011612
293.754,1.0,9.697805607443055,0.10000000149011612
293.803,1.0,9.835100290903615,0.10000000149011612
293.853,1.0,9.780344538100891,0.10000000149011612
293.903,1.0,9.807930539713965,0.10000000149011612
293.956,1.0,9.75267800587333,0.10000000149011612
294.003,1.0,9.780500395906468,0.10000000149011612
294.052,1.0,9.780381591038571,0.10000000149011612
294.118,1.0,9.780521163634129,0.10000000149011612
294.156,1.0,9.862724935159916,0.10000000149011612
294.208,1.0,9.78006608279215,0.10000000149011612
294.256,1.0,9.890051611285243,0.10000000149011612
294.305,1.0,9.80772808363868,0.10000000149011612
294.355,1.0,9.86260912242449,0.10000000149011612
294.412,1.0,9.697771384028925,0.10000000149011612
294.456,1.0,9.72560799057699,0.10000000149011612
294.51,1.0,9.917633221008712,0.10000000149011612
294.556,1.0,9.725429794192314,0.10000000149011612
294.606,1.0,9.780347745948367,0.10000000149011612
294.659,1.0,9.780294623701936,0.10000000149011612
294.707,1.0,9.670200118194852,0.10000000149011612
294.758,1.0,9.807743986840878,0.10000000149011612
294.806,1.0,9.752734017930925,0.10000000149011612
294.869,1.0,9.752676742337645,0.10000000149011612
294.908,1.0,9.835410668783718,0.10000000149011612
294.96,1.0,9.752983285196953,0.10000000149011612
295.007,1.0,9.835036702122952,0.10000000149011612
295.076,1.0,9.86275001578033,0.10000000149011612
295.122,1.0,9.945133172244661,0.11184331029653549
295.156,1.0,9.8351747840229,0.10000000149011612
295.208,1.0,9.862500000020695,0.10000000149011612
295.266,1.0,9.862530538336271,0.10000000149011612
295.31,1.0,9.807628263388242,0.10000000149011612
295.356,1.0,9.753125128667389,0.10000000149011612
295.408,1.0,9.862500708177686,0.10000000149011612
295.458,1.0,9.808039318439032,0.10000000149011612
295.508,1.0,9.890156746179693,0.10000000149011612
295.561,1.0,9.807633265232047,0.10000000149011612
295.614,1.0,9.752870602202083,0.10000000149011612
295.668,1.0,9.725035812146961,0.10000000149011612
295.723,1.0,9.835275896493759,0.10000000149011612
295.76,1.0,9.75293330680579,0.10000000149011612
295.815,1.0,9.86296542065425,0.10000000149011612
295.859,1.0,9.835264603979885,0.10000000149011612
295.911,1.0,9.835212831820051,0.10000000149011612
295.961,1.0,9.835199022168915,0.10000000149011612
296.018,1.0,9.890122893018027,0.10000000149011612
296.061,1.0,9.835389368981122,0.10000000149011612
296.11,1.0,9.697976083494723,0.10000000149011612
296.157,1.0,9.752777012582454,0.10000000149011612
296.219,1.0,9.780064040608703,0.10000000149011612
296.266,1.0,9.862604011512465,0.10000000149011612
296.312,1.0,9.807722361903224,0.10000000149011612
296.364,1.0,9.725368645559582,0.10000000149011612
296.418,1.0,9.752715221068097,0.10000000149011612
296.462,1.0,9.807749613022638,0.10000000149011612
296.514,1.0,9.862754039445685,0.10000000149011612
296.568,1.0,9.89014522238738,0.10000000149011612
296.611,1.0,9.835136858146225,0.10000000149011612
296.663,1.0,9.94521933471163,0.13497261703014374
296.711,1.0,9.807833440498346,0.10000000149011612
296.761,1.0,9.89022476170212,0.10000000149011612
296.814,1.0,9.6979753230181,0.10000000149011612
296.861,1.0,9.917500000012417,0.10000000149011612
296.916,1.0,9.91751813783,0.10000000149011612
296.964,1.0,9.89010944157425,0.10000000149011612
297.019,1.0,9.835000000024836,0.10000000149011612
297.063,1.0,9.862527082715598,0.10000000149011612
297.114,1.0,9.835350443733235,0.11101537197828293
297.163,1.0,9.752830236177477,0.10000000149011612
297.216,1.0,9.890130760479305,0.10000000149011612
297.266,1.0,9.945104959172507,0.10920541733503342
297.317,1.0,9.725249534058902,0.10000000149011612
297.365,1.0,9.890149986267918,0.10000000149011612
297.43,1.0,9.69788548151652,0.10000000149011612
297.466,1.0,9.890187229195403,0.10000000149011612
297.515,1.0,9.752953367721704,0.10000000149011612
297.572,1.0,9.890048211606013,0.10000000149011612
297.612,1.0,9.890033905435768,0.10000000149011612
297.667,1.0,9.752929707057774,0.10000000149011612
297.718,1.0,9.83515709394382,0.10000000149011612
297.772,1.0,9.807795599061581,0.10000000149011612
297.828,1.0,9.752674654333127,0.10000000149011612
297.872,1.0,9.917590873605675,0.10000000149011612
297.919,1.0,9.890170108733905,0.10000000149011612
297.981,1.0,9.862655684952106,0.10000000149011612
298.021,1.0,9.807846402852899,0.10000000149011612
298.075,1.0,9.780000000033114,0.10000000149011612
298.123,1.0,9.752845114635097,0.10000000149011612
298.172,1.0,9.83528823968437,0.10000000149011612
298.222,1.0,9.807702595844036,0.10000000149011612
298.282,1.0,9.80774070152806,0.10000000149011612
298.33,1.0,9.862750562715034,0.10000000149011612
298.377,1.0,9.8354026682054,0.10000000149011612
298.429,1.0,9.72546005366991,0.10000000149011612
298.475,1.0,9.725590028572414,0.10000000149011612
298.529,1.0,9.89034816417843,0.11423014849424362
298.583,1.0,9.807796092993684,0.10000000149011612
298.626,1.0,9.94508700935791,0.10000000149011612
298.678,1.0,9.780236735298402,0.10000000149011612
298.728,1.0,9.862542561276092,0.10000000149011612
298.778,1.0,9.835355490528874,0.10000000149011612
298.828,1.0,9.643389761199554,0.10000000149011612
298.885,1.0,9.807730237311787,0.10000000149011612
298.928,1.0,9.89003849234432,0.10000000149011612
298.982,1.0,9.752692979719075,0.10000000149011612
299.035,1.0,9.780198006249137,0.10000000149011612
299.079,1.0,9.697871654542784,0.10000000149011612
299.13,1.0,9.698054827149544,0.10000000149011612
299.184,1.0,9.725481113211977,0.10000000149011612
299.226,1.0,9.780344080552458,0.10000000149011612
299.286,1.0,9.697875726574825,0.10000000149011612
299.33,1.0,9.697929507493972,0.10000000149011612
299.38,1.0,9.780193043831321,0.10000000149011612
299.433,1.0,9.72512902499487,0.10000000149011612
299.481,1.0,9.72535964678973,0.10000000149011612
299.531,1.0,9.807785202728377,0.10000000149011612
299.579,1.0,9.835076463615728,0.10000000149011612
299.631,1.0,9.89015716701332,0.10000000149011612
299.681,1.0,9.807707647213505,0.10000000149011612
299.733,1.0,9.725163356835644,0.10000000149011612
299.785,1.0,9.862858167828785,0.10000000149011612
299.838,1.0,9.890124948798782,0.10000000149011612
299.886,1.0,9.725251767266956,0.10000000149011612
299.948,1.0,9.86254991305371,0.10000000149011612
299.985,1.0,9.697905722032818,0.10000000149011612
300.037,1.0,9.83512347470969,0.10000000149011612
300.086,1.0,9.83506039198902,0.10000000149011612
300.136,1.0,9.780259466833538,0.10000000149011612
300.186,1.0,9.917539553261465,0.10000000149011612
300.237,1.0,9.670377661743098,0.10000000149011612
300.286,1.0,9.89005858908511,0.10000000149011612
300.343,1.0,9.780455016262001,0.10000000149011612
300.394,1.0,9.89015944349683,0.10000000149011612
300.438,1.0,9.752654526299901,0.10000000149011612
300.487,1.0,9.807687682699825,0.10000000149011612
300.536,1.0,9.862560777366161,0.10000000149011612
300.59,1.0,9.835165930353105,0.10000000149011612
300.641,1.0,9.86263057258394,0.10000000149011612
300.688,1.0,9.862634344212712,0.10000000149011612
300.737,1.0,9.780333423987031,0.10000000149011612
300.791,1.0,9.67035761113382,0.10000000149011612
300.845,1.0,9.698060610538555,0.10000000149011612
300.888,1.0,9.835545831132267,0.1161847859621048
300.939,1.0,9.835084528393216,0.10000000149011612
300.989,1.0,9.615910010557208,0.10000000149011612
301.049,1.0,9.83525894002782,0.10000000149011612
301.095,1.0,9.86260196454823,0.10000000149011612
301.15,1.0,9.753009150384202,0.10000000149011612
301.194,1.0,9.588099631087648,0.10000000149011612
301.242,1.0,9.780080812962519,0.10000000149011612
301.303,1.0,9.945108568647669,0.10000000149011612
301.343,1.0,9.780141192695332,0.10000000149011612
301.392,1.0,9.94513054550108,0.11657384783029556
301.451,1.0,9.780400835619204,0.10000000149011612
301.495,1.0,9.697647373461061,0.10000000149011612
301.541,1.0,9.89009876238803,0.10000000149011612
301.601,1.0,9.91750485441751,0.10000000149011612
301.647,1.0,9.780217086027067,0.10000000149011612
301.694,1.0,9.862633098620508,0.10000000149011612
301.752,1.0,9.807778613186544,0.10000000149011612
301.797,1.0,9.835021189745103,0.10000000149011612
301.85,1.0,9.643069537522065,0.10000000149011612
301.898,1.0,9.835233728691108,0.10000000149011612
301.95,1.0,9.807619581185282,0.10000000149011612
302.004,1.0,9.780115741822454,0.10000000149011612
302.053,1.0,9.780179473240342,0.10000000149011612
302.101,1.0,9.890034462118315,0.10000000149011612
302.149,1.0,9.890094146049686,0.10000000149011612
302.205,1.0,9.725550302594073,0.10000000149011612
302.255,1.0,9.75260946156664,0.10000000149011612
302.299,1.0,9.835143224087854,0.10000000149011612
302.344,1.0,9.86260780710727,0.10000000149011612
302.394,1.0,9.780210865889158,0.10000000149011612
302.45,1.0,9.80755773635788,0.10000000149011612
302.512,1.0,9.94503286998305,0.10000000149011612
302.549,1.0,9.835299876166715,0.10000000149011612
302.598,1.0,9.807727666054335,0.10000000149011612
302.65,1.0,9.807954423212342,0.10000000149011612
302.708,1.0,9.890099962531693,0.10000000149011612
302.758,1.0,9.752663877689177,0.10000000149011612
302.806,1.0,9.807703130009275,0.10000000149011612
302.855,1.0,9.697819442653822,0.10000000149011612
302.908,1.0,9.835118680964742,0.10000000149011612
302.959,1.0,9.862688734568655,0.10000000149011612
303.005,1.0,9.697741976173388,0.10000000149011612
303.055,1.0,9.72566310517076,0.10000000149011612
303.105,1.0,9.890264872068332,0.11832298338413239
303.156,1.0,9.890240092616942,0.10000000149011612
303.204,1.0,9.697898563018276,0.10000000149011612
303.264,1.0,9.835098357829782,0.10000000149011612
303.307,1.0,9.67052660325749,0.10000000149011612
303.358,1.0,9.807902528759506,0.10000000149011612
303.408,1.0,9.807651803083719,0.10000000149011612
303.459,1.0,9.780130663410658,0.10000000149011612
303.509,1.0,9.835221311284435,0.10000000149011612
303.557,1.0,9.890069850182368,0.10000000149011612
303.609,1.0,9.890138499376674,0.10000000149011612
303.659,1.0,9.917827705004148,0.13696345686912537
303.708,1.0,9.752944414441783,0.10000000149011612
303.758,1.0,9.752610948909489,0.10000000149011612
303.821,1.0,9.86274153277692,0.10000000149011612
303.861,1.0,9.615374372920229,0.10000000149011612
303.909,1.0,9.780235007529457,0.10000000149011612
303.959,1.0,9.697852271671097,0.10000000149011612
304.011,1.0,9.780435827250281,0.10000000149011612
304.064,1.0,9.862628036447697,0.10000000149011612
304.115,1.0,9.83512522617562,0.10000000149011612
304.162,1.0,9.862594864765803,0.10000000149011612
304.213,1.0,9.725357888473404,0.10000000149011612
304.258,1.0,9.725278393924237,0.10000000149011612
304.315,1.0,9.917504582616191,0.10000000149011612
304.362,1.0,9.862605673550732,0.10000000149011612
304.41,1.0,9.890254070009622,0.10000000149011612
304.462,1.0,9.862548893710805,0.10000000149011612
304.511,1.0,9.725470205499894,0.10000000149011612
304.559,1.0,9.753033261166678,0.10000000149011612
304.609,1.0,9.835157561591929,0.10000000149011612
304.659,1.0,9.83514675113062,0.10000000149011612
304.701,1.0,9.890059484541416,0.10000000149011612
304.76,1.0,9.807767527716027,0.10000000149011612
304.808,1.0,9.780390553321276,0.10000000149011612
304.864,1.0,9.83527426632742,0.10000000149011612
304.911,1.0,9.83532226000809,0.10000000149011612
304.959,1.0,9.725447254027758,0.10000000149011612
305.019,1.0,9.890155187745888,0.10680384188890457
305.061,1.0,9.807983791848851,0.10000000149011612
305.114,1.0,9.86258359733555,0.10000000149011612
305.159,1.0,9.89010069227467,0.10000000149011612
305.21,1.0,9.917604647576809,0.10000000149011612
305.262,1.0,9.80777981241958,0.10000000149011612
305.312,1.0,9.780185005068779,0.10000000149011612
305.367,1.0,9.752776223317616,0.10000000149011612
305.42,1.0,9.917741665595935,0.10000000149011612
305.464,1.0,9.6153327446017,0.10000000149011612
305.52,1.0,9.835051843668852,0.10000000149011612
305.566,1.0,9.807906600853634,0.10000000149011612
305.615,1.0,9.835189167513615,0.10000000149011612
305.668,1.0,9.83522893809196,0.10000000149011612
305.718,1.0,9.75267283819202,0.10000000149011612
305.773,1.0,9.587906884153684,0.10000000149011612
305.822,1.0,9.725186353052656,0.10000000149011612
305.878,1.0,9.807850043165187,0.10000000149011612
305.921,1.0,9.780320716628598,0.10000000149011612
305.968,1.0,9.862603361552788,0.10000000149011612
306.024,1.0,9.862607571772402,0.10000000149011612
306.073,1.0,9.80781668279734,0.10000000149011612
306.124,1.0,9.862720662169158,0.10000000149011612
306.174,1.0,9.890110600180924,0.10000000149011612
306.228,1.0,9.697867386539777,0.10000000149011612
306.272,1.0,9.670114918094542,0.10000000149011612
306.324,1.0,9.78038621439288,0.10000000149011612
306.376,1.0,9.78019388773375,0.10000000149011612
306.422,1.0,9.615585577550034,0.10000000149011612
306.476,1.0,9.615730530789328,0.10000000149011612
306.524,1.0,9.83525675220622,0.10000000149011612
306.577,1.0,9.86255157670627,0.10000000149011612
306.623,1.0,9.86258136547274,0.10000000149011612
306.677,1.0,9.835133618613083,0.10000000149011612
306.724,1.0,9.91775309222026,0.10000000149011612
306.785,1.0,9.86273912611521,0.10000000149011612
306.825,1.0,9.807594522978697,0.10000000149011612
306.874,1.0,9.890007081213925,0.10000000149011612
306.924,1.0,9.890220678266552,0.10000000149011612
306.974,1.0,9.835458074717058,0.10000000149011612
307.027,1.0,9.83518294458174,0.10000000149011612
307.078,1.0,9.835147015295094,0.10000000149011612
307.125,1.0,9.835325531164806,0.10000000149011612
307.176,1.0,9.86266260728654,0.10000000149011612
307.225,1.0,9.917566656010846,0.10000000149011612
307.277,1.0,9.807669664195014,0.10000000149011612
307.332,1.0,9.862669952213764,0.10000000149011612
307.378,1.0,9.890285470233195,0.10000000149011612
307.426,1.0,9.835425849817693,0.11723886430263519
307.484,1.0,9.86253061838862,0.10000000149011612
307.527,1.0,9.807739728006224,0.10000000149011612
307.58,1.0,9.807785132134127,0.10000000149011612
307.627,1.0,9.835205654758546,0.10000000149011612
307.677,1.0,9.890092235493164,0.10000000149011612
307.727,1.0,9.75290766937865,0.10000000149011612
307.779,1.0,9.64314051895506,0.10000000149011612
307.826,1.0,9.78030572661923,0.10000000149011612
307.882,1.0,9.80753847985632,0.10000000149011612
307.929,1.0,9.862600401747558,0.10000000149011612
307.991,1.0,9.917638307354517,0.10000000149011612
308.027,1.0,9.75286098195033,0.10000000149011612
308.076,1.0,9.752856841704084,0.10000000149011612
308.128,1.0,9.835401680113542,0.10000000149011612
308.176,1.0,9.835393009603852,0.10000000149011612
308.229,1.0,9.862704765527612,0.10000000149011612
308.285,1.0,9.80758170965645,0.10000000149011612
308.332,1.0,9.807857775584692,0.10000000149011612
308.38,1.0,9.890295181526906,0.10000000149011612
308.427,1.0,9.835195725038648,0.10000000149011612
308.483,1.0,9.725218945534692,0.10000000149011612
308.533,1.0,9.725374797648854,0.10000000149011612
308.582,1.0,9.7802659874575,0.10000000149011612
308.636,1.0,9.835101278519465,0.10000000149011612
308.682,1.0,9.89018091060635,0.10000000149011612
308.732,1.0,9.587962711954283,0.10000000149011612
308.79,1.0,9.835314712694121,0.10000000149011612
308.835,1.0,9.807569529943995,0.10000000149011612
308.886,1.0,9.780277507151995,0.10000000149011612
308.938,1.0,9.890018371264969,0.10000000149011612
308.986,1.0,9.917695223498676,0.10932617634534836
309.04,1.0,9.780505072718693,0.10000000149011612
309.086,1.0,9.780296074971556,0.10000000149011612
309.137,1.0,9.890414443467225,0.12224862724542618
309.192,1.0,9.835265825130046,0.10000000149011612
309.24,1.0,9.835019807041519,0.10000000149011612
309.295,1.0,9.890113205690351,0.10000000149011612
309.336,1.0,9.890100637926823,0.10000000149011612
309.391,1.0,9.835440451444851,0.10000000149011612
309.439,1.0,9.890145740306211,0.10000000149011612
309.499,1.0,9.807715883975227,0.10000000149011612
309.539,1.0,9.752819300587806,0.10000000149011612
309.591,1.0,9.752962082044945,0.10000000149011612
309.645,1.0,9.725242320137719,0.10000000149011612
309.697,1.0,9.807513927502765,0.10000000149011612
309.743,1.0,9.835062812641263,0.10000000149011612
309.793,1.0,9.807857733840743,0.10000000149011612
309.842,1.0,9.835233676847484,0.10000000149011612
309.896,1.0,9.807717371918262,0.10000000149011612
309.944,1.0,9.862805328228408,0.10000000149011612
310.001,1.0,9.725162462848756,0.10000000149011612
310.04,1.0,9.890008643704157,0.10000000149011612
310.101,1.0,9.80768549212565,0.10000000149011612
310.146,1.0,9.807981962524355,0.10000000149011612
310.195,1.0,9.807915079096952,0.10000000149011612
310.251,1.0,9.835209664867984,0.10000000149011612
310.301,1.0,9.725126570401093,0.10000000149011612
310.35,1.0,9.835066031912962,0.10000000149011612
310.397,1.0,9.862712013204064,0.10000000149011612
310.447,1.0,9.835233059773843,0.10000000149011612
310.498,1.0,9.807627934569286,0.10000000149011612
310.548,1.0,9.75276988171455,0.10000000149011612
310.607,1.0,9.835152372034887,0.10000000149011612
310.648,1.0,9.725491669028997,0.10000000149011612
310.698,1.0,9.917586423601541,0.10000000149011612
310.748,1.0,9.780487166903914,0.10000000149011612
310.81,1.0,9.835055133638283,0.10000000149011612
310.858,1.0,9.780244880790512,0.10000000149011612
310.905,1.0,9.862732034631902,0.10000000149011612
310.958,1.0,9.835141704500549,0.10000000149011612
311.006,1.0,9.890153928659856,0.10000000149011612
311.056,1.0,9.835065589244994,0.10000000149011612
311.107,1.0,9.862662176829245,0.10000000149011612
311.159,1.0,9.890125470629169,0.10000000149011612
311.205,1.0,9.560398522826533,0.10000000149011612
311.261,1.0,9.780300838334693,0.10000000149011612
311.313,1.0,9.862515098994805,0.10000000149011612
311.367,1.0,9.780057374884684,0.10000000149011612
311.412,1.0,9.835398194255928,0.10000000149011612
311.462,1.0,9.862658944022325,0.10000000149011612
311.513,1.0,9.835200830735266,0.10000000149011612
311.565,1.0,9.86267201407916,0.10000000149011612
311.617,1.0,9.697957401163876,0.10000000149011612
311.666,1.0,9.78034688120501,0.10000000149011612
311.718,1.0,9.862657046069701,0.10000000149011612
311.772,1.0,9.670548223476443,0.10000000149011612
311.817,1.0,9.78020335858067,0.10000000149011612
311.878,1.0,9.780192819051445,0.10000000149011612
311.915,1.0,9.945137029306757,0.10396027565002441
311.986,1.0,9.83508404623717,0.10000000149011612
312.016,1.0,9.835164917839897,0.10000000149011612
312.064,1.0,9.753094160991411,0.10000000149011612
312.115,1.0,9.698065532930196,0.10000000149011612
312.165,1.0,9.807645147666335,0.10000000149011612
312.215,1.0,9.780343047964076,0.10000000149011612
312.266,1.0,9.890223290357325,0.10000000149011612
312.322,1.0,9.61548911517279,0.10000000149011612
312.366,1.0,9.835150965655016,0.10000000149011612
312.414,1.0,9.83507391475141,0.10000000149011612
312.478,1.0,9.725413963343534,0.10000000149011612
312.517,1.0,9.780514346580539,0.10000000149011612
312.565,1.0,9.917650212368203,0.10000000149011612
312.615,1.0,9.807850669717624,0.10000000149011612
312.673,1.0,9.835039411526587,0.10000000149011612
312.71,1.0,9.862628565459616,0.10000000149011612
312.764,1.0,9.835040921738578,0.10000000149011612
312.821,1.0,9.697877599009209,0.10000000149011612
312.87,1.0,9.86260518481334,0.10000000149011612
312.915,1.0,9.780283224499888,0.10000000149011612
312.968,1.0,9.780156969486011,0.10000000149011612
313.016,1.0,9.780307870917023,0.10000000149011612
313.065,1.0,9.835381417618029,0.10000000149011612
313.116,1.0,9.8625520857051,0.10000000149011612
313.167,1.0,9.890223371858399,0.10000000149011612
313.218,1.0,9.890057559870183,0.10000000149011612
313.275,1.0,9.807771121896803,0.10000000149011612
313.315,1.0,9.807695851102471,0.10000000149011612
313.366,1.0,9.807576583139598,0.10000000149011612
313.417,1.0,9.80785716322975,0.10000000149011612
313.472,1.0,9.917765836707419,0.11937262117862701
313.525,1.0,9.890096559147867,0.10000000149011612
313.579,1.0,9.698231547036105,0.10000000149011612
313.622,1.0,9.807641562322775,0.10000000149011612
313.671,1.0,9.670292270369828,0.10000000149011612
313.722,1.0,9.752876216255956,0.10000000149011612
313.775,1.0,9.83516038701766,0.10000000149011612
313.82,1.0,9.862722531561221,0.10000000149011612
313.878,1.0,9.752762219061454,0.10000000149011612
313.921,1.0,9.697887246972984,0.10000000149011612
313.975,1.0,9.83518284002526,0.10000000149011612
314.022,1.0,9.725272526136703,0.10000000149011612
314.082,1.0,9.780169596336782,0.10000000149011612
314.126,1.0,9.752712111609677,0.10000000149011612
314.179,1.0,9.890205536327429,0.11064338684082031
314.227,1.0,9.780140938982367,0.10000000149011612
314.285,1.0,9.780286579475634,0.10000000149011612
314.338,1.0,9.917593919030494,0.10000000149011612
314.387,1.0,9.725394311630064,0.10000000149011612
314.434,1.0,9.862703893644115,0.10000000149011612
314.486,1.0,9.752844669359426,0.10000000149011612
314.536,1.0,9.752716101292107,0.10000000149011612
314.592,1.0,9.807609715892209,0.10000000149011612
314.644,1.0,9.862819384410978,0.10000000149011612
314.684,1.0,9.697879457908373,0.10000000149011612
314.734,1.0,9.780236523701912,0.10000000149011612
314.792,1.0,9.725217132208249,0.10000000149011612
314.84,1.0,9.862745004913045,0.10000000149011612
314.889,1.0,9.615400360007254,0.10000000149011612
314.941,1.0,9.697726827156213,0.10000000149011612
314.991,1.0,9.862617917151915,0.10000000149011612
315.042,1.0,9.807605393644836,0.10000000149011612
315.09,1.0,9.835151535976264,0.10000000149011612
315.158,1.0,9.862672387539513,0.10000000149011612
315.193,1.0,9.780098207315637,0.10000000149011612
315.24,1.0,9.83512106736501,0.10000000149011612
315.292,1.0,9.917577182294593,0.10000000149011612
315.346,1.0,9.780256544198426,0.10000000149011612
315.397,1.0,9.807726215240027,0.10000000149011612
315.443,1.0,9.752758198790252,0.10000000149011612
315.501,1.0,9.835314551802973,0.10546261072158813
315.548,1.0,9.835238470075032,0.10000000149011612
315.594,1.0,9.780337410130434,0.10000000149011612
315.643,1.0,9.862866430067355,0.10000000149011612
315.7,1.0,9.670245671189493,0.10000000149011612
315.742,1.0,9.725493965277241,0.10000000149011612
315.802,1.0,9.835235334643059,0.10000000149011612
315.845,1.0,9.835331005271938,0.10000000149011612
315.894,1.0,9.945102785589794,0.10000000149011612
315.951,1.0,9.862657254810134,0.10000000149011612
315.996,1.0,9.835127904804217,0.10000000149011612
316.041,1.0,9.780081507025493,0.10000000149011612
316.098,1.0,9.75250092320558,0.10000000149011612
316.144,1.0,9.67054418635865,0.10000000149011612
316.195,1.0,9.80758644706673,0.10000000149011612
316.256,1.0,9.780335610380604,0.10000000149011612
316.297,1.0,9.835264409519732,0.10000000149011612
316.348,1.0,9.807870004326105,0.10000000149011612
316.397,1.0,9.615804443218641,0.10000000149011612
316.446,1.0,9.80756421316829,0.10000000149011612
316.493,1.0,9.807745502578715,0.10000000149011612
316.541,1.0,9.835228296348618,0.10000000149011612
316.603,1.0,9.75297793870171,0.10000000149011612
316.655,1.0,9.835145670092768,0.10000000149011612
316.694,1.0,9.807690141701864,0.10000000149011612
316.75,1.0,9.945000000008278,0.10000000149011612
316.797,1.0,9.780110267218616,0.10000000149011612
316.845,1.0,9.725297758728265,0.10000000149011612
316.898,1.0,9.862621985417274,0.10000000149011612
316.952,1.0,9.835065171846914,0.10000000149011612
316.997,1.0,9.807671442131202,0.10000000149011612
317.048,1.0,9.890152759125662,0.10000000149011612
317.094,1.0,9.752690649343034,0.10000000149011612
317.154,1.0,9.752537581924763,0.10000000149011612
317.205,1.0,9.89011677927855,0.10000000149011612
317.246,1.0,9.670409884427984,0.10000000149011612
317.297,1.0,9.86251332283848,0.10000000149011612
317.347,1.0,9.917685434367094,0.10000000149011612
317.398,1.0,9.890166159429484,0.10000000149011612
317.455,1.0,9.725256121965746,0.10000000149011612
317.504,1.0,9.917555729755097,0.10000000149011612
317.547,1.0,9.807957930552464,0.10000000149011612
317.599,1.0,9.890137027597262,0.10000000149011612
317.648,1.0,9.670551930078203,0.10000000149011612
317.703,1.0,9.890118287317454,0.10000000149011612
317.76,1.0,9.835065576040911,0.10000000149011612
317.799,1.0,9.945000000008278,0.10000000149011612
317.849,1.0,9.697713826555345,0.10000000149011612
317.898,1.0,9.807978425961402,0.10000000149011612
317.957,1.0,9.725722078026998,0.10000000149011612
317.997,1.0,9.697891209750539,0.10000000149011612
318.053,1.0,9.8627238418493,0.10000000149011612
318.097,1.0,9.862642049665252,0.10000000149011612
318.151,1.0,9.835183131073912,0.10000000149011612
318.198,1.0,9.86269438293659,0.10000000149011612
318.248,1.0,9.78040554533816,0.10000000149011612
318.304,1.0,9.725438997066684,0.10000000149011612
318.349,1.0,9.725187852150864,0.10000000149011612
318.398,1.0,9.89011028079937,0.10000000149011612
318.449,1.0,9.780255083698366,0.10000000149011612
318.495,1.0,9.890332085846198,0.1235504150390625
318.551,1.0,9.80763838413275,0.10000000149011612
318.598,1.0,9.72534960479372,0.10000000149011612
318.657,1.0,9.780315972512795,0.10000000149011612
318.698,1.0,9.862754147955114,0.10000000149011612
318.748,1.0,9.917637360220153,0.10000000149011612
318.797,1.0,9.862763617663747,0.10000000149011612
318.846,1.0,9.862868155207899,0.10000000149011612
318.902,1.0,9.835060874931514,0.10000000149011612
318.954,1.0,9.780244213135706,0.10000000149011612
319.006,1.0,9.807752600788243,0.10000000149011612
319.048,1.0,9.890173741057515,0.10000000149011612
319.099,1.0,9.835041919102272,0.10000000149011612
319.15,1.0,9.91753166253782,0.10000000149011612
319.2,1.0,9.725212504818208,0.10000000149011612
319.258,1.0,9.752733715375264,0.10000000149011612
319.305,1.0,9.807593148160311,0.10000000149011612
319.35,1.0,9.91767154528449,0.10000000149011612
319.402,1.0,9.86253450130009,0.10000000149011612
319.455,1.0,9.752900587208568,0.10000000149011612
319.504,1.0,9.615189707072245,0.10000000149011612
319.558,1.0,9.780377243045304,0.10000000149011612
319.606,1.0,9.807662004977464,0.10000000149011612
319.668,1.0,9.862685613458355,0.10000000149011612
319.705,1.0,9.725440964164834,0.10000000149011612
319.755,1.0,9.697697575266163,0.10000000149011612
319.812,1.0,9.890070611755881,0.10000000149011612
319.855,1.0,9.835207612274422,0.10000000149011612
319.905,1.0,9.752946273609997,0.10000000149011612
319.958,1.0,9.697727851611045,0.10000000149011612
320.008,1.0,9.807695176617967,0.10000000149011612
320.072,1.0,9.83527890096108,0.10000000149011612
320.116,1.0,9.753246097928947,0.10000000149011612
320.163,1.0,9.725414464871088,0.10000000149011612
320.211,1.0,9.835243813300298,0.10000000149011612
320.264,1.0,9.752626072387729,0.10000000149011612
320.315,1.0,9.835358157609072,0.10000000149011612
320.364,1.0,9.725280109420419,0.10000000149011612
320.419,1.0,9.945025711817046,0.10000000149011612
320.465,1.0,9.862693119131857,0.10000000149011612
320.529,1.0,9.752887024502787,0.10000000149011612
320.565,1.0,9.725308203138411,0.10000000149011612
320.616,1.0,9.862868431334695,0.10000000149011612
320.663,1.0,9.725343799218535,0.10000000149011612
320.719,1.0,9.72545122117218,0.10000000149011612
320.762,1.0,9.83517290018499,0.10000000149011612
320.815,1.0,9.807685141989754,0.10000000149011612
320.864,1.0,9.615422305609616,0.10000000149011612
320.914,1.0,9.75277185305539,0.10000000149011612
320.963,1.0,9.807925631540517,0.10000000149011612
321.02,1.0,9.752752310968935,0.10000000149011612
321.067,1.0,9.807663738065296,0.10000000149011612
321.118,1.0,9.917735353629622,0.11704651266336441
321.165,1.0,9.670249566829039,0.10000000149011612
321.218,1.0,9.917666319488651,0.10000000149011612
321.263,1.0,9.862596879568365,0.10000000149011612
321.316,1.0,9.890233913498621,0.10000000149011612
321.371,1.0,9.917609979833166,0.10000000149011612
321.416,1.0,9.69780939736714,0.10000000149011612
321.463,1.0,9.780308740586042,0.10000000149011612
321.519,1.0,9.835331159561045,0.10000000149011612
321.568,1.0,9.752796400172842,0.10000000149011612
321.616,1.0,9.807661841520005,0.10000000149011612
321.673,1.0,9.8900814184919,0.10000000149011612
321.718,1.0,9.835200455743406,0.10000000149011612
321.769,1.0,9.807573022507132,0.10000000149011612
321.816,1.0,9.78021107411219,0.10000000149011612
321.864,1.0,9.835072590845327,0.10000000149011612
321.921,1.0,9.89009623852455,0.10000000149011612
321.972,1.0,9.807563124328023,0.10000000149011612
322.019,1.0,9.752725623961952,0.10000000149011612
322.068,1.0,9.643023355284498,0.10000000149011612
322.118,1.0,9.752715751777092,0.10000000149011612
322.167,1.0,9.917662011045548,0.10000000149011612
322.216,1.0,9.697732634324995,0.10000000149011612
322.267,1.0,9.862500000020695,0.10000000149011612
322.317,1.0,9.835175183084276,0.10000000149011612
322.369,1.0,9.835187796358433,0.10000000149011612
322.43,1.0,9.945000000008278,0.10000000149011612
322.462,1.0,9.890136469528079,0.10000000149011612
322.519,1.0,9.725237623353799,0.10000000149011612
322.569,1.0,9.780524862702523,0.10000000149011612
322.617,1.0,9.890175588304798,0.10000000149011612
322.668,1.0,9.9451095248676,0.11777831614017487
322.717,1.0,9.86258753095236,0.10000000149011612
322.769,1.0,9.917661683696013,0.11416719108819962
322.824,1.0,9.72519677904331,0.10000000149011612
322.867,1.0,9.642891506726544,0.10000000149011612
322.923,1.0,9.807571978949838,0.10000000149011612
322.968,1.0,9.78040164510409,0.10000000149011612
323.017,1.0,9.80764486146056,0.10000000149011612
323.069,1.0,9.752738001383841,0.10000000149011612
323.116,1.0,9.890212069575986,0.10000000149011612
323.168,1.0,9.780070369814833,0.10000000149011612
323.216,1.0,9.835141701168483,0.10000000149011612
323.269,1.0,9.83519696680208,0.10000000149011612
323.32,1.0,9.862568051637046,0.10000000149011612
323.37,1.0,9.835260979189641,0.10000000149011612
323.423,1.0,9.780309759142499,0.10000000149011612
323.471,1.0,9.643011626559828,0.10000000149011612
323.518,1.0,9.670330480072234,0.10000000149011612
323.57,1.0,9.835091421649688,0.10000000149011612
323.62,1.0,9.83538274779502,0.10000000149011612
323.673,1.0,9.917500000012417,0.10000000149011612
323.718,1.0,9.862624926285612,0.10000000149011612
323.768,1.0,9.835143129548264,0.10000000149011612
323.82,1.0,9.780431025992666,0.10000000149011612
323.87,1.0,9.725462196477585,0.10000000149011612
323.918,1.0,9.780236703881787,0.10000000149011612
323.977,1.0,9.697571673782335,0.10000000149011612
324.023,1.0,9.752807288347848,0.10000000149011612
324.071,1.0,9.835058706419336,0.10000000149011612
324.123,1.0,9.752853881898854,0.10000000149011612
324.172,1.0,9.835160167329013,0.10000000149011612
324.228,1.0,9.807535182353522,0.10000000149011612
324.275,1.0,9.862631573362483,0.10000000149011612
324.323,1.0,9.835279513295326,0.10000000149011612
324.375,1.0,9.862668167592751,0.10000000149011612
324.425,1.0,9.83505916742401,0.10000000149011612
324.475,1.0,9.752956848715742,0.10000000149011612
324.53,1.0,9.917529989716908,0.10000000149011612
324.573,1.0,9.78015632405877,0.10000000149011612
324.63,1.0,9.72558127320889,0.10000000149011612
324.674,1.0,9.807528119824,0.10000000149011612
324.723,1.0,9.725158249090116,0.10000000149011612
324.773,1.0,9.780374752481778,0.10000000149011612
324.825,1.0,9.75282512071232,0.10000000149011612
324.879,1.0,9.725311159549488,0.10000000149011612
324.923,1.0,9.752941463142633,0.10000000149011612
324.974,1.0,9.75297245165954,0.10000000149011612
325.024,1.0,9.86250325118502,0.10000000149011612
325.074,1.0,9.807617237439587,0.10000000149011612
325.125,1.0,9.862606674101617,0.10000000149011612
325.175,1.0,9.83512553344998,0.10000000149011612
325.225,1.0,9.890076033212244,0.10000000149011612
325.275,1.0,9.890112382235626,0.10000000149011612
325.335,1.0,9.780066114270852,0.10000000149011612
325.374,1.0,9.835186053998768,0.10000000149011612
325.437,1.0,9.835084765135415,0.10000000149011612
325.475,1.0,9.807858850372334,0.10000000149011612
325.526,1.0,9.862537922151386,0.10000000149011612
325.581,1.0,9.75310627669096,0.10000000149011612
325.628,1.0,9.780355737958518,0.10000000149011612
325.677,1.0,9.80752623575843,0.10000000149011612
325.729,1.0,9.89012033564763,0.10000000149011612
325.779,1.0,9.752786179942389,0.10000000149011612
325.827,1.0,9.890128994174301,0.10000000149011612
325.881,1.0,9.862746593852838,0.10000000149011612
325.929,1.0,9.945108642698163,0.10000000149011612
325.988,1.0,9.780251519754529,0.10000000149011612
326.027,1.0,9.807685425029034,0.10000000149011612
326.077,1.0,9.945131109427248,0.10000000149011612
326.128,1.0,9.890153768575853,0.10000000149011612
326.18,1.0,9.75266856023421,0.10000000149011612
326.231,1.0,9.752790455520152,0.10000000149011612
326.277,1.0,9.698009392826094,0.10000000149011612
326.331,1.0,9.835261140743064,0.10000000149011612
326.388,1.0,9.91752046915806,0.10000000149011612
326.432,1.0,9.835227976946367,0.10000000149011612
326.482,1.0,9.862565706173578,0.10000000149011612
326.545,1.0,9.78022004817095,0.10000000149011612
326.584,1.0,9.780123982019722,0.10000000149011612
326.632,1.0,9.917551706627838,0.10000000149011612
326.68,1.0,9.890231927691234,0.10000000149011612
326.736,1.0,9.835309631067018,0.10000000149011612
326.78,1.0,9.862616326349476,0.10000000149011612
326.821,1.0,9.752658617268834,0.10000000149011612
326.884,1.0,9.835048222976427,0.10000000149011612
326.939,1.0,9.643008426080147,0.10000000149011612
326.986,1.0,9.75260771871027,0.10000000149011612
327.037,1.0,9.835383865257931,0.10000000149011612
327.088,1.0,9.78020453306122,0.10000000149011612
327.135,1.0,9.780200539570716,0.10000000149011612
327.189,1.0,9.835203594528139,0.10000000149011612
327.236,1.0,9.752752716715138,0.10000000149011612
327.288,1.0,9.835123381660216,0.10000000149011612
327.338,1.0,9.6979254340546,0.10000000149011612
327.384,1.0,9.752858441530002,0.10000000149011612
327.436,1.0,9.807660740117232,0.10000000149011612
327.493,1.0,9.780365105759767,0.10000000149011612
327.542,1.0,9.890142322538628,0.10000000149011612
327.585,1.0,9.835108330618176,0.10000000149011612
327.639,1.0,9.752847457532253,0.10000000149011612
327.685,1.0,9.807677599332399,0.10000000149011612
327.74,1.0,9.780327208733393,0.10000000149011612
327.787,1.0,9.72529050188346,0.10000000149011612
327.847,1.0,9.807560660938423,0.10000000149011612
327.887,1.0,9.862586301627259,0.10000000149011612
327.938,1.0,9.780284625374609,0.10000000149011612
327.986,1.0,9.862647301020722,0.10000000149011612
328.039,1.0,9.807668754479124,0.10000000149011612
328.086,1.0,9.890124075549345,0.10000000149011612
328.136,1.0,9.917591442250544,0.10000000149011612
328.185,1.0,9.835243597316245,0.10000000149011612
328.235,1.0,9.780224447821578,0.10000000149011612
328.301,1.0,9.698011913688646,0.10000000149011612
328.336,1.0,9.780297823105421,0.10000000149011612
328.389,1.0,9.807891983663042,0.10000000149011612
328.44,1.0,9.890146550101539,0.10000000149011612
328.486,1.0,9.890235719747013,0.10000000149011612
328.532,1.0,9.83519894975341,0.10000000149011612
328.587,1.0,9.807891927638815,0.10000000149011612
328.638,1.0,9.752921897814506,0.10000000149011612
328.689,1.0,9.780410124195946,0.10000000149011612
328.741,1.0,9.862602444655366,0.10000000149011612
328.786,1.0,9.890105198323727,0.10000000149011612
328.827,1.0,9.862589418246515,0.10000000149011612
328.888,1.0,9.752782062627375,0.10000000149011612
328.936,1.0,9.83521161828604,0.10000000149011612
328.987,1.0,9.890044448048704,0.10000000149011612
329.036,1.0,9.835210270310442,0.10000000149011612
329.09,1.0,9.862603117691146,0.10000000149011612
329.137,1.0,9.835152910194463,0.10000000149011612
329.188,1.0,9.725429217682944,0.10000000149011612
329.233,1.0,9.890103803388774,0.10000000149011612
329.285,1.0,9.780363008338544,0.10000000149011612
329.34,1.0,9.780147796103524,0.10000000149011612
329.388,1.0,9.725149206299749,0.10000000149011612
329.448,1.0,9.890319315778713,0.10000000149011612
329.487,1.0,9.78008087006294,0.10000000149011612
329.536,1.0,9.83513996127165,0.10000000149011612
329.589,1.0,9.80770305831813,0.10000000149011612
329.636,1.0,9.78019386931426,0.10000000149011612
329.688,1.0,9.752720951371723,0.10000000149011612
329.74,1.0,9.862748382778632,0.10000000149011612
329.788,1.0,9.725372636690736,0.10000000149011612
329.839,1.0,9.80782133427759,0.10000000149011612
329.888,1.0,9.80763874443041,0.10000000149011612
329.937,1.0,9.697879299004045,0.10000000149011612
329.992,1.0,9.835232623604437,0.10000000149011612
330.036,1.0,9.835089828549988,0.10000000149011612
330.09,1.0,9.780246221087873,0.10000000149011612
330.138,1.0,9.697941475775506,0.10000000149011612
330.189,1.0,9.945044455056388,0.10000000149011612
330.249,1.0,9.780322472523483,0.10000000149011612
330.305,1.0,9.835119905633231,0.10000000149011612
330.339,1.0,9.67038588323113,0.10000000149011612
330.4,1.0,9.72529644937151,0.10000000149011612
330.447,1.0,9.807817792002526,0.10000000149011612
330.494,1.0,9.780329780342678,0.10000000149011612
330.542,1.0,9.697708215916322,0.10000000149011612
330.594,1.0,9.78032067221486,0.10000000149011612
330.646,1.0,9.862521945498884,0.10000000149011612
330.691,1.0,9.807800401209128,0.10000000149011612
330.741,1.0,9.86262927978403,0.10000000149011612
330.791,1.0,9.862514689771665,0.10000000149011612
330.845,1.0,9.725478227933248,0.10000000149011612
330.891,1.0,9.835044822634922,0.10000000149011612
330.943,1.0,9.670489061727292,0.10000000149011612
330.991,1.0,9.670188637864259,0.10000000149011612
331.042,1.0,9.752842629721595,0.10000000149011612
331.091,1.0,9.78032480393433,0.10000000149011612
331.138,1.0,9.917556243348454,0.10000000149011612
331.197,1.0,9.862500000020695,0.10000000149011612
331.243,1.0,9.752691216394306,0.10000000149011612
331.292,1.0,9.780339605650967,0.10000000149011612
331.344,1.0,9.752776669441825,0.10000000149011612
331.395,1.0,9.807890989631414,0.10000000149011612
331.441,1.0,9.642811874734859,0.10000000149011612
331.495,1.0,9.862503017154005,0.10000000149011612
331.54,1.0,9.697901491655244,0.10000000149011612
331.6,1.0,9.725286013239788,0.10000000149011612
331.642,1.0,9.807515059742663,0.10000000149011612
331.691,1.0,9.83504154202011,0.10000000149011612
331.744,1.0,9.890075141129394,0.10000000149011612
331.785,1.0,9.890199031680822,0.10000000149011612
331.841,1.0,9.697872071795993,0.10000000149011612
331.893,1.0,9.697854366008606,0.10000000149011612
331.945,1.0,9.862670114408765,0.10000000149011612
331.992,1.0,9.780232159607113,0.10000000149011612
332.043,1.0,9.752833448847134,0.10000000149011612
332.092,1.0,9.725360663214492,0.10000000149011612
332.15,1.0,9.780363569553527,0.10000000149011612
332.196,1.0,9.780341342381305,0.10000000149011612
332.244,1.0,9.780396139269902,0.10000000149011612
332.304,1.0,9.835240853764116,0.10000000149011612
332.348,1.0,9.780295714839465,0.10000000149011612
332.395,1.0,9.780247050627239,0.10000000149011612
332.444,1.0,9.72517410017964,0.10000000149011612
332.502,1.0,9.752859018287724,0.10000000149011612
332.545,1.0,9.752684353043636,0.10000000149011612
332.595,1.0,9.697916842583153,0.10000000149011612
332.649,1.0,9.78032328962452,0.10000000149011612
332.697,1.0,9.83522948740671,0.10000000149011612
332.747,1.0,9.835075023687548,0.10000000149011612
332.805,1.0,9.862604802495076,0.10000000149011612
332.855,1.0,9.69772672255834,0.10000000149011612
332.903,1.0,9.752977213594649,0.10000000149011612
332.955,1.0,9.752627280478675,0.10000000149011612
333.005,1.0,9.780303645858334,0.10000000149011612
333.056,1.0,9.862763131471972,0.10000000149011612
333.102,1.0,9.862705588733984,0.10000000149011612
333.151,1.0,9.835180159430537,0.10000000149011612
333.202,1.0,9.917500000012417,0.10000000149011612
333.248,1.0,9.86266613267362,0.10000000149011612
333.301,1.0,9.917706156791084,0.10037726908922195
333.352,1.0,9.917563746766083,0.10000000149011612
333.404,1.0,9.835135720235606,0.10000000149011612
333.451,1.0,9.697795642746819,0.10000000149011612
333.502,1.0,9.862713819804291,0.10000000149011612
333.557,1.0,9.697616664713456,0.10000000149011612
333.605,1.0,9.725613542149464,0.10000000149011612
333.67,1.0,9.780420272321336,0.10000000149011612
333.709,1.0,9.835225747918917,0.10000000149011612
333.757,1.0,9.780375576081376,0.10000000149011612
333.806,1.0,9.643188705316021,0.10000000149011612
333.855,1.0,9.780202322618829,0.10000000149011612
333.908,1.0,9.945230220796333,0.13500672578811646
333.957,1.0,9.835176763331724,0.10000000149011612
334.01,1.0,9.725379193553493,0.10000000149011612
334.056,1.0,9.807700030112432,0.10000000149011612
334.108,1.0,9.862916239309643,0.11679662764072418
334.166,1.0,9.780238391252027,0.10000000149011612
334.21,1.0,9.807500000028975,0.10000000149011612
334.262,1.0,9.725380041098429,0.10000000149011612
334.314,1.0,9.807888056110176,0.10000000149011612
334.359,1.0,9.86283457585507,0.10187606513500214
334.409,1.0,9.69762729321503,0.10000000149011612
334.461,1.0,9.835168197295731,0.10000000149011612
334.511,1.0,9.835283713104824,0.10000000149011612
334.561,1.0,9.697635083148876,0.10000000149011612
334.62,1.0,9.862777728132075,0.10000000149011612
334.659,1.0,9.80777504514489,0.10000000149011612
334.71,1.0,9.78027367954039,0.10000000149011612
334.757,1.0,9.752653370487193,0.10000000149011612
334.816,1.0,9.862755052207245,0.10000000149011612
334.862,1.0,9.697891755567657,0.10000000149011612
334.912,1.0,9.807836317333082,0.10000000149011612
334.967,1.0,9.697999592249593,0.10000000149011612
335.014,1.0,9.615320356852479,0.10000000149011612
335.073,1.0,9.807629250590171,0.10000000149011612
335.12,1.0,9.725309675166177,0.10000000149011612
335.165,1.0,9.917620230052206,0.10000000149011612
335.213,1.0,9.862636488179366,0.10000000149011612
335.278,1.0,9.86269224424743,0.10000000149011612
335.324,1.0,9.835266326181591,0.10000000149011612
335.38,1.0,9.890198340349727,0.10000000149011612
335.42,1.0,9.835313884023991,0.10000000149011612
335.475,1.0,9.890210923697385,0.10000000149011612
335.522,1.0,9.78032760899514,0.10000000149011612
335.58,1.0,9.725435798263383,0.10000000149011612
335.622,1.0,9.780370911562608,0.10000000149011612
335.675,1.0,9.862585639477604,0.10000000149011612
335.722,1.0,9.835098264925183,0.10000000149011612
335.773,1.0,9.588008355059557,0.10000000149011612
335.837,1.0,9.807945631340974,0.10000000149011612
335.876,1.0,9.780157618266013,0.10000000149011612
335.921,1.0,9.890148966800835,0.10000000149011612
335.98,1.0,9.862784669341313,0.10000000149011612
336.021,1.0,9.807757899413506,0.10000000149011612
336.073,1.0,9.752877086649338,0.10000000149011612
336.126,1.0,9.780383176522122,0.10000000149011612
336.175,1.0,9.917748278317353,0.10000000149011612
336.224,1.0,9.752722002690037,0.10000000149011612
336.271,1.0,9.917641551399397,0.10000000149011612
336.323,1.0,9.6978361191435,0.10000000149011612
336.38,1.0,9.67006397040354,0.10000000149011612
336.428,1.0,9.64286405108869,0.10000000149011612
336.476,1.0,9.835403846618203,0.10000000149011612
336.527,1.0,9.862808995611138,0.10000000149011612
336.576,1.0,9.835310516071816,0.10000000149011612
336.629,1.0,9.890000000016556,0.10000000149011612
336.676,1.0,9.835185814255642,0.10000000149011612
336.739,1.0,9.615472079461647,0.10000000149011612
336.776,1.0,9.807823317394488,0.10000000149011612
336.826,1.0,9.835224074477123,0.10000000149011612
336.879,1.0,9.835269184907277,0.10000000149011612
336.928,1.0,9.835142584641774,0.10000000149011612
336.982,1.0,9.83518420867622,0.10000000149011612
337.031,1.0,9.807730390793747,0.10000000149011612
337.082,1.0,9.752654590023061,0.10000000149011612
337.135,1.0,9.642873469843632,0.10000000149011612
337.182,1.0,9.890067411483162,0.10000000149011612
337.235,1.0,9.752653856906626,0.10000000149011612
337.289,1.0,9.670574451030957,0.10000000149011612
337.331,1.0,9.862673600080113,0.10000000149011612
337.38,1.0,9.725484710786905,0.10000000149011612
337.443,1.0,9.807647641210092,0.10000000149011612
337.482,1.0,9.780096933287052,0.10000000149011612
337.529,1.0,9.807806465609206,0.10000000149011612
337.58,1.0,9.890335954829222,0.10000000149011612
337.633,1.0,9.83511897575938,0.10000000149011612
337.681,1.0,9.753153269758656,0.10000000149011612
337.73,1.0,9.780397396410505,0.10000000149011612
337.788,1.0,9.80799369532615,0.10000000149011612
337.839,1.0,9.862531524089475,0.10000000149011612
337.887,1.0,9.697725275034706,0.10000000149011612
337.948,1.0,9.807804779708386,0.10000000149011612
337.985,1.0,9.67006900391231,0.10000000149011612
338.038,1.0,9.780189353186223,0.10000000149011612
338.087,1.0,9.835274065099657,0.10000000149011612
338.152,1.0,9.807732468450235,0.10000000149011612
338.194,1.0,9.862647067900333,0.10000000149011612
338.239,1.0,9.862540343031288,0.10000000149011612
338.288,1.0,9.780183220799598,0.10000000149011612
338.343,1.0,9.752742490068906,0.10000000149011612
338.385,1.0,9.78032081120958,0.10000000149011612
338.436,1.0,9.862756525187029,0.10000000149011612
338.487,1.0,9.725605318695306,0.10000000149011612
338.537,1.0,9.587893962860107,0.10000000149011612
338.597,1.0,9.752689388973845,0.10000000149011612
338.636,1.0,9.835195783277353,0.10000000149011612
338.689,1.0,9.752952868470715,0.10000000149011612
338.739,1.0,9.725262037416298,0.10000000149011612
338.786,1.0,9.78024470400479,0.10000000149011612
338.835,1.0,9.807553696197768,0.10000000149011612
338.895,1.0,9.670169581348697,0.10000000149011612
338.941,1.0,9.807814949564635,0.10000000149011612
338.988,1.0,9.862661095563736,0.10000000149011612
339.045,1.0,9.75283315386623,0.10000000149011612
339.098,1.0,9.917538850630324,0.10000000149011612
339.144,1.0,9.752905644828246,0.10000000149011612
339.195,1.0,9.83507185632156,0.10000000149011612
339.252,1.0,9.780374473933545,0.10000000149011612
339.292,1.0,9.835000000024836,0.10000000149011612
339.343,1.0,9.780120933283534,0.10000000149011612
339.4,1.0,9.835137882456184,0.10000000149011612
339.444,1.0,9.890183574064737,0.10000000149011612
339.5,1.0,9.917568697407841,0.10000000149011612
339.548,1.0,9.862748153838847,0.10000000149011612
339.598,1.0,9.752696242990593,0.10000000149011612
339.65,1.0,9.917709849319523,0.10882487148046494
339.701,1.0,9.83525716509256,0.10000000149011612
339.754,1.0,9.835157268784112,0.10000000149011612
339.806,1.0,9.78032400953687,0.10000000149011612
339.852,1.0,9.862688006522754,0.10000000149011612
339.909,1.0,9.752929652565056,0.10000000149011612
339.957,1.0,9.835242751799523,0.10000000149011612
340.008,1.0,9.78020674292412,0.10000000149011612
340.063,1.0,9.752903118667502,0.10000000149011612
340.122,1.0,9.725194670384129,0.10000000149011612
340.169,1.0,9.752722345292568,0.10000000149011612
340.204,1.0,9.753030660748482,0.10000000149011612
340.255,1.0,9.807696077496642,0.10000000149011612
340.3,1.0,9.835114432105588,0.10000000149011612
340.355,1.0,9.862740620122187,0.10000000149011612
340.404,1.0,9.780100166694158,0.10000000149011612
340.464,1.0,9.780410318014523,0.10000000149011612
340.508,1.0,9.890192489553657,0.10000000149011612
340.554,1.0,9.835139042366709,0.10000000149011612
340.603,1.0,9.890268521900806,0.10000000149011612
340.655,1.0,9.780330169035329,0.10000000149011612
340.705,1.0,9.752977618616487,0.10000000149011612
340.757,1.0,9.807635002686746,0.10000000149011612
340.817,1.0,9.807780219531722,0.10000000149011612
340.855,1.0,9.835067049765753,0.10000000149011612
340.906,1.0,9.780176680535078,0.10000000149011612
340.959,1.0,9.807674820265836,0.10000000149011612
341.005,1.0,9.807730734079248,0.10000000149011612
341.065,1.0,9.890165438979036,0.10000000149011612
341.105,1.0,9.9450706915516,0.10000000149011612
341.155,1.0,9.862500362636315,0.10000000149011612
341.205,1.0,9.807915237090654,0.10000000149011612
341.263,1.0,9.835261417759789,0.10000000149011612
341.305,1.0,9.752643825693262,0.10000000149011612
341.357,1.0,9.780192367008162,0.10000000149011612
341.405,1.0,9.69792794280996,0.10000000149011612
341.459,1.0,9.780273328804308,0.10000000149011612
341.504,1.0,9.807761566175355,0.10000000149011612
341.562,1.0,9.725417349363367,0.10000000149011612
341.606,1.0,9.80762762123098,0.10000000149011612
341.656,1.0,9.807777328789234,0.10000000149011612
341.706,1.0,9.890213358153899,0.10000000149011612
341.755,1.0,9.890440909398926,0.12096621096134186
341.813,1.0,9.725156520990033,0.10000000149011612
341.857,1.0,9.780267922787203,0.10000000149011612
341.909,1.0,9.83516911011603,0.10000000149011612
341.959,1.0,9.862673695695896,0.10000000149011612
342.006,1.0,9.725468677240942,0.10000000149011612
342.06,1.0,9.752755507081748,0.10000000149011612
342.107,1.0,9.697769945984085,0.10000000149011612
342.161,1.0,9.945139547147685,0.11581286787986755
342.21,1.0,9.917679396126832,0.10000000149011612
342.259,1.0,9.890070889952282,0.10000000149011612
342.312,1.0,9.807743313949969,0.10000000149011612
342.36,1.0,9.780037027080025,0.10000000149011612
342.409,1.0,9.835104823878241,0.10000000149011612
342.457,1.0,9.862736577788988,0.10000000149011612
342.511,1.0,9.80767108377897,0.10000000149011612
342.559,1.0,9.862713006014625,0.10000000149011612
342.607,1.0,9.945000923859576,0.10000000149011612
342.66,1.0,9.725372247522076,0.10000000149011612
342.709,1.0,9.835096042541165,0.10000000149011612
342.759,1.0,9.807744454820122,0.10000000149011612
342.811,1.0,9.72570169777092,0.10000000149011612
342.86,1.0,9.835219235801034,0.10000000149011612
342.913,1.0,9.835012207407917,0.10000000149011612
342.97,1.0,9.752761822980311,0.10000000149011612
343.021,1.0,9.752887364828752,0.10000000149011612
343.067,1.0,9.835082570856644,0.10000000149011612
343.121,1.0,9.835070043243467,0.10000000149011612
343.169,1.0,9.835230618508326,0.10000000149011612
343.219,1.0,9.86280643546747,0.11340443789958954
343.269,1.0,9.780160101027125,0.10000000149011612
343.322,1.0,9.7803244775989,0.10000000149011612
343.378,1.0,9.835275076929893,0.10000000149011612
343.424,1.0,9.725283709209826,0.10000000149011612
343.481,1.0,9.752832351728445,0.10000000149011612
343.524,1.0,9.72545663718548,0.10000000149011612
343.574,1.0,9.753078440494008,0.10000000149011612
343.631,1.0,9.75272455016772,0.10000000149011612
343.676,1.0,9.91767277409219,0.10000000149011612
343.729,1.0,9.752936582619117,0.10000000149011612
343.778,1.0,9.835443704057898,0.11445825546979904
343.827,1.0,9.835352084951268,0.10000000149011612
343.877,1.0,9.780269271776907,0.10000000149011612
343.926,1.0,9.945007196317116,0.10000000149011612
343.976,1.0,9.890012253820895,0.10000000149011612
344.033,1.0,9.780412863381207,0.10000000149011612
344.08,1.0,9.807786435633897,0.10000000149011612
344.141,1.0,9.86256663488845,0.10000000149011612
344.183,1.0,9.945130235722495,0.10000000149011612
344.229,1.0,9.807807028045257,0.10000000149011612
344.279,1.0,9.835270028209521,0.10000000149011612
344.335,1.0,9.86253218135486,0.10000000149011612
344.387,1.0,9.835062583825655,0.10000000149011612
344.438,1.0,9.86292928715961,0.10000000149011612
344.481,1.0,9.7253611187968,0.10000000149011612
344.531,1.0,9.862789496344824,0.10000000149011612
344.581,1.0,9.753032699517078,0.10000000149011612
344.647,1.0,9.862697654527922,0.10000000149011612
344.681,1.0,9.72550883508391,0.10000000149011612
344.73,1.0,9.890136734251346,0.10000000149011612
344.795,1.0,9.807882521115243,0.10000000149011612
344.841,1.0,9.725151707045734,0.10000000149011612
344.89,1.0,9.780356263679762,0.10000000149011612
344.941,1.0,9.807757761515678,0.10000000149011612
344.99,1.0,9.862544954588843,0.10000000149011612
345.048,1.0,9.780285776261653,0.10000000149011612
345.096,1.0,9.670223912845055,0.10000000149011612
345.145,1.0,9.835044687634541,0.10000000149011612
345.197,1.0,9.83527487559865,0.10000000149011612
345.245,1.0,9.86262258730001,0.10000000149011612
345.304,1.0,9.752830961077578,0.10000000149011612
345.336,1.0,9.917514690798189,0.10000000149011612
345.4,1.0,9.917510218794147,0.10000000149011612
345.447,1.0,9.7251243400284,0.10000000149011612
345.5,1.0,9.780257450126939,0.10000000149011612
345.55,1.0,9.725231436370976,0.10000000149011612
345.596,1.0,9.807761279245218,0.10000000149011612
345.649,1.0,9.945000000008278,0.10000000149011612
345.699,1.0,9.807747864350677,0.10000000149011612
345.747,1.0,9.890137115824555,0.10000000149011612
345.8,1.0,9.835163251579635,0.10000000149011612
345.861,1.0,9.80759536812289,0.10000000149011612
345.896,1.0,9.670446432568133,0.10000000149011612
345.949,1.0,9.86256384988212,0.10000000149011612
345.999,1.0,9.7526030993503,0.10000000149011612
346.049,1.0,9.752822354932626,0.10000000149011612
346.102,1.0,9.89022107699679,0.10000000149011612
346.148,1.0,9.807753814405038,0.10000000149011612
346.197,1.0,9.83513550216125,0.10000000149011612
346.253,1.0,9.917556766834524,0.10000000149011612
346.298,1.0,9.835291375613046,0.10000000149011612
346.351,1.0,9.725358024963903,0.10000000149011612
346.398,1.0,9.670279965942932,0.10000000149011612
346.452,1.0,9.917625023486714,0.10000000149011612
346.507,1.0,9.862542686694198,0.10000000149011612
346.56,1.0,9.917500000012417,0.10000000149011612
346.603,1.0,9.835142053167026,0.10000000149011612
346.649,1.0,9.945000000008278,0.10000000149011612
346.703,1.0,9.780292688744764,0.10000000149011612
346.754,1.0,9.75301015412228,0.10000000149011612
346.805,1.0,9.780442073092692,0.10000000149011612
346.859,1.0,9.752654747002655,0.10000000149011612
346.91,1.0,9.697817618730996,0.10000000149011612
346.961,1.0,9.780257477507822,0.10000000149011612
347.011,1.0,9.75293825649553,0.10000000149011612
347.06,1.0,9.752780627955993,0.10000000149011612
347.108,1.0,9.780246009284424,0.10000000149011612
347.164,1.0,9.780234425721897,0.10000000149011612
347.208,1.0,9.69773396814449,0.10000000149011612
347.26,1.0,9.5880091805218,0.10000000149011612
347.31,1.0,9.78012580085132,0.10000000149011612
347.36,1.0,9.83529001120478,0.10000000149011612
347.409,1.0,9.725391562365823,0.10000000149011612
347.459,1.0,9.780522092742224,0.10000000149011612
347.508,1.0,9.752783933819996,0.10000000149011612
347.561,1.0,9.67066217234565,0.10000000149011612
347.609,1.0,9.808042508612077,0.10000000149011612
347.661,1.0,9.890272899220387,0.10000000149011612
347.71,1.0,9.752923286726904,0.10000000149011612
347.765,1.0,9.807867456124061,0.10000000149011612
347.809,1.0,9.862546933649314,0.10000000149011612
347.859,1.0,9.862526103460954,0.10000000149011612
347.909,1.0,9.86261358331475,0.10000000149011612
347.957,1.0,9.698097915223075,0.10000000149011612
348.008,1.0,9.890186937898397,0.10000000149011612
348.065,1.0,9.642928106793098,0.10000000149011612
348.113,1.0,9.780300680465169,0.10000000149011612
348.16,1.0,9.86283144702514,0.10000000149011612
348.209,1.0,9.862548378503156,0.10000000149011612
348.258,1.0,9.80779121135258,0.10000000149011612
348.309,1.0,9.890257929079235,0.10000000149011612
348.359,1.0,9.670569637707539,0.10000000149011612
348.424,1.0,9.835000000024836,0.10000000149011612
348.458,1.0,9.89003267288208,0.10000000149011612
348.509,1.0,9.83503733817488,0.10000000149011612
348.559,1.0,9.697624908429052,0.10000000149011612
348.607,1.0,9.917597990400262,0.10000000149011612
348.662,1.0,9.83517557837897,0.10000000149011612
348.714,1.0,9.780302675751349,0.10000000149011612
348.757,1.0,9.753054395090375,0.10000000149011612
348.816,1.0,9.75274953711778,0.10000000149011612
348.86,1.0,9.86251261294302,0.10000000149011612
348.909,1.0,9.670359096034533,0.10000000149011612
348.959,1.0,9.752683637705115,0.10000000149011612
349.008,1.0,9.72533341989749,0.10000000149011612
349.058,1.0,9.780222684186366,0.10000000149011612
349.111,1.0,9.725408807893594,0.10000000149011612
349.162,1.0,9.725229955071377,0.10000000149011612
349.211,1.0,9.697862415326139,0.10000000149011612
349.258,1.0,9.670128297640218,0.10000000149011612
349.31,1.0,9.670314664393663,0.10000000149011612
349.359,1.0,9.670390465234716,0.10000000149011612
349.41,1.0,9.83512456462615,0.10000000149011612
349.461,1.0,9.835180296728181,0.10000000149011612
349.513,1.0,9.807845038755072,0.10000000149011612
349.563,1.0,9.835253815083869,0.10000000149011612
349.608,1.0,9.752969435767994,0.10000000149011612
349.665,1.0,9.807682868693437,0.10000000149011612
349.708,1.0,9.890084411390125,0.10000000149011612
349.761,1.0,9.862746410340899,0.10000000149011612
349.81,1.0,9.725347495513658,0.10000000149011612
349.866,1.0,9.835122271503012,0.10000000149011612
349.91,1.0,9.862793417730265,0.11252200603485107
349.967,1.0,9.780375616376599,0.10000000149011612
350.011,1.0,9.972582622658875,0.12974415719509125
350.061,1.0,9.890447038080957,0.13187330961227417
350.113,1.0,9.78009785382698,0.10000000149011612
350.163,1.0,9.725243969489302,0.10000000149011612
350.215,1.0,9.862800375703308,0.10000000149011612
350.266,1.0,9.917500000012417,0.10000000149011612
350.314,1.0,9.780503526743916,0.10000000149011612
350.366,1.0,9.752549786099957,0.10000000149011612
350.414,1.0,9.808066948896482,0.10000000149011612
350.465,1.0,9.7804407796719,0.10000000149011612
350.517,1.0,9.83520656666822,0.10000000149011612
350.564,1.0,9.917572600622144,0.10000000149011612
350.616,1.0,9.807533414247963,0.10000000149011612
350.669,1.0,9.8625045226266,0.10000000149011612
350.715,1.0,9.835236557966304,0.10000000149011612
350.771,1.0,9.835199571111136,0.10000000149011612
350.814,1.0,9.725190895878606,0.10000000149011612
350.867,1.0,9.917628262212707,0.10000000149011612
350.915,1.0,9.807615358423856,0.10000000149011612
350.971,1.0,9.725097280306121,0.10000000149011612
351.025,1.0,9.780209235267506,0.10000000149011612
351.066,1.0,9.862605841995942,0.10000000149011612
351.12,1.0,9.780386129828791,0.10000000149011612
351.166,1.0,9.89010295704421,0.10000000149011612
351.222,1.0,9.862660804618564,0.10000000149011612
351.266,1.0,9.753127137571573,0.10000000149011612
351.317,1.0,9.780060421033866,0.10000000149011612
351.372,1.0,9.725424517070254,0.10000000149011612
351.418,1.0,9.752833370202117,0.10000000149011612
351.459,1.0,9.642934779760738,0.10000000149011612
351.516,1.0,9.752776916945974,0.10000000149011612
351.566,1.0,9.780259159724746,0.10000000149011612
351.619,1.0,9.752819458105497,0.10000000149011612
351.675,1.0,9.72519299795644,0.10000000149011612
351.716,1.0,9.945091157261697,0.11246168613433838
351.769,1.0,9.890036898706523,0.10000000149011612
351.821,1.0,9.80769055078013,0.10000000149011612
351.865,1.0,9.890000000016556,0.10000000149011612
351.917,1.0,9.725169845028883,0.10000000149011612
351.968,1.0,9.917636654153466,0.10000000149011612
352.018,1.0,9.643005439928837,0.10000000149011612
352.074,1.0,9.808088629196087,0.10000000149011612
352.119,1.0,9.725309726678663,0.10000000149011612
352.171,1.0,9.862856320188277,0.10000000149011612
352.221,1.0,9.862698040861222,0.10000000149011612
352.272,1.0,9.972500000004139,0.10000000149011612
352.323,1.0,9.945000000008278,0.10000000149011612
352.377,1.0,9.807630564520757,0.10000000149011612
352.424,1.0,9.72535038675285,0.10000000149011612
352.473,1.0,9.86255350437843,0.10000000149011612
352.522,1.0,9.725414203003877,0.10000000149011612
352.575,1.0,9.752695964194006,0.10000000149011612
352.622,1.0,9.780269535092843,0.10000000149011612
352.685,1.0,9.835074791581267,0.10000000149011612
352.731,1.0,9.862651334702969,0.10000000149011612
352.783,1.0,9.890000000016556,0.10000000149011612
352.823,1.0,9.890057340285017,0.10000000149011612
352.879,1.0,9.725252520893182,0.10000000149011612
352.931,1.0,9.72519322776546,0.10000000149011612
352.997,1.0,9.78028844743967,0.10000000149011612
353.03,1.0,9.752904977918499,0.10000000149011612
353.084,1.0,9.642825686434906,0.10000000149011612
353.131,1.0,9.890241293671231,0.10000000149011612
353.185,1.0,9.780195684544742,0.10000000149011612
353.232,1.0,9.780510541382764,0.10000000149011612
353.286,1.0,9.615469618079564,0.10000000149011612
353.332,1.0,9.725135820959178,0.10000000149011612
353.397,1.0,9.780198218983909,0.10000000149011612
353.435,1.0,9.780459672336777,0.10000000149011612
353.482,1.0,9.780299849828912,0.10000000149011612
353.539,1.0,9.752738077421155,0.10000000149011612
353.594,1.0,9.780364044962658,0.10000000149011612
353.632,1.0,9.587966154474351,0.10000000149011612
353.682,1.0,9.780290471990075,0.10000000149011612
353.734,1.0,9.64289265713758,0.10000000149011612
353.788,1.0,9.752653734613624,0.10000000149011612
353.832,1.0,9.725397164809207,0.10000000149011612
353.881,1.0,9.587982980368865,0.10000000149011612
353.939,1.0,9.725285833577315,0.10000000149011612
353.988,1.0,9.725463790943225,0.10000000149011612
354.039,1.0,9.835038469504152,0.10000000149011612
354.089,1.0,9.945111599750817,0.11260644346475601
354.139,1.0,9.697898531725837,0.10000000149011612
354.189,1.0,9.835259094151358,0.10000000149011612
354.241,1.0,9.835336483663156,0.10000000149011612
354.288,1.0,9.670131405877571,0.10000000149011612
354.343,1.0,9.917500000012417,0.10000000149011612
354.389,1.0,9.780169941940242,0.10000000149011612
354.44,1.0,9.807644230023854,0.10000000149011612
354.488,1.0,9.917542642148005,0.10000000149011612
354.541,1.0,9.725234620687035,0.10000000149011612
354.591,1.0,9.75293643400073,0.10000000149011612
354.642,1.0,9.807728473821449,0.10000000149011612
354.703,1.0,9.862717512146466,0.10000000149011612
354.741,1.0,9.835233456165426,0.10000000149011612
354.796,1.0,9.780117349243826,0.10000000149011612
354.845,1.0,9.61559465094987,0.10000000149011612
354.894,1.0,9.917526846296257,0.10000000149011612
354.951,1.0,9.752893691592746,0.10000000149011612
354.999,1.0,9.835236966692738,0.10000000149011612
355.048,1.0,9.862500000020695,0.10000000149011612
355.103,1.0,9.835321360495355,0.10000000149011612
355.156,1.0,9.862583977563514,0.10000000149011612
355.2,1.0,9.780218398633103,0.10000000149011612
355.251,1.0,9.807621669086318,0.10000000149011612
355.302,1.0,9.862657705321908,0.10000000149011612
355.352,1.0,9.752622384350333,0.10000000149011612
355.4,1.0,9.697942908253108,0.10000000149011612
355.451,1.0,9.862619411552117,0.10000000149011612
355.499,1.0,9.890258859967192,0.10000000149011612
355.55,1.0,9.862897128591108,0.10000000149011612
355.6,1.0,9.83502403692239,0.10000000149011612
355.655,1.0,9.862730114948418,0.10000000149011612
355.699,1.0,9.835361367422674,0.10641168057918549
355.751,1.0,9.945033889739877,0.10000000149011612
355.798,1.0,9.697879248547057,0.10000000149011612
355.859,1.0,9.862570069192184,0.10000000149011612
355.91,1.0,9.780105019898878,0.10000000149011612
355.949,1.0,9.83524013666643,0.10000000149011612
355.997,1.0,9.75263754133549,0.10000000149011612
356.049,1.0,9.725226061770485,0.10000000149011612
356.1,1.0,9.835000000024836,0.10000000149011612
356.151,1.0,9.725613101882239,0.10000000149011612
356.2,1.0,9.72548637052791,0.10000000149011612
356.25,1.0,9.752772572926348,0.10000000149011612
356.301,1.0,9.862508579985136,0.10000000149011612
356.351,1.0,9.752779025667243,0.10000000149011612
356.4,1.0,9.835231717882884,0.10000000149011612
356.448,1.0,9.75273654156675,0.10000000149011612
356.499,1.0,9.945000000008278,0.10000000149011612
356.549,1.0,9.945218533981178,0.13391613960266113
356.603,1.0,9.752905556932092,0.10000000149011612
356.649,1.0,9.862638424254126,0.10000000149011612
356.699,1.0,9.80766734453953,0.10000000149011612
356.749,1.0,9.94500134403093,0.10000000149011612
356.798,1.0,9.862782372016873,0.10000000149011612
356.851,1.0,9.807568441124426,0.10000000149011612
356.899,1.0,9.86275814032803,0.10000000149011612
356.948,1.0,9.83519411397477,0.10000000149011612
356.999,1.0,9.780016537341806,0.10000000149011612
357.049,1.0,9.862687262996204,0.10000000149011612
357.101,1.0,9.862631694413722,0.10000000149011612
357.155,1.0,9.752738534824715,0.10000000149011612
357.2,1.0,9.78009669014977,0.10000000149011612
357.252,1.0,9.835114467330277,0.10000000149011612
357.299,1.0,9.807641285326746,0.10000000149011612
357.351,1.0,9.890130951855745,0.10000000149011612
357.402,1.0,9.945092091067798,0.10000000149011612
357.45,1.0,9.752910867623157,0.10000000149011612
357.503,1.0,9.698139207313458,0.10000000149011612
357.549,1.0,9.725424117967487,0.10000000149011612
357.6,1.0,9.780270444746646,0.10000000149011612
357.649,1.0,9.752889804376496,0.10000000149011612
357.704,1.0,9.835138123544555,0.10000000149011612
357.749,1.0,9.835300860905813,0.10000000149011612
357.803,1.0,9.890159510862496,0.10000000149011612
357.853,1.0,9.670536675635311,0.10000000149011612
357.904,1.0,9.807639179482228,0.10000000149011612
357.954,1.0,9.917769067299863,0.12144980579614639
358.005,1.0,9.807686024097105,0.10000000149011612
358.065,1.0,9.862677282736533,0.10000000149011612
358.103,1.0,9.83517978636341,0.10000000149011612
358.154,1.0,9.835204342090421,0.10000000149011612
358.203,1.0,9.8077297963202,0.10000000149011612
358.254,1.0,9.780358609329495,0.10000000149011612
358.306,1.0,9.780376302719944,0.10000000149011612
358.352,1.0,9.862671646951801,0.10000000149011612
358.411,1.0,9.780357586281996,0.10000000149011612
358.456,1.0,9.61581854097959,0.10000000149011612
358.506,1.0,9.835273889017602,0.10000000149011612
358.559,1.0,9.835280000708169,0.10000000149011612
358.608,1.0,9.807719968155855,0.10000000149011612
358.657,1.0,9.698116095840103,0.10000000149011612
358.708,1.0,9.862594390412172,0.10000000149011612
358.761,1.0,9.835076880579193,0.10000000149011612
358.809,1.0,9.890034687788122,0.10000000149011612
358.857,1.0,9.86271225143638,0.10000000149011612
358.919,1.0,9.807908698295554,0.10000000149011612
358.961,1.0,9.890217748532693,0.10000000149011612
359.011,1.0,9.780435256742768,0.10000000149011612
359.062,1.0,9.780257233666877,0.10000000149011612
359.117,1.0,9.725326703281866,0.10000000149011612
359.162,1.0,9.670272913575172,0.10000000149011612
359.205,1.0,9.752768503502011,0.10000000149011612
359.263,1.0,9.725319699570537,0.10000000149011612
359.311,1.0,9.670379506713815,0.10000000149011612
359.367,1.0,9.89018052570108,0.10419397056102753
359.413,1.0,9.890152950916026,0.10000000149011612
359.467,1.0,9.752723730024364,0.10000000149011612
359.512,1.0,9.917585417918033,0.10000000149011612
359.56,1.0,9.917530341632665,0.10000000149011612
359.618,1.0,9.807718455791473,0.10000000149011612
359.663,1.0,9.835354752155641,0.10038325935602188
359.715,1.0,9.862611748278141,0.10000000149011612
359.762,1.0,9.807702235028975,0.10000000149011612
359.814,1.0,9.807592353224754,0.10000000149011612
359.861,1.0,9.670495746036371,0.10000000149011612
359.915,1.0,9.89004680891004,0.10000000149011612
359.962,1.0,9.83537503797561,0.10000000149011612
360.014,1.0,9.862654950449036,0.10000000149011612
360.064,1.0,9.835082727401621,0.10000000149011612
360.117,1.0,9.780211717097295,0.10000000149011612
360.163,1.0,9.835170827392075,0.10000000149011612
360.216,1.0,9.862615236639977,0.10000000149011612
360.264,1.0,9.80760660469532,0.10000000149011612
360.319,1.0,9.780512656685378,0.10000000149011612
360.362,1.0,9.862700688466429,0.10000000149011612
360.414,1.0,9.780154950192404,0.10000000149011612
360.463,1.0,9.945138525610997,0.10000000149011612
360.517,1.0,9.890149739736485,0.10000000149011612
360.564,1.0,9.725361297879783,0.10000000149011612
360.617,1.0,9.862701352209681,0.10000000149011612
360.669,1.0,9.807806281000376,0.10000000149011612
360.715,1.0,9.890000000016556,0.10000000149011612
360.766,1.0,9.890099999474154,0.10000000149011612
360.829,1.0,9.862690870960554,0.10000000149011612
360.867,1.0,9.862690394682188,0.10000000149011612
360.918,1.0,9.64296475853771,0.10000000149011612
360.973,1.0,9.78029365092516,0.10000000149011612
361.02,1.0,9.780251908385091,0.10000000149011612
361.068,1.0,9.807635669637886,0.10000000149011612
361.12,1.0,9.752759206605454,0.10000000149011612
361.167,1.0,9.725330750457942,0.10000000149011612
361.223,1.0,9.670598601487775,0.10000000149011612
361.272,1.0,9.697831866414182,0.10000000149011612
361.319,1.0,9.890066615864635,0.10000000149011612
361.37,1.0,9.670333047811356,0.10000000149011612
361.419,1.0,9.807822415460315,0.10000000149011612
361.47,1.0,9.890290900319815,0.11645558476448059
361.524,1.0,9.890186122556527,0.10000000149011612
361.566,1.0,9.83533316289799,0.10000000149011612
361.622,1.0,9.862717228900227,0.10000000149011612
361.668,1.0,9.642727373147176,0.10000000149011612
361.721,1.0,9.725410332240992,0.10000000149011612
361.768,1.0,9.780295725953248,0.10000000149011612
361.819,1.0,9.780405875750715,0.10000000149011612
361.87,1.0,9.780364459090762,0.10000000149011612
361.92,1.0,9.697668348025116,0.10000000149011612
361.972,1.0,9.780322271709641,0.10000000149011612
362.02,1.0,9.72531321419196,0.10000000149011612
362.071,1.0,9.835162497270439,0.10000000149011612
362.122,1.0,9.835357706890338,0.10000000149011612
362.171,1.0,9.725303432717919,0.10000000149011612
362.226,1.0,9.753038815367553,0.10000000149011612
362.272,1.0,9.917573417599003,0.10000000149011612
362.327,1.0,9.725214362744655,0.10000000149011612
362.374,1.0,9.890251244583892,0.10153770446777344
362.42,1.0,9.917598156900041,0.10000000149011612
362.476,1.0,9.725157834734354,0.10000000149011612
362.523,1.0,9.80781245260603,0.10000000149011612
362.576,1.0,9.7254622383871,0.10000000149011612
362.622,1.0,9.972500000004139,0.10000000149011612
362.679,1.0,9.780181584238179,0.10000000149011612
362.737,1.0,9.862855107254452,0.10000000149011612
362.774,1.0,9.862637340774139,0.10000000149011612
362.824,1.0,9.670604911198218,0.10000000149011612
362.875,1.0,9.917761191498075,0.10000000149011612
362.928,1.0,9.835390869941977,0.10000000149011612
362.975,1.0,9.753046985901893,0.10000000149011612
363.018,1.0,9.862500000020695,0.10000000149011612
363.075,1.0,9.8902487354767,0.10000000149011612
363.129,1.0,9.807731976980964,0.10000000149011612
363.173,1.0,9.780356248447465,0.10000000149011612
363.224,1.0,9.862647321882347,0.10000000149011612
363.275,1.0,9.86260261680517,0.10000000149011612
363.325,1.0,9.615473232169945,0.10000000149011612
363.375,1.0,9.75280427897556,0.10000000149011612
363.418,1.0,9.80771227820466,0.10000000149011612
363.483,1.0,9.78040804353853,0.10000000149011612
363.525,1.0,9.80769783678568,0.10000000149011612
363.578,1.0,9.780125562184386,0.10000000149011612
363.625,1.0,9.862628663351966,0.10000000149011612
363.675,1.0,9.862626670839058,0.10000000149011612
363.725,1.0,9.807607823403345,0.10000000149011612
363.78,1.0,9.862804774484701,0.10000000149011612
363.827,1.0,9.753066484754283,0.10000000149011612
363.878,1.0,9.752822032446662,0.10000000149011612
363.922,1.0,9.835177438271542,0.10000000149011612
363.979,1.0,9.670471897555721,0.10000000149011612
364.03,1.0,9.80784794986248,0.10000000149011612
364.076,1.0,9.808017690334882,0.10000000149011612
364.127,1.0,9.780093385962148,0.10000000149011612
364.177,1.0,9.835126616102126,0.10000000149011612
364.23,1.0,9.725245091174212,0.10000000149011612
364.282,1.0,9.752859222723378,0.10000000149011612
364.329,1.0,9.86276932120737,0.10000000149011612
364.378,1.0,9.697817209218112,0.10000000149011612
364.428,1.0,9.80769405623691,0.10000000149011612
364.475,1.0,9.698204279421931,0.10000000149011612
364.538,1.0,9.862500000020695,0.10000000149011612
364.578,1.0,9.752679494520029,0.10000000149011612
364.627,1.0,9.780395620026523,0.10000000149011612
364.678,1.0,9.890113080686165,0.10000000149011612
364.73,1.0,9.780238351929519,0.10000000149011612
364.78,1.0,9.780351242795586,0.10000000149011612
364.832,1.0,9.83523224664645,0.10000000149011612
364.881,1.0,9.80769101873868,0.10000000149011612
364.93,1.0,9.753048428810304,0.10000000149011612
364.987,1.0,9.890148562255005,0.10173750668764114
365.032,1.0,9.86255166017347,0.10000000149011612
365.085,1.0,9.67027753866795,0.10000000149011612
365.133,1.0,9.862644720863965,0.10000000149011612
365.185,1.0,9.752853728396197,0.10000000149011612
365.234,1.0,9.697769689663417,0.10000000149011612
365.286,1.0,9.725490314616925,0.10000000149011612
365.335,1.0,9.725352849542267,0.10000000149011612
365.385,1.0,9.807724728787111,0.10000000149011612
365.422,1.0,9.642975227555468,0.10000000149011612
365.491,1.0,9.725446993153955,0.10000000149011612
365.533,1.0,9.697602507327165,0.10000000149011612
365.584,1.0,9.945136916244195,0.10000000149011612
365.63,1.0,9.697970205773082,0.10000000149011612
365.686,1.0,9.807894210124182,0.10435620695352554
365.731,1.0,9.78014024634742,0.10000000149011612
365.786,1.0,9.72522010886007,0.10000000149011612
365.841,1.0,9.780248515928784,0.10000000149011612
365.887,1.0,9.835201911545463,0.10000000149011612
365.943,1.0,9.697772762386336,0.10000000149011612
365.984,1.0,9.697670376983782,0.10000000149011612
366.047,1.0,9.697635595334901,0.10000000149011612
366.086,1.0,9.807745545564426,0.10000000149011612
366.138,1.0,9.807866646908224,0.10000000149011612
366.186,1.0,9.753015376399789,0.10000000149011612
366.23,1.0,9.890207976558143,0.10000000149011612
366.287,1.0,9.83509641310407,0.10000000149011612
366.336,1.0,9.917637501698401,0.10417789220809937
366.391,1.0,9.780328999025127,0.10000000149011612
366.447,1.0,9.862637506239116,0.10000000149011612
366.489,1.0,9.752817338787848,0.10000000149011612
366.548,1.0,9.83527284734365,0.10000000149011612
366.598,1.0,9.753130681378146,0.10000000149011612
366.646,1.0,9.780167642877334,0.10000000149011612
366.699,1.0,9.533176114348073,0.10000000149011612
366.74,1.0,9.862532218980293,0.10000000149011612
366.791,1.0,9.807858776218362,0.10000000149011612
366.845,1.0,9.615252256186473,0.10000000149011612
366.889,1.0,9.890072782999939,0.10000000149011612
366.942,1.0,9.86265819778459,0.10000000149011612
366.989,1.0,9.780309081305232,0.10000000149011612
367.043,1.0,9.890221709902915,0.10000000149011612
367.09,1.0,9.89026744355344,0.10560526698827744
367.147,1.0,9.780336693819198,0.10000000149011612
367.19,1.0,9.643139188860854,0.10000000149011612
367.247,1.0,9.917500000012417,0.10000000149011612
367.293,1.0,9.890247985596458,0.10000000149011612
367.343,1.0,9.862642063510915,0.10000000149011612
367.389,1.0,9.917609993389084,0.10000000149011612
367.44,1.0,9.890104651099278,0.10000000149011612
367.49,1.0,9.780263587066697,0.10000000149011612
367.546,1.0,9.780601554322574,0.10000000149011612
367.591,1.0,9.780534165187014,0.10000000149011612
367.64,1.0,9.862659581626454,0.10000000149011612
367.69,1.0,9.83534016383605,0.10000000149011612
367.741,1.0,9.780322871605556,0.10000000149011612
367.791,1.0,9.697808236173458,0.10000000149011612
367.846,1.0,9.835273583564494,0.10000000149011612
367.894,1.0,9.752781101109253,0.10000000149011612
367.949,1.0,9.890301521846817,0.10000000149011612
367.992,1.0,9.862690056819055,0.10000000149011612
368.04,1.0,9.725330872543983,0.10000000149011612
368.099,1.0,9.72521762576782,0.10000000149011612
368.148,1.0,9.807644518837332,0.10000000149011612
368.204,1.0,9.753117514070537,0.10000000149011612
368.247,1.0,9.890000000016556,0.10000000149011612
368.296,1.0,9.835238234698773,0.10000000149011612
368.348,1.0,9.835236411727966,0.10000000149011612
368.399,1.0,9.945129182872673,0.10000000149011612
368.448,1.0,9.807625399612718,0.10000000149011612
368.499,1.0,9.780197745644385,0.10000000149011612
368.548,1.0,9.972500000004139,0.10000000149011612
368.597,1.0,9.752927027539247,0.10000000149011612
368.65,1.0,9.697829001065758,0.10000000149011612
368.695,1.0,9.862520322741734,0.10000000149011612
368.748,1.0,9.642928471747371,0.10000000149011612
368.794,1.0,9.835254235876103,0.10000000149011612
368.846,1.0,9.8351934041414,0.10000000149011612
368.897,1.0,9.86267178122782,0.10000000149011612
368.948,1.0,9.835321963164542,0.10000000149011612
368.997,1.0,9.835160556580458,0.10000000149011612
369.05,1.0,9.86274146290703,0.10000000149011612
369.096,1.0,9.725302880836857,0.10000000149011612
369.15,1.0,9.890090767066512,0.10000000149011612
369.196,1.0,9.725458783159654,0.10000000149011612
369.245,1.0,9.807687906858822,0.10000000149011612
369.297,1.0,9.752929945538442,0.10000000149011612
369.346,1.0,9.807816380696993,0.10000000149011612
369.397,1.0,9.697706318915719,0.10000000149011612
369.447,1.0,9.890274420649641,0.10000000149011612
369.507,1.0,9.835104531380866,0.10000000149011612
369.547,1.0,9.917508832903373,0.10000000149011612
369.601,1.0,9.862611000405417,0.10000000149011612
369.645,1.0,9.890194128867652,0.10000000149011612
369.699,1.0,9.72511176549726,0.10000000149011612
369.756,1.0,9.615521110966801,0.10000000149011612
369.799,1.0,9.80766930077225,0.10000000149011612
369.849,1.0,9.780313540850248,0.10000000149011612
369.899,1.0,9.890104200856554,0.10000000149011612
369.952,1.0,9.780216379856897,0.10000000149011612
369.999,1.0,9.642768000562986,0.10000000149011612
370.054,1.0,9.835464408062398,0.10000000149011612
370.108,1.0,9.615256124010516,0.10000000149011612
370.149,1.0,9.752825097077423,0.10000000149011612
370.2,1.0,9.807685063344737,0.10000000149011612
370.254,1.0,9.78006138820201,0.10000000149011612
370.301,1.0,9.75272362637851,0.10000000149011612
370.357,1.0,9.83521505944017,0.10000000149011612
370.401,1.0,9.752927609926296,0.10000000149011612
370.453,1.0,9.862643104563984,0.10000000149011612
370.501,1.0,9.807652542843586,0.10000000149011612
370.556,1.0,9.725330308617817,0.10000000149011612
370.595,1.0,9.752851839611928,0.10000000149011612
370.656,1.0,9.780308275193804,0.10000000149011612
370.705,1.0,9.75272278510448,0.10000000149011612
370.754,1.0,9.780091157990197,0.10000000149011612
370.805,1.0,9.835167935552697,0.10000000149011612
370.858,1.0,9.835000395423009,0.10000000149011612
370.904,1.0,9.835015092293421,0.10000000149011612
370.962,1.0,9.807743823404113,0.10000000149011612
371.004,1.0,9.862501787187325,0.10000000149011612
371.068,1.0,9.862509130003552,0.10000000149011612
371.104,1.0,9.835359523838592,0.10000000149011612
371.162,1.0,9.835054740620157,0.10000000149011612
371.209,1.0,9.780394061820374,0.10000000149011612
371.261,1.0,9.670392117400963,0.10000000149011612
371.309,1.0,9.890223706451556,0.10000000149011612
371.361,1.0,9.752823910758726,0.10000000149011612
371.411,1.0,9.890224201108019,0.10000000149011612
371.458,1.0,9.780236886979806,0.10000000149011612
371.509,1.0,9.835125638047854,0.10000000149011612
371.572,1.0,9.80767422384686,0.10000000149011612
371.609,1.0,9.725178389540977,0.10000000149011612
371.661,1.0,9.75278284351031,0.10000000149011612
371.716,1.0,9.697986683684091,0.10000000149011612
371.759,1.0,9.780243663945132,0.10000000149011612
371.822,1.0,9.862664201565915,0.10000000149011612
371.861,1.0,9.917603499939045,0.10000000149011612
371.913,1.0,9.86263538847367,0.10000000149011612
371.959,1.0,9.780231621095703,0.10000000149011612
372.015,1.0,9.780345809190637,0.10000000149011612
372.063,1.0,9.78016261048615,0.10000000149011612
372.106,1.0,9.752616296874152,0.10000000149011612
372.166,1.0,9.670303903375235,0.10000000149011612
372.217,1.0,9.890000000016556,0.10000000149011612
372.263,1.0,9.780112003265984,0.10000000149011612
372.317,1.0,9.945050013872484,0.10000000149011612
372.365,1.0,9.807970279910498,0.10752464830875397
372.417,1.0,9.890246950834989,0.11792732030153275
372.466,1.0,9.890112870021,0.10000000149011612
372.515,1.0,9.835263203767438,0.10000000149011612
372.566,1.0,9.807609272934496,0.10000000149011612
372.618,1.0,9.80781292145451,0.10000000149011612
372.667,1.0,9.972500000004139,0.10000000149011612
372.715,1.0,9.917606180202629,0.10000000149011612
372.765,1.0,9.780086301639676,0.10000000149011612
372.822,1.0,9.533471847387652,0.10000000149011612
372.867,1.0,9.807888972966207,0.10000000149011612
372.922,1.0,9.835176471475926,0.10000000149011612
372.965,1.0,9.697639326544271,0.10000000149011612
373.021,1.0,9.780107047884828,0.10000000149011612
373.068,1.0,9.780147717479203,0.10000000149011612
373.124,1.0,9.86265283961677,0.10000000149011612
373.169,1.0,9.807669128208525,0.10000000149011612
373.226,1.0,9.862605105050736,0.10000000149011612
373.272,1.0,9.835407023090456,0.10000000149011612
373.322,1.0,9.862622676355143,0.10000000149011612
373.376,1.0,9.78016597336779,0.10000000149011612
373.422,1.0,9.752961207305392,0.10000000149011612
373.476,1.0,9.80765708140615,0.10000000149011612
373.522,1.0,9.917500000012417,0.10000000149011612
373.573,1.0,9.698323433804843,0.10000000149011612
373.624,1.0,9.780208055178324,0.10000000149011612
373.675,1.0,9.890029306026797,0.10000000149011612
373.734,1.0,9.725610985048116,0.10000000149011612
373.772,1.0,9.917549403943122,0.10000000149011612
373.844,1.0,9.752807257800466,0.10000000149011612
373.876,1.0,9.697727325475878,0.10000000149011612
373.923,1.0,9.725296006993288,0.10000000149011612
373.972,1.0,9.752873170168863,0.10000000149011612
374.036,1.0,9.807624438881046,0.10000000149011612
374.072,1.0,9.780204357434478,0.10000000149011612
374.124,1.0,9.890000000016556,0.10000000149011612
374.18,1.0,9.807904805553456,0.10000000149011612
374.225,1.0,9.72550562152432,0.10000000149011612
374.279,1.0,9.917580064841443,0.10000000149011612
374.331,1.0,9.807600757231315,0.10000000149011612
374.385,1.0,9.752751226288577,0.10000000149011612
374.423,1.0,9.780208914023307,0.10000000149011612
374.475,1.0,9.69759870591677,0.10000000149011612
374.522,1.0,9.890115759376851,0.10000000149011612
374.571,1.0,9.752683502973781,0.10000000149011612
374.626,1.0,9.752855694976946,0.10000000149011612
374.671,1.0,9.917536189841728,0.10000000149011612
374.737,1.0,9.835190159041021,0.10000000149011612
374.773,1.0,9.807718450969292,0.10000000149011612
374.828,1.0,9.890196819127434,0.10000000149011612
374.875,1.0,9.807755968202319,0.10000000149011612
374.922,1.0,9.862571465762125,0.10000000149011612
374.975,1.0,9.642842593313091,0.10000000149011612
375.022,1.0,9.64289169286688,0.10000000149011612
375.079,1.0,9.835431467948688,0.10000000149011612
375.131,1.0,9.780301221294536,0.10000000149011612
375.174,1.0,9.807712795337041,0.10000000149011612
375.238,1.0,9.780162667565875,0.10000000149011612
375.274,1.0,9.862566073176762,0.10000000149011612
375.325,1.0,9.890103705910345,0.10000000149011612
375.376,1.0,9.780309119282498,0.10000000149011612
375.423,1.0,9.807804196803934,0.10000000149011612
375.473,1.0,9.807578584386242,0.10000000149011612
375.523,1.0,9.807787036523223,0.10000000149011612
375.573,1.0,9.780226821742124,0.10000000149011612
375.625,1.0,9.80764628601157,0.10000000149011612
375.678,1.0,9.642667552808092,0.10000000149011612
375.724,1.0,9.835226947358914,0.10000000149011612
375.776,1.0,9.78033544301159,0.10000000149011612
375.824,1.0,9.780365803154806,0.10000000149011612
375.876,1.0,9.862665538655387,0.10000000149011612
375.925,1.0,9.780296670190163,0.10000000149011612
375.974,1.0,9.945047778491345,0.10000000149011612
376.023,1.0,9.862910928556488,0.10000000149011612
376.074,1.0,9.807798479580217,0.10000000149011612
376.125,1.0,9.80750524200913,0.10000000149011612
376.177,1.0,9.725317090459995,0.10000000149011612
376.224,1.0,9.80779599417001,0.10000000149011612
376.275,1.0,9.86267553669297,0.10000000149011612
376.323,1.0,9.80776561713881,0.10000000149011612
376.375,1.0,9.807574867374367,0.10000000149011612
376.423,1.0,9.835165276419785,0.10000000149011612
376.476,1.0,9.780287342332304,0.10000000149011612
376.524,1.0,9.697880886370937,0.10000000149011612
376.579,1.0,9.752919112663303,0.10000000149011612
376.624,1.0,9.807909847009514,0.10000000149011612
376.678,1.0,9.752845001862282,0.10000000149011612
376.735,1.0,9.835143159102234,0.10000000149011612
376.777,1.0,9.642921269250413,0.10000000149011612
376.829,1.0,9.890433966244261,0.12583135068416595
376.876,1.0,9.862706703754762,0.10000000149011612
376.925,1.0,9.862585909002357,0.10000000149011612
376.977,1.0,9.862503312797182,0.10000000149011612
377.029,1.0,9.64323603368054,0.10000000149011612
377.082,1.0,9.91766586854226,0.1084873154759407
377.13,1.0,9.780353253438241,0.10000000149011612
377.177,1.0,9.807789230325984,0.10000000149011612
377.233,1.0,9.83524578915288,0.10000000149011612
377.28,1.0,9.697791014942858,0.10000000149011612
377.329,1.0,9.780110348947346,0.10000000149011612
377.38,1.0,9.780226440644926,0.10000000149011612
377.425,1.0,9.725610944256186,0.10000000149011612
377.48,1.0,9.862599089265698,0.10000000149011612
377.527,1.0,9.780347415846254,0.10000000149011612
377.581,1.0,9.835146536243458,0.10000000149011612
377.631,1.0,9.725349083625607,0.10000000149011612
377.681,1.0,9.835302269375987,0.10000000149011612
377.73,1.0,9.835416881967749,0.10000000149011612
377.776,1.0,9.807664578677052,0.10000000149011612
377.831,1.0,9.75294514513678,0.10000000149011612
377.884,1.0,9.890097269995344,0.10000000149011612
377.929,1.0,9.862856419343087,0.10000000149011612
377.981,1.0,9.807736638416019,0.10000000149011612
378.03,1.0,9.807894454586009,0.10000000149011612
378.08,1.0,9.780276153836812,0.10000000149011612
378.13,1.0,9.78032588178499,0.10000000149011612
378.18,1.0,9.75289020979156,0.10000000149011612
378.232,1.0,9.725549341634744,0.10000000149011612
378.281,1.0,9.697970262087054,0.10000000149011612
378.335,1.0,9.862597261824542,0.10000000149011612
378.38,1.0,9.64302093444599,0.10000000149011612
378.435,1.0,9.917736534029245,0.11137792468070984
378.481,1.0,9.945101424617071,0.10000000149011612
378.533,1.0,9.807695631662178,0.10000000149011612
378.581,1.0,9.807682708981964,0.10000000149011612
378.631,1.0,9.752796327426202,0.10000000149011612
378.683,1.0,9.862910176420378,0.10163194686174393
378.731,1.0,9.917609334550798,0.10000000149011612
378.78,1.0,9.670276275359923,0.10000000149011612
378.832,1.0,9.698007027949725,0.10000000149011612
378.895,1.0,9.780138991980088,0.10000000149011612
378.932,1.0,9.917554679719938,0.10000000149011612
378.98,1.0,9.835230991471972,0.10000000149011612
379.032,1.0,9.862633721116516,0.10000000149011612
379.082,1.0,9.780279183698196,0.10000000149011612
379.136,1.0,9.862565992710492,0.10000000149011612
379.187,1.0,9.752698650542232,0.10000000149011612
379.235,1.0,9.780333801462419,0.10000000149011612
379.292,1.0,9.835215806050433,0.10000000149011612
379.335,1.0,9.890070941899385,0.10000000149011612
379.393,1.0,9.862556909645598,0.10000000149011612
379.441,1.0,9.697785454222725,0.10000000149011612
379.5,1.0,9.752606359682977,0.10000000149011612
379.538,1.0,9.835211714439922,0.10000000149011612
379.6,1.0,9.725407336403926,0.10000000149011612
379.642,1.0,9.725528813319073,0.10000000149011612
379.697,1.0,9.725692062493827,0.10000000149011612
379.74,1.0,9.80774173024628,0.10000000149011612
379.798,1.0,9.780503171599573,0.10000000149011612
379.842,1.0,9.862754191768666,0.10000000149011612
379.899,1.0,9.862754104079471,0.10000000149011612
379.942,1.0,9.917638996077908,0.10000000149011612
379.991,1.0,9.807701765228476,0.10000000149011612
380.042,1.0,9.807693777688675,0.10000000149011612
380.092,1.0,9.835288699964682,0.10000000149011612
380.143,1.0,9.890268169633217,0.10000000149011612
380.197,1.0,9.91767666755865,0.10000000149011612
380.243,1.0,9.752768671409124,0.10000000149011612
380.298,1.0,9.890043240661422,0.10000000149011612
380.345,1.0,9.917716559726331,0.12110619992017746
380.397,1.0,9.862698710440762,0.10000000149011612
380.449,1.0,9.697632691678074,0.10000000149011612
380.493,1.0,9.862555201434427,0.10000000149011612
380.544,1.0,9.86277533084568,0.10000000149011612
380.599,1.0,9.835034990165797,0.10000000149011612
380.644,1.0,9.780309029627178,0.10000000149011612
380.693,1.0,9.89033274822351,0.10000000149011612
380.745,1.0,9.807672063675192,0.10000000149011612
380.799,1.0,9.807529184636142,0.10000000149011612
380.844,1.0,9.890114789725178,0.10000000149011612
380.894,1.0,9.835298276713324,0.10000000149011612
380.946,1.0,9.83505500116282,0.10000000149011612
380.995,1.0,9.83511088401493,0.10000000149011612
381.043,1.0,9.890263968892395,0.10000000149011612
381.098,1.0,9.890252397043838,0.10000000149011612
381.145,1.0,9.780343226322698,0.10000000149011612
381.194,1.0,9.643055546594162,0.10000000149011612
381.249,1.0,9.780436148722139,0.10000000149011612
381.295,1.0,9.808049749686486,0.10000000149011612
381.345,1.0,9.807776612312429,0.10000000149011612
381.396,1.0,9.80753462434643,0.10000000149011612
381.447,1.0,9.752746063574321,0.10000000149011612
381.495,1.0,9.890000000016556,0.10000000149011612
381.548,1.0,9.890161138545308,0.10000000149011612
381.595,1.0,9.75290725980368,0.10000000149011612
381.646,1.0,9.835160144314997,0.10000000149011612
381.707,1.0,9.807527407734758,0.10000000149011612
381.748,1.0,9.780000000033114,0.10000000149011612
381.796,1.0,9.780296089769237,0.10000000149011612
381.846,1.0,9.807762352335784,0.10000000149011612
381.897,1.0,9.862962131409182,0.12641705572605133
381.959,1.0,9.725406465203397,0.10000000149011612
381.999,1.0,9.64303494774633,0.10000000149011612
382.057,1.0,9.752857028134168,0.10000000149011612
382.103,1.0,9.752752310948239,0.10000000149011612
382.15,1.0,9.862734825722873,0.10000000149011612
382.202,1.0,9.835198904760182,0.10000000149011612
382.258,1.0,9.780391597230402,0.10000000149011612
382.303,1.0,9.835244413692918,0.10000000149011612
382.361,1.0,9.862554718015922,0.10000000149011612
382.407,1.0,9.945000000008278,0.10000000149011612
382.456,1.0,9.780319026216036,0.10000000149011612
382.508,1.0,9.752889080945817,0.10000000149011612
382.555,1.0,9.643058750323123,0.10000000149011612
382.605,1.0,9.835131073887977,0.10000000149011612
382.664,1.0,9.725488900041414,0.10000000149011612
382.707,1.0,9.725510532471041,0.10000000149011612
382.76,1.0,9.697743425766626,0.10000000149011612
382.809,1.0,9.807771513445509,0.10000000149011612
382.87,1.0,9.83542343026234,0.10000000149011612
382.907,1.0,9.78028838661396,0.10000000149011612
382.957,1.0,9.725617713460492,0.10000000149011612
383.01,1.0,9.890254605354535,0.10000000149011612
383.067,1.0,9.753012013704412,0.10000000149011612
383.109,1.0,9.83515420510537,0.10000000149011612
383.16,1.0,9.752836566956507,0.10000000149011612
383.209,1.0,9.752692049058775,0.10000000149011612
383.27,1.0,9.835265219666892,0.10000000149011612
383.31,1.0,9.890156391842497,0.10000000149011612
383.363,1.0,9.807589049140612,0.10000000149011612
383.414,1.0,9.807758136279881,0.10000000149011612
383.467,1.0,9.780449120700359,0.10000000149011612
383.518,1.0,9.72544715423137,0.10000000149011612
383.568,1.0,9.698013442878922,0.10000000149011612
383.62,1.0,9.835268299302292,0.10000000149011612
383.668,1.0,9.807586554706925,0.10000000149011612
383.718,1.0,9.862753727659584,0.10000000149011612
383.774,1.0,9.91762435519033,0.10000000149011612
383.827,1.0,9.698133831657469,0.10000000149011612
383.869,1.0,9.835357577146755,0.10000000149011612
383.929,1.0,9.862619258339206,0.10000000149011612
383.977,1.0,9.917563287003173,0.10000000149011612
384.026,1.0,9.752744686396586,0.10000000149011612
384.077,1.0,9.725136595529815,0.10000000149011612
384.124,1.0,9.917661716002558,0.10000000149011612
384.175,1.0,9.807693482231763,0.10000000149011612
384.224,1.0,9.807632085432608,0.10000000149011612
384.279,1.0,9.835324453252058,0.10000000149011612
384.326,1.0,9.752988753033181,0.10000000149011612
384.381,1.0,9.780005529253847,0.10000000149011612
384.427,1.0,9.917714947855307,0.10000000149011612
384.477,1.0,9.862679965504341,0.10000000149011612
384.527,1.0,9.780434810494382,0.10000000149011612
384.577,1.0,9.835076592717733,0.10000000149011612
384.629,1.0,9.83513778027975,0.10000000149011612
384.678,1.0,9.890067005716265,0.10000000149011612
384.727,1.0,9.752707673298817,0.10000000149011612
384.779,1.0,9.753013565991488,0.10000000149011612
384.823,1.0,9.86276927333739,0.10000000149011612
384.877,1.0,9.835180616130431,0.10000000149011612
384.928,1.0,9.862622795626521,0.10000000149011612
384.98,1.0,9.83519297308392,0.10000000149011612
385.032,1.0,9.890000000016556,0.10000000149011612
385.077,1.0,9.780316552002397,0.10000000149011612
385.128,1.0,9.670125560669435,0.10000000149011612
385.181,1.0,9.807786931470037,0.10000000149011612
385.229,1.0,9.725206068406502,0.10000000149011612
385.279,1.0,9.807784301849702,0.10000000149011612
385.335,1.0,9.83530763613267,0.10000000149011612
385.383,1.0,9.835224490323,0.10000000149011612
385.431,1.0,9.86254386363758,0.10000000149011612
385.48,1.0,9.807824378605519,0.10000000149011612
385.531,1.0,9.807754719236659,0.10000000149011612
385.582,1.0,9.752577451740702,0.10000000149011612
385.631,1.0,9.91773271628966,0.10000000149011612
385.68,1.0,9.752785678269962,0.10000000149011612
385.731,1.0,9.835420859501594,0.10000000149011612
385.783,1.0,9.53314069389469,0.10000000149011612
385.843,1.0,9.862635482185416,0.10000000149011612
385.88,1.0,9.890233438048098,0.10000000149011612
385.931,1.0,9.697590031992231,0.10000000149011612
385.981,1.0,9.6704515668874,0.10000000149011612
386.033,1.0,9.835112683164576,0.10000000149011612
386.08,1.0,9.697963966781067,0.10000000149011612
386.13,1.0,9.86271406604598,0.10000000149011612
386.18,1.0,9.752893929949238,0.10000000149011612
386.231,1.0,9.780329409510726,0.10000000149011612
386.28,1.0,9.890194297126598,0.10000000149011612
386.339,1.0,9.917708504717384,0.10000000149011612
386.381,1.0,9.807755748410191,0.10000000149011612
386.43,1.0,9.780296811813281,0.10000000149011612
386.489,1.0,9.835320878215134,0.10000000149011612
386.533,1.0,9.862623213583397,0.10000000149011612
386.589,1.0,9.917500000012417,0.10000000149011612
386.629,1.0,9.862544852226145,0.10000000149011612
386.685,1.0,9.807711545812587,0.10000000149011612
386.73,1.0,9.890217069122526,0.10000000149011612
386.78,1.0,9.807630425898566,0.10000000149011612
386.828,1.0,9.752928432366915,0.10000000149011612
386.883,1.0,9.752714982070028,0.10000000149011612
386.938,1.0,9.697984632001155,0.10000000149011612
386.981,1.0,9.670656909793616,0.10000000149011612
387.023,1.0,9.835418682628207,0.10000000149011612
387.082,1.0,9.835012523581584,0.10000000149011612
387.135,1.0,9.670398072215418,0.10000000149011612
387.18,1.0,9.780343447480764,0.10000000149011612
387.232,1.0,9.91760615867873,0.10000000149011612
387.283,1.0,9.807722771064276,0.10000000149011612
387.332,1.0,9.642775055103831,0.10000000149011612
387.38,1.0,9.862996228949891,0.12468497455120087
387.435,1.0,9.72539553437382,0.10000000149011612
387.488,1.0,9.835223722375101,0.10000000149011612
387.531,1.0,9.862755151693191,0.10000000149011612
387.577,1.0,9.835476605428589,0.11104597896337509
387.63,1.0,9.835199955912929,0.10000000149011612
387.679,1.0,9.752808604037597,0.10000000149011612
387.73,1.0,9.780292423959407,0.10000000149011612
387.789,1.0,9.72523259309431,0.10000000149011612
387.83,1.0,9.862618606723846,0.10000000149011612
387.881,1.0,9.862500000020695,0.10000000149011612
387.932,1.0,9.945000000008278,0.10000000149011612
387.983,1.0,9.890051227021548,0.10000000149011612
388.039,1.0,9.725344811048773,0.10000000149011612
388.081,1.0,9.917565564769838,0.10000000149011612
388.135,1.0,9.94523173082206,0.13832557201385498
388.184,1.0,9.917500000012417,0.10000000149011612
388.231,1.0,9.835057659861114,0.10000000149011612
388.283,1.0,9.780186630454327,0.10000000149011612
388.333,1.0,9.89014180822091,0.10000000149011612
388.382,1.0,9.835090945247147,0.10000000149011612
388.435,1.0,9.862666017293103,0.10000000149011612
388.483,1.0,10.0,10.0
388.538,1.0,9.780086240772572,0.10000000149011612
388.582,1.0,9.835149481251008,0.10000000149011612
388.638,1.0,9.862707090108758,0.10000000149011612
388.682,1.0,9.752692501329713,0.10000000149011612
388.735,1.0,9.807772423120008,0.10000000149011612
388.783,1.0,9.670750447590319,0.10000000149011612
388.837,1.0,9.862686543539166,0.10000000149011612
388.886,1.0,9.780159949759643,0.10000000149011612
388.935,1.0,9.835327767601443,0.10000000149011612
388.994,1.0,9.780334343305892,0.10000000149011612
389.035,1.0,9.890112489917213,0.10000000149011612
389.091,1.0,9.780199911114241,0.10000000149011612
389.138,1.0,9.890112650063303,0.10000000149011612
389.188,1.0,9.615577788381941,0.10000000149011612
389.254,1.0,9.670350628077156,0.10000000149011612
389.286,1.0,9.835296278840138,0.10000000149011612
389.346,1.0,9.642983451154496,0.10000000149011612
389.393,1.0,9.752775120445424,0.10000000149011612
389.443,1.0,9.835183682230612,0.10000000149011612
389.497,1.0,9.697807318800026,0.10000000149011612
389.541,1.0,9.807769510770838,0.10000000149011612
389.59,1.0,9.78033120336218,0.10000000149011612
389.642,1.0,9.807654915770723,0.10000000149011612
389.694,1.0,9.698069288271169,0.10000000149011612
389.744,1.0,9.670177808569537,0.10000000149011612
389.794,1.0,9.753093989565969,0.10000000149011612
389.841,1.0,9.835293082623846,0.10000000149011612
389.9,1.0,9.752762673898703,0.10000000149011612
389.952,1.0,9.862612276917531,0.10000000149011612
389.996,1.0,9.808215230392912,0.10000000149011612
390.049,1.0,9.725185036328103,0.10000000149011612
390.09,1.0,9.780489684848321,0.10000000149011612
390.144,1.0,9.808036980322665,0.10000000149011612
390.194,1.0,9.807878719435799,0.10000000149011612
390.249,1.0,9.78025498268091,0.10000000149011612
390.294,1.0,9.7803573348249,0.10000000149011612
390.349,1.0,9.752854720627267,0.10000000149011612
390.392,1.0,9.752788072369166,0.10000000149011612
390.444,1.0,9.835201204195618,0.10000000149011612
390.497,1.0,9.72522413654046,0.10000000149011612
390.544,1.0,9.890166112552915,0.10000000149011612
390.595,1.0,9.862847829941247,0.10000000149011612
390.644,1.0,9.890240188977785,0.10000000149011612
390.694,1.0,9.83517690849387,0.10000000149011612
390.747,1.0,9.835225441306829,0.10000000149011612
390.798,1.0,9.752920432016253,0.10000000149011612
390.847,1.0,9.725322079182499,0.10000000149011612
390.893,1.0,9.72525226626959,0.10000000149011612
390.946,1.0,9.862717951151232,0.10000000149011612
391.001,1.0,9.80762743850549,0.10000000149011612
391.045,1.0,9.862713464597862,0.10000000149011612
391.099,1.0,9.862668503965768,0.10000000149011612
391.147,1.0,9.835338526198434,0.10000000149011612
391.195,1.0,9.94507735328128,0.10000000149011612
391.244,1.0,9.945066447887156,0.10000000149011612
391.294,1.0,9.890082877770894,0.10000000149011612
391.363,1.0,9.780178044881257,0.10000000149011612
391.395,1.0,9.890090410597622,0.10000000149011612
391.452,1.0,9.862782341510885,0.10000000149011612
391.497,1.0,9.807610659735898,0.10000000149011612
391.54,1.0,9.862753111993273,0.10000000149011612
391.596,1.0,9.917569400121769,0.10000000149011612
391.653,1.0,9.835305585981244,0.10000000149011612
391.696,1.0,9.835212440002296,0.10000000149011612
391.746,1.0,9.807936639069682,0.10000000149011612
391.798,1.0,9.835246467259195,0.10000000149011612
391.847,1.0,9.698020216263831,0.10000000149011612
391.9,1.0,9.72540798932314,0.10000000149011612
391.948,1.0,9.835101002247796,0.10000000149011612
391.998,1.0,9.753000646457076,0.10000000149011612
392.049,1.0,9.807649769158,0.10000000149011612
392.096,1.0,9.890025786041386,0.10000000149011612
392.149,1.0,9.835361109280752,0.10000000149011612
392.198,1.0,9.862779023829434,0.10000000149011612
392.255,1.0,9.89013930875808,0.10000000149011612
392.299,1.0,9.86279910241978,0.10000000149011612
392.349,1.0,9.917652132486303,0.10000000149011612
392.404,1.0,9.835301129271587,0.10000000149011612
392.451,1.0,9.862570460927156,0.10000000149011612
392.501,1.0,9.752927192880048,0.10000000149011612
392.557,1.0,9.698163264803588,0.10000000149011612
392.6,1.0,9.835092203919258,0.10000000149011612
392.651,1.0,9.807648577851554,0.10000000149011612
392.705,1.0,9.752957676868473,0.10000000149011612
392.744,1.0,9.862713488895032,0.10000000149011612
392.801,1.0,9.835023639806442,0.10000000149011612
392.849,1.0,9.862694336349765,0.10000000149011612
392.903,1.0,9.862716902275052,0.10000000149011612
392.948,1.0,9.86275336669965,0.10000000149011612
393.002,1.0,9.890000000016556,0.10000000149011612
393.051,1.0,9.807580586108896,0.10000000149011612
393.1,1.0,9.780109215320813,0.10000000149011612
393.15,1.0,9.725462492824429,0.10000000149011612
393.202,1.0,9.698023207320107,0.10000000149011612
393.255,1.0,9.753001141423981,0.10000000149011612
393.303,1.0,9.753142413952284,0.10000000149011612
393.353,1.0,9.670427442693876,0.10000000149011612
393.405,1.0,9.890224706878264,0.10000000149011612
393.465,1.0,9.725425554749867,0.10000000149011612
393.504,1.0,9.780207593469983,0.10000000149011612
393.555,1.0,9.807618154233529,0.10000000149011612
393.601,1.0,9.67061559288866,0.10000000149011612
393.655,1.0,9.780008649225865,0.10000000149011612
393.704,1.0,9.725398128748768,0.10000000149011612
393.751,1.0,9.780454915886123,0.10000000149011612
393.804,1.0,9.835232520662249,0.10000000149011612
393.861,1.0,9.862613300648,0.10000000149011612
393.905,1.0,9.725293031396966,0.10000000149011612
393.962,1.0,9.533320230556031,0.10000000149011612
394.009,1.0,9.86286957197719,0.10000000149011612
394.058,1.0,9.835046080996593,0.10000000149011612
394.107,1.0,9.862511429832214,0.10000000149011612
394.158,1.0,9.752924789012306,0.10000000149011612
394.205,1.0,9.698042052156396,0.10000000149011612
394.261,1.0,9.753106030635536,0.10000000149011612
394.31,1.0,9.697882798189918,0.10000000149011612
394.361,1.0,9.86261705727213,0.10000000149011612
394.411,1.0,9.862556745815608,0.10000000149011612
394.461,1.0,9.807672274733584,0.10000000149011612
394.519,1.0,9.780472011491657,0.10000000149011612
394.56,1.0,9.945114441567824,0.10171889513731003
394.613,1.0,9.83537097213169,0.10000000149011612
394.659,1.0,9.780246409028768,0.10000000149011612
394.71,1.0,9.72545604997625,0.10000000149011612
394.76,1.0,9.91763303981473,0.10000000149011612
394.818,1.0,9.862617666998672,0.10000000149011612
394.861,1.0,9.75269624075542,0.10000000149011612
394.911,1.0,9.917540579496158,0.10000000149011612
394.962,1.0,9.780478262363209,0.10000000149011612
395.013,1.0,9.752626517415047,0.10000000149011612
395.06,1.0,9.752816102115645,0.10000000149011612
395.117,1.0,9.835400404387878,0.10000000149011612
395.163,1.0,9.862701095992492,0.10000000149011612
395.221,1.0,9.89031375143677,0.12036364525556564
395.261,1.0,9.862584580274092,0.10000000149011612
395.312,1.0,9.862719798274338,0.10000000149011612
395.36,1.0,9.752729696138866,0.10000000149011612
395.411,1.0,9.780273805558682,0.10000000149011612
395.459,1.0,9.8075549148644,0.10000000149011612
395.511,1.0,9.75278943280379,0.10000000149011612
395.559,1.0,9.725270662415358,0.10000000149011612
395.612,1.0,9.835240430053737,0.10000000149011612
395.661,1.0,9.862577455387347,0.10000000149011612
395.715,1.0,9.642667175125744,0.10000000149011612
395.763,1.0,9.862649370460874,0.10000000149011612
395.814,1.0,9.67020777259022,0.10000000149011612
395.869,1.0,9.725376078093218,0.10000000149011612
395.913,1.0,9.807743823921514,0.10000000149011612
395.962,1.0,9.752849938513505,0.10000000149011612
396.014,1.0,9.807610434873236,0.10000000149011612
396.064,1.0,9.862689133609335,0.10000000149011612
396.116,1.0,9.780314400233328,0.10000000149011612
396.157,1.0,9.725776037967039,0.10000000149011612
396.214,1.0,9.862921740756267,0.10000000149011612
396.267,1.0,9.780182251479063,0.10000000149011612
396.316,1.0,9.670583159476518,0.10000000149011612
396.366,1.0,9.862892307982676,0.10000000149011612
396.41,1.0,9.890155015554694,0.10000000149011612
396.464,1.0,9.752803238605459,0.10000000149011612
396.513,1.0,9.697814983502031,0.10000000149011612
396.564,1.0,9.862500000020695,0.10000000149011612
396.616,1.0,9.725253326776954,0.10000000149011612
396.662,1.0,9.697729140209654,0.10000000149011612
396.71,1.0,9.862616795984406,0.10000000149011612
396.763,1.0,9.86264854915854,0.10000000149011612
396.813,1.0,9.807675320737891,0.10000000149011612
396.864,1.0,9.69787836778495,0.10000000149011612
396.916,1.0,9.780147593054506,0.10000000149011612
396.963,1.0,9.807891980806987,0.10000000149011612
397.018,1.0,9.835167164272733,0.10000000149011612
397.071,1.0,9.945026542970703,0.10000000149011612
397.116,1.0,9.807768893241882,0.10000000149011612
397.165,1.0,9.83514897506684,0.10000000149011612
397.215,1.0,9.835244471455614,0.10000000149011612
397.266,1.0,9.80767067031314,0.10000000149011612
397.315,1.0,9.75277167862902,0.10000000149011612
397.366,1.0,9.807702386399939,0.10000000149011612
397.413,1.0,9.835092140713499,0.10000000149011612
397.467,1.0,9.890093125609887,0.10000000149011612
397.519,1.0,9.835406048554514,0.10000000149011612
397.565,1.0,9.862634036689997,0.10000000149011612
397.625,1.0,9.752973829396069,0.10000000149011612
397.669,1.0,9.7528566027888,0.10000000149011612
397.722,1.0,9.862869219833778,0.11840380728244781
397.773,1.0,9.862644968554378,0.10000000149011612
397.822,1.0,9.89008380247073,0.10000000149011612
397.871,1.0,9.890064840536152,0.10000000149011612
397.922,1.0,9.890291394458878,0.11287057399749756
397.978,1.0,9.807703672390845,0.10000000149011612
398.02,1.0,9.807645943760871,0.10000000149011612
398.073,1.0,9.752558873800767,0.10000000149011612
398.127,1.0,9.78046680579169,0.10000000149011612
398.178,1.0,9.725172106756105,0.10000000149011612
398.227,1.0,9.78025183868077,0.10000000149011612
398.274,1.0,9.725246566803092,0.10000000149011612
398.325,1.0,9.86270650509331,0.10000000149011612
398.374,1.0,9.807638065185811,0.10000000149011612
398.421,1.0,9.807623011432588,0.10000000149011612
398.472,1.0,9.780280926347606,0.10000000149011612
398.523,1.0,9.890092558413745,0.10000000149011612
398.565,1.0,9.862719354178342,0.10000000149011612
398.627,1.0,9.807709366993771,0.10000000149011612
398.672,1.0,9.862588161933754,0.10000000149011612
398.728,1.0,9.807644060005744,0.10000000149011612
398.777,1.0,9.725297561432752,0.10000000149011612
398.823,1.0,9.862500000020695,0.10000000149011612
398.871,1.0,9.890000000016556,0.10000000149011612
398.922,1.0,9.862751558650698,0.10000000149011612
398.973,1.0,9.78017589721001,0.10000000149011612
399.023,1.0,9.780175010508133,0.10000000149011612
399.073,1.0,9.670335313346651,0.10000000149011612
399.131,1.0,9.890052452579969,0.10000000149011612
399.175,1.0,9.917634670850303,0.10000000149011612
399.229,1.0,9.862640565468205,0.10000000149011612
399.275,1.0,9.862683700376914,0.10000000149011612
399.325,1.0,9.862575355296334,0.10000000149011612
399.375,1.0,9.835177508058647,0.10000000149011612
399.426,1.0,9.67035529518293,0.10000000149011612
399.479,1.0,9.807630889966257,0.10000000149011612
399.526,1.0,9.862714606357946,0.10000000149011612
399.584,1.0,9.807787874278922,0.10000000149011612
399.631,1.0,9.697858530738287,0.10000000149011612
399.68,1.0,9.835176090813345,0.10000000149011612
399.728,1.0,9.752791385849317,0.10000000149011612
399.782,1.0,9.780049376541541,0.10000000149011612
399.827,1.0,9.835381275643076,0.10000000149011612
399.881,1.0,9.725112966572246,0.10000000149011612
399.931,1.0,9.807612716282408,0.10000000149011612
399.977,1.0,9.807669980968866,0.10000000149011612
400.034,1.0,9.697892862889502,0.10000000149011612
400.087,1.0,9.753067185377908,0.10000000149011612
400.133,1.0,9.91774115299599,0.120235875248909
400.182,1.0,9.752839154087836,0.10000000149011612
400.237,1.0,9.890151934594744,0.10000000149011612
400.293,1.0,9.670188219679726,0.10000000149011612
400.338,1.0,9.752838293111159,0.10000000149011612
400.395,1.0,9.780000000033114,0.10000000149011612
400.439,1.0,9.752839260713921,0.10000000149011612
400.489,1.0,9.780178993940353,0.10000000149011612
400.54,1.0,9.835000000024836,0.10000000149011612
400.591,1.0,9.752827842326628,0.10000000149011612
400.64,1.0,9.752703481954004,0.10000000149011612
400.689,1.0,9.807944512118896,0.10000000149011612
400.744,1.0,9.835276541382902,0.10000000149011612
400.791,1.0,9.78042196797,0.10000000149011612
400.841,1.0,9.80774679330902,0.10000000149011612
400.892,1.0,9.807850895656479,0.10000000149011612
400.943,1.0,9.972622274690204,0.14401888847351074
401.007,1.0,9.725314835127858,0.10000000149011612
401.041,1.0,9.862526991094152,0.10000000149011612
401.102,1.0,9.890010490227077,0.10000000149011612
401.145,1.0,9.725211280046238,0.10000000149011612
401.197,1.0,9.752762767941588,0.10000000149011612
401.242,1.0,9.890150586681234,0.10000000149011612
401.299,1.0,9.917547486908735,0.10000000149011612
401.343,1.0,9.780212309521934,0.10000000149011612
401.396,1.0,9.835226775002148,0.10000000149011612
401.446,1.0,9.835175585622588,0.10000000149011612
401.495,1.0,9.752969076256786,0.10000000149011612
401.552,1.0,9.862712548942202,0.10000000149011612
401.592,1.0,9.752946966182854,0.10000000149011612
401.646,1.0,9.89013527913226,0.10000000149011612
401.696,1.0,9.670351046861875,0.10000000149011612
401.749,1.0,9.80797732538647,0.10000000149011612
401.798,1.0,9.807877549818821,0.10000000149011612
401.842,1.0,9.78030230972088,0.10000000149011612
401.894,1.0,9.780030129829214,0.10000000149011612
401.944,1.0,9.780297654887868,0.10000000149011612
402.006,1.0,9.808162883586354,0.10905199497938156
402.052,1.0,9.780241731616359,0.10000000149011612
402.094,1.0,9.697976407346626,0.10000000149011612
402.145,1.0,9.780520483644473,0.10000000149011612
402.2,1.0,9.862650536683699,0.10000000149011612
402.248,1.0,9.725347476369805,0.10000000149011612
402.302,1.0,9.890167914724184,0.10000000149011612
402.349,1.0,9.890241010818217,0.10000000149011612
402.399,1.0,9.780406083352863,0.10000000149011612
402.448,1.0,9.807634373857743,0.10000000149011612
402.501,1.0,9.835018528170055,0.10000000149011612
402.548,1.0,9.752955222916272,0.10000000149011612
402.6,1.0,9.807602439406846,0.10000000149011612
402.648,1.0,9.807568942300147,0.10000000149011612
402.71,1.0,9.862679319518309,0.10000000149011612
402.751,1.0,10.0,10.0
402.807,1.0,9.697873394460315,0.10000000149011612
402.851,1.0,9.86268176223255,0.10000000149011612
402.901,1.0,9.725548144202266,0.10000000149011612
402.951,1.0,9.75267388491581,0.10000000149011612
403.003,1.0,9.697766936673887,0.10000000149011612
403.062,1.0,9.807811380550266,0.10000000149011612
403.103,1.0,9.752769065979454,0.10000000149011612
403.156,1.0,9.780259886363314,0.10000000149011612
403.208,1.0,9.643003710566296,0.10000000149011612
403.265,1.0,9.752872099375558,0.10000000149011612
403.31,1.0,9.69773652118941,0.10000000149011612
403.359,1.0,9.890336383341086,0.11382511258125305
403.418,1.0,9.780184437417322,0.10000000149011612
403.466,1.0,9.945058929278618,0.10000000149011612
403.512,1.0,9.698048018208809,0.10000000149011612
403.563,1.0,9.862796643397047,0.10000000149011612
403.62,1.0,9.862747700471017,0.10000000149011612
403.663,1.0,9.83511626896345,0.10000000149011612
403.724,1.0,9.7528146446786,0.10000000149011612
403.773,1.0,9.862680004868242,0.10000000149011612
403.817,1.0,9.808038826680018,0.10000000149011612
403.862,1.0,9.945000000008278,0.10000000149011612
403.916,1.0,9.862694580956466,0.10000000149011612
403.965,1.0,9.80759082749072,0.10000000149011612
404.018,1.0,9.8077919161982,0.10000000149011612
404.065,1.0,9.917618441167805,0.10000000149011612
404.124,1.0,9.890112541802228,0.10000000149011612
404.166,1.0,9.670533554049001,0.10000000149011612
404.215,1.0,9.83513491553151,0.10000000149011612
404.28,1.0,9.835328270246585,0.10000000149011612
404.316,1.0,9.862589577626851,0.10000000149011612
404.365,1.0,9.835089491473305,0.10000000149011612
404.424,1.0,9.807820171593791,0.10000000149011612
404.466,1.0,9.808084552755787,0.10000000149011612
404.516,1.0,9.917745511295895,0.10000000149011612
404.567,1.0,9.835005624778569,0.10000000149011612
404.615,1.0,9.917562940985793,0.10000000149011612
404.667,1.0,9.725386086189085,0.10000000149011612
404.72,1.0,9.725370399177903,0.10000000149011612
404.77,1.0,9.862566156023078,0.10000000149011612
404.819,1.0,9.86255318661117,0.10000000149011612
404.873,1.0,9.697942669751743,0.10000000149011612
404.921,1.0,9.835315191456013,0.10000000149011612
404.972,1.0,9.835038120672106,0.10000000149011612
405.019,1.0,9.725112133204108,0.10000000149011612
405.071,1.0,9.890037251243161,0.10000000149011612
405.116,1.0,9.780215247016814,0.10000000149011612
405.168,1.0,9.80779201094475,0.10000000149011612
405.225,1.0,9.80777805408256,0.10000000149011612
405.273,1.0,9.80769390941908,0.10000000149011612
405.32,1.0,9.8077093091069,0.10000000149011612
405.376,1.0,9.780316681601107,0.10000000149011612
405.423,1.0,9.780226523346371,0.10000000149011612
405.473,1.0,9.835307633628448,0.10000000149011612
405.527,1.0,9.835125822201372,0.10000000149011612
405.575,1.0,9.890278067336315,0.10000000149011612
405.626,1.0,9.807823080942034,0.10000000149011612
405.677,1.0,9.807659359835089,0.10000000149011612
405.726,1.0,9.862732341782086,0.10000000149011612
405.775,1.0,9.97259411468274,0.13388128578662872
405.827,1.0,9.64287159273194,0.10000000149011612
405.889,1.0,9.780348426393337,0.10000000149011612
405.923,1.0,9.835129099070198,0.10000000149011612
405.975,1.0,9.725523764412436,0.10000000149011612
406.025,1.0,9.890154526920782,0.10000000149011612
406.076,1.0,9.697906006872653,0.10000000149011612
406.136,1.0,9.752941740324928,0.10000000149011612
406.176,1.0,9.807831874407,0.10000000149011612
406.224,1.0,9.780262491396732,0.10000000149011612
406.277,1.0,9.697865147164299,0.10000000149011612
406.324,1.0,9.752768441289664,0.10000000149011612
406.377,1.0,9.697516632142166,0.10000000149011612
406.429,1.0,9.86261161348472,0.10000000149011612
406.477,1.0,9.835361260734498,0.10000000149011612
406.524,1.0,9.697867255968353,0.10000000149011612
406.576,1.0,9.807616425926486,0.10000000149011612
406.624,1.0,9.890098338429299,0.10000000149011612
406.675,1.0,9.670365288294851,0.10000000149011612
406.725,1.0,9.72538274574197,0.10000000149011612
406.779,1.0,9.807839029137458,0.10000000149011612
406.824,1.0,9.835284606884752,0.10000000149011612
406.877,1.0,9.8078593381991,0.10000000149011612
406.925,1.0,9.725284377878738,0.10000000149011612
406.985,1.0,9.780354632437229,0.10000000149011612
407.027,1.0,9.725270043996472,0.10000000149011612
407.086,1.0,9.697719563357532,0.10000000149011612
407.132,1.0,9.890158441393739,0.10000000149011612
407.181,1.0,9.807670967549914,0.10000000149011612
407.23,1.0,9.835184831234317,0.10000000149011612
407.279,1.0,9.890173717857236,0.10000000149011612
407.331,1.0,9.75270125383718,0.10000000149011612
407.382,1.0,9.670335369246702,0.10000000149011612
407.431,1.0,9.72532376849817,0.10000000149011612
407.483,1.0,9.670518443609277,0.10000000149011612
407.53,1.0,9.697792647799684,0.10000000149011612
407.583,1.0,9.697854154681165,0.10000000149011612
407.633,1.0,9.697947774185902,0.10000000149011612
407.683,1.0,9.807920717385908,0.10000000149011612
407.734,1.0,9.67018697845439,0.10000000149011612
407.783,1.0,9.780112561831872,0.10000000149011612
407.843,1.0,9.972573187409175,0.12634746730327606
407.883,1.0,9.780275018016498,0.10000000149011612
407.944,1.0,9.835171079573533,0.10000000149011612
407.987,1.0,9.752970009172957,0.10000000149011612
408.037,1.0,9.83505625507484,0.10000000149011612
408.088,1.0,9.7255033477313,0.10000000149011612
408.136,1.0,9.80774555982401,0.10000000149011612
408.188,1.0,9.835130977382262,0.10000000149011612
408.239,1.0,9.862814541657766,0.10000000149011612
408.293,1.0,9.862647626114388,0.10000000149011612
408.339,1.0,9.945179888730248,0.13187238574028015
408.393,1.0,9.780272933716576,0.10000000149011612
408.44,1.0,9.725286545087066,0.10000000149011612
408.499,1.0,9.835193801629874,0.10000000149011612
408.545,1.0,9.78022810171048,0.10000000149011612
408.604,1.0,9.835363570600748,0.10000000149011612
408.645,1.0,9.752907608428764,0.10000000149011612
408.696,1.0,9.83530161180016,0.10000000149011612
408.758,1.0,9.890087562323444,0.10000000149011612
408.8,1.0,9.862862504294348,0.10957366973161697
408.849,1.0,9.697818773219154,0.10000000149011612
408.9,1.0,9.780254682815738,0.10000000149011612
408.949,1.0,9.75288303691066,0.10000000149011612
409.001,1.0,9.835316123896176,0.10000000149011612
409.052,1.0,9.725422477949824,0.10000000149011612
409.104,1.0,9.807775356123845,0.10000000149011612
409.151,1.0,9.862657398771908,0.10000000149011612
409.202,1.0,9.67026529305925,0.10000000149011612
409.249,1.0,9.780429740105237,0.10000000149011612
409.309,1.0,9.835200654529036,0.10000000149011612
409.348,1.0,9.86262009135551,0.10000000149011612
409.4,1.0,9.83547084459828,0.106180839240551
409.448,1.0,9.725615652112497,0.10000000149011612
409.507,1.0,9.807661606557668,0.10000000149011612
409.554,1.0,9.890051138318247,0.10000000149011612
409.604,1.0,9.780407050438225,0.10000000149011612
409.651,1.0,9.835055837469797,0.10000000149011612
409.706,1.0,9.780187642719183,0.10000000149011612
409.761,1.0,9.835461054597463,0.10000000149011612
409.803,1.0,9.780341052615809,0.10000000149011612
409.858,1.0,9.835215728564394,0.10000000149011612
409.903,1.0,9.917500000012417,0.10000000149011612
409.954,1.0,9.780184664142629,0.10000000149011612
410.007,1.0,9.807587812116576,0.10000000149011612
410.056,1.0,9.835235692063968,0.10000000149011612
410.103,1.0,9.752955265777807,0.10000000149011612
410.156,1.0,9.780333626208206,0.10000000149011612
410.203,1.0,9.807906864831844,0.10000000149011612
410.254,1.0,9.945006806568967,0.10000000149011612
410.308,1.0,9.862542376584477,0.10000000149011612
410.358,1.0,9.835119501646194,0.10000000149011612
410.409,1.0,9.725211865723962,0.10000000149011612
410.457,1.0,9.725482926455637,0.10000000149011612
410.508,1.0,9.835110022500157,0.10000000149011612
410.559,1.0,9.780246364076932,0.10000000149011612
410.608,1.0,9.862676330138411,0.10000000149011612
410.658,1.0,9.835099812597036,0.10000000149011612
410.708,1.0,9.890309961078067,0.10000000149011612
410.762,1.0,9.835313809249136,0.10000000149011612
410.819,1.0,9.725275076553226,0.10000000149011612
410.862,1.0,9.835355654545129,0.10000000149011612
410.923,1.0,9.780284665587049,0.10000000149011612
410.97,1.0,9.835010766962336,0.10000000149011612
411.028,1.0,9.752542249092626,0.10000000149011612
411.068,1.0,9.83515513887008,0.10000000149011612
411.118,1.0,9.862668369027476,0.10000000149011612
411.169,1.0,9.807725519914595,0.10000000149011612
411.221,1.0,9.835131861062514,0.10000000149011612
411.27,1.0,9.69759226211657,0.10000000149011612
411.319,1.0,9.945221976935864,0.13782821595668793
411.366,1.0,9.615414736316437,0.10000000149011612
411.42,1.0,9.917521710031563,0.10000000149011612
411.475,1.0,9.835088269309038,0.10000000149011612
411.52,1.0,9.67028590409706,0.10000000149011612
411.569,1.0,9.752968518208299,0.10000000149011612
411.622,1.0,9.862600001879036,0.10000000149011612
411.669,1.0,9.890244551292724,0.10000000149011612
411.72,1.0,9.862712543188698,0.10000000149011612
411.768,1.0,9.670592523407604,0.10000000149011612
411.827,1.0,9.862651460058988,0.10000000149011612
411.887,1.0,9.862866573201286,0.10000000149011612
411.93,1.0,9.862657598882086,0.10000000149011612
411.98,1.0,9.780259103162422,0.10000000149011612
412.038,1.0,9.698204897944297,0.10000000149011612
412.085,1.0,9.780284132725663,0.10000000149011612
412.133,1.0,9.807817109839783,0.10000000149011612
412.185,1.0,9.752589521184564,0.10000000149011612
412.236,1.0,9.890063984692096,0.10000000149011612
412.286,1.0,9.697966436814102,0.10000000149011612
412.336,1.0,9.80789408588575,0.10000000149011612
412.385,1.0,9.862833803933528,0.10000000149011612
412.442,1.0,9.807773128503726,0.10000000149011612
412.484,1.0,9.697957778680657,0.10000000149011612
412.535,1.0,9.642852408873539,0.10000000149011612
412.588,1.0,9.725184547921849,0.10000000149011612
412.635,1.0,9.67047500219196,0.10000000149011612
412.686,1.0,9.72522135321051,0.10000000149011612
412.744,1.0,9.890193765444888,0.10000000149011612
412.785,1.0,9.780299754606354,0.10000000149011612
412.845,1.0,9.78033782074021,0.10000000149011612
412.886,1.0,9.835104103510579,0.10000000149011612
412.94,1.0,9.752873645433121,0.10000000149011612
412.985,1.0,9.807776822625764,0.10000000149011612
413.036,1.0,9.69780774594595,0.10000000149011612
413.085,1.0,9.862686551776196,0.10000000149011612
413.136,1.0,9.725676193460822,0.10000000149011612
413.197,1.0,9.835051030127538,0.10000000149011612
413.237,1.0,9.69776763982243,0.10000000149011612
413.29,1.0,9.643095917482343,0.10000000149011612
413.337,1.0,9.86267705178923,0.10000000149011612
413.397,1.0,9.752566487424904,0.10000000149011612
413.439,1.0,9.780123189112379,0.10000000149011612
413.497,1.0,9.78036175041149,0.10000000149011612
413.54,1.0,9.890207793729173,0.10000000149011612
413.59,1.0,9.780316458352738,0.10000000149011612
413.647,1.0,9.890110505186021,0.10000000149011612
413.693,1.0,9.890051698808868,0.10000000149011612
413.743,1.0,9.917607034287519,0.10000000149011612
413.797,1.0,9.862710865173074,0.10000000149011612
413.84,1.0,9.780267433139185,0.10000000149011612
413.9,1.0,9.80781666909655,0.10000000149011612
413.946,1.0,9.80770664051589,0.10000000149011612
414.004,1.0,9.807772308401763,0.10000000149011612
414.042,1.0,9.697643549781706,0.10000000149011612
414.091,1.0,9.7803853912279,0.10000000149011612
414.144,1.0,9.835296221284402,0.10000000149011612
414.191,1.0,9.807755949575867,0.10000000149011612
414.248,1.0,9.780241324090296,0.10000000149011612
414.291,1.0,9.670471902709041,0.10000000149011612
414.343,1.0,9.780083065314425,0.10000000149011612
414.394,1.0,9.835200391068227,0.10000000149011612
414.442,1.0,9.72531798299816,0.10000000149011612
414.488,1.0,9.807722380798724,0.10000000149011612
414.542,1.0,9.890269837756124,0.10074544697999954
414.594,1.0,9.89026720761839,0.10000000149011612
414.643,1.0,9.862769245749547,0.10000000149011612
414.697,1.0,9.835236546728346,0.10000000149011612
414.743,1.0,9.752641758922902,0.10000000149011612
414.8,1.0,9.780463920947579,0.10000000149011612
414.848,1.0,9.86289435699582,0.10000000149011612
414.899,1.0,9.752554828301072,0.10000000149011612
414.946,1.0,9.890164047707286,0.10000000149011612
415.004,1.0,9.890115721813507,0.10000000149011612
415.047,1.0,9.725155080275403,0.10000000149011612
415.095,1.0,9.807567012951607,0.10000000149011612
415.145,1.0,9.807691298031973,0.10000000149011612
415.196,1.0,9.69788177497685,0.10000000149011612
415.249,1.0,9.780296882035003,0.10000000149011612
415.297,1.0,9.697917717177834,0.10000000149011612
415.347,1.0,9.807890703115199,0.10000000149011612
415.398,1.0,9.780281108534998,0.10000000149011612
415.447,1.0,9.725391565139095,0.10000000149011612
415.495,1.0,9.780493682333164,0.10000000149011612
415.549,1.0,9.890183430351318,0.10000000149011612
415.595,1.0,9.807993215529455,0.10000000149011612
415.646,1.0,9.643075985730523,0.10000000149011612
415.695,1.0,9.835134619577891,0.10000000149011612
415.746,1.0,9.752891212205093,0.10000000149011612
415.795,1.0,9.83526597517646,0.10000000149011612
415.846,1.0,9.945020251866016,0.10000000149011612
415.898,1.0,9.835267349849973,0.10000000149011612
415.945,1.0,9.752680704287357,0.10000000149011612
416.001,1.0,9.807774455183083,0.10000000149011612
416.045,1.0,9.780588472924299,0.10000000149011612
416.105,1.0,9.890000000016556,0.10000000149011612
416.149,1.0,9.752778155004812,0.10000000149011612
416.198,1.0,9.753239045416315,0.10000000149011612
416.256,1.0,9.835272327065468,0.10000000149011612
416.297,1.0,9.752662364786698,0.10000000149011612
416.349,1.0,9.69795784542544,0.10000000149011612
416.4,1.0,9.78040419076052,0.10000000149011612
416.451,1.0,9.917586532442106,0.10000000149011612
416.499,1.0,9.807858809063005,0.10000000149011612
416.555,1.0,9.835333211575117,0.10000000149011612
416.601,1.0,9.807666041805513,0.10000000149011612
416.648,1.0,9.780153608653281,0.10000000149011612
416.696,1.0,9.890349348013599,0.11222366988658905
416.748,1.0,9.780299821723666,0.10000000149011612
416.802,1.0,9.835208020897376,0.10000000149011612
416.851,1.0,9.91779447077877,0.1271279901266098
416.899,1.0,9.807568558202021,0.10000000149011612
416.95,1.0,9.780523534615835,0.10000000149011612
416.996,1.0,9.752941163608597,0.10000000149011612
417.049,1.0,9.835350331105293,0.10000000149011612
417.1,1.0,9.75287078037444,0.10000000149011612
417.151,1.0,9.835258517393635,0.10000000149011612
417.198,1.0,9.72531429456754,0.10000000149011612
417.256,1.0,9.72511760406196,0.10000000149011612
417.302,1.0,9.890293071460393,0.11369986832141876
417.348,1.0,9.643013953314059,0.10000000149011612
417.4,1.0,9.862751315741075,0.10000000149011612
417.448,1.0,9.725496677412755,0.10000000149011612
417.515,1.0,9.86259049973968,0.10000000149011612
417.555,1.0,9.752790555150973,0.10000000149011612
417.602,1.0,9.94503908322917,0.10000000149011612
417.65,1.0,9.835220682289865,0.10000000149011612
417.704,1.0,9.808059093128476,0.10000000149011612
417.748,1.0,9.78031939913829,0.10000000149011612
417.8,1.0,9.697951235684256,0.10000000149011612
417.849,1.0,9.835295260842475,0.10000000149011612
417.897,1.0,9.807811133211686,0.10000000149011612
417.957,1.0,9.78013087844269,0.10000000149011612
418.001,1.0,9.807862053418326,0.10000000149011612
418.052,1.0,9.75293850209564,0.10000000149011612
418.102,1.0,9.80766353300876,0.10000000149011612
418.151,1.0,9.752999970710112,0.10000000149011612
418.201,1.0,9.780565990859436,0.10000000149011612
418.259,1.0,9.780243690022164,0.10000000149011612
418.299,1.0,9.807831777197618,0.10000000149011612
418.355,1.0,9.725382030196489,0.10000000149011612
418.406,1.0,9.725568164367642,0.10000000149011612
418.459,1.0,9.752908964517216,0.10000000149011612
418.511,1.0,9.807737421182294,0.10000000149011612
418.564,1.0,9.697735695913433,0.10000000149011612
418.607,1.0,9.8625619214649,0.10000000149011612
418.662,1.0,9.697928169700834,0.10000000149011612
418.708,1.0,9.807857972383498,0.10000000149011612
418.768,1.0,9.86258630607691,0.10000000149011612
418.817,1.0,9.697881323430273,0.10000000149011612
418.863,1.0,9.945000000008278,0.10000000149011612
418.914,1.0,9.80797521672729,0.10000000149011612
418.957,1.0,9.69773218161944,0.10000000149011612
419.018,1.0,9.78012606791324,0.10000000149011612
419.068,1.0,9.752827263375123,0.10000000149011612
419.117,1.0,9.752917159017588,0.10000000149011612
419.167,1.0,9.89023717229979,0.10000000149011612
419.216,1.0,9.83528149165213,0.10000000149011612
419.273,1.0,9.807966773625877,0.10000000149011612
419.319,1.0,9.807818620010382,0.10000000149011612
419.369,1.0,9.780286008285152,0.10000000149011612
419.416,1.0,9.89021642288814,0.10000000149011612
419.468,1.0,9.752723816637364,0.10000000149011612
419.516,1.0,9.697771793252064,0.10000000149011612
419.566,1.0,9.862565912306309,0.10000000149011612
419.619,1.0,9.752581680524681,0.10000000149011612
419.667,1.0,9.752924930987259,0.10000000149011612
419.717,1.0,9.890138530462153,0.10000000149011612
419.767,1.0,9.862575867999759,0.10000000149011612
419.818,1.0,9.752756735185782,0.10000000149011612
419.869,1.0,9.83522095369796,0.10000000149011612
419.92,1.0,9.780298577952717,0.10000000149011612
419.966,1.0,9.807562480556468,0.10000000149011612
420.024,1.0,9.835230476678246,0.10000000149011612
420.068,1.0,9.72547150918593,0.10000000149011612
420.118,1.0,9.75304852432261,0.10000000149011612
420.169,1.0,9.835176481906739,0.10000000149011612
420.219,1.0,9.697891032737163,0.10000000149011612
420.271,1.0,9.752645754669276,0.10000000149011612
420.323,1.0,9.752861125601662,0.10000000149011612
420.369,1.0,9.862849988995327,0.10000000149011612
420.428,1.0,9.780164168692297,0.10000000149011612
420.47,1.0,9.780384745262563,0.10000000149011612
420.521,1.0,9.89026889120125,0.10000000149011612
420.572,1.0,9.78053095529063,0.10000000149011612
420.636,1.0,9.725309939848053,0.10000000149011612
420.671,1.0,9.64291744960679,0.10000000149011612
420.721,1.0,9.752623530042667,0.10000000149011612
420.776,1.0,9.807664813660086,0.10000000149011612
420.823,1.0,9.807587322530647,0.10000000149011612
420.878,1.0,9.807653673986595,0.10000000149011612
420.922,1.0,9.807636517203516,0.10000000149011612
420.975,1.0,9.697804921389453,0.10000000149011612
421.022,1.0,9.807775674408509,0.10000000149011612
421.071,1.0,9.80805952379273,0.10000000149011612
421.122,1.0,9.862760181766417,0.10000000149011612
421.184,1.0,9.862604960985482,0.10000000149011612
421.224,1.0,9.89011723138392,0.10000000149011612
421.291,1.0,9.698200206313697,0.10000000149011612
421.327,1.0,9.917543586840232,0.10009610652923584
421.372,1.0,9.780371351726354,0.10000000149011612
421.423,1.0,9.807714638072584,0.10000000149011612
421.473,1.0,9.862822949451704,0.10000000149011612
421.529,1.0,9.807825166732073,0.10000000149011612
421.572,1.0,9.753100601149102,0.10000000149011612
421.623,1.0,9.835313266246683,0.10000000149011612
421.684,1.0,9.890171229673756,0.10000000149011612
421.725,1.0,9.752799471302165,0.10000000149011612
421.785,1.0,9.86262508990864,0.10000000149011612
421.829,1.0,9.917500000012417,0.10000000149011612
421.875,1.0,9.697941787085599,0.10000000149011612
421.931,1.0,9.780313906280531,0.10000000149011612
421.979,1.0,9.862792811025347,0.10000000149011612
422.028,1.0,9.945123005058203,0.11137808114290237
422.081,1.0,9.807631555199624,0.10000000149011612
422.137,1.0,9.7528511421548,0.10000000149011612
422.192,1.0,9.780560339966582,0.1074933111667633
422.23,1.0,9.752938122178117,0.10000000149011612
422.278,1.0,9.725263532727128,0.10000000149011612
422.328,1.0,9.8626238266627,0.10000000149011612
422.375,1.0,9.835204240990182,0.10000000149011612
422.43,1.0,9.86277655158192,0.10000000149011612
422.482,1.0,9.807656899135974,0.10000000149011612
422.526,1.0,9.807701918813917,0.10000000149011612
422.584,1.0,9.835092511711022,0.10000000149011612
422.627,1.0,9.643385111105939,0.10000000149011612
422.679,1.0,9.78039235704475,0.10000000149011612
422.727,1.0,9.862673784212934,0.10000000149011612
422.777,1.0,9.835131453143227,0.10000000149011612
422.83,1.0,9.917568355881505,0.10000000149011612
422.889,1.0,9.7253526142074,0.10000000149011612
422.937,1.0,9.835385499232345,0.10000000149011612
422.988,1.0,9.91755167150663,0.10000000149011612
423.035,1.0,9.725320444628597,0.10000000149011612
423.084,1.0,9.89024057255851,0.10000000149011612
423.132,1.0,9.75284886095259,0.10000000149011612
423.182,1.0,9.725623586918745,0.10000000149011612
423.233,1.0,9.725263156390024,0.10000000149011612
423.283,1.0,9.83524177370386,0.10000000149011612
423.333,1.0,9.670523545828958,0.10000000149011612
423.387,1.0,9.75277882443948,0.10000000149011612
423.433,1.0,9.807938509020541,0.10000000149011612
423.486,1.0,9.752838048856292,0.10000000149011612
423.538,1.0,9.807645596067111,0.10000000149011612
423.586,1.0,9.780351496818993,0.10000000149011612
423.634,1.0,9.835281049108339,0.10000000149011612
423.687,1.0,9.7529102359381,0.10000000149011612
423.732,1.0,9.890000000016556,0.10000000149011612
423.782,1.0,9.807671817040278,0.10000000149011612
423.834,1.0,9.835241946991946,0.10000000149011612
423.88,1.0,9.78018326881445,0.10000000149011612
423.932,1.0,9.807657830168804,0.10000000149011612
423.982,1.0,9.835268015952574,0.10000000149011612
424.039,1.0,9.890086868136294,0.10000000149011612
424.083,1.0,9.752745964916215,0.10000000149011612
424.141,1.0,9.72513684934626,0.10000000149011612
424.183,1.0,9.945000000008278,0.10000000149011612
424.237,1.0,9.697620347307788,0.10000000149011612
424.286,1.0,9.8351353176559,0.10000000149011612
424.336,1.0,9.835314015650916,0.10000000149011612
424.386,1.0,9.835247125269639,0.10000000149011612
424.436,1.0,9.890184821043578,0.10000000149011612
424.49,1.0,9.698023245814774,0.10000000149011612
424.538,1.0,9.890014654501444,0.10000000149011612
424.586,1.0,9.86259407579071,0.10000000149011612
424.634,1.0,9.698251914936636,0.10000000149011612
424.686,1.0,9.725132182882064,0.10000000149011612
424.738,1.0,9.807804441307153,0.10000000149011612
424.795,1.0,9.890217617443867,0.10000000149011612
424.838,1.0,9.752773966681627,0.10000000149011612
424.887,1.0,9.890183495812947,0.10000000149011612
424.937,1.0,9.752790823516746,0.10000000149011612
424.987,1.0,9.725139145884249,0.10000000149011612
425.042,1.0,9.725474545711444,0.10000000149011612
425.095,1.0,9.807792188227177,0.10000000149011612
425.143,1.0,9.697973372331925,0.10000000149011612
425.199,1.0,9.890104941175215,0.10000000149011612
425.246,1.0,9.890242957199613,0.10000000149011612
425.295,1.0,9.752936346621977,0.10000000149011612
425.349,1.0,9.697905040553046,0.10000000149011612
425.399,1.0,9.862699079803294,0.10000000149011612
425.455,1.0,9.807673013500041,0.10000000149011612
425.496,1.0,9.808091713674367,0.10319257527589798
425.556,1.0,9.807975173513922,0.10492144525051117
425.623,1.0,9.615475885031952,0.10000000149011612
425.642,1.0,9.862522068599032,0.10000000149011612
425.701,1.0,9.807702472557624,0.10000000149011612
425.767,1.0,9.807696626335382,0.10000000149011612
425.808,1.0,9.807756598645614,0.10000000149011612
425.866,1.0,9.807839944544765,0.10000000149011612
425.906,1.0,9.835183711391355,0.10000000149011612
425.954,1.0,9.780346826691595,0.10000000149011612
426.009,1.0,9.560521450266242,0.10000000149011612
426.053,1.0,9.862553916271363,0.10000000149011612
426.103,1.0,9.86260840073228,0.10000000149011612
426.161,1.0,9.835423194575641,0.10000000149011612
426.207,1.0,9.835265132681362,0.10000000149011612
426.267,1.0,9.835264994535182,0.10000000149011612
426.31,1.0,9.697531500769157,0.10000000149011612
426.359,1.0,9.780453236421778,0.10000000149011612
426.41,1.0,9.752964254323807,0.10000000149011612
426.46,1.0,9.752970687817369,0.10000000149011612
426.51,1.0,9.835277954530385,0.10000000149011612
426.562,1.0,9.807670767294864,0.10000000149011612
426.612,1.0,9.862561759973566,0.10000000149011612
426.66,1.0,9.917500000012417,0.10000000149011612
426.712,1.0,9.72512388943384,0.10000000149011612
426.759,1.0,9.835199417380823,0.10000000149011612
426.811,1.0,9.615272801348732,0.10000000149011612
426.861,1.0,9.835064701115092,0.10000000149011612
426.91,1.0,9.807508610727059,0.10000000149011612
426.96,1.0,9.835175255893006,0.10000000149011612
427.018,1.0,9.752947785560455,0.10000000149011612
427.065,1.0,9.780303979002767,0.10000000149011612
427.116,1.0,9.697939847119981,0.10000000149011612
427.165,1.0,9.807675053158569,0.10000000149011612
427.215,1.0,9.862743894776536,0.10000000149011612
427.272,1.0,9.780339776993626,0.10000000149011612
427.319,1.0,9.780410113330516,0.10000000149011612
427.373,1.0,9.835319283997848,0.10000000149011612
427.418,1.0,9.835104484814737,0.10000000149011612
427.465,1.0,9.807652019378212,0.10000000149011612
427.515,1.0,9.752793840525879,0.10000000149011612
427.566,1.0,9.890105884170367,0.10000000149011612
427.621,1.0,9.862562507970466,0.10000000149011612
427.667,1.0,9.560700762603018,0.10000000149011612
427.716,1.0,9.835198869763149,0.10000000149011612
427.765,1.0,9.807750224818786,0.10000000149011612
427.819,1.0,9.780189260095359,0.10000000149011612
427.864,1.0,9.862754980122878,0.10000000149011612
427.917,1.0,9.917531144991518,0.10000000149011612
427.967,1.0,9.862606445161832,0.10000000149011612
428.014,1.0,9.807748868068058,0.10000000149011612
428.068,1.0,9.780185775914125,0.10000000149011612
428.115,1.0,9.807791178342368,0.10000000149011612
428.173,1.0,9.83533504139632,0.10000000149011612
428.21,1.0,9.91761751141813,0.10000000149011612
428.265,1.0,9.890150512692829,0.10000000149011612
428.322,1.0,9.780310131423175,0.10000000149011612
428.374,1.0,9.807720948776437,0.10000000149011612
428.423,1.0,9.890315989239348,0.10093586146831512
428.467,1.0,9.780308628309932,0.10000000149011612
428.521,1.0,9.835264100341334,0.10000000149011612
428.577,1.0,9.615292259057362,0.10000000149011612
428.62,1.0,9.753035890704227,0.10000000149011612
428.671,1.0,9.67028579113798,0.10000000149011612
428.723,1.0,9.780303191890319,0.10000000149011612
428.769,1.0,9.780493414174352,0.10000000149011612
428.822,1.0,9.780163787057003,0.10000000149011612
428.879,1.0,9.752681206642754,0.10000000149011612
428.923,1.0,9.807803876015047,0.10000000149011612
428.976,1.0,9.807735536557933,0.10000000149011612
429.025,1.0,9.807860082367228,0.10000000149011612
429.07,1.0,9.807536573790841,0.10000000149011612
429.121,1.0,9.807728027655847,0.10000000149011612
429.174,1.0,9.697845071906016,0.10000000149011612
429.223,1.0,9.780191121995449,0.10000000149011612
429.27,1.0,9.780186927939456,0.10000000149011612
429.317,1.0,9.807558692660596,0.10000000149011612
429.378,1.0,9.780394773247341,0.10000000149011612
429.426,1.0,9.890250531997946,0.10126389563083649
429.483,1.0,9.80766885208173,0.10000000149011612
429.535,1.0,9.69782193623897,0.10000000149011612
429.578,1.0,9.752693958580494,0.10000000149011612
429.632,1.0,9.7254207086025,0.10000000149011612
429.682,1.0,9.752709458996025,0.10000000149011612
429.731,1.0,9.862650900127159,0.10000000149011612
429.78,1.0,9.835256380794776,0.10000000149011612
429.832,1.0,9.807820737755133,0.10000000149011612
429.877,1.0,9.807874397664435,0.10000000149011612
429.927,1.0,9.67034248324732,0.10000000149011612
429.988,1.0,9.725182649037905,0.10000000149011612
430.026,1.0,9.862564140454763,0.10000000149011612
430.078,1.0,9.807926352756718,0.10000000149011612
430.126,1.0,9.780199671867821,0.10000000149011612
430.184,1.0,9.83543926777525,0.10164080560207367
430.231,1.0,9.725502803197337,0.10000000149011612
430.278,1.0,9.83530323209448,0.10000000149011612
430.328,1.0,9.752784167788922,0.10000000149011612
430.381,1.0,9.945148125622008,0.1146036684513092
430.43,1.0,9.642774273289575,0.10000000149011612
430.478,1.0,9.835153035157257,0.10000000149011612
430.538,1.0,9.862739833299484,0.10000000149011612
430.58,1.0,9.835520740267302,0.10625069588422775
430.634,1.0,9.780229147026937,0.10000000149011612
430.678,1.0,9.725555772686171,0.10000000149011612
430.733,1.0,9.7802399928992,0.10000000149011612
430.781,1.0,9.835146760671503,0.10000000149011612
430.829,1.0,9.807681969429057,0.10000000149011612
430.886,1.0,9.89018265704314,0.10000000149011612
430.93,1.0,9.862734503092037,0.10000000149011612
430.992,1.0,9.862676304351124,0.10000000149011612
431.031,1.0,9.78046622628139,0.10000000149011612
431.08,1.0,9.83527989786946,0.10000000149011612
431.139,1.0,9.835261753098004,0.10000000149011612
431.183,1.0,9.725378883174724,0.10000000149011612
431.236,1.0,9.835131473570234,0.10000000149011612
431.282,1.0,9.835092264869147,0.10000000149011612
431.335,1.0,9.807705114409327,0.10000000149011612
431.385,1.0,9.807763240424295,0.10000000149011612
431.44,1.0,9.80788375971218,0.10527616739273071
431.483,1.0,9.807790586559308,0.10000000149011612
431.531,1.0,9.697948139367831,0.10000000149011612
431.584,1.0,9.752832465970682,0.10000000149011612
431.637,1.0,9.780284322839645,0.10000000149011612
431.681,1.0,9.835144656544758,0.10000000149011612
431.734,1.0,9.835146756635773,0.10000000149011612
431.79,1.0,9.780391621341307,0.10000000149011612
431.839,1.0,9.807688282202516,0.10000000149011612
431.899,1.0,9.890000000016556,0.10000000149011612
431.94,1.0,9.890114321828717,0.10000000149011612
431.989,1.0,9.752739027804799,0.10000000149011612
432.048,1.0,9.835092191543016,0.10000000149011612
432.087,1.0,9.890170148615208,0.10000000149011612
432.14,1.0,9.890277313503127,0.10000000149011612
432.194,1.0,9.780287486397558,0.10000000149011612
432.248,1.0,9.890153617991341,0.10000000149011612
432.291,1.0,9.890215232099097,0.10669118165969849
432.341,1.0,9.807691717623836,0.10000000149011612
432.394,1.0,9.890107276890841,0.10000000149011612
432.446,1.0,9.890094000659882,0.10000000149011612
432.497,1.0,9.835224977797932,0.10000000149011612
432.548,1.0,9.807945390024948,0.10000000149011612
432.596,1.0,9.862641147192981,0.10000000149011612
432.65,1.0,9.588332773579491,0.10000000149011612
432.697,1.0,9.863021190050576,0.12699158489704132
432.749,1.0,9.862645885410409,0.10000000149011612
432.809,1.0,9.862799671147432,0.10173671692609787
432.855,1.0,9.698117399815883,0.10000000149011612
432.908,1.0,9.890082908980549,0.10000000149011612
432.959,1.0,9.890274178464379,0.10000000149011612
433.005,1.0,9.890106541249487,0.10000000149011612
433.063,1.0,9.807709881104529,0.10000000149011612
433.123,1.0,9.615535488393572,0.10000000149011612
433.161,1.0,9.807825106672114,0.10000000149011612
433.203,1.0,9.945004571663837,0.10000000149011612
433.254,1.0,9.83519815829479,0.10000000149011612
433.306,1.0,9.642765272346635,0.10000000149011612
433.365,1.0,9.945126087611747,0.10000000149011612
433.399,1.0,9.780256902033257,0.10000000149011612
433.458,1.0,9.83526827606062,0.10000000149011612
433.507,1.0,9.862649477335314,0.10000000149011612
433.561,1.0,9.835041300372945,0.10000000149011612
433.612,1.0,9.890057592632042,0.10000000149011612
433.658,1.0,9.780361179324489,0.10000000149011612
433.712,1.0,9.752851836900744,0.10000000149011612
433.759,1.0,9.670836980413231,0.10000000149011612
433.815,1.0,9.697785098126365,0.10000000149011612
433.861,1.0,9.890133882707191,0.10000000149011612
433.923,1.0,9.642953404308193,0.10000000149011612
433.973,1.0,9.752654358020258,0.10000000149011612
434.023,1.0,9.862555884714755,0.10000000149011612
434.074,1.0,9.835209140388502,0.10000000149011612
434.113,1.0,9.89021478496078,0.10000000149011612
434.171,1.0,9.83532812324249,0.10000000149011612
434.221,1.0,9.835074261079232,0.10000000149011612
434.281,1.0,9.780247057663898,0.10000000149011612
434.323,1.0,9.862506097099848,0.10000000149011612
434.371,1.0,9.890121573892733,0.10000000149011612
434.423,1.0,9.780167505124377,0.10000000149011612
434.472,1.0,9.862660383412408,0.10000000149011612
434.523,1.0,9.752836374338303,0.10000000149011612
434.57,1.0,9.780269055854943,0.10000000149011612
434.62,1.0,9.780545385864874,0.10000000149011612
434.675,1.0,9.780089768477612,0.10000000149011612
434.722,1.0,9.725346618290576,0.10000000149011612
434.779,1.0,9.807931267325248,0.10000000149011612
434.82,1.0,9.615469317200283,0.10000000149011612
434.871,1.0,9.86254082982325,0.10000000149011612
434.929,1.0,9.890126193087134,0.10000000149011612
434.963,1.0,9.945016813857688,0.10000000149011612
435.021,1.0,9.725533607788384,0.10000000149011612
435.077,1.0,9.835074997072418,0.10000000149011612
435.126,1.0,9.752735067759122,0.10000000149011612
435.172,1.0,9.780007989497648,0.10000000149011612
435.236,1.0,9.835029211619663,0.10000000149011612
435.277,1.0,9.83518861633622,0.10000000149011612
435.325,1.0,9.75287708836711,0.10000000149011612
435.386,1.0,9.697673294838104,0.10000000149011612
435.428,1.0,9.78006920547535,0.10000000149011612
435.478,1.0,9.807588370723856,0.10000000149011612
435.542,1.0,9.725281074167127,0.10000000149011612
435.583,1.0,9.78015185099923,0.10000000149011612
435.628,1.0,9.862694212856391,0.10000000149011612
435.681,1.0,9.945000000008278,0.10000000149011612
435.729,1.0,9.780179467052221,0.10000000149011612
435.778,1.0,9.807732657881246,0.10000000149011612
435.828,1.0,9.752835180734595,0.10000000149011612
435.879,1.0,9.752950200811028,0.10000000149011612
435.927,1.0,9.835150037333369,0.10000000149011612
435.982,1.0,9.752880761772394,0.10000000149011612
436.031,1.0,9.807660245233112,0.10000000149011612
436.081,1.0,9.697754967523117,0.10000000149011612
436.133,1.0,9.642613097445832,0.10000000149011612
436.18,1.0,9.835203381275965,0.10000000149011612
436.236,1.0,9.890112637252443,0.10000000149011612
436.304,1.0,9.835321935969922,0.10000000149011612
436.34,1.0,9.780271412742634,0.10000000149011612
436.388,1.0,9.917612741142511,0.10000000149011612
436.438,1.0,9.725308727866246,0.10000000149011612
436.488,1.0,9.862769597603215,0.10000000149011612
436.537,1.0,9.862577649661237,0.10000000149011612
436.587,1.0,9.698366172673802,0.10000000149011612
436.64,1.0,9.917658823811346,0.10000000149011612
436.687,1.0,9.862761635312603,0.10000000149011612
436.739,1.0,9.807659261963433,0.10000000149011612
436.789,1.0,9.807534317279028,0.10000000149011612
436.839,1.0,9.862537526297901,0.10000000149011612
436.889,1.0,9.862500000020695,0.10000000149011612
436.937,1.0,9.752820373388628,0.10000000149011612
436.998,1.0,9.83525207206193,0.10000000149011612
437.042,1.0,9.80778756973644,0.10000000149011612
437.096,1.0,9.835216079217693,0.10000000149011612
437.146,1.0,9.890124636991985,0.10000000149011612
437.198,1.0,9.752963419258595,0.10000000149011612
437.247,1.0,9.61545231083615,0.10000000149011612
437.294,1.0,9.890145730827417,0.10000000149011612
437.342,1.0,9.86273240517411,0.10000000149011612
437.394,1.0,9.780169340699084,0.10000000149011612
437.446,1.0,9.725234111398459,0.10000000149011612
437.494,1.0,9.67049054203348,0.10000000149011612
437.548,1.0,9.78035761807114,0.10000000149011612
437.595,1.0,9.972500000004139,0.10000000149011612
437.64,1.0,9.780274091143575,0.10000000149011612
437.696,1.0,9.752671878453757,0.10000000149011612
437.745,1.0,9.697786202737026,0.10000000149011612
437.797,1.0,9.69786794854121,0.10000000149011612
437.845,1.0,9.835000604080657,0.10000000149011612
437.896,1.0,9.835225730203092,0.10000000149011612
437.943,1.0,9.725299882102345,0.10000000149011612
437.995,1.0,9.862623647227883,0.10000000149011612
438.065,1.0,9.752922894308965,0.10000000149011612
438.093,1.0,9.78051020335406,0.10000000149011612
438.145,1.0,9.80770814054542,0.10000000149011612
438.196,1.0,9.697786064239011,0.10000000149011612
438.244,1.0,9.752987885702815,0.10000000149011612
438.291,1.0,9.78047024032308,0.10000000149011612
438.345,1.0,9.807955269080898,0.10000000149011612
438.4,1.0,9.780254976078869,0.10000000149011612
438.448,1.0,9.890132009382878,0.10000000149011612
438.498,1.0,9.780250841586126,0.10000000149011612
438.547,1.0,9.83522421821124,0.10000000149011612
438.602,1.0,9.835122814360592,0.10000000149011612
438.646,1.0,9.807799340536198,0.10000000149011612
438.695,1.0,9.642955939968427,0.10000000149011612
438.748,1.0,9.752711035414702,0.10000000149011612
438.799,1.0,9.80765961561766,0.10000000149011612
438.849,1.0,9.917550755602617,0.10000000149011612
438.898,1.0,9.835412277798685,0.10000000149011612
438.947,1.0,9.807706060529583,0.10000000149011612
439.005,1.0,9.752685577194724,0.10000000149011612
439.047,1.0,9.807928368242251,0.10000000149011612
439.098,1.0,9.890192984934483,0.10000000149011612
439.151,1.0,9.835059316953023,0.10000000149011612
439.201,1.0,9.725372230158085,0.10000000149011612
439.257,1.0,9.890174323920574,0.10000000149011612
439.287,1.0,9.807692125584516,0.10000000149011612
439.351,1.0,9.862746425945726,0.10000000149011612
439.401,1.0,9.780503818227185,0.10000000149011612
439.45,1.0,9.780276844050322,0.10000000149011612
439.505,1.0,9.89006849558403,0.10000000149011612
439.558,1.0,9.89026910484665,0.10000000149011612
439.605,1.0,9.670375529842245,0.10000000149011612
439.658,1.0,9.945000000008278,0.10000000149011612
439.706,1.0,9.807791348008646,0.10000000149011612
439.757,1.0,9.945088681268196,0.10000000149011612
439.806,1.0,9.725244782492519,0.10000000149011612
439.858,1.0,9.835339411244624,0.10000000149011612
439.91,1.0,9.807849158388045,0.10000000149011612
439.962,1.0,9.862562043944166,0.10000000149011612
440.006,1.0,9.835152081151803,0.10000000149011612
440.058,1.0,9.752940854285326,0.10000000149011612
440.113,1.0,9.917610925518805,0.10000000149011612
440.154,1.0,9.807712208417554,0.10000000149011612
440.207,1.0,9.862513872856896,0.10000000149011612
440.255,1.0,9.917585083324877,0.10000000149011612
440.308,1.0,9.780266886866755,0.10000000149011612
440.362,1.0,9.917689519147906,0.10000000149011612
440.414,1.0,9.862755444666577,0.10000000149011612
440.46,1.0,9.835219175658292,0.10000000149011612
440.515,1.0,9.807760642593106,0.10000000149011612
440.554,1.0,9.752768618447913,0.10000000149011612
440.612,1.0,9.780339619910551,0.10000000149011612
440.662,1.0,9.69778483737674,0.10000000149011612
440.714,1.0,9.862776293046773,0.10000000149011612
440.768,1.0,9.862690933586823,0.10000000149011612
440.816,1.0,9.945133952858548,0.10000000149011612
440.866,1.0,9.835072697181669,0.10000000149011612
440.916,1.0,9.780207013752726,0.10000000149011612
440.966,1.0,9.835176094849077,0.10000000149011612
441.016,1.0,9.752930233296421,0.10000000149011612
441.073,1.0,9.835037725170453,0.10000000149011612
441.117,1.0,9.752763981227245,0.10000000149011612
441.168,1.0,9.725507728134593,0.10000000149011612
441.216,1.0,9.780349787448843,0.10000000149011612
441.267,1.0,9.752726980029708,0.10000000149011612
441.318,1.0,9.862782047399216,0.10000000149011612
441.377,1.0,9.835170520469546,0.10000000149011612
441.418,1.0,9.890122314025131,0.10000000149011612
441.473,1.0,9.780294635747042,0.10000000149011612
441.517,1.0,9.697732127644121,0.10000000149011612
441.573,1.0,9.725418350700703,0.10000000149011612
441.615,1.0,9.725070356743203,0.10000000149011612
441.668,1.0,9.697661399241124,0.10000000149011612
441.724,1.0,9.780282159066862,0.10000000149011612
441.768,1.0,9.862636754516926,0.10000000149011612
441.818,1.0,9.91759497968273,0.10347820818424225
441.87,1.0,9.670574441779818,0.10000000149011612
441.919,1.0,9.835179919708107,0.10000000149011612
441.971,1.0,9.835089236042565,0.10000000149011612
442.016,1.0,9.862735916363697,0.10000000149011612
442.066,1.0,9.807610656279657,0.10000000149011612
442.118,1.0,9.75281821154058,0.10000000149011612
442.18,1.0,9.780115952239269,0.10000000149011612
442.228,1.0,9.94500965865122,0.10000000149011612
442.268,1.0,9.83524656844222,0.10000000149011612
442.32,1.0,9.807802192328705,0.10000000149011612
442.37,1.0,9.917518639543818,0.10000000149011612
442.419,1.0,9.8077220623071,0.10000000149011612
442.467,1.0,9.670169287154245,0.10000000149011612
442.518,1.0,9.89026055658857,0.10000000149011612
442.567,1.0,9.780144087928864,0.10000000149011612
442.618,1.0,9.69766395015435,0.10000000149011612
442.667,1.0,9.780082380978598,0.10000000149011612
442.717,1.0,9.780219169850978,0.10000000149011612
442.768,1.0,9.835143571409086,0.10000000149011612
442.821,1.0,9.780172968800697,0.10000000149011612
442.876,1.0,9.807913170237509,0.10279782861471176
442.92,1.0,9.862703488746451,0.10000000149011612
442.972,1.0,9.725125242521365,0.10000000149011612
443.02,1.0,9.753016124251817,0.10000000149011612
443.067,1.0,9.752744886837899,0.10000000149011612
443.121,1.0,9.560499424652921,0.10000000149011612
443.169,1.0,9.972500000004139,0.10000000149011612
443.223,1.0,9.780301590201756,0.10000000149011612
443.274,1.0,9.75292142495099,0.10000000149011612
443.344,1.0,9.917637841279308,0.10000000149011612
443.392,1.0,9.670341238296695,0.10000000149011612
443.42,1.0,9.89005216093113,0.10000000149011612
443.481,1.0,9.752920000731118,0.10000000149011612
443.523,1.0,9.89029268409229,0.11126209795475006
443.579,1.0,9.780289895977411,0.10000000149011612
443.624,1.0,9.698019238023294,0.10000000149011612
443.683,1.0,9.780541347298357,0.10000000149011612
443.735,1.0,9.725293630361557,0.10000000149011612
443.773,1.0,9.752865105825993,0.10000000149011612
443.826,1.0,9.835268156396019,0.10000000149011612
443.877,1.0,9.69778167096277,0.10000000149011612
443.926,1.0,9.807801264234715,0.10000000149011612
443.976,1.0,9.752830906481378,0.10000000149011612
444.018,1.0,9.807643730317553,0.10000000149011612
444.085,1.0,9.862618109832207,0.10000000149011612
444.125,1.0,9.780176917794678,0.10000000149011612
444.182,1.0,9.752908538964887,0.10000000149011612
444.223,1.0,9.642594035590689,0.10000000149011612
444.276,1.0,9.697961144563225,0.10000000149011612
444.323,1.0,9.752737124905819,0.10000000149011612
444.377,1.0,9.807610739229453,0.10000000149011612
444.425,1.0,9.862555038349496,0.10000000149011612
444.489,1.0,9.752870579891734,0.10000000149011612
444.525,1.0,9.972500000004139,0.10000000149011612
444.575,1.0,9.890078970520861,0.10000000149011612
444.625,1.0,9.80756747259034,0.10000000149011612
444.674,1.0,9.725182044485377,0.10000000149011612
444.726,1.0,9.917676605346303,0.10000000149011612
444.777,1.0,9.807844202137655,0.10000000149011612
444.824,1.0,9.807690651114616,0.10000000149011612
444.88,1.0,9.807683444312877,0.10000000149011612
444.929,1.0,9.780353397317231,0.10000000149011612
444.987,1.0,9.807782710240119,0.10000000149011612
445.03,1.0,9.670438035681016,0.10000000149011612
445.081,1.0,9.780407063124908,0.10000000149011612
445.136,1.0,9.945082585451503,0.10000000149011612
445.18,1.0,9.642979506341119,0.10000000149011612
445.229,1.0,9.725121365528967,0.10000000149011612
445.28,1.0,9.862684773922794,0.10000000149011612
445.331,1.0,9.752695512212814,0.10000000149011612
445.381,1.0,9.698017484508455,0.10000000149011612
445.431,1.0,9.945099656718472,0.10000000149011612
445.494,1.0,9.86267903788636,0.10000000149011612
445.536,1.0,9.78024709880766,0.10000000149011612
445.582,1.0,9.835420174296532,0.10000000149011612
445.629,1.0,9.807980306798385,0.10000000149011612
445.676,1.0,9.780313237942755,0.10000000149011612
445.73,1.0,9.890223914902244,0.10000000149011612
445.78,1.0,9.697873008271886,0.10000000149011612
445.832,1.0,9.835229189135134,0.10000000149011612
445.879,1.0,9.780465697890355,0.10000000149011612
445.932,1.0,9.780282932664786,0.10000000149011612
445.984,1.0,9.780206159378091,0.10000000149011612
446.034,1.0,9.807814388184084,0.10000000149011612
446.08,1.0,9.862744695320725,0.10055261850357056
446.132,1.0,9.835303569729957,0.10000000149011612
446.184,1.0,9.78049292218768,0.10000000149011612
446.24,1.0,9.86256719937341,0.10000000149011612
446.283,1.0,9.835205507257747,0.10000000149011612
446.338,1.0,9.725299272562067,0.10000000149011612
446.386,1.0,9.835000000024836,0.10000000149011612
446.431,1.0,9.807747254065342,0.10000000149011612
446.488,1.0,9.780295272750987,0.10000000149011612
446.533,1.0,9.780329372278517,0.10000000149011612
446.582,1.0,9.670420292371677,0.10000000149011612
446.636,1.0,9.725323092440764,0.10000000149011612
446.682,1.0,9.91763376556337,0.10000000149011612
446.735,1.0,9.697832463805874,0.10000000149011612
446.79,1.0,9.862748978742294,0.10000000149011612
446.834,1.0,9.75283060936878,0.10000000149011612
446.883,1.0,9.807751782755885,0.10000000149011612
446.94,1.0,9.917716169336604,0.10000000149011612
446.981,1.0,9.835189951976968,0.10000000149011612
447.046,1.0,9.697853446565569,0.10000000149011612
447.083,1.0,9.72548712891423,0.10000000149011612
447.14,1.0,9.9175762830923,0.10000000149011612
447.199,1.0,9.835404033689864,0.10000000149011612
447.239,1.0,9.780626198069918,0.10000000149011612
447.285,1.0,9.725512214356826,0.10000000149011612
447.334,1.0,9.890120784027708,0.10000000149011612
447.384,1.0,9.917592972682582,0.10000000149011612
447.435,1.0,9.725261282900142,0.10000000149011612
447.488,1.0,9.58788281639831,0.10000000149011612
447.534,1.0,9.835380148722066,0.10000000149011612
447.582,1.0,9.862700420204137,0.10000000149011612
447.634,1.0,9.890177945482234,0.10000000149011612
447.685,1.0,9.670760025932557,0.10000000149011612
447.737,1.0,9.752738322710826,0.10000000149011612
447.785,1.0,9.72530867608471,0.10000000149011612
447.835,1.0,9.780353945700659,0.10000000149011612
447.885,1.0,9.670407572264473,0.10000000149011612
447.937,1.0,9.670409172173176,0.10000000149011612
447.991,1.0,9.890109861559338,0.10000000149011612
448.035,1.0,9.890151249741514,0.10000000149011612
448.085,1.0,9.890118420972593,0.10000000149011612
448.139,1.0,9.835174855610562,0.10000000149011612
448.187,1.0,9.78027599874056,0.10000000149011612
448.242,1.0,9.835120502507522,0.10000000149011612
448.285,1.0,9.86264250330213,0.10000000149011612
448.336,1.0,9.890215449200737,0.10000000149011612
448.386,1.0,9.808026888242198,0.10000000149011612
448.439,1.0,9.917500000012417,0.10000000149011612
448.489,1.0,9.753002438590759,0.10000000149011612
448.539,1.0,9.697656556260254,0.10000000149011612
448.589,1.0,9.862734810842408,0.10000000149011612
448.637,1.0,9.697782906475995,0.10000000149011612
448.692,1.0,9.890043951508899,0.10000000149011612
448.741,1.0,9.80789870565964,0.10000000149011612
448.79,1.0,9.807743718682064,0.10000000149011612
448.843,1.0,9.780230349343684,0.10000000149011612
448.891,1.0,9.890251316626866,0.10000000149011612
448.931,1.0,9.807899027462636,0.10000000149011612
448.991,1.0,9.807688310597506,0.10000000149011612
449.045,1.0,9.670780756986803,0.10000000149011612
449.096,1.0,9.862592837090293,0.10000000149011612
449.152,1.0,9.83527115645508,0.10000000149011612
449.197,1.0,9.780388975433178,0.10000000149011612
449.25,1.0,9.835196184573903,0.10000000149011612
449.296,1.0,9.752814814924365,0.10000000149011612
449.354,1.0,9.835336958596276,0.10000000149011612
449.397,1.0,9.86271574244731,0.10000000149011612
449.452,1.0,9.752896132133902,0.10000000149011612
449.499,1.0,9.835058517029715,0.10000000149011612
449.554,1.0,9.725180463347998,0.10000000149011612
449.603,1.0,9.697835608861512,0.10000000149011612
449.647,1.0,9.83510500529988,0.10000000149011612
449.697,1.0,9.72551585233046,0.10000000149011612
449.749,1.0,9.86266508632236,0.10000000149011612
449.801,1.0,9.91777136106458,0.12176446616649628
449.849,1.0,9.862575934827328,0.10000000149011612
449.91,1.0,9.917572793530093,0.10000000149011612
449.949,1.0,9.807940296932227,0.10000000149011612
450.006,1.0,9.642918412821988,0.10000000149011612
450.052,1.0,9.890069188136193,0.10000000149011612
450.104,1.0,9.697983102107214,0.10000000149011612
450.153,1.0,9.835155988236268,0.10000000149011612
450.214,1.0,9.697792050118247,0.10000000149011612
450.255,1.0,9.780249006839263,0.10000000149011612
450.304,1.0,9.807500000028975,0.10000000149011612
450.354,1.0,9.807887602763044,0.10000000149011612
450.405,1.0,9.945008259908192,0.10000000149011612
450.458,1.0,9.835350094425182,0.10000000149011612
450.507,1.0,9.67050153416478,0.10000000149011612
450.554,1.0,9.835181768362721,0.10000000149011612
450.609,1.0,9.862675563494365,0.10000000149011612
450.658,1.0,9.670452591901023,0.10000000149011612
450.708,1.0,9.697775602423482,0.10000000149011612
450.756,1.0,9.807711685014267,0.10000000149011612
450.806,1.0,9.807796498698492,0.10000000149011612
450.856,1.0,9.917591245762177,0.10000000149011612
450.91,1.0,9.91776764953716,0.10000000149011612
450.957,1.0,9.752843145094811,0.10000000149011612
451.007,1.0,9.835113746238251,0.10000000149011612
451.059,1.0,9.752752709864742,0.10000000149011612
451.107,1.0,10.0,10.0
451.164,1.0,9.642971975190772,0.10000000149011612
451.21,1.0,9.83527749352571,0.10000000149011612
451.27,1.0,9.8901738429649,0.10000000149011612
451.317,1.0,9.752810855520268,0.10000000149011612
451.361,1.0,9.807860625286898,0.10000000149011612
451.41,1.0,9.89022100944486,0.10000000149011612
451.464,1.0,9.725055189534194,0.10000000149011612
451.511,1.0,9.862500000020695,0.10000000149011612
451.566,1.0,9.86265155211505,0.10000000149011612
451.616,1.0,9.807654926677545,0.10000000149011612
451.664,1.0,9.752819843838612,0.10000000149011612
451.714,1.0,9.862619587427211,0.10000000149011612
451.764,1.0,9.643266550037596,0.10000000149011612
451.814,1.0,9.780303148635559,0.10000000149011612
451.866,1.0,9.835109435497886,0.10000000149011612
451.915,1.0,9.890204217616056,0.10000000149011612
451.968,1.0,9.780120533435708,0.10000000149011612
452.015,1.0,9.835314122628834,0.10000000149011612
452.064,1.0,9.780317479848033,0.10000000149011612
452.118,1.0,9.835131550042165,0.10000000149011612
452.167,1.0,9.752884809176127,0.10000000149011612
452.216,1.0,9.86271205128481,0.10000000149011612
452.272,1.0,9.917530784569681,0.10000000149011612
452.323,1.0,9.890016941105326,0.10000000149011612
452.375,1.0,9.917582187491158,0.10000000149011612
452.42,1.0,9.808017969648871,0.10000000149011612
452.474,1.0,9.780146941439146,0.10000000149011612
452.516,1.0,9.835227883772717,0.10000000149011612
452.569,1.0,9.807673021964728,0.10000000149011612
452.621,1.0,9.807735192837814,0.10000000149011612
452.669,1.0,9.725582501292228,0.10000000149011612
452.726,1.0,9.780111064886054,0.10000000149011612
452.775,1.0,9.75284126378182,0.10000000149011612
452.827,1.0,9.72504585677137,0.10000000149011612
452.876,1.0,9.835221605913507,0.10000000149011612
452.926,1.0,9.91758574888938,0.10000000149011612
452.975,1.0,9.780269347917702,0.10000000149011612
453.028,1.0,9.835065747652617,0.10000000149011612
453.075,1.0,9.780261302449636,0.10000000149011612
453.129,1.0,9.83511552007662,0.10000000149011612
453.177,1.0,9.917644437464576,0.10000000149011612
453.224,1.0,9.725311077737974,0.10000000149011612
453.277,1.0,9.725292412439982,0.10000000149011612
453.324,1.0,9.807794634480443,0.10000000149011612
453.378,1.0,9.807636985017194,0.10000000149011612
453.424,1.0,9.835330175877445,0.10000000149011612
453.481,1.0,9.752749171335664,0.10000000149011612
453.524,1.0,9.862734450565444,0.10000000149011612
453.578,1.0,9.780162539374498,0.10000000149011612
453.625,1.0,9.89010044503957,0.10000000149011612
453.684,1.0,9.835321709927586,0.10000000149011612
453.734,1.0,9.890102422051132,0.10000000149011612
453.781,1.0,9.890072627593245,0.10000000149011612
453.835,1.0,9.780341705348757,0.10000000149011612
453.88,1.0,9.835101232574218,0.10000000149011612
453.924,1.0,9.862637746458253,0.10000000149011612
453.975,1.0,9.862691188251807,0.10000000149011612
454.03,1.0,9.807686732005742,0.10000000149011612
454.08,1.0,9.670634133120378,0.10000000149011612
454.135,1.0,9.945130268794795,0.10000000149011612
454.181,1.0,9.725457354510825,0.10000000149011612
454.235,1.0,9.780160285366906,0.10000000149011612
454.286,1.0,9.890178255798917,0.10000000149011612
454.336,1.0,9.835097021816505,0.10000000149011612
454.387,1.0,9.725028701230055,0.10000000149011612
454.436,1.0,9.725298447617226,0.10000000149011612
454.485,1.0,9.78005261408786,0.10000000149011612
454.541,1.0,9.780284912118482,0.10000000149011612
454.584,1.0,9.917668779049482,0.10000000149011612
454.631,1.0,9.835241951193247,0.10000000149011612
454.686,1.0,9.917594629898668,0.10000000149011612
454.736,1.0,9.807839934217434,0.10000000149011612
454.789,1.0,9.835367123472194,0.10000000149011612
454.838,1.0,9.83510022446927,0.10000000149011612
454.887,1.0,9.862657084046967,0.10000000149011612
454.936,1.0,9.83500391346299,0.10000000149011612
454.987,1.0,9.780243141224815,0.10000000149011612
455.044,1.0,9.725169820152223,0.10000000149011612
455.088,1.0,9.835305085612667,0.10000000149011612
455.136,1.0,9.862591876482798,0.10000000149011612
455.187,1.0,9.835197032532758,0.10000000149011612
455.237,1.0,9.697880428346496,0.10000000149011612
455.289,1.0,9.807690314803686,0.10000000149011612
455.341,1.0,9.670414467031756,0.10000000149011612
455.386,1.0,9.8076564801236,0.10000000149011612
455.446,1.0,9.78006241031819,0.10000000149011612
455.492,1.0,9.69805681357781,0.10000000149011612
455.546,1.0,9.80783526489718,0.10000000149011612
455.591,1.0,9.670415849528379,0.10000000149011612
455.646,1.0,9.917781574216981,0.12138334661722183
455.691,1.0,9.78031196292076,0.10000000149011612
455.746,1.0,9.89015624479701,0.10000000149011612
455.792,1.0,9.972500000004139,0.10000000149011612
455.839,1.0,9.725358846928511,0.10000000149011612
455.89,1.0,9.780252622978555,0.10000000149011612
455.938,1.0,9.835347051773635,0.10000000149011612
455.99,1.0,9.780134953248004,0.10000000149011612
456.043,1.0,9.780531696954535,0.10000000149011612
456.094,1.0,9.752732856902812,0.10000000149011612
456.141,1.0,9.807891843405862,0.10000000149011612
456.202,1.0,9.58804107616759,0.10000000149011612
456.241,1.0,9.890254034288228,0.10403481125831604
456.296,1.0,9.780351334065198,0.10000000149011612
456.343,1.0,9.752824897339774,0.10000000149011612
456.393,1.0,9.698077092609472,0.10000000149011612
456.453,1.0,9.890006622361641,0.10000000149011612
456.492,1.0,9.807818948125673,0.10000000149011612
456.545,1.0,9.807721426938143,0.10000000149011612
456.59,1.0,9.697907767693202,0.10000000149011612
456.643,1.0,9.890066431483461,0.10000000149011612
456.691,1.0,9.890015388383633,0.10000000149011612
456.746,1.0,9.862638505589631,0.10000000149011612
456.799,1.0,9.835368035174906,0.10000000149011612
456.844,1.0,9.752990582026541,0.10000000149011612
456.899,1.0,9.780464776688152,0.10000000149011612
456.949,1.0,9.725462703965604,0.10000000149011612
457.002,1.0,9.697800619300041,0.10000000149011612
457.05,1.0,9.835077097411785,0.10000000149011612
457.099,1.0,9.752805885672569,0.10000000149011612
457.155,1.0,9.752937330947153,0.10000000149011612
457.199,1.0,9.862712031644252,0.10000000149011612
457.253,1.0,9.862607973772619,0.10000000149011612
457.299,1.0,9.890110630066031,0.10000000149011612
457.347,1.0,9.752700772198539,0.10000000149011612
457.399,1.0,9.725363083411422,0.10000000149011612
457.448,1.0,9.862863371562627,0.10887878388166428
457.5,1.0,9.807733915787605,0.10000000149011612
457.548,1.0,9.890152209790216,0.10000000149011612
457.599,1.0,9.862571109396717,0.10000000149011612
457.653,1.0,9.917704684680535,0.10000000149011612
457.698,1.0,9.807735496159228,0.10000000149011612
457.754,1.0,9.835199309802718,0.10000000149011612
457.795,1.0,9.7252130880331,0.10000000149011612
457.848,1.0,9.807570699871414,0.10000000149011612
457.902,1.0,9.835115512812303,0.10000000149011612
457.949,1.0,9.807672003035744,0.10000000149011612
458.0,1.0,9.807794633714689,0.10000000149011612
458.05,1.0,9.697967516817153,0.10000000149011612
458.1,1.0,9.862577344228823,0.10000000149011612
458.15,1.0,9.890238958886927,0.10000000149011612
458.207,1.0,9.807954931693773,0.10000000149011612
458.249,1.0,9.780124001846545,0.10000000149011612
458.309,1.0,9.697732324939635,0.10000000149011612
458.349,1.0,9.697947148585484,0.10000000149011612
458.4,1.0,9.835204113895694,0.10000000149011612
458.447,1.0,9.643073424800402,0.10000000149011612
458.499,1.0,9.8351438946815,0.10000000149011612
458.558,1.0,9.94509818688449,0.10000000149011612
458.607,1.0,9.835244112896422,0.10000000149011612
458.658,1.0,9.670482551885975,0.10000000149011612
458.707,1.0,9.642952867017852,0.10000000149011612
458.766,1.0,9.890136681724753,0.10000000149011612
458.809,1.0,9.615620021004643,0.10000000149011612
458.859,1.0,9.835254799429741,0.10000000149011612
458.906,1.0,9.697965619795852,0.10000000149011612
458.963,1.0,9.80767918003516,0.10000000149011612
459.009,1.0,9.890346716447837,0.10000000149011612
459.064,1.0,9.72511838718007,0.10000000149011612
459.108,1.0,9.780335254491204,0.10000000149011612
459.161,1.0,9.670574937595262,0.10000000149011612
459.211,1.0,9.807709767007166,0.10000000149011612
459.257,1.0,9.80752031919029,0.10000000149011612
459.319,1.0,9.725461434221103,0.10000000149011612
459.364,1.0,9.86260558159815,0.10000000149011612
459.418,1.0,9.890123740438785,0.10000000149011612
459.468,1.0,9.78021379760984,0.10000000149011612
459.523,1.0,9.697886047201852,0.10000000149011612
459.566,1.0,9.835448505874309,0.10000000149011612
459.617,1.0,9.807777022197843,0.10000000149011612
459.667,1.0,9.835254832336473,0.10000000149011612
459.718,1.0,9.945131119464834,0.10491672158241272
459.764,1.0,9.807902019615803,0.10000000149011612
459.817,1.0,9.643019473097391,0.10000000149011612
459.867,1.0,9.725559401181009,0.10000000149011612
459.916,1.0,9.835204480960964,0.10000000149011612
459.974,1.0,9.752672798248629,0.10000000149011612
460.017,1.0,9.698073844280508,0.10000000149011612
460.066,1.0,9.835199674819078,0.10000000149011612
460.117,1.0,9.835150257539418,0.10000000149011612
460.172,1.0,9.752516355427604,0.10000000149011612
460.216,1.0,9.780254815684424,0.10000000149011612
460.275,1.0,9.670334705213707,0.10000000149011612
460.319,1.0,9.890000000016556,0.10000000149011612
460.372,1.0,9.698017175971634,0.10000000149011612
460.423,1.0,9.697861635809144,0.10000000149011612
460.468,1.0,9.780209270492197,0.10000000149011612
460.517,1.0,9.835239725083941,0.10000000149011612
460.568,1.0,9.917811518224577,0.12225105613470078
460.625,1.0,9.890051705452302,0.10000000149011612
460.669,1.0,9.807730524904198,0.10000000149011612
460.72,1.0,9.86261882988943,0.10000000149011612
460.769,1.0,9.8078057543892,0.10000000149011612
460.818,1.0,9.80778251869811,0.10000000149011612
460.876,1.0,9.917590054559211,0.10000000149011612
460.918,1.0,9.86260878669305,0.10000000149011612
460.968,1.0,9.807662548704279,0.10000000149011612
461.031,1.0,9.780118187951546,0.10000000149011612
461.068,1.0,9.807659335848358,0.10000000149011612
461.118,1.0,9.807747092097998,0.10000000149011612
461.168,1.0,9.835204512750108,0.10000000149011612
461.22,1.0,9.807704835281603,0.10000000149011612
461.269,1.0,9.807556853671041,0.10000000149011612
461.318,1.0,9.807535149964194,0.10000000149011612
461.365,1.0,9.78044519190573,0.10000000149011612
461.418,1.0,9.698024581662482,0.10000000149011612
461.474,1.0,9.835131020161013,0.10000000149011612
461.524,1.0,9.862553453755876,0.10000000149011612
461.573,1.0,9.862618869853517,0.10000000149011612
461.625,1.0,9.752715015742513,0.10000000149011612
461.679,1.0,9.91758049680955,0.10000000149011612
461.726,1.0,9.835099993687537,0.10000000149011612
461.781,1.0,9.807712292981645,0.10000000149011612
461.826,1.0,9.780214209626946,0.10000000149011612
461.878,1.0,9.835108223660953,0.10000000149011612
461.928,1.0,9.643104454129935,0.10000000149011612
461.984,1.0,9.83519019054042,0.10000000149011612
462.03,1.0,9.835257429050074,0.10000000149011612
462.083,1.0,9.917754550588628,0.10000000149011612
462.132,1.0,9.917704187312887,0.10040829330682755
462.19,1.0,9.72544367344429,0.10000000149011612
462.234,1.0,9.725230685538715,0.10000000149011612
462.281,1.0,9.80765951892568,0.10000000149011612
462.336,1.0,9.862918496711387,0.11301867663860321
462.38,1.0,9.807652719318867,0.10000000149011612
462.439,1.0,9.642781029413971,0.10000000149011612
462.481,1.0,9.807674768463604,0.10000000149011612
462.531,1.0,9.780344558031194,0.10000000149011612
462.581,1.0,9.725340799118081,0.10000000149011612
462.631,1.0,9.862611128720973,0.10000000149011612
462.682,1.0,9.890122381183836,0.10000000149011612
462.734,1.0,9.890026145180066,0.10000000149011612
462.783,1.0,9.83516849177993,0.10000000149011612
462.843,1.0,9.807767436963816,0.10000000149011612
462.883,1.0,9.697882211663657,0.10000000149011612
462.938,1.0,9.917541870992217,0.10000000149011612
462.987,1.0,9.697576631233096,0.10000000149011612
463.04,1.0,9.917539262005853,0.10000000149011612
463.088,1.0,9.91766131874174,0.10000000149011612
463.138,1.0,9.862624256892337,0.10000000149011612
463.187,1.0,9.89026030610419,0.10000000149011612
463.242,1.0,9.80784978405055,0.10000000149011612
463.287,1.0,9.807627946241862,0.10000000149011612
463.34,1.0,9.807977468892933,0.10000000149011612
463.387,1.0,9.890215446427465,0.10000000149011612
463.444,1.0,9.725481603977581,0.10000000149011612
463.487,1.0,9.80781476476954,0.10000000149011612
463.541,1.0,9.752784557537073,0.10000000149011612
463.587,1.0,9.890000000016556,0.10000000149011612
463.641,1.0,9.72530746139172,0.10000000149011612
463.688,1.0,9.753005313314498,0.10000000149011612
463.738,1.0,9.780322255401147,0.10000000149011612
463.788,1.0,9.7802039699422,0.10000000149011612
463.841,1.0,9.890176779197322,0.10000000149011612
463.901,1.0,9.945008383235997,0.10000000149011612
463.938,1.0,9.697843863628805,0.10000000149011612
463.988,1.0,9.890296879948842,0.103406623005867
464.039,1.0,9.807922542426322,0.10000000149011612
464.09,1.0,9.780232436975671,0.10000000149011612
464.139,1.0,9.780376051076585,0.10000000149011612
464.201,1.0,9.890195399129556,0.10000000149011612
464.241,1.0,9.835211763117048,0.10000000149011612
464.291,1.0,9.917500000012417,0.10000000149011612
464.336,1.0,9.670490403059457,0.10000000149011612
464.388,1.0,9.835198514598112,0.10000000149011612
464.443,1.0,9.835349214180477,0.10000000149011612
464.488,1.0,9.972500000004139,0.10000000149011612
464.538,1.0,9.8351701842414,0.10000000149011612
464.597,1.0,9.725302211195231,0.10000000149011612
464.639,1.0,9.86292785960767,0.10378427058458328
464.691,1.0,9.862685533116261,0.10000000149011612
464.741,1.0,9.862517218726376,0.10000000149011612
464.785,1.0,9.753169856510228,0.10000000149011612
464.841,1.0,9.780058425313069,0.10000000149011612
464.897,1.0,9.890071192859775,0.10000000149011612
464.942,1.0,9.780366762582627,0.10000000149011612
464.992,1.0,9.807660554659863,0.10000000149011612
465.039,1.0,9.780499523422785,0.10000000149011612
465.095,1.0,9.835095469012028,0.10000000149011612
465.143,1.0,9.80767975917293,0.10000000149011612
465.187,1.0,9.835257100541558,0.10000000149011612
465.247,1.0,9.725458975032799,0.10000000149011612
465.29,1.0,9.697833341401484,0.10000000149011612
465.346,1.0,9.945064243177573,0.10000000149011612
465.398,1.0,9.780330465216604,0.10000000149011612
465.444,1.0,9.752796105833518,0.10000000149011612
465.492,1.0,9.752782572122912,0.10000000149011612
465.546,1.0,9.780471120298737,0.10000000149011612
465.592,1.0,9.862592353050907,0.10000000149011612
465.645,1.0,9.890075350718366,0.10000000149011612
465.686,1.0,9.780494143399928,0.10000000149011612
465.743,1.0,9.78030209435771,0.10000000149011612
465.795,1.0,9.615260514679054,0.10000000149011612
465.842,1.0,9.725236102317771,0.10000000149011612
465.891,1.0,9.835077325999737,0.10000000149011612
465.943,1.0,9.80750847744445,0.10000000149011612
465.991,1.0,9.890087031717929,0.10000000149011612
466.049,1.0,9.835211480512386,0.10000000149011612
466.09,1.0,9.78039273350603,0.10000000149011612
466.154,1.0,9.83527267035097,0.10000000149011612
466.188,1.0,9.835190171955361,0.10000000149011612
466.241,1.0,9.752739757568472,0.10000000149011612
466.294,1.0,9.725289617747896,0.10000000149011612
466.341,1.0,9.80777086880472,0.10000000149011612
466.394,1.0,9.862709069686632,0.10000000149011612
466.45,1.0,9.835163779639535,0.10000000149011612
466.492,1.0,9.835215614963737,0.10000000149011612
466.54,1.0,9.890000000016556,0.10000000149011612
466.591,1.0,9.780177543519272,0.10000000149011612
466.642,1.0,9.835224807924694,0.10000000149011612
466.691,1.0,9.835300792298383,0.10000000149011612
466.744,1.0,9.725429453949134,0.10000000149011612
466.79,1.0,9.780488380520708,0.10000000149011612
466.842,1.0,9.91760287673937,0.10000000149011612
466.892,1.0,9.94509834094594,0.10000000149011612
466.944,1.0,9.780017279730075,0.10000000149011612
466.992,1.0,9.862512404326763,0.10000000149011612
467.042,1.0,9.780495703675681,0.10000000149011612
467.094,1.0,9.862500000020695,0.10000000149011612
467.141,1.0,9.862654101662338,0.10000000149011612
467.193,1.0,9.835429915744397,0.10000000149011612
467.242,1.0,9.780405148843096,0.10000000149011612
467.295,1.0,9.917648154559235,0.10491585731506348
467.344,1.0,9.725374245705703,0.10000000149011612
467.393,1.0,9.78037629659391,0.10000000149011612
467.441,1.0,9.780235447217192,0.10000000149011612
467.488,1.0,9.807666012044582,0.10000000149011612
467.546,1.0,9.807771862650084,0.10000000149011612
467.586,1.0,9.642882859934534,0.10000000149011612
467.643,1.0,9.808001157372361,0.10000000149011612
467.695,1.0,9.807936852632297,0.10000000149011612
467.743,1.0,9.753121967241167,0.10000000149011612
467.8,1.0,9.890064725507465,0.10000000149011612
467.844,1.0,9.78026341057072,0.10000000149011612
467.883,1.0,9.807704353063471,0.10000000149011612
467.942,1.0,9.780208989253474,0.10000000149011612
467.996,1.0,9.890101632951863,0.10000000149011612
468.042,1.0,9.75285135426869,0.10000000149011612
468.094,1.0,9.917596797065602,0.10000000149011612
468.144,1.0,9.643030973999865,0.10000000149011612
468.193,1.0,9.807649247534574,0.10000000149011612
468.245,1.0,9.83509573487358,0.10000000149011612
468.295,1.0,9.780368466530408,0.10000000149011612
468.343,1.0,9.725526675933764,0.10000000149011612
468.392,1.0,9.862569046910439,0.10000000149011612
468.442,1.0,9.807718021153576,0.10000000149011612
468.495,1.0,9.780208435778816,0.10000000149011612
468.548,1.0,9.725419886824158,0.10000000149011612
468.605,1.0,9.91759984213859,0.10000000149011612
468.648,1.0,9.752578547596931,0.10000000149011612
468.702,1.0,9.78019940768265,0.10000000149011612
468.748,1.0,9.835184685803123,0.10000000149011612
468.801,1.0,9.725231948060294,0.10000000149011612
468.849,1.0,9.807691779587831,0.10000000149011612
468.898,1.0,9.807808811051977,0.10000000149011612
468.949,1.0,9.72538455935816,0.10000000149011612
469.003,1.0,9.752750007414983,0.10000000149011612
469.049,1.0,9.83524552339481,0.10000000149011612
469.103,1.0,9.725113652004964,0.10000000149011612
469.158,1.0,9.890034460338454,0.10000000149011612
469.202,1.0,9.890000352325538,0.10000000149011612
469.242,1.0,9.670654484526152,0.10000000149011612
469.302,1.0,9.725347301839955,0.10000000149011612
469.353,1.0,9.670302306922773,0.10000000149011612
469.403,1.0,9.807500000028975,0.10000000149011612
469.452,1.0,9.780224169376824,0.10000000149011612
469.503,1.0,9.780135842081574,0.10000000149011612
469.559,1.0,9.808043467584584,0.10000000149011612
469.603,1.0,9.697752844231823,0.10000000149011612
469.652,1.0,9.807534400228825,0.10000000149011612
469.702,1.0,9.725448542584976,0.10000000149011612
469.753,1.0,9.835301915763154,0.10000000149011612
469.802,1.0,9.752656556479632,0.10000000149011612
469.854,1.0,9.862756297344134,0.10000000149011612
469.906,1.0,9.780111883063283,0.10000000149011612
469.965,1.0,9.862602698761556,0.10000000149011612
470.01,1.0,9.917682019828094,0.10000000149011612
470.059,1.0,9.69781493857089,0.10000000149011612
470.123,1.0,9.780431386228237,0.10000000149011612
470.156,1.0,9.725496738652389,0.10000000149011612
470.212,1.0,9.807734912944337,0.10000000149011612
470.255,1.0,9.78027890568806,0.10000000149011612
470.311,1.0,9.725388959919412,0.10000000149011612
470.356,1.0,9.780123640203641,0.10000000149011612
470.407,1.0,9.780263447264831,0.10000000149011612
470.457,1.0,9.752978795518478,0.10000000149011612
470.511,1.0,9.807521610541476,0.10000000149011612
470.559,1.0,9.835079802096718,0.10000000149011612
470.61,1.0,9.807511580031779,0.10000000149011612
470.66,1.0,9.807688568428986,0.10000000149011612
470.713,1.0,9.780285001152919,0.10000000149011612
470.758,1.0,9.890040609281924,0.10000000149011612
470.806,1.0,9.917576177128486,0.10000000149011612
470.861,1.0,9.642812250595954,0.10000000149011612
470.91,1.0,9.807599529106584,0.10000000149011612
470.962,1.0,9.75283800272478,0.10000000149011612
471.01,1.0,9.945111745492452,0.10000000149011612
471.067,1.0,9.807902939700417,0.10000000149011612
471.109,1.0,9.835124566633668,0.10000000149011612
471.169,1.0,9.890201391962668,0.10035284608602524
471.21,1.0,9.807619191685484,0.10000000149011612
471.262,1.0,9.670457775021593,0.10000000149011612
471.312,1.0,9.753144604712725,0.10000000149011612
471.368,1.0,9.725432281175422,0.10000000149011612
471.423,1.0,9.945021009900504,0.10000000149011612
471.465,1.0,9.8625870068868,0.10000000149011612
471.504,1.0,9.91752450350258,0.10000000149011612
471.563,1.0,9.752586274552677,0.10000000149011612
471.615,1.0,9.945000000008278,0.10000000149011612
471.663,1.0,9.697756476141512,0.10000000149011612
471.717,1.0,9.807723823934793,0.10000000149011612
471.764,1.0,9.862590714005961,0.10000000149011612
471.822,1.0,9.807639524754551,0.10000000149011612
471.869,1.0,9.80776388162954,0.10000000149011612
471.916,1.0,9.780356836091313,0.10000000149011612
471.966,1.0,9.862536062548559,0.10000000149011612
472.016,1.0,9.752805369844038,0.10000000149011612
472.081,1.0,9.697517359008392,0.10000000149011612
472.121,1.0,9.80801690614058,0.10000000149011612
472.167,1.0,9.835081114185353,0.10000000149011612
472.216,1.0,9.862574227692352,0.10000000149011612
472.269,1.0,9.807859360695714,0.10000000149011612
472.315,1.0,9.890038026517464,0.10000000149011612
472.37,1.0,9.945091159621047,0.10969346016645432
472.422,1.0,9.890151533960468,0.10000000149011612
472.47,1.0,9.698041608598498,0.10000000149011612
472.521,1.0,9.752625892269943,0.10000000149011612
472.57,1.0,9.780422831119763,0.10000000149011612
472.619,1.0,9.862792716816896,0.10000000149011612
472.668,1.0,9.780254369643,0.10000000149011612
472.732,1.0,9.725491905005441,0.10000000149011612
472.771,1.0,9.862510017098652,0.10000000149011612
472.819,1.0,9.752794381727774,0.10000000149011612
472.874,1.0,9.780337655358016,0.10000000149011612
472.919,1.0,9.780188472279244,0.10000000149011612
472.973,1.0,9.862906523235143,0.10387296974658966
473.029,1.0,9.890066964262061,0.10000000149011612
473.071,1.0,9.780199221563008,0.10000000149011612
473.125,1.0,9.807639235278799,0.10000000149011612
473.172,1.0,9.752749142174919,0.10000000149011612
473.221,1.0,9.725261091358131,0.10000000149011612
473.278,1.0,9.670446113352146,0.10000000149011612
473.323,1.0,9.917681763776475,0.10000000149011612
473.371,1.0,9.890204294294946,0.10000000149011612
473.422,1.0,9.78038908518437,0.10000000149011612
473.47,1.0,9.780152881994015,0.10000000149011612
473.522,1.0,9.890153631402386,0.10000000149011612
473.574,1.0,9.780082475269834,0.10000000149011612
473.624,1.0,9.945081012716724,0.10000000149011612
473.676,1.0,9.835070570641093,0.10000000149011612
473.727,1.0,9.835202455396454,0.10000000149011612
473.775,1.0,9.780495251508222,0.10000000149011612
473.826,1.0,9.807820349352227,0.10000000149011612
473.875,1.0,9.69790911860764,0.10000000149011612
473.931,1.0,9.780296092252765,0.10000000149011612
473.977,1.0,9.752867164359325,0.10000000149011612
474.034,1.0,9.835270694229338,0.10000000149011612
474.079,1.0,9.835182566381992,0.10000000149011612
474.135,1.0,9.862780363340345,0.10000000149011612
474.181,1.0,9.780286044006546,0.10000000149011612
474.231,1.0,9.752842489671377,0.10000000149011612
474.278,1.0,9.890000000016556,0.10000000149011612
474.334,1.0,9.725401491795976,0.10000000149011612
474.379,1.0,9.78024050804476,0.10000000149011612
474.432,1.0,9.835029086242947,0.10000000149011612
474.484,1.0,9.780211443743772,0.10000000149011612
474.531,1.0,9.807892093703979,0.10000000149011612
474.581,1.0,9.835374060024817,0.10000000149011612
474.637,1.0,9.780009053130117,0.10000000149011612
474.683,1.0,9.697771978916393,0.10000000149011612
474.736,1.0,9.862643263799448,0.10000000149011612
474.792,1.0,9.890010252325899,0.10000000149011612
474.84,1.0,9.890199924053418,0.10000000149011612
474.892,1.0,9.86277730818838,0.10000000149011612
474.944,1.0,9.807794740568433,0.10000000149011612
474.993,1.0,9.945017261347838,0.10000000149011612
475.047,1.0,9.890119815969634,0.10000000149011612
475.091,1.0,9.807830110937356,0.10000000149011612
475.142,1.0,9.862721978231436,0.10000000149011612
475.191,1.0,9.890000000016556,0.10000000149011612
475.241,1.0,9.615258145146072,0.10000000149011612
475.298,1.0,9.752730437595812,0.10000000149011612
475.34,1.0,9.78030593264848,0.10000000149011612
475.392,1.0,9.807682829536498,0.10000000149011612
475.442,1.0,9.725545926826696,0.10000000149011612
475.49,1.0,9.780159296716253,0.10000000149011612
475.551,1.0,9.78014786835346,0.10000000149011612
475.591,1.0,9.80767147530698,0.10000000149011612
475.645,1.0,9.697758874483407,0.10000000149011612
475.695,1.0,9.80762716618677,0.10000000149011612
475.746,1.0,9.807676029184627,0.10000000149011612
475.797,1.0,9.862668343157404,0.10000000149011612
475.848,1.0,9.752842783865828,0.10000000149011612
475.895,1.0,9.890176759142843,0.10000000149011612
475.951,1.0,9.917554476795097,0.10000000149011612
475.996,1.0,9.890139914386802,0.10000000149011612
476.046,1.0,9.945011552568111,0.10000000149011612
476.096,1.0,9.80768528090169,0.10000000149011612
476.155,1.0,9.78047044970509,0.10000000149011612
476.198,1.0,9.698034436938663,0.10000000149011612
476.26,1.0,9.697934242482814,0.10000000149011612
476.303,1.0,9.7805531249899,0.10000000149011612
476.359,1.0,9.945068613812328,0.10366922616958618
476.404,1.0,9.780398634634912,0.10000000149011612
476.459,1.0,9.670299175733494,0.10000000149011612
476.504,1.0,9.890263937827614,0.10000000149011612
476.558,1.0,9.725437887075048,0.10000000149011612
476.604,1.0,9.835140130524007,0.10000000149011612
476.654,1.0,9.890092996714843,0.10000000149011612
476.7,1.0,9.725310925684042,0.10000000149011612
476.757,1.0,9.75292036075973,0.10000000149011612
476.804,1.0,9.835064629320469,0.10000000149011612
476.855,1.0,9.807935465003053,0.10000000149011612
476.903,1.0,9.780227568021251,0.10000000149011612
476.963,1.0,9.753086837691566,0.10000000149011612
477.004,1.0,9.890000000016556,0.10000000149011612
477.055,1.0,9.752921445357304,0.10000000149011612
477.105,1.0,9.670296471359002,0.10000000149011612
477.156,1.0,9.862628022808995,0.10000000149011612
477.205,1.0,9.807935077138245,0.10000000149011612
477.257,1.0,9.725519234148992,0.10000000149011612
477.309,1.0,9.808041419419977,0.10000000149011612
477.359,1.0,9.807846100980209,0.10000000149011612
477.41,1.0,9.807644526163736,0.10000000149011612
477.456,1.0,9.807622958388594,0.10000000149011612
477.505,1.0,9.780291818434165,0.10000000149011612
477.56,1.0,9.725516818525891,0.10000000149011612
477.606,1.0,9.780097752457692,0.10000000149011612
477.658,1.0,9.807597093429003,0.10000000149011612
477.707,1.0,9.780149021330807,0.10000000149011612
477.764,1.0,9.807889056661063,0.10000000149011612
477.807,1.0,9.807650547019309,0.10000000149011612
477.858,1.0,9.835286169685423,0.10000000149011612
477.916,1.0,9.780350696336892,0.10000000149011612
477.958,1.0,9.890219707745645,0.10000000149011612
478.005,1.0,9.862589658382866,0.10000000149011612
478.057,1.0,9.752916440698836,0.10000000149011612
478.107,1.0,9.725233769313329,0.10000000149011612
478.155,1.0,9.83534121821738,0.10000000149011612
478.206,1.0,9.862727941738235,0.10000000149011612
478.255,1.0,9.835124435068833,0.10000000149011612
478.313,1.0,9.890044223165347,0.10000000149011612
478.357,1.0,9.807727525714371,0.10000000149011612
478.406,1.0,9.83526644901269,0.10000000149011612
478.457,1.0,9.83516146507528,0.10000000149011612
478.507,1.0,9.807588995061815,0.10000000149011612
478.561,1.0,9.807761174771521,0.10000000149011612
478.611,1.0,9.972500000004139,0.10000000149011612
478.659,1.0,9.753011413725714,0.10000000149011612
478.716,1.0,9.862602885067464,0.10000000149011612
478.759,1.0,9.752949856118196,0.10000000149011612
478.81,1.0,9.780335614064501,0.10000000149011612
478.86,1.0,9.89013529157059,0.10000000149011612
478.908,1.0,9.835093995473452,0.10000000149011612
478.958,1.0,9.890226198650069,0.10000000149011612
479.008,1.0,9.780456869242093,0.10000000149011612
479.059,1.0,9.890172036157715,0.10000000149011612
479.112,1.0,9.89012535204076,0.10000000149011612
479.157,1.0,9.835116647308071,0.10000000149011612
479.211,1.0,9.917702352027927,0.10000000149011612
479.259,1.0,9.807938682991598,0.10000000149011612
479.309,1.0,9.835385004720754,0.10187471657991409
479.36,1.0,9.807799654391905,0.10000000149011612
479.41,1.0,9.780025171902444,0.10000000149011612
479.459,1.0,9.670476947000457,0.10000000149011612
479.518,1.0,9.835454559988445,0.10000000149011612
479.56,1.0,9.752742460659809,0.10000000149011612
479.614,1.0,9.917515572822756,0.10000000149011612
479.66,1.0,9.917633801615901,0.10000000149011612
479.706,1.0,9.917657961282465,0.10000000149011612
479.759,1.0,9.697769670519564,0.10000000149011612
479.816,1.0,9.91750219249063,0.10000000149011612
479.86,1.0,9.862559076295131,0.10000000149011612
479.913,1.0,9.780239598701398,0.10000000149011612
479.961,1.0,9.780222321363787,0.10000000149011612
480.013,1.0,9.945000000008278,0.10000000149011612
480.058,1.0,9.807773425471451,0.10000000149011612
480.109,1.0,9.835174136091437,0.10000000149011612
480.164,1.0,9.780475876149204,0.10000000149011612
480.209,1.0,9.752832944008212,0.10000000149011612
480.262,1.0,9.807707808146047,0.10000000149011612
480.311,1.0,9.753059926587675,0.10000000149011612
480.361,1.0,9.862642994171216,0.10000000149011612
480.413,1.0,9.780367598268722,0.10122371464967728
480.462,1.0,9.862700272123847,0.10000000149011612
480.512,1.0,9.862682081386447,0.10000000149011612
480.568,1.0,9.862631232829557,0.10000000149011612
480.611,1.0,9.725306886765692,0.10000000149011612
480.671,1.0,9.917575219563313,0.10000000149011612
480.712,1.0,9.697796370296015,0.10000000149011612
480.763,1.0,9.890075981968806,0.10000000149011612
480.815,1.0,9.862716486781007,0.10000000149011612
480.865,1.0,9.725335262881385,0.10000000149011612
480.924,1.0,9.890000000016556,0.10000000149011612
480.968,1.0,9.862751767246259,0.10000000149011612
481.014,1.0,9.780317630949948,0.10000000149011612
481.062,1.0,9.780337762936123,0.10000000149011612
481.118,1.0,9.780199412318568,0.10000000149011612
481.164,1.0,9.945000000008278,0.10000000149011612
481.219,1.0,9.89009190481156,0.10000000149011612
481.266,1.0,9.835171169787646,0.10000000149011612
481.316,1.0,9.862565376133555,0.10000000149011612
481.366,1.0,9.94515829142183,0.11154481023550034
481.417,1.0,9.80769730988476,0.10000000149011612
481.464,1.0,9.725372179080214,0.10000000149011612
481.517,1.0,9.835381658147607,0.10402455180883408
481.565,1.0,9.752670099875994,0.10000000149011612
481.615,1.0,9.807808426415754,0.10000000149011612
481.67,1.0,9.725250350414878,0.10000000149011612
481.718,1.0,9.752742115635838,0.10000000149011612
481.754,1.0,9.725245156242616,0.10000000149011612
481.816,1.0,9.91766663013647,0.10000000149011612
481.869,1.0,9.862639898744723,0.10000000149011612
481.921,1.0,9.8351028116006,0.10000000149011612
481.966,1.0,9.725284851942625,0.10000000149011612
482.018,1.0,9.752911690581175,0.10000000149011612
482.069,1.0,9.753013348827759,0.10000000149011612
482.12,1.0,9.80759609883858,0.10000000149011612
482.174,1.0,9.752676836442616,0.10000000149011612
482.223,1.0,9.945030820659465,0.10000000149011612
482.267,1.0,9.807674167512191,0.10000000149011612
482.32,1.0,9.780112151077224,0.10000000149011612
482.368,1.0,9.807677000657552,0.10000000149011612
482.425,1.0,9.615333975541095,0.10000000149011612
482.467,1.0,9.807795451684958,0.10000000149011612
482.517,1.0,9.725512893394464,0.10000000149011612
482.564,1.0,9.86289359509117,0.10000000149011612
482.616,1.0,9.862558030544056,0.10000000149011612
482.666,1.0,9.835083995200694,0.10000000149011612
482.717,1.0,9.780265108723608,0.10000000149011612
482.77,1.0,9.917513142857286,0.10000000149011612
482.822,1.0,9.835184166021644,0.10000000149011612
482.87,1.0,9.80762809926851,0.10000000149011612
482.918,1.0,9.945000000008278,0.10000000149011612
482.971,1.0,9.945025994007786,0.10000000149011612
483.024,1.0,9.835209388306572,0.10000000149011612
483.075,1.0,9.780294707210528,0.10000000149011612
483.129,1.0,9.725194743751652,0.10000000149011612
483.18,1.0,9.86288426025874,0.10000000149011612
483.222,1.0,9.862766503832406,0.10000000149011612
483.274,1.0,9.780157979350124,0.10000000149011612
483.323,1.0,9.780324453550081,0.10000000149011612
483.378,1.0,9.80774349845532,0.10000000149011612
483.436,1.0,9.945000000008278,0.10000000149011612
483.476,1.0,9.588010004142092,0.10000000149011612
483.523,1.0,9.752800452605717,0.10000000149011612
483.575,1.0,9.72549831105603,0.10000000149011612
483.623,1.0,9.752915878676706,0.10000000149011612
483.684,1.0,9.807832780790825,0.10000000149011612
483.724,1.0,9.807701986945338,0.10000000149011612
483.775,1.0,9.752983870377971,0.10000000149011612
483.825,1.0,9.807889077584777,0.10000000149011612
483.877,1.0,9.725420171995129,0.10000000149011612
483.928,1.0,9.780277740044726,0.10000000149011612
483.975,1.0,9.78025099620637,0.10000000149011612
484.027,1.0,9.780073387817376,0.10000000149011612
484.079,1.0,9.807803612740503,0.10000000149011612
484.129,1.0,9.72519779867596,0.10000000149011612
484.189,1.0,9.780066890290215,0.10000000149011612
484.228,1.0,9.890251339433922,0.10000000149011612
484.281,1.0,9.697875892081194,0.10000000149011612
484.328,1.0,9.83517872053716,0.10000000149011612
484.385,1.0,9.807744177244604,0.10000000149011612
484.428,1.0,9.725434116977784,0.10000000149011612
484.483,1.0,9.890366946202185,0.11733180284500122
484.527,1.0,9.75298973408838,0.10000000149011612
484.58,1.0,9.862500000020695,0.10000000149011612
484.635,1.0,9.91757274725371,0.10000000149011612
484.679,1.0,9.725202048466437,0.10000000149011612
484.73,1.0,9.862619083291955,0.10000000149011612
484.791,1.0,9.807602124661207,0.10000000149011612
484.831,1.0,9.83521125122077,0.10000000149011612
484.883,1.0,9.835244702423612,0.10000000149011612
484.936,1.0,9.83528506954511,0.10000000149011612
484.982,1.0,9.835247240298324,0.10000000149011612
485.033,1.0,9.890156003191239,0.10000000149011612
485.089,1.0,9.89011820304311,0.10000000149011612
485.13,1.0,9.80764666605327,0.10000000149011612
485.182,1.0,9.945039903227654,0.10000000149011612
485.234,1.0,9.72525911598156,0.10000000149011612
485.28,1.0,9.890076414433619,0.10000000149011612
485.331,1.0,9.835317389915387,0.10000000149011612
485.383,1.0,9.807741017701725,0.10000000149011612
485.431,1.0,9.862799940879146,0.10000000149011612
485.481,1.0,9.78025531363156,0.10000000149011612
485.537,1.0,9.698007371504273,0.10000000149011612
485.581,1.0,9.75250884445591,0.10000000149011612
485.637,1.0,9.835126038185424,0.10000000149011612
485.681,1.0,9.697835679766204,0.10000000149011612
485.731,1.0,9.780094683522151,0.10000000149011612
485.787,1.0,9.752629581466318,0.10000000149011612
485.832,1.0,9.835129064694048,0.10000000149011612
485.886,1.0,9.75291395276371,0.10000000149011612
485.931,1.0,9.94502765890211,0.10000000149011612
485.982,1.0,9.917560592769748,0.10000000149011612
486.043,1.0,9.835361833601363,0.10000000149011612
486.083,1.0,9.75273961474498,0.10000000149011612
486.144,1.0,9.752832048241462,0.10000000149011612
486.186,1.0,9.78013995544364,0.10000000149011612
486.241,1.0,9.890216883582374,0.10000000149011612
486.285,1.0,9.86260074670944,0.10000000149011612
486.335,1.0,9.615563711296353,0.10000000149011612
486.39,1.0,9.80781328353203,0.10000000149011612
486.438,1.0,9.80783801190555,0.10000000149011612
486.49,1.0,9.725239684846667,0.10000000149011612
486.537,1.0,9.807890232859386,0.10000000149011612
486.588,1.0,9.752722291172379,0.10000000149011612
486.639,1.0,9.780225759641164,0.10000000149011612
486.689,1.0,9.72529137591935,0.10000000149011612
486.738,1.0,9.862752009555697,0.10000000149011612
486.788,1.0,9.835081591436433,0.10000000149011612
486.844,1.0,9.725376974170407,0.10000000149011612
486.888,1.0,9.752990002081626,0.10000000149011612
486.943,1.0,9.945014201622042,0.10000000149011612
486.987,1.0,9.807852976996866,0.10000000149011612
487.041,1.0,9.725326939796409,0.10000000149011612
487.088,1.0,9.7529405483976,0.10000000149011612
487.138,1.0,9.725502893266578,0.10000000149011612
487.188,1.0,9.725344147988492,0.10000000149011612
487.239,1.0,9.752742299127082,0.10000000149011612
487.296,1.0,9.69812932262818,0.10000000149011612
487.34,1.0,9.75311792238305,0.10000000149011612
487.39,1.0,9.780303845223454,0.10000000149011612
487.44,1.0,9.80779031086713,0.10000000149011612
487.491,1.0,9.75283716103683,0.10000000149011612
487.541,1.0,9.835095161261657,0.10000000149011612
487.591,1.0,9.945000000008278,0.10000000149011612
487.652,1.0,9.835099876175324,0.10000000149011612
487.691,1.0,9.615048227231537,0.10000000149011612
487.748,1.0,9.862588474320042,0.10000000149011612
487.792,1.0,9.752795728523697,0.10000000149011612
487.839,1.0,9.725292421711815,0.10000000149011612
487.891,1.0,9.835291262033085,0.10000000149011612
487.957,1.0,9.890053047508829,0.10000000149011612
487.992,1.0,9.780395399613512,0.10000000149011612
488.037,1.0,9.862577709866066,0.10000000149011612
488.092,1.0,9.807704590033326,0.10000000149011612
488.141,1.0,9.807774253355133,0.10000000149011612
488.197,1.0,9.945020355222125,0.10000000149011612
488.239,1.0,9.862806069850922,0.10000000149011612
488.291,1.0,9.780262475419375,0.10000000149011612
488.341,1.0,9.862558445210258,0.10000000149011612
488.396,1.0,9.697914761801561,0.10000000149011612
488.441,1.0,9.807954560406506,0.10000000149011612
488.494,1.0,9.807722950209346,0.10000000149011612
488.545,1.0,9.807935286789304,0.10000000149011612
488.595,1.0,9.835419491802652,0.10000000149011612
488.646,1.0,9.890192165515488,0.10000000149011612
488.695,1.0,9.917500000012417,0.10000000149011612
488.749,1.0,9.890215811754267,0.10000000149011612
488.796,1.0,9.835146878204412,0.10000000149011612
488.846,1.0,9.752608125511971,0.10000000149011612
488.898,1.0,9.890173976702823,0.10000000149011612
488.945,1.0,9.862595720920298,0.10000000149011612
488.997,1.0,9.725249370187521,0.10000000149011612
489.045,1.0,9.86271731901086,0.10000000149011612
489.103,1.0,9.835185344869064,0.10000000149011612
489.148,1.0,9.697913026726908,0.10000000149011612
489.196,1.0,9.917602581965427,0.10000000149011612
489.254,1.0,9.917709047036867,0.10000000149011612
489.297,1.0,9.72544192313734,0.10000000149011612
489.349,1.0,9.945167763034503,0.12533943355083466
489.398,1.0,9.835413946294123,0.10000000149011612
489.45,1.0,9.890092000551522,0.10000000149011612
489.495,1.0,9.61571517292824,0.10000000149011612
489.549,1.0,9.752704957727756,0.10000000149011612
489.601,1.0,9.697628368933996,0.10000000149011612
489.648,1.0,9.862749360170628,0.10000000149011612
489.699,1.0,9.780262563170659,0.10000000149011612
489.748,1.0,9.752635682601895,0.10000000149011612
489.8,1.0,9.725288593727681,0.10000000149011612
489.848,1.0,9.835259794485237,0.10000000149011612
489.898,1.0,9.862524385315677,0.10000000149011612
489.949,1.0,9.835321805688242,0.10000000149011612
489.997,1.0,9.862530220093,0.10000000149011612
490.053,1.0,9.862706942214734,0.10000000149011612
490.101,1.0,9.780372591813405,0.10000000149011612
490.148,1.0,9.807777245177164,0.10000000149011612
490.203,1.0,9.697657089452777,0.10000000149011612
490.248,1.0,9.725151470262144,0.10000000149011612
490.305,1.0,9.917500000012417,0.10000000149011612
490.351,1.0,9.780177515269154,0.10000000149011612
490.4,1.0,9.807724612537358,0.10000000149011612
490.454,1.0,9.807856480922137,0.10000000149011612
490.5,1.0,9.752830007755094,0.10000000149011612
490.568,1.0,9.807770494785574,0.10000000149011612
490.603,1.0,9.862616823530859,0.10000000149011612
490.651,1.0,9.725540761546128,0.10000000149011612
490.706,1.0,9.698134604013628,0.10000000149011612
490.751,1.0,9.752845214679837,0.10000000149011612
490.8,1.0,9.890155500732362,0.10000000149011612
490.861,1.0,9.862637053616345,0.10000000149011612
490.904,1.0,9.945000000008278,0.10000000149011612
490.964,1.0,9.835115937412613,0.10000000149011612
491.006,1.0,9.835238887866337,0.10000000149011612
491.064,1.0,9.835322066644828,0.10000000149011612
491.105,1.0,9.670416822118892,0.10000000149011612
491.157,1.0,9.835097349497179,0.10000000149011612
491.209,1.0,9.697924753485454,0.10000000149011612
491.259,1.0,9.835238216279281,0.10000000149011612
491.309,1.0,9.83511468546672,0.10000000149011612
491.363,1.0,9.862637169741921,0.10000000149011612
491.412,1.0,9.752811385649775,0.10000000149011612
491.468,1.0,9.890117393868666,0.10000000149011612
491.521,1.0,9.780278862971398,0.10000000149011612
491.572,1.0,9.807775614638295,0.10000000149011612
491.619,1.0,9.862643779814244,0.10000000149011612
491.671,1.0,9.752650941453046,0.10000000149011612
491.728,1.0,9.78035454692112,0.10000000149011612
491.775,1.0,9.752728513773118,0.10000000149011612
491.829,1.0,9.697686396663387,0.10000000149011612
491.871,1.0,9.80757471188489,0.10000000149011612
491.928,1.0,9.862663350088729,0.10000000149011612
491.971,1.0,9.780235451045964,0.10000000149011612
492.022,1.0,9.972500000004139,0.10000000149011612
492.078,1.0,9.80771251184245,0.10000000149011612
492.121,1.0,9.807676225259073,0.10000000149011612
492.171,1.0,9.752608664354517,0.10000000149011612
492.235,1.0,9.835266905671192,0.10000000149011612
492.277,1.0,9.835262786783279,0.10000000149011612
492.325,1.0,9.75285303770668,0.10000000149011612
492.372,1.0,9.86273984565503,0.10000000149011612
492.428,1.0,9.8353547229742,0.10000000149011612
492.481,1.0,9.752974987671607,0.10000000149011612
492.527,1.0,9.725438751238915,0.10000000149011612
492.58,1.0,9.835213310975167,0.10000000149011612
492.627,1.0,9.780281982156966,0.10000000149011612
492.675,1.0,9.807627648673952,0.10000000149011612
492.733,1.0,9.862911682079236,0.10044929385185242
492.782,1.0,9.835341094868879,0.10000000149011612
492.838,1.0,9.862765271113151,0.10000000149011612
492.893,1.0,9.780317143102486,0.10000000149011612
492.941,1.0,9.835239489252368,0.10000000149011612
492.993,1.0,9.807716313314934,0.10000000149011612
493.043,1.0,9.835206270466248,0.10000000149011612
493.092,1.0,9.862664444930852,0.10000000149011612
493.145,1.0,9.752900248558985,0.10000000149011612
493.202,1.0,9.588211167210506,0.10000000149011612
493.241,1.0,9.807844582137962,0.10000000149011612
493.298,1.0,9.807731093797418,0.10000000149011612
493.342,1.0,9.67018609934797,0.10000000149011612
493.394,1.0,9.835075468176768,0.10000000149011612
493.443,1.0,9.835257093463508,0.10000000149011612
493.496,1.0,9.917577579369148,0.10000000149011612
493.544,1.0,9.807950110340284,0.10000000149011612
493.596,1.0,9.780202183230884,0.10000000149011612
493.642,1.0,9.890000000016556,0.10000000149011612
493.694,1.0,9.780214098965128,0.10000000149011612
493.744,1.0,9.780565274154974,0.10000000149011612
493.802,1.0,9.807706963063943,0.10000000149011612
493.847,1.0,9.80781443870316,0.10000000149011612
493.899,1.0,9.83513341974467,0.10000000149011612
493.947,1.0,9.835278087875082,0.10000000149011612
493.998,1.0,9.862676567998196,0.10000000149011612
494.049,1.0,9.752711906739407,0.10000000149011612
494.104,1.0,9.725188494225343,0.10000000149011612
494.15,1.0,9.72524739806023,0.10000000149011612
494.203,1.0,9.58765828580492,0.10000000149011612
494.25,1.0,9.862500000020695,0.10000000149011612
494.306,1.0,9.697949975439244,0.10000000149011612
494.35,1.0,9.807604314573108,0.10000000149011612
494.405,1.0,9.69759325662421,0.10000000149011612
494.462,1.0,9.697649772030612,0.10000000149011612
494.502,1.0,9.780405851660504,0.10000000149011612
494.558,1.0,9.697962601938181,0.10000000149011612
494.604,1.0,9.862617857402398,0.10000000149011612
494.66,1.0,9.780102700760795,0.10000000149011612
494.708,1.0,9.725593459792435,0.10000000149011612
494.758,1.0,9.86250881507165,0.10000000149011612
494.807,1.0,9.780330180563032,0.10000000149011612
494.857,1.0,9.862978392384118,0.1188773587346077
494.911,1.0,9.807586723607447,0.10000000149011612
494.958,1.0,9.7252300000853,0.10000000149011612
495.009,1.0,9.890210034118759,0.10000000149011612
495.058,1.0,9.752709825730157,0.10000000149011612
495.108,1.0,9.780257692167329,0.10000000149011612
495.159,1.0,9.835145665456851,0.10000000149011612
495.22,1.0,9.862687213346362,0.10000000149011612
495.259,1.0,9.670248784911301,0.10000000149011612
495.307,1.0,9.807652958730857,0.10000000149011612
495.357,1.0,9.807882917279171,0.10000000149011612
495.413,1.0,9.670825745186043,0.10000000149011612
495.458,1.0,9.725479650435348,0.10000000149011612
495.515,1.0,9.8350749383784,0.10000000149011612
495.558,1.0,9.807790888928706,0.10000000149011612
495.609,1.0,9.972564847291343,0.1233450248837471
495.659,1.0,9.808002573086156,0.10000000149011612
495.713,1.0,9.72540100843956,0.10000000149011612
495.758,1.0,9.642893093576033,0.10000000149011612
495.807,1.0,9.890122171222336,0.10000000149011612
495.858,1.0,9.890197502387066,0.10000000149011612
495.912,1.0,9.862560226768256,0.10000000149011612
495.959,1.0,9.862713708459504,0.10000000149011612
496.01,1.0,9.917541556039618,0.10000000149011612
496.063,1.0,9.890103948012822,0.10000000149011612
496.112,1.0,9.862652176535791,0.10000000149011612
496.158,1.0,9.75311916348421,0.10000000149011612
496.209,1.0,9.780341323361629,0.10000000149011612
496.259,1.0,9.807840391869346,0.10000000149011612
496.309,1.0,9.752560165483091,0.10000000149011612
496.357,1.0,9.7527361418431,0.10000000149011612
496.412,1.0,9.72525536697358,0.10000000149011612
496.458,1.0,9.807694175404807,0.10000000149011612
496.509,1.0,9.780493063065741,0.10000000149011612
496.561,1.0,9.890166517471274,0.10000000149011612
496.614,1.0,9.835264282632206,0.10000000149011612
496.664,1.0,9.697881288040016,0.10000000149011612
496.708,1.0,9.752737917523417,0.10000000149011612
496.758,1.0,9.862616434010366,0.10000000149011612
496.81,1.0,9.862684902507398,0.10244273394346237
496.858,1.0,9.752671002596617,0.10000000149011612
496.915,1.0,9.752698819380667,0.10000000149011612
496.968,1.0,9.807821789859897,0.10000000149011612
497.009,1.0,9.780603263609938,0.10000000149011612
497.06,1.0,9.890000000016556,0.10000000149011612
497.113,1.0,9.917500000012417,0.10000000149011612
497.158,1.0,9.91771105852806,0.10000000149011612
497.21,1.0,9.890118132635124,0.10000000149011612
497.258,1.0,9.780119319777523,0.10000000149011612
497.314,1.0,9.670533343445923,0.10000000149011612
497.359,1.0,9.69794766695963,0.10000000149011612
497.415,1.0,9.642689351592626,0.10000000149011612
497.459,1.0,9.86254807582332,0.10000000149011612
497.517,1.0,9.807675111004048,0.10000000149011612
497.559,1.0,9.835190909252399,0.10000000149011612
497.605,1.0,9.725486272407903,0.10000000149011612
497.662,1.0,9.780200429115858,0.10000000149011612
497.709,1.0,9.780263800091214,0.10000000149011612
497.76,1.0,9.862628188894854,0.10000000149011612
497.811,1.0,9.8903618797039,0.10000000149011612
497.861,1.0,9.72546291647272,0.10000000149011612
497.91,1.0,9.807691782071359,0.10000000149011612
497.96,1.0,9.835000000024836,0.10000000149011612
498.015,1.0,9.835395468750761,0.10000000149011612
498.06,1.0,9.69775386609965,0.10000000149011612
498.113,1.0,9.807571436899403,0.10000000149011612
498.159,1.0,9.862634424865245,0.10000000149011612
498.21,1.0,9.670429015863274,0.10000000149011612
498.261,1.0,9.807551177860134,0.10000000149011612
498.309,1.0,9.752946243745585,0.10000000149011612
498.363,1.0,9.725282740013467,0.10000000149011612
498.413,1.0,9.78031850790398,0.10000000149011612
498.461,1.0,9.862616563029587,0.10000000149011612
498.519,1.0,9.780364789399837,0.10000000149011612
498.566,1.0,9.752973674237728,0.10000000149011612
498.611,1.0,9.835166876597537,0.10000000149011612
498.664,1.0,9.862607905454933,0.10000000149011612
498.712,1.0,9.78026350825611,0.10000000149011612
498.761,1.0,9.835184177839094,0.10000000149011612
498.811,1.0,9.89020899467998,0.10000000149011612
498.861,1.0,9.670376158133148,0.10000000149011612
498.914,1.0,9.64287226282888,0.10000000149011612
498.961,1.0,9.643133211694657,0.10000000149011612
499.013,1.0,9.835385097811619,0.10000000149011612
499.071,1.0,9.890094390697778,0.10000000149011612
499.113,1.0,9.835063217331966,0.10000000149011612
499.164,1.0,9.835161665040586,0.10000000149011612
499.21,1.0,9.7802693038351,0.10000000149011612
499.268,1.0,9.752891398407519,0.10000000149011612
499.315,1.0,9.890279091170264,0.10000000149011612
499.364,1.0,9.725376145127747,0.10000000149011612
499.417,1.0,9.752790261432528,0.10000000149011612
499.464,1.0,9.835440142473413,0.11158732324838638
499.516,1.0,9.780130233429372,0.10000000149011612
499.579,1.0,9.80763514480657,0.10000000149011612
499.613,1.0,9.862712404152585,0.10000000149011612
499.667,1.0,9.725313262662127,0.10000000149011612
499.723,1.0,9.890058850269352,0.10000000149011612
499.765,1.0,9.615505042610069,0.10000000149011612
499.815,1.0,9.89016647423721,0.10000000149011612
499.866,1.0,9.835203439059358,0.10000000149011612
499.92,1.0,9.780259886508187,0.10000000149011612
499.967,1.0,9.945133531942135,0.11997660249471664
500.017,1.0,9.670580059641765,0.10000000149011612
500.065,1.0,9.835061605647207,0.10000000149011612
500.125,1.0,9.69813100910849,0.10000000149011612
500.164,1.0,9.807777648398446,0.10000000149011612
500.217,1.0,9.862615726350082,0.10000000149011612
500.265,1.0,9.835088206641377,0.10000000149011612
500.33,1.0,9.890069523784849,0.10000000149011612
500.369,1.0,9.807992014288903,0.10000000149011612
500.421,1.0,9.807703024728431,0.10000000149011612
500.478,1.0,9.890175091640817,0.10000000149011612
500.523,1.0,9.725268786297077,0.10000000149011612
500.568,1.0,9.86251981978615,0.10000000149011612
500.62,1.0,9.725306887076133,0.10000000149011612
500.675,1.0,9.807889264408086,0.10000000149011612
500.721,1.0,9.835272118283642,0.10000000149011612
500.775,1.0,9.835080509156816,0.10000000149011612
500.831,1.0,9.78030080685599,0.10000000149011612
500.871,1.0,9.835286995209753,0.10000000149011612
500.921,1.0,9.697825996598436,0.10000000149011612
500.971,1.0,9.80783588780711,0.10000000149011612
501.022,1.0,9.67024144484765,0.10000000149011612
501.071,1.0,9.945113701766564,0.11330974847078323
501.122,1.0,9.890285290881163,0.11142085492610931
501.179,1.0,9.862751714574793,0.10000000149011612
501.23,1.0,9.890232238794367,0.10000000149011612
501.276,1.0,9.725294680562284,0.10000000149011612
501.323,1.0,9.917500000012417,0.10000000149011612
501.373,1.0,9.807762303161953,0.10000000149011612
501.43,1.0,9.807767612776823,0.10000000149011612
501.475,1.0,9.972591465794379,0.13292768597602844
501.523,1.0,9.83530911527988,0.10000000149011612
501.574,1.0,9.752694880424274,0.10000000149011612
501.622,1.0,9.670309066317147,0.10000000149011612
501.678,1.0,9.862611206269099,0.10000000149011612
501.725,1.0,9.642876645550132,0.10000000149011612
501.779,1.0,9.917500000012417,0.10000000149011612
501.825,1.0,9.615706601242225,0.10000000149011612
501.876,1.0,9.780162419854767,0.10000000149011612
501.927,1.0,9.725327302432722,0.10000000149011612
501.978,1.0,9.807617692504492,0.10000000149011612
502.021,1.0,9.807576463619869,0.10000000149011612
502.086,1.0,9.86280945080022,0.10000000149011612
502.125,1.0,9.752935739648011,0.10000000149011612
502.176,1.0,9.835332947969437,0.10000000149011612
502.222,1.0,9.835064545604919,0.10000000149011612
502.274,1.0,9.807909123247697,0.10000000149011612
502.331,1.0,9.835298443751203,0.10000000149011612
502.374,1.0,9.752760264981124,0.10000000149011612
502.428,1.0,9.725404512965017,0.10000000149011612
502.482,1.0,9.862630321354501,0.10000000149011612
502.528,1.0,9.807857221240798,0.10000000149011612
502.578,1.0,9.752806280822389,0.10000000149011612
502.635,1.0,9.862650633272198,0.10000000149011612
502.68,1.0,9.835397997850345,0.10000000149011612
502.728,1.0,9.67046547482411,0.10000000149011612
502.785,1.0,9.780200147980617,0.10000000149011612
502.835,1.0,9.807822472684913,0.10000000149011612
502.886,1.0,9.780300777840118,0.10000000149011612
502.933,1.0,9.835429291882448,0.10000000149011612
502.985,1.0,9.780175954558784,0.10000000149011612
503.035,1.0,9.69770971911235,0.10000000149011612
503.09,1.0,9.862622536015179,0.10000000149011612
503.132,1.0,9.83514009213282,0.10000000149011612
503.182,1.0,9.835116013822455,0.10000000149011612
503.233,1.0,9.725411286681062,0.10000000149011612
503.286,1.0,9.945044915109046,0.10120030492544174
503.335,1.0,9.752835512844225,0.10000000149011612
503.384,1.0,9.89009129491945,0.10000000149011612
503.437,1.0,9.670456524400247,0.10000000149011612
503.485,1.0,9.917544742508067,0.10000000149011612
503.538,1.0,9.835269319121208,0.10000000149011612
503.585,1.0,9.72569701437735,0.10000000149011612
503.635,1.0,9.780193053537772,0.10000000149011612
503.692,1.0,9.58854432437155,0.10000000149011612
503.735,1.0,9.917700887574918,0.10000000149011612
503.787,1.0,9.780223154876795,0.10000000149011612
503.843,1.0,9.89021391218735,0.10000000149011612
503.884,1.0,9.670656796130869,0.10000000149011612
503.935,1.0,9.780202448471552,0.10000000149011612
503.985,1.0,9.835258933115337,0.10000000149011612
504.036,1.0,9.862500000020695,0.10000000149011612
504.087,1.0,9.862694372712738,0.10000000149011612
504.135,1.0,9.670361399981712,0.10000000149011612
504.185,1.0,9.83533749046425,0.10000000149011612
504.235,1.0,9.697928989699317,0.10000000149011612
504.286,1.0,9.725349384401408,0.10000000149011612
504.338,1.0,9.56067735919108,0.10000000149011612
504.385,1.0,9.917593128089276,0.10000000149011612
504.435,1.0,9.752573479608529,0.10000000149011612
504.487,1.0,9.67043551976482,0.10000000149011612
504.535,1.0,9.890000000016556,0.10000000149011612
504.587,1.0,9.835205590248936,0.10000000149011612
504.638,1.0,9.835217939524187,0.10000000149011612
504.689,1.0,9.807799983107381,0.10000000149011612
504.741,1.0,9.835052173191475,0.10000000149011612
504.786,1.0,9.670544368856483,0.10000000149011612
504.845,1.0,9.862662370875478,0.10000000149011612
504.885,1.0,9.862577274876337,0.10000000149011612
504.938,1.0,9.83518632898728,0.10000000149011612
504.992,1.0,9.697706391848623,0.10000000149011612
505.035,1.0,9.89020105364422,0.10000000149011612
505.088,1.0,9.780241247866716,0.10000000149011612
505.137,1.0,9.862700678677195,0.10000000149011612
505.189,1.0,9.807554878584213,0.10000000149011612
505.236,1.0,9.862764545364513,0.10000000149011612
505.287,1.0,9.807659764815536,0.10000000149011612
505.337,1.0,9.835357193069326,0.10000000149011612
505.389,1.0,9.890116456523538,0.10000000149011612
505.452,1.0,9.862615424684352,0.10000000149011612
505.493,1.0,9.78021785457515,0.10000000149011612
505.551,1.0,9.725408004824486,0.10000000149011612
505.597,1.0,9.91755353367577,0.10000000149011612
505.646,1.0,9.835140858011114,0.10000000149011612
505.695,1.0,9.752638976834714,0.10000000149011612
505.743,1.0,9.780110000239478,0.10000000149011612
505.8,1.0,9.835099687427283,0.10000000149011612
505.845,1.0,9.725422958305312,0.10000000149011612
505.898,1.0,9.752751127133767,0.10000000149011612
505.944,1.0,9.780097370160123,0.10000000149011612
505.997,1.0,9.752918089553713,0.10000000149011612
506.044,1.0,9.835339014025198,0.10000000149011612
506.093,1.0,9.807747031148109,0.10000000149011612
506.145,1.0,9.670431940298942,0.10000000149011612
506.198,1.0,9.890000000016556,0.10000000149011612
506.247,1.0,9.642993253883388,0.10000000149011612
506.296,1.0,9.807721024461918,0.10000000149011612
506.352,1.0,9.697706980527276,0.10000000149011612
506.394,1.0,9.862701216133104,0.10000000149011612
506.451,1.0,9.862979309529894,0.10873379558324814
506.498,1.0,9.835157550105619,0.10000000149011612
506.549,1.0,9.807874222368829,0.10000000149011612
506.601,1.0,9.862512692664232,0.10000000149011612
506.644,1.0,9.862727659961415,0.10000000149011612
506.695,1.0,9.80761702677442,0.10000000149011612
506.747,1.0,9.890212644098533,0.10000000149011612
506.799,1.0,9.752836577283839,0.10000000149011612
506.852,1.0,9.807892405779825,0.10000000149011612
506.906,1.0,9.890135113170578,0.10000000149011612
506.946,1.0,9.862664834554824,0.10000000149011612
506.999,1.0,9.917759457002912,0.10000000149011612
507.047,1.0,9.780056928491426,0.10000000149011612
507.097,1.0,9.890245364316636,0.10000000149011612
507.155,1.0,9.58809971091234,0.10000000149011612
507.197,1.0,9.862608088221815,0.10000000149011612
507.255,1.0,9.670436742798321,0.10000000149011612
507.297,1.0,9.697828409075736,0.10000000149011612
507.347,1.0,9.752545996382832,0.10000000149011612
507.402,1.0,9.890196806771888,0.10000000149011612
507.447,1.0,9.807746496237815,0.10000000149011612
507.498,1.0,9.807532898998923,0.10000000149011612
507.548,1.0,9.780126463000974,0.10000000149011612
507.6,1.0,9.890154107701447,0.10000000149011612
507.651,1.0,9.69787234481838,0.10000000149011612
507.71,1.0,9.890220726943678,0.10000000149011612
507.756,1.0,9.615445576939319,0.10000000149011612
507.805,1.0,9.862741980494725,0.10000000149011612
507.854,1.0,9.862700353004039,0.10000000149011612
507.905,1.0,9.72542308482031,0.10000000149011612
507.954,1.0,9.862559329759744,0.10000000149011612
508.01,1.0,9.807833971062468,0.10000000149011612
508.056,1.0,9.807869208355745,0.10000000149011612
508.105,1.0,9.972500000004139,0.10000000149011612
508.157,1.0,9.80780430011865,0.10000000149011612
508.204,1.0,9.807631540194981,0.10000000149011612
508.264,1.0,9.752729730059704,0.10000000149011612
508.304,1.0,9.807835806119773,0.10000000149011612
508.358,1.0,9.807585391257373,0.10000000149011612
508.409,1.0,9.807718028500677,0.10000000149011612
508.453,1.0,9.890054400844706,0.10000000149011612
508.507,1.0,9.80780650170313,0.10000000149011612
508.559,1.0,9.752730176018344,0.10000000149011612
508.616,1.0,9.807669316625429,0.10000000149011612
508.661,1.0,9.72538053786589,0.10000000149011612
508.709,1.0,9.807893949312469,0.10000000149011612
508.763,1.0,9.697720586508513,0.10000000149011612
508.812,1.0,9.945066460553143,0.10000000149011612
508.868,1.0,9.67044706483268,0.10000000149011612
508.912,1.0,9.862729089955488,0.10000000149011612
508.962,1.0,9.6430659390779,0.10000000149011612
509.012,1.0,9.725238939064244,0.10000000149011612
509.075,1.0,9.890056414881514,0.10000000149011612
509.121,1.0,9.807634623079664,0.10000000149011612
509.187,1.0,9.862716460331447,0.10000000149011612
509.223,1.0,9.917762736272481,0.12334918975830078
509.284,1.0,9.752652961408927,0.10000000149011612
509.319,1.0,9.697860383759771,0.10000000149011612
509.377,1.0,9.752873315662146,0.10000000149011612
509.42,1.0,9.75276839774516,0.10000000149011612
509.479,1.0,9.7528718277812,0.10000000149011612
509.521,1.0,9.83511284749127,0.10000000149011612
509.575,1.0,9.917768662588465,0.12493474781513214
509.621,1.0,9.697957269329992,0.10000000149011612
509.67,1.0,9.780081682134833,0.10000000149011612
509.72,1.0,9.725392321890427,0.10000000149011612
509.773,1.0,9.780144257408876,0.10000000149011612
509.82,1.0,9.752630991136861,0.10000000149011612
509.881,1.0,9.752870034364362,0.10000000149011612
509.922,1.0,9.807657070333759,0.10000000149011612
509.971,1.0,9.780411132776903,0.10000000149011612
510.023,1.0,9.780373665524854,0.10000000149011612
510.07,1.0,9.917508383364313,0.10000000149011612
510.129,1.0,9.862596091048585,0.10000000149011612
510.171,1.0,9.725281824378504,0.10000000149011612
510.221,1.0,9.752892670863204,0.10000000149011612
510.272,1.0,9.862594103833867,0.10000000149011612
510.32,1.0,9.890153094546662,0.10000000149011612
510.374,1.0,9.780324753580821,0.10000000149011612
510.42,1.0,9.807946625455386,0.10000000149011612
510.474,1.0,9.78030340315567,0.10000000149011612
510.521,1.0,9.69775770401789,0.10000000149011612
510.566,1.0,9.670442764605912,0.10000000149011612
510.625,1.0,9.752887174838946,0.10000000149011612
510.672,1.0,9.862599131734006,0.10000000149011612
510.719,1.0,9.61543021518737,0.10000000149011612
510.772,1.0,9.890237818078862,0.10000000149011612
510.821,1.0,9.780385898902184,0.10000000149011612
510.871,1.0,9.807500000028975,0.10000000149011612
510.921,1.0,9.807900932514006,0.10000000149011612
510.975,1.0,9.780220793767107,0.10000000149011612
511.024,1.0,9.78022971521649,0.10000000149011612
511.073,1.0,9.89018465636505,0.10000000149011612
511.125,1.0,9.890122183039784,0.10000000149011612
511.16,1.0,9.862687374982569,0.10000000149011612
511.228,1.0,9.807987459107405,0.10000000149011612
511.279,1.0,9.697837875555788,0.10000000149011612
511.325,1.0,9.780223642186158,0.10000000149011612
511.373,1.0,9.86255042935825,0.10000000149011612
511.426,1.0,9.917500000012417,0.10000000149011612
511.474,1.0,9.917621148957146,0.10000000149011612
511.523,1.0,9.752941729583673,0.10000000149011612
511.575,1.0,9.80769383151912,0.10000000149011612
511.628,1.0,9.752798707017469,0.10000000149011612
511.674,1.0,9.807614985004895,0.10000000149011612
511.724,1.0,9.83507307190448,0.10000000149011612
511.781,1.0,9.835221767363448,0.10000000149011612
511.823,1.0,9.752593532659942,0.10000000149011612
511.876,1.0,9.807718652921418,0.10000000149011612
511.925,1.0,9.780295903504722,0.10000000149011612
511.98,1.0,9.698035486704773,0.10000000149011612
512.027,1.0,9.917561985179782,0.10000000149011612
512.077,1.0,9.780065384072563,0.10000000149011612
512.127,1.0,9.752758606130051,0.10000000149011612
512.177,1.0,9.80781827893936,0.10000000149011612
512.229,1.0,9.807721876394417,0.10000000149011612
512.275,1.0,9.698165613143809,0.10000000149011612
512.325,1.0,9.807881938500536,0.10000000149011612
512.382,1.0,9.780252772838706,0.10000000149011612
512.427,1.0,9.862949244243403,0.10000000149011612
512.476,1.0,9.780474181224902,0.10000000149011612
512.526,1.0,9.807982453828057,0.10000000149011612
512.576,1.0,9.917719005607069,0.10000000149011612
512.622,1.0,9.780122514503697,0.10000000149011612
512.677,1.0,9.670568091215358,0.10000000149011612
512.728,1.0,9.752613241556618,0.10000000149011612
512.779,1.0,9.725324867582984,0.10000000149011612
512.827,1.0,9.890187575109303,0.10000000149011612
512.876,1.0,9.780160623664658,0.10000000149011612
512.927,1.0,9.75274767300321,0.10000000149011612
512.99,1.0,9.807742797190116,0.10000000149011612
513.026,1.0,9.83537937729723,0.10000000149011612
513.076,1.0,9.890133958330585,0.10000000149011612
513.125,1.0,9.80770366407103,0.10000000149011612
513.185,1.0,9.890001783768335,0.10000000149011612
513.227,1.0,9.835265099422799,0.10000000149011612
513.272,1.0,9.642886942562958,0.10000000149011612
513.328,1.0,9.725253292255932,0.10000000149011612
513.376,1.0,9.862604159923892,0.10000000149011612
513.429,1.0,9.835144240077998,0.10000000149011612
513.476,1.0,9.917750615771446,0.12370511144399643
513.542,1.0,9.807600063313213,0.10000000149011612
513.576,1.0,9.91758831528326,0.10000000149011612
513.629,1.0,9.890059042535722,0.10000000149011612
513.677,1.0,9.862615022373696,0.10000000149011612
513.727,1.0,9.72538770729055,0.10000000149011612
513.787,1.0,9.780405650101603,0.10000000149011612
513.827,1.0,9.890141622018483,0.10133004188537598
513.881,1.0,9.890058356399338,0.10000000149011612
513.927,1.0,9.807696342778703,0.10000000149011612
513.978,1.0,9.972549698460433,0.11789144575595856
514.027,1.0,9.697992043673164,0.10000000149011612
514.081,1.0,9.835263259170784,0.10000000149011612
514.127,1.0,9.862714202929702,0.10000000149011612
514.18,1.0,9.75280798441834,0.10000000149011612
514.228,1.0,9.807752716272242,0.10000000149011612
514.286,1.0,9.862646600604057,0.10000000149011612
514.331,1.0,9.807942214421928,0.10000000149011612
514.381,1.0,9.8078051507473,0.10000000149011612
514.442,1.0,9.75277088040279,0.10000000149011612
514.479,1.0,9.697952016898327,0.10000000149011612
514.534,1.0,9.780275685712695,0.10000000149011612
514.59,1.0,9.862804631474946,0.10704491287469864
514.635,1.0,9.890000000016556,0.10000000149011612
514.681,1.0,9.697910218934219,0.10000000149011612
514.732,1.0,9.83513829877807,0.10000000149011612
514.781,1.0,9.807578486535284,0.10000000149011612
514.837,1.0,9.697873081349664,0.10000000149011612
514.876,1.0,9.725154712692731,0.10000000149011612
514.931,1.0,9.780060978751216,0.10000000149011612
514.977,1.0,9.780007029552426,0.10000000149011612
515.03,1.0,9.752853985751669,0.10000000149011612
515.085,1.0,9.862592222293218,0.10000000149011612
515.13,1.0,9.698224773402844,0.10000000149011612
515.176,1.0,9.780354629953703,0.10000000149011612
515.231,1.0,9.86253262133234,0.10000000149011612
515.285,1.0,9.780151000991463,0.10000000149011612
515.33,1.0,9.862780445379515,0.10000000149011612
515.383,1.0,9.725174384771123,0.10000000149011612
515.429,1.0,9.697891977181037,0.10000000149011612
515.481,1.0,9.697720615462297,0.10000000149011612
515.535,1.0,9.917647578629355,0.10000000149011612
515.578,1.0,9.890271337164773,0.10000000149011612
515.631,1.0,9.697792032298942,0.10000000149011612
515.681,1.0,9.862563150996964,0.10000000149011612
515.732,1.0,9.752718810799221,0.10000000149011612
515.788,1.0,9.780162825973498,0.10000000149011612
515.83,1.0,9.72542986008856,0.10000000149011612
515.88,1.0,9.80791388352712,0.10000000149011612
515.934,1.0,9.835294875192146,0.10000000149011612
515.988,1.0,9.862584216354621,0.10000000149011612
516.031,1.0,9.780150706755618,0.10000000149011612
516.085,1.0,9.78011554322309,0.10000000149011612
516.14,1.0,9.862505313650601,0.10000000149011612
516.188,1.0,9.64295108643257,0.10000000149011612
516.24,1.0,9.780050722033613,0.10000000149011612
516.288,1.0,9.752909052930772,0.10000000149011612
516.341,1.0,9.80764384066893,0.10000000149011612
516.388,1.0,9.890131467911932,0.10000000149011612
516.44,1.0,9.945049467248221,0.10712147504091263
516.49,1.0,9.725112576368783,0.10000000149011612
516.539,1.0,9.697986497688625,0.10000000149011612
516.587,1.0,9.890059635291497,0.10000000149011612
516.639,1.0,9.807763448874983,0.10000000149011612
516.695,1.0,9.753018228833874,0.10000000149011612
516.739,1.0,9.807801179505057,0.10000000149011612
516.789,1.0,9.807723580259417,0.10000000149011612
516.839,1.0,9.78057342722184,0.10000000149011612
516.895,1.0,9.917667576256726,0.10000000149011612
516.938,1.0,9.835129874634246,0.10000000149011612
516.988,1.0,9.890107004861864,0.10000000149011612
517.041,1.0,9.752833984626664,0.10000000149011612
517.091,1.0,9.835268054571417,0.10000000149011612
517.141,1.0,9.835217008698319,0.10000000149011612
517.189,1.0,9.835097670969036,0.10000000149011612
517.241,1.0,9.725245337540077,0.10000000149011612
517.292,1.0,9.917664458664754,0.10000000149011612
517.343,1.0,9.890163323241804,0.10000000149011612
517.39,1.0,9.752957896205286,0.10000000149011612
517.441,1.0,9.835016225526731,0.10000000149011612
517.496,1.0,9.862647538859811,0.10000000149011612
517.541,1.0,9.807717298302386,0.10000000149011612
517.595,1.0,9.752712991440461,0.10000000149011612
517.645,1.0,9.807812677406602,0.10000000149011612
517.692,1.0,9.835221349903279,0.10000000149011612
517.75,1.0,9.94506482107358,0.1043446958065033
517.793,1.0,9.780387840006087,0.10000000149011612
517.847,1.0,9.807690654901995,0.10000000149011612
517.896,1.0,9.945018816077047,0.10000000149011612
517.951,1.0,9.890156055034863,0.10000000149011612
517.996,1.0,9.835317599732015,0.10000000149011612
518.044,1.0,9.80772587808056,0.10000000149011612
518.096,1.0,9.83517471715394,0.10000000149011612
518.144,1.0,9.807689336169926,0.10000000149011612
518.201,1.0,9.807811947518752,0.10000000149011612
518.248,1.0,9.75267580985609,0.10000000149011612
518.295,1.0,9.835139825836652,0.10000000149011612
518.344,1.0,9.780108050526016,0.10000000149011612
518.396,1.0,9.697908945526514,0.10000000149011612
518.448,1.0,9.945115837516884,0.10000000149011612
518.504,1.0,9.807681885092622,0.10000000149011612
518.544,1.0,9.80770359641562,0.10000000149011612
518.597,1.0,9.862631402495834,0.10000000149011612
518.65,1.0,9.945095665773584,0.10000000149011612
518.7,1.0,9.78017897359613,0.10000000149011612
518.743,1.0,9.835368403130108,0.10326278209686279
518.795,1.0,9.780247156611747,0.10000000149011612
518.854,1.0,9.8351908693504,0.10000000149011612
518.894,1.0,9.807512391731143,0.10000000149011612
518.952,1.0,9.780262506608334,0.10000000149011612
518.995,1.0,9.917718545533717,0.10000000149011612
519.043,1.0,9.807763623673882,0.10000000149011612
519.096,1.0,9.807635107843412,0.10000000149011612
519.148,1.0,9.615341853929891,0.10000000149011612
519.192,1.0,9.835225188649362,0.10000000149011612
519.252,1.0,9.80758132338524,0.10000000149011612
519.293,1.0,9.808047123563787,0.10000000149011612
519.349,1.0,9.752628775665329,0.10000000149011612
519.396,1.0,9.807633296421004,0.10000000149011612
519.443,1.0,9.835300612656606,0.10000000149011612
519.496,1.0,9.890037016818921,0.10000000149011612
519.544,1.0,9.862592138267226,0.10000000149011612
519.6,1.0,9.752735520588855,0.10000000149011612
519.643,1.0,9.862695380010539,0.10000000149011612
519.694,1.0,9.725498727502094,0.10000000149011612
519.743,1.0,9.780114362161193,0.10000000149011612
519.793,1.0,9.670678900389207,0.10000000149011612
519.844,1.0,9.807654360040194,0.10000000149011612
519.889,1.0,9.80776593018737,0.10000000149011612
519.943,1.0,9.862803286231227,0.10000000149011612
519.996,1.0,9.75278493306703,0.10000000149011612
520.047,1.0,9.780288282595574,0.10000000149011612
520.1,1.0,9.72537740773211,0.10000000149011612
520.143,1.0,9.698043002871175,0.10000000149011612
520.199,1.0,9.835101701588266,0.10000000149011612
520.243,1.0,9.80768737886101,0.10000000149011612
520.293,1.0,9.780238897394803,0.10000000149011612
520.343,1.0,9.72538304508974,0.10000000149011612
520.394,1.0,9.588013671773176,0.10000000149011612
520.443,1.0,9.835327452007267,0.10000000149011612
520.502,1.0,9.835635063383315,0.131150484085083
520.543,1.0,9.807687797976865,0.10000000149011612
520.584,1.0,9.75283832632833,0.10000000149011612
520.644,1.0,9.972500000004139,0.10000000149011612
520.7,1.0,9.890062844732569,0.10000000149011612
520.742,1.0,9.670295396529966,0.10000000149011612
520.795,1.0,9.807779736609923,0.10000000149011612
520.847,1.0,9.83508939958281,0.10000000149011612
520.896,1.0,9.807798548601568,0.10000000149011612
520.943,1.0,9.725253481148846,0.10000000149011612
520.994,1.0,9.862770027232667,0.10000000149011612
521.046,1.0,9.835287315129406,0.10000000149011612
521.096,1.0,9.945000000008278,0.10000000149011612
521.15,1.0,9.752893033064902,0.10000000149011612
521.199,1.0,9.752847166214552,0.10000000149011612
521.246,1.0,9.862703694237602,0.10000000149011612
521.296,1.0,9.890151967749828,0.10000000149011612
521.345,1.0,9.75295426843481,0.10000000149011612
521.398,1.0,9.835151357183026,0.10000000149011612
521.443,1.0,9.807601744288371,0.10000000149011612
521.497,1.0,9.780020425861908,0.10000000149011612
521.544,1.0,9.890000000016556,0.10000000149011612
521.594,1.0,9.725526382649939,0.10000000149011612
521.645,1.0,9.725490048713983,0.10000000149011612
521.695,1.0,9.725126902117497,0.10000000149011612
521.752,1.0,9.752706437826985,0.10000000149011612
521.794,1.0,9.697717166754106,0.10000000149011612
521.843,1.0,9.69801011491153,0.10000000149011612
521.897,1.0,9.862517459566394,0.10000000149011612
521.946,1.0,9.862797666092714,0.10000000149011612
521.996,1.0,9.835262432797915,0.10000000149011612
522.045,1.0,9.807660765738952,0.10000000149011612
522.096,1.0,9.835367944795225,0.10000000149011612
522.153,1.0,9.75278037223551,0.10000000149011612
522.206,1.0,9.86257497486141,0.10000000149011612
522.261,1.0,9.752535611411764,0.10000000149011612
522.307,1.0,9.780147540362345,0.10000000149011612
522.359,1.0,9.862649919341008,0.10000000149011612
522.406,1.0,9.697952013876703,0.10000000149011612
522.457,1.0,9.972500000004139,0.10000000149011612
522.507,1.0,9.67037187491854,0.10000000149011612
522.553,1.0,9.752661193182899,0.10000000149011612
522.609,1.0,9.835241402478681,0.10000000149011612
522.657,1.0,9.835000000024836,0.10000000149011612
522.711,1.0,9.807636667167147,0.10000000149011612
522.765,1.0,9.780293350314928,0.10000000149011612
522.816,1.0,9.917599615040753,0.10000000149011612
522.866,1.0,9.752776537380285,0.10000000149011612
522.909,1.0,9.83525482935624,0.10000000149011612
522.967,1.0,9.917632706628906,0.10000000149011612
523.02,1.0,9.807605443874166,0.10000000149011612
523.069,1.0,9.807794232707884,0.10000000149011612
523.117,1.0,9.835171773967643,0.10000000149011612
523.175,1.0,9.72518388223317,0.10000000149011612
523.218,1.0,9.835128404655391,0.10000000149011612
523.27,1.0,9.670672055727078,0.10000000149011612
523.318,1.0,9.725371671819852,0.10000000149011612
523.367,1.0,9.807743574637506,0.10000000149011612
523.418,1.0,9.917624503518972,0.10000000149011612
523.474,1.0,9.807580365033614,0.10000000149011612
523.518,1.0,9.698035147661964,0.10000000149011612
523.567,1.0,9.587975541709199,0.10000000149011612
523.622,1.0,9.670520809479058,0.10000000149011612
523.669,1.0,9.807527363465892,0.10000000149011612
523.719,1.0,9.807524735377067,0.10000000149011612
523.771,1.0,9.615588249928422,0.10000000149011612
523.818,1.0,9.83531300564193,0.10000000149011612
523.875,1.0,9.83526119345592,0.10000000149011612
523.921,1.0,9.780192931368948,0.10000000149011612
523.976,1.0,9.80783622480101,0.10000000149011612
524.018,1.0,9.78017783075985,0.10000000149011612
524.073,1.0,9.725347908958792,0.10000000149011612
524.13,1.0,9.780248129761054,0.10000000149011612
524.175,1.0,9.807965410707725,0.10000000149011612
524.225,1.0,9.89027280892349,0.11167730391025543
524.276,1.0,9.807672464309467,0.10000000149011612
524.326,1.0,9.587915966949529,0.10000000149011612
524.378,1.0,9.670565442037251,0.10000000149011612
524.426,1.0,9.670322750736442,0.10000000149011612
524.478,1.0,9.917500000012417,0.10000000149011612
524.53,1.0,9.890183111838997,0.10000000149011612
524.581,1.0,9.80750531208598,0.10000000149011612
524.627,1.0,9.78013474074089,0.10000000149011612
524.691,1.0,9.890247666235599,0.10000000149011612
524.728,1.0,9.78028628261139,0.10000000149011612
524.789,1.0,9.780484036190643,0.10000000149011612
524.828,1.0,9.835198453834487,0.10000000149011612
524.88,1.0,9.862607774966293,0.10000000149011612
524.928,1.0,9.917732609829141,0.10000000149011612
524.98,1.0,9.9451463068525,0.11191266775131226
525.027,1.0,9.752864172827039,0.10000000149011612
525.079,1.0,9.80765996105555,0.10000000149011612
525.136,1.0,9.890040988971789,0.10000000149011612
525.182,1.0,9.945060352256728,0.10955063998699188
525.236,1.0,9.725605577313237,0.10000000149011612
525.282,1.0,9.86255111085872,0.10000000149011612
525.327,1.0,9.945062207720346,0.10000000149011612
525.383,1.0,9.725316752224332,0.10000000149011612
525.439,1.0,9.670333802803523,0.10000000149011612
525.483,1.0,9.862631298974156,0.10000000149011612
525.536,1.0,9.807661040768854,0.10000000149011612
525.59,1.0,9.725171802317103,0.10000000149011612
525.633,1.0,9.69820177062518,0.10000000149011612
525.682,1.0,9.752806208800111,0.10000000149011612
525.732,1.0,9.835207852886782,0.10000000149011612
525.781,1.0,9.807574552194112,0.10000000149011612
525.84,1.0,9.697698210490246,0.10000000149011612
525.882,1.0,9.862721080167425,0.10000000149011612
525.938,1.0,9.725463324143655,0.10000000149011612
525.982,1.0,9.725086855081221,0.10000000149011612
526.031,1.0,9.697778783159123,0.10000000149011612
526.086,1.0,9.890128106685976,0.10000000149011612
526.128,1.0,9.752774794047905,0.10000000149011612
526.181,1.0,9.890242607767384,0.10000000149011612
526.238,1.0,9.670500149619247,0.10000000149011612
526.284,1.0,9.862582926203807,0.10000000149011612
526.332,1.0,9.753023068565462,0.10000000149011612
526.385,1.0,9.890230993760957,0.10000000149011612
526.435,1.0,9.72551187877026,0.10000000149011612
526.487,1.0,9.807548373420206,0.10000000149011612
526.537,1.0,9.945042739601599,0.10000000149011612
526.589,1.0,9.752904714188642,0.10000000149011612
526.64,1.0,9.890106419473886,0.10000000149011612
526.686,1.0,9.835103521227008,0.10000000149011612
526.737,1.0,9.725351026902596,0.10000000149011612
526.789,1.0,9.780344370152388,0.10000000149011612
526.837,1.0,9.780318126330773,0.10000000149011612
526.884,1.0,9.890138253259162,0.10000000149011612
526.938,1.0,9.835082274737458,0.10000000149011612
526.984,1.0,9.725300266842048,0.10000000149011612
527.046,1.0,9.862823967739113,0.10000000149011612
527.085,1.0,9.835215298127796,0.10000000149011612
527.134,1.0,9.670399072124725,0.10000000149011612
527.189,1.0,9.807554518969523,0.10000000149011612
527.237,1.0,9.752804473270144,0.10000000149011612
527.288,1.0,9.890114995340506,0.10000000149011612
527.337,1.0,9.80782350231376,0.10000000149011612
527.39,1.0,9.780191659534143,0.10000000149011612
527.438,1.0,9.835100920146537,0.10000000149011612
527.488,1.0,9.780213234490818,0.10000000149011612
527.539,1.0,9.890068325793578,0.10000000149011612
527.592,1.0,9.8626414693892,0.10000000149011612
527.641,1.0,9.8075785777842,0.10000000149011612
527.696,1.0,9.752839456436535,0.10000000149011612
527.739,1.0,9.752909537611735,0.10000000149011612
527.795,1.0,9.67056203049918,0.10000000149011612
527.839,1.0,9.725370725182195,0.10000000149011612
527.889,1.0,9.86263774894178,0.10000000149011612
527.942,1.0,9.752650043927133,0.10000000149011612
527.995,1.0,9.61544398975869,0.10000000149011612
528.039,1.0,9.835003964520164,0.10000000149011612
528.089,1.0,9.752971709002223,0.10000000149011612
528.139,1.0,9.807993774385087,0.10000000149011612
528.191,1.0,9.862626730443703,0.10000000149011612
528.236,1.0,9.752797930439312,0.10000000149011612
528.295,1.0,9.807776467295156,0.10000000149011612
528.339,1.0,9.862749074544343,0.10000000149011612
528.392,1.0,9.725384466846783,0.10000000149011612
528.439,1.0,9.835117895425194,0.10000000149011612
528.491,1.0,9.862758203285436,0.10000000149011612
528.539,1.0,9.780149222289522,0.10000000149011612
528.589,1.0,9.725336243336399,0.10000000149011612
528.641,1.0,9.807745900274151,0.10000000149011612
528.688,1.0,9.862554990727869,0.10000000149011612
528.747,1.0,9.862824838380847,0.10000000149011612
528.791,1.0,9.69783986736503,0.10000000149011612
528.846,1.0,9.752766379796796,0.10000000149011612
528.891,1.0,9.697703620356817,0.10000000149011612
528.941,1.0,9.670695437159804,0.10000000149011612
528.994,1.0,9.835000000024836,0.10000000149011612
529.041,1.0,9.80788590926677,0.10000000149011612
529.096,1.0,9.835164167173208,0.10000000149011612
529.146,1.0,9.807869453790287,0.10530204325914383
529.201,1.0,9.945082317478954,0.10000000149011612
529.25,1.0,9.862649309283329,0.10000000149011612
529.304,1.0,9.780545876713262,0.10000000149011612
529.35,1.0,9.615270814030534,0.10000000149011612
529.4,1.0,9.780474246107042,0.10000000149011612
529.451,1.0,9.862881807879441,0.10000000149011612
529.5,1.0,9.807816369831562,0.10000000149011612
529.555,1.0,9.752968516387046,0.10000000149011612
529.6,1.0,9.807732117548586,0.10000000149011612
529.651,1.0,9.890011399363479,0.10000000149011612
529.7,1.0,9.917711875980928,0.10000000149011612
529.759,1.0,9.89008278604597,0.10000000149011612
529.799,1.0,9.890188484659625,0.10000000149011612
529.85,1.0,9.697634863129093,0.10000000149011612
529.899,1.0,9.752673376620644,0.10000000149011612
529.952,1.0,9.862500000020695,0.10000000149011612
530.006,1.0,9.917618561060065,0.10000000149011612
530.051,1.0,9.862666021722058,0.10000000149011612
530.101,1.0,9.862843404958646,0.10000000149011612
530.15,1.0,9.835199481993914,0.10000000149011612
530.202,1.0,9.807581800553534,0.10000000149011612
530.247,1.0,9.725577112390763,0.10000000149011612
530.3,1.0,9.725428609529303,0.10000000149011612
530.349,1.0,9.835117784515024,0.10000000149011612
530.403,1.0,9.862507323920727,0.10000000149011612
530.456,1.0,9.862771436654858,0.10000000149011612
530.503,1.0,9.780176634693312,0.10000000149011612
530.568,1.0,9.945000000008278,0.10000000149011612
530.603,1.0,9.807822498720553,0.10000000149011612
530.656,1.0,9.780057916003797,0.10000000149011612
530.706,1.0,9.780416942905221,0.10000000149011612
530.756,1.0,9.835238735129435,0.10000000149011612
530.804,1.0,9.807659972666038,0.10000000149011612
530.855,1.0,9.862513400076164,0.10000000149011612
530.91,1.0,9.8626533906079,0.10000000149011612
530.958,1.0,9.862864542649024,0.10000000149011612
531.004,1.0,9.780385213138329,0.10000000149011612
531.062,1.0,9.945225870857636,0.13880011439323425
531.107,1.0,9.807835735773875,0.10000000149011612
531.156,1.0,9.807900489639078,0.10000000149011612
531.207,1.0,9.698121461499897,0.10000000149011612
531.256,1.0,9.807648707139823,0.10000000149011612
531.31,1.0,9.697895728279319,0.10000000149011612
531.356,1.0,9.670523583806224,0.10000000149011612
531.405,1.0,9.83518064889229,0.10000000149011612
531.455,1.0,9.807906914026374,0.10000000149011612
531.509,1.0,9.807802415142456,0.10000000149011612
531.561,1.0,9.725153729319572,0.10000000149011612
531.608,1.0,9.862557253965901,0.10000000149011612
531.656,1.0,9.780187477937176,0.10000000149011612
531.722,1.0,9.725450370667708,0.10000000149011612
531.757,1.0,9.862709695245657,0.10000000149011612
531.818,1.0,9.835165016891228,0.10000000149011612
531.858,1.0,9.780474587819642,0.10000000149011612
531.901,1.0,9.890254437012805,0.10000000149011612
531.962,1.0,9.917589947829644,0.10000000149011612
532.008,1.0,9.862885242886842,0.10000000149011612
532.074,1.0,9.890046120041774,0.10000000149011612
532.112,1.0,9.807666256775459,0.10000000149011612
532.164,1.0,9.807577265219557,0.10000000149011612
532.211,1.0,9.89025436869512,0.10000000149011612
532.261,1.0,9.862778385790685,0.10000000149011612
532.312,1.0,9.917500000012417,0.10000000149011612
532.361,1.0,9.862710943714612,0.10000000149011612
532.41,1.0,9.752754153683782,0.10000000149011612
532.463,1.0,9.780168818020158,0.10000000149011612
532.51,1.0,9.780156465019617,0.10000000149011612
532.561,1.0,9.780231286978555,0.10000000149011612
532.612,1.0,9.643005656078458,0.10000000149011612
532.66,1.0,9.807805982997849,0.10000000149011612
532.716,1.0,9.78014029490037,0.10000000149011612
532.76,1.0,9.752659851291941,0.10000000149011612
532.817,1.0,9.780356860905886,0.10000000149011612
532.861,1.0,9.862818755457798,0.10000000149011612
532.914,1.0,9.945122080523934,0.10000000149011612
532.963,1.0,9.890305003958444,0.10289312154054642
533.016,1.0,9.75269207706054,0.10000000149011612
533.063,1.0,9.917644060775638,0.10000000149011612
533.12,1.0,9.835110491038197,0.10000000149011612
533.169,1.0,9.752862565115922,0.10000000149011612
533.217,1.0,9.890134620976944,0.10000000149011612
533.267,1.0,9.807637191543149,0.10000000149011612
533.324,1.0,9.780353474285867,0.10000000149011612
533.365,1.0,9.807751274005406,0.10000000149011612
533.416,1.0,9.83536454749604,0.10000000149011612
533.467,1.0,9.780635664487878,0.10000000149011612
533.511,1.0,9.862500000020695,0.10000000149011612
533.565,1.0,9.807773334470888,0.10000000149011612
533.615,1.0,9.780290924157534,0.10000000149011612
533.667,1.0,9.862576576632758,0.10000000149011612
533.716,1.0,9.752811971161929,0.10000000149011612
533.766,1.0,9.807991008874442,0.10000000149011612
533.816,1.0,9.752784443149965,0.10000000149011612
533.865,1.0,9.780285043207307,0.10000000149011612
533.913,1.0,9.780118578155008,0.10000000149011612
533.974,1.0,9.752887840486235,0.10000000149011612
534.016,1.0,9.83516634379824,0.10000000149011612
534.073,1.0,9.807631515297626,0.10000000149011612
534.116,1.0,9.780345220656859,0.10000000149011612
534.177,1.0,9.725261660499704,0.10000000149011612
534.222,1.0,9.835369132645429,0.10000000149011612
534.268,1.0,9.780153273128802,0.10000000149011612
534.318,1.0,9.917625151450435,0.10000000149011612
534.37,1.0,9.780342616927292,0.10000000149011612
534.42,1.0,9.835270105053981,0.10000000149011612
534.47,1.0,9.670214493262272,0.10000000149011612
534.521,1.0,9.780208871058292,0.10000000149011612
534.574,1.0,9.697894060508245,0.10000000149011612
534.622,1.0,9.835253995387918,0.10000000149011612
534.673,1.0,9.917500000012417,0.10000000149011612
534.736,1.0,9.807888534520234,0.10000000149011612
534.776,1.0,9.807851492779122,0.10000000149011612
534.833,1.0,9.725456746750408,0.10000000149011612
534.876,1.0,9.725523450805081,0.10000000149011612
534.93,1.0,9.725427177237968,0.10000000149011612
534.981,1.0,9.780202552862466,0.10000000149011612
535.026,1.0,9.807809137677152,0.10000000149011612
535.078,1.0,9.69778953600261,0.10000000149011612
535.128,1.0,9.725471062875457,0.10000000149011612
535.178,1.0,9.80787441012346,0.10000000149011612
535.229,1.0,9.725243070162833,0.10000000149011612
535.284,1.0,9.725437743899723,0.10000000149011612
535.334,1.0,9.697982247877452,0.10000000149011612
535.381,1.0,9.697650869915055,0.10000000149011612
535.431,1.0,9.80782527130925,0.10000000149011612
535.483,1.0,9.670306548124387,0.10000000149011612
535.532,1.0,9.752571996715334,0.10000000149011612
535.581,1.0,9.945098776308198,0.10000000149011612
535.641,1.0,9.807776165443162,0.10000000149011612
535.681,1.0,9.80774605969588,0.10000000149011612
535.73,1.0,9.642643345747556,0.10000000149011612
535.781,1.0,9.835251657602688,0.10000000149011612
535.833,1.0,9.917687128649817,0.10000000149011612
535.882,1.0,9.862835329812434,0.10000000149011612
535.931,1.0,9.752914505058692,0.10000000149011612
535.982,1.0,9.890083933766517,0.10000000149011612
536.033,1.0,9.807719522549046,0.10000000149011612
536.083,1.0,9.890002467524674,0.10000000149011612
536.131,1.0,9.862607833784487,0.10000000149011612
536.181,1.0,9.670449337197674,0.10000000149011612
536.235,1.0,9.780329501007994,0.10000000149011612
536.284,1.0,10.0,10.0
536.353,1.0,9.807870906446542,0.10000000149011612
536.383,1.0,9.780226261417072,0.10000000149011612
536.436,1.0,9.780163452815678,0.10000000149011612
536.488,1.0,9.807672970969644,0.10000000149011612
536.534,1.0,9.725213457602594,0.10000000149011612
536.59,1.0,9.725378148278429,0.10000000149011612
536.633,1.0,9.835226215608419,0.10000000149011612
536.686,1.0,9.642815237575107,0.10000000149011612
536.734,1.0,9.6975052367068,0.10000000149011612
536.783,1.0,9.835269595289397,0.10000000149011612
536.826,1.0,9.862699121940468,0.10000000149011612
536.884,1.0,9.780116161807543,0.10000000149011612
536.935,1.0,9.753016680106521,0.10000000149011612
536.981,1.0,9.83518482995116,0.10000000149011612
537.035,1.0,9.725171578572029,0.10000000149011612
537.082,1.0,9.72532216310501,0.10000000149011612
537.133,1.0,9.780404159778522,0.10000000149011612
537.19,1.0,9.780197129626242,0.10000000149011612
537.237,1.0,9.75283726507591,0.10000000149011612
537.283,1.0,9.780179486133987,0.10000000149011612
537.333,1.0,9.917500000012417,0.10000000149011612
537.385,1.0,9.780291370799144,0.10000000149011612
537.436,1.0,9.862677642661664,0.10000000149011612
537.485,1.0,9.835268985231718,0.10000000149011612
537.541,1.0,9.862694714135595,0.10000000149011612
537.585,1.0,9.890141527334022,0.10000000149011612
537.638,1.0,9.890076655501293,0.10000000149011612
537.686,1.0,9.89022534361316,0.10000000149011612
537.735,1.0,9.75282487494664,0.10000000149011612
537.786,1.0,9.835185966371663,0.10000000149011612
537.843,1.0,9.807884848614533,0.10000000149011612
537.889,1.0,9.835116645341946,0.10000000149011612
537.941,1.0,9.862901152484119,0.10344364494085312
537.99,1.0,9.752845822792086,0.10000000149011612
538.04,1.0,9.80778218973428,0.10000000149011612
538.094,1.0,9.780049352265067,0.10000000149011612
538.142,1.0,9.780411163469156,0.10000000149011612
538.193,1.0,9.780210050671466,0.10000000149011612
538.241,1.0,9.780223638067643,0.10000000149011612
538.29,1.0,9.917561537130839,0.10000000149011612
538.34,1.0,9.807746150779227,0.10000000149011612
538.396,1.0,9.780314385414952,0.10000000149011612
538.443,1.0,9.752762098010216,0.10000000149011612
538.496,1.0,9.890216199970908,0.10000000149011612
538.544,1.0,9.807591477284829,0.10000000149011612
538.602,1.0,9.835195933240984,0.10000000149011612
538.644,1.0,9.780354108433757,0.10000000149011612
538.696,1.0,9.890114866321285,0.10000000149011612
538.744,1.0,9.80793668658783,0.10000000149011612
538.798,1.0,9.86279942540245,0.10000000149011612
538.846,1.0,9.725240326610704,0.10000000149011612
538.897,1.0,9.862545083815025,0.10000000149011612
538.945,1.0,9.780227659208078,0.10000000149011612
538.996,1.0,9.890250404717193,0.10000000149011612
539.051,1.0,9.780239221950373,0.10000000149011612
539.097,1.0,9.862500000020695,0.10000000149011612
539.209,1.0,9.752725590041115,0.10000000149011612
539.247,1.0,9.697969484494791,0.10000000149011612
539.297,1.0,9.78029647084574,0.10000000149011612
539.351,1.0,9.698040816415515,0.10000000149011612
539.398,1.0,9.890252082049846,0.10000000149011612
539.449,1.0,9.725244459158016,0.10000000149011612
539.496,1.0,9.72556037482702,0.10000000149011612
539.548,1.0,9.862785875900752,0.1002008467912674
539.602,1.0,9.890177584377428,0.10000000149011612
539.646,1.0,9.807652842646672,0.10000000149011612
539.704,1.0,9.86276730777075,0.10000000149011612
539.757,1.0,9.807532497743766,0.10000000149011612
539.798,1.0,9.7526764281508,0.10000000149011612
539.848,1.0,9.725499927024874,0.10000000149011612
539.906,1.0,9.890310233024259,0.10000000149011612
539.948,1.0,9.890108745338189,0.10000000149011612
540.007,1.0,9.890111282074617,0.10000000149011612
540.048,1.0,9.725363586015172,0.10000000149011612
540.102,1.0,9.780076713508201,0.10000000149011612
540.151,1.0,9.780339298169647,0.10000000149011612
540.202,1.0,9.945000000008278,0.10000000149011612
540.254,1.0,9.752683583584924,0.10000000149011612
540.299,1.0,9.807610850698419,0.10000000149011612
540.353,1.0,9.890137433281375,0.10000000149011612
540.398,1.0,9.83530657734308,0.10572545230388641
540.459,1.0,9.725250069362422,0.10000000149011612
540.501,1.0,9.862553844600916,0.10000000149011612
540.552,1.0,9.83511980333262,0.10000000149011612
540.603,1.0,9.807947776777048,0.10000000149011612
540.65,1.0,9.945070494649311,0.10000000149011612
540.702,1.0,9.890114463927846,0.10000000149011612
540.751,1.0,9.780349610476858,0.10000000149011612
540.805,1.0,9.917500000012417,0.10000000149011612
540.857,1.0,9.945000000008278,0.10000000149011612
540.902,1.0,9.752509607850678,0.10000000149011612
540.96,1.0,9.698168169727756,0.10000000149011612
541.003,1.0,9.945123656487299,0.10857000201940536
541.051,1.0,9.780283709925909,0.10000000149011612
541.1,1.0,9.752624164376822,0.10000000149011612
541.154,1.0,9.835177173962196,0.10000000149011612
541.201,1.0,9.835118376815485,0.10000000149011612
541.259,1.0,9.835201428251134,0.10000000149011612
541.3,1.0,9.807623068222568,0.10000000149011612
541.357,1.0,9.86261642927097,0.10000000149011612
541.409,1.0,9.697761223630772,0.10000000149011612
541.45,1.0,9.862671873263187,0.10000000149011612
541.5,1.0,9.752721122279763,0.10000000149011612
541.555,1.0,9.725203712553613,0.10000000149011612
541.602,1.0,9.862605765027304,0.10000000149011612
541.651,1.0,9.86252533013208,0.10000000149011612
541.702,1.0,9.835317150938014,0.10000000149011612
541.75,1.0,9.835232452655005,0.10000000149011612
541.801,1.0,9.807840599243839,0.10000000149011612
541.852,1.0,9.807922341095077,0.10000000149011612
541.902,1.0,9.780105983196862,0.10000000149011612
541.952,1.0,9.67053978252742,0.10000000149011612
542.004,1.0,9.752794327462713,0.10000000149011612
542.053,1.0,9.890005196982788,0.10000000149011612
542.107,1.0,9.917500000012417,0.10000000149011612
542.16,1.0,9.643404284492135,0.10000000149011612
542.204,1.0,9.725359057428108,0.10000000149011612
542.257,1.0,9.780312321169509,0.10000000149011612
542.306,1.0,9.752611427278154,0.10000000149011612
542.356,1.0,9.972500000004139,0.10000000149011612
542.405,1.0,9.862870137724611,0.10000000149011612
542.454,1.0,9.835195089669691,0.10000000149011612
542.506,1.0,9.862641019456916,0.10000000149011612
542.556,1.0,9.752780134210155,0.10000000149011612
542.604,1.0,9.75282430201769,0.10000000149011612
542.655,1.0,9.807705878735417,0.10000000149011612
542.705,1.0,9.780229993081756,0.10000000149011612
542.757,1.0,9.890175504734119,0.10000000149011612
542.807,1.0,9.725122695892221,0.10000000149011612
542.858,1.0,9.615340927119057,0.10000000149011612
542.92,1.0,9.83522336838974,0.10000000149011612
542.96,1.0,9.752951993089583,0.10000000149011612
543.015,1.0,9.642987906643086,0.10000000149011612
543.062,1.0,9.83517604029427,0.10000000149011612
543.11,1.0,9.807731842663554,0.10000000149011612
543.161,1.0,9.725194688596659,0.10000000149011612
543.213,1.0,9.945055889255471,0.10000000149011612
543.272,1.0,9.697971756549345,0.10000000149011612
543.31,1.0,9.615354791180128,0.10000000149011612
543.362,1.0,9.780177704244853,0.10000000149011612
543.41,1.0,9.75281657733851,0.10000000149011612
543.467,1.0,9.697939716341596,0.10000000149011612
543.509,1.0,9.725416649422712,0.10000000149011612
543.562,1.0,9.890174022730854,0.10000000149011612
543.609,1.0,9.862666752375663,0.10000000149011612
543.662,1.0,9.780139638731876,0.10000000149011612
543.712,1.0,9.835201383589043,0.10000000149011612
543.771,1.0,9.835295537114144,0.10000000149011612
543.814,1.0,9.725425561745134,0.10000000149011612
543.862,1.0,9.78026671672447,0.10000000149011612
543.912,1.0,9.697865149295993,0.10000000149011612
543.96,1.0,9.78025406996409,0.10000000149011612
544.019,1.0,9.862672060417632,0.10000000149011612
544.062,1.0,9.725294826490183,0.10000000149011612
544.111,1.0,9.890096897714669,0.10000000149011612
544.163,1.0,9.91751649003062,0.10000000149011612
544.21,1.0,9.86263803096695,0.10000000149011612
544.264,1.0,9.862740180848373,0.10000000149011612
544.311,1.0,9.780606703191168,0.10000000149011612
544.36,1.0,9.862700006220903,0.10000000149011612
544.412,1.0,9.807776576363379,0.10000000149011612
544.461,1.0,9.917732581848071,0.11570127308368683
544.517,1.0,9.753009857692652,0.10000000149011612
544.561,1.0,9.835047446315487,0.10000000149011612
544.616,1.0,9.725549126395748,0.10000000149011612
544.664,1.0,9.807635575325953,0.10000000149011612
544.711,1.0,9.780152667913999,0.10000000149011612
544.764,1.0,9.835004827400876,0.10000000149011612
544.817,1.0,9.835144498075048,0.10000000149011612
544.86,1.0,9.780211962407662,0.10000000149011612
544.91,1.0,9.862712747831312,0.10000000149011612
544.96,1.0,9.753020210688312,0.10000000149011612
545.012,1.0,9.807591897456183,0.10000000149011612
545.061,1.0,9.807691716464857,0.10000000149011612
545.113,1.0,9.807905149273575,0.10000000149011612
545.161,1.0,9.807872177494897,0.10000000149011612
545.215,1.0,9.835208615329531,0.10000000149011612
545.261,1.0,9.862731761754388,0.10000000149011612
545.316,1.0,9.890137467202212,0.10000000149011612
545.365,1.0,9.752778421073325,0.10000000149011612
545.415,1.0,9.862914799422853,0.10000000149011612
545.462,1.0,9.807760045615336,0.10000000149011612
545.525,1.0,9.835129247047007,0.10000000149011612
545.561,1.0,9.807747045490476,0.10000000149011612
545.614,1.0,9.91763578504324,0.10000000149011612
545.662,1.0,9.972583540653188,0.1300746351480484
545.719,1.0,9.835235474113789,0.10000000149011612
545.766,1.0,9.835312393804392,0.10000000149011612
545.812,1.0,9.780276450556185,0.10000000149011612
545.862,1.0,9.890224431496527,0.10905085504055023
545.92,1.0,9.807595208432112,0.10000000149011612
545.961,1.0,9.835088670833244,0.10000000149011612
546.014,1.0,9.752877333698173,0.10000000149011612
546.065,1.0,9.752872104756534,0.10000000149011612
546.112,1.0,9.835257862011591,0.10000000149011612
546.163,1.0,9.807857970127628,0.10000000149011612
546.214,1.0,9.780359820504156,0.10000000149011612
546.264,1.0,9.917627352641688,0.10000000149011612
546.311,1.0,9.835374145396054,0.10000000149011612
546.363,1.0,9.862701239498953,0.10000000149011612
546.42,1.0,9.725257135824197,0.10000000149011612
546.463,1.0,9.83518786991222,0.10000000149011612
546.526,1.0,9.862583502671784,0.10000000149011612
546.569,1.0,9.835219119861723,0.10000000149011612
546.622,1.0,9.780194532022708,0.10000000149011612
546.665,1.0,9.80795913177232,0.10000000149011612
546.717,1.0,9.890216032870942,0.10000000149011612
546.765,1.0,9.83529597858174,0.10000000149011612
546.82,1.0,9.642819660695062,0.10000000149011612
546.866,1.0,9.697921694339149,0.10000000149011612
546.919,1.0,9.752990739420056,0.10000000149011612
546.966,1.0,9.752547306381166,0.10000000149011612
547.022,1.0,9.862688748807543,0.10000000149011612
547.067,1.0,9.945029321478472,0.10420868545770645
547.123,1.0,9.75282650993516,0.10000000149011612
547.167,1.0,9.780399936230646,0.10000000149011612
547.217,1.0,9.780176355896725,0.10000000149011612
547.27,1.0,9.835298205974201,0.10000000149011612
547.316,1.0,9.945000000008278,0.10000000149011612
547.379,1.0,9.752667558172512,0.10000000149011612
547.416,1.0,9.807783303513295,0.10000000149011612
547.47,1.0,9.890007062401208,0.10000000149011612
547.516,1.0,9.835541150615446,0.10000000149011612
547.578,1.0,9.697563516162337,0.10000000149011612
547.616,1.0,9.780386637027066,0.10000000149011612
547.668,1.0,9.752706058840785,0.10000000149011612
547.718,1.0,9.862836797597508,0.10000000149011612
547.771,1.0,9.917656286391948,0.10495542734861374
547.817,1.0,9.780227859049207,0.10000000149011612
547.868,1.0,9.835265225441091,0.10000000149011612
547.921,1.0,9.725409946218132,0.10000000149011612
547.973,1.0,9.753071715620656,0.10000000149011612
548.02,1.0,9.725253858355185,0.10000000149011612
548.071,1.0,9.83529773182753,0.10000000149011612
548.128,1.0,9.835286977825065,0.10000000149011612
548.17,1.0,9.807725537402762,0.10000000149011612
548.225,1.0,9.670292004756629,0.10000000149011612
548.278,1.0,9.945000000008278,0.10000000149011612
548.321,1.0,9.945110068035623,0.10000000149011612
548.37,1.0,9.862894732794828,0.10000000149011612
548.423,1.0,9.83512973886811,0.10000000149011612
548.472,1.0,9.642784001471268,0.10000000149011612
548.521,1.0,9.78020649312271,0.10000000149011612
548.57,1.0,9.72535152559479,0.10000000149011612
548.625,1.0,9.615494244731963,0.10000000149011612
548.67,1.0,9.862740175343221,0.10000000149011612
548.724,1.0,9.725539119272597,0.10000000149011612
548.781,1.0,9.752956911652452,0.10000000149011612
548.825,1.0,9.835082650826209,0.10000000149011612
548.888,1.0,9.725397970548107,0.10000000149011612
548.928,1.0,9.862613636627794,0.10000000149011612
548.986,1.0,9.697824386383097,0.10000000149011612
549.031,1.0,9.890116513292822,0.10000000149011612
549.083,1.0,9.780114567548864,0.10000000149011612
549.132,1.0,9.807739603974753,0.10000000149011612
549.183,1.0,9.835108395479619,0.10000000149011612
549.238,1.0,9.835047620183063,0.10000000149011612
549.285,1.0,9.780168504536979,0.10000000149011612
549.336,1.0,9.862817733527885,0.10000000149011612
549.383,1.0,9.862731039027373,0.10000000149011612
549.437,1.0,9.752723228476114,0.10000000149011612
549.483,1.0,9.862685310095548,0.10000000149011612
549.532,1.0,9.862618955390321,0.10000000149011612
549.582,1.0,9.725305986300938,0.10000000149011612
549.632,1.0,9.835105191502306,0.10000000149011612
549.691,1.0,9.78007966592494,0.10000000149011612
549.738,1.0,9.725091627674798,0.10000000149011612
549.785,1.0,9.862587882081668,0.10000000149011612
549.837,1.0,9.807715616023374,0.10000000149011612
549.887,1.0,9.752872565140327,0.10000000149011612
549.933,1.0,9.835149984661903,0.10000000149011612
549.984,1.0,9.917605435599883,0.10000000149011612
550.041,1.0,9.807682242223786,0.10000000149011612
550.089,1.0,9.807886580915914,0.10000000149011612
550.138,1.0,9.83515184869369,0.10000000149011612
550.186,1.0,9.807531149312855,0.10000000149011612
550.235,1.0,9.72519113851918,0.10000000149011612
550.297,1.0,9.670362052942316,0.10000000149011612
550.352,1.0,9.807654432414306,0.10000000149011612
550.397,1.0,9.862645925622846,0.10000000149011612
550.449,1.0,9.752918800566759,0.10000000149011612
550.498,1.0,9.890143141916228,0.10000000149011612
550.55,1.0,9.80785801574174,0.10000000149011612
550.598,1.0,9.807577408581144,0.10000000149011612
550.647,1.0,9.807846500558986,0.10000000149011612
550.699,1.0,9.83537477273494,0.10000000149011612
550.755,1.0,9.807800107056067,0.10000000149011612
550.798,1.0,9.780121603711612,0.10000000149011612
550.848,1.0,9.780228644526668,0.10000000149011612
550.899,1.0,9.807579126291804,0.10000000149011612
550.957,1.0,9.945081871934235,0.10000000149011612
551.0,1.0,9.835190680312614,0.10000000149011612
551.058,1.0,9.862776645231579,0.10000000149011612
551.104,1.0,9.725533110958834,0.10000000149011612
551.166,1.0,9.780310231736964,0.10000000149011612
551.206,1.0,9.835197026530901,0.10000000149011612
551.258,1.0,9.780167446202702,0.10000000149011612
551.306,1.0,9.890062323978377,0.10000000149011612
551.362,1.0,9.78006278493752,0.10000000149011612
551.41,1.0,9.752910372801125,0.10000000149011612
551.457,1.0,9.642894360609352,0.10000000149011612
551.509,1.0,9.835338874947693,0.10000000149011612
551.564,1.0,9.780358332271378,0.10000000149011612
551.614,1.0,9.917500000012417,0.10000000149011612
551.663,1.0,9.8079704058874,0.10000000149011612
551.709,1.0,9.780141417785652,0.10000000149011612
551.759,1.0,9.83532488298499,0.10000000149011612
551.811,1.0,9.807886063224739,0.10000000149011612
551.859,1.0,9.890099450469846,0.10000000149011612
551.914,1.0,9.807581179071631,0.10000000149011612
551.968,1.0,9.835121409739886,0.10000000149011612
552.01,1.0,9.807586623955931,0.10000000149011612
552.062,1.0,9.670596580021083,0.10000000149011612
552.112,1.0,9.780455338665181,0.10000000149011612
552.161,1.0,9.807794885999627,0.10000000149011612
552.21,1.0,9.7528838366684,0.10000000149011612
552.26,1.0,9.862610170120995,0.10000000149011612
552.313,1.0,9.890177873149515,0.10000000149011612
552.36,1.0,9.72544612199482,0.10000000149011612
552.409,1.0,9.862538718514973,0.10000000149011612
552.458,1.0,9.835196542988221,0.10000000149011612
552.511,1.0,9.890000000016556,0.10000000149011612
552.559,1.0,9.890117343991166,0.10000000149011612
552.613,1.0,9.835000000024836,0.10000000149011612
552.661,1.0,9.697679782286286,0.10000000149011612
552.715,1.0,9.807689856758548,0.10000000149011612
552.761,1.0,9.807731677571105,0.10000000149011612
552.81,1.0,9.890205123399694,0.10000000149011612
552.862,1.0,9.78028986307068,0.10000000149011612
552.91,1.0,9.807716552871797,0.10000000149011612
552.966,1.0,9.780324657675292,0.10000000149011612
553.01,1.0,9.780409823337363,0.10000000149011612
553.079,1.0,9.835185734699998,0.10000000149011612
553.114,1.0,9.807659894952344,0.10000000149011612
553.161,1.0,9.807684578042892,0.10000000149011612
553.211,1.0,9.807921930630174,0.10000000149011612
553.26,1.0,9.807688011042774,0.10000000149011612
553.315,1.0,9.86257549646414,0.10000000149011612
553.361,1.0,9.835168480707539,0.10000000149011612
553.41,1.0,9.917538330662582,0.10000000149011612
553.46,1.0,9.945038053745197,0.1011597290635109
553.52,1.0,9.752606274270349,0.10000000149011612
553.569,1.0,9.91762918509129,0.10000000149011612
553.62,1.0,9.862696837240623,0.10000000149011612
553.672,1.0,9.835287179735799,0.10000000149011612
553.728,1.0,9.807666600102351,0.10000000149011612
553.77,1.0,9.862849855795503,0.10819791257381439
553.822,1.0,9.890358123121162,0.10980454832315445
553.87,1.0,9.835501916230553,0.10000000149011612
553.92,1.0,9.725319867187904,0.10000000149011612
553.969,1.0,9.807659729218317,0.10000000149011612
554.025,1.0,9.752863970709344,0.10000000149011612
554.069,1.0,9.890025511052873,0.10000000149011612
554.122,1.0,9.780423895124759,0.10000000149011612
554.17,1.0,9.917527438369062,0.10000000149011612
554.219,1.0,9.752721111911038,0.10000000149011612
554.272,1.0,9.78006111488988,0.10000000149011612
554.324,1.0,9.697943371120427,0.10000000149011612
554.369,1.0,9.807632245144083,0.10000000149011612
554.418,1.0,9.670325826750034,0.10000000149011612
554.471,1.0,9.752930286299023,0.10000000149011612
554.529,1.0,9.807747135766679,0.10000000149011612
554.572,1.0,9.862868898072177,0.10000000149011612
554.623,1.0,9.725468342585696,0.10000000149011612
554.671,1.0,9.72556054416216,0.10000000149011612
554.727,1.0,9.780284137506452,0.10000000149011612
554.77,1.0,9.780268261705835,0.10000000149011612
554.823,1.0,9.807705978697372,0.10000000149011612
554.87,1.0,9.780186373988787,0.10000000149011612
554.924,1.0,9.725374508690503,0.10000000149011612
554.969,1.0,9.862742529788779,0.10000000149011612
555.024,1.0,9.835256484233671,0.10000000149011612
555.071,1.0,9.780443766878712,0.10000000149011612
555.122,1.0,9.807765444885526,0.10000000149011612
555.171,1.0,9.80767131683727,0.10000000149011612
555.22,1.0,9.917601909198694,0.10000000149011612
555.27,1.0,9.588367222663429,0.10000000149011612
555.321,1.0,9.78030267951803,0.10000000149011612
555.372,1.0,9.780015338957309,0.10000000149011612
555.423,1.0,9.917540141588283,0.10000000149011612
555.482,1.0,9.697721194972594,0.10000000149011612
555.523,1.0,9.917572751310136,0.10000000149011612
555.573,1.0,9.78010136882464,0.10000000149011612
555.629,1.0,9.835280086596807,0.10000000149011612
555.676,1.0,9.83527314344214,0.10000000149011612
555.727,1.0,9.807983611110185,0.10000000149011612
555.778,1.0,9.835173444801734,0.10000000149011612
555.834,1.0,9.862938145279056,0.10512646287679672
555.877,1.0,9.835231265446378,0.10000000149011612
555.927,1.0,9.835217592161563,0.10000000149011612
555.977,1.0,9.807773459537161,0.10000000149011612
556.032,1.0,9.670628764149216,0.10000000149011612
556.079,1.0,9.80766409109864,0.10000000149011612
556.128,1.0,9.862821295981606,0.10000000149011612
556.189,1.0,9.835307719103165,0.10000000149011612
556.228,1.0,9.862899628550641,0.10000000149011612
556.283,1.0,9.780078133837216,0.10000000149011612
556.33,1.0,9.752888658001192,0.10000000149011612
556.377,1.0,9.780209128931165,0.10000000149011612
556.428,1.0,9.835147053893241,0.10000000149011612
556.481,1.0,9.725608970907826,0.10000000149011612
556.528,1.0,9.697861879877745,0.10000000149011612
556.58,1.0,9.752663328312337,0.10000000149011612
556.627,1.0,9.752826988986797,0.10000000149011612
556.678,1.0,9.807760631479322,0.10000000149011612
556.735,1.0,9.91758670848277,0.10000000149011612
556.781,1.0,9.83516272869375,0.10000000149011612
556.829,1.0,9.86268272033582,0.10000000149011612
556.878,1.0,9.75280953126235,0.10000000149011612
556.929,1.0,9.862674891679651,0.10000000149011612
556.981,1.0,9.75294723496255,0.10000000149011612
557.032,1.0,9.7800634763514,0.10000000149011612
557.084,1.0,9.945108959968719,0.10000000149011612
557.133,1.0,9.835161096395717,0.10000000149011612
557.186,1.0,9.80776319547246,0.10000000149011612
557.237,1.0,9.835337210550076,0.10000000149011612
557.284,1.0,9.83521195070611,0.10000000149011612
557.334,1.0,9.752847423549328,0.10000000149011612
557.391,1.0,9.698029574958815,0.10000000149011612
557.435,1.0,9.862623853070868,0.10000000149011612
557.486,1.0,9.807693671538598,0.10000000149011612
557.534,1.0,9.725335940615171,0.10000000149011612
557.588,1.0,9.78005320413245,0.10000000149011612
557.638,1.0,9.890112753895421,0.10000000149011612
557.693,1.0,9.835326880278688,0.10000000149011612
557.737,1.0,9.917583405474822,0.10000000149011612
557.788,1.0,9.890110903274682,0.10000000149011612
557.839,1.0,9.917637561096086,0.10000000149011612
557.892,1.0,9.670414978990124,0.10000000149011612
557.931,1.0,9.807622784852153,0.10000000149011612
557.991,1.0,9.862713712246881,0.10000000149011612
558.039,1.0,9.780251414970392,0.10000000149011612
558.087,1.0,9.780156440598269,0.10000000149011612
558.137,1.0,9.670232304247717,0.10000000149011612
558.191,1.0,9.862752775537471,0.10000000149011612
558.238,1.0,9.86264383395513,0.10000000149011612
558.291,1.0,9.807746652658615,0.10000000149011612
558.341,1.0,9.835115073290137,0.10000000149011612
558.394,1.0,9.780241980155308,0.10000000149011612
558.441,1.0,9.807933866315418,0.10000000149011612
558.496,1.0,9.725227210836279,0.10000000149011612
558.539,1.0,9.807703792821203,0.10000000149011612
558.599,1.0,9.7802304101487,0.10000000149011612
558.645,1.0,9.862568354730804,0.10000000149011612
558.696,1.0,9.670287365362876,0.10000000149011612
558.747,1.0,9.807798620106446,0.10000000149011612
558.795,1.0,9.69784503546026,0.10000000149011612
558.848,1.0,9.807726248415808,0.10000000149011612
558.894,1.0,9.890265501414737,0.10230711102485657
558.946,1.0,9.697773078353041,0.10000000149011612
558.998,1.0,9.807534765659106,0.10000000149011612
559.045,1.0,9.670310641556151,0.10000000149011612
559.092,1.0,9.752843127482468,0.10000000149011612
559.145,1.0,9.89023364753359,0.10000000149011612
559.195,1.0,9.752821863339179,0.10000000149011612
559.247,1.0,9.86263839221663,0.10000000149011612
559.296,1.0,9.752869054281877,0.10000000149011612
559.345,1.0,9.780409226256113,0.10000000149011612
559.397,1.0,9.835349870431754,0.10000000149011612
559.445,1.0,9.835085649436547,0.10000000149011612
559.498,1.0,9.862654597353604,0.10000000149011612
559.537,1.0,9.835095881505145,0.10000000149011612
559.594,1.0,9.752679423366983,0.10000000149011612
559.65,1.0,9.752790313752161,0.10000000149011612
559.696,1.0,9.697558311952484,0.10000000149011612
559.744,1.0,9.86264777255969,0.10000000149011612
559.794,1.0,9.835011833326684,0.10000000149011612
559.847,1.0,9.835056173428892,0.10000000149011612
559.896,1.0,9.890000000016556,0.10000000149011612
559.95,1.0,9.725081355497242,0.10000000149011612
559.996,1.0,9.780249920487403,0.10000000149011612
560.05,1.0,9.752749954329596,0.10000000149011612
560.098,1.0,9.862634386205011,0.10000000149011612
560.162,1.0,9.780258910833961,0.10000000149011612
560.198,1.0,9.807706537615093,0.10000000149011612
560.248,1.0,9.780182928923104,0.10000000149011612
560.295,1.0,9.780341721305417,0.10000000149011612
560.35,1.0,9.753063377572431,0.10000000149011612
560.409,1.0,9.752699670236971,0.10000000149011612
560.45,1.0,9.752868731630345,0.10000000149011612
560.495,1.0,9.807621063892212,0.10000000149011612
560.545,1.0,9.945235779964262,0.14164727926254272
560.605,1.0,9.835213843505416,0.10000000149011612
560.645,1.0,9.67036006073985,0.10000000149011612
560.696,1.0,9.725374962120421,0.10000000149011612
560.747,1.0,9.862727859947416,0.10000000149011612
560.797,1.0,9.89012920146601,0.10000000149011612
560.847,1.0,9.75287131400158,0.10000000149011612
560.898,1.0,9.780271025767757,0.10000000149011612
560.954,1.0,9.780114612086779,0.10000000149011612
560.995,1.0,9.835154034942388,0.10000000149011612
561.045,1.0,9.752876874328487,0.10000000149011612
561.095,1.0,9.5880279140133,0.10000000149011612
561.151,1.0,9.835088773858216,0.10000000149011612
561.196,1.0,9.862500000020695,0.10000000149011612
561.249,1.0,9.890024385415018,0.10000000149011612
561.297,1.0,9.752873398963775,0.10000000149011612
561.351,1.0,9.725266887495915,0.10000000149011612
561.398,1.0,9.890061347393527,0.10000000149011612
561.453,1.0,9.780352444532845,0.10000000149011612
561.496,1.0,9.862767348045276,0.10000000149011612
561.549,1.0,9.780099146419929,0.10000000149011612
561.603,1.0,9.697509685738218,0.10000000149011612
561.649,1.0,9.807835309828322,0.10000000149011612
561.7,1.0,9.917548635912437,0.10000000149011612
561.75,1.0,9.780251482708586,0.10000000149011612
561.801,1.0,9.835171149422726,0.10000000149011612
561.853,1.0,9.862735647439129,0.10000000149011612
561.917,1.0,9.697722635066343,0.10000000149011612
561.955,1.0,9.862567507620486,0.10000000149011612
562.003,1.0,9.6430453001625,0.10000000149011612
562.057,1.0,9.862710270182125,0.10000000149011612
562.107,1.0,9.807841026369069,0.10000000149011612
562.159,1.0,9.890172130076422,0.10000000149011612
562.217,1.0,9.670336906901664,0.10000000149011612
562.259,1.0,9.780254904511903,0.10000000149011612
562.308,1.0,9.807756870819462,0.10000000149011612
562.36,1.0,9.835251354012225,0.10000000149011612
562.412,1.0,9.862714463120533,0.10000000149011612
562.46,1.0,9.972500000004139,0.10000000149011612
562.499,1.0,9.862529621107711,0.10000000149011612
562.558,1.0,9.670436211323572,0.10000000149011612
562.608,1.0,9.807970293155975,0.10000000149011612
562.663,1.0,9.698079106128878,0.10000000149011612
562.728,1.0,9.780205549361805,0.10000000149011612
562.761,1.0,9.752847191380958,0.10000000149011612
562.819,1.0,9.8900552291837,0.10000000149011612
562.862,1.0,9.862621329021122,0.10000000149011612
562.921,1.0,9.807783617679444,0.10000000149011612
562.965,1.0,9.807728834181196,0.10000000149011612
563.018,1.0,9.807856653837694,0.10000000149011612
563.064,1.0,9.697874647999804,0.10000000149011612
563.112,1.0,9.862673960998654,0.10000000149011612
563.166,1.0,9.835247855385145,0.10000000149011612
563.215,1.0,9.753084003407922,0.10000000149011612
563.262,1.0,9.807802403180135,0.10000000149011612
563.312,1.0,9.615513835557634,0.10000000149011612
563.364,1.0,9.725362893049088,0.10000000149011612
563.412,1.0,9.697886962878208,0.10000000149011612
563.463,1.0,9.835046063073808,0.10000000149011612
563.512,1.0,9.752904456833171,0.10000000149011612
563.565,1.0,9.725560134090482,0.10000000149011612
563.611,1.0,9.752952778256601,0.10000000149011612
563.663,1.0,9.697908915558623,0.10000000149011612
563.713,1.0,9.643119434391458,0.10000000149011612
563.762,1.0,9.780445385972659,0.10000000149011612
563.816,1.0,9.83528327509347,0.10000000149011612
563.867,1.0,9.780375202145013,0.10000000149011612
563.914,1.0,9.780300084335936,0.10000000149011612
563.963,1.0,9.670575021310812,0.10000000149011612
564.016,1.0,9.835315849963163,0.10000000149011612
564.064,1.0,9.862791680751576,0.10167711973190308
564.113,1.0,9.835312987677753,0.10000000149011612
564.175,1.0,9.862734542145498,0.10000000149011612
564.216,1.0,9.807796577964393,0.10000000149011612
564.269,1.0,9.917595520429312,0.10000000149011612
564.321,1.0,9.807703069287042,0.10000000149011612
564.364,1.0,9.807895678550834,0.10000000149011612
564.417,1.0,9.780322791284156,0.10000000149011612
564.464,1.0,9.642929839591185,0.10000000149011612
564.529,1.0,9.6704639888679,0.10000000149011612
564.568,1.0,9.725183765424623,0.10000000149011612
564.619,1.0,9.835236977247728,0.10000000149011612
564.669,1.0,9.862622331869272,0.10000000149011612
564.719,1.0,9.725576015996436,0.10000000149011612
564.769,1.0,9.725529591904746,0.10000000149011612
564.818,1.0,9.862752274506622,0.10000000149011612
564.872,1.0,9.752830854058265,0.10000000149011612
564.923,1.0,9.725747371382184,0.10000000149011612
564.968,1.0,9.807795303666758,0.10000000149011612
565.017,1.0,9.862657623965706,0.10000000149011612
565.068,1.0,9.807895326966213,0.10000000149011612
565.127,1.0,9.80778520512912,0.10000000149011612
565.176,1.0,9.890193414150012,0.10000000149011612
565.222,1.0,9.945000000008278,0.10000000149011612
565.271,1.0,9.807790037327342,0.10000000149011612
565.322,1.0,9.80755846173399,0.10000000149011612
565.382,1.0,9.698121124568084,0.10000000149011612
565.424,1.0,9.78031031054755,0.10000000149011612
565.476,1.0,9.91761527593351,0.10000000149011612
565.525,1.0,9.752637889215515,0.10000000149011612
565.577,1.0,9.890193659005066,0.10000000149011612
565.622,1.0,9.807806542515754,0.10000000149011612
565.672,1.0,9.91761811181075,0.10000000149011612
565.722,1.0,9.835205982666876,0.10000000149011612
565.773,1.0,9.835058158574006,0.10000000149011612
565.831,1.0,9.807773023843765,0.10000000149011612
565.871,1.0,9.807613935197393,0.10000000149011612
565.927,1.0,9.835232938598427,0.10000000149011612
565.974,1.0,9.780041273207301,0.10000000149011612
566.016,1.0,9.725517321253816,0.10000000149011612
566.072,1.0,9.86271670371708,0.10000000149011612
566.125,1.0,9.807715760440463,0.10000000149011612
566.171,1.0,9.725538707855675,0.10000000149011612
566.222,1.0,9.862668340032299,0.10000000149011612
566.281,1.0,9.725193535826273,0.10000000149011612
566.324,1.0,9.862654760252271,0.10000000149011612
566.373,1.0,9.890207741119795,0.10000000149011612
566.425,1.0,9.780411938453714,0.10000000149011612
566.482,1.0,9.780378584398164,0.10000000149011612
566.525,1.0,9.780314321257174,0.10000000149011612
566.572,1.0,9.862773559449447,0.10000000149011612
566.627,1.0,9.725313500666784,0.10000000149011612
566.682,1.0,9.642804614620076,0.10000000149011612
566.727,1.0,9.835158107802272,0.10000000149011612
566.779,1.0,9.670353864402406,0.10000000149011612
566.834,1.0,9.725201412062678,0.10000000149011612
566.878,1.0,9.835247362239492,0.10000000149011612
566.926,1.0,9.890114540420473,0.10000000149011612
566.981,1.0,9.807678766114016,0.10000000149011612
567.035,1.0,9.807742647868064,0.10000000149011612
567.081,1.0,9.752892145162654,0.10000000149011612
567.141,1.0,9.862529119662941,0.10000000149011612
567.185,1.0,9.670371620501909,0.10000000149011612
567.235,1.0,9.807540247672135,0.10000000149011612
567.292,1.0,9.752922104485332,0.10000000149011612
567.341,1.0,9.807735872744686,0.10000000149011612
567.389,1.0,9.917639406294459,0.1032489687204361
567.446,1.0,9.78040944232295,0.10000000149011612
567.495,1.0,9.890031445937025,0.10000000149011612
567.542,1.0,9.670748977383806,0.10000000149011612
567.593,1.0,9.670379079899027,0.10000000149011612
567.642,1.0,9.780424373162289,0.10000000149011612
567.695,1.0,9.807770320214331,0.10000000149011612
567.742,1.0,9.588075373135506,0.10000000149011612
567.798,1.0,9.80789415459666,0.10000000149011612
567.85,1.0,9.917684370569058,0.10000000149011612
567.896,1.0,9.752867896358172,0.10000000149011612
567.949,1.0,9.835100113869542,0.10000000149011612
567.998,1.0,9.75264453701675,0.10000000149011612
568.044,1.0,9.86270496574127,0.10000000149011612
568.096,1.0,9.807889958553844,0.10000000149011612
568.144,1.0,9.752594983474248,0.10000000149011612
568.195,1.0,9.835231341752742,0.10000000149011612
568.245,1.0,9.862562005677157,0.10000000149011612
568.297,1.0,9.835202861701449,0.10000000149011612
568.351,1.0,9.945000000008278,0.10000000149011612
568.412,1.0,9.697983891392747,0.10000000149011612
568.447,1.0,9.725279104854497,0.10000000149011612
568.497,1.0,9.670606123614643,0.10000000149011612
568.549,1.0,9.835229111545615,0.10000000149011612
568.598,1.0,9.835079075458149,0.10000000149011612
568.661,1.0,9.862696974165738,0.10000000149011612
568.698,1.0,9.862660795119073,0.10000000149011612
568.747,1.0,9.725171621288691,0.10000000149011612
568.801,1.0,9.8077309506014,0.10000000149011612
568.847,1.0,9.835188127391868,0.10000000149011612
568.907,1.0,9.890198292769492,0.10000000149011612
568.953,1.0,9.780331447596351,0.10000000149011612
569.003,1.0,9.80765562641124,0.10000000149011612
569.059,1.0,9.807756540365517,0.10000000149011612
569.101,1.0,9.917650550169249,0.10000000149011612
569.158,1.0,9.725222492238714,0.10000000149011612
569.202,1.0,9.862608257308603,0.10000000149011612
569.258,1.0,9.835177711066272,0.10000000149011612
569.301,1.0,9.752899732399317,0.10000000149011612
569.352,1.0,9.670506817723314,0.10000000149011612
569.402,1.0,9.862670807105799,0.10000000149011612
569.452,1.0,9.83530672952119,0.10000000149011612
569.503,1.0,9.807642597291204,0.10000000149011612
569.553,1.0,9.807616084958944,0.10000000149011612
569.602,1.0,9.67039681468159,0.10000000149011612
569.657,1.0,9.807867428453433,0.10000000149011612
569.702,1.0,9.697995039386054,0.10000000149011612
569.769,1.0,9.75276627033535,0.10000000149011612
569.802,1.0,9.835331612825394,0.10513699799776077
569.852,1.0,9.75275410724183,0.10000000149011612
569.903,1.0,9.780257095251645,0.10000000149011612
569.954,1.0,9.890063749170965,0.10000000149011612
570.004,1.0,9.780209933759437,0.10000000149011612
570.056,1.0,9.86268309449984,0.10000000149011612
570.101,1.0,9.697676462059219,0.10000000149011612
570.168,1.0,9.945116873561508,0.10000000149011612
570.203,1.0,9.890085291676224,0.10000000149011612
570.254,1.0,9.890029256356259,0.10000000149011612
570.303,1.0,9.835200696935257,0.10000000149011612
570.354,1.0,9.80762899565614,0.10000000149011612
570.404,1.0,9.752715047531657,0.10000000149011612
570.454,1.0,9.780432725449403,0.10000000149011612
570.504,1.0,9.780476434073515,0.10000000149011612
570.562,1.0,9.780384675165017,0.10000000149011612
570.604,1.0,9.807627921365201,0.10000000149011612
570.654,1.0,9.725249967910349,0.10000000149011612
570.707,1.0,9.780159002356232,0.10000000149011612
570.757,1.0,9.725399100677008,0.10000000149011612
570.807,1.0,9.86263086946888,0.10000000149011612
570.856,1.0,9.917611490810911,0.10000000149011612
570.908,1.0,9.917592291057938,0.10000000149011612
570.962,1.0,9.780339055404895,0.10000000149011612
571.006,1.0,9.780261991048853,0.10000000149011612
571.056,1.0,9.587920338225862,0.10000000149011612
571.108,1.0,9.780118261050019,0.10000000149011612
571.156,1.0,9.807646002972291,0.10000000149011612
571.205,1.0,9.670401445776225,0.10000000149011612
571.255,1.0,9.835037710621124,0.10000000149011612
571.305,1.0,9.835047618423898,0.10000000149011612
571.356,1.0,9.890180733303229,0.10000000149011612
571.411,1.0,9.780129764415324,0.10000000149011612
571.455,1.0,9.890084349922835,0.10000000149011612
571.51,1.0,9.807933719932205,0.10000000149011612
571.555,1.0,9.807837957143784,0.10000000149011612
571.606,1.0,9.780382114710907,0.10000000149011612
571.658,1.0,9.890109646506607,0.10000000149011612
571.708,1.0,9.780188125992815,0.10000000149011612
571.756,1.0,9.69780158566104,0.10000000149011612
571.808,1.0,9.835155082100796,0.10000000149011612
571.856,1.0,9.835163874179125,0.10000000149011612
571.909,1.0,9.835217292275694,0.10000000149011612
571.958,1.0,9.94504646398127,0.10000000149011612
572.012,1.0,9.780439053124024,0.10000000149011612
572.06,1.0,9.725273199896845,0.10000000149011612
572.107,1.0,9.752688827634685,0.10000000149011612
572.16,1.0,9.862759043255615,0.10000000149011612
572.21,1.0,9.917535151520537,0.10000000149011612
572.259,1.0,9.698071705694828,0.10000000149011612
572.311,1.0,9.807743786233996,0.10000000149011612
572.36,1.0,9.862776957224641,0.10000000149011612
572.415,1.0,9.807698777628442,0.10000000149011612
572.461,1.0,9.835141516952879,0.10000000149011612
572.51,1.0,9.752755489614275,0.10000000149011612
572.568,1.0,9.89012635137058,0.10000000149011612
572.611,1.0,9.917500000012417,0.10000000149011612
572.666,1.0,9.80770750478324,0.10000000149011612
572.713,1.0,9.752947821033498,0.10000000149011612
572.756,1.0,9.835011622164812,0.10000000149011612
572.812,1.0,9.780454493583077,0.10000000149011612
572.865,1.0,9.862825951601069,0.10000000149011612
572.912,1.0,9.835183449379272,0.10000000149011612
572.961,1.0,9.890067809965048,0.10000000149011612
573.013,1.0,9.890289985015988,0.10000000149011612
573.066,1.0,9.807883690380388,0.10000000149011612
573.114,1.0,9.780102807738714,0.10000000149011612
573.165,1.0,9.862704360340205,0.10000000149011612
573.214,1.0,9.807879579212102,0.10000000149011612
573.266,1.0,9.807803643743197,0.10000000149011612
573.314,1.0,9.753205466229055,0.10000000149011612
573.364,1.0,9.752512314874265,0.10000000149011612
573.414,1.0,9.835090902882317,0.10000000149011612
573.466,1.0,9.945005770731303,0.10000000149011612
573.513,1.0,9.835175536759198,0.10000000149011612
573.572,1.0,9.835181707288656,0.10000000149011612
573.617,1.0,9.972500000004139,0.10000000149011612
573.67,1.0,9.945000000008278,0.10000000149011612
573.723,1.0,9.835150884940392,0.10000000149011612
573.77,1.0,9.725211374647916,0.10000000149011612
573.821,1.0,9.862746458169486,0.10000000149011612
573.873,1.0,9.780331494017608,0.10000000149011612
573.923,1.0,9.807759042249785,0.10000000149011612
573.981,1.0,9.807714541442692,0.10000000149011612
574.026,1.0,9.780191346485582,0.10000000149011612
574.08,1.0,9.807739683489006,0.10000000149011612
574.124,1.0,9.78013910982344,0.10000000149011612
574.171,1.0,9.725342095933026,0.10000000149011612
574.226,1.0,9.835143626232941,0.10000000149011612
574.275,1.0,9.917575663824875,0.10000000149011612
574.327,1.0,9.697820729927884,0.10000000149011612
574.377,1.0,9.780208752945894,0.10000000149011612
574.428,1.0,9.862887566847105,0.10000000149011612
574.486,1.0,9.807732684641248,0.10000000149011612
574.526,1.0,9.697774256745147,0.10000000149011612
574.581,1.0,9.890032851116525,0.10000000149011612
574.626,1.0,9.725287695684367,0.10000000149011612
574.679,1.0,9.862687574782305,0.10000000149011612
574.729,1.0,9.72523192771607,0.10000000149011612
574.778,1.0,9.80754753663722,0.10000000149011612
574.828,1.0,9.835103852550189,0.10000000149011612
574.88,1.0,9.835332580842078,0.10000000149011612
574.933,1.0,9.670361869616642,0.10000000149011612
574.978,1.0,9.78050814591762,0.10000000149011612
575.031,1.0,9.780270456564095,0.10000000149011612
575.078,1.0,9.835141939524975,0.10000000149011612
575.124,1.0,9.75272269592517,0.10000000149011612
575.179,1.0,9.9177876189765,0.12047083675861359
575.231,1.0,9.752827528553704,0.10000000149011612
575.279,1.0,9.807700370914405,0.10000000149011612
575.329,1.0,9.862713327486482,0.10000000149011612
575.377,1.0,9.83536459122681,0.10000000149011612
575.427,1.0,9.725556696909997,0.10000000149011612
575.488,1.0,9.835307713142699,0.10000000149011612
575.536,1.0,9.752823452775678,0.10000000149011612
575.589,1.0,9.780463044159115,0.10000000149011612
575.635,1.0,9.725285959823264,0.10000000149011612
575.685,1.0,9.752866947423254,0.10000000149011612
575.733,1.0,9.725249662436545,0.10000000149011612
575.786,1.0,9.807872657788296,0.10000000149011612
575.837,1.0,9.835295466188755,0.10000000149011612
575.888,1.0,9.917740070178278,0.1080622598528862
575.945,1.0,9.780231156841749,0.10000000149011612
575.99,1.0,9.835079701638056,0.10000000149011612
576.04,1.0,9.752887748885486,0.10000000149011612
576.092,1.0,9.615355984473394,0.10000000149011612
576.139,1.0,9.725356309653984,0.10000000149011612
576.184,1.0,9.780273401923477,0.10000000149011612
576.245,1.0,9.753233099625342,0.10000000149011612
576.291,1.0,9.697804211556084,0.10000000149011612
576.349,1.0,9.835258990671072,0.10000000149011612
576.394,1.0,9.83509799219254,0.10000000149011612
576.441,1.0,9.780300467088818,0.10000000149011612
576.493,1.0,9.807602415171763,0.10000000149011612
576.543,1.0,9.780397295786274,0.10000000149011612
576.591,1.0,9.697914597143729,0.10000000149011612
576.645,1.0,9.807648768793378,0.10000000149011612
576.691,1.0,9.78020217385557,0.10000000149011612
576.74,1.0,9.835137840608756,0.10000000149011612
576.798,1.0,9.780405142820543,0.10000000149011612
576.843,1.0,9.917552300542592,0.10000000149011612
576.896,1.0,9.780233822452525,0.10000000149011612
576.943,1.0,9.835282858606014,0.10000000149011612
576.995,1.0,9.862642924259934,0.10000000149011612
577.047,1.0,9.917609652669894,0.10000000149011612
577.094,1.0,9.835491356626154,0.10143233835697174
577.147,1.0,9.643054029904306,0.10000000149011612
577.195,1.0,9.725277083822423,0.10000000149011612
577.237,1.0,9.80779157096727,0.10000000149011612
577.294,1.0,9.835129000350005,0.10000000149011612
577.343,1.0,9.835168052733772,0.10000000149011612
577.395,1.0,9.80762536968622,0.10000000149011612
577.443,1.0,9.752686941934128,0.10000000149011612
577.496,1.0,9.86262434700297,0.10000000149011612
577.544,1.0,9.78017741901179,0.10000000149011612
577.595,1.0,9.807867717908488,0.10000000149011612
577.658,1.0,9.6977607547409,0.10000000149011612
577.695,1.0,9.725543888927334,0.10000000149011612
577.744,1.0,9.697777774640256,0.10000000149011612
577.795,1.0,9.862669387439059,0.10000000149011612
577.849,1.0,9.78003638740629,0.10000000149011612
577.894,1.0,9.725280959304008,0.10000000149011612
577.949,1.0,9.835198798982633,0.10000000149011612
577.993,1.0,9.83528906736109,0.10000000149011612
578.052,1.0,9.917677227386998,0.10000000149011612
578.094,1.0,9.69785072327488,0.10000000149011612
578.144,1.0,9.862603810533054,0.10000000149011612
578.206,1.0,9.752804842135973,0.10000000149011612
578.247,1.0,9.75290689530472,0.10000000149011612
578.298,1.0,9.78031870642056,0.10000000149011612
578.354,1.0,9.807784509741598,0.10000000149011612
578.397,1.0,9.917558826713098,0.10000000149011612
578.447,1.0,9.752895656372939,0.10000000149011612
578.499,1.0,9.862543581136398,0.10000000149011612
578.548,1.0,9.807618664763869,0.10000000149011612
578.603,1.0,9.670354914499654,0.10000000149011612
578.648,1.0,9.807724295784201,0.10000000149011612
578.702,1.0,9.780407667739524,0.10000000149011612
578.75,1.0,9.697821409979628,0.10000000149011612
578.799,1.0,9.780376750686102,0.10000000149011612
578.848,1.0,9.862626968696713,0.10000000149011612
578.901,1.0,9.89008574011839,0.10000000149011612
578.951,1.0,9.752816214909156,0.10000000149011612
579.007,1.0,9.80773672155208,0.10000000149011612
579.056,1.0,9.780258452374902,0.10000000149011612
579.113,1.0,9.80765313822776,0.10000000149011612
579.169,1.0,9.917500000012417,0.10000000149011612
579.21,1.0,9.835346658382978,0.10000000149011612
579.258,1.0,9.807666205656197,0.10000000149011612
579.311,1.0,9.83524292860594,0.10000000149011612
579.352,1.0,9.72532857896553,0.10000000149011612
579.415,1.0,9.80767061168121,0.10000000149011612
579.461,1.0,9.862580188777711,0.10000000149011612
579.512,1.0,9.697890139060716,0.10000000149011612
579.561,1.0,9.862775027938188,0.10000000149011612
579.616,1.0,9.697765977266762,0.10000000149011612
579.664,1.0,9.807681250096195,0.10000000149011612
579.71,1.0,9.697861965518031,0.10000000149011612
579.77,1.0,9.752847942399482,0.10000000149011612
579.813,1.0,9.862805549924571,0.10000000149011612
579.865,1.0,9.75279141784542,0.10000000149011612
579.916,1.0,9.72547899339762,0.10000000149011612
579.963,1.0,9.807743720213573,0.10000000149011612
580.013,1.0,9.807748294373352,0.10000000149011612
580.063,1.0,9.780411007855502,0.10000000149011612
580.117,1.0,9.642755816628535,0.10000000149011612
580.173,1.0,9.725321473408904,0.10000000149011612
580.214,1.0,9.752809207534625,0.10000000149011612
580.267,1.0,9.835151327111655,0.10000000149011612
580.324,1.0,9.72512326484753,0.10000000149011612
580.363,1.0,9.862724362086091,0.10000000149011612
580.415,1.0,9.780310162136125,0.10000000149011612
580.469,1.0,9.835152862593532,0.10000000149011612
580.516,1.0,9.725509372353553,0.10000000149011612
580.566,1.0,9.862650387837656,0.10000000149011612
580.612,1.0,9.86269792734335,0.10000000149011612
580.671,1.0,9.80771302404917,0.10000000149011612
580.716,1.0,9.697635096766883,0.10000000149011612
580.774,1.0,9.917797831114795,0.12768319249153137
580.817,1.0,9.69792877820631,0.10000000149011612
580.865,1.0,9.697980390882327,0.10000000149011612
580.915,1.0,9.780359212992092,0.10000000149011612
580.968,1.0,9.835320401212407,0.10000000149011612
581.017,1.0,9.752844058680866,0.10000000149011612
581.068,1.0,9.835169260783328,0.10000000149011612
581.12,1.0,9.642775548332267,0.10000000149011612
581.171,1.0,9.862649073348278,0.10000000149011612
581.219,1.0,9.753076808195974,0.10000000149011612
581.268,1.0,9.835098951165048,0.10000000149011612
581.318,1.0,9.78027895119869,0.10000000149011612
581.373,1.0,9.780420464401443,0.10000000149011612
581.416,1.0,9.890116539204286,0.10000000149011612
581.471,1.0,9.835313192817072,0.10000000149011612
581.516,1.0,9.752691260414819,0.10000000149011612
581.566,1.0,9.835061757038865,0.10000000149011612
581.616,1.0,9.972500000004139,0.10000000149011612
581.666,1.0,9.890214037626153,0.10000000149011612
581.73,1.0,9.725595670441786,0.10495167225599289
581.766,1.0,9.698081989317304,0.10000000149011612
581.82,1.0,9.780672991586227,0.11612390726804733
581.866,1.0,9.72527543898258,0.10000000149011612
581.916,1.0,9.890074444065492,0.10000000149011612
581.971,1.0,9.780256224858265,0.10000000149011612
582.018,1.0,9.917503494769335,0.10000000149011612
582.069,1.0,9.862557755493455,0.10000000149011612
582.126,1.0,9.69775970828616,0.10000000149011612
582.169,1.0,9.615488246310916,0.10000000149011612
582.218,1.0,9.615601547848847,0.10000000149011612
582.27,1.0,9.780147695955304,0.10000000149011612
582.317,1.0,9.862751415992777,0.10000000149011612
582.369,1.0,9.835102114184863,0.10000000149011612
582.419,1.0,9.670370185520087,0.10000000149011612
582.471,1.0,9.89006680312256,0.10000000149011612
582.52,1.0,9.752881890742316,0.10000000149011612
582.57,1.0,9.807782010258071,0.10000000149011612
582.621,1.0,9.67051098615759,0.10000000149011612
582.671,1.0,9.862774396811922,0.10000000149011612
582.719,1.0,9.780506588766972,0.10000000149011612
582.772,1.0,9.835261251135833,0.10000000149011612
582.826,1.0,9.862753132358193,0.10000000149011612
582.872,1.0,9.917528363834652,0.10000000149011612
582.914,1.0,9.752822877590855,0.10000000149011612
582.971,1.0,9.780247327850924,0.10000000149011612
583.02,1.0,9.670349061613281,0.10000000149011612
583.071,1.0,9.835466263070703,0.10000000149011612
583.121,1.0,9.862726909646558,0.10000000149011612
583.17,1.0,9.80787496941371,0.10000000149011612
583.225,1.0,9.780314182241758,0.10000000149011612
583.269,1.0,9.780275682215061,0.10000000149011612
583.32,1.0,9.69779195473012,0.10000000149011612
583.376,1.0,9.752718536162542,0.10000000149011612
583.42,1.0,9.835132918258507,0.10000000149011612
583.472,1.0,9.780379931980537,0.10000000149011612
583.521,1.0,9.862580326427189,0.10000000149011612
583.572,1.0,9.7252763259742,0.10000000149011612
583.622,1.0,9.78044329078661,0.10000000149011612
583.671,1.0,9.752692136934234,0.10000000149011612
583.719,1.0,9.780088103935123,0.10000000149011612
583.77,1.0,9.697820536067915,0.10000000149011612
583.82,1.0,9.862786417454481,0.10000000149011612
583.869,1.0,9.917625266686082,0.10000000149011612
583.92,1.0,9.780263284159203,0.10000000149011612
583.97,1.0,9.807787061130835,0.10000000149011612
584.021,1.0,9.752753279378844,0.10000000149011612
584.069,1.0,9.835127822516693,0.10000000149011612
584.121,1.0,9.807780738816493,0.10000000149011612
584.17,1.0,9.780371744537518,0.10000000149011612
584.22,1.0,9.780138905035953,0.10000000149011612
584.27,1.0,9.725145904388693,0.10000000149011612
584.321,1.0,9.807688139710162,0.10000000149011612
584.37,1.0,9.780291776276297,0.10000000149011612
584.422,1.0,9.807560719942881,0.10000000149011612
584.471,1.0,9.642915712027914,0.10000000149011612
584.52,1.0,9.86282556032141,0.10000000149011612
584.57,1.0,9.835159997248816,0.10000000149011612
584.62,1.0,9.91751897285382,0.10000000149011612
584.67,1.0,9.752993869657319,0.10000000149011612
584.72,1.0,9.807730152354472,0.10000000149011612
584.77,1.0,9.780175450278653,0.10000000149011612
584.82,1.0,9.752633902844455,0.10000000149011612
584.869,1.0,9.862583446254332,0.10000000149011612
584.919,1.0,9.807883832293252,0.10000000149011612
584.969,1.0,9.725203154608607,0.10000000149011612
585.021,1.0,9.890061965005266,0.10000000149011612
585.07,1.0,9.83522423228456,0.10000000149011612
585.12,1.0,9.642723279073834,0.10000000149011612
585.17,1.0,9.807743876572285,0.10040338337421417
585.22,1.0,9.835246944054962,0.10000000149011612
585.272,1.0,9.835180336506003,0.10000000149011612
585.317,1.0,9.890185573055513,0.10000000149011612
585.372,1.0,9.752944402458768,0.10000000149011612
585.42,1.0,9.670306196808815,0.10000000149011612
585.475,1.0,9.752909538439578,0.10000000149011612
585.522,1.0,9.890174053361019,0.10000000149011612
585.57,1.0,9.862651597273846,0.10000000149011612
585.62,1.0,9.725451285433438,0.10000000149011612
585.672,1.0,9.807766971799234,0.10000000149011612
585.721,1.0,9.752625562292007,0.10000000149011612
585.77,1.0,9.890289909040762,0.10000000149011612
585.82,1.0,9.862583060604003,0.10000000149011612
585.871,1.0,9.835235143556362,0.10000000149011612
585.921,1.0,9.697935706356333,0.10000000149011612
585.971,1.0,9.752748685392241,0.10000000149011612
586.023,1.0,9.807942434048487,0.10000000149011612
586.072,1.0,9.697671805508435,0.10000000149011612
586.122,1.0,9.807750521848599,0.10000000149011612
586.172,1.0,9.862755178494586,0.10000000149011612
586.221,1.0,9.807610014681186,0.10000000149011612
586.271,1.0,9.945000000008278,0.10000000149011612
586.322,1.0,9.75293386199822,0.10000000149011612
586.373,1.0,9.83525874004182,0.10000000149011612
586.422,1.0,9.890115357935429,0.10000000149011612
586.474,1.0,9.8353583459018,0.10000000149011612
586.522,1.0,9.80785223806484,0.10000000149011612
586.571,1.0,9.752869772683415,0.10000000149011612
586.623,1.0,9.752867553279632,0.10000000149011612
586.682,1.0,9.862646157149639,0.10000000149011612
586.723,1.0,9.835182158462704,0.10000000149011612
586.773,1.0,9.807740633851951,0.10000000149011612
586.825,1.0,9.862607292706768,0.10000000149011612
586.879,1.0,9.835231799963449,0.10000000149011612
586.923,1.0,9.780242140715321,0.10000000149011612
586.974,1.0,9.807682944027086,0.10000000149011612
587.023,1.0,9.780224393846261,0.10000000149011612
587.074,1.0,9.807703443182012,0.10000000149011612
587.122,1.0,9.780394239889251,0.10000000149011612
587.174,1.0,9.890097861323092,0.10000000149011612
587.222,1.0,9.67046886995021,0.10000000149011612
587.272,1.0,9.725268349879318,0.10000000149011612
587.323,1.0,9.807905012100107,0.10000000149011612
587.379,1.0,9.86296356132047,0.10000000149011612
587.429,1.0,9.752886501927343,0.10000000149011612
587.475,1.0,9.807871904555295,0.10000000149011612
587.523,1.0,9.862676527951326,0.10000000149011612
587.572,1.0,9.725140094674297,0.10000000149011612
587.622,1.0,9.807617959049013,0.10000000149011612
587.675,1.0,9.807854182211061,0.10000000149011612
587.726,1.0,9.807782418115272,0.10000000149011612
587.776,1.0,9.725271583721042,0.10000000149011612
587.825,1.0,9.752625408561693,0.10000000149011612
587.874,1.0,9.780477801979416,0.10000000149011612
587.928,1.0,9.752778833814792,0.10000000149011612
587.975,1.0,9.752634726257789,0.10000000149011612
588.028,1.0,9.807541482233338,0.10000000149011612
588.076,1.0,9.725186433850062,0.10000000149011612
588.13,1.0,9.780371173036595,0.10000000149011612
588.18,1.0,9.835049471424686,0.10000000149011612
588.232,1.0,9.75256006134053,0.10000000149011612
588.283,1.0,9.945126691688266,0.10000000149011612
588.331,1.0,9.835265878463785,0.10000000149011612
588.381,1.0,9.698189084500902,0.10000000149011612
588.431,1.0,9.917644683747655,0.10000000149011612
588.487,1.0,9.807683536637988,0.10000000149011612
588.532,1.0,9.725399001253148,0.10000000149011612
588.584,1.0,9.8901719674675,0.10000000149011612
588.632,1.0,9.890000000016556,0.10000000149011612
588.688,1.0,9.945000000008278,0.10000000149011612
588.736,1.0,9.835266657463379,0.10000000149011612
588.785,1.0,9.890201008092198,0.10000000149011612
588.84,1.0,9.780137143801484,0.10000000149011612
588.89,1.0,9.807885852373309,0.10000000149011612
588.936,1.0,9.752634262583323,0.10000000149011612
588.986,1.0,9.725470004168649,0.10000000149011612
589.039,1.0,9.807702132438619,0.10000000149011612
589.089,1.0,9.807657852934467,0.10000000149011612
589.137,1.0,9.862681826866336,0.10000000149011612
589.187,1.0,9.67043034815126,0.10000000149011612
589.241,1.0,9.835150446473724,0.10000000149011612
589.286,1.0,9.670568829195368,0.10000000149011612
589.34,1.0,9.670407975382275,0.10000000149011612
589.389,1.0,9.752705992592706,0.10000000149011612
589.439,1.0,9.9176236383203,0.10000000149011612
589.49,1.0,9.78036725225134,0.10000000149011612
589.543,1.0,9.835267188544902,0.10000000149011612
589.592,1.0,9.89009469565418,0.10000000149011612
589.641,1.0,9.835199672997826,0.10000000149011612
589.692,1.0,9.835111831273469,0.10000000149011612
589.749,1.0,9.890246980844273,0.10000000149011612
589.806,1.0,9.670481459134155,0.10000000149011612
589.844,1.0,9.780371330678463,0.10000000149011612
589.894,1.0,9.835372734856275,0.10000000149011612
589.945,1.0,9.862732143431074,0.10000000149011612
589.995,1.0,9.8352497447696,0.10000000149011612
590.047,1.0,9.835174119451807,0.10000000149011612
590.097,1.0,9.835164104360674,0.10000000149011612
590.144,1.0,9.752977411987054,0.10000000149011612
590.2,1.0,9.697792517869837,0.10000000149011612
590.243,1.0,9.780473453675707,0.10000000149011612
590.3,1.0,9.917512614445554,0.10000000149011612
590.346,1.0,9.752755463350978,0.10000000149011612
590.395,1.0,9.862660380846096,0.10000000149011612
590.445,1.0,9.807685278687213,0.10000000149011612
590.493,1.0,9.752787951731847,0.10000000149011612
590.551,1.0,9.835125180540814,0.10000000149011612
590.594,1.0,9.780312801835437,0.10000000149011612
590.643,1.0,9.587913260691696,0.10000000149011612
590.693,1.0,9.752820345800783,0.10000000149011612
590.748,1.0,9.835242118086253,0.10000000149011612
590.795,1.0,9.725284352194931,0.10000000149011612
590.848,1.0,9.86274309379773,0.10000000149011612
590.895,1.0,9.670130985726912,0.10000000149011612
590.945,1.0,9.835154340085056,0.10000000149011612
590.997,1.0,9.890320746476451,0.10416117310523987
591.045,1.0,9.697847358158064,0.10000000149011612
591.093,1.0,9.835251428766384,0.10000000149011612
591.144,1.0,9.72527409069654,0.10000000149011612
591.195,1.0,9.725386546055477,0.10000000149011612
591.252,1.0,9.752670634703504,0.10000000149011612
591.296,1.0,9.725364851827424,0.10000000149011612
591.345,1.0,9.835056444050537,0.10000000149011612
591.396,1.0,9.835087577646805,0.10000000149011612
591.444,1.0,9.643021053427624,0.10000000149011612
591.495,1.0,9.890054505649541,0.10000000149011612
591.544,1.0,9.862752811879748,0.10000000149011612
591.594,1.0,9.807788826421731,0.10000000149011612
591.645,1.0,9.725037357500858,0.10000000149011612
591.695,1.0,9.862605246115063,0.10000000149011612
591.744,1.0,9.807605880333318,0.10000000149011612
591.794,1.0,9.835229627705283,0.10000000149011612
591.847,1.0,9.780257333835793,0.10000000149011612
591.902,1.0,9.862624989739723,0.10000000149011612
591.957,1.0,9.780451141235728,0.10000000149011612
592.002,1.0,9.753058359254565,0.10000000149011612
592.056,1.0,9.80787499902977,0.10000000149011612
592.1,1.0,9.835473522254162,0.10000000149011612
592.151,1.0,9.725336867570878,0.10000000149011612
592.208,1.0,9.752932797434429,0.10000000149011612
592.251,1.0,9.588300642950667,0.10000000149011612
592.304,1.0,9.697969688951142,0.10000000149011612
592.36,1.0,9.89016310431891,0.10000000149011612
592.402,1.0,9.83526870916701,0.10000000149011612
592.459,1.0,9.835181650850508,0.10000000149011612
592.503,1.0,9.752589414413604,0.10000000149011612
592.554,1.0,9.807705754207241,0.10000000149011612
592.596,1.0,9.6978694813326,0.10000000149011612
592.652,1.0,9.890000000016556,0.10000000149011612
592.702,1.0,9.807680661769377,0.10000000149011612
592.753,1.0,9.807779360024465,0.10000000149011612
592.802,1.0,9.917597270136078,0.10000000149011612
592.852,1.0,9.807812957507041,0.10000000149011612
592.904,1.0,9.835086018633511,0.10000000149011612
592.954,1.0,9.725620773496727,0.10000000149011612
593.004,1.0,9.917636670027342,0.10000000149011612
593.054,1.0,9.807781775564782,0.10000000149011612
593.108,1.0,9.752701714220974,0.10000000149011612
593.154,1.0,9.725469494652417,0.10000000149011612
593.205,1.0,9.86255890822245,0.10000000149011612
593.253,1.0,9.862575705059701,0.10000000149011612
593.302,1.0,9.807860760846072,0.10000000149011612
593.351,1.0,9.91757610405071,0.10000000149011612
593.402,1.0,9.780117424060073,0.10000000149011612
593.456,1.0,9.780244749494726,0.10000000149011612
593.509,1.0,9.807721064839926,0.10000000149011612
593.561,1.0,9.807636377670699,0.10000000149011612
593.605,1.0,9.61553488433775,0.10000000149011612
593.655,1.0,9.835377743964393,0.10000000149011612
593.707,1.0,9.780059857769972,0.10000000149011612
593.755,1.0,9.835010430175398,0.10000000149011612
593.806,1.0,9.807692650498616,0.10000000149011612
593.858,1.0,9.862714927953979,0.10000000149011612
593.909,1.0,9.835341176121599,0.10000000149011612
593.955,1.0,9.8627420268125,0.10000000149011612
594.008,1.0,9.807885582413938,0.10000000149011612
594.057,1.0,9.725479972259038,0.10000000149011612
594.109,1.0,9.725467203205659,0.10000000149011612
594.153,1.0,9.80773216591527,0.10000000149011612
594.204,1.0,9.89024577923119,0.10000000149011612
594.256,1.0,9.752657552373906,0.10000000149011612
594.301,1.0,9.890166968728105,0.10000000149011612
594.358,1.0,9.780249855563872,0.10000000149011612
594.407,1.0,9.780206697289314,0.10000000149011612
594.461,1.0,9.780115572487315,0.10000000149011612
594.504,1.0,9.890108086210159,0.10000000149011612
594.555,1.0,9.862765719265573,0.10000000149011612
594.617,1.0,9.725469387508928,0.10000000149011612
594.664,1.0,9.807812852764295,0.10000000149011612
594.71,1.0,9.862681856109864,0.10000000149011612
594.761,1.0,9.917813006685012,0.12153471261262894
594.81,1.0,9.890076320597695,0.10000000149011612
594.867,1.0,9.78024387817002,0.10000000149011612
594.919,1.0,9.890043238550424,0.10000000149011612
594.962,1.0,9.752859744553765,0.10000000149011612
595.01,1.0,9.917702344204816,0.10000000149011612
595.061,1.0,9.80769143462595,0.10000000149011612
595.11,1.0,9.780258834734559,0.10000000149011612
595.16,1.0,9.807701134412653,0.10000000149011612
595.218,1.0,9.86270993159463,0.10000000149011612
595.268,1.0,9.725333118500808,0.10000000149011612
595.319,1.0,9.752750903761221,0.10000000149011612
595.368,1.0,9.83500902093947,0.10000000149011612
595.417,1.0,9.89044532308148,0.12974368035793304
595.467,1.0,9.83522125157631,0.10000000149011612
595.518,1.0,9.91781611746798,0.12176921218633652
595.575,1.0,9.807997709098789,0.10000000149011612
595.618,1.0,9.835162182379928,0.10000000149011612
595.668,1.0,9.890174389278723,0.10000000149011612
595.72,1.0,9.780438420818085,0.10000000149011612
595.771,1.0,9.698002956372996,0.10000000149011612
595.818,1.0,9.945113396458328,0.10000000149011612
595.878,1.0,9.780301122036246,0.10000000149011612
595.917,1.0,9.835238145912687,0.10000000149011612
595.968,1.0,9.835214104192952,0.10000000149011612
596.021,1.0,9.972571793695291,0.12584573030471802
596.068,1.0,9.780262563957109,0.10000000149011612
596.123,1.0,9.862670021566252,0.10000000149011612
596.167,1.0,9.835302198616168,0.10000000149011612
596.229,1.0,9.75281060627765,0.10000000149011612
596.274,1.0,9.835310879949894,0.10000000149011612
596.322,1.0,9.862635793930126,0.10000000149011612
596.371,1.0,9.615287040753497,0.10000000149011612
596.428,1.0,9.725304385067687,0.10000000149011612
596.468,1.0,9.862721287314262,0.10000000149011612
596.524,1.0,9.807886128748457,0.10000000149011612
596.572,1.0,9.807857024731735,0.10000000149011612
596.623,1.0,9.780286340022252,0.10000000149011612
596.673,1.0,9.72526187368979,0.10000000149011612
596.725,1.0,9.83524203043845,0.10000000149011612
596.777,1.0,9.86278426796198,0.10016237944364548
596.824,1.0,9.725572735443711,0.10000000149011612
596.875,1.0,9.752912062841157,0.10000000149011612
596.924,1.0,9.725270959362387,0.10000000149011612
596.975,1.0,9.807763312032654,0.10000000149011612
597.024,1.0,9.753003451041877,0.10000000149011612
597.08,1.0,9.835235626892084,0.10000000149011612
597.127,1.0,9.835357933098244,0.10000000149011612
597.175,1.0,9.807821955862973,0.10000000149011612
597.231,1.0,9.86260946498563,0.10000000149011612
597.283,1.0,9.890235253257885,0.10000000149011612
597.329,1.0,9.862536301732892,0.10000000149011612
597.378,1.0,9.780302848046025,0.10000000149011612
597.427,1.0,9.890109276502496,0.10000000149011612
597.477,1.0,9.890173749108282,0.10000000149011612
597.527,1.0,9.753018380846415,0.10000000149011612
597.578,1.0,9.890214251851042,0.10000000149011612
597.628,1.0,9.698071065172552,0.10000000149011612
597.676,1.0,9.752844351881908,0.10000000149011612
597.725,1.0,10.0,10.0
597.775,1.0,9.807742208076847,0.10000000149011612
597.826,1.0,9.835283889642191,0.10000000149011612
597.88,1.0,9.807631324086753,0.10000000149011612
597.931,1.0,9.642901577821208,0.10000000149011612
597.974,1.0,9.807782937751876,0.10000000149011612
598.027,1.0,9.780428239558306,0.10000000149011612
598.08,1.0,9.890162323911985,0.10000000149011612
598.126,1.0,9.835114746209648,0.10000000149011612
598.18,1.0,9.725601516043147,0.10000000149011612
598.228,1.0,9.835265290592279,0.10000000149011612
598.279,1.0,9.72531637209985,0.10000000149011612
598.328,1.0,9.890010981385906,0.10000000149011612
598.375,1.0,9.807864231140249,0.10000000149011612
598.427,1.0,9.780115612637665,0.10000000149011612
598.476,1.0,9.917647039641937,0.10665417462587357
598.528,1.0,9.890085761249065,0.10000000149011612
598.579,1.0,9.80770150764535,0.10000000149011612
598.627,1.0,9.780516519294016,0.10000000149011612
598.678,1.0,9.72550035338435,0.10000000149011612
598.728,1.0,9.807599848405355,0.10000000149011612
598.779,1.0,9.83520892067916,0.10000000149011612
598.833,1.0,9.670268239619004,0.10000000149011612
598.877,1.0,9.780103348381818,0.10000000149011612
598.922,1.0,9.698017982703943,0.10000000149011612
598.98,1.0,9.807804751561747,0.10000000149011612
599.03,1.0,9.835159240807924,0.10000000149011612
599.078,1.0,9.917599928461843,0.10000000149011612
599.13,1.0,9.862619805729224,0.10000000149011612
599.185,1.0,9.862728755859036,0.10000000149011612
599.234,1.0,9.780163224393295,0.10000000149011612
599.293,1.0,9.560889005412658,0.10000000149011612
599.336,1.0,9.808047655969858,0.10000000149011612
599.39,1.0,9.862671596970824,0.10000000149011612
599.444,1.0,9.752753128235538,0.10000000149011612
599.487,1.0,9.917624385758407,0.10000000149011612
599.54,1.0,9.890000000016556,0.10000000149011612
599.589,1.0,9.835080677126017,0.10000000149011612
599.639,1.0,9.725298031957614,0.10000000149011612
599.689,1.0,9.862574883509014,0.10000000149011612
599.738,1.0,9.83509609233588,0.10000000149011612
599.794,1.0,9.807931046105093,0.10000000149011612
599.838,1.0,9.862742963247001,0.10000000149011612
599.888,1.0,9.642942780815066,0.10000000149011612
599.946,1.0,9.752859301823708,0.10000000149011612
599.987,1.0,9.780336721344954,0.10000000149011612
600.039,1.0,9.780271984036599,0.10000000149011612
600.089,1.0,9.78004020785706,0.10000000149011612
600.142,1.0,9.862622414425843,0.10000000149011612
600.188,1.0,9.862630603731507,0.10000000149011612
600.234,1.0,9.835117548993892,0.10000000149011612
600.287,1.0,9.890035422001448,0.10000000149011612
600.339,1.0,9.807885109053718,0.10000000149011612
600.398,1.0,9.752500000037253,0.10000000149011612
600.439,1.0,9.807764668079715,0.10000000149011612
600.491,1.0,9.807582717595828,0.10000000149011612
600.543,1.0,9.80767911846439,0.10000000149011612
600.596,1.0,9.64301602933556,0.10000000149011612
600.641,1.0,9.972500000004139,0.10000000149011612
600.691,1.0,9.862714622894096,0.10000000149011612
600.742,1.0,9.917724341588716,0.11710446327924728
600.793,1.0,9.807789697104859,0.10000000149011612
600.842,1.0,9.945125908011363,0.11972550302743912
600.891,1.0,9.808048077838288,0.10000000149011612
600.935,1.0,9.86261810970803,0.10000000149011612
600.991,1.0,9.917560266806847,0.10000000149011612
601.042,1.0,9.697792035982841,0.10000000149011612
601.091,1.0,9.780270171931221,0.10000000149011612
601.143,1.0,9.835207361396815,0.10000000149011612
601.195,1.0,9.725302694282599,0.10000000149011612
601.244,1.0,9.835393348170651,0.10000000149011612
601.298,1.0,9.807849475699994,0.10000000149011612
601.342,1.0,9.83511131418248,0.10000000149011612
601.395,1.0,9.835165272259879,0.10000000149011612
601.441,1.0,9.780233296648495,0.10000000149011612
601.495,1.0,9.83514656946063,0.10000000149011612
601.549,1.0,9.752574851260418,0.10000000149011612
601.594,1.0,9.697716607422464,0.10000000149011612
601.644,1.0,9.862708869017661,0.10000000149011612
601.697,1.0,9.78017688886159,0.10000000149011612
601.746,1.0,9.835073864936001,0.10000000149011612
601.794,1.0,9.725375847890973,0.10000000149011612
601.842,1.0,9.862650339822803,0.10000000149011612
601.892,1.0,9.890295517858531,0.10106517374515533
601.945,1.0,9.862638518483275,0.10000000149011612
601.992,1.0,9.78032194899602,0.10000000149011612
602.044,1.0,9.807861340646115,0.10000000149011612
602.097,1.0,9.780220297330784,0.10000000149011612
602.146,1.0,9.78028040099889,0.10000000149011612
602.197,1.0,9.807859491929412,0.10000000149011612
602.244,1.0,9.862733341815572,0.10000000149011612
602.299,1.0,9.670468686293397,0.10000000149011612
602.342,1.0,9.83522808311714,0.10000000149011612
602.392,1.0,9.890113799936241,0.10000000149011612
602.45,1.0,9.642857810482383,0.10000000149011612
602.501,1.0,9.945099528402919,0.10000000149011612
602.548,1.0,9.862636420027249,0.10000000149011612
602.603,1.0,9.752915662671956,0.10000000149011612
602.649,1.0,9.807704084345865,0.10000000149011612
602.701,1.0,9.642833199621075,0.10000000149011612
602.749,1.0,9.890096108408438,0.10000000149011612
602.799,1.0,9.835233899040354,0.10000000149011612
602.854,1.0,9.725064329761597,0.10000000149011612
602.9,1.0,9.752819177177217,0.10000000149011612
602.95,1.0,9.752647187871238,0.10000000149011612
603.012,1.0,9.780180376023054,0.10000000149011612
603.049,1.0,9.89020285413911,0.10000000149011612
603.102,1.0,9.72537045834793,0.10000000149011612
603.15,1.0,9.917537724537153,0.10000000149011612
603.201,1.0,9.862601373303267,0.10000000149011612
603.249,1.0,9.835250705791017,0.10000000149011612
603.309,1.0,9.725406510362195,0.10000000149011612
603.349,1.0,9.780479275683563,0.10000000149011612
603.402,1.0,9.835296604306334,0.10000000149011612
603.456,1.0,9.807854233889117,0.10000000149011612
603.504,1.0,9.807950556878414,0.10000000149011612
603.549,1.0,9.80790499260442,0.10000000149011612
603.607,1.0,9.862662888752917,0.10000000149011612
603.648,1.0,9.862543223280873,0.10000000149011612
603.708,1.0,9.835270572909051,0.10000000149011612
603.759,1.0,9.835116054366033,0.10000000149011612
603.799,1.0,9.835168642571404,0.10000000149011612
603.86,1.0,9.642756542211606,0.10000000149011612
603.899,1.0,9.725221660153734,0.10000000149011612
603.952,1.0,9.75270458517803,0.10000000149011612
604.002,1.0,9.807643118831846,0.10000000149011612
604.05,1.0,9.862618477228615,0.10000000149011612
604.101,1.0,9.862589474332829,0.10000000149011612
604.149,1.0,9.807672621082101,0.10000000149011612
604.199,1.0,9.835169502078658,0.10000000149011612
604.252,1.0,9.725334894015557,0.10000000149011612
604.302,1.0,9.83539689121147,0.10000000149011612
604.346,1.0,9.83520660476966,0.10000000149011612
604.4,1.0,9.780629935094879,0.10826972872018814
604.45,1.0,9.752898279618886,0.10000000149011612
604.503,1.0,9.807500000028975,0.10000000149011612
604.548,1.0,9.89013361055404,0.10000000149011612
604.601,1.0,9.725474999141362,0.10000000149011612
604.649,1.0,9.89019876246651,0.10000000149011612
604.7,1.0,9.697800218044884,0.10000000149011612
604.757,1.0,9.78015356041077,0.10000000149011612
604.8,1.0,9.80752847544435,0.10000000149011612
604.851,1.0,9.807655374892056,0.10000000149011612
604.899,1.0,9.725439594189327,0.10000000149011612
604.952,1.0,9.835086303224994,0.10000000149011612
604.999,1.0,9.86267329485466,0.10000000149011612
605.05,1.0,9.807565935473475,0.10000000149011612
605.105,1.0,9.752835796400905,0.10000000149011612
605.15,1.0,9.807798746021257,0.10000000149011612
605.2,1.0,9.89017743517955,0.10000000149011612
605.25,1.0,9.780149243502981,0.10000000149011612
605.31,1.0,9.890135046115352,0.10000000149011612
605.351,1.0,9.780145637918677,0.10000000149011612
605.4,1.0,9.835205827032526,0.10000000149011612
605.451,1.0,9.835296704620124,0.10000000149011612
605.504,1.0,9.807982719213598,0.10000000149011612
605.552,1.0,9.75293275869141,0.10000000149011612
605.607,1.0,9.807948366656072,0.10000000149011612
605.656,1.0,9.890084546783733,0.10000000149011612
605.707,1.0,9.807870550019045,0.10000000149011612
605.757,1.0,9.80761167284929,0.10000000149011612
605.808,1.0,9.835318049271073,0.10000000149011612
605.857,1.0,9.807805646997359,0.10000000149011612
605.905,1.0,9.780531073796253,0.10000000149011612
605.961,1.0,9.972500000004139,0.10000000149011612
606.007,1.0,9.972500000004139,0.10000000149011612
606.056,1.0,9.807815979234874,0.10000000149011612
606.106,1.0,9.78046360001382,0.10000000149011612
606.158,1.0,9.807712122963535,0.10000000149011612
606.208,1.0,9.890106620680955,0.10000000149011612
606.257,1.0,9.83536957959748,0.10000000149011612
606.317,1.0,9.835299823081328,0.10000000149011612
606.359,1.0,9.835314885775249,0.10000000149011612
606.414,1.0,9.835253300952415,0.10000000149011612
606.456,1.0,9.890137917713986,0.10000000149011612
606.512,1.0,9.69785262938175,0.10000000149011612
606.562,1.0,9.83516256854766,0.10000000149011612
606.609,1.0,9.780215156202514,0.10000000149011612
606.659,1.0,9.917710039330025,0.10000000149011612
606.711,1.0,9.752932275873091,0.10000000149011612
606.754,1.0,9.780518684722484,0.10000000149011612
606.81,1.0,9.862565450473792,0.10000000149011612
606.859,1.0,9.890045939986077,0.10000000149011612
606.909,1.0,9.780281111929153,0.10000000149011612
606.958,1.0,9.835421572749814,0.10000000149011612
607.017,1.0,9.890177283394667,0.10000000149011612
607.059,1.0,9.725532267221974,0.10000000149011612
607.108,1.0,9.835143076938888,0.10000000149011612
607.159,1.0,9.752808004079593,0.10000000149011612
607.215,1.0,9.725433320738375,0.10000000149011612
607.258,1.0,9.752704680359198,0.10000000149011612
607.308,1.0,9.862598781536024,0.10000000149011612
607.359,1.0,9.7801797836812,0.10000000149011612
607.412,1.0,9.862594356387854,0.10000000149011612
607.458,1.0,9.780221399996016,0.10000000149011612
607.51,1.0,9.807615209929645,0.10000000149011612
607.562,1.0,9.780245753501852,0.10000000149011612
607.614,1.0,9.80770613329692,0.10000000149011612
607.658,1.0,9.862559567474657,0.10000000149011612
607.706,1.0,9.780272195736567,0.10000000149011612
607.765,1.0,9.752635915349755,0.10000000149011612
607.808,1.0,9.83528166792045,0.10000000149011612
607.861,1.0,9.78003188377867,0.10000000149011612
607.909,1.0,9.835291836121016,0.10000000149011612
607.961,1.0,9.862701347242627,0.10000000149011612
608.013,1.0,9.835335226791601,0.10000000149011612
608.059,1.0,9.75275591050999,0.10000000149011612
608.109,1.0,9.725229307822882,0.10000000149011612
608.158,1.0,9.835205907291837,0.10000000149011612
608.21,1.0,9.725306334263749,0.10000000149011612
608.262,1.0,9.780232688018845,0.10000000149011612
608.313,1.0,9.835383083133234,0.10000000149011612
608.359,1.0,9.80775777803113,0.10000000149011612
608.408,1.0,9.752647450856037,0.10000000149011612
608.463,1.0,9.725386143206721,0.10000000149011612
608.513,1.0,9.835169616155326,0.10000000149011612
608.568,1.0,9.807923068561488,0.10000000149011612
608.613,1.0,9.807674399432209,0.10000000149011612
608.662,1.0,9.780254843810367,0.10000000149011612
608.711,1.0,9.72546001707928,0.10000000149011612
608.762,1.0,9.78014650332431,0.10000000149011612
608.812,1.0,9.917533183366888,0.10000000149011612
608.863,1.0,9.698020471218559,0.10000000149011612
608.917,1.0,9.83523723702464,0.10000000149011612
608.966,1.0,9.78024449656821,0.10000000149011612
609.011,1.0,9.835257249884307,0.10000000149011612
609.062,1.0,9.725487628227306,0.10000000149011612
609.116,1.0,9.807706652374732,0.10000000149011612
609.162,1.0,9.780053895297979,0.10000000149011612
609.217,1.0,9.83509780348589,0.10000000149011612
609.274,1.0,9.862784673646093,0.10000000149011612
609.312,1.0,9.862839983300203,0.10000000149011612
609.365,1.0,9.725467889155778,0.10000000149011612
609.421,1.0,9.752734609465632,0.10000000149011612
609.462,1.0,9.752925418772632,0.10000000149011612
609.514,1.0,9.835117012407217,0.10000000149011612
609.563,1.0,9.917684381972585,0.10000000149011612
609.622,1.0,9.752739578506185,0.10000000149011612
609.669,1.0,9.890105262812641,0.10000000149011612
609.712,1.0,9.862545995621218,0.10000000149011612
609.765,1.0,9.75314731200536,0.10000000149011612
609.814,1.0,9.75276079128186,0.10000000149011612
609.862,1.0,9.752619650028645,0.10000000149011612
609.918,1.0,9.835036034012834,0.10000000149011612
609.963,1.0,9.780472749513056,0.10000000149011612
610.014,1.0,9.67046481118434,0.10000000149011612
610.064,1.0,9.725282227247954,0.10000000149011612
610.116,1.0,9.752769745265445,0.10000000149011612
610.162,1.0,9.8351027727541,0.10000000149011612
610.221,1.0,9.807879495517247,0.10000000149011612
610.262,1.0,9.835047535308533,0.10000000149011612
610.313,1.0,9.807581428955826,0.10000000149011612
610.364,1.0,9.917500000012417,0.10000000149011612
610.414,1.0,9.83540126275685,0.10000000149011612
610.465,1.0,9.72509103388422,0.10000000149011612
610.512,1.0,9.807725350579453,0.10000000149011612
610.563,1.0,9.697946835205787,0.10000000149011612
610.611,1.0,9.890153672835893,0.10077972710132599
610.663,1.0,9.862815923326545,0.10000000149011612
610.712,1.0,9.917572157333295,0.10000000149011612
610.763,1.0,9.642968702109323,0.10000000149011612
610.816,1.0,9.835023907530639,0.10000000149011612
610.863,1.0,9.807763442107372,0.10000000149011612
610.919,1.0,9.780194384977221,0.10000000149011612
610.965,1.0,9.752654728479683,0.10000000149011612
611.013,1.0,9.780360303156906,0.10000000149011612
611.062,1.0,9.890000000016556,0.10000000149011612
611.111,1.0,9.86270737496929,0.10000000149011612
611.161,1.0,9.670175071764323,0.10000000149011612
611.214,1.0,9.725181627646089,0.10000000149011612
611.252,1.0,9.835182586043246,0.10000000149011612
611.312,1.0,9.69790565924098,0.10000000149011612
611.362,1.0,9.753093504181338,0.10000000149011612
611.412,1.0,9.917525527626276,0.10000000149011612
611.465,1.0,9.890044917435281,0.10000000149011612
611.513,1.0,9.835257956571876,0.10000000149011612
611.567,1.0,9.807582501611776,0.10000000149011612
611.617,1.0,9.78029078255511,0.10000000149011612
611.666,1.0,9.807874349856542,0.10000000149011612
611.723,1.0,9.69791017903222,0.10000000149011612
611.766,1.0,9.670568636101153,0.10000000149011612
611.817,1.0,9.807806990833747,0.10000000149011612
611.872,1.0,9.835174825642671,0.10000000149011612
611.917,1.0,9.890123672017621,0.10000000149011612
611.974,1.0,9.670547754876315,0.10000000149011612
612.025,1.0,9.890067147980961,0.10000000149011612
612.068,1.0,9.807779992475277,0.10000000149011612
612.119,1.0,9.78029664369921,0.10000000149011612
612.168,1.0,9.670384305446513,0.10000000149011612
612.216,1.0,9.807583221462037,0.10000000149011612
612.276,1.0,9.780497438088059,0.10000000149011612
612.318,1.0,9.835296978118519,0.10000000149011612
612.369,1.0,9.752827686857845,0.10000000149011612
612.427,1.0,9.725136072147224,0.10000000149011612
612.467,1.0,9.75270882582085,0.10000000149011612
612.518,1.0,9.780239284576641,0.10000000149011612
612.568,1.0,9.86275205651505,0.10000000149011612
612.618,1.0,9.835303590550192,0.10000000149011612
612.667,1.0,9.890167386519412,0.10000000149011612
612.718,1.0,9.862826756160292,0.10000000149011612
612.767,1.0,9.835098092051016,0.10000000149011612
612.818,1.0,9.890134114171897,0.10000000149011612
612.871,1.0,9.752750713667936,0.10000000149011612
612.917,1.0,9.835399680584668,0.10000000149011612
612.97,1.0,9.643002341294455,0.10000000149011612
613.025,1.0,9.752794151401353,0.10000000149011612
613.069,1.0,9.780255652094882,0.10000000149011612
613.12,1.0,9.807675901841787,0.10000000149011612
613.17,1.0,9.670406850137644,0.10000000149011612
613.22,1.0,9.807945659052994,0.10000000149011612
613.272,1.0,9.807646366622713,0.10000000149011612
613.32,1.0,9.725357852503658,0.10000000149011612
613.371,1.0,9.862563839285738,0.10000000149011612
613.423,1.0,9.80759606609742,0.10000000149011612
613.473,1.0,9.862593582127657,0.10000000149011612
613.52,1.0,9.780680600988369,0.10422024130821228
613.57,1.0,9.670142202782962,0.10000000149011612
613.621,1.0,9.835122930299905,0.10000000149011612
613.671,1.0,9.807902522861129,0.10000000149011612
613.726,1.0,9.8077376941012,0.10000000149011612
613.769,1.0,9.862658180110156,0.10000000149011612
613.82,1.0,9.83518341585166,0.10000000149011612
613.871,1.0,9.862688445341256,0.10000000149011612
613.92,1.0,9.725374661013484,0.10000000149011612
613.974,1.0,9.697771497298445,0.10000000149011612
614.02,1.0,9.752710711335142,0.10000000149011612
614.07,1.0,9.780170673049158,0.10000000149011612
614.121,1.0,9.615766683676176,0.10000000149011612
614.174,1.0,9.697845818495585,0.10000000149011612
614.223,1.0,9.780404249516627,0.10000000149011612
614.282,1.0,9.725520941304664,0.10000000149011612
614.328,1.0,9.75307264700532,0.10000000149011612
614.373,1.0,9.862506779510941,0.10000000149011612
614.422,1.0,9.835158766081763,0.10000000149011612
614.472,1.0,9.8351476971267,0.10000000149011612
614.531,1.0,9.807725014682445,0.10000000149011612
614.581,1.0,9.80782628800306,0.10000000149011612
614.626,1.0,9.972589588537812,0.13225187361240387
614.68,1.0,9.780353819434014,0.10000000149011612
614.727,1.0,9.91762556017687,0.10000000149011612
614.775,1.0,9.752524428959521,0.10000000149011612
614.828,1.0,9.697971240472462,0.10000000149011612
614.881,1.0,9.807924101563792,0.10000000149011612
614.935,1.0,9.890331242130035,0.10000000149011612
614.983,1.0,9.780235622223053,0.10000000149011612
615.027,1.0,9.945173728155593,0.1229204460978508
615.082,1.0,9.862696305972834,0.10000000149011612
615.126,1.0,9.862594649423327,0.10000000149011612
615.177,1.0,9.890025313095085,0.10000000149011612
615.231,1.0,9.807824946505328,0.10000000149011612
615.283,1.0,9.835258756805626,0.10000000149011612
615.327,1.0,9.862678768485784,0.10000000149011612
615.376,1.0,9.752654303672413,0.10000000149011612
615.43,1.0,9.917694526434772,0.10000000149011612
615.475,1.0,9.807821900169882,0.10000000149011612
615.53,1.0,9.780360591618551,0.10000000149011612
615.578,1.0,9.890124536533323,0.10000000149011612
615.628,1.0,9.697800900828508,0.10000000149011612
615.678,1.0,9.835306069461836,0.10000000149011612
615.727,1.0,9.807737427059974,0.10000000149011612
615.778,1.0,9.752789985885222,0.10000000149011612
615.827,1.0,9.725415745294756,0.10000000149011612
615.879,1.0,9.560442042226592,0.10000000149011612
615.934,1.0,9.780288714791338,0.10000000149011612
615.976,1.0,9.725407339715295,0.10000000149011612
616.026,1.0,9.780265512338115,0.10000000149011612
616.079,1.0,9.78025513165113,0.10000000149011612
616.129,1.0,9.835281054820452,0.10000000149011612
616.177,1.0,9.862586388364434,0.10000000149011612
616.231,1.0,9.78029140399562,0.10000000149011612
616.278,1.0,9.917500000012417,0.10000000149011612
616.33,1.0,9.697810916023123,0.10000000149011612
616.377,1.0,9.80770967087398,0.10000000149011612
616.438,1.0,9.752744336198601,0.10000000149011612
616.483,1.0,9.75297962507854,0.10000000149011612
616.533,1.0,9.725132199521694,0.10000000149011612
616.585,1.0,9.807578751651777,0.10000000149011612
616.633,1.0,9.835126547536088,0.10000000149011612
616.687,1.0,9.780162104964257,0.10000000149011612
616.74,1.0,9.670289412720336,0.10000000149011612
616.784,1.0,9.807684810190565,0.10000000149011612
616.836,1.0,9.698115155887272,0.10000000149011612
616.886,1.0,9.807948399273057,0.10000000149011612
616.937,1.0,9.83523903267665,0.10000000149011612
616.988,1.0,9.835179616055555,0.10000000149011612
617.035,1.0,9.780090566496883,0.10000000149011612
617.094,1.0,9.945050664246082,0.10000000149011612
617.135,1.0,9.725385571416053,0.10000000149011612
617.185,1.0,9.670805430081156,0.10000000149011612
617.235,1.0,9.835191940619714,0.10000000149011612
617.286,1.0,9.780286536655492,0.10000000149011612
617.341,1.0,9.780361075968377,0.10000000149011612
617.384,1.0,9.725178697001603,0.10000000149011612
617.434,1.0,9.670328795889185,0.10000000149011612
617.484,1.0,9.835389454228183,0.10000000149011612
617.535,1.0,9.752766645823916,0.10000000149011612
617.586,1.0,9.752698145972358,0.10000000149011612
617.638,1.0,9.807640043108,0.10000000149011612
617.688,1.0,9.862694419133994,0.10000000149011612
617.733,1.0,9.807593289038373,0.10000000149011612
617.785,1.0,9.8900846802733,0.10000000149011612
617.835,1.0,9.862794757862059,0.10000000149011612
617.886,1.0,9.78054381950448,0.10000000149011612
617.937,1.0,9.890385691283477,0.113525390625
617.993,1.0,9.835288329463866,0.10000000149011612
618.04,1.0,9.780289504739146,0.10000000149011612
618.084,1.0,9.643079436942935,0.10000000149011612
618.14,1.0,9.752849451597367,0.10000000149011612
618.187,1.0,9.780255342647433,0.10000000149011612
618.237,1.0,9.835406105489367,0.10000000149011612
618.287,1.0,9.86278077914483,0.10000000149011612
618.338,1.0,9.890205187019374,0.10000000149011612
618.388,1.0,9.835348625563913,0.10000000149011612
618.439,1.0,9.890103868063953,0.10000000149011612
618.49,1.0,9.807986785554224,0.10000000149011612
618.538,1.0,9.752889704373148,0.10000000149011612
618.587,1.0,9.697552969679236,0.10000000149011612
618.637,1.0,9.83513352897846,0.10000000149011612
618.688,1.0,9.670209183978537,0.10000000149011612
618.748,1.0,9.807753964865373,0.10000000149011612
618.787,1.0,9.807711880778273,0.10000000149011612
618.836,1.0,9.780184098684954,0.10000000149011612
618.891,1.0,9.862515679643385,0.10000000149011612
618.939,1.0,9.890078172936208,0.10000000149011612
618.985,1.0,9.75283765267167,0.10000000149011612
619.041,1.0,9.862720936681661,0.10000000149011612
619.089,1.0,9.862662668567564,0.10000000149011612
619.137,1.0,9.670304500332309,0.10000000149011612
619.187,1.0,9.807810597287284,0.10000000149011612
619.242,1.0,9.78041968273206,0.10000000149011612
619.287,1.0,9.752734400311278,0.10000000149011612
619.338,1.0,9.972602539675103,0.13691428303718567
619.388,1.0,9.752630046113497,0.10000000149011612
619.437,1.0,9.807617881211142,0.10000000149011612
619.494,1.0,9.890215321506064,0.10000000149011612
619.538,1.0,9.862735149036679,0.10000000149011612
619.588,1.0,9.807616694333653,0.10000000149011612
619.637,1.0,9.780498787119157,0.10000000149011612
619.687,1.0,9.890238744579255,0.10000000149011612
619.736,1.0,9.91759129712979,0.10000000149011612
619.789,1.0,9.945150220911536,0.118106909096241
619.841,1.0,9.697687802443074,0.10000000149011612
619.892,1.0,10.0,10.0
619.94,1.0,9.752797763297956,0.10000000149011612
619.99,1.0,9.670414893018703,0.10000000149011612
620.038,1.0,9.890104065359466,0.10000000149011612
620.089,1.0,9.752929169663952,0.10000000149011612
620.138,1.0,9.835144617760347,0.10000000149011612
620.19,1.0,9.862635598869787,0.10000000149011612
620.237,1.0,9.752883952918152,0.10000000149011612
620.291,1.0,9.862571264058351,0.10000000149011612
620.348,1.0,9.807792958741386,0.10000000149011612
620.387,1.0,9.835232864196103,0.10000000149011612
620.437,1.0,9.670154420286417,0.10000000149011612
620.488,1.0,9.670292248080175,0.10000000149011612
620.537,1.0,9.697831420496934,0.10000000149011612
620.587,1.0,9.69762943531904,0.10000000149011612
620.643,1.0,9.780237328737146,0.10000000149011612
620.687,1.0,9.807679816770056,0.10000000149011612
620.733,1.0,9.725313298673266,0.10000000149011612
620.785,1.0,9.86270404133118,0.10000000149011612
620.843,1.0,9.86266736417181,0.10000000149011612
620.887,1.0,9.80774795251588,0.10000000149011612
620.941,1.0,9.890000000016556,0.10000000149011612
620.99,1.0,9.698079100002845,0.10000000149011612
621.038,1.0,9.780378656999932,0.10000000149011612
621.099,1.0,9.8354172155468,0.10000000149011612
621.138,1.0,9.917594502866269,0.10000000149011612
621.189,1.0,9.807719641903208,0.10000000149011612
621.237,1.0,9.862828017688459,0.10000000149011612
621.302,1.0,9.807866395492521,0.10000000149011612
621.339,1.0,9.807684134298729,0.10000000149011612
621.397,1.0,9.780285209769175,0.10000000149011612
621.437,1.0,9.7527588310548,0.10000000149011612
621.487,1.0,9.835508810045818,0.10000000149011612
621.539,1.0,9.86269519749201,0.10000000149011612
621.59,1.0,9.752815152145923,0.10000000149011612
621.633,1.0,9.862928729711307,0.11945057660341263
621.69,1.0,9.780345385707914,0.10000000149011612
621.738,1.0,9.807883749612504,0.10000000149011612
621.79,1.0,9.80764540322125,0.10000000149011612
621.838,1.0,9.698169225433634,0.10000000149011612
621.888,1.0,9.78016206353075,0.10000000149011612
621.948,1.0,9.80783320305248,0.10000000149011612
621.991,1.0,9.862500000020695,0.10000000149011612
622.043,1.0,9.835129818009834,0.10000000149011612
622.098,1.0,9.807765848541425,0.10000000149011612
622.145,1.0,9.835123160771198,0.10000000149011612
622.193,1.0,9.83518996892704,0.10000000149011612
622.242,1.0,9.725276094964808,0.10000000149011612
622.293,1.0,9.835125996669133,0.10000000149011612
622.342,1.0,9.780295180011954,0.10000000149011612
622.394,1.0,9.835181061509584,0.10000000149011612
622.442,1.0,9.917534463376635,0.10000000149011612
622.495,1.0,9.862670131317444,0.10000000149011612
622.543,1.0,9.752722664674122,0.10000000149011612
622.593,1.0,9.725289560502603,0.10000000149011612
622.644,1.0,9.725360402154426,0.10000000149011612
622.692,1.0,9.807826592110926,0.10000000149011612
622.744,1.0,9.67028192145129,0.10000000149011612
622.792,1.0,9.72539370275206,0.10000000149011612
622.844,1.0,9.752624291119476,0.10000000149011612
622.896,1.0,9.78005030972676,0.10000000149011612
622.943,1.0,9.725511579898496,0.10000000149011612
622.994,1.0,9.780378968144456,0.10000000149011612
623.043,1.0,9.862598042127987,0.10000000149011612
623.094,1.0,9.835202893780338,0.10000000149011612
623.143,1.0,9.807515852091212,0.10000000149011612
623.198,1.0,9.807708244770765,0.10000000149011612
623.243,1.0,9.835193621450001,0.10000000149011612
623.292,1.0,9.972517565865484,0.1063237115740776
623.344,1.0,9.725730280433265,0.10000000149011612
623.393,1.0,9.725370337110427,0.10000000149011612
623.444,1.0,9.86260332674202,0.10000000149011612
623.492,1.0,9.725478187907074,0.10000000149011612
623.542,1.0,9.807808567894002,0.10000000149011612
623.592,1.0,9.725120603458748,0.10000000149011612
623.647,1.0,9.862887643256949,0.10000000149011612
623.695,1.0,9.835047106237875,0.10000000149011612
623.747,1.0,9.890125605753726,0.10000000149011612
623.792,1.0,9.643182920374803,0.10000000149011612
623.843,1.0,9.780308069102466,0.10000000149011612
623.893,1.0,9.83523408120705,0.10000000149011612
623.943,1.0,9.615561896521184,0.10000000149011612
623.995,1.0,9.862627570972675,0.10000000149011612
624.039,1.0,9.862637821129626,0.10000000149011612
624.098,1.0,9.862548349590766,0.10000000149011612
624.151,1.0,9.807695492563976,0.10000000149011612
624.192,1.0,9.72528478577733,0.10000000149011612
624.245,1.0,9.890151258516642,0.10000000149011612
624.292,1.0,9.780378517736164,0.10000000149011612
624.343,1.0,9.780317616152267,0.10000000149011612
624.393,1.0,9.807896798290312,0.10048039257526398
624.444,1.0,9.835096776899364,0.10000000149011612
624.497,1.0,9.780277909400562,0.10000000149011612
624.543,1.0,9.86255401312891,0.10000000149011612
624.595,1.0,9.697923775886496,0.10000000149011612
624.646,1.0,9.807570577040314,0.10000000149011612
624.704,1.0,9.835268129160006,0.10000000149011612
624.747,1.0,9.890059716606306,0.10000000149011612
624.802,1.0,9.78020680681285,0.10000000149011612
624.845,1.0,9.917654983802802,0.1126062422990799
624.896,1.0,9.807718286352854,0.10000000149011612
624.947,1.0,9.835314213236172,0.10000000149011612
624.995,1.0,9.890308814061184,0.10000000149011612
625.046,1.0,9.8075820400897,0.10000000149011612
625.093,1.0,9.643015871631603,0.10000000149011612
625.145,1.0,9.725540974777605,0.10000000149011612
625.195,1.0,9.83516551868783,0.10000000149011612
625.25,1.0,9.807694673331248,0.10000000149011612
625.301,1.0,9.587960056298309,0.10000000149011612
625.346,1.0,9.83533373284671,0.10000000149011612
625.396,1.0,9.807702541578974,0.10000000149011612
625.449,1.0,9.752809370081458,0.10000000149011612
625.501,1.0,9.807587122772302,0.10000000149011612
625.554,1.0,9.807694879008665,0.10000000149011612
625.599,1.0,9.807689198789497,0.10000000149011612
625.646,1.0,9.725306875424252,0.10000000149011612
625.698,1.0,9.945033654446403,0.10000000149011612
625.751,1.0,9.753101695473823,0.10000000149011612
625.795,1.0,9.80766780887627,0.10000000149011612
625.846,1.0,9.752793682118257,0.10000000149011612
625.901,1.0,9.725240830663179,0.10000000149011612
625.947,1.0,9.862590769347218,0.10000000149011612
625.998,1.0,9.862808841197856,0.10000000149011612
626.045,1.0,9.697839364926848,0.10000000149011612
626.096,1.0,9.835236442896226,0.10000000149011612
626.146,1.0,9.972621353632874,0.14368730783462524
626.196,1.0,9.862709988198347,0.10000000149011612
626.245,1.0,9.917582504037354,0.10000000149011612
626.296,1.0,9.862500000020695,0.10000000149011612
626.346,1.0,9.780329342910813,0.10000000149011612
626.396,1.0,9.835157744379508,0.10000000149011612
626.451,1.0,9.862641319094433,0.10000000149011612
626.494,1.0,9.725253729170396,0.10000000149011612
626.545,1.0,9.862500000020695,0.10000000149011612
626.596,1.0,9.69773341452496,0.10000000149011612
626.646,1.0,9.835119986202981,0.10000000149011612
626.704,1.0,9.615413861804539,0.10000000149011612
626.746,1.0,9.890030277292762,0.10000000149011612
626.796,1.0,9.862719454160995,0.10000000149011612
626.846,1.0,9.61539767007861,0.10000000149011612
626.894,1.0,9.752816050644551,0.10000000149011612
626.946,1.0,9.890049729806682,0.10000000149011612
626.998,1.0,9.807605475953055,0.10000000149011612
627.051,1.0,9.807736982198225,0.10000000149011612
627.103,1.0,9.862753341698813,0.10000000149011612
627.146,1.0,9.862795958336857,0.10000000149011612
627.196,1.0,9.862603335289492,0.10000000149011612
627.252,1.0,9.780008863802585,0.10000000149011612
627.299,1.0,9.862575249415304,0.10000000149011612
627.353,1.0,9.78011345865412,0.10000000149011612
627.396,1.0,9.862833865607778,0.10000000149011612
627.45,1.0,9.917688232556813,0.10000000149011612
627.504,1.0,9.587906987095872,0.10000000149011612
627.55,1.0,9.807983341564734,0.10000000149011612
627.601,1.0,9.835354679967795,0.10000000149011612
627.659,1.0,9.725324940950506,0.10000000149011612
627.7,1.0,9.752832657823133,0.10000000149011612
627.75,1.0,9.835161834106676,0.10000000149011612
627.8,1.0,9.78012034172813,0.10000000149011612
627.853,1.0,9.752736328707801,0.10000000149011612
627.9,1.0,9.698095809564823,0.10000000149011612
627.954,1.0,9.780354273629685,0.10000000149011612
627.998,1.0,9.725255911776589,0.10000000149011612
628.051,1.0,9.808149227893187,0.10065452009439468
628.101,1.0,9.83520576633099,0.10000000149011612
628.152,1.0,9.752719105842212,0.10000000149011612
628.2,1.0,9.697884108995398,0.10000000149011612
628.255,1.0,9.80778040662408,0.10000000149011612
628.301,1.0,9.83532056802263,0.10000000149011612
628.356,1.0,9.725744212936196,0.10000000149011612
628.403,1.0,9.752897458647688,0.10000000149011612
628.453,1.0,9.807827770834168,0.10000000149011612
628.505,1.0,9.807808842489289,0.10000000149011612
628.553,1.0,9.835137784232696,0.10000000149011612
628.604,1.0,9.862783630730377,0.10000000149011612
628.654,1.0,9.862556333198315,0.10000000149011612
628.705,1.0,9.72539594206545,0.10000000149011612
628.755,1.0,9.862597691164249,0.10000000149011612
628.802,1.0,9.69781465706312,0.10000000149011612
628.861,1.0,9.807833577195803,0.10000000149011612
628.903,1.0,9.780445672426787,0.10000000149011612
628.954,1.0,9.89004233729922,0.10000000149011612
629.007,1.0,9.807621856178674,0.10000000149011612
629.062,1.0,9.862617164374226,0.10000000149011612
629.11,1.0,9.80775907650176,0.10000000149011612
629.153,1.0,9.835190719055634,0.10000000149011612
629.201,1.0,9.835146134615773,0.10000000149011612
629.256,1.0,9.61554913295226,0.10000000149011612
629.306,1.0,9.670412932377722,0.10000000149011612
629.36,1.0,9.78004799609383,0.10000000149011612
629.404,1.0,9.780195762568878,0.10000000149011612
629.463,1.0,9.91780907197131,0.12047421932220459
629.513,1.0,9.807500000028975,0.10000000149011612
629.565,1.0,9.807721401730346,0.10000000149011612
629.608,1.0,9.752887012561162,0.10000000149011612
629.657,1.0,9.835209023931789,0.10000000149011612
629.707,1.0,9.835221346467733,0.10000000149011612
629.758,1.0,9.807895642270644,0.10000000149011612
629.818,1.0,9.752515474396448,0.10000000149011612
629.861,1.0,9.780494049357044,0.10000000149011612
629.909,1.0,9.725566686751941,0.10000000149011612
629.96,1.0,9.752780442705586,0.10000000149011612
630.009,1.0,9.78049577244868,0.10000000149011612
630.059,1.0,9.807817796886795,0.10000000149011612
630.111,1.0,9.945081289505794,0.10000000149011612
630.161,1.0,9.807684135540493,0.10000000149011612
630.215,1.0,9.697815423727864,0.10000000149011612
630.263,1.0,9.807732805775272,0.10000000149011612
630.317,1.0,9.61550779617909,0.10000000149011612
630.367,1.0,9.752808446975218,0.10000000149011612
630.415,1.0,9.9176668887544,0.10000000149011612
630.463,1.0,9.807789019826386,0.10000000149011612
630.512,1.0,9.890108451557657,0.10000000149011612
630.569,1.0,9.78018516825719,0.10000000149011612
630.611,1.0,9.862668774835765,0.10000000149011612
630.664,1.0,9.890183588676155,0.10000000149011612
630.717,1.0,9.75261657451176,0.10000000149011612
630.765,1.0,9.862613976229396,0.10000000149011612
630.813,1.0,9.72516179420054,0.10000000149011612
630.863,1.0,9.752952672623925,0.10000000149011612
630.918,1.0,9.862662632970347,0.10000000149011612
630.966,1.0,9.89012390681439,0.10000000149011612
631.015,1.0,9.91761053138309,0.10000000149011612
631.066,1.0,9.945000000008278,0.10000000149011612
631.115,1.0,9.80783742090894,0.10000000149011612
631.164,1.0,9.917605678323243,0.10000000149011612
631.216,1.0,9.835135938144392,0.10000000149011612
631.266,1.0,9.80764128062874,0.10000000149011612
631.319,1.0,9.890024667150444,0.10000000149011612
631.366,1.0,9.89010786232021,0.10000000149011612
631.421,1.0,9.8627285020012,0.10015784204006195
631.467,1.0,9.780360793177453,0.10000000149011612
631.517,1.0,9.862658149479993,0.10000000149011612
631.576,1.0,9.862774425020648,0.10000000149011612
631.626,1.0,9.697721899300813,0.10000000149011612
631.678,1.0,9.83517807473739,0.10000000149011612
631.728,1.0,9.725487231359713,0.10000000149011612
631.777,1.0,9.862673863044215,0.10000000149011612
631.828,1.0,9.890070743900207,0.10000000149011612
631.877,1.0,9.780273063066932,0.10000000149011612
631.925,1.0,9.752854553465214,0.10000000149011612
631.986,1.0,9.83533419503106,0.10000000149011612
632.027,1.0,9.75269040134218,0.10000000149011612
632.077,1.0,9.780295399059025,0.10000000149011612
632.132,1.0,9.80790459830314,0.10000000149011612
632.178,1.0,9.862556922580634,0.10000000149011612
632.231,1.0,9.75302196689364,0.10000000149011612
632.279,1.0,9.890375516460173,0.10000000149011612
632.331,1.0,9.725530205025441,0.10000000149011612
632.377,1.0,9.917552370495267,0.10000000149011612
632.429,1.0,9.890136647845308,0.10000000149011612
632.477,1.0,9.780510669760407,0.10000000149011612
632.53,1.0,9.780184745664398,0.10000000149011612
632.58,1.0,9.697877773083746,0.10000000149011612
632.634,1.0,9.835201368418833,0.10000000149011612
632.677,1.0,9.835345012901557,0.10000000149011612
632.729,1.0,9.807811743517716,0.10000000149011612
632.784,1.0,9.89013399148567,0.10000000149011612
632.831,1.0,9.697656103678876,0.10000000149011612
632.878,1.0,9.91760781870948,0.10000000149011612
632.927,1.0,9.615429952554404,0.10000000149011612
632.977,1.0,9.8625351489832,0.10000000149011612
633.027,1.0,9.862823129300441,0.10709338635206223
633.077,1.0,9.835124156996608,0.10000000149011612
633.127,1.0,9.698019212981064,0.10000000149011612
633.178,1.0,9.780410674131579,0.10000000149011612
633.23,1.0,9.890208156365487,0.10000000149011612
633.272,1.0,9.807721985462639,0.10000000149011612
633.327,1.0,9.64319472944157,0.10000000149011612
633.385,1.0,9.69806342518164,0.10000000149011612
633.435,1.0,9.83502360607187,0.10000000149011612
633.483,1.0,9.80762840014779,0.10000000149011612
633.536,1.0,9.890058255588842,0.10000000149011612
633.584,1.0,9.86270198615061,0.10000000149011612
633.637,1.0,9.89003809572508,0.10000000149011612
633.682,1.0,9.807563608595066,0.10000000149011612
633.737,1.0,9.807673734757635,0.10000000149011612
633.776,1.0,9.807627581432461,0.10000000149011612
633.831,1.0,9.752766261560222,0.10000000149011612
633.889,1.0,9.780326706688438,0.10000000149011612
633.932,1.0,9.725248765014111,0.10000000149011612
633.982,1.0,9.752760512361096,0.10000000149011612
634.032,1.0,9.725501642210617,0.10000000149011612
634.087,1.0,9.69817366693169,0.10000000149011612
634.132,1.0,9.807832779280014,0.10000000149011612
634.182,1.0,9.945141770463023,0.11527311056852341
634.233,1.0,9.752823468152847,0.10000000149011612
634.283,1.0,9.725355087158581,0.10000000149011612
634.335,1.0,9.862817987095978,0.10996803641319275
634.388,1.0,9.7805897615643,0.10000000149011612
634.445,1.0,9.752930469231472,0.10000000149011612
634.485,1.0,9.75288879149076,0.10000000149011612
634.532,1.0,9.78014788079179,0.10000000149011612
634.59,1.0,9.945207801626788,0.12769845128059387
634.639,1.0,9.890189932266043,0.10095705091953278
634.683,1.0,9.752882006578147,0.10000000149011612
634.736,1.0,9.86257702762054,0.10000000149011612
634.784,1.0,9.78044880055305,0.10000000149011612
634.84,1.0,9.780547275104457,0.10000000149011612
634.883,1.0,9.8626103501353,0.10000000149011612
634.937,1.0,9.917670387712617,0.10000000149011612
634.984,1.0,9.643037888035177,0.10000000149011612
635.031,1.0,9.862717582637238,0.10000000149011612
635.089,1.0,9.752800474853979,0.10000000149011612
635.134,1.0,9.75298425503489,0.10000000149011612
635.183,1.0,9.890186243918206,0.10728251934051514
635.234,1.0,9.835218077939418,0.10000000149011612
635.286,1.0,9.807640200667084,0.10000000149011612
635.34,1.0,9.80766060139156,0.10000000149011612
635.384,1.0,9.780117565786673,0.10000000149011612
635.433,1.0,9.780288868625131,0.10000000149011612
635.486,1.0,9.725423443379501,0.10000000149011612
635.533,1.0,9.752612749714817,0.10000000149011612
635.583,1.0,9.835310273348457,0.10000000149011612
635.634,1.0,9.752854763095577,0.10000000149011612
635.69,1.0,9.807500000028975,0.10000000149011612
635.733,1.0,9.80789401129716,0.10000000149011612
635.788,1.0,9.835311808768246,0.10000000149011612
635.834,1.0,9.862744966335594,0.10000000149011612
635.885,1.0,9.83537938652767,0.10000000149011612
635.934,1.0,9.725213607752488,0.10000000149011612
635.985,1.0,9.807982259450688,0.10000000149011612
636.033,1.0,9.835172329718867,0.10000000149011612
636.084,1.0,9.890048100406098,0.10000000149011612
636.134,1.0,9.890252654254436,0.10000000149011612
636.184,1.0,9.725125740220149,0.10000000149011612
636.238,1.0,9.83523481335077,0.10000000149011612
636.289,1.0,9.83516425482101,0.10000000149011612
636.334,1.0,9.752953068311843,0.10000000149011612
636.385,1.0,9.807700428242486,0.10000000149011612
636.44,1.0,9.862690030514367,0.10000000149011612
636.488,1.0,9.83531397672163,0.10000000149011612
636.546,1.0,9.670487735089328,0.10000000149011612
636.588,1.0,9.807809595453243,0.10000000149011612
636.64,1.0,9.890177330188454,0.10000000149011612
636.692,1.0,9.807745832515259,0.10000000149011612
636.735,1.0,9.697828718419704,0.10000000149011612
636.798,1.0,9.835435331426561,0.10000000149011612
636.842,1.0,9.807757525042527,0.10000000149011612
636.894,1.0,9.972500000004139,0.10000000149011612
636.944,1.0,9.780284598635303,0.10000000149011612
636.998,1.0,9.917601024566425,0.10000000149011612
637.043,1.0,9.697614183939166,0.10000000149011612
637.096,1.0,9.780322131328285,0.10000000149011612
637.143,1.0,9.725103572404219,0.10000000149011612
637.193,1.0,9.780147293334206,0.10000000149011612
637.243,1.0,9.75308861322701,0.10000000149011612
637.296,1.0,9.807731926627458,0.10000000149011612
637.343,1.0,9.807657927171224,0.10000000149011612
637.394,1.0,9.725251344715556,0.10000000149011612
637.443,1.0,9.725270728270212,0.10000000149011612
637.501,1.0,9.780411436946856,0.10000000149011612
637.547,1.0,9.807658034521673,0.10000000149011612
637.598,1.0,9.890172868449655,0.10000000149011612
637.651,1.0,9.780186576106482,0.10000000149011612
637.704,1.0,9.780259401765134,0.10000000149011612
637.741,1.0,9.780222884855336,0.10000000149011612
637.798,1.0,9.780522140260372,0.10000000149011612
637.848,1.0,9.725239110199942,0.10000000149011612
637.904,1.0,9.752812594299515,0.10000000149011612
637.953,1.0,9.7528117135788,0.10000000149011612
638.004,1.0,9.807697486856746,0.10000000149011612
638.052,1.0,9.917574843929874,0.10000000149011612
638.103,1.0,9.752881455173094,0.10000000149011612
638.152,1.0,9.835337504206432,0.10000000149011612
638.2,1.0,9.698021306656301,0.10000000149011612
638.256,1.0,9.752747614495457,0.10000000149011612
638.302,1.0,9.72527259791063,0.10000000149011612
638.352,1.0,9.780437749996782,0.10000000149011612
638.402,1.0,9.725085782404575,0.10000000149011612
638.454,1.0,9.86250012870878,0.10000000149011612
638.504,1.0,9.7802387850773,0.10000000149011612
638.555,1.0,9.890393048379984,0.10000000149011612
638.602,1.0,9.807678470181095,0.10000000149011612
638.653,1.0,9.917628673298491,0.10000000149011612
638.704,1.0,9.86267182468954,0.10000000149011612
638.759,1.0,9.862720828275714,0.10000000149011612
638.805,1.0,9.862715550677644,0.10000000149011612
638.856,1.0,9.89011647730238,0.10000000149011612
638.911,1.0,9.862610071338713,0.10000000149011612
638.956,1.0,9.752628792636097,0.10000000149011612
639.005,1.0,9.80770623450064,0.10000000149011612
639.059,1.0,9.86273649831613,0.10000000149011612
639.102,1.0,9.862604613477986,0.10000000149011612
639.156,1.0,9.917574613086051,0.10000000149011612
639.201,1.0,9.752604736139377,0.10000000149011612
639.256,1.0,9.780340110013883,0.10000000149011612
639.31,1.0,9.835234575490984,0.10000000149011612
639.352,1.0,9.698036147240135,0.10000000149011612
639.403,1.0,10.0,10.0
639.461,1.0,9.752887425364719,0.10000000149011612
639.503,1.0,9.807764321420755,0.10000000149011612
639.556,1.0,9.752918050065636,0.10000000149011612
639.605,1.0,9.697681690752507,0.10000000149011612
639.657,1.0,9.835342393898301,0.10000000149011612
639.705,1.0,9.807881237318119,0.10000000149011612
639.755,1.0,9.780410999183854,0.10000000149011612
639.805,1.0,9.835376659035683,0.10000000149011612
639.859,1.0,9.752901579957042,0.10000000149011612
639.904,1.0,9.752757561475866,0.10000000149011612
639.954,1.0,9.752763814313544,0.10000000149011612
640.008,1.0,9.780458138365713,0.10000000149011612
640.058,1.0,9.780417434084747,0.10000000149011612
640.108,1.0,9.835147190404435,0.10000000149011612
640.159,1.0,9.835274009696311,0.10000000149011612
640.208,1.0,9.780412675937017,0.10000000149011612
640.257,1.0,9.807799230619437,0.10000000149011612
640.309,1.0,9.917567764119141,0.10000000149011612
640.356,1.0,9.80778596368101,0.10000000149011612
640.412,1.0,9.725589669537213,0.10000000149011612
640.457,1.0,9.752721487730742,0.10000000149011612
640.509,1.0,9.890000000016556,0.10000000149011612
640.558,1.0,9.697943785124355,0.10000000149011612
640.608,1.0,9.725310724187228,0.10000000149011612
640.656,1.0,9.780364922744532,0.10000000149011612
640.708,1.0,9.698029529137743,0.10000000149011612
640.758,1.0,9.670360990427435,0.10000000149011612
640.806,1.0,9.83519506632454,0.10000000149011612
640.859,1.0,9.725319032826357,0.10000000149011612
640.906,1.0,9.725173520379597,0.10000000149011612
640.957,1.0,9.725342842253546,0.10000000149011612
641.02,1.0,9.945000000008278,0.10000000149011612
641.062,1.0,9.80785798099306,0.10000000149011612
641.11,1.0,9.780136471510762,0.10000000149011612
641.162,1.0,9.807684497390357,0.10000000149011612
641.209,1.0,9.835089498220219,0.10000000149011612
641.259,1.0,9.80804941861166,0.10000000149011612
641.309,1.0,9.807773187363313,0.10000000149011612
641.363,1.0,9.807632257975637,0.10000000149011612
641.412,1.0,9.835318605208563,0.10000000149011612
641.467,1.0,9.752782009604077,0.10000000149011612
641.51,1.0,9.890172941879266,0.10000000149011612
641.561,1.0,9.752817630022765,0.10000000149011612
641.609,1.0,9.862595913103885,0.10000000149011612
641.66,1.0,9.7802949519621,0.10000000149011612
641.706,1.0,9.917593304874996,0.10000000149011612
641.76,1.0,9.862500000020695,0.10000000149011612
641.815,1.0,9.862584096855587,0.10000000149011612
641.861,1.0,9.917500000012417,0.10000000149011612
641.912,1.0,9.780085345688793,0.10000000149011612
641.962,1.0,9.642721352477869,0.10000000149011612
642.011,1.0,9.780239773334728,0.10000000149011612
642.061,1.0,9.752843349716729,0.10000000149011612
642.11,1.0,9.807745611750418,0.10000000149011612
642.161,1.0,9.835188935469422,0.10000000149011612
642.215,1.0,9.75275666349464,0.10000000149011612
642.262,1.0,9.752864280860457,0.10000000149011612
642.317,1.0,9.752716920007433,0.10000000149011612
642.363,1.0,9.89006085904936,0.10000000149011612
642.415,1.0,9.807866664913794,0.10000000149011612
642.457,1.0,9.780101633775566,0.10000000149011612
642.512,1.0,9.807711329580181,0.10000000149011612
642.562,1.0,9.83510880617218,0.10000000149011612
642.613,1.0,9.835236854520108,0.10000000149011612
642.663,1.0,9.697902857036226,0.10000000149011612
642.716,1.0,9.752810621075332,0.10000000149011612
642.765,1.0,9.9451158143373,0.10000000149011612
642.813,1.0,9.862675556892322,0.10000000149011612
642.861,1.0,9.862521073822347,0.10000000149011612
642.92,1.0,9.835187099956803,0.10000000149011612
642.963,1.0,9.862646043362718,0.10000000149011612
643.012,1.0,9.835056797497803,0.10000000149011612
643.064,1.0,9.8627059985987,0.10000000149011612
643.119,1.0,9.780210566851828,0.10000000149011612
643.168,1.0,9.807726685475144,0.10000000149011612
643.214,1.0,9.697873350212143,0.10000000149011612
643.263,1.0,9.862534953653812,0.10000000149011612
643.317,1.0,9.862771571510368,0.10000000149011612
643.363,1.0,9.917733577493992,0.10000000149011612
643.418,1.0,9.615601200175782,0.10000000149011612
643.464,1.0,9.862756260650025,0.10000000149011612
643.517,1.0,9.80783645734191,0.10000000149011612
643.563,1.0,9.752615331858397,0.10000000149011612
643.613,1.0,9.7803584098402,0.10000000149011612
643.664,1.0,9.75270518211441,0.10000000149011612
643.712,1.0,9.862527246793938,0.10000000149011612
643.762,1.0,9.835103906546202,0.10000000149011612
643.814,1.0,9.780485982509951,0.10000000149011612
643.857,1.0,9.91752060620735,0.10000000149011612
643.913,1.0,9.862666188097663,0.10000000149011612
643.963,1.0,9.752893210781945,0.10000000149011612
644.017,1.0,9.780379076819454,0.10000000149011612
644.064,1.0,9.862748393726845,0.10000000149011612
644.115,1.0,9.890041654143069,0.10000000149011612
644.162,1.0,9.725416247422496,0.10000000149011612
644.216,1.0,9.835265053767298,0.10111168771982193
644.266,1.0,9.807611463301711,0.10000000149011612
644.318,1.0,9.697945724075867,0.10000000149011612
644.368,1.0,9.835112215930389,0.10000000149011612
644.417,1.0,9.807854005818566,0.10000000149011612
644.467,1.0,9.835068940557539,0.10000000149011612
644.517,1.0,9.725421135272416,0.10000000149011612
644.567,1.0,9.588363772609995,0.10000000149011612
644.617,1.0,9.86272683478892,0.10000000149011612
644.669,1.0,9.807655753567815,0.10000000149011612
644.718,1.0,9.917543767413331,0.10000000149011612
644.767,1.0,9.780144913059969,0.10000000149011612
644.817,1.0,9.752900012416973,0.10000000149011612
644.871,1.0,9.752689388601317,0.10000000149011612
644.918,1.0,9.807768981200125,0.10000000149011612
644.968,1.0,9.862605980162819,0.10000000149011612
645.017,1.0,9.670539538707171,0.10000000149011612
645.066,1.0,9.917502884566783,0.10000000149011612
645.118,1.0,9.752706597931683,0.10000000149011612
645.167,1.0,9.725317575575577,0.10000000149011612
645.215,1.0,9.807634101414846,0.10000000149011612
645.27,1.0,9.807777598707212,0.10000000149011612
645.317,1.0,9.807740934648448,0.10000000149011612
645.368,1.0,9.835216624269055,0.10000000149011612
645.417,1.0,9.945062988106574,0.10000000149011612
645.466,1.0,9.780332523956895,0.10000000149011612
645.521,1.0,9.80762413767063,0.10000000149011612
645.568,1.0,9.862588970094091,0.10000000149011612
645.62,1.0,9.698001536168158,0.10000000149011612
645.67,1.0,9.780410532073843,0.10000000149011612
645.721,1.0,9.862881459688975,0.10000000149011612
645.773,1.0,9.69795926945905,0.10000000149011612
645.819,1.0,9.835019788125322,0.10000000149011612
645.876,1.0,9.862702907187243,0.10000000149011612
645.919,1.0,9.807719553199908,0.10000000149011612
645.969,1.0,9.86262921831674,0.10000000149011612
646.02,1.0,9.615487454666031,0.10000000149011612
646.069,1.0,9.917619589426451,0.10000000149011612
646.122,1.0,9.725216444395482,0.10000000149011612
646.171,1.0,9.75265894126561,0.10000000149011612
646.224,1.0,9.780333463971813,0.10000000149011612
646.269,1.0,9.807862041228347,0.10000000149011612
646.322,1.0,9.615473446725971,0.10000000149011612
646.369,1.0,9.808124328756499,0.10000000149011612
646.419,1.0,9.7530016410268,0.10000000149011612
646.478,1.0,9.78009227052745,0.10000000149011612
646.524,1.0,9.807624183533092,0.10000000149011612
646.584,1.0,9.890161314523882,0.10000000149011612
646.629,1.0,9.835212119130624,0.10000000149011612
646.678,1.0,9.780300206132233,0.10000000149011612
646.73,1.0,9.835184332521425,0.10000000149011612
646.782,1.0,9.890137931228512,0.10000000149011612
646.83,1.0,9.862500000020695,0.10000000149011612
646.883,1.0,9.78009353733311,0.10000000149011612
646.934,1.0,9.80792245215012,0.1048704981803894
646.98,1.0,9.780439381094443,0.10000000149011612
647.031,1.0,9.917530972841714,0.10000000149011612
647.079,1.0,9.807577524748114,0.10000000149011612
647.13,1.0,9.862696390578316,0.10000000149011612
647.179,1.0,9.725312374884055,0.10000000149011612
647.228,1.0,9.862603648814062,0.10000000149011612
647.279,1.0,9.807819645417233,0.10000000149011612
647.328,1.0,9.917634053010907,0.10000000149011612
647.382,1.0,9.862849794928398,0.10000000149011612
647.432,1.0,9.780364484857355,0.10000000149011612
647.48,1.0,9.780110238554578,0.10000000149011612
647.529,1.0,9.725337313612302,0.10000000149011612
647.583,1.0,9.670239783078433,0.10000000149011612
647.63,1.0,9.7252591845269,0.10000000149011612
647.68,1.0,9.752774058199591,0.10000000149011612
647.717,1.0,9.917668568115268,0.10000000149011612
647.78,1.0,9.725245364714,0.10000000149011612
647.829,1.0,9.753000084931651,0.10000000149011612
647.884,1.0,9.807773672623767,0.10000000149011612
647.933,1.0,9.698005538123349,0.10000000149011612
647.982,1.0,9.807697168634169,0.10000000149011612
648.027,1.0,9.6430839340306,0.10000000149011612
648.082,1.0,9.752609900095397,0.10000000149011612
648.133,1.0,9.78004702863594,0.10000000149011612
648.181,1.0,9.752833299297425,0.10000000149011612
648.238,1.0,9.890087558970682,0.10000000149011612
648.282,1.0,9.83530629006111,0.10000000149011612
648.332,1.0,9.670547933048672,0.10000000149011612
648.382,1.0,9.807773168964518,0.10000000149011612
648.438,1.0,9.890250086329049,0.10850194841623306
648.484,1.0,9.725188715797332,0.10000000149011612
648.54,1.0,9.752678593475785,0.10000000149011612
648.583,1.0,9.835285896104242,0.10000000149011612
648.633,1.0,9.752755712531506,0.10000000149011612
648.688,1.0,9.835109222701027,0.10000000149011612
648.735,1.0,9.725425663983657,0.10000000149011612
648.784,1.0,9.780331735478507,0.10000000149011612
648.835,1.0,9.86263191482673,0.10000000149011612
648.887,1.0,9.725265823201173,0.10000000149011612
648.934,1.0,9.835335464879043,0.10000000149011612
648.986,1.0,9.835172568406495,0.10000000149011612
649.032,1.0,9.835306277229554,0.10000000149011612
649.089,1.0,9.725415528110332,0.10000000149011612
649.137,1.0,9.807654072592657,0.10000000149011612
649.188,1.0,9.807822052699825,0.10000000149011612
649.242,1.0,9.725209617552657,0.10000000149011612
649.286,1.0,9.835256543838316,0.10000000149011612
649.337,1.0,9.917600686123802,0.10000000149011612
649.39,1.0,9.752929434200956,0.10000000149011612
649.44,1.0,9.862631716227366,0.10000000149011612
649.493,1.0,9.80769456208994,0.10000000149011612
649.537,1.0,9.780375675836371,0.10000000149011612
649.594,1.0,9.753107177114321,0.10000000149011612
649.638,1.0,9.807758646272124,0.10000000149011612
649.688,1.0,9.945169550139044,0.12952692806720734
649.745,1.0,9.807641731388866,0.10000000149011612
649.796,1.0,9.835123350595435,0.10000000149011612
649.842,1.0,9.670497817028728,0.10000000149011612
649.894,1.0,9.7803134550237,0.10000000149011612
649.942,1.0,9.807645736924476,0.10000000149011612
649.996,1.0,9.945038367000718,0.10000000149011612
650.049,1.0,9.835320081085795,0.10000000149011612
650.092,1.0,9.890170002501044,0.10000000149011612
650.145,1.0,9.917551342004703,0.10000000149011612
650.195,1.0,9.862552993744611,0.10000000149011612
650.245,1.0,9.725343894379007,0.10000000149011612
650.295,1.0,9.890108732899858,0.10000000149011612
650.346,1.0,9.890105424076319,0.10000000149011612
650.397,1.0,9.752938948468202,0.10000000149011612
650.446,1.0,9.752830254596969,0.10000000149011612
650.5,1.0,9.725494568070603,0.10000000149011612
650.545,1.0,9.807500000028975,0.10000000149011612
650.597,1.0,9.835012091323733,0.10000000149011612
650.64,1.0,9.890159751123024,0.10000000149011612
650.695,1.0,9.835320203337405,0.10000000149011612
650.745,1.0,9.615467003422479,0.10000000149011612
650.795,1.0,9.917537014517519,0.10000000149011612
650.853,1.0,9.698077515843842,0.10000000149011612
650.897,1.0,9.890175916192431,0.10000000149011612
650.947,1.0,9.725318061663872,0.10000000149011612
651.001,1.0,9.807920463031365,0.10173942148685455
651.045,1.0,9.807568723687695,0.10000000149011612
651.094,1.0,9.890207794515623,0.10484759509563446
651.146,1.0,9.835067380302482,0.10000000149011612
651.2,1.0,9.725353585721718,0.10000000149011612
651.25,1.0,9.80772218271676,0.10000000149011612
651.297,1.0,9.890145764003197,0.10000000149011612
651.347,1.0,9.862697876493137,0.10000000149011612
651.398,1.0,9.835210405890312,0.10000000149011612
651.453,1.0,9.89021916958607,0.10000000149011612
651.496,1.0,9.83512098416686,0.10000000149011612
651.547,1.0,9.890272327491807,0.10908718407154083
651.597,1.0,9.807628900992373,0.10000000149011612
651.65,1.0,9.72551079309649,0.10000000149011612
651.696,1.0,9.807521321790086,0.10000000149011612
651.747,1.0,9.807764769097169,0.10000000149011612
651.799,1.0,9.780014838195509,0.10000000149011612
651.844,1.0,9.78015097791536,0.10000000149011612
651.896,1.0,9.697967718334661,0.10000000149011612
651.947,1.0,9.780099655398065,0.10000000149011612
651.997,1.0,9.67044670679089,0.10000000149011612
652.046,1.0,9.89011483753307,0.10000000149011612
652.092,1.0,9.807602992219229,0.10000000149011612
652.147,1.0,9.780318448402815,0.10000000149011612
652.194,1.0,9.780134175945488,0.10000000149011612
652.246,1.0,9.752706307483216,0.10000000149011612
652.297,1.0,9.780215540735258,0.10000000149011612
652.345,1.0,9.890123989826275,0.10000000149011612
652.396,1.0,9.808057278063561,0.10000000149011612
652.442,1.0,9.835359646938741,0.10000000149011612
652.5,1.0,9.807790242383877,0.10000000149011612
652.543,1.0,9.78045591223571,0.10000000149011612
652.597,1.0,9.72543815308147,0.10000000149011612
652.648,1.0,9.752590532580184,0.10000000149011612
652.703,1.0,9.725096646013359,0.10000000149011612
652.751,1.0,9.752997762937513,0.10000000149011612
652.801,1.0,9.78024895892789,0.10000000149011612
652.85,1.0,9.835227420222427,0.10000000149011612
652.897,1.0,9.78033084416141,0.10000000149011612
652.95,1.0,9.890165992929704,0.10000000149011612
652.998,1.0,9.642767003799479,0.10000000149011612
653.048,1.0,9.807813206232256,0.10000000149011612
653.102,1.0,9.835089476717014,0.10000000149011612
653.149,1.0,9.835333406262928,0.10000000149011612
653.197,1.0,9.80762229938474,0.10000000149011612
653.248,1.0,9.972580846564638,0.12910476326942444
653.297,1.0,9.835319602862,0.10000000149011612
653.349,1.0,9.807657360720137,0.10000000149011612
653.403,1.0,9.80763895145307,0.10000000149011612
653.449,1.0,9.835161095133259,0.10000000149011612
653.505,1.0,9.752739459027847,0.10000000149011612
653.547,1.0,9.670534895795088,0.10000000149011612
653.598,1.0,9.890066564910942,0.10000000149011612
653.648,1.0,9.670557968297766,0.10000000149011612
653.697,1.0,9.835182378316919,0.10000000149011612
653.751,1.0,9.80785519004696,0.10000000149011612
653.797,1.0,9.86250664912578,0.10000000149011612
653.846,1.0,9.698005109694268,0.10000000149011612
653.897,1.0,9.697872571336726,0.10000000149011612
653.947,1.0,9.807857039156888,0.10000000149011612
654.0,1.0,9.862772853030927,0.10000000149011612
654.051,1.0,9.725235681732496,0.10000000149011612
654.097,1.0,9.917611411006915,0.10000000149011612
654.147,1.0,9.86287597798639,0.11145232617855072
654.201,1.0,9.780243747060497,0.10000000149011612
654.246,1.0,9.780274506782492,0.10000000149011612
654.298,1.0,9.752812604068055,0.10000000149011612
654.351,1.0,9.890121364986731,0.10000000149011612
654.398,1.0,9.835083933567836,0.10000000149011612
654.447,1.0,9.862805324192676,0.10000000149011612
654.499,1.0,9.807816184250017,0.10000000149011612
654.549,1.0,9.83528049401939,0.10000000149011612
654.6,1.0,9.890116180893447,0.10000000149011612
654.648,1.0,9.752770513234038,0.10000000149011612
654.703,1.0,9.725500638907155,0.10000000149011612
654.75,1.0,9.807679441985156,0.10000000149011612
654.799,1.0,9.80774627369311,0.10000000149011612
654.854,1.0,9.780342688494258,0.10000000149011612
654.908,1.0,9.752598563478225,0.10000000149011612
654.956,1.0,9.835532843425042,0.10989101976156235
655.008,1.0,9.835219656551878,0.10000000149011612
655.059,1.0,9.780095688005288,0.10000000149011612
655.105,1.0,9.80757977966633,0.10000000149011612
655.161,1.0,9.725161444147428,0.10000000149011612
655.203,1.0,9.670391799199084,0.10000000149011612
655.255,1.0,9.780174361541867,0.10000000149011612
655.307,1.0,9.752693332379891,0.10000000149011612
655.359,1.0,9.835224060921206,0.10000000149011612
655.405,1.0,9.862645531073213,0.10000000149011612
655.456,1.0,9.917731240122682,0.11861778050661087
655.51,1.0,9.835000000024836,0.10000000149011612
655.552,1.0,9.615585300119387,0.10000000149011612
655.606,1.0,9.890127368457616,0.10000000149011612
655.658,1.0,9.862598157135977,0.10000000149011612
655.708,1.0,9.835125358568298,0.10000000149011612
655.76,1.0,9.835435267703401,0.10522042214870453
655.807,1.0,9.780322268170615,0.10000000149011612
655.856,1.0,9.835229587782589,0.10000000149011612
655.906,1.0,9.835124344378709,0.10000000149011612
655.96,1.0,9.752835886842675,0.10000000149011612
656.009,1.0,9.752798667301734,0.10000000149011612
656.06,1.0,9.725326575959722,0.10000000149011612
656.108,1.0,9.835283654907512,0.10000000149011612
656.16,1.0,9.890281592661308,0.10000000149011612
656.214,1.0,9.780048319159283,0.10000000149011612
656.262,1.0,9.807732334029343,0.10000000149011612
656.317,1.0,9.80780185425861,0.10000000149011612
656.359,1.0,9.670403737036718,0.10000000149011612
656.41,1.0,9.835276774110065,0.10000000149011612
656.461,1.0,9.835108296407594,0.10000000149011612
656.51,1.0,9.725560228630073,0.10000000149011612
656.561,1.0,9.69769888776872,0.10000000149011612
656.614,1.0,9.807714364532796,0.10000000149011612
656.66,1.0,9.917500000012417,0.10000000149011612
656.71,1.0,9.890011616423726,0.10000000149011612
656.759,1.0,9.945000000008278,0.10000000149011612
656.816,1.0,9.72526753751768,0.10000000149011612
656.858,1.0,9.835305579234328,0.10000000149011612
656.911,1.0,9.807922901771963,0.10000000149011612
656.959,1.0,9.807683740038838,0.10000000149011612
657.008,1.0,9.752745299869114,0.10000000149011612
657.06,1.0,9.83519981207533,0.10000000149011612
657.11,1.0,9.78022874744816,0.10000000149011612
657.171,1.0,9.835445599009594,0.10000000149011612
657.209,1.0,9.835075935059123,0.10000000149011612
657.27,1.0,9.835247410130169,0.10000000149011612
657.312,1.0,9.835343971682919,0.10000000149011612
657.359,1.0,9.862756421065164,0.10000000149011612
657.411,1.0,9.862607435757916,0.10000000149011612
657.464,1.0,9.807853829839992,0.10000000149011612
657.511,1.0,9.807602951406604,0.10000000149011612
657.553,1.0,9.752830138450696,0.10000000149011612
657.61,1.0,9.890220875313712,0.10000000149011612
657.661,1.0,9.752748046732611,0.10000000149011612
657.71,1.0,9.697743853843875,0.10000000149011612
657.758,1.0,9.80776607748121,0.10000000149011612
657.81,1.0,9.917622890054352,0.10000000149011612
657.86,1.0,9.780278367901014,0.10000000149011612
657.917,1.0,9.75269859549072,0.10000000149011612
657.971,1.0,9.725511293237409,0.10000000149011612
658.01,1.0,9.752981929853558,0.10000000149011612
658.063,1.0,9.890230168402194,0.10000000149011612
658.115,1.0,9.780203438715802,0.10000000149011612
658.158,1.0,9.862713091841174,0.10000000149011612
658.21,1.0,9.862679371879333,0.10000000149011612
658.261,1.0,9.945135484408173,0.12368231266736984
658.314,1.0,9.862587358512812,0.10000000149011612
658.362,1.0,9.890100415713258,0.10000000149011612
658.423,1.0,9.752770416604148,0.10000000149011612
658.463,1.0,9.890138943286406,0.10000000149011612
658.513,1.0,9.80765542236881,0.10000000149011612
658.563,1.0,9.780462756090694,0.10000000149011612
658.613,1.0,9.862902499673266,0.10110833495855331
658.66,1.0,9.670299054309726,0.10000000149011612
658.716,1.0,9.807640609496998,0.10000000149011612
658.765,1.0,9.890054739908212,0.10000000149011612
658.814,1.0,9.807859355438914,0.10000000149011612
658.866,1.0,9.780329252965748,0.10000000149011612
658.914,1.0,9.725354388211336,0.10000000149011612
658.967,1.0,9.835400550750395,0.10000000149011612
659.023,1.0,9.615492447258697,0.10000000149011612
659.071,1.0,9.862736958410178,0.10000000149011612
659.116,1.0,9.835221869415706,0.10000000149011612
659.166,1.0,9.752762559573684,0.10000000149011612
659.217,1.0,9.91770289403697,0.10333414375782013
659.268,1.0,9.780223099908067,0.10000000149011612
659.325,1.0,9.862661809701887,0.10000000149011612
659.367,1.0,9.725120126352541,0.10000000149011612
659.416,1.0,9.725238899431295,0.10000000149011612
659.472,1.0,9.670343700113396,0.10000000149011612
659.516,1.0,9.862665547658171,0.10000000149011612
659.566,1.0,9.835114604007039,0.10000000149011612
659.613,1.0,9.890082480034067,0.10000000149011612
659.666,1.0,9.890146810726987,0.10000000149011612
659.719,1.0,9.83529363748514,0.10000000149011612
659.765,1.0,9.83512517557376,0.10000000149011612
659.816,1.0,9.83530955693374,0.10000000149011612
659.87,1.0,9.807534230541851,0.10000000149011612
659.918,1.0,9.697775316879982,0.10000000149011612
659.968,1.0,9.835043630976644,0.10000000149011612
660.017,1.0,9.753014331828389,0.10000000149011612
660.066,1.0,9.807977042367888,0.10000000149011612
660.118,1.0,9.835375497883392,0.10000000149011612
660.172,1.0,9.752947443806463,0.10000000149011612
660.219,1.0,9.725063017693659,0.10000000149011612
660.27,1.0,9.752713625443478,0.10000000149011612
660.319,1.0,9.890262099210586,0.10000000149011612
660.371,1.0,9.86259171453615,0.10000000149011612
660.419,1.0,9.725618052172164,0.10000000149011612
660.468,1.0,9.890042424615887,0.10000000149011612
660.521,1.0,9.6977314018127,0.10000000149011612
660.573,1.0,9.86288956457542,0.10000000149011612
660.62,1.0,9.835000000024836,0.10000000149011612
660.669,1.0,9.6706752817043,0.10000000149011612
660.72,1.0,9.83504749784867,0.10000000149011612
660.768,1.0,9.807626865824892,0.10000000149011612
660.818,1.0,9.752695587298108,0.10000000149011612
660.869,1.0,9.752667379296488,0.10000000149011612
660.921,1.0,9.752747045022746,0.10000000149011612
660.975,1.0,9.835083372766773,0.10000000149011612
661.02,1.0,9.807830682314105,0.10000000149011612
661.071,1.0,9.642964982965754,0.10000000149011612
661.119,1.0,9.835232136853866,0.10000000149011612
661.169,1.0,9.835252933059301,0.10000000149011612
661.219,1.0,9.752819256484509,0.10000000149011612
661.27,1.0,9.862545754160319,0.10000000149011612
661.328,1.0,9.80783550147381,0.10000000149011612
661.372,1.0,9.835348622604377,0.10000000149011612
661.419,1.0,9.835212995939784,0.10000000149011612
661.471,1.0,9.890118030562169,0.10000000149011612
661.521,1.0,9.890174744774898,0.10000000149011612
661.57,1.0,9.807844604862233,0.10000000149011612
661.625,1.0,9.780332180153993,0.10000000149011612
661.669,1.0,9.72525941412896,0.10000000149011612
661.72,1.0,9.890101295171512,0.10000000149011612
661.771,1.0,9.8350207378053,0.10000000149011612
661.818,1.0,9.862528617990513,0.10000000149011612
661.873,1.0,9.917675433328583,0.1006142869591713
661.92,1.0,9.835088573934303,0.10000000149011612
661.969,1.0,9.945000000008278,0.10000000149011612
662.019,1.0,9.807564548568592,0.10000000149011612
662.069,1.0,9.890272258987856,0.10000000149011612
662.121,1.0,9.835043467353616,0.10000000149011612
662.17,1.0,9.807655256096687,0.10000000149011612
662.218,1.0,9.780076787393126,0.10000000149011612
662.269,1.0,9.807841622084378,0.10000000149011612
662.315,1.0,9.835310093706681,0.10000000149011612
662.371,1.0,9.835161787147323,0.10000000149011612
662.427,1.0,9.917500000012417,0.10000000149011612
662.469,1.0,9.807835318272312,0.10000000149011612
662.521,1.0,9.835343915700085,0.10000000149011612
662.577,1.0,9.890000000016556,0.10000000149011612
662.619,1.0,9.835327072255314,0.10000000149011612
662.668,1.0,9.725259238709178,0.10000000149011612
662.721,1.0,9.7527389516847,0.10000000149011612
662.772,1.0,9.807747859797544,0.10000000149011612
662.819,1.0,9.752652945866187,0.10000000149011612
662.87,1.0,9.808010668680073,0.10000000149011612
662.92,1.0,9.862643331827389,0.10000000149011612
662.973,1.0,9.862779836211768,0.10000000149011612
663.025,1.0,9.835297828457422,0.10000000149011612
663.075,1.0,9.780436011010574,0.10000000149011612
663.123,1.0,9.862707194748024,0.10000000149011612
663.175,1.0,9.862664034528036,0.10000000149011612
663.223,1.0,9.945204926820265,0.12626847624778748
663.275,1.0,9.835417729843822,0.10000000149011612
663.327,1.0,9.807618139187495,0.10000000149011612
663.375,1.0,9.862782268308932,0.10000000149011612
663.429,1.0,9.862780203359822,0.10000000149011612
663.474,1.0,9.89036690282325,0.12384586036205292
663.521,1.0,9.78015627625088,0.10000000149011612
663.577,1.0,9.807721354543334,0.10000000149011612
663.627,1.0,9.72535743119402,0.10000000149011612
663.676,1.0,9.807899871240888,0.10000000149011612
663.729,1.0,9.752799570788111,0.10000000149011612
663.781,1.0,9.61557099657754,0.10000000149011612
663.831,1.0,9.780078932870593,0.10000000149011612
663.884,1.0,9.780119566371043,0.10000000149011612
663.926,1.0,9.643133427658015,0.10000000149011612
663.974,1.0,9.588261948091288,0.10000000149011612
664.024,1.0,9.725271742107967,0.10000000149011612
664.077,1.0,9.807785780810647,0.10000000149011612
664.13,1.0,9.835589322137336,0.10000000149011612
664.175,1.0,9.835067781557639,0.10000000149011612
664.226,1.0,9.725231289656627,0.10000000149011612
664.275,1.0,9.862812911180987,0.10000000149011612
664.326,1.0,9.58792972792354,0.10000000149011612
664.379,1.0,9.862500000020695,0.10000000149011612
664.427,1.0,9.725203660192589,0.10000000149011612
664.475,1.0,9.835079597019487,0.10000000149011612
664.531,1.0,9.80765387504879,0.10000000149011612
664.581,1.0,9.752843232307997,0.10000000149011612
664.629,1.0,9.94512492523839,0.10000000149011612
664.679,1.0,9.862638934805162,0.10000000149011612
664.718,1.0,9.725349120485285,0.10000000149011612
664.782,1.0,9.83517193020218,0.10000000149011612
664.822,1.0,9.890087470060422,0.10000000149011612
664.879,1.0,9.807677730628185,0.10000000149011612
664.938,1.0,9.78053551123788,0.10000000149011612
664.981,1.0,9.72515695206821,0.10000000149011612
665.029,1.0,9.780332035571337,0.10000000149011612
665.079,1.0,9.917500000012417,0.10000000149011612
665.131,1.0,9.83533519262241,0.10000000149011612
665.172,1.0,9.78031478230324,0.10000000149011612
665.229,1.0,9.835121723864642,0.10000000149011612
665.278,1.0,9.72532569606685,0.10000000149011612
665.331,1.0,9.862718786588973,0.10000000149011612
665.38,1.0,9.807858258568578,0.10000000149011612
665.429,1.0,9.643142693551878,0.10000000149011612
665.479,1.0,9.780108756158088,0.10000000149011612
665.531,1.0,9.917559233080182,0.10000000149011612
665.579,1.0,9.835228623801635,0.10000000149011612
665.632,1.0,9.83538740535991,0.10000000149011612
665.68,1.0,9.835441474637223,0.10000000149011612
665.731,1.0,9.890119454864827,0.10000000149011612
665.783,1.0,9.890138403636714,0.10000000149011612
665.83,1.0,9.83519724977927,0.10000000149011612
665.881,1.0,9.835277511531281,0.10000000149011612
665.926,1.0,9.780559029575024,0.10000000149011612
665.981,1.0,9.72520807294382,0.10000000149011612
666.03,1.0,9.807741469579438,0.10000000149011612
666.08,1.0,9.807791868659358,0.10000000149011612
666.129,1.0,9.532970341626141,0.10000000149011612
666.187,1.0,9.807500000028975,0.10000000149011612
666.23,1.0,9.835130702642102,0.10000000149011612
666.284,1.0,9.75272747847355,0.10000000149011612
666.331,1.0,9.807631642971602,0.10000000149011612
666.372,1.0,9.835518889356818,0.10831854492425919
666.443,1.0,9.807805138474537,0.10000000149011612
666.483,1.0,9.697812546748255,0.10000000149011612
666.53,1.0,9.862774870668849,0.10000000149011612
666.582,1.0,9.862636828236282,0.10000000149011612
666.634,1.0,9.752632588644822,0.10000000149011612
666.689,1.0,9.75290366916193,0.10000000149011612
666.73,1.0,9.780493373320335,0.10000000149011612
666.783,1.0,9.725320391398338,0.10000000149011612
666.831,1.0,9.835106843275328,0.10000000149011612
666.882,1.0,9.83533575437549,0.10000000149011612
666.932,1.0,9.807667066798443,0.10000000149011612
666.984,1.0,9.780366650782526,0.10000000149011612
667.039,1.0,9.780128740581373,0.10000000149011612
667.081,1.0,9.890000000016556,0.10000000149011612
667.133,1.0,9.642921255591014,0.10000000149011612
667.181,1.0,9.917500000012417,0.10000000149011612
667.235,1.0,9.835164212042258,0.10000000149011612
667.287,1.0,9.807749367526007,0.10000000149011612
667.335,1.0,9.697756759387751,0.10000000149011612
667.385,1.0,9.890081976333427,0.10000000149011612
667.435,1.0,9.835014862091176,0.10000000149011612
667.488,1.0,9.862635845277044,0.10000000149011612
667.541,1.0,9.807695650474892,0.10000000149011612
667.589,1.0,9.835329293335478,0.10000000149011612
667.64,1.0,9.615616511739791,0.10000000149011612
667.691,1.0,9.83513957425538,0.10000000149011612
667.737,1.0,9.80777326402151,0.10000000149011612
667.788,1.0,9.75275440149837,0.10000000149011612
667.843,1.0,9.642725791906317,0.10000000149011612
667.892,1.0,9.890139989058177,0.10000000149011612
667.937,1.0,9.725245595371558,0.10000000149011612
667.987,1.0,9.752697064210142,0.10000000149011612
668.037,1.0,9.862500000020695,0.10000000149011612
668.094,1.0,9.80773888517999,0.10000000149011612
668.139,1.0,9.752964011807409,0.10000000149011612
668.191,1.0,9.725307786506082,0.10000000149011612
668.238,1.0,9.835373592997591,0.10000000149011612
668.287,1.0,9.697841643976668,0.10000000149011612
668.341,1.0,9.725273443737791,0.10000000149011612
668.388,1.0,9.78020928994649,0.10000000149011612
668.442,1.0,9.83508690258281,0.10000000149011612
668.494,1.0,9.86257809802062,0.10000000149011612
668.539,1.0,9.752602361142635,0.10000000149011612
668.587,1.0,9.862750477612847,0.10000000149011612
668.643,1.0,9.862700930589604,0.10000000149011612
668.712,1.0,9.780216668008102,0.10000000149011612
668.728,1.0,9.780306118043761,0.10000000149011612
668.788,1.0,9.890000000016556,0.10000000149011612
668.841,1.0,9.642816685326398,0.10000000149011612
668.888,1.0,9.807780136995845,0.10000000149011612
668.939,1.0,9.807706276368764,0.10000000149011612
668.991,1.0,9.862691336290704,0.10000000149011612
669.041,1.0,9.725268478898538,0.10000000149011612
669.092,1.0,9.835026613974737,0.10000000149011612
669.136,1.0,9.890062462269432,0.10000000149011612
669.189,1.0,9.725308754357199,0.10000000149011612
669.239,1.0,9.862718105626604,0.10000000149011612
669.296,1.0,9.835174088863035,0.10000000149011612
669.336,1.0,9.890142911838161,0.10000000149011612
669.387,1.0,9.862585404101345,0.10000000149011612
669.438,1.0,9.890082259910802,0.10000000149011612
669.487,1.0,9.8900212518043,0.10000000149011612
669.54,1.0,9.807528310952087,0.10000000149011612
669.587,1.0,9.862678137152558,0.10000000149011612
669.643,1.0,9.780256373145514,0.10000000149011612
669.694,1.0,9.780160866677761,0.10000000149011612
669.742,1.0,9.917560356048247,0.10000000149011612
669.791,1.0,9.835199903262158,0.10000000149011612
669.841,1.0,9.807738626210226,0.10000000149011612
669.89,1.0,9.835084863669342,0.10000000149011612
669.941,1.0,9.807697225879464,0.10000000149011612
669.995,1.0,9.835284957807097,0.10000000149011612
670.047,1.0,9.69796334128413,0.10000000149011612
670.094,1.0,9.807989911776449,0.10000000149011612
