Timestamp,Valid Ratio,Mean Range,Min Range
0.437,1.0,9.862662581623429,0.10000000149011612
0.486,1.0,9.862701559335822,0.10000000149011612
0.536,1.0,9.917579020042385,0.10000000149011612
0.586,1.0,9.780338367136816,0.10000000149011612
0.637,1.0,9.780312294864821,0.10000000149011612
0.686,1.0,9.835144266403384,0.10000000149011612
0.736,1.0,9.862778955428965,0.10000000149011612
0.787,1.0,9.835281266292764,0.10000000149011612
0.836,1.0,9.890162861636943,0.10000000149011612
0.886,1.0,9.835234739279581,0.10000000149011612
0.936,1.0,9.835306403040885,0.10000000149011612
0.987,1.0,9.890000000016556,0.10000000149011612
1.036,1.0,9.752719356740515,0.10000000149011612
1.086,1.0,9.890035303806265,0.10000000149011612
1.1360000000000001,1.0,9.780207971483469,0.10000000149011612
1.187,1.0,9.670465977676212,0.10000000149011612
1.236,1.0,9.780191345078249,0.10000000149011612
1.287,1.0,9.780264185617368,0.10000000149011612
1.336,1.0,9.807647189787692,0.10000000149011612
1.3860000000000001,1.0,9.807737834917175,0.10000000149011612
1.436,1.0,9.86277314633545,0.10000000149011612
1.486,1.0,9.75302556809038,0.10000000149011612
1.536,1.0,9.75297623783764,0.10000000149011612
1.587,1.0,9.807851736764942,0.10000000149011612
1.6360000000000001,1.0,9.835368728616999,0.10000000149011612
1.686,1.0,9.862683952082362,0.10000000149011612
1.736,1.0,9.807827698977457,0.10000000149011612
1.787,1.0,9.835269443587297,0.10000000149011612
1.8359999999999999,1.0,9.835051957559255,0.10000000149011612
1.8860000000000001,1.0,9.725114161231451,0.10000000149011612
1.936,1.0,9.78005217216495,0.10000000149011612
1.987,1.0,9.83526492367188,0.10000000149011612
2.038,1.0,9.835143130231234,0.10000000149011612
2.088,1.0,9.752791636313,0.10000000149011612
2.137,1.0,9.835286321428915,0.10000000149011612
2.186,1.0,9.835328106188939,0.10000000149011612
2.237,1.0,9.670209448184405,0.10000000149011612
2.289,1.0,9.80781594928768,0.10000000149011612
2.34,1.0,9.807831154060032,0.10000000149011612
2.399,1.0,9.670352486624486,0.10000000149011612
2.447,1.0,9.807921849211885,0.10000000149011612
2.499,1.0,9.862785355332825,0.10000000149011612
2.5460000000000003,1.0,9.752994399041766,0.10000000149011612
2.596,1.0,9.890103018925421,0.10000000149011612
2.645,1.0,9.75270747254706,0.10000000149011612
2.698,1.0,9.80788282027675,0.10000000149011612
2.75,1.0,9.835311726687683,0.10000000149011612
2.8,1.0,9.697803901591234,0.10000000149011612
2.848,1.0,9.752655400501357,0.10000000149011612
2.898,1.0,9.835216816059416,0.10000000149011612
2.951,1.0,9.753032106761303,0.10000000149011612
3.001,1.0,9.698146133683622,0.10000000149011612
3.049,1.0,9.670468286797405,0.10000000149011612
3.102,1.0,9.780427190495862,0.10000000149011612
3.16,1.0,9.862622137326333,0.10000000149011612
3.202,1.0,9.835204379881421,0.10000000149011612
3.2560000000000002,1.0,9.78017318437083,0.10000000149011612
3.305,1.0,9.80759377427813,0.10000000149011612
3.3529999999999998,1.0,9.862753269055652,0.10000000149011612
3.408,1.0,9.780150023392505,0.10000000149011612
3.454,1.0,9.807608612067998,0.10000000149011612
3.503,1.0,9.780055498228306,0.10000000149011612
3.555,1.0,9.83518733193891,0.10000000149011612
3.604,1.0,9.807801420779692,0.10000000149011612
3.664,1.0,9.807872164311508,0.10000000149011612
3.7039999999999997,1.0,9.752791961282492,0.10000000149011612
3.759,1.0,9.807830499174694,0.10000000149011612
3.806,1.0,9.72535695390155,0.10000000149011612
3.8609999999999998,1.0,9.83510627951473,0.10000000149011612
3.906,1.0,9.94507211221175,0.10000000149011612
3.958,1.0,9.75264084165295,0.10000000149011612
4.011,1.0,9.807865793444217,0.10000000149011612
4.055,1.0,9.83526657830096,0.10000000149011612
4.107,1.0,9.807900865976181,0.10000000149011612
4.156,1.0,9.752780512078768,0.10000000149011612
4.207,1.0,9.752699581595758,0.10000000149011612
4.2620000000000005,1.0,9.780164124195775,0.10000000149011612
4.309,1.0,9.94506205647356,0.10000000149011612
4.361,1.0,9.862587220345935,0.10000000149011612
4.416,1.0,9.83518343936238,0.10000000149011612
4.46,1.0,9.75272696804669,0.10000000149011612
4.509,1.0,9.780648284239902,0.10000000149011612
4.559,1.0,9.725330995995964,0.10000000149011612
4.611,1.0,9.89015967603773,0.10000000149011612
4.673,1.0,9.917521845901177,0.10000000149011612
4.717,1.0,9.807689276917113,0.10000000149011612
4.766,1.0,9.752781542970075,0.10000000149011612
4.818,1.0,9.862873810177875,0.10000000149011612
4.867,1.0,9.807978067898915,0.10000000149011612
4.916,1.0,9.89006024270008,0.10000000149011612
4.966,1.0,9.807866230669122,0.10000000149011612
5.022,1.0,9.890054373525912,0.10000000149011612
5.067,1.0,9.752817240978281,0.10000000149011612
5.126,1.0,9.807619113909702,0.10000000149011612
5.174,1.0,9.725537246175938,0.10000000149011612
5.227,1.0,9.890062906758653,0.10000000149011612
5.271,1.0,9.862544489714006,0.10000000149011612
5.321,1.0,9.752856656888293,0.10000000149011612
5.372,1.0,9.780366302716235,0.10000000149011612
5.422,1.0,9.78018409355233,0.10000000149011612
5.477,1.0,9.697825855823854,0.10000000149011612
5.521,1.0,9.890063790956305,0.10000000149011612
5.57,1.0,9.862627885159519,0.10000000149011612
5.623,1.0,9.862631154515677,0.10000000149011612
5.671,1.0,9.890132592142455,0.10000000149011612
5.723,1.0,9.780129908791018,0.10000000149011612
5.786,1.0,9.862677951260574,0.10000000149011612
5.821,1.0,9.835106227319274,0.10000000149011612
5.872,1.0,9.780234372326069,0.10000000149011612
5.928,1.0,9.86270193575571,0.10000000149011612
5.9719999999999995,1.0,9.86271170537091,0.10000000149011612
6.024,1.0,9.752827473212447,0.10000000149011612
6.075,1.0,9.835273426026106,0.10000000149011612
6.124,1.0,9.917678853600389,0.10000000149011612
6.176,1.0,9.89021129173537,0.10000000149011612
6.227,1.0,9.752780329539544,0.10000000149011612
6.275,1.0,9.752966582671636,0.10000000149011612
6.326,1.0,9.80773922952099,0.10000000149011612
6.375,1.0,9.697972828894853,0.10000000149011612
6.428,1.0,9.945026123772065,0.10000000149011612
6.485,1.0,9.862767452829415,0.10000000149011612
6.527,1.0,9.890064620412886,0.10000000149011612
6.5809999999999995,1.0,9.890112141623264,0.10000000149011612
6.627,1.0,9.862709920232495,0.10000000149011612
6.68,1.0,9.780093277473416,0.10000000149011612
6.727,1.0,9.862587999159263,0.10000000149011612
6.777,1.0,9.862685416349107,0.10000000149011612
6.83,1.0,9.807857503079706,0.10000000149011612
6.877,1.0,9.890190878883004,0.10000000149011612
6.927,1.0,9.725329145830539,0.10000000149011612
6.98,1.0,9.725461445541846,0.10000000149011612
7.028,1.0,9.835277229671677,0.10000000149011612
7.079,1.0,9.78016089886013,0.10000000149011612
7.127,1.0,9.725183545839455,0.10000000149011612
7.179,1.0,9.807703829846448,0.10000000149011612
7.233,1.0,9.807816692524487,0.10000000149011612
7.2780000000000005,1.0,9.807688827543624,0.10000000149011612
7.335,1.0,9.780214726200533,0.10000000149011612
7.377,1.0,9.89024184010923,0.10000000149011612
7.429,1.0,9.890196510859662,0.10000000149011612
7.479,1.0,9.61544080031001,0.10000000149011612
7.527,1.0,9.91757233949999,0.10000000149011612
7.577,1.0,9.89017215207633,0.10000000149011612
7.627,1.0,9.698029077487687,0.10000000149011612
7.68,1.0,9.835326665246653,0.10000000149011612
7.73,1.0,9.80766274612397,0.10000000149011612
7.777,1.0,9.862721268191105,0.10000000149011612
7.832,1.0,9.670344226455523,0.10000000149011612
7.878,1.0,9.917672562143869,0.10000000149011612
7.93,1.0,9.725437549046344,0.10000000149011612
7.98,1.0,9.807516906244887,0.10000000149011612
8.033,1.0,9.72523883148614,0.10000000149011612
8.079,1.0,9.643077221843932,0.10000000149011612
8.132,1.0,9.890234446153045,0.10000000149011612
8.181,1.0,9.807649463704891,0.10000000149011612
8.234,1.0,9.752655218044916,0.10000000149011612
8.285,1.0,9.752927676319247,0.10000000149011612
8.331,1.0,9.945030096587207,0.10000000149011612
8.381,1.0,9.97258148772849,0.12933558225631714
8.43,1.0,9.752946019172668,0.10000000149011612
8.486,1.0,9.94503327736424,0.10000000149011612
8.534,1.0,9.890335567978521,0.10000000149011612
8.596,1.0,9.780289620637065,0.10000000149011612
8.633,1.0,9.835116735328402,0.10000000149011612
8.683,1.0,9.642835754652818,0.10000000149011612
8.735,1.0,9.697924582929247,0.10000000149011612
8.787,1.0,9.890150040284627,0.10000000149011612
8.832,1.0,9.61555417076581,0.10000000149011612
8.885,1.0,9.862573964852427,0.10000000149011612
8.936,1.0,9.917639590592849,0.10000000149011612
8.992,1.0,9.80762878716406,0.10000000149011612
9.033,1.0,9.725169600918889,0.10000000149011612
9.091,1.0,9.752765385744473,0.10000000149011612
9.135,1.0,9.80771656980117,0.10000000149011612
9.184,1.0,9.698108442665802,0.10000000149011612
9.233,1.0,9.807768651015229,0.10000000149011612
9.289,1.0,9.835198274999858,0.10000000149011612
9.337,1.0,9.78010641199847,0.10000000149011612
9.383,1.0,9.80766722669618,0.10000000149011612
9.436,1.0,9.890139757841826,0.10000000149011612
9.485,1.0,9.725479369010362,0.10000000149011612
9.535,1.0,9.7530447591924,0.10000000149011612
9.595,1.0,9.80765232110603,0.10000000149011612
9.644,1.0,9.890172031521796,0.10000000149011612
9.695,1.0,9.862779548019171,0.10000000149011612
9.742,1.0,9.835217210443483,0.10000000149011612
9.792,1.0,9.890056522211268,0.10000000149011612
9.842,1.0,9.807827376160358,0.10000000149011612
9.891,1.0,9.862570660561323,0.10000000149011612
9.943999999999999,1.0,9.83516891958813,0.10000000149011612
9.996,1.0,9.780264506282078,0.10000000149011612
10.045,1.0,9.862567142417861,0.10000000149011612
10.094,1.0,9.807905248842305,0.10000000149011612
10.142,1.0,9.835283119252159,0.10000000149011612
10.197,1.0,9.917594500465526,0.10000000149011612
10.242,1.0,9.725339036683241,0.10000000149011612
10.293,1.0,9.862815749417576,0.10000000149011612
10.347,1.0,9.752887202571664,0.10000000149011612
10.394,1.0,9.780149640991455,0.10000000149011612
10.442,1.0,9.835056212565137,0.10000000149011612
10.485,1.0,9.890135025067462,0.10000000149011612
10.542,1.0,9.78037017289963,0.10000000149011612
10.595,1.0,9.807725559340582,0.10000000149011612
10.642,1.0,9.807623033308321,0.10000000149011612
10.696,1.0,9.807648848121366,0.10000000149011612
10.742,1.0,9.86259540275981,0.10000000149011612
10.794,1.0,9.753003373617927,0.10000000149011612
10.85,1.0,9.8076363766152,0.10000000149011612
10.892,1.0,9.780338672424357,0.10000000149011612
10.945,1.0,9.698007414220935,0.10000000149011612
10.991,1.0,9.752806739736762,0.10000000149011612
11.043,1.0,9.862610659893189,0.10000000149011612
11.1,1.0,9.862713965359662,0.10000000149011612
11.142,1.0,9.83536787148979,0.10000000149011612
11.196,1.0,9.780176613252197,0.10000000149011612
11.237,1.0,9.835383484636743,0.10000000149011612
11.292,1.0,9.780549702545008,0.10000000149011612
11.347,1.0,9.835144286437167,0.10000000149011612
11.392,1.0,9.86257156882849,0.10000000149011612
11.448,1.0,9.725283785640366,0.10000000149011612
11.493,1.0,9.862732655327353,0.10000000149011612
11.543,1.0,9.69774227682501,0.10000000149011612
11.600999999999999,1.0,9.780314181786444,0.10000000149011612
11.642,1.0,9.835182829987671,0.10000000149011612
11.693,1.0,9.752844883439442,0.10000000149011612
11.744,1.0,9.89001190521651,0.10000000149011612
11.793,1.0,9.945129014158415,0.10000000149011612
11.847,1.0,9.835002185321516,0.10000000149011612
11.893,1.0,9.697949979681935,0.10000000149011612
11.942,1.0,9.725323800577058,0.10000000149011612
12.003,1.0,9.78043833784759,0.10000000149011612
12.05,1.0,9.807622803996006,0.10000000149011612
12.099,1.0,9.835089087093042,0.10000000149011612
12.15,1.0,9.725293983519077,0.10000000149011612
12.199,1.0,9.890112098327114,0.10000000149011612
12.252,1.0,9.670144329799546,0.10000000149011612
12.299,1.0,9.780230761816105,0.10000000149011612
12.353,1.0,9.835357938148082,0.10000000149011612
12.399000000000001,1.0,9.890142057277263,0.10000000149011612
12.452,1.0,9.835380994238788,0.10000000149011612
12.498,1.0,9.83503348717673,0.10000000149011612
12.551,1.0,9.862905037568675,0.10000000149011612
12.599,1.0,9.780183932205869,0.10000000149011612
12.651,1.0,9.780449882004824,0.10000000149011612
12.701,1.0,9.78032025144332,0.10000000149011612
12.758,1.0,9.86260884433157,0.10000000149011612
12.8,1.0,9.835165386688377,0.10000000149011612
12.85,1.0,9.807910877010888,0.10000000149011612
12.901,1.0,9.807712368108332,0.10000000149011612
12.95,1.0,9.725266383567618,0.10000000149011612
13.008,1.0,9.78050517268065,0.10000000149011612
13.052,1.0,9.890235943968097,0.10000000149011612
13.108,1.0,9.835170725960698,0.10000000149011612
13.151,1.0,9.780295932499898,0.10000000149011612
13.202,1.0,9.835216874815524,0.10000000149011612
13.251,1.0,9.917500000012417,0.10000000149011612
13.303,1.0,9.83508921497398,0.10000000149011612
13.35,1.0,9.862786282743844,0.10000000149011612
13.403,1.0,9.752638253610995,0.10000000149011612
13.451,1.0,9.835099976696075,0.10000000149011612
13.5,1.0,9.753012171739506,0.10000000149011612
13.558,1.0,9.945080959010456,0.10784981399774551
13.606,1.0,9.697986106615927,0.10000000149011612
13.658,1.0,9.7528486430645,0.10000000149011612
13.705,1.0,9.835184502415359,0.10000000149011612
13.759,1.0,9.532872337061498,0.10000000149011612
13.809,1.0,9.80767255841444,0.10000000149011612
13.86,1.0,9.752728941436443,0.10000000149011612
13.909,1.0,9.670600278634165,0.10000000149011612
13.962,1.0,9.807681856076751,0.10000000149011612
14.011,1.0,9.753005013739068,0.10000000149011612
14.059,1.0,9.835259758432706,0.10000000149011612
14.111,1.0,9.835066318698228,0.10000000149011612
14.16,1.0,9.8628340817574,0.10000000149011612
14.214,1.0,9.835063662814598,0.10000000149011612
14.258,1.0,9.807500000028975,0.10000000149011612
14.312,1.0,9.862649505171511,0.10000000149011612
14.367,1.0,9.752826074821254,0.10000000149011612
14.421,1.0,9.807921953354445,0.10000000149011612
14.467,1.0,9.697931042893066,0.10000000149011612
14.523,1.0,9.83506019115448,0.10000000149011612
14.567,1.0,9.835356703793837,0.10000000149011612
14.616,1.0,9.78022073979179,0.10000000149011612
14.673,1.0,9.8901883231269,0.10000000149011612
14.721,1.0,9.753127193037006,0.10183610022068024
14.776,1.0,9.917608988512722,0.10000000149011612
14.82,1.0,9.78027548632688,0.10000000149011612
14.87,1.0,9.890027401554915,0.10000000149011612
14.919,1.0,9.890013227653172,0.10000000149011612
14.97,1.0,9.890299261444145,0.10000000149011612
15.027,1.0,9.80773488069988,0.10000000149011612
15.07,1.0,9.807554513009059,0.10000000149011612
15.119,1.0,9.86261557802144,0.10000000149011612
15.17,1.0,9.835318163471918,0.10000000149011612
15.222,1.0,9.807648838932316,0.10000000149011612
15.271,1.0,9.86271136438267,0.10000000149011612
15.322,1.0,9.642838863076435,0.10000000149011612
15.38,1.0,9.64300813463827,0.10000000149011612
15.423,1.0,9.862876757172247,0.10000000149011612
15.477,1.0,9.835279836650525,0.10000000149011612
15.523,1.0,9.835263335601324,0.10000000149011612
15.572,1.0,9.807591200764808,0.10000000149011612
15.626,1.0,9.917728530056774,0.10000000149011612
15.671,1.0,9.780323122524553,0.10000000149011612
15.723,1.0,9.917528204247356,0.10000000149011612
15.771,1.0,9.780295108217333,0.10000000149011612
15.83,1.0,9.725556520662375,0.10000000149011612
15.875,1.0,9.78010787655496,0.10000000149011612
15.94,1.0,9.835034779355757,0.10000000149011612
15.975999999999999,1.0,9.752773030267821,0.10000000149011612
16.025,1.0,9.862829663852851,0.10000000149011612
16.079,1.0,9.615427410085168,0.10000000149011612
16.131,1.0,9.945000000008278,0.10000000149011612
16.175,1.0,9.64280983513842,0.10000000149011612
16.229,1.0,9.807614675536751,0.10000000149011612
16.277,1.0,9.8352902026847,0.10000000149011612
16.324,1.0,9.89014955241647,0.10000000149011612
16.382,1.0,9.807622191972202,0.10000000149011612
16.424,1.0,9.67043992181619,0.10000000149011612
16.479,1.0,9.835156023688615,0.10000000149011612
16.528,1.0,9.780212595624228,0.10000000149011612
16.579,1.0,9.78035504406111,0.10000000149011612
16.636,1.0,9.78015490617189,0.10000000149011612
16.683,1.0,9.69770550183538,0.10000000149011612
16.736,1.0,9.64321196420739,0.10000000149011612
16.789,1.0,9.697812332957984,0.10000000149011612
16.834,1.0,9.835243775447209,0.10000000149011612
16.889,1.0,9.780513315089047,0.10000000149011612
16.934,1.0,9.780344774636129,0.10000000149011612
16.988,1.0,9.780435727867815,0.10000000149011612
17.034,1.0,9.780728053715494,0.10000000149011612
17.085,1.0,9.752706458709307,0.10000000149011612
17.14,1.0,9.80781275363018,0.10000000149011612
17.184,1.0,9.72542739841673,0.10000000149011612
17.236,1.0,9.83512701249371,0.10000000149011612
17.293,1.0,9.86281774925689,0.10000000149011612
17.334,1.0,9.80764355874724,0.10000000149011612
17.385,1.0,9.862728813394076,0.10000000149011612
17.433,1.0,9.697995962181853,0.10000000149011612
17.484,1.0,9.83512665886018,0.10000000149011612
17.534,1.0,9.890072008263733,0.10000000149011612
17.584,1.0,9.807883043173288,0.10000000149011612
17.629,1.0,9.890164558651547,0.10000000149011612
17.686,1.0,9.75263013229188,0.10000000149011612
17.744,1.0,9.780128722886245,0.10000000149011612
17.784,1.0,9.780215992054178,0.10000000149011612
17.834,1.0,9.752500000037253,0.10000000149011612
17.884,1.0,9.890220688904325,0.10000000149011612
17.935,1.0,9.917636236300071,0.10000000149011612
17.992,1.0,9.80780731731405,0.10000000149011612
18.034,1.0,9.835250955116418,0.10000000149011612
18.084,1.0,9.725122613211473,0.10000000149011612
18.135,1.0,9.725309220121966,0.10000000149011612
18.19,1.0,9.67033569475429,0.10000000149011612
18.238,1.0,9.917737434038685,0.1091487780213356
18.288,1.0,9.807889665911596,0.10000000149011612
18.338,1.0,9.807615101627178,0.10000000149011612
18.391,1.0,9.917725272745722,0.10000000149011612
18.441,1.0,9.670396782788966,0.10000000149011612
18.492,1.0,9.835176625578768,0.10000000149011612
18.542,1.0,9.890014922184248,0.10000000149011612
18.596,1.0,9.643215813901689,0.10000000149011612
18.643,1.0,9.83520731832832,0.10000000149011612
18.692,1.0,9.807759656136234,0.10000000149011612
18.745,1.0,9.698287119074829,0.10000000149011612
18.795,1.0,9.615296474533777,0.10000000149011612
18.844,1.0,9.807658562871318,0.10000000149011612
18.894,1.0,9.807730975415971,0.10000000149011612
18.949,1.0,9.752911323412425,0.10000000149011612
18.996,1.0,9.80773920768665,0.10000000149011612
19.045,1.0,9.807800245036681,0.10000000149011612
19.094,1.0,9.752599480375647,0.10000000149011612
19.143,1.0,9.752913504466415,0.10000000149011612
19.196,1.0,9.780261569014854,0.10000000149011612
19.248,1.0,9.890045012802714,0.10000000149011612
19.307,1.0,9.698291368244423,0.10000000149011612
19.349,1.0,9.807830794610911,0.10000000149011612
19.401,1.0,9.75289796238972,0.10000000149011612
19.448,1.0,9.835344033191602,0.10000000149011612
19.498,1.0,9.835327505320311,0.10000000149011612
19.552,1.0,9.862612355810901,0.10000000149011612
19.598,1.0,9.807599430055253,0.10000000149011612
19.648,1.0,9.560539979466961,0.10000000149011612
19.701999999999998,1.0,9.86261344196068,0.10000000149011612
19.751,1.0,9.697830433150132,0.10000000149011612
19.799,1.0,9.835391865236064,0.10000000149011612
19.853,1.0,9.807746284268797,0.10000000149011612
19.9,1.0,9.752836729317076,0.10000000149011612
19.95,1.0,9.862807750908864,0.10000000149011612
20.0,1.0,9.780425629226698,0.10000000149011612
20.054,1.0,9.917608958482742,0.10000000149011612
20.106,1.0,9.780257042290437,0.10000000149011612
20.151,1.0,9.697918633102542,0.10000000149011612
20.204,1.0,9.917632837490075,0.10000000149011612
20.251,1.0,9.890000000016556,0.10000000149011612
20.303,1.0,9.807725678860313,0.10000000149011612
20.352,1.0,9.890048363887601,0.10000000149011612
20.404,1.0,9.945105845998558,0.10000000149011612
20.45,1.0,9.83532574729373,0.10000000149011612
20.501,1.0,9.917644409731858,0.10000000149011612
20.549,1.0,9.807608768882023,0.10000000149011612
20.601,1.0,9.8627508200912,0.10000000149011612
20.658,1.0,9.532974292813904,0.10000000149011612
20.7,1.0,9.780239651186598,0.10000000149011612
20.757,1.0,9.807647059630188,0.10000000149011612
20.8,1.0,9.862920126298235,0.10650920867919922
20.851,1.0,9.725291382376518,0.10000000149011612
20.901,1.0,9.780529570020736,0.10000000149011612
20.951999999999998,1.0,9.80764483248608,0.10000000149011612
21.003,1.0,9.945133563400143,0.10000000149011612
21.048,1.0,9.862739300996893,0.10000000149011612
21.1,1.0,9.7803275456859,0.10000000149011612
21.156,1.0,9.83528609433108,0.10000000149011612
21.2,1.0,9.862738689593971,0.10000000149011612
21.253,1.0,9.890007727593183,0.10000000149011612
21.3,1.0,9.8077506336487,0.10000000149011612
21.35,1.0,9.835234599374235,0.10000000149011612
21.408,1.0,9.807835308296813,0.10000000149011612
21.45,1.0,9.807641047529048,0.10000000149011612
21.503,1.0,9.78038081119044,0.10000000149011612
21.553,1.0,9.752766685001552,0.10000000149011612
21.6,1.0,9.862564361799095,0.10000000149011612
21.65,1.0,9.725503331960903,0.10000000149011612
21.703,1.0,9.89009656229367,0.10000000149011612
21.753,1.0,9.890091588803463,0.10000000149011612
21.804,1.0,9.862531571317877,0.10000000149011612
21.865,1.0,9.807993951336377,0.10000000149011612
21.902,1.0,9.807744388323691,0.10000000149011612
21.951999999999998,1.0,9.917688109560146,0.10000000149011612
22.006,1.0,9.86268346251713,0.10000000149011612
22.052,1.0,9.890000000016556,0.10000000149011612
22.102,1.0,9.80761436983529,0.10000000149011612
22.162,1.0,9.83509976706571,0.10000000149011612
22.206,1.0,9.615424190213282,0.10000000149011612
22.256,1.0,9.75279893980672,0.10000000149011612
22.302,1.0,9.917535416616333,0.10000000149011612
22.354,1.0,9.807739020056195,0.10000000149011612
22.403,1.0,9.752735301748746,0.10000000149011612
22.458,1.0,9.69809989091009,0.10000000149011612
22.508,1.0,9.862667111783392,0.10000000149011612
22.554,1.0,9.862852915748954,0.10000000149011612
22.608,1.0,9.890293281794422,0.10000000149011612
22.655,1.0,9.697986743702657,0.10000000149011612
22.705,1.0,9.670461147713164,0.10000000149011612
22.758,1.0,9.80768848011891,0.10000000149011612
22.806,1.0,9.94502499014553,0.10000000149011612
22.858,1.0,9.78031424265355,0.10000000149011612
22.911,1.0,9.725181990654931,0.10000000149011612
22.959,1.0,9.780273773562577,0.10000000149011612
23.006,1.0,9.86258161444631,0.10000000149011612
23.054,1.0,9.72528695832524,0.10000000149011612
23.109,1.0,9.86259489369889,0.10000000149011612
23.155,1.0,9.75286113768816,0.10000000149011612
23.212,1.0,9.835199133513703,0.10000000149011612
23.255,1.0,9.670566908414994,0.10000000149011612
23.311,1.0,9.807826507277786,0.10000000149011612
23.358,1.0,9.807871866743598,0.10000000149011612
23.412,1.0,9.807742196631928,0.10000000149011612
23.459,1.0,9.862701996105413,0.10000000149011612
23.511,1.0,9.835366266676122,0.10000000149011612
23.562,1.0,9.642747326236632,0.10000000149011612
23.609,1.0,9.780300138621694,0.10000000149011612
23.664,1.0,9.835099446338912,0.10000000149011612
23.71,1.0,9.835128637465338,0.10000000149011612
23.76,1.0,9.91757758392228,0.10000000149011612
23.81,1.0,9.72526762344771,0.10000000149011612
23.86,1.0,9.86293630461312,0.10000000149011612
23.912,1.0,9.890231631654832,0.10000000149011612
23.96,1.0,9.725413448342847,0.10000000149011612
24.014,1.0,9.972626499541931,0.14553983509540558
24.06,1.0,9.725460276897582,0.10000000149011612
24.113,1.0,9.91763856858015,0.10000000149011612
24.159,1.0,9.69761014148179,0.10000000149011612
24.21,1.0,9.78018329139385,0.10000000149011612
24.263,1.0,9.807897181581293,0.10000000149011612
24.31,1.0,9.725226911654074,0.10000000149011612
24.36,1.0,9.725326251238585,0.10000000149011612
24.418,1.0,9.807861484939025,0.10000000149011612
24.465,1.0,9.862622014660802,0.10000000149011612
24.515,1.0,9.807789882086217,0.10000000149011612
24.565,1.0,9.862698174537057,0.10000000149011612
24.615,1.0,9.890073972464435,0.10000000149011612
24.665,1.0,9.835167607023484,0.10000000149011612
24.719,1.0,9.890309867987202,0.10000000149011612
24.765,1.0,9.80779050708645,0.10000000149011612
24.818,1.0,9.862555652277337,0.10000000149011612
24.866,1.0,9.780473448004987,0.10000000149011612
24.918,1.0,9.725317549953859,0.10000000149011612
24.967,1.0,9.752855399437248,0.10000000149011612
25.018,1.0,9.780117260561221,0.10000000149011612
25.067,1.0,9.807681627509494,0.10000000149011612
25.117,1.0,9.890013944461113,0.10000000149011612
25.17,1.0,9.890099758944578,0.10000000149011612
25.217,1.0,9.807701401888496,0.10000000149011612
25.268,1.0,9.807897314739725,0.10000000149011612
25.318,1.0,9.752774803712963,0.10000000149011612
25.374,1.0,9.862626479897234,0.10000000149011612
25.422,1.0,9.86265669082188,0.10000000149011612
25.468,1.0,9.917500000012417,0.10000000149011612
25.52,1.0,9.862615754827857,0.10000000149011612
25.568,1.0,9.835379754379392,0.10000000149011612
25.618,1.0,9.945104612886078,0.10000000149011612
25.667,1.0,9.83519781327082,0.10000000149011612
25.719,1.0,9.807705829623673,0.10000000149011612
25.771,1.0,9.83526721333878,0.10000000149011612
25.819,1.0,9.7803204468141,0.10000000149011612
25.87,1.0,9.725304541115959,0.10000000149011612
25.917,1.0,9.835226361867454,0.10000000149011612
25.974,1.0,9.780241085319883,0.10000000149011612
26.03,1.0,9.862624634574685,0.10000000149011612
26.072,1.0,9.75271800081763,0.10000000149011612
26.125,1.0,9.835230979633828,0.10000000149011612
26.174,1.0,9.69778852785627,0.10000000149011612
26.225,1.0,9.780105176588727,0.10000000149011612
26.292,1.0,9.835251510805554,0.10000000149011612
26.332,1.0,9.807755477643676,0.10000000149011612
26.387,1.0,9.725385822997325,0.10000000149011612
26.438,1.0,9.725228646894296,0.10000000149011612
26.48,1.0,9.780274950195517,0.10000000149011612
26.531,1.0,9.835193302109838,0.10000000149011612
26.58,1.0,9.725298852473497,0.10000000149011612
26.636,1.0,9.89016020403554,0.10000000149011612
26.682,1.0,9.862751505275567,0.10000000149011612
26.728,1.0,9.698033525070382,0.10000000149011612
26.777,1.0,9.835214995986057,0.10000000149011612
26.838,1.0,9.780322360661295,0.10000000149011612
26.881,1.0,9.697739568435484,0.10000000149011612
26.927,1.0,9.862623123576244,0.10000000149011612
26.977,1.0,9.725520501389271,0.10000000149011612
27.03,1.0,9.725292921542293,0.10000000149011612
27.087,1.0,9.780395708998872,0.10000000149011612
27.127,1.0,9.697973330401712,0.10000000149011612
27.173,1.0,9.890000000016556,0.10000000149011612
27.228,1.0,9.890058234685824,0.10000000149011612
27.285,1.0,9.835067365960114,0.10000000149011612
27.327,1.0,9.80770945954654,0.10000000149011612
27.384,1.0,9.945000000008278,0.10000000149011612
27.427,1.0,9.91757977956699,0.10000000149011612
27.48,1.0,9.725167622499995,0.10000000149011612
27.527,1.0,9.752615266934866,0.10000000149011612
27.579,1.0,9.890147767071095,0.10000000149011612
27.633,1.0,9.725392759777606,0.10000000149011612
27.678,1.0,9.917767899110913,0.1293426752090454
27.731,1.0,9.890000000016556,0.10000000149011612
27.778,1.0,9.67044743458844,0.10000000149011612
27.83,1.0,9.780294463886984,0.10000000149011612
27.878,1.0,9.58819371757822,0.10000000149011612
27.928,1.0,9.670416678343383,0.10000000149011612
27.992,1.0,9.725399847535623,0.10000000149011612
28.031,1.0,9.890017575356696,0.10000000149011612
28.084,1.0,9.807820576408671,0.10000000149011612
28.132,1.0,9.78022590333389,0.10000000149011612
28.181,1.0,9.945251044424044,0.14178523421287537
28.239,1.0,9.917509754892025,0.10000000149011612
28.284,1.0,9.890251954293085,0.10000000149011612
28.337,1.0,9.670312529305617,0.10000000149011612
28.386,1.0,9.86272461126662,0.10000000149011612
28.438,1.0,9.807637847939299,0.10000000149011612
28.485,1.0,9.807971583161917,0.10000000149011612
28.536,1.0,9.697882963654896,0.10000000149011612
28.586,1.0,9.807845795961718,0.10000000149011612
28.636,1.0,9.780311962051524,0.10000000149011612
28.688,1.0,9.725533134221203,0.10000000149011612
28.736,1.0,9.780373486090038,0.10000000149011612
28.788,1.0,9.917517402085165,0.10000000149011612
28.839,1.0,9.80786207065814,0.10000000149011612
28.888,1.0,9.780354439239535,0.10000000149011612
28.946,1.0,9.807715611221889,0.10000000149011612
28.987,1.0,9.862643201214572,0.10000000149011612
29.036,1.0,9.94509380424602,0.10000000149011612
29.087,1.0,9.69788509743909,0.10000000149011612
29.137,1.0,9.807794266918467,0.10000000149011612
29.187,1.0,9.807828800049093,0.10000000149011612
29.241,1.0,9.725601047587892,0.10000000149011612
29.288,1.0,9.862606668844819,0.10000000149011612
29.338,1.0,9.7802960033632,0.10000000149011612
29.393,1.0,9.780118116881285,0.10000000149011612
29.448,1.0,9.725334777020747,0.10000000149011612
29.489,1.0,9.917555750120018,0.10000000149011612
29.539,1.0,9.72538326529579,0.10000000149011612
29.594,1.0,9.78035408227394,0.10000000149011612
29.638,1.0,9.862500000020695,0.10000000149011612
29.689,1.0,9.862721261982289,0.10000000149011612
29.741,1.0,9.89013288701988,0.10000000149011612
29.79,1.0,9.725244860806399,0.10000000149011612
29.844,1.0,9.862617409105102,0.10000000149011612
29.891,1.0,9.807669126759802,0.10000000149011612
29.942,1.0,9.75296510329677,0.10000000149011612
30.005,1.0,9.862618785268731,0.10000000149011612
30.041,1.0,9.83542839696424,0.10000000149011612
30.095,1.0,9.890038304403424,0.10000000149011612
30.148,1.0,9.890058097677926,0.10000000149011612
30.195,1.0,9.69776850235131,0.10000000149011612
30.251,1.0,9.752863684172432,0.10000000149011612
30.296,1.0,9.780192625688182,0.10000000149011612
30.345,1.0,9.780474263698691,0.10000000149011612
30.402,1.0,9.835271800392205,0.10000000149011612
30.449,1.0,9.835153865710728,0.10000000149011612
30.5,1.0,9.780282440781594,0.10000000149011612
30.55,1.0,9.725585565157235,0.10000000149011612
30.6,1.0,9.67070452057653,0.10000000149011612
30.65,1.0,9.917687457551558,0.10000000149011612
30.701999999999998,1.0,9.835344859026373,0.10000000149011612
30.758,1.0,9.643147009569738,0.10000000149011612
30.803,1.0,9.78031382177853,0.10000000149011612
30.845,1.0,9.725612052985364,0.10000000149011612
30.901,1.0,9.835093245675994,0.10000000149011612
30.95,1.0,9.890205199085177,0.10000000149011612
31.0,1.0,9.697886787789564,0.10000000149011612
31.051,1.0,9.752846577266853,0.10000000149011612
31.107,1.0,9.835009301391741,0.10000000149011612
31.151,1.0,9.752818710646695,0.10000000149011612
31.208,1.0,9.697783650892477,0.10000000149011612
31.25,1.0,9.945037875490057,0.10000000149011612
31.3,1.0,9.752921964600683,0.10000000149011612
31.357,1.0,9.862894613440666,0.10000000149011612
31.4,1.0,9.670339327367644,0.10000000149011612
31.465,1.0,9.862772661799358,0.10000000149011612
31.501,1.0,9.917560141678486,0.10000000149011612
31.553,1.0,9.807585056747,0.10000000149011612
31.602,1.0,9.697780622148679,0.10000000149011612
31.652,1.0,9.890179918582241,0.10000000149011612
31.703,1.0,9.80779263422721,0.10000000149011612
31.754,1.0,9.780099312712748,0.10000000149011612
31.811,1.0,9.725160730795729,0.10000000149011612
31.854,1.0,9.890079073794187,0.10000000149011612
31.908,1.0,9.780312148771353,0.10000000149011612
31.951999999999998,1.0,9.780277020670473,0.10000000149011612
32.004,1.0,9.917623882347511,0.10519881546497345
32.053,1.0,9.807713204042779,0.10000000149011612
32.103,1.0,9.807766111878058,0.10000000149011612
32.155,1.0,9.807609782699082,0.10000000149011612
32.203,1.0,9.917627765486637,0.10000000149011612
32.254,1.0,9.835184373892844,0.10000000149011612
32.304,1.0,9.780323991572692,0.10000000149011612
32.354,1.0,9.807776364083919,0.10000000149011612
32.404,1.0,9.80768279886494,0.10000000149011612
32.454,1.0,9.75277550239116,0.10000000149011612
32.515,1.0,9.835233701869017,0.10000000149011612
32.553,1.0,9.862735334949361,0.10000000149011612
32.604,1.0,9.89016058182137,0.10000000149011612
32.653,1.0,9.807583825041851,0.10000000149011612
32.704,1.0,9.697873898347218,0.10000000149011612
32.755,1.0,9.780131698896488,0.10000000149011612
32.803,1.0,9.835283342355655,0.10000000149011612
32.856,1.0,9.862533401842747,0.10000000149011612
32.912,1.0,9.752818923443556,0.10000000149011612
32.958,1.0,9.752705111395981,0.10000000149011612
33.009,1.0,9.862631994941168,0.10000000149011612
33.053,1.0,9.78041595555842,0.10574076324701309
33.103,1.0,9.78049350320879,0.10000000149011612
33.152,1.0,9.86286051693476,0.10000000149011612
33.204,1.0,9.807803532481193,0.10000000149011612
33.261,1.0,9.7255741170711,0.10000000149011612
33.303,1.0,9.780274373313619,0.10000000149011612
33.354,1.0,9.807788205208878,0.10000000149011612
33.405,1.0,9.780433143592543,0.10000000149011612
33.454,1.0,9.862624477429522,0.10000000149011612
33.503,1.0,9.807709200017982,0.10000000149011612
33.555,1.0,9.835234896466137,0.10000000149011612
33.605,1.0,9.807742852572765,0.10000000149011612
33.658,1.0,9.890233788266778,0.10000000149011612
33.705,1.0,9.835343025252223,0.10000000149011612
33.758,1.0,9.7251854048421,0.10000000149011612
33.81,1.0,9.697822289624147,0.10000000149011612
33.856,1.0,9.72530475832108,0.10000000149011612
33.907,1.0,9.890121609158815,0.10000000149011612
33.957,1.0,9.80780572346929,0.10000000149011612
33.999,1.0,9.862611775224407,0.10000000149011612
34.059,1.0,9.835000000024836,0.10000000149011612
34.109,1.0,9.780179660684533,0.10000000149011612
34.161,1.0,9.86267134702454,0.10000000149011612
34.215,1.0,9.807684810956319,0.10000000149011612
34.257,1.0,9.78032213927557,0.10000000149011612
34.307,1.0,9.780549662560224,0.10000000149011612
34.358,1.0,9.835153848636482,0.10000000149011612
34.407,1.0,9.835254097957577,0.10000000149011612
34.457,1.0,9.780237570405006,0.10000000149011612
34.509,1.0,9.807746376179987,0.10000000149011612
34.558,1.0,9.862760646703343,0.10000000149011612
34.612,1.0,9.752686922128001,0.10000000149011612
34.658,1.0,9.807806256661813,0.10000000149011612
34.709,1.0,9.725353117266463,0.10000000149011612
34.758,1.0,9.890000000016556,0.10000000149011612
34.807,1.0,9.780323063520093,0.10000000149011612
34.866,1.0,9.890093436154226,0.10000000149011612
34.911,1.0,9.835100825027459,0.10000000149011612
34.961,1.0,9.890112211431067,0.10000000149011612
35.012,1.0,9.780139354657795,0.10000000149011612
35.061,1.0,9.862714127037261,0.10000000149011612
35.118,1.0,9.725304196899136,0.10000000149011612
35.161,1.0,9.697803288449844,0.10000000149011612
35.213,1.0,9.808149235923256,0.10000000149011612
35.268,1.0,9.780534323615333,0.10000000149011612
35.31,1.0,9.725219668654931,0.10000000149011612
35.366,1.0,9.807559662974542,0.10000000149011612
35.429,1.0,9.807810280699696,0.10000000149011612
35.466,1.0,9.807861045582428,0.10000000149011612
35.516,1.0,9.8353160864984,0.10000000149011612
35.561,1.0,9.862632474986215,0.10000000149011612
35.617,1.0,9.835111622284684,0.10000000149011612
35.666,1.0,9.670400511245761,0.10000000149011612
35.715,1.0,9.75283017249571,0.10000000149011612
35.768,1.0,9.890152446635895,0.10000000149011612
35.816,1.0,9.835252141745555,0.10000000149011612
35.863,1.0,9.862566880343689,0.10000000149011612
35.916,1.0,9.780000000033114,0.10000000149011612
35.968,1.0,9.835296747212608,0.10000000149011612
36.021,1.0,9.862544681628545,0.10000000149011612
36.067,1.0,9.86255350905574,0.10000000149011612
36.118,1.0,9.86265999223623,0.10000000149011612
36.164,1.0,9.890088662153318,0.10000000149011612
36.221,1.0,9.78030276582059,0.10000000149011612
36.279,1.0,9.835167576207056,0.10000000149011612
36.322,1.0,9.89025091510266,0.10000000149011612
36.373,1.0,9.780001255621512,0.10000000149011612
36.424,1.0,9.945137351399495,0.10000000149011612
36.472,1.0,9.835358928123282,0.10000000149011612
36.528,1.0,9.890174788816108,0.10000000149011612
36.571,1.0,9.835262203816738,0.10000000149011612
36.627,1.0,9.91754282688101,0.10000000149011612
36.672,1.0,9.835215742679106,0.10000000149011612
36.729,1.0,9.533346699261003,0.10000000149011612
36.773,1.0,9.752691122082373,0.10000000149011612
36.822,1.0,9.835238422391315,0.10000000149011612
36.873,1.0,9.862573028190269,0.10000000149011612
36.924,1.0,9.780362116255693,0.10000000149011612
36.975,1.0,9.86259174299323,0.10000000149011612
37.029,1.0,9.725284101648462,0.10000000149011612
37.074,1.0,9.83537696475784,0.10000000149011612
37.122,1.0,9.780350717012253,0.10000000149011612
37.175,1.0,9.835249028251402,0.10000000149011612
37.233,1.0,9.835465595519377,0.1033046692609787
37.28,1.0,9.862830434574022,0.10000000149011612
37.34,1.0,9.835370112769306,0.10000000149011612
37.379,1.0,9.862686858926383,0.10000000149011612
37.434,1.0,9.862650971238812,0.10000000149011612
37.482,1.0,9.945044780522585,0.10000000149011612
37.531,1.0,9.91754797583239,0.10000000149011612
37.586,1.0,9.862699291586049,0.10000000149011612
37.632,1.0,9.807884285164375,0.10000000149011612
37.688,1.0,9.725118987427818,0.10000000149011612
37.733,1.0,9.89010240615656,0.10000000149011612
37.783,1.0,9.89029372955362,0.10865527391433716
37.836,1.0,9.945000000008278,0.10000000149011612
37.882,1.0,9.83528168240769,0.10000000149011612
37.935,1.0,9.807928844479223,0.10000000149011612
37.995,1.0,9.862777532016237,0.11045774072408676
38.034,1.0,9.780170891785787,0.10000000149011612
38.089,1.0,9.862761446668042,0.10000000149011612
38.135,1.0,9.67050802734577,0.10000000149011612
38.183,1.0,9.8626058359113,0.10000000149011612
38.235,1.0,9.835214190495511,0.10000000149011612
38.284,1.0,9.807749765738844,0.10000000149011612
38.347,1.0,9.808017476234172,0.10000000149011612
38.388,1.0,9.725182100716564,0.10000000149011612
38.436,1.0,9.862500000020695,0.10000000149011612
38.49,1.0,9.835174764982527,0.10000000149011612
38.537,1.0,9.697859508192373,0.10000000149011612
38.591,1.0,9.835241322115891,0.10000000149011612
38.639,1.0,9.835240258255766,0.10000000149011612
38.688,1.0,9.835168565023277,0.10000000149011612
38.74,1.0,9.807876185824474,0.10000000149011612
38.792,1.0,9.807595355498295,0.10000000149011612
38.84,1.0,9.835265022619732,0.10422461479902267
38.889,1.0,9.862664401841661,0.10000000149011612
38.941,1.0,9.725461532485982,0.10000000149011612
38.989,1.0,9.835078371957772,0.10000000149011612
39.043,1.0,9.78053412269801,0.10000000149011612
39.091,1.0,9.78044897115065,0.10000000149011612
39.151,1.0,9.890000000016556,0.10000000149011612
39.191,1.0,9.752821431081328,0.10000000149011612
39.242,1.0,9.835284373164177,0.10000000149011612
39.29,1.0,9.807788846000202,0.10000000149011612
39.34,1.0,9.780251254865693,0.10000000149011612
39.404,1.0,9.835306240866581,0.10000000149011612
39.44,1.0,9.752576142383946,0.10000000149011612
39.493,1.0,9.75275731852485,0.10000000149011612
39.541,1.0,9.835230859493215,0.10000000149011612
39.592,1.0,9.752905390059782,0.10000000149011612
39.642,1.0,9.725385294792552,0.10000000149011612
39.696,1.0,9.780367749246459,0.10000000149011612
39.746,1.0,9.862614210860597,0.10000000149011612
39.791,1.0,9.917560416998136,0.10000000149011612
39.843,1.0,9.917593211784132,0.10000000149011612
39.892,1.0,9.890135070681572,0.10000000149011612
39.944,1.0,9.86261007498122,0.10000000149011612
39.997,1.0,9.890197517267532,0.10000000149011612
40.042,1.0,9.80781772221542,0.10000000149011612
40.094,1.0,9.752832702733576,0.10000000149011612
40.141,1.0,9.615339541435242,0.10000000149011612
40.195,1.0,9.862577980011702,0.10000000149011612
40.245,1.0,9.725363609215451,0.10000000149011612
40.301,1.0,9.83519735439784,0.10000000149011612
40.343,1.0,9.890105273305542,0.10000000149011612
40.395,1.0,9.835303197656241,0.10000000149011612
40.444,1.0,9.780332548274762,0.10000000149011612
40.501,1.0,9.780291350268655,0.10000000149011612
40.545,1.0,9.917500000012417,0.10000000149011612
40.605,1.0,9.725490531594389,0.10000000149011612
40.643,1.0,9.835183120042913,0.10000000149011612
40.695,1.0,9.89022089259492,0.10000000149011612
40.744,1.0,9.807742873848312,0.10000000149011612
40.793,1.0,9.862616397150688,0.10000000149011612
40.845,1.0,9.890147204303908,0.10000000149011612
40.895,1.0,9.642812373302878,0.10000000149011612
40.944,1.0,9.835120558242004,0.10000000149011612
40.995,1.0,9.89020528048277,0.10000000149011612
41.05,1.0,9.807603876065048,0.10000000149011612
41.097,1.0,9.780126066692173,0.10000000149011612
41.146,1.0,9.862736807370352,0.10000000149011612
41.197,1.0,9.752718296854033,0.10000000149011612
41.247,1.0,9.670340835447941,0.10000000149011612
41.296,1.0,9.917673556196194,0.10000000149011612
41.357,1.0,9.890329705903099,0.10000000149011612
41.398,1.0,9.725451411493122,0.10000000149011612
41.444,1.0,9.862561872663598,0.10000000149011612
41.499,1.0,9.835080416293607,0.10000000149011612
41.538,1.0,9.807756004275547,0.10000000149011612
41.597,1.0,9.752684714314011,0.10000000149011612
41.646,1.0,9.807703972918292,0.10000000149011612
41.697,1.0,9.807573932202326,0.10000000149011612
41.749,1.0,9.862695229177673,0.10000000149011612
41.799,1.0,9.835044893622399,0.10000000149011612
41.847,1.0,9.807684071403411,0.10000000149011612
41.9,1.0,9.75263767418348,0.10000000149011612
41.948,1.0,9.752688696359595,0.10000000149011612
42.007,1.0,9.780095236810546,0.10000000149011612
42.046,1.0,9.780154597034885,0.10000000149011612
42.104,1.0,9.725241440762249,0.10000000149011612
42.147,1.0,9.752709935046733,0.10000000149011612
42.203,1.0,9.945018318564527,0.10000000149011612
42.247,1.0,9.86273204818782,0.10000000149011612
42.297,1.0,9.862523676786157,0.10000000149011612
42.348,1.0,9.862632411883936,0.10000000149011612
42.402,1.0,9.917554506142107,0.10000000149011612
42.452,1.0,9.862767486584683,0.10000000149011612
42.502,1.0,9.835361186642613,0.10000000149011612
42.553,1.0,9.780200789310038,0.10000000149011612
42.604,1.0,9.752974857679671,0.10000000149011612
42.654,1.0,9.780256555560563,0.10000000149011612
42.702,1.0,9.917528456822037,0.10000000149011612
42.752,1.0,9.807768922506106,0.10000000149011612
42.804,1.0,9.890195065819555,0.10000000149011612
42.855,1.0,9.780378644106289,0.10000000149011612
42.904,1.0,9.835164709616866,0.10000000149011612
42.952,1.0,9.835275892230372,0.10000000149011612
43.01,1.0,9.725756561321516,0.10000000149011612
43.056,1.0,9.807932582766645,0.10000000149011612
43.11,1.0,9.780365479965177,0.10000000149011612
43.156,1.0,9.807691510642568,0.10000000149011612
43.209,1.0,9.780439680752655,0.10000000149011612
43.263,1.0,9.752690105574827,0.10000000149011612
43.306,1.0,9.560628470157583,0.10000000149011612
43.362,1.0,9.83508433084935,0.10000000149011612
43.406,1.0,9.697954170488648,0.10000000149011612
43.458,1.0,9.86271477215406,0.10000000149011612
43.507,1.0,9.780381917725835,0.10000000149011612
43.559,1.0,9.807565950312549,0.10000000149011612
43.613,1.0,9.752691727235085,0.10000000149011612
43.656,1.0,9.862628214495878,0.10000000149011612
43.709,1.0,9.643039687722922,0.10000000149011612
43.757,1.0,9.835124715521104,0.10000000149011612
43.812,1.0,9.835287015678155,0.10000000149011612
43.86,1.0,9.835210224986076,0.10000000149011612
43.909,1.0,9.807667150493298,0.10000000149011612
43.962,1.0,9.890143597436447,0.10000000149011612
44.01,1.0,9.835172037718197,0.10000000149011612
44.062,1.0,9.642798711980383,0.10000000149011612
44.11,1.0,9.75304081891146,0.10000000149011612
44.16,1.0,9.835128310633202,0.10000000149011612
44.21,1.0,9.697925744847291,0.10000000149011612
44.259,1.0,9.835164760053157,0.10000000149011612
44.322,1.0,9.807849227823317,0.10000000149011612
44.359,1.0,9.972500000004139,0.10000000149011612
44.409,1.0,9.78026110124257,0.10000000149011612
44.458,1.0,9.807729906361136,0.10000000149011612
44.51,1.0,9.835251160524786,0.10000000149011612
44.571,1.0,9.780212094013889,0.10000000149011612
44.614,1.0,9.890316034149793,0.11918849498033524
44.668,1.0,9.862731989928418,0.10000000149011612
44.713,1.0,9.752638659212325,0.10000000149011612
44.771,1.0,9.890039659146634,0.10000000149011612
44.812,1.0,9.80766305875861,0.10000000149011612
44.863,1.0,9.890073935294318,0.10000000149011612
44.908,1.0,9.835073003441924,0.10000000149011612
44.964,1.0,9.835387784966992,0.10000000149011612
45.013,1.0,9.862588832713664,0.10000000149011612
45.065,1.0,9.862500000020695,0.10000000149011612
45.117,1.0,9.807754250201913,0.10000000149011612
45.171,1.0,9.835160647208491,0.10000000149011612
45.219,1.0,9.917666586757534,0.10000000149011612
45.273,1.0,9.862663444359269,0.10000000149011612
45.317,1.0,9.807665041730635,0.10000000149011612
45.367,1.0,9.835062507167459,0.10000000149011612
45.428,1.0,9.862569489205876,0.10000000149011612
45.467,1.0,9.890169132625063,0.10000000149011612
45.525,1.0,9.835396223556664,0.10000000149011612
45.567,1.0,9.89008264578879,0.10000000149011612
45.619,1.0,9.835248360203373,0.10000000149011612
45.667,1.0,9.725513096546962,0.10000000149011612
45.718,1.0,9.890132574592199,0.10000000149011612
45.77,1.0,9.86271318373167,0.10000000149011612
45.818,1.0,9.862599162219299,0.10000000149011612
45.866,1.0,9.807924125240081,0.10000000149011612
45.917,1.0,9.890271694730554,0.1149384081363678
45.973,1.0,9.780109890115758,0.10000000149011612
46.018,1.0,9.862708837104341,0.10000000149011612
46.07,1.0,9.780459388780097,0.10000000149011612
46.118,1.0,9.780282908698751,0.10000000149011612
46.176,1.0,9.835017115602064,0.10000000149011612
46.218,1.0,9.752605108357965,0.10000000149011612
46.269,1.0,9.89011847652081,0.10000000149011612
46.318,1.0,9.780184095890986,0.10000000149011612
46.367,1.0,9.725311813337935,0.10000000149011612
46.417,1.0,9.807755591989391,0.10000000149011612
46.467,1.0,9.752786686602565,0.10000000149011612
46.52,1.0,9.91757050042765,0.10000000149011612
46.568,1.0,9.725380014152163,0.10000000149011612
46.618,1.0,9.670511753795047,0.10000000149011612
46.667,1.0,9.86279922241552,0.10000000149011612
46.725,1.0,9.835355789359244,0.10000000149011612
46.776,1.0,9.862744148054885,0.10000000149011612
46.825,1.0,9.862653193374475,0.10000000149011612
46.879,1.0,9.917585417628288,0.10000000149011612
46.926,1.0,9.83536930554029,0.10000000149011612
46.977,1.0,9.780309106078413,0.10000000149011612
47.027,1.0,9.862735045556393,0.10000000149011612
47.076,1.0,9.862648363514907,0.10000000149011612
47.124,1.0,9.780511955296,0.10000000149011612
47.179,1.0,9.862646265741851,0.10000000149011612
47.229,1.0,9.890159666455455,0.10000000149011612
47.279,1.0,9.697867731729316,0.10000000149011612
47.329,1.0,9.807722560378412,0.10000000149011612
47.381,1.0,9.780266082535187,0.10000000149011612
47.436,1.0,9.780245483273433,0.10000000149011612
47.484,1.0,9.807711314244402,0.10000000149011612
47.541,1.0,9.80779119765179,0.10000000149011612
47.584,1.0,9.780114363216692,0.10000000149011612
47.642,1.0,9.835164972560273,0.10000000149011612
47.684,1.0,9.862710690684617,0.10000000149011612
47.734,1.0,9.83519673395074,0.10000000149011612
47.794,1.0,9.725459720070164,0.10000000149011612
47.834,1.0,9.753064481520818,0.10000000149011612
47.883,1.0,9.807619703561068,0.10000000149011612
47.934,1.0,9.835291725459198,0.10000000149011612
47.984,1.0,9.725252811300258,0.10000000149011612
48.035,1.0,9.835098851327267,0.10000000149011612
48.084,1.0,9.835120842730005,0.10000000149011612
48.135,1.0,9.890155912563205,0.10000000149011612
48.186,1.0,9.890204353216621,0.10000000149011612
48.229,1.0,9.83504293291933,0.10000000149011612
48.287,1.0,9.835498371409873,0.10000000149011612
48.335,1.0,9.83536175172776,0.10000000149011612
48.385,1.0,9.725463176291022,0.10000000149011612
48.438,1.0,9.890165879722272,0.10000000149011612
48.488,1.0,9.835325397364794,0.10000000149011612
48.535,1.0,9.78029342101266,0.10000000149011612
48.586,1.0,9.917686258049475,0.10000000149011612
48.636,1.0,9.945089526122644,0.10000000149011612
48.687,1.0,9.780331004017757,0.10000000149011612
48.735,1.0,9.862608869849808,0.10000000149011612
48.786,1.0,9.725353330973949,0.10000000149011612
48.848,1.0,9.917557415138516,0.10000000149011612
48.885,1.0,9.61551222908828,0.10000000149011612
48.94,1.0,9.698082876391709,0.10000000149011612
48.987,1.0,9.862670050623516,0.10000000149011612
49.039,1.0,9.862557395671805,0.10000000149011612
49.088,1.0,9.862735797775288,0.10000000149011612
49.136,1.0,9.835117222223845,0.10000000149011612
49.189,1.0,9.862725426732666,0.10000000149011612
49.237,1.0,9.862701468811267,0.10000000149011612
49.286,1.0,9.80795686625772,0.10000000149011612
49.337,1.0,9.670280281806157,0.10000000149011612
49.387,1.0,9.752820079111391,0.10000000149011612
49.444,1.0,9.835149017121228,0.10000000149011612
49.489,1.0,9.75263107156174,0.10000000149011612
49.537,1.0,9.835038943961262,0.10000000149011612
49.587,1.0,9.780281981411907,0.10000000149011612
49.633,1.0,9.83503128097703,0.10000000149011612
49.686,1.0,9.670174294047886,0.10000000149011612
49.742,1.0,9.752837180739476,0.10000000149011612
49.79,1.0,9.83545780862785,0.1013578474521637
49.837,1.0,9.72551983979841,0.10000000149011612
49.9,1.0,9.780320980420543,0.10000000149011612
49.938,1.0,9.83512741341773,0.10000000149011612
49.991,1.0,9.862825397277872,0.10000000149011612
50.039,1.0,9.890071490137942,0.10000000149011612
50.099,1.0,9.862768450462156,0.10000000149011612
50.139,1.0,9.862753266447948,0.10376779735088348
50.201,1.0,9.807639400867952,0.10000000149011612
50.238,1.0,9.835228565397362,0.10000000149011612
50.293,1.0,9.862638159820603,0.10000000149011612
50.338,1.0,9.670527297630906,0.10000000149011612
50.389,1.0,9.945074736140668,0.10000000149011612
50.441,1.0,9.64264620045821,0.10000000149011612
50.489,1.0,9.753077600896358,0.10000000149011612
50.539,1.0,9.670217772055832,0.10000000149011612
50.588,1.0,9.75284531691836,0.10000000149011612
50.64,1.0,9.807631574736702,0.10000000149011612
50.694,1.0,9.752653283377489,0.10000000149011612
50.744,1.0,9.725273344396717,0.10000000149011612
50.789,1.0,9.780150683907172,0.10000000149011612
50.839,1.0,9.835119383740757,0.10000000149011612
50.897,1.0,9.752994958663152,0.10000000149011612
50.94,1.0,9.807680444005463,0.10000000149011612
50.995,1.0,9.780163841177192,0.10000000149011612
51.039,1.0,9.780219315199389,0.10000000149011612
51.094,1.0,9.807854328056177,0.10000000149011612
51.139,1.0,9.835267588558297,0.10000000149011612
51.188,1.0,9.862749751284719,0.10000000149011612
51.239,1.0,9.725208860035572,0.10000000149011612
51.294,1.0,9.835171181398133,0.10000000149011612
51.341,1.0,9.725262279477384,0.10000000149011612
51.392,1.0,9.890071647738417,0.10000000149011612
51.445,1.0,9.697728152800765,0.10000000149011612
51.49,1.0,9.643225703678198,0.10000000149011612
51.55,1.0,9.78013724103156,0.10000000149011612
51.591,1.0,9.807685718933742,0.10000000149011612
51.642,1.0,9.835172623147567,0.10000000149011612
51.703,1.0,9.807716678269207,0.10000000149011612
51.75,1.0,9.752749691738023,0.10000000149011612
51.798,1.0,9.752788413295315,0.10000000149011612
51.855,1.0,9.780192569125857,0.10000000149011612
51.902,1.0,9.697994055930112,0.10000000149011612
51.952,1.0,9.91758448332548,0.10000000149011612
52.007,1.0,9.945081160610748,0.10000000149011612
52.061,1.0,9.780247335943082,0.10000000149011612
52.103,1.0,9.615407556254002,0.10000000149011612
52.152,1.0,9.78008302330143,0.10000000149011612
52.206,1.0,9.862533033142487,0.10000000149011612
52.261,1.0,9.83515919022676,0.10000000149011612
52.32,1.0,9.83519939146936,0.10000000149011612
52.358,1.0,9.780122835727202,0.10000000149011612
52.411,1.0,9.780350809813374,0.10000000149011612
52.454,1.0,9.80773522419234,0.10000000149011612
52.505,1.0,9.72527318449898,0.10000000149011612
52.554,1.0,9.890032627226578,0.10000000149011612
52.606,1.0,9.752623624975483,0.10000000149011612
52.654,1.0,9.780260066501796,0.10000000149011612
52.705,1.0,9.835000000024836,0.10000000149011612
52.756,1.0,9.890000000016556,0.10000000149011612
52.808,1.0,9.835213980927236,0.10000000149011612
52.863,1.0,9.835227272473276,0.10000000149011612
52.908,1.0,9.807757585930327,0.10000000149011612
52.961,1.0,9.862726435706847,0.10000000149011612
53.009,1.0,9.780278568590681,0.10000000149011612
53.061,1.0,9.670557760405872,0.10000000149011612
53.109,1.0,9.69795628802644,0.10000000149011612
53.159,1.0,9.807583194764124,0.10000000149011612
53.216,1.0,9.64313992553701,0.10000000149011612
53.259,1.0,9.835282575214903,0.10000000149011612
53.311,1.0,9.78035936076194,0.10000000149011612
53.363,1.0,9.780276505193777,0.10000000149011612
53.412,1.0,9.890158057564662,0.10000000149011612
53.466,1.0,9.890064675133262,0.10000000149011612
53.52,1.0,9.752634430117904,0.10000000149011612
53.56,1.0,9.835410894515613,0.10000000149011612
53.609,1.0,9.780185118938485,0.10000000149011612
53.662,1.0,9.890266574712264,0.10000000149011612
53.712,1.0,9.862637180400391,0.10000000149011612
53.76,1.0,9.75286073980646,0.10000000149011612
53.814,1.0,9.725241010636092,0.10000000149011612
53.865,1.0,9.890098570245836,0.10000000149011612
53.915,1.0,9.752772946428093,0.10000000149011612
53.981,1.0,9.890215904472603,0.10000000149011612
54.016,1.0,9.807701829075814,0.10000000149011612
54.064,1.0,9.890239384025335,0.10000000149011612
54.128,1.0,9.642998484832544,0.10000000149011612
54.169,1.0,9.752708110937641,0.10000000149011612
54.222,1.0,9.972500000004139,0.10000000149011612
54.274,1.0,9.75284612973531,0.10000000149011612
54.321,1.0,9.835320109315216,0.10000000149011612
54.382,1.0,9.890019008144737,0.10000000149011612
54.425,1.0,9.807523480699293,0.10000000149011612
54.472,1.0,9.89030253926499,0.10000000149011612
54.523,1.0,9.890163637511431,0.10000000149011612
54.572,1.0,9.835263763885532,0.10000000149011612
54.624,1.0,9.725519461060564,0.10000000149011612
54.671,1.0,9.697802702316807,0.10000000149011612
54.732,1.0,9.807534434128966,0.10000000149011612
54.775,1.0,9.725270893383357,0.10000000149011612
54.823,1.0,9.780391289086806,0.10000000149011612
54.874,1.0,9.89015270885494,0.10000000149011612
54.928,1.0,9.807727050263848,0.10000000149011612
54.973,1.0,9.752957388737963,0.10000000149011612
55.031,1.0,9.945103596461315,0.10000000149011612
55.073,1.0,9.615686603718334,0.10000000149011612
55.127,1.0,9.862814659770164,0.10000000149011612
55.173,1.0,9.835328471888271,0.10000000149011612
55.234,1.0,9.725238679577078,0.10000000149011612
55.277,1.0,9.807811538771622,0.10000000149011612
55.323,1.0,9.917629016811649,0.10000000149011612
55.381,1.0,9.780182272547648,0.10000000149011612
55.431,1.0,9.862509224832886,0.10000000149011612
55.473,1.0,9.890007012958328,0.10000000149011612
55.526,1.0,9.752982585753005,0.10000000149011612
55.577,1.0,9.642842654987342,0.10000000149011612
55.631,1.0,9.862686871840722,0.10000000149011612
55.674,1.0,9.725486069027749,0.10000000149011612
55.725,1.0,9.725195313038098,0.10000000149011612
55.775,1.0,9.698049587694307,0.10000000149011612
55.826,1.0,9.862531638228232,0.10000000149011612
55.874,1.0,9.780221022624108,0.10000000149011612
55.932,1.0,9.807600020700031,0.10000000149011612
55.979,1.0,9.752895189428495,0.10000000149011612
56.025,1.0,9.69805646619449,0.10000000149011612
56.075,1.0,9.835141728404496,0.10000000149011612
56.124,1.0,9.807759408425126,0.10000000149011612
56.171,1.0,9.725276125553581,0.10000000149011612
56.223,1.0,9.670364056734575,0.10000000149011612
56.278,1.0,9.75278933689826,0.10000000149011612
56.334,1.0,9.83529054398338,0.10000000149011612
56.377,1.0,9.807604700492488,0.10000000149011612
56.43,1.0,9.917646999491586,0.10000000149011612
56.478,1.0,9.945136368916266,0.10000000149011612
56.529,1.0,9.862576186263727,0.10000000149011612
56.582,1.0,9.807766786962748,0.10000000149011612
56.63,1.0,9.917576915439632,0.10000000149011612
56.683,1.0,9.78069566078484,0.10000000149011612
56.728,1.0,9.917597148753703,0.10000000149011612
56.782,1.0,9.69785429738048,0.10000000149011612
56.83,1.0,9.862667721551325,0.10000000149011612
56.879,1.0,9.752797235548496,0.10000000149011612
56.928,1.0,9.835085899610487,0.10000000149011612
56.977,1.0,9.862550254207518,0.10000000149011612
57.028,1.0,9.752744374237954,0.10000000149011612
57.077,1.0,9.780137172196474,0.10000000149011612
57.129,1.0,9.86256499333928,0.10000000149011612
57.183,1.0,9.835168585015667,0.10000000149011612
57.23,1.0,9.752600303706195,0.10000000149011612
57.281,1.0,9.75297972942806,0.10000000149011612
57.332,1.0,9.752949475703968,0.10000000149011612
57.38,1.0,9.780376557281448,0.10000000149011612
57.43,1.0,9.807774413666792,0.10000000149011612
57.48,1.0,9.835433406134447,0.10000000149011612
57.529,1.0,9.890000000016556,0.10000000149011612
57.583,1.0,9.807665091856487,0.10000000149011612
57.63,1.0,9.780297677963972,0.10000000149011612
57.682,1.0,9.752696920476026,0.10000000149011612
57.741,1.0,9.807913654483855,0.10000000149011612
57.781,1.0,9.725672280208933,0.10000000149011612
57.834,1.0,9.835151426018113,0.10000000149011612
57.882,1.0,9.780319556821551,0.10000000149011612
57.931,1.0,9.780341798729367,0.10000000149011612
57.987,1.0,9.835379846228493,0.10000000149011612
58.032,1.0,9.862587210536002,0.10000000149011612
58.086,1.0,9.725267211471994,0.10000000149011612
58.132,1.0,9.862758898238342,0.10000000149011612
58.182,1.0,9.697914331364963,0.10000000149011612
58.231,1.0,9.780219958681199,0.10000000149011612
58.281,1.0,9.697725695040491,0.10000000149011612
58.332,1.0,9.697659976056052,0.10000000149011612
58.382,1.0,9.7253660545167,0.10000000149011612
58.431,1.0,9.89024079028103,0.10000000149011612
58.483,1.0,9.917693507816228,0.11170154064893723
58.53,1.0,9.835129030690425,0.10000000149011612
58.581,1.0,9.835090184418691,0.10000000149011612
58.631,1.0,9.835073768699335,0.10000000149011612
58.68,1.0,9.890092680499786,0.10000000149011612
58.73,1.0,9.780200632289052,0.10000000149011612
58.782,1.0,9.75269426272975,0.10000000149011612
58.831,1.0,9.835294995932943,0.10000000149011612
58.881,1.0,9.807774838101533,0.10000000149011612
58.935,1.0,9.945113293950756,0.11178037524223328
58.981,1.0,9.83514413471437,0.10000000149011612
59.035,1.0,9.835315788185431,0.10000000149011612
59.081,1.0,9.835261249914765,0.10000000149011612
59.131,1.0,9.862690543983545,0.10000000149011612
59.184,1.0,9.752512689017587,0.10000000149011612
59.231,1.0,9.752595271501276,0.10000000149011612
59.282,1.0,9.780570761342016,0.10000000149011612
59.333,1.0,9.807590354378853,0.10000000149011612
59.383,1.0,9.67039444550044,0.10000000149011612
59.432,1.0,9.945097107378144,0.10000000149011612
59.488,1.0,9.780214077565406,0.10000000149011612
59.532,1.0,9.780021914963921,0.10000000149011612
59.589,1.0,9.835221928937568,0.10000000149011612
59.632,1.0,9.835242197227975,0.10000000149011612
59.685,1.0,9.697758461079664,0.10000000149011612
59.734,1.0,9.753087768413954,0.10000000149011612
59.79,1.0,9.835036381271978,0.10000000149011612
59.832,1.0,9.725421461607848,0.10000000149011612
59.897,1.0,9.862580328103569,0.10000000149011612
59.933,1.0,9.670495888611509,0.10000000149011612
59.983,1.0,9.64290977122469,0.10000000149011612
60.033,1.0,9.890064616418547,0.10000000149011612
60.09,1.0,9.862707627854414,0.10000000149011612
60.134,1.0,9.80795404650271,0.10000000149011612
60.188,1.0,9.780233525691761,0.10000000149011612
60.233,1.0,9.752776927707924,0.10000000149011612
60.282,1.0,9.83530983225339,0.10000000149011612
60.329,1.0,9.835247803210384,0.10000000149011612
60.382,1.0,9.72525408340411,0.10000000149011612
60.431,1.0,9.725298759775857,0.10000000149011612
60.482,1.0,9.890040556962292,0.10000000149011612
60.532,1.0,9.835161951349841,0.10000000149011612
60.582,1.0,9.78000803877496,0.10000000149011612
60.631,1.0,9.835107922160791,0.10000000149011612
60.681,1.0,9.945054052997794,0.10000000149011612
60.732,1.0,9.835287223363089,0.10000000149011612
60.783,1.0,9.835129758177532,0.10000000149011612
60.833,1.0,9.835083893976277,0.10000000149011612
60.89,1.0,9.80780614140547,0.10000000149011612
60.935,1.0,9.835131649486721,0.10000000149011612
60.984,1.0,9.835121820370356,0.10000000149011612
61.035,1.0,9.835117268748581,0.10000000149011612
61.088,1.0,9.862525656922823,0.10000000149011612
61.133,1.0,9.780226482968363,0.10000000149011612
61.185,1.0,9.917637362248367,0.10000000149011612
61.233,1.0,9.890277733364039,0.11122358590364456
61.284,1.0,9.780239677222239,0.10000000149011612
61.34,1.0,9.78019179503123,0.10000000149011612
61.388,1.0,9.698023836107717,0.10000000149011612
61.438,1.0,9.835182385477754,0.10000000149011612
61.488,1.0,9.890093669316007,0.10000000149011612
61.539,1.0,9.670380553892917,0.10000000149011612
61.594,1.0,9.752772190463212,0.10000000149011612
61.638,1.0,9.697852763347328,0.10000000149011612
61.69,1.0,9.83539008539584,0.10000000149011612
61.739,1.0,9.725280815590587,0.10000000149011612
61.79,1.0,9.807772558865448,0.10000000149011612
61.839,1.0,9.807768102983633,0.10000000149011612
61.893,1.0,9.89020754723913,0.10000000149011612
61.94,1.0,9.8625847712987,0.10000000149011612
61.99,1.0,9.75273773320433,0.10000000149011612
62.04,1.0,9.835000000024836,0.10000000149011612
62.09,1.0,9.725421923109227,0.10000000149011612
62.14,1.0,9.807559573878017,0.10000000149011612
62.189,1.0,9.8352654180386,0.10000000149011612
62.244,1.0,9.780294423405495,0.10000000149011612
62.294,1.0,9.780320783890783,0.10000000149011612
62.353,1.0,9.807762087219292,0.10000000149011612
62.394,1.0,9.80798607584503,0.10000000149011612
62.442,1.0,9.807712984209259,0.10000000149011612
62.494,1.0,9.8075992051512,0.10000000149011612
62.547,1.0,9.780319966355131,0.10000000149011612
62.594,1.0,9.725363310322994,0.10000000149011612
62.644,1.0,9.807676881531046,0.10000000149011612
62.697,1.0,9.807766755008036,0.10000000149011612
62.745,1.0,9.807805266127819,0.10000000149011612
62.796,1.0,9.725389040323595,0.10000000149011612
62.845,1.0,9.917608028029402,0.10000000149011612
62.895,1.0,9.780524502570431,0.10000000149011612
62.952,1.0,9.78052985748897,0.10000000149011612
62.996,1.0,9.862793605960906,0.10000000149011612
63.049,1.0,9.862557542841468,0.10000000149011612
63.096,1.0,9.780232311185035,0.10000000149011612
63.148,1.0,9.89013538279881,0.10000000149011612
63.196,1.0,9.890097397089832,0.10000000149011612
63.255,1.0,9.835159772448241,0.10000000149011612
63.297,1.0,9.945080370642245,0.10000000149011612
63.346,1.0,9.862614862144822,0.10000000149011612
63.396,1.0,9.917724466261765,0.10000000149011612
63.446,1.0,9.780199180253678,0.10000000149011612
63.496,1.0,9.86274474259052,0.10000000149011612
63.545,1.0,9.945157738754318,0.1129499301314354
63.6,1.0,9.807761899485357,0.10000000149011612
63.647,1.0,9.917509410095711,0.10000000149011612
63.703,1.0,9.862680645142165,0.10000000149011612
63.749,1.0,9.780319587017098,0.10000000149011612
63.798,1.0,9.807607015656929,0.10000000149011612
63.847,1.0,9.725237743887636,0.10000000149011612
63.897,1.0,9.780461730766628,0.10000000149011612
63.95,1.0,9.807811344580518,0.10000000149011612
63.994,1.0,9.697723495794667,0.10000000149011612
64.048,1.0,9.752770125452015,0.10000000149011612
64.104,1.0,9.86270219867842,0.10000000149011612
64.15,1.0,9.862581258432733,0.10000000149011612
64.203,1.0,9.890197221955491,0.10000000149011612
64.257,1.0,9.752703032559818,0.10000000149011612
64.3,1.0,9.725242547545996,0.10000000149011612
64.355,1.0,9.86263213482582,0.10000000149011612
64.412,1.0,9.862579778105848,0.10000000149011612
64.451,1.0,9.807629084607793,0.10000000149011612
64.505,1.0,9.890060093812645,0.10000000149011612
64.55,1.0,9.807522397550445,0.10000000149011612
64.602,1.0,9.64291643527233,0.10000000149011612
64.665,1.0,9.75275139775541,0.10000000149011612
64.71,1.0,9.670572169745961,0.10000000149011612
64.751,1.0,9.780339996620185,0.10000000149011612
64.8,1.0,9.780152560066846,0.10000000149011612
64.852,1.0,9.780100300576951,0.10000000149011612
64.906,1.0,9.862845166503556,0.10000000149011612
64.953,1.0,9.91764066312462,0.10000000149011612
65.009,1.0,9.917624479366673,0.10000000149011612
65.052,1.0,9.862546736705635,0.10000000149011612
65.105,1.0,9.725333510877357,0.10000000149011612
65.158,1.0,9.835176268861526,0.10000000149011612
65.204,1.0,9.80790211117516,0.10000000149011612
65.257,1.0,9.862631176474194,0.10000000149011612
65.303,1.0,9.835337787907985,0.10000000149011612
65.353,1.0,9.83536574124462,0.10000000149011612
65.411,1.0,9.7252772561171,0.10000000149011612
65.454,1.0,9.780002486767868,0.10000000149011612
65.504,1.0,9.835104367488789,0.10000000149011612
65.557,1.0,9.752772458208105,0.10000000149011612
65.602,1.0,9.945000000008278,0.10000000149011612
65.67,1.0,9.835248687097597,0.10000000149011612
65.704,1.0,9.75283827678197,0.10000000149011612
65.761,1.0,9.780214923040734,0.10000000149011612
65.803,1.0,9.835166139879988,0.10000000149011612
65.855,1.0,9.780093372923632,0.10000000149011612
65.903,1.0,9.890338588775032,0.10000000149011612
65.954,1.0,9.752654676594668,0.10000000149011612
66.003,1.0,9.780091403486828,0.10000000149011612
66.063,1.0,9.752891303495401,0.10000000149011612
66.106,1.0,9.862598351202905,0.10000000149011612
66.155,1.0,9.807815899141133,0.10000000149011612
66.205,1.0,9.835148259893888,0.10000000149011612
66.254,1.0,9.890089274963572,0.10000000149011612
66.307,1.0,9.615424015186727,0.10000000149011612
66.356,1.0,9.945064277429548,0.10000000149011612
66.405,1.0,9.890163792193764,0.10000000149011612
66.453,1.0,9.890144768067533,0.10000000149011612
66.505,1.0,9.835039904899896,0.10000000149011612
66.558,1.0,9.780234597064554,0.10000000149011612
66.615,1.0,9.807711230673723,0.10000000149011612
66.665,1.0,9.780054688226018,0.10000000149011612
66.724,1.0,9.835261629397671,0.10000000149011612
66.769,1.0,9.80768354613748,0.10000000149011612
66.822,1.0,9.862673373044364,0.10000000149011612
66.87,1.0,9.752745169483953,0.10000000149011612
66.928,1.0,9.780039430430365,0.10000000149011612
66.973,1.0,9.945138910578358,0.10376778244972229
67.026,1.0,9.697855550961362,0.10000000149011612
67.073,1.0,9.807536973348922,0.10000000149011612
67.122,1.0,9.697926969495084,0.10000000149011612
67.181,1.0,9.835169338952337,0.10000000149011612
67.224,1.0,9.725310826280879,0.10000000149011612
67.273,1.0,9.780211757123471,0.10000000149011612
67.328,1.0,9.780120187956426,0.10000000149011612
67.373,1.0,9.725361161472069,0.10000000149011612
67.424,1.0,9.890000359569159,0.10000000149011612
67.473,1.0,9.75266806439807,0.10000000149011612
67.525,1.0,9.835128270689811,0.10000000149011612
67.574,1.0,9.75261058592134,0.10000000149011612
67.629,1.0,9.890039850481683,0.10000000149011612
67.678,1.0,9.862747396611505,0.10000000149011612
67.729,1.0,9.835000000024836,0.10000000149011612
67.774,1.0,9.945045666934716,0.10000000149011612
67.824,1.0,9.862500000020695,0.10000000149011612
67.873,1.0,9.753024954804117,0.10000000149011612
67.925,1.0,9.835120594646368,0.10000000149011612
67.975,1.0,9.86268702780621,0.10000000149011612
68.025,1.0,9.86280573233962,0.10000000149011612
68.078,1.0,9.862789445742965,0.10000000149011612
68.124,1.0,9.917700022272765,0.11949579417705536
68.175,1.0,9.780296705725293,0.10000000149011612
68.235,1.0,9.835224891329805,0.10000000149011612
68.281,1.0,9.752801808756258,0.10000000149011612
68.33,1.0,9.780536446823842,0.10000000149011612
68.38,1.0,9.807701770650844,0.10000000149011612
68.431,1.0,9.75258242547926,0.10000000149011612
68.48,1.0,9.780238783525096,0.10000000149011612
68.53,1.0,9.780424948450591,0.10000000149011612
68.586,1.0,9.835108081934353,0.10000000149011612
68.631,1.0,9.698018151087066,0.10000000149011612
68.679,1.0,9.697630360246533,0.10000000149011612
68.73,1.0,9.890111412563257,0.10000000149011612
68.783,1.0,9.69809410093973,0.10000000149011612
68.829,1.0,9.780170053181548,0.10000000149011612
68.881,1.0,9.560849476647046,0.10000000149011612
68.941,1.0,9.862607279212938,0.10000000149011612
68.982,1.0,9.8079054404671,0.10000000149011612
69.029,1.0,9.862692213596569,0.10000000149011612
69.08,1.0,9.725158785656095,0.10000000149011612
69.13,1.0,9.807942338225741,0.10000000149011612
69.18,1.0,9.780360059357351,0.10000000149011612
69.23,1.0,9.945000000008278,0.10000000149011612
69.284,1.0,9.807803302961918,0.10000000149011612
69.333,1.0,9.697813805461758,0.10000000149011612
69.383,1.0,9.835223026573658,0.10000000149011612
69.437,1.0,9.862731581450337,0.10000000149011612
69.487,1.0,9.807693363953796,0.10000000149011612
69.533,1.0,9.807836908722917,0.10000000149011612
69.587,1.0,9.780177362677124,0.10000000149011612
69.632,1.0,9.862649837984806,0.10000000149011612
69.685,1.0,9.61552476864308,0.10000000149011612
69.746,1.0,9.890109740673667,0.10000000149011612
69.784,1.0,9.670627365199229,0.10000000149011612
69.835,1.0,9.725495435628627,0.10000000149011612
69.884,1.0,9.75285214425789,0.10000000149011612
69.939,1.0,9.807830429346197,0.10000000149011612
69.983,1.0,9.80771512662371,0.10000000149011612
70.036,1.0,9.835126810334623,0.10000000149011612
70.084,1.0,9.835220624133944,0.10000000149011612
70.141,1.0,9.890000000016556,0.10000000149011612
70.185,1.0,9.697898761803906,0.10000000149011612
70.242,1.0,9.780337853315803,0.10000000149011612
70.289,1.0,9.86260979730222,0.10000000149011612
70.34,1.0,9.697817647188074,0.10000000149011612
70.399,1.0,9.697946965922084,0.10000000149011612
70.439,1.0,9.807824623274307,0.10000000149011612
70.497,1.0,9.780448958546751,0.10000000149011612
70.546,1.0,9.752752715990775,0.10000000149011612
70.598,1.0,9.78017571731988,0.10000000149011612
70.647,1.0,9.615407419804898,0.10000000149011612
70.696,1.0,9.725538257757822,0.10000000149011612
70.746,1.0,9.890146791251997,0.10000000149011612
70.795,1.0,9.917660706883503,0.10000000149011612
70.853,1.0,9.862634529752864,0.10000000149011612
70.905,1.0,9.835420357932646,0.10000000149011612
70.95,1.0,9.807807172607216,0.10000000149011612
71.011,1.0,9.752826199473606,0.10000000149011612
71.053,1.0,9.807674862692753,0.10000000149011612
71.109,1.0,9.862813481233186,0.10000000149011612
71.155,1.0,9.862599388365116,0.10000000149011612
71.203,1.0,9.752942159420087,0.10000000149011612
71.26,1.0,9.862560902059906,0.10000000149011612
71.304,1.0,9.862663125681381,0.10000000149011612
71.363,1.0,9.6705668684923,0.10000000149011612
71.407,1.0,9.890159739616017,0.10000000149011612
71.449,1.0,9.862612069087724,0.10000000149011612
71.502,1.0,9.780518956171969,0.10000000149011612
71.558,1.0,9.835143951368,0.10000000149011612
71.603,1.0,9.807599823197556,0.10000000149011612
71.654,1.0,9.780244798089067,0.10000000149011612
71.701,1.0,9.780414926446975,0.10000000149011612
71.754,1.0,9.780490826732583,0.10000000149011612
71.806,1.0,9.917508933982916,0.10000000149011612
71.853,1.0,9.89009218727135,0.10000000149011612
71.903,1.0,9.75281564268387,0.10000000149011612
71.955,1.0,9.697643173423906,0.10000000149011612
72.006,1.0,9.835250183712278,0.10000000149011612
72.054,1.0,9.890276224311027,0.10000000149011612
72.105,1.0,9.780110461244153,0.10000000149011612
72.156,1.0,9.807811067750057,0.10000000149011612
72.203,1.0,9.780257943107022,0.10000000149011612
72.258,1.0,9.780057431012391,0.10000000149011612
72.303,1.0,9.835160164162517,0.10000000149011612
72.356,1.0,9.94504110413707,0.10000000149011612
72.402,1.0,9.835234004052149,0.10000000149011612
72.454,1.0,9.862604907444782,0.10000000149011612
72.503,1.0,9.697929152225454,0.10000000149011612
72.555,1.0,9.835074957977566,0.10000000149011612
72.604,1.0,9.917749423223237,0.1181696429848671
72.654,1.0,9.835329353126387,0.10000000149011612
72.707,1.0,9.862751936498615,0.10000000149011612
72.753,1.0,9.890059676621522,0.10000000149011612
72.804,1.0,9.780228392904004,0.10000000149011612
72.853,1.0,9.75287903957069,0.10000000149011612
72.903,1.0,9.835155063888266,0.10000000149011612
72.956,1.0,9.862682867008779,0.10000000149011612
73.007,1.0,9.862631183345284,0.10000000149011612
73.055,1.0,9.725401632694734,0.10000000149011612
73.107,1.0,9.862646650750603,0.10000000149011612
73.158,1.0,9.670221044143869,0.10000000149011612
73.208,1.0,9.725219615590241,0.10000000149011612
73.257,1.0,9.69781173368295,0.10000000149011612
73.308,1.0,9.780220345635382,0.10000000149011612
73.358,1.0,9.835335790986816,0.10000000149011612
73.408,1.0,9.75281209492435,0.10000000149011612
73.458,1.0,9.945000000008278,0.10000000149011612
73.513,1.0,9.807631729005111,0.10000000149011612
73.56,1.0,9.80756576731801,0.10000000149011612
73.617,1.0,9.862728503863845,0.10000000149011612
73.661,1.0,9.862695634613434,0.10000000149011612
73.711,1.0,9.807925939559937,0.10000000149011612
73.762,1.0,9.780319487303496,0.10000000149011612
73.812,1.0,9.835006349844237,0.10000000149011612
73.866,1.0,9.807632257954943,0.10000000149011612
73.912,1.0,9.835183441162938,0.10000000149011612
73.967,1.0,9.697822754457594,0.10000000149011612
74.023,1.0,9.752880655125612,0.10000000149011612
74.066,1.0,9.807738931145932,0.10000000149011612
74.117,1.0,9.75267464739995,0.10000000149011612
74.163,1.0,9.890121098214554,0.10000000149011612
74.215,1.0,9.72552804487447,0.10000000149011612
74.265,1.0,9.697846531040138,0.10000000149011612
74.315,1.0,9.72527078487393,0.10000000149011612
74.368,1.0,9.862689044885338,0.10000000149011612
74.416,1.0,9.835259999562469,0.10000000149011612
74.465,1.0,9.725335441674623,0.10000000149011612
74.52,1.0,9.752822998952535,0.10000000149011612
74.565,1.0,9.78019752326525,0.10000000149011612
74.616,1.0,9.780253539793193,0.10000000149011612
74.665,1.0,9.835160252141456,0.10000000149011612
74.716,1.0,9.752973565190203,0.10000000149011612
74.771,1.0,9.807585549706387,0.10000000149011612
74.815,1.0,9.8353682918888,0.10000000149011612
74.876,1.0,9.890092557109892,0.10000000149011612
74.924,1.0,9.86258355366687,0.10000000149011612
74.965,1.0,9.862598184330595,0.10000000149011612
75.015,1.0,9.670474735999273,0.10000000149011612
75.067,1.0,9.862716170193421,0.10000000149011612
75.12,1.0,9.780286327977148,0.10000000149011612
75.169,1.0,9.6430701698487,0.10000000149011612
75.22,1.0,9.862985417474475,0.1168147400021553
75.265,1.0,9.835076043402983,0.10000000149011612
75.321,1.0,9.780141293899053,0.10000000149011612
75.364,1.0,9.890000000016556,0.10000000149011612
75.42,1.0,9.835472699979114,0.10000000149011612
75.465,1.0,9.862760936096311,0.10000000149011612
75.518,1.0,9.835489064868954,0.10303603112697601
75.566,1.0,9.80768711850461,0.10000000149011612
75.615,1.0,9.807943218015135,0.10000000149011612
75.665,1.0,9.725528213381768,0.10000000149011612
75.716,1.0,9.890247118266092,0.10000000149011612
75.769,1.0,9.83513367463731,0.10000000149011612
75.815,1.0,9.725215170056456,0.10000000149011612
75.868,1.0,9.807819162661003,0.10000000149011612
75.916,1.0,9.8352149170306,0.10000000149011612
75.971,1.0,9.917500000012417,0.10000000149011612
76.015,1.0,9.890014405921102,0.10000000149011612
76.068,1.0,9.862751188915636,0.10000000149011612
76.115,1.0,9.86259670837058,0.10000000149011612
76.165,1.0,9.670234540953404,0.10000000149011612
76.217,1.0,9.835349163847665,0.10000000149011612
76.268,1.0,9.752700533159077,0.10000000149011612
76.317,1.0,9.835180820814438,0.10000000149011612
76.367,1.0,9.780217336428661,0.10000000149011612
76.416,1.0,9.698014039090937,0.10000000149011612
76.481,1.0,9.8627627072028,0.10000000149011612
76.521,1.0,9.670813298494451,0.10000000149011612
76.571,1.0,9.752868904732168,0.10000000149011612
76.626,1.0,9.835130313411355,0.10000000149011612
76.683,1.0,9.89014034755528,0.10000000149011612
76.728,1.0,9.780136987111634,0.10000000149011612
76.783,1.0,9.780359904219706,0.10000000149011612
76.828,1.0,9.780261820596126,0.10000000149011612
76.884,1.0,9.94505517412391,0.10000000149011612
76.931,1.0,9.917525620427396,0.10000000149011612
76.977,1.0,9.862687157425615,0.10000000149011612
77.027,1.0,9.862573424147236,0.10000000149011612
77.08,1.0,9.670557375686863,0.10000000149011612
77.128,1.0,9.917525477976435,0.10000000149011612
77.178,1.0,9.835359944092732,0.10000000149011612
77.236,1.0,9.670310961496499,0.10000000149011612
77.281,1.0,9.725222193615304,0.10000000149011612
77.334,1.0,9.89013909910702,0.10000000149011612
77.385,1.0,9.752698347344994,0.10000000149011612
77.439,1.0,9.80754821172191,0.10000000149011612
77.485,1.0,9.780368340118892,0.10000000149011612
77.539,1.0,9.83509699497372,0.10000000149011612
77.583,1.0,9.780125351953838,0.10000000149011612
77.635,1.0,9.86272053801351,0.10000000149011612
77.684,1.0,9.835116976809998,0.10000000149011612
77.735,1.0,9.83517116608305,0.10000000149011612
77.792,1.0,9.752770727003615,0.10000000149011612
77.834,1.0,9.835293746511969,0.10000000149011612
77.881,1.0,9.835125024306278,0.10000000149011612
77.934,1.0,9.862701666375829,0.10198250412940979
77.986,1.0,9.835221968880958,0.10000000149011612
78.038,1.0,9.890224694170886,0.10000000149011612
78.086,1.0,9.780220669280324,0.10000000149011612
78.139,1.0,9.862650032734706,0.10000000149011612
78.186,1.0,9.917655666213896,0.10737378150224686
78.236,1.0,9.862608727212582,0.10000000149011612
78.286,1.0,9.807616420628296,0.10000000149011612
78.342,1.0,9.807813031060828,0.10000000149011612
78.389,1.0,9.670546772434479,0.10000000149011612
78.44,1.0,9.945081949875586,0.11325202882289886
78.493,1.0,9.862712522513336,0.10000000149011612
78.537,1.0,9.835197909610967,0.10000000149011612
78.589,1.0,9.670324001999365,0.10000000149011612
78.638,1.0,9.670471044629812,0.10000000149011612
78.693,1.0,9.917525665358538,0.10000000149011612
78.738,1.0,9.752927429932686,0.10000000149011612
78.788,1.0,9.91765751855241,0.10000000149011612
78.839,1.0,9.835046430201166,0.10000000149011612
78.889,1.0,9.835227477923036,0.10000000149011612
78.94,1.0,9.807652583242291,0.10000000149011612
78.988,1.0,9.752699060903655,0.10000000149011612
79.043,1.0,9.78013861692614,0.10000000149011612
79.088,1.0,9.862931068365773,0.10756061971187592
79.145,1.0,9.890146120306518,0.10000000149011612
79.188,1.0,9.945089906474783,0.10000000149011612
79.242,1.0,9.862711838819086,0.10000000149011612
79.288,1.0,9.725183923873637,0.10000000149011612
79.339,1.0,9.698145932828387,0.10000000149011612
79.398,1.0,9.752743597701192,0.10000000149011612
79.438,1.0,9.670428616491456,0.10000000149011612
79.49,1.0,9.890274026865761,0.10000000149011612
79.538,1.0,9.67028562132683,0.10000000149011612
79.584,1.0,9.917526679672301,0.10000000149011612
79.638,1.0,9.72558631170541,0.10000000149011612
79.693,1.0,9.83521862982048,0.10000000149011612
79.738,1.0,9.725200367925895,0.10000000149011612
79.792,1.0,9.835347010671265,0.10000000149011612
79.838,1.0,9.835436464825438,0.10000000149011612
79.895,1.0,9.725390378116733,0.10000000149011612
79.944,1.0,9.890000000016556,0.10000000149011612
79.997,1.0,9.61571356739021,0.10000000149011612
80.042,1.0,9.78053590177248,0.10000000149011612
80.095,1.0,9.835126253258851,0.10000000149011612
80.143,1.0,9.61521629701472,0.10000000149011612
80.193,1.0,9.780137877973418,0.10000000149011612
80.248,1.0,9.80786752872583,0.10000000149011612
80.302,1.0,9.780349542097085,0.10000000149011612
80.348,1.0,9.862768257160981,0.10000000149011612
80.396,1.0,9.807852108693785,0.10000000149011612
80.446,1.0,9.917667198222544,0.1028222069144249
80.51,1.0,9.670529936833514,0.10000000149011612
80.545,1.0,9.862714698952106,0.10000000149011612
80.6,1.0,9.862680730823842,0.10000000149011612
80.647,1.0,9.752834779334565,0.10000000149011612
80.698,1.0,9.807850416770412,0.10000000149011612
80.748,1.0,9.835226960728566,0.10000000149011612
80.798,1.0,9.697805234914025,0.10000000149011612
80.846,1.0,9.807630977779628,0.10000000149011612
80.901,1.0,9.752806008089747,0.10000000149011612
80.958,1.0,9.862802860803074,0.10000000149011612
81.0,1.0,9.725550804121626,0.10000000149011612
81.056,1.0,9.8903576767486,0.11984004825353622
81.099,1.0,9.725222488078806,0.10000000149011612
81.155,1.0,9.807893058885302,0.10000000149011612
81.21,1.0,9.917607891973521,0.10000000149011612
81.258,1.0,9.697922249283227,0.10000000149011612
81.307,1.0,9.780335058685806,0.10000000149011612
81.359,1.0,9.725377791726755,0.10000000149011612
81.408,1.0,9.697883866748048,0.10000000149011612
81.444,1.0,9.752987012205024,0.10000000149011612
81.508,1.0,9.807590385588506,0.10000000149011612
81.562,1.0,9.862684945969118,0.10000000149011612
81.612,1.0,9.807679470938941,0.10000000149011612
81.664,1.0,9.91760978884995,0.10000000149011612
81.713,1.0,9.862923733372655,0.10000000149011612
81.761,1.0,9.890061146310634,0.10000000149011612
81.813,1.0,9.670390509772632,0.10000000149011612
81.861,1.0,9.643114892351958,0.10000000149011612
81.911,1.0,9.807589902045827,0.10000000149011612
81.964,1.0,9.75253487272809,0.10000000149011612
82.012,1.0,9.752746060883833,0.10000000149011612
82.061,1.0,9.862851282188462,0.10996920615434647
82.118,1.0,9.835074453055858,0.10000000149011612
82.161,1.0,9.752696913542847,0.10000000149011612
82.218,1.0,9.835481861337191,0.10000000149011612
82.263,1.0,9.78017881280846,0.10000000149011612
82.316,1.0,9.83536999972744,0.10000000149011612
82.367,1.0,9.752847619892822,0.10000000149011612
82.412,1.0,9.753158922783202,0.10000000149011612
82.463,1.0,9.890234092871347,0.10000000149011612
82.512,1.0,9.78034096494731,0.10000000149011612
82.562,1.0,9.752863414233758,0.10000000149011612
82.612,1.0,9.752682921249006,0.10000000149011612
82.669,1.0,9.890289656341904,0.10000000149011612
82.717,1.0,9.807805940633019,0.10000000149011612
82.771,1.0,9.780124366242024,0.10000000149011612
82.817,1.0,9.835192433661884,0.10000000149011612
82.869,1.0,9.725274537627895,0.10000000149011612
82.92,1.0,9.890169233125118,0.10000000149011612
82.977,1.0,9.835470791885422,0.10436392575502396
83.022,1.0,9.78017975627962,0.10000000149011612
83.068,1.0,9.697859987657932,0.10000000149011612
83.125,1.0,9.752818487667374,0.10000000149011612
83.18,1.0,9.80775221478608,0.10000000149011612
83.219,1.0,9.697725759115484,0.10000000149011612
83.271,1.0,9.80773327253345,0.10000000149011612
83.32,1.0,9.890168748402761,0.10000000149011612
83.37,1.0,9.83511580462671,0.10000000149011612
83.421,1.0,9.69783282418632,0.10000000149011612
83.475,1.0,9.780113034778172,0.10000000149011612
83.52,1.0,9.862636446911427,0.10000000149011612
83.575,1.0,9.780137759943804,0.10000000149011612
83.624,1.0,9.86271275025275,0.10000000149011612
83.679,1.0,9.80785681034128,0.10000000149011612
83.722,1.0,9.807653608007563,0.10000000149011612
83.771,1.0,9.807883085269067,0.10000000149011612
83.84,1.0,9.890020803983013,0.10000000149011612
83.871,1.0,9.862649263648523,0.10000000149011612
83.928,1.0,9.780400506676072,0.10000000149011612
83.972,1.0,9.890010298643675,0.10000000149011612
84.023,1.0,9.89014168576234,0.10000000149011612
84.076,1.0,9.752633021896084,0.10000000149011612
84.127,1.0,9.945153457671404,0.10662196576595306
84.19,1.0,9.86260973867029,0.10000000149011612
84.238,1.0,9.752611927770905,0.10000000149011612
84.291,1.0,9.835052162408829,0.10000000149011612
84.339,1.0,9.862673333432111,0.10000000149011612
84.389,1.0,9.8627044600952,0.10000000149011612
84.439,1.0,9.587957813073363,0.10000000149011612
84.489,1.0,9.698015023188459,0.10000000149011612
84.538,1.0,9.780409828925299,0.10000000149011612
84.589,1.0,9.697913625981245,0.10000000149011612
84.64,1.0,9.835111595338418,0.10000000149011612
84.69,1.0,9.780213916922609,0.10000000149011612
84.742,1.0,9.862608196876115,0.10000000149011612
84.79,1.0,9.972500000004139,0.10000000149011612
84.84,1.0,9.752831419246892,0.10000000149011612
84.89,1.0,9.807751799540387,0.10000000149011612
84.941,1.0,9.862833613653978,0.10000000149011612
84.99,1.0,9.780382274049852,0.10000000149011612
85.045,1.0,9.86284228677137,0.10000000149011612
85.09,1.0,9.72533218190074,0.10000000149011612
85.141,1.0,9.835252701097893,0.10000000149011612
85.194,1.0,9.780491334613826,0.10000000149011612
85.246,1.0,9.807715357943541,0.10000000149011612
85.291,1.0,9.835229490262767,0.10000000149011612
85.341,1.0,9.890106520098117,0.10000000149011612
85.39,1.0,9.780175864117012,0.10000000149011612
85.444,1.0,9.753104041475389,0.10000000149011612
85.495,1.0,9.917630528058442,0.10000000149011612
85.545,1.0,9.7253654613677,0.10000000149011612
85.595,1.0,9.807835204443998,0.10000000149011612
85.654,1.0,9.752693194689023,0.10000000149011612
85.695,1.0,9.752994894132845,0.10000000149011612
85.746,1.0,9.807768694497645,0.10000000149011612
85.795,1.0,9.862734016983046,0.10000000149011612
85.845,1.0,9.917552088677056,0.10000000149011612
85.895,1.0,9.89028326595823,0.1148369312286377
85.945,1.0,9.780438899021181,0.10000000149011612
85.996,1.0,9.807811349382003,0.10000000149011612
86.053,1.0,9.615484995746778,0.10000000149011612
86.096,1.0,9.807862900735604,0.10000000149011612
86.149,1.0,9.862637523396147,0.10000000149011612
86.194,1.0,9.698047444038092,0.10000000149011612
86.248,1.0,9.780105719404917,0.10000000149011612
86.294,1.0,9.862711387727824,0.10000000149011612
86.345,1.0,9.780426544344259,0.10000000149011612
86.394,1.0,9.808003215967782,0.10000000149011612
86.445,1.0,9.670424688338406,0.10000000149011612
86.501,1.0,9.89027717695054,0.10619895905256271
86.555,1.0,9.835268312051065,0.10000000149011612
86.597,1.0,9.862658453753426,0.10000000149011612
86.648,1.0,9.862588108786278,0.10000000149011612
86.703,1.0,9.780311694037582,0.10000000149011612
86.75,1.0,9.807777621472875,0.10000000149011612
86.802,1.0,9.780379669306178,0.10000000149011612
86.85,1.0,9.807597367196447,0.10000000149011612
86.9,1.0,9.780247510886854,0.10000000149011612
86.955,1.0,9.917633458951281,0.10733562707901001
86.999,1.0,9.780244607933694,0.10000000149011612
87.05,1.0,9.835041371588078,0.10000000149011612
87.099,1.0,9.890004026703537,0.10000000149011612
87.149,1.0,9.807753056246373,0.10052076727151871
87.2,1.0,9.862687404081225,0.10000000149011612
87.255,1.0,9.807501750335925,0.10000000149011612
87.302,1.0,9.752832577874264,0.10000000149011612
87.358,1.0,9.807676763273776,0.10000000149011612
87.401,1.0,9.725368612839116,0.10000000149011612
87.455,1.0,9.862784513396521,0.10000000149011612
87.503,1.0,9.945259230501122,0.14423838257789612
87.555,1.0,9.862761220625705,0.10000000149011612
87.609,1.0,9.862934870935149,0.1017943024635315
87.655,1.0,9.780470669973228,0.10000000149011612
87.706,1.0,9.58813192082776,0.10000000149011612
87.762,1.0,9.862500000020695,0.10000000149011612
87.806,1.0,9.643161378759476,0.10000000149011612
87.859,1.0,9.835196794466013,0.10000000149011612
87.909,1.0,9.862628445153435,0.10000000149011612
87.957,1.0,9.725446159972085,0.10000000149011612
88.006,1.0,9.862669038172397,0.10000000149011612
88.056,1.0,9.945035156855981,0.10000000149011612
88.112,1.0,9.725476399581465,0.10000000149011612
88.155,1.0,9.80775171249277,0.10000000149011612
88.206,1.0,9.78023820306278,0.10000000149011612
88.261,1.0,9.890089754346345,0.10000000149011612
88.307,1.0,9.862659538351,0.10000000149011612
88.356,1.0,9.75284285845442,0.10000000149011612
88.408,1.0,9.697869703442686,0.10000000149011612
88.457,1.0,9.835215200401015,0.10000000149011612
88.514,1.0,9.780480900199876,0.10000000149011612
88.562,1.0,9.83520753754096,0.10000000149011612
88.609,1.0,9.807838079271217,0.10000000149011612
88.66,1.0,9.862957863281999,0.10000000149011612
88.71,1.0,9.807862324557371,0.10000000149011612
88.766,1.0,9.86264417881353,0.10000000149011612
88.81,1.0,9.7528493060213,0.10000000149011612
88.866,1.0,9.945039856785701,0.10000000149011612
88.912,1.0,9.780305829416546,0.10000000149011612
88.964,1.0,9.697722874954342,0.10000000149011612
89.012,1.0,9.862773746624589,0.10000000149011612
89.071,1.0,9.862799927550885,0.10000000149011612
89.12,1.0,9.917537605576218,0.10000000149011612
89.174,1.0,9.725151279051271,0.10000000149011612
89.225,1.0,9.890000000016556,0.10000000149011612
89.281,1.0,9.752743810249699,0.10000000149011612
89.327,1.0,9.588007402689092,0.10000000149011612
89.379,1.0,9.752741574475335,0.10000000149011612
89.43,1.0,9.780128583995005,0.10000000149011612
89.48,1.0,9.91771882844882,0.10000000149011612
89.531,1.0,9.780411892818908,0.10000000149011612
89.581,1.0,9.862830813684397,0.10000000149011612
89.633,1.0,9.670390983132853,0.10000000149011612
89.679,1.0,9.890158258378506,0.10000000149011612
89.731,1.0,9.807623008224699,0.10000000149011612
89.78,1.0,9.780272725514239,0.10000000149011612
89.832,1.0,9.807767629975245,0.10000000149011612
89.883,1.0,9.670364119091795,0.10000000149011612
89.93,1.0,9.917554006063275,0.10000000149011612
89.98,1.0,9.862500000020695,0.10000000149011612
90.042,1.0,9.780344372594522,0.10000000149011612
90.079,1.0,9.780263782603045,0.10000000149011612
90.138,1.0,9.835213815834788,0.10000000149011612
90.179,1.0,9.945169226825238,0.11596895754337311
90.235,1.0,9.835281059849594,0.10000000149011612
90.279,1.0,9.807528917180996,0.10000000149011612
90.332,1.0,9.697687020939258,0.10000000149011612
90.388,1.0,9.86265526206957,0.10000000149011612
90.431,1.0,9.780256489022738,0.10000000149011612
90.482,1.0,9.752919221690131,0.10000000149011612
90.543,1.0,9.780247993394733,0.10000000149011612
90.581,1.0,9.835088354328441,0.10000000149011612
90.634,1.0,9.807616384927597,0.10000000149011612
90.681,1.0,9.862542601695491,0.10000000149011612
90.73,1.0,9.780219452497033,0.10000000149011612
90.782,1.0,9.780490370591481,0.10000000149011612
90.831,1.0,9.725442177678149,0.10000000149011612
90.882,1.0,9.780282764530016,0.10000000149011612
90.934,1.0,9.807631665613089,0.10000000149011612
90.988,1.0,9.780156142947574,0.10000000149011612
91.033,1.0,9.862664463909136,0.10000000149011612
91.082,1.0,9.780249365025924,0.10000000149011612
91.138,1.0,9.835202524811029,0.10000000149011612
91.182,1.0,9.835326186215712,0.10000000149011612
91.234,1.0,9.94506485220045,0.10000000149011612
91.282,1.0,9.697796974848542,0.10000000149011612
91.332,1.0,9.835140357973675,0.10000000149011612
91.386,1.0,9.752795291588539,0.10000000149011612
91.442,1.0,9.725518018814425,0.10000000149011612
91.486,1.0,9.835115048723916,0.10000000149011612
91.542,1.0,9.780339735663599,0.10000000149011612
91.586,1.0,9.835279476332168,0.10000000149011612
91.638,1.0,9.780234994594421,0.10000000149011612
91.686,1.0,9.69776102906714,0.10000000149011612
91.737,1.0,9.780386015255418,0.10000000149011612
91.791,1.0,9.72543524723086,0.10000000149011612
91.837,1.0,9.862500000020695,0.10000000149011612
91.887,1.0,9.835338837798272,0.10000000149011612
91.938,1.0,9.752649160536627,0.10000000149011612
91.99,1.0,9.725225894504952,0.10000000149011612
92.038,1.0,9.862739673691491,0.10000000149011612
92.088,1.0,9.8076184955736,0.10000000149011612
92.137,1.0,9.780240114529928,0.10000000149011612
92.18,1.0,9.91768323013352,0.10000000149011612
92.237,1.0,9.753164101102286,0.10000000149011612
92.293,1.0,9.780582938405376,0.10000000149011612
92.338,1.0,9.835266485975849,0.10000000149011612
92.388,1.0,9.670173981475333,0.10000000149011612
92.447,1.0,9.890067733493115,0.10000000149011612
92.498,1.0,9.752798928382497,0.10000000149011612
92.548,1.0,9.862527281770276,0.10000000149011612
92.593,1.0,9.752616823857856,0.10000000149011612
92.643,1.0,9.862741825874481,0.10000000149011612
92.697,1.0,9.752888766696884,0.10000000149011612
92.743,1.0,9.807663395793902,0.10000000149011612
92.793,1.0,9.753027178305718,0.10000000149011612
92.843,1.0,9.917500000012417,0.10000000149011612
92.897,1.0,9.752957046094041,0.10000000149011612
92.943,1.0,9.670450244719783,0.10000000149011612
92.994,1.0,9.835363185488516,0.10000000149011612
93.039,1.0,9.972500000004139,0.10000000149011612
93.094,1.0,9.697692167986599,0.10000000149011612
93.144,1.0,9.835200237524178,0.10000000149011612
93.19,1.0,9.75277871746156,0.10000000149011612
93.243,1.0,9.945124206402236,0.12235186249017715
93.295,1.0,9.862703616399731,0.10000000149011612
93.342,1.0,9.8901586914642,0.10000000149011612
93.394,1.0,9.64293825181408,0.10000000149011612
93.448,1.0,9.80779077058865,0.10000000149011612
93.493,1.0,9.835092213605012,0.10000000149011612
93.547,1.0,9.835227985659408,0.10000000149011612
93.595,1.0,9.890125517526435,0.10000000149011612
93.644,1.0,9.83526969510648,0.10000000149011612
93.698,1.0,9.780194671576222,0.10000000149011612
93.746,1.0,9.78055722411308,0.10000000149011612
93.798,1.0,9.835127282473776,0.10000000149011612
93.854,1.0,9.697829766385258,0.10000000149011612
93.895,1.0,9.752791600260469,0.10000000149011612
93.946,1.0,9.725248250758483,0.10000000149011612
94.005,1.0,9.780477637797594,0.10000000149011612
94.045,1.0,9.752500000037253,0.10000000149011612
94.1,1.0,9.780240431903964,0.10000000149011612
94.146,1.0,9.75296903465771,0.10000000149011612
94.197,1.0,9.725258175304367,0.10000000149011612
94.256,1.0,9.752844147384167,0.10000000149011612
94.295,1.0,9.807841966984173,0.10000000149011612
94.35,1.0,9.917543865160809,0.10000000149011612
94.413,1.0,9.835292952135205,0.10000000149011612
94.457,1.0,9.835032739593752,0.10000000149011612
94.51,1.0,9.643211341049108,0.10000000149011612
94.56,1.0,9.917776468002963,0.1106882318854332
94.612,1.0,9.80763700010462,0.10000000149011612
94.656,1.0,9.945097183125714,0.10284901410341263
94.707,1.0,9.83516052570194,0.10000000149011612
94.76,1.0,9.807543074360325,0.10000000149011612
94.807,1.0,9.752824731171131,0.10000000149011612
94.861,1.0,9.890272226971057,0.10000000149011612
94.908,1.0,9.807784676675995,0.10000000149011612
94.956,1.0,9.67035304405209,0.10000000149011612
95.011,1.0,9.588257243774004,0.10000000149011612
95.056,1.0,9.780433423237668,0.10000000149011612
95.113,1.0,9.78021430288338,0.10000000149011612
95.161,1.0,9.75268404694895,0.10000000149011612
95.206,1.0,9.890156214539376,0.10000000149011612
95.262,1.0,9.697675378744801,0.10000000149011612
95.317,1.0,9.560796090463798,0.10000000149011612
95.362,1.0,9.752839662507176,0.10000000149011612
95.409,1.0,9.835378556015591,0.10000000149011612
95.459,1.0,9.725163997771839,0.10000000149011612
95.514,1.0,9.862692443446981,0.10000000149011612
95.559,1.0,9.835145341439379,0.10000000149011612
95.609,1.0,9.917565950295991,0.10315339267253876
95.661,1.0,9.807730622465412,0.10000000149011612
95.713,1.0,9.917686275020241,0.10711324959993362
95.762,1.0,9.725459043267701,0.10000000149011612
95.817,1.0,9.83524489245481,0.10000000149011612
95.874,1.0,9.780497616405288,0.10000000149011612
95.915,1.0,9.917635994611516,0.10000000149011612
95.962,1.0,9.75272646068285,0.10000000149011612
96.011,1.0,9.807733667745358,0.10000000149011612
96.066,1.0,9.835234099957678,0.10000000149011612
96.114,1.0,9.835234974014263,0.10000000149011612
96.165,1.0,9.807782483514812,0.10000000149011612
96.212,1.0,9.807599631883203,0.10000000149011612
96.255,1.0,9.752573694247339,0.10000000149011612
96.313,1.0,9.780200910050835,0.10000000149011612
96.366,1.0,9.752962695662346,0.10000000149011612
96.412,1.0,9.72537748242418,0.10000000149011612
96.463,1.0,9.807966937166121,0.10000000149011612
96.512,1.0,9.80780474142068,0.10000000149011612
96.571,1.0,9.752777293469343,0.10000000149011612
96.614,1.0,9.725300477486517,0.10000000149011612
96.67,1.0,9.752962797114419,0.10000000149011612
96.713,1.0,9.862816318910983,0.10000000149011612
96.769,1.0,9.862562457430695,0.10000000149011612
96.817,1.0,9.72517147976905,0.10000000149011612
96.868,1.0,9.835070123523474,0.10000000149011612
96.922,1.0,9.80768132240822,0.10000000149011612
96.968,1.0,9.862508894399637,0.10000000149011612
97.016,1.0,9.780319124294651,0.10000000149011612
97.068,1.0,9.72554734531376,0.10000000149011612
97.118,1.0,9.862603979123135,0.10000000149011612
97.167,1.0,9.862737023809718,0.10000000149011612
97.217,1.0,9.835189432319668,0.10000000149011612
97.27,1.0,9.807859211146004,0.10000000149011612
97.317,1.0,9.725307213245994,0.10000000149011612
97.369,1.0,9.835220699177848,0.10000000149011612
97.422,1.0,9.807901071943343,0.10000000149011612
97.468,1.0,9.862754564918578,0.10000000149011612
97.518,1.0,9.862593347662026,0.10000000149011612
97.567,1.0,9.91766722396844,0.10000000149011612
97.623,1.0,9.807525497240325,0.10000000149011612
97.673,1.0,9.780273542863627,0.10000000149011612
97.72,1.0,9.917550342530012,0.10000000149011612
97.773,1.0,9.890204016119242,0.10000000149011612
97.823,1.0,9.862679010422694,0.10000000149011612
97.869,1.0,9.670577820121414,0.10000000149011612
97.926,1.0,9.89009731343637,0.10000000149011612
97.97,1.0,9.697630329926808,0.10000000149011612
98.023,1.0,9.780268782770468,0.10000000149011612
98.068,1.0,9.80764871529407,0.10000000149011612
98.12,1.0,9.835083452550073,0.10000000149011612
98.17,1.0,9.725665472075343,0.10000000149011612
98.221,1.0,9.835052289730973,0.10000000149011612
98.275,1.0,9.807626633428866,0.10000000149011612
98.322,1.0,9.725377537558476,0.10000000149011612
98.372,1.0,9.78007766507152,0.10000000149011612
98.422,1.0,9.862605922006898,0.10000000149011612
98.476,1.0,9.835195875602464,0.10000000149011612
98.522,1.0,9.752974474885397,0.10000000149011612
98.574,1.0,9.752602519467473,0.10000000149011612
98.622,1.0,9.835331043166418,0.10000000149011612
98.674,1.0,9.725401047451628,0.10000000149011612
98.721,1.0,9.752814263146785,0.10000000149011612
98.773,1.0,9.917704832657344,0.10262712091207504
98.821,1.0,9.972500000004139,0.10000000149011612
98.875,1.0,9.835000000024836,0.10000000149011612
98.922,1.0,9.835133798813654,0.10000000149011612
98.971,1.0,9.835261104214522,0.10000000149011612
99.026,1.0,9.835274612820811,0.10000000149011612
99.073,1.0,9.807872703692151,0.10000000149011612
99.128,1.0,9.752793854557806,0.10000000149011612
99.171,1.0,9.862679478629596,0.10000000149011612
99.222,1.0,9.862616028781567,0.10000000149011612
99.279,1.0,9.780283563459912,0.10000000149011612
99.329,1.0,9.78018512075974,0.10000000149011612
99.381,1.0,9.86266512895624,0.10000000149011612
99.427,1.0,9.80771119342082,0.10000000149011612
99.477,1.0,9.862515594768855,0.10000000149011612
99.527,1.0,9.862705937628117,0.10000000149011612
99.581,1.0,9.780032030824158,0.10000000149011612
99.635,1.0,9.862705617211759,0.10000000149011612
99.678,1.0,9.807688228309983,0.10000000149011612
99.73,1.0,9.752786073813008,0.10000000149011612
99.784,1.0,9.725106349959969,0.10000000149011612
99.831,1.0,9.642844991965426,0.10000000149011612
99.879,1.0,9.780466398845116,0.10000000149011612
99.932,1.0,9.835411972469753,0.10000000149011612
99.981,1.0,9.83514265894062,0.10000000149011612
100.029,1.0,9.698168725830813,0.10000000149011612
100.08,1.0,9.752779954692556,0.10000000149011612
100.131,1.0,9.780276757768458,0.10000000149011612
100.186,1.0,9.890000000016556,0.10000000149011612
100.231,1.0,9.917605600671635,0.10000000149011612
100.286,1.0,9.89018097879986,0.10000000149011612
100.334,1.0,9.807786533960865,0.10000000149011612
100.391,1.0,9.807739128027524,0.10000000149011612
100.432,1.0,9.752856540679932,0.10000000149011612
100.484,1.0,9.780184876980881,0.10000000149011612
100.534,1.0,9.807537298939295,0.10000000149011612
100.588,1.0,9.862662574731642,0.10000000149011612
100.634,1.0,9.835227187847098,0.10000000149011612
100.684,1.0,9.862566052915321,0.10000000149011612
100.732,1.0,9.890109726972877,0.10000000149011612
100.783,1.0,9.807500000028975,0.10000000149011612
100.832,1.0,9.835178147587511,0.10000000149011612
100.887,1.0,9.780268528188268,0.10000000149011612
100.933,1.0,9.807831019163132,0.10000000149011612
100.989,1.0,9.835134972942372,0.10000000149011612
101.032,1.0,9.835214512132936,0.10000000149011612
101.083,1.0,9.697866746948826,0.10000000149011612
101.133,1.0,9.862828379579716,0.10000000149011612
101.184,1.0,9.780181092893084,0.10000000149011612
101.233,1.0,9.752748281550076,0.10000000149011612
101.288,1.0,9.917644821438525,0.10000000149011612
101.332,1.0,9.807567988480958,0.10000000149011612
101.387,1.0,9.862681414869924,0.10000000149011612
101.435,1.0,9.753001467924978,0.10000000149011612
101.486,1.0,9.697709536883567,0.10000000149011612
101.538,1.0,9.807756271461646,0.10000000149011612
101.586,1.0,9.725388228231006,0.10000000149011612
101.637,1.0,9.862656684633759,0.10000000149011612
101.686,1.0,9.670389182637964,0.10000000149011612
101.736,1.0,9.83516319460339,0.10000000149011612
101.793,1.0,9.83508189353678,0.10000000149011612
101.84,1.0,9.86262547976027,0.10000000149011612
101.89,1.0,9.862670584292047,0.10000000149011612
101.951,1.0,9.835422740131616,0.10000000149011612
101.994,1.0,9.917780829676323,0.1256970912218094
102.046,1.0,9.807750223701198,0.10000000149011612
102.1,1.0,9.752746795366209,0.10000000149011612
102.152,1.0,9.75274826635917,0.10000000149011612
102.198,1.0,9.917588908390867,0.10000000149011612
102.246,1.0,9.91750781542311,0.10000000149011612
102.298,1.0,9.862686349865463,0.10000000149011612
102.354,1.0,9.780295394837028,0.10000000149011612
102.404,1.0,9.862675870437588,0.10000000149011612
102.464,1.0,9.97262045443058,0.1433635950088501
102.506,1.0,9.698070638130108,0.10000000149011612
102.565,1.0,9.862589758344823,0.10000000149011612
102.607,1.0,9.862750232530137,0.10000000149011612
102.655,1.0,9.89025844677041,0.10000000149011612
102.713,1.0,9.807792316687603,0.10000000149011612
102.765,1.0,9.835071833473112,0.10000000149011612
102.813,1.0,9.80756961988906,0.10000000149011612
102.861,1.0,9.72518218970961,0.10000000149011612
102.915,1.0,9.752690684091714,0.10000000149011612
102.965,1.0,9.890077001021968,0.10000000149011612
103.012,1.0,9.615591625248392,0.10000000149011612
103.067,1.0,9.862673864244586,0.10000000149011612
103.112,1.0,9.807602890373932,0.10000000149011612
103.162,1.0,9.670280670374632,0.10000000149011612
103.218,1.0,9.78030082455112,0.10000000149011612
103.267,1.0,9.725310836897956,0.10000000149011612
103.326,1.0,9.945067190358209,0.10000000149011612
103.371,1.0,9.69766429281897,0.10000000149011612
103.42,1.0,9.780307420570818,0.10000000149011612
103.475,1.0,9.862862268669737,0.11103503406047821
103.526,1.0,9.835392678011623,0.10000000149011612
103.574,1.0,9.72531739268452,0.10000000149011612
103.629,1.0,9.780407852203481,0.10000000149011612
103.678,1.0,9.752844112469917,0.10000000149011612
103.74,1.0,9.725080604188973,0.10000000149011612
103.777,1.0,9.780208697832293,0.10000000149011612
103.828,1.0,9.78027573786676,0.10000000149011612
103.878,1.0,9.780256024044421,0.10000000149011612
103.935,1.0,9.80792711329543,0.10000000149011612
103.978,1.0,9.67067899213483,0.10000000149011612
104.03,1.0,9.697674589997364,0.10000000149011612
104.081,1.0,9.835068870501386,0.10000000149011612
104.138,1.0,9.642751652788785,0.10000000149011612
104.178,1.0,9.835130693308182,0.10000000149011612
104.229,1.0,9.862823451455268,0.10000000149011612
104.281,1.0,9.835136737426122,0.10000000149011612
104.34,1.0,9.670292301206953,0.10000000149011612
104.379,1.0,9.862715626114772,0.10000000149011612
104.431,1.0,9.917578221609196,0.10000000149011612
104.492,1.0,9.780000000033114,0.10000000149011612
104.538,1.0,9.807573573498262,0.10000000149011612
104.589,1.0,9.643146327779524,0.10000000149011612
104.65,1.0,9.697785945029722,0.10000000149011612
104.69,1.0,9.835000000024836,0.10000000149011612
104.739,1.0,9.835132869602077,0.10000000149011612
104.791,1.0,9.807536723547512,0.10000000149011612
104.839,1.0,9.862592627377145,0.10000000149011612
104.89,1.0,9.890155747222403,0.10000000149011612
104.941,1.0,9.862816159282293,0.10000000149011612
104.989,1.0,9.972624258862602,0.14473319053649902
105.038,1.0,9.697724898407857,0.10000000149011612
105.089,1.0,9.89007084955358,0.10000000149011612
105.143,1.0,9.917730949508647,0.10000000149011612
105.189,1.0,9.780210504887833,0.10000000149011612
105.246,1.0,9.697729974302153,0.10000000149011612
105.29,1.0,9.72529963662641,0.10000000149011612
105.34,1.0,9.835235213302076,0.10000000149011612
105.392,1.0,9.80793856492059,0.10000000149011612
105.44,1.0,9.807981713964708,0.10000000149011612
105.491,1.0,9.752824926997224,0.10000000149011612
105.541,1.0,9.670559580106701,0.10000000149011612
105.593,1.0,9.890001822676924,0.10000000149011612
105.641,1.0,9.835113748162986,0.10000000149011612
105.693,1.0,9.89020586386323,0.10000000149011612
105.743,1.0,9.72541792622457,0.10000000149011612
105.785,1.0,9.835035026859906,0.10000000149011612
105.85,1.0,9.807815301687354,0.10000000149011612
105.893,1.0,9.89029602408409,0.10000000149011612
105.952,1.0,9.725249298517074,0.10000000149011612
105.993,1.0,9.808007830795315,0.11115577071905136
106.047,1.0,9.862620041871237,0.10000000149011612
106.092,1.0,9.752752633889516,0.10000000149011612
106.143,1.0,9.917502824217081,0.10000000149011612
106.197,1.0,9.752847142952184,0.10000000149011612
106.246,1.0,9.670291802307798,0.10000000149011612
106.293,1.0,9.7526646691271,0.10000000149011612
106.342,1.0,9.670594661662149,0.10000000149011612
106.397,1.0,9.697939633805719,0.10000000149011612
106.442,1.0,9.780226141918037,0.10000000149011612
106.494,1.0,9.72540231462982,0.10000000149011612
106.542,1.0,9.69777305525624,0.10000000149011612
106.592,1.0,9.69802404333734,0.10000000149011612
106.65,1.0,9.807756354825365,0.10000000149011612
106.69,1.0,9.917684290951325,0.10000000149011612
106.743,1.0,9.862813761788939,0.10000000149011612
106.798,1.0,9.615555843897164,0.10000000149011612
106.841,1.0,9.862840643007722,0.10000000149011612
106.893,1.0,9.615468438259429,0.10000000149011612
106.947,1.0,9.8352174985326,0.10000000149011612
106.993,1.0,9.642735835309658,0.10000000149011612
107.05,1.0,9.862621552642022,0.10000000149011612
107.098,1.0,9.752733049872848,0.10000000149011612
107.145,1.0,9.807798062306311,0.10000000149011612
107.193,1.0,9.752716655139293,0.10000000149011612
107.245,1.0,9.697863188799884,0.10000000149011612
107.295,1.0,9.697822032185892,0.10000000149011612
107.347,1.0,9.835256977834636,0.10000000149011612
107.395,1.0,9.670383548860748,0.10000000149011612
107.448,1.0,9.72546387474156,0.10000000149011612
107.494,1.0,9.890143343019817,0.10000000149011612
107.547,1.0,9.83524121509658,0.10000000149011612
107.601,1.0,9.78028604750418,0.10000000149011612
107.645,1.0,9.807681778404447,0.10000000149011612
107.696,1.0,9.86285958453599,0.11761277168989182
107.747,1.0,9.78012846459945,0.10000000149011612
107.796,1.0,9.80755821818279,0.10000000149011612
107.846,1.0,9.642757065490716,0.10000000149011612
107.902,1.0,9.753020845519172,0.10000000149011612
107.952,1.0,9.697876025156843,0.10000000149011612
107.996,1.0,9.835235411259863,0.10000000149011612
108.046,1.0,9.80761990857621,0.10000000149011612
108.089,1.0,9.807774380573797,0.10000000149011612
108.146,1.0,9.807743827853766,0.10000000149011612
108.196,1.0,9.862572692334652,0.10000000149011612
108.253,1.0,9.807904893801444,0.10000000149011612
108.296,1.0,9.725149032784005,0.10000000149011612
108.352,1.0,9.807611764160296,0.10000000149011612
108.404,1.0,9.725597665417526,0.10000000149011612
108.449,1.0,9.86262485002064,0.10000000149011612
108.501,1.0,9.890185420918796,0.10000000149011612
108.555,1.0,9.835466401941247,0.10000000149011612
108.599,1.0,9.78038629187892,0.10000000149011612
108.65,1.0,9.917623397356106,0.10000000149011612
108.704,1.0,9.725191621896293,0.10000000149011612
108.752,1.0,9.752693562209606,0.10000000149011612
108.805,1.0,9.780577803175483,0.10940384119749069
108.858,1.0,9.670793157319228,0.10000000149011612
108.901,1.0,9.862771944122182,0.10000000149011612
108.953,1.0,9.807698414702383,0.10000000149011612
109.007,1.0,9.78045948398196,0.10000000149011612
109.054,1.0,9.835186440456244,0.10000000149011612
109.103,1.0,9.862842181490528,0.10000000149011612
109.158,1.0,9.890082124889725,0.10000000149011612
109.206,1.0,9.835310827961399,0.10000000149011612
109.255,1.0,9.83527094974286,0.10000000149011612
109.309,1.0,9.86262348184569,0.10000000149011612
109.355,1.0,9.697862674647736,0.10000000149011612
109.403,1.0,9.780297387598289,0.10000000149011612
109.454,1.0,9.862783254993458,0.10000000149011612
109.504,1.0,9.725172490047084,0.10000000149011612
109.554,1.0,9.807747383374307,0.10000000149011612
109.608,1.0,9.862858200197419,0.10000000149011612
109.66,1.0,9.752863090547423,0.10000000149011612
109.703,1.0,9.835354667322504,0.10000000149011612
109.754,1.0,9.752971622948017,0.10000000149011612
109.811,1.0,9.780302161661288,0.10000000149011612
109.853,1.0,9.780350359943178,0.10000000149011612
109.907,1.0,9.807803935598995,0.10000000149011612
109.952,1.0,9.862539978304671,0.10000000149011612
110.004,1.0,9.752703481001987,0.10000000149011612
110.054,1.0,9.83513823054317,0.10000000149011612
110.106,1.0,9.835385340659155,0.10000000149011612
110.155,1.0,9.78028686431547,0.10000000149011612
110.204,1.0,9.86266733147204,0.10000000149011612
110.257,1.0,9.752655221501158,0.10000000149011612
110.312,1.0,9.835208512283861,0.10000000149011612
110.354,1.0,9.725347977649006,0.10000000149011612
110.403,1.0,9.807546646230751,0.10000000149011612
110.454,1.0,9.89013734333631,0.10000000149011612
110.507,1.0,9.752523804518084,0.10000000149011612
110.554,1.0,9.78032069866442,0.10000000149011612
110.607,1.0,9.780388177745044,0.10000000149011612
110.657,1.0,9.83526691061755,0.10000000149011612
110.704,1.0,9.862666964406769,0.10000000149011612
110.757,1.0,9.835147582449848,0.10000000149011612
110.803,1.0,9.752899437770248,0.10000000149011612
110.856,1.0,9.670738378332722,0.10000000149011612
110.912,1.0,9.89026680332091,0.10000000149011612
110.965,1.0,9.862540548336174,0.10000000149011612
111.011,1.0,9.780192461630536,0.10000000149011612
111.061,1.0,9.862697720217207,0.10000000149011612
111.111,1.0,9.78007267885324,0.10000000149011612
111.164,1.0,9.917648301170104,0.10000000149011612
111.218,1.0,9.780338214917315,0.10000000149011612
111.273,1.0,9.780223263738057,0.10000000149011612
111.313,1.0,9.89005758309116,0.10000000149011612
111.372,1.0,9.697797472526629,0.10000000149011612
111.415,1.0,9.725155926102566,0.10000000149011612
111.463,1.0,9.917593730116884,0.10000000149011612
111.516,1.0,9.862607953366306,0.10000000149011612
111.565,1.0,9.835181477893558,0.10000000149011612
111.613,1.0,9.725298815117114,0.10000000149011612
111.667,1.0,9.862646283726725,0.10000000149011612
111.714,1.0,9.75289127903266,0.10000000149011612
111.764,1.0,9.972500000004139,0.10000000149011612
111.812,1.0,9.83513047726204,0.10000000149011612
111.862,1.0,9.643092687324517,0.10000000149011612
111.912,1.0,9.780150722836455,0.10000000149011612
111.963,1.0,9.808005419476993,0.10000000149011612
112.015,1.0,9.835164653427071,0.10000000149011612
112.067,1.0,9.862528465853797,0.10000000149011612
112.117,1.0,9.835167620765667,0.10000000149011612
112.165,1.0,9.80768414305316,0.10000000149011612
112.215,1.0,9.835226912092832,0.10000000149011612
112.265,1.0,9.890094822376138,0.10000000149011612
112.325,1.0,9.835205978279312,0.10000000149011612
112.369,1.0,9.945051220618188,0.1067943423986435
112.42,1.0,9.78032228425145,0.10000000149011612
112.472,1.0,9.780268198562165,0.10000000149011612
112.518,1.0,9.698048795325061,0.10000000149011612
112.569,1.0,9.890252118205858,0.10000000149011612
112.62,1.0,9.697932131629852,0.10000000149011612
112.671,1.0,9.835242958015037,0.10000000149011612
112.718,1.0,9.835315117343432,0.10000000149011612
112.772,1.0,9.75300130572998,0.10000000149011612
112.82,1.0,9.807607233731282,0.10000000149011612
112.869,1.0,9.862637126404378,0.10000000149011612
112.928,1.0,9.643030038517383,0.10000000149011612
112.97,1.0,9.862594256881211,0.10000000149011612
113.023,1.0,9.862839040698276,0.10000000149011612
113.071,1.0,9.78017989291499,0.10000000149011612
113.122,1.0,9.752718596864078,0.10000000149011612
113.17,1.0,9.917747156342699,0.1000034436583519
113.22,1.0,9.725564837579926,0.10000000149011612
113.271,1.0,9.670341019332408,0.10000000149011612
113.32,1.0,9.917674643525647,0.10000000149011612
113.369,1.0,9.917635075478918,0.10000000149011612
113.425,1.0,9.835246445631816,0.10000000149011612
113.47,1.0,9.890101495219602,0.10000000149011612
113.52,1.0,9.752747969432837,0.10000000149011612
113.571,1.0,9.835233329733212,0.10000000149011612
113.62,1.0,9.780501162860956,0.10000000149011612
113.671,1.0,9.725318227956693,0.10000000149011612
113.729,1.0,9.862554410720865,0.10000000149011612
113.771,1.0,9.862510483670565,0.10000000149011612
113.828,1.0,9.835157324187458,0.10000000149011612
113.873,1.0,9.835192767385807,0.10000000149011612
113.92,1.0,9.697629526009163,0.10000000149011612
113.973,1.0,9.835444476207098,0.10000000149011612
114.023,1.0,9.835308459504612,0.10000000149011612
114.075,1.0,9.780277082510292,0.10000000149011612
114.123,1.0,9.725338641574814,0.10000000149011612
114.173,1.0,9.752698290720582,0.10000000149011612
114.226,1.0,9.615509126728607,0.10000000149011612
114.276,1.0,9.862803661657704,0.10000000149011612
114.326,1.0,9.780506687300901,0.10000000149011612
114.375,1.0,9.807791881366736,0.10000000149011612
114.426,1.0,9.835275800360574,0.10000000149011612
114.48,1.0,9.753114033304154,0.10000000149011612
114.526,1.0,9.890006235303979,0.10000000149011612
114.58,1.0,9.807705957525306,0.10000000149011612
114.629,1.0,9.862679795465535,0.10000000149011612
114.676,1.0,9.752921889701652,0.10000000149011612
114.726,1.0,9.807984519398047,0.10000000149011612
114.774,1.0,9.807800210122434,0.10000000149011612
114.825,1.0,9.91753237357156,0.10000000149011612
114.876,1.0,9.69768066443503,0.10000000149011612
114.927,1.0,9.835081430421107,0.10000000149011612
114.987,1.0,9.72561179668539,0.10000000149011612
115.035,1.0,9.780279079555637,0.10000000149011612
115.085,1.0,9.780000000033114,0.10000000149011612
115.133,1.0,9.917502499454551,0.10000000149011612
115.183,1.0,9.86254874461641,0.10000000149011612
115.236,1.0,9.862680635808243,0.10000000149011612
115.282,1.0,9.862500000020695,0.10000000149011612
115.337,1.0,9.725563960087795,0.10000000149011612
115.382,1.0,9.780417589926058,0.10000000149011612
115.433,1.0,9.75282206233177,0.10000000149011612
115.478,1.0,9.807866737929483,0.10000000149011612
115.532,1.0,9.780434263166454,0.10000000149011612
115.582,1.0,9.862594199656613,0.10000000149011612
115.633,1.0,9.780390498249067,0.10000000149011612
115.684,1.0,9.807764212994112,0.10000000149011612
115.739,1.0,9.890145053880083,0.10000000149011612
115.783,1.0,9.780181521798173,0.10000000149011612
115.835,1.0,9.752825399322642,0.10000000149011612
115.883,1.0,9.780288594754206,0.10000000149011612
115.932,1.0,9.862637256106568,0.10000000149011612
115.984,1.0,9.780162732779152,0.10000000149011612
116.033,1.0,9.80767295687563,0.10000000149011612
116.09,1.0,9.835139857584403,0.10000000149011612
116.135,1.0,9.752690358625518,0.10000000149011612
116.185,1.0,9.752724815077253,0.10000000149011612
116.235,1.0,9.587936283627318,0.10000000149011612
116.286,1.0,9.807591133544015,0.10000000149011612
116.335,1.0,9.835309825278818,0.10000000149011612
116.387,1.0,9.697702201021213,0.10000000149011612
116.442,1.0,9.780433339335852,0.10000000149011612
116.49,1.0,9.807862425843874,0.10000000149011612
116.547,1.0,9.862821056010823,0.10000000149011612
116.595,1.0,9.725434272901879,0.10000000149011612
116.644,1.0,9.807695568828947,0.10000000149011612
116.698,1.0,9.725273923575878,0.10000000149011612
116.75,1.0,9.725282506251501,0.10000000149011612
116.798,1.0,9.752891029748652,0.10000000149011612
116.848,1.0,9.780269237793982,0.10000000149011612
116.902,1.0,9.835175982779926,0.10000000149011612
116.951,1.0,9.807538498813907,0.10000000149011612
117.0,1.0,9.780438639927242,0.10000000149011612
117.05,1.0,9.807902415862515,0.10000000149011612
117.1,1.0,9.75287632195072,0.10000000149011612
117.15,1.0,9.86253244160778,0.10000000149011612
117.199,1.0,9.807744384577704,0.10000000149011612
117.25,1.0,9.752726217235129,0.10000000149011612
117.3,1.0,9.835215078211492,0.10000000149011612
117.357,1.0,9.807500000028975,0.10000000149011612
117.404,1.0,9.752702374611463,0.10000000149011612
117.457,1.0,9.835014610199465,0.10000000149011612
117.514,1.0,9.780148496913414,0.10000000149011612
117.554,1.0,9.807724010696013,0.10000000149011612
117.605,1.0,9.835163634229037,0.10000000149011612
117.654,1.0,9.807884325169855,0.10000000149011612
117.704,1.0,9.807616304316454,0.10000000149011612
117.756,1.0,9.86260171406385,0.10000000149011612
117.806,1.0,9.862607612854077,0.10000000149011612
117.854,1.0,9.86262697743045,0.10000000149011612
117.906,1.0,9.6979636836797,0.10000000149011612
117.955,1.0,9.91771221001529,0.10000000149011612
118.005,1.0,9.862777725814118,0.10000000149011612
118.056,1.0,9.835229433348609,0.10000000149011612
118.107,1.0,9.752874055297838,0.10000000149011612
118.155,1.0,9.862627599967851,0.10000000149011612
118.209,1.0,9.807594832364057,0.10000000149011612
118.257,1.0,9.75272914984574,0.10000000149011612
118.315,1.0,9.862574276245303,0.10000000149011612
118.358,1.0,9.862640363205639,0.10000000149011612
118.411,1.0,9.862691375509732,0.10000000149011612
118.459,1.0,9.862612032062477,0.10000000149011612
118.511,1.0,9.780214586026139,0.10000000149011612
118.558,1.0,9.807677116245031,0.10000000149011612
118.607,1.0,9.69762031359391,0.10000000149011612
118.663,1.0,9.835282630328503,0.10000000149011612
118.708,1.0,9.890131961554289,0.10000000149011612
118.76,1.0,9.97253678943962,0.1132441982626915
118.807,1.0,9.643148147728708,0.10000000149011612
118.858,1.0,9.83511531241238,0.10000000149011612
118.91,1.0,9.862500000020695,0.10000000149011612
118.958,1.0,9.835224228911102,0.10000000149011612
119.013,1.0,9.80790272735887,0.10000000149011612
119.059,1.0,9.725417441026204,0.10000000149011612
119.112,1.0,9.890042685862216,0.10000000149011612
119.167,1.0,9.835257040522993,0.10000000149011612
119.211,1.0,9.917588305970034,0.10000000149011612
119.264,1.0,9.807564029470086,0.10000000149011612
119.312,1.0,9.752727703274124,0.10000000149011612
119.368,1.0,9.862645680705706,0.10000000149011612
119.411,1.0,9.807669904227886,0.10000000149011612
119.464,1.0,9.72533128520267,0.10000000149011612
119.511,1.0,9.890186048630211,0.10000000149011612
119.562,1.0,9.835162228200998,0.10000000149011612
119.612,1.0,9.808004148676991,0.10000000149011612
119.668,1.0,9.8900702888353,0.10000000149011612
119.718,1.0,9.780196362009479,0.10000000149011612
119.767,1.0,9.89017164318098,0.10000000149011612
119.818,1.0,9.807749841527807,0.10000000149011612
119.867,1.0,9.780253418762651,0.10000000149011612
119.915,1.0,9.83513306973295,0.10000000149011612
119.971,1.0,9.807715540648335,0.10000000149011612
120.028,1.0,9.807620380032393,0.10000000149011612
120.065,1.0,9.862876706611779,0.10000000149011612
120.116,1.0,9.835125276115205,0.10000000149011612
120.162,1.0,9.780251794639561,0.10000000149011612
120.215,1.0,9.83537271273219,0.10000000149011612
120.261,1.0,9.752673367141849,0.10000000149011612
120.315,1.0,9.890118625035717,0.10000000149011612
120.372,1.0,9.89019762331413,0.10000000149011612
120.418,1.0,9.86252335363792,0.10000000149011612
120.465,1.0,9.780075821880665,0.10000000149011612
120.517,1.0,9.780143485218286,0.10000000149011612
120.569,1.0,9.945089442075954,0.10816457867622375
120.615,1.0,9.780235241746738,0.10000000149011612
120.669,1.0,9.807716416650349,0.10000000149011612
120.714,1.0,9.75277105068995,0.10000000149011612
120.766,1.0,9.835261134554942,0.10000000149011612
120.827,1.0,9.780375455733802,0.10000000149011612
120.867,1.0,9.862741085141897,0.10000000149011612
120.923,1.0,9.780552552412782,0.10000000149011612
120.971,1.0,9.752676270902157,0.10000000149011612
121.018,1.0,9.917576105809873,0.10000000149011612
121.066,1.0,9.862701882297793,0.10000000149011612
121.123,1.0,9.917558553131919,0.10000000149011612
121.167,1.0,9.890141555915276,0.10000000149011612
121.216,1.0,9.78038811530504,0.10000000149011612
121.265,1.0,9.862720230221749,0.10000000149011612
121.317,1.0,9.835092622062398,0.10000000149011612
121.366,1.0,9.75266097454975,0.10000000149011612
121.417,1.0,9.752920941387613,0.10000000149011612
121.475,1.0,9.835384658165276,0.10000000149011612
121.515,1.0,9.945000000008278,0.10000000149011612
121.57,1.0,9.83511704074012,0.10000000149011612
121.618,1.0,9.78033148282104,0.10000000149011612
121.668,1.0,9.725541890847186,0.10000000149011612
121.718,1.0,9.862737976366446,0.10000000149011612
121.773,1.0,9.835151666320032,0.10000000149011612
121.82,1.0,9.890129585377872,0.10000000149011612
121.872,1.0,9.80774288419634,0.10000000149011612
121.924,1.0,9.807783553169834,0.10000000149011612
121.974,1.0,9.80766787390328,0.10000000149011612
122.03,1.0,9.780182285834517,0.10000000149011612
122.073,1.0,9.890000000016556,0.10000000149011612
122.124,1.0,9.807693052002126,0.10000000149011612
122.183,1.0,9.560384891658193,0.10000000149011612
122.23,1.0,9.752838063364228,0.10000000149011612
122.279,1.0,9.862732617267303,0.10000000149011612
122.331,1.0,9.725237187888059,0.10000000149011612
122.381,1.0,9.807749373176032,0.10000000149011612
122.43,1.0,9.780319592356681,0.10000000149011612
122.484,1.0,9.697921565609674,0.10000000149011612
122.534,1.0,9.725182865787712,0.10000000149011612
122.588,1.0,9.780061081320875,0.10000000149011612
122.635,1.0,9.780151720903813,0.10000000149011612
122.684,1.0,9.6980523839179,0.10000000149011612
122.738,1.0,9.78020577341732,0.10000000149011612
122.786,1.0,9.752563472857906,0.10000000149011612
122.838,1.0,9.835290399483508,0.10000000149011612
122.899,1.0,9.807761506901848,0.10000000149011612
122.942,1.0,9.86253180116829,0.10000000149011612
122.986,1.0,9.780230697203013,0.10000000149011612
123.038,1.0,9.835226627811789,0.10000000149011612
123.086,1.0,9.698185938596726,0.10000000149011612
123.137,1.0,9.862682533719473,0.10000000149011612
123.187,1.0,9.83524327520281,0.10000000149011612
123.233,1.0,9.753117766314082,0.10000000149011612
123.286,1.0,9.8625720296469,0.10000000149011612
123.335,1.0,9.862729620850748,0.10000000149011612
123.386,1.0,9.83511247181644,0.10000000149011612
123.438,1.0,9.917500303706362,0.10000000149011612
123.485,1.0,9.807917337181667,0.10000000149011612
123.537,1.0,9.917604242534273,0.10000000149011612
123.593,1.0,9.780288793539835,0.10000000149011612
123.636,1.0,9.807594303579794,0.10000000149011612
123.684,1.0,9.752695828386479,0.10000000149011612
123.737,1.0,9.67048899649332,0.10000000149011612
123.787,1.0,9.80777748665876,0.10000000149011612
123.841,1.0,9.72552688550204,0.10000000149011612
123.886,1.0,9.917636351080404,0.10000000149011612
123.938,1.0,9.835093244517015,0.10000000149011612
123.999,1.0,9.807668579742312,0.10000000149011612
124.038,1.0,9.835370310147603,0.10000000149011612
124.087,1.0,9.78015500207742,0.10000000149011612
124.141,1.0,9.752907202434209,0.10000000149011612
124.186,1.0,9.78022077470604,0.10000000149011612
124.235,1.0,9.752644397297667,0.10000000149011612
124.287,1.0,9.752846979577509,0.10000000149011612
124.336,1.0,9.752912051003012,0.10000000149011612
124.395,1.0,9.94501685794029,0.10000000149011612
124.441,1.0,9.725308171990845,0.10000000149011612
124.498,1.0,9.780287584455477,0.10000000149011612
124.542,1.0,9.725280533213581,0.10000000149011612
124.587,1.0,9.725131717924443,0.10000000149011612
124.642,1.0,9.780315542469422,0.10000000149011612
124.701,1.0,9.78024838330845,0.10000000149011612
124.741,1.0,9.890317779531081,0.10975390672683716
124.796,1.0,9.725169093492958,0.10000000149011612
124.841,1.0,9.69759747021728,0.10000000149011612
124.892,1.0,9.752952790094746,0.10000000149011612
124.946,1.0,9.642902069104215,0.10000000149011612
124.99,1.0,9.780230934110781,0.10000000149011612
125.042,1.0,9.94513386659738,0.10000000149011612
125.092,1.0,9.862645082962182,0.10000000149011612
125.142,1.0,9.862521437431376,0.10000000149011612
125.194,1.0,9.835149657022622,0.10000000149011612
125.245,1.0,9.835282249458961,0.10000000149011612
125.292,1.0,9.78039386028217,0.10000000149011612
125.343,1.0,9.80772975033356,0.10000000149011612
125.398,1.0,9.835177219203777,0.10000000149011612
125.443,1.0,9.890012657352619,0.10000000149011612
125.495,1.0,9.780326949266923,0.10000000149011612
125.544,1.0,9.69799126299719,0.10000000149011612
125.595,1.0,9.862788800150156,0.10000000149011612
125.643,1.0,9.835252094599936,0.10000000149011612
125.695,1.0,9.725489664201936,0.10000000149011612
125.75,1.0,9.725210162686805,0.10000000149011612
125.798,1.0,9.780198938275378,0.10000000149011612
125.85,1.0,9.807520732531945,0.10000000149011612
125.895,1.0,9.780255419264238,0.10000000149011612
125.948,1.0,9.835143581115537,0.10000000149011612
126.001,1.0,9.917509839104282,0.10000000149011612
126.047,1.0,9.862717301667564,0.10000000149011612
126.099,1.0,9.807972817329897,0.10000000149011612
126.147,1.0,9.835105670843687,0.10000000149011612
126.196,1.0,9.835252731169264,0.10000000149011612
126.248,1.0,9.862622938118875,0.10000000149011612
126.296,1.0,9.835113253320257,0.10000000149011612
126.352,1.0,9.890171297494735,0.10000000149011612
126.396,1.0,9.835178175133963,0.10000000149011612
126.45,1.0,9.780346479204793,0.10000000149011612
126.496,1.0,9.752869079324107,0.10000000149011612
126.551,1.0,9.780461242712207,0.10000000149011612
126.597,1.0,9.807527787672976,0.10000000149011612
126.647,1.0,9.753118354744382,0.10000000149011612
126.698,1.0,9.83515551375846,0.10000000149011612
126.746,1.0,9.780351914941436,0.10000000149011612
126.793,1.0,9.835350985597405,0.10000000149011612
126.847,1.0,9.807637085124023,0.10000000149011612
126.906,1.0,9.807797415140602,0.10000000149011612
126.951,1.0,9.80775278142343,0.10000000149011612
127.005,1.0,9.807535263275106,0.10000000149011612
127.05,1.0,9.91757782238225,0.10000000149011612
127.102,1.0,9.72556452775995,0.10000000149011612
127.15,1.0,9.698246356182628,0.10000000149011612
127.202,1.0,9.752919252547953,0.10000000149011612
127.253,1.0,9.890307696225742,0.10000000149011612
127.302,1.0,9.835092717947232,0.10000000149011612
127.351,1.0,9.780150410988265,0.10000000149011612
127.409,1.0,9.67057116534561,0.10000000149011612
127.451,1.0,9.862710844683978,0.10000000149011612
127.502,1.0,9.86264960244298,0.10000000149011612
127.556,1.0,9.862580479764276,0.10000000149011612
127.602,1.0,9.725208879800306,0.10000000149011612
127.656,1.0,9.89005527374231,0.10000000149011612
127.701,1.0,9.67036166211797,0.10000000149011612
127.755,1.0,9.835127806663513,0.10000000149011612
127.801,1.0,9.780196814032065,0.10000000149011612
127.852,1.0,9.643087678071526,0.10000000149011612
127.913,1.0,9.725466558647652,0.10000000149011612
127.951,1.0,9.835426150883238,0.10000000149011612
128.002,1.0,9.780419241616295,0.10000000149011612
128.053,1.0,9.890129879282581,0.10000000149011612
128.103,1.0,9.780163667454488,0.10000000149011612
128.16,1.0,9.890214508502847,0.10000000149011612
128.203,1.0,9.72518592580325,0.10000000149011612
128.259,1.0,9.862506376724276,0.10000000149011612
128.305,1.0,9.835007856434418,0.10000000149011612
128.358,1.0,9.697853992444774,0.10000000149011612
128.405,1.0,9.835295748648544,0.10000000149011612
128.459,1.0,9.752697248632709,0.10000000149011612
128.504,1.0,9.780146981341144,0.10000000149011612
128.555,1.0,9.698104005555312,0.10000000149011612
128.605,1.0,9.807953867026502,0.10000000149011612
128.655,1.0,9.862754531328877,0.10000000149011612
128.711,1.0,9.83517242686616,0.10000000149011612
128.754,1.0,9.780355378944012,0.10000000149011612
128.807,1.0,9.862709196470679,0.10000000149011612
128.855,1.0,9.725189079240792,0.10000000149011612
128.906,1.0,9.752656113356352,0.10000000149011612
128.964,1.0,9.83514958413111,0.10000000149011612
129.005,1.0,9.697835172298882,0.10000000149011612
129.066,1.0,9.72524213919209,0.10000000149011612
129.109,1.0,9.890206758677959,0.10000000149011612
129.158,1.0,9.725419413960642,0.10000000149011612
129.209,1.0,9.807852554900778,0.10000000149011612
129.262,1.0,9.86256134957075,0.10000000149011612
129.311,1.0,9.78037666477677,0.10000000149011612
129.359,1.0,9.835156819596886,0.10000000149011612
129.415,1.0,9.725325805176464,0.10000000149011612
129.461,1.0,9.835198261381851,0.10000000149011612
129.511,1.0,9.862632445370158,0.10000000149011612
129.559,1.0,9.862640465216504,0.10000000149011612
129.608,1.0,9.80786605367644,0.10000000149011612
129.656,1.0,9.752685613371431,0.10000000149011612
129.71,1.0,9.807821545729206,0.10000000149011612
129.765,1.0,9.917500000012417,0.10000000149011612
129.815,1.0,9.807643441524771,0.10000000149011612
129.877,1.0,9.862566451459296,0.10000000149011612
129.916,1.0,9.835239866686363,0.10000000149011612
129.968,1.0,9.862631753376789,0.10000000149011612
130.017,1.0,9.725362646227909,0.10000000149011612
130.066,1.0,9.86268892472403,0.10000000149011612
130.116,1.0,9.75275977353255,0.10000000149011612
130.166,1.0,9.725406612021228,0.10000000149011612
130.215,1.0,9.725334409313897,0.10000000149011612
130.266,1.0,9.780278481522368,0.10000000149011612
130.316,1.0,9.725484090194934,0.10000000149011612
130.371,1.0,9.753069542265601,0.10000000149011612
130.417,1.0,9.83533916225036,0.10000000149011612
130.472,1.0,9.615499553725952,0.10000000149011612
130.518,1.0,9.697907107613153,0.10000000149011612
130.566,1.0,9.917567113166054,0.10000000149011612
130.628,1.0,9.807766069120003,0.10000000149011612
130.666,1.0,9.83524058583296,0.10000000149011612
130.716,1.0,9.725071711217364,0.10000000149011612
130.766,1.0,9.780319271485011,0.10000000149011612
130.823,1.0,9.862609559318258,0.10000000149011612
130.87,1.0,9.807917758015295,0.10000000149011612
130.92,1.0,9.807547620249291,0.10000000149011612
130.973,1.0,9.86281659360975,0.10487096756696701
131.02,1.0,9.78019922092143,0.10000000149011612
131.07,1.0,9.807655710726976,0.10000000149011612
131.125,1.0,9.807701224626767,0.10000000149011612
131.17,1.0,9.917597190000945,0.10000000149011612
131.22,1.0,9.80760348027365,0.10000000149011612
131.274,1.0,9.807682113266653,0.10000000149011612
131.319,1.0,9.780152007916735,0.10000000149011612
131.371,1.0,9.725203992674748,0.10000000149011612
131.42,1.0,9.670462725746136,0.10000000149011612
131.47,1.0,9.862743237014445,0.10000000149011612
131.524,1.0,9.75297227702621,0.10000000149011612
131.57,1.0,9.890073218424288,0.10000000149011612
131.62,1.0,9.752954739208024,0.10000000149011612
131.67,1.0,9.807763166932595,0.10000000149011612
131.723,1.0,9.835380336021384,0.10000000149011612
131.77,1.0,9.835338367501066,0.10000000149011612
131.823,1.0,9.642891683822704,0.10000000149011612
131.871,1.0,9.917566402753193,0.10000000149011612
131.925,1.0,9.725466711446643,0.10000000149011612
131.97,1.0,9.807597816942467,0.10000000149011612
132.023,1.0,9.835228561609984,0.10000000149011612
132.079,1.0,9.807782420309053,0.10000000149011612
132.119,1.0,9.780201731601522,0.10000000149011612
132.17,1.0,9.725329179006318,0.10000000149011612
132.22,1.0,9.862550529754824,0.10000000149011612
132.277,1.0,9.753021057881416,0.10000000149011612
132.322,1.0,9.83513480960909,0.10000000149011612
132.371,1.0,9.642764285103315,0.10000000149011612
132.427,1.0,9.72541484284318,0.10000000149011612
132.474,1.0,9.862688042906424,0.10000000149011612
132.522,1.0,9.725443419482973,0.10000000149011612
132.575,1.0,9.697575405529804,0.10000000149011612
132.623,1.0,9.835324601642787,0.10000000149011612
132.674,1.0,9.725425180854897,0.10000000149011612
132.728,1.0,9.917568473248846,0.10000000149011612
132.773,1.0,9.80762589983642,0.10000000149011612
132.822,1.0,9.862696246306102,0.10000000149011612
132.876,1.0,9.72531414795667,0.10000000149011612
132.923,1.0,9.807545906139744,0.10000000149011612
132.976,1.0,9.780330746517413,0.10000000149011612
133.025,1.0,9.862682595538596,0.10000000149011612
133.072,1.0,9.83508836682886,0.10000000149011612
133.124,1.0,9.862659267936316,0.10000000149011612
133.181,1.0,9.890110117569566,0.10000000149011612
133.224,1.0,9.725403245517777,0.10000000149011612
133.276,1.0,9.752588964191576,0.10000000149011612
133.334,1.0,9.86263397882382,0.10000000149011612
133.376,1.0,9.78010194082227,0.10000000149011612
133.43,1.0,9.917500000012417,0.10000000149011612
133.478,1.0,9.972500000004139,0.10000000149011612
133.526,1.0,9.780380406810178,0.10000000149011612
133.579,1.0,9.587861512290935,0.10000000149011612
133.628,1.0,9.725399292695025,0.10000000149011612
133.676,1.0,9.69765793873618,0.10000000149011612
133.727,1.0,9.917604508499304,0.10000000149011612
133.775,1.0,9.862623107681673,0.10000000149011612
133.826,1.0,9.643120216847294,0.10000000149011612
133.879,1.0,9.862696608901024,0.10000000149011612
133.935,1.0,9.780219715109302,0.10000000149011612
133.98,1.0,9.752881925490994,0.10000000149011612
134.034,1.0,9.835160336643458,0.10000000149011612
134.077,1.0,9.835202307254075,0.10000000149011612
134.129,1.0,9.862740722215838,0.10000000149011612
134.179,1.0,9.697947122280796,0.10000000149011612
134.232,1.0,9.83519459809694,0.10000000149011612
134.283,1.0,9.725351235498156,0.10000000149011612
134.33,1.0,9.753040831701624,0.10000000149011612
134.386,1.0,9.752784692185621,0.10000000149011612
134.43,1.0,9.917799846207101,0.13308042287826538
134.486,1.0,9.945000000008278,0.10000000149011612
134.531,1.0,9.917742612957955,0.11667300760746002
134.588,1.0,9.807687672517366,0.10000000149011612
134.629,1.0,9.890232482531832,0.10000000149011612
134.679,1.0,9.752782744955685,0.10000000149011612
134.73,1.0,9.807905377799438,0.10000000149011612
134.78,1.0,9.835072075244453,0.10000000149011612
134.836,1.0,9.752919329764943,0.10000000149011612
134.881,1.0,9.807771586626767,0.10000000149011612
134.936,1.0,9.72535986389137,0.10000000149011612
134.984,1.0,9.862731222994626,0.10000000149011612
135.033,1.0,9.862668084249728,0.10000000149011612
135.089,1.0,9.752795404113002,0.10000000149011612
135.13,1.0,9.862500000020695,0.10000000149011612
135.182,1.0,9.835125018283724,0.10000000149011612
135.238,1.0,9.780355050538978,0.10000000149011612
135.283,1.0,9.643060471759075,0.10000000149011612
135.337,1.0,9.917678558722967,0.10000000149011612
135.382,1.0,9.752734647339416,0.10000000149011612
135.435,1.0,9.807719122370084,0.10000000149011612
135.484,1.0,9.890235449663466,0.10000000149011612
135.534,1.0,9.890000000016556,0.10000000149011612
135.59,1.0,9.807700626283056,0.10000000149011612
135.635,1.0,9.862572257055177,0.10000000149011612
135.682,1.0,9.972500000004139,0.10000000149011612
135.735,1.0,9.725381345136299,0.10000000149011612
135.792,1.0,9.670537613828976,0.10000000149011612
135.834,1.0,9.80776265139381,0.10000000149011612
135.885,1.0,9.780301077477635,0.10000000149011612
135.941,1.0,9.890048593448268,0.10000000149011612
135.985,1.0,9.890139597675038,0.10000000149011612
136.034,1.0,9.697800312750042,0.10000000149011612
136.083,1.0,9.780422117561102,0.10133485496044159
136.136,1.0,9.83519951361749,0.10000000149011612
136.185,1.0,9.89025653882159,0.10000000149011612
136.236,1.0,9.807706907577813,0.10000000149011612
136.291,1.0,9.86289231001089,0.10000000149011612
136.335,1.0,9.807704765639372,0.10000000149011612
136.387,1.0,9.7527540349505,0.10000000149011612
136.437,1.0,9.807554901287787,0.10000000149011612
136.488,1.0,9.64287882314788,0.10000000149011612
136.542,1.0,9.835057558802268,0.10000000149011612
136.592,1.0,9.91754613013731,0.10000000149011612
136.637,1.0,9.697933443408045,0.10000000149011612
136.688,1.0,9.807628843229677,0.10000000149011612
136.737,1.0,9.725593836833205,0.10000000149011612
136.79,1.0,9.835370341667698,0.10000000149011612
136.839,1.0,9.835366152061356,0.10000000149011612
136.887,1.0,9.698058887529704,0.10000000149011612
136.938,1.0,9.697893517588575,0.10000000149011612
136.987,1.0,9.917761697620154,0.126231387257576
137.037,1.0,9.642977364588942,0.10000000149011612
137.086,1.0,9.94507132348501,0.10000000149011612
137.137,1.0,9.780286741194626,0.10000000149011612
137.191,1.0,9.697986393670242,0.10000000149011612
137.238,1.0,9.86252718710651,0.10000000149011612
137.294,1.0,9.643213030964963,0.10000000149011612
137.338,1.0,9.753173612989485,0.10000000149011612
137.394,1.0,9.835098071127302,0.10000000149011612
137.444,1.0,9.697940226664974,0.10000000149011612
137.495,1.0,9.670460383490555,0.10000000149011612
137.547,1.0,9.945044875620967,0.10000000149011612
137.597,1.0,9.862521212941243,0.10000000149011612
137.65,1.0,9.780332261592978,0.10000000149011612
137.703,1.0,9.835216291248798,0.10000000149011612
137.752,1.0,9.862655725081762,0.10000000149011612
137.802,1.0,9.835153162624273,0.10000000149011612
137.863,1.0,9.807694533881214,0.10000000149011612
137.905,1.0,9.725249982107844,0.10000000149011612
137.953,1.0,9.835127112807498,0.10000000149011612
138.003,1.0,9.780369494834709,0.10000000149011612
138.061,1.0,9.752786249770887,0.10000000149011612
138.105,1.0,9.835151175450948,0.10000000149011612
138.156,1.0,9.752758661305739,0.10000000149011612
138.215,1.0,9.698089573159814,0.10000000149011612
138.256,1.0,9.945036098236839,0.10000000149011612
138.31,1.0,9.945105590691997,0.10000000149011612
138.357,1.0,9.725363665736383,0.10000000149011612
138.41,1.0,9.807816417308317,0.10000000149011612
138.458,1.0,9.890136785701745,0.10000000149011612
138.506,1.0,9.890128343531655,0.10000000149011612
138.558,1.0,9.835203066530328,0.10000000149011612
138.614,1.0,9.75263200338102,0.10000000149011612
138.661,1.0,9.725355640219318,0.10000000149011612
138.71,1.0,9.807796080037951,0.10000000149011612
138.762,1.0,9.890269827408096,0.10000000149011612
138.811,1.0,9.890111925225291,0.10000000149011612
138.86,1.0,9.86280381590542,0.10000000149011612
138.913,1.0,9.780265456313888,0.10000000149011612
138.962,1.0,9.80760178555631,0.10000000149011612
139.017,1.0,9.697563785604304,0.10000000149011612
139.063,1.0,9.86261894106865,0.10000000149011612
139.116,1.0,9.972500000004139,0.10000000149011612
139.169,1.0,9.697788643112613,0.10000000149011612
139.212,1.0,9.862634713844292,0.10000000149011612
139.261,1.0,9.615710134928426,0.10000000149011612
139.311,1.0,9.807500000028975,0.10000000149011612
139.361,1.0,9.697807915632923,0.10000000149011612
139.416,1.0,9.807881904289955,0.10000000149011612
139.462,1.0,9.8352522680122,0.10000000149011612
139.512,1.0,9.780235862711237,0.10000000149011612
139.565,1.0,9.862591016561622,0.10000000149011612
139.613,1.0,9.835268836489155,0.10000000149011612
139.671,1.0,9.917500000012417,0.10000000149011612
139.723,1.0,9.890063882929583,0.10000000149011612
139.767,1.0,9.697758563587236,0.10000000149011612
139.819,1.0,9.835346150625911,0.10000000149011612
139.872,1.0,9.78013086080965,0.10000000149011612
139.925,1.0,9.780314810946583,0.10000000149011612
139.976,1.0,9.670778626845115,0.10000000149011612
140.026,1.0,9.780377457849681,0.10000000149011612
140.075,1.0,9.807666906900703,0.10000000149011612
140.127,1.0,9.807621854895519,0.10000000149011612
140.176,1.0,9.972500000004139,0.10000000149011612
140.225,1.0,9.752697999464969,0.10000000149011612
140.274,1.0,9.835109009966255,0.10000000149011612
140.325,1.0,9.86275963772916,0.10000000149011612
140.38,1.0,9.753041452231507,0.10000000149011612
140.425,1.0,9.807597596550153,0.10000000149011612
140.475,1.0,9.890000000016556,0.10000000149011612
140.525,1.0,9.835490549831755,0.10000000149011612
140.577,1.0,9.807738981354568,0.10000000149011612
140.626,1.0,9.8902550805774,0.10000000149011612
140.678,1.0,9.670483873101572,0.10000000149011612
140.725,1.0,9.862751819462412,0.10000000149011612
140.776,1.0,9.807837077043951,0.10000000149011612
140.826,1.0,9.752689573893116,0.10000000149011612
140.888,1.0,9.835223358041711,0.10000000149011612
140.926,1.0,9.725376508633296,0.10000000149011612
140.978,1.0,9.835275278923412,0.10000000149011612
141.025,1.0,9.752918129021095,0.10000000149011612
141.079,1.0,9.835000000024836,0.10000000149011612
141.125,1.0,9.670292455951373,0.10000000149011612
141.175,1.0,9.69783096379704,0.10000000149011612
141.228,1.0,9.835105642303825,0.10000000149011612
141.279,1.0,9.78031548058821,0.10000000149011612
141.336,1.0,9.972500000004139,0.10000000149011612
141.379,1.0,9.752827962529327,0.10000000149011612
141.435,1.0,9.780193405598402,0.10000000149011612
141.479,1.0,9.725279103447166,0.10000000149011612
141.528,1.0,9.835241438034508,0.10000000149011612
141.584,1.0,9.862607252101103,0.10000000149011612
141.628,1.0,9.835054652351472,0.10000000149011612
141.68,1.0,9.890163267093401,0.10000000149011612
141.729,1.0,9.862776291763616,0.10000000149011612
141.779,1.0,9.780306661687792,0.10000000149011612
141.833,1.0,9.752846051297254,0.10000000149011612
141.879,1.0,9.835350199850897,0.10000000149011612
141.93,1.0,9.835386594033075,0.10000000149011612
141.987,1.0,9.780342974451681,0.10000000149011612
142.032,1.0,9.643168009672728,0.10000000149011612
142.078,1.0,9.807668422100445,0.10000000149011612
142.13,1.0,9.890027489388983,0.10000000149011612
142.181,1.0,9.862668639607728,0.10000000149011612
142.233,1.0,9.835241000374985,0.10000000149011612
142.279,1.0,9.862643543713622,0.10000000149011612
142.329,1.0,9.75278230243259,0.10000000149011612
142.392,1.0,9.86260770012935,0.10000000149011612
142.431,1.0,9.8353500691346,0.10000000149011612
142.474,1.0,9.725409638902379,0.10000000149011612
142.529,1.0,9.725486495594184,0.10000000149011612
142.579,1.0,9.752878615777526,0.10000000149011612
142.629,1.0,9.917588280058569,0.10000000149011612
142.68,1.0,9.890104954876005,0.10000000149011612
142.731,1.0,9.862613450859984,0.10000000149011612
142.779,1.0,9.807764965689017,0.10000000149011612
142.83,1.0,9.780309540136821,0.10000000149011612
142.886,1.0,9.890095259228515,0.10000000149011612
142.939,1.0,9.89005224969652,0.10000000149011612
142.982,1.0,9.862608780836066,0.10000000149011612
143.035,1.0,9.807610355731514,0.10000000149011612
143.08,1.0,9.752838985580537,0.10000000149011612
143.132,1.0,9.75265622217622,0.10000000149011612
143.188,1.0,9.780498713855113,0.10000000149011612
143.231,1.0,9.670298313928974,0.10000000149011612
143.281,1.0,9.945000000008278,0.10000000149011612
143.331,1.0,9.642920355705751,0.10000000149011612
143.387,1.0,9.80790488411569,0.10000000149011612
143.43,1.0,9.862611718330946,0.10000000149011612
143.489,1.0,9.8626698916571,0.10000000149011612
143.531,1.0,9.835450887141956,0.10000000149011612
143.582,1.0,9.752812101774746,0.10000000149011612
143.645,1.0,9.862739083874557,0.10000000149011612
143.681,1.0,9.807733344659209,0.10000000149011612
143.74,1.0,9.862825895701018,0.10000000149011612
143.781,1.0,9.835108463445472,0.10000000149011612
143.836,1.0,9.890111531089577,0.10000000149011612
143.887,1.0,9.780029785094989,0.10000000149011612
143.936,1.0,9.75277376100421,0.10000000149011612
143.987,1.0,9.890120929603775,0.10000000149011612
144.04,1.0,9.643025185126398,0.10000000149011612
144.093,1.0,9.917500000012417,0.10000000149011612
144.135,1.0,9.89019699456791,0.10000000149011612
144.187,1.0,9.835512915398512,0.10000000149011612
144.237,1.0,9.862792228907347,0.10000000149011612
144.287,1.0,9.83532227323287,0.10000000149011612
144.346,1.0,9.78011949747387,0.10000000149011612
144.395,1.0,9.780254415091541,0.10000000149011612
144.446,1.0,9.917500000012417,0.10000000149011612
144.498,1.0,9.780387658170527,0.10000000149011612
144.548,1.0,9.862519205837614,0.10000000149011612
144.595,1.0,9.807575378277235,0.10000000149011612
144.647,1.0,9.890061900537047,0.10000000149011612
144.703,1.0,9.862620326711072,0.10000000149011612
144.755,1.0,9.725512505984968,0.10000000149011612
144.801,1.0,9.780423323541052,0.10000000149011612
144.854,1.0,9.780247568897902,0.10000000149011612
144.902,1.0,9.890095892072551,0.10000000149011612
144.95,1.0,9.670375829521152,0.10000000149011612
145.01,1.0,9.83529508865128,0.10000000149011612
145.05,1.0,9.862500000020695,0.10000000149011612
145.1,1.0,9.807689156776501,0.10000000149011612
145.153,1.0,9.780530338899958,0.10000000149011612
145.202,1.0,9.94505705539551,0.10000000149011612
145.253,1.0,9.807580105505055,0.10000000149011612
145.306,1.0,9.86284814576308,0.10000000149011612
145.355,1.0,9.9450415322971,0.10000000149011612
145.405,1.0,9.725382047767441,0.10000000149011612
145.463,1.0,9.835025843708879,0.10000000149011612
145.505,1.0,9.725281243316001,0.10000000149011612
145.563,1.0,9.86261205561459,0.10000000149011612
145.606,1.0,9.807845444666842,0.10000000149011612
145.655,1.0,9.72547929568423,0.10000000149011612
145.708,1.0,9.862980750099652,0.10000000149011612
145.77,1.0,9.86258042111165,0.10000000149011612
145.806,1.0,9.835375038844843,0.10000000149011612
145.866,1.0,9.780233590760165,0.10000000149011612
145.908,1.0,9.698093059659005,0.10000000149011612
145.958,1.0,9.698160064696438,0.10000000149011612
146.008,1.0,9.917761548277404,0.1173335462808609
146.058,1.0,9.615581922233105,0.10000000149011612
146.119,1.0,9.862634956671132,0.10000000149011612
146.162,1.0,9.752960722438162,0.10000000149011612
146.213,1.0,9.725187657670014,0.10000000149011612
146.266,1.0,9.89016747025566,0.10000000149011612
146.311,1.0,9.917500000012417,0.10000000149011612
146.364,1.0,9.835102297365665,0.10000000149011612
146.418,1.0,9.89005885846499,0.10000000149011612
146.461,1.0,9.862630438514882,0.10000000149011612
146.515,1.0,9.89009020322313,0.10000000149011612
146.562,1.0,9.807695001736283,0.10000000149011612
146.612,1.0,9.917598692100082,0.10000000149011612
146.662,1.0,9.752707781290843,0.10000000149011612
146.713,1.0,9.780221162798505,0.10000000149011612
146.761,1.0,9.835357650141749,0.10000000149011612
146.811,1.0,9.917641315919658,0.10000000149011612
146.866,1.0,9.835159072217841,0.10000000149011612
146.916,1.0,9.835136795995965,0.10000000149011612
146.963,1.0,9.862634136610561,0.10000000149011612
147.012,1.0,9.890038455091418,0.10000000149011612
147.063,1.0,9.725270710926917,0.10000000149011612
147.114,1.0,9.69773136532555,0.10000000149011612
147.162,1.0,9.725250311589075,0.10000000149011612
147.212,1.0,9.697678872818749,0.10000000149011612
147.263,1.0,9.752850749302242,0.10000000149011612
147.313,1.0,9.835158447259003,0.10000000149011612
147.363,1.0,9.917703402683967,0.10452786833047867
147.423,1.0,9.862616295760704,0.10000000149011612
147.463,1.0,9.86283956832356,0.10034291446208954
147.527,1.0,9.807844739324517,0.10000000149011612
147.56,1.0,9.862724596737987,0.10000000149011612
147.611,1.0,9.835363639787667,0.10000000149011612
147.663,1.0,9.780287392127017,0.10000000149011612
147.71,1.0,9.862581160540381,0.10000000149011612
147.765,1.0,9.78017700250364,0.10000000149011612
147.818,1.0,9.78026026232789,0.10000000149011612
147.865,1.0,9.835242681888243,0.10000000149011612
147.921,1.0,9.780235811654064,0.10000000149011612
147.973,1.0,9.917554925754667,0.10000000149011612
148.015,1.0,9.807809022089673,0.10000000149011612
148.069,1.0,9.78034610826936,0.10000000149011612
148.116,1.0,9.835157742040852,0.10000000149011612
148.163,1.0,9.725344413932827,0.10000000149011612
148.214,1.0,9.83508930315988,0.10000000149011612
148.265,1.0,9.725243980251253,0.10000000149011612
148.318,1.0,9.835164739667542,0.10000000149011612
148.367,1.0,9.917706029386157,0.11062357574701309
148.416,1.0,9.642647911835876,0.10000000149011612
148.472,1.0,9.807849083902935,0.10000000149011612
148.516,1.0,9.807820875073473,0.10000000149011612
148.566,1.0,9.75307424031198,0.10000000149011612
148.614,1.0,9.862652615478469,0.10000000149011612
148.664,1.0,9.917500000012417,0.10000000149011612
148.717,1.0,9.890000000016556,0.10000000149011612
148.765,1.0,9.835124136424726,0.10000000149011612
148.814,1.0,9.86271989989198,0.10000000149011612
148.869,1.0,9.7531343124186,0.10000000149011612
148.915,1.0,9.780187657475471,0.10000000149011612
148.968,1.0,9.78045394209524,0.10000000149011612
149.016,1.0,9.86289937771443,0.10313119739294052
149.067,1.0,9.752928447992437,0.10000000149011612
149.112,1.0,9.780325772261454,0.10000000149011612
149.166,1.0,9.862661225762633,0.10002437233924866
149.222,1.0,9.780317695045637,0.10000000149011612
149.267,1.0,9.835152603189151,0.10000000149011612
149.314,1.0,9.835106114567154,0.10000000149011612
149.367,1.0,9.780232044081721,0.10000000149011612
149.424,1.0,9.917624122069942,0.10000000149011612
149.469,1.0,9.917613000008796,0.10000000149011612
149.515,1.0,9.917700706525808,0.10000000149011612
149.569,1.0,9.780036145676341,0.10000000149011612
149.623,1.0,9.835213966046771,0.10000000149011612
149.673,1.0,9.862530440195567,0.10000000149011612
149.722,1.0,9.75293084445099,0.10000000149011612
149.77,1.0,9.72534725761248,0.10000000149011612
149.819,1.0,9.862599314211144,0.10000000149011612
149.871,1.0,9.862899287086394,0.10000000149011612
149.919,1.0,9.835302630398008,0.10000000149011612
149.971,1.0,9.78015742028753,0.10000000149011612
150.022,1.0,9.917636345658037,0.10000000149011612
150.073,1.0,9.862665076367557,0.10000000149011612
150.123,1.0,9.89001278579235,0.10000000149011612
150.171,1.0,9.917659525718125,0.10000000149011612
150.222,1.0,9.725431379220552,0.10000000149011612
150.272,1.0,9.753045045253304,0.10000000149011612
150.324,1.0,9.945125847620268,0.10000000149011612
150.372,1.0,9.75251976835231,0.10000000149011612
150.422,1.0,9.862693373134567,0.10000000149011612
150.473,1.0,9.807787553427948,0.10000000149011612
150.522,1.0,9.78030638527125,0.10000000149011612
150.573,1.0,9.670447607835134,0.10000000149011612
150.622,1.0,9.725329263963634,0.10000000149011612
150.674,1.0,9.890167469489906,0.10000000149011612
150.726,1.0,9.807562298182813,0.10000000149011612
150.772,1.0,9.780237924742202,0.10000000149011612
150.825,1.0,9.862793959035642,0.10000000149011612
150.871,1.0,9.86266190107498,0.10000000149011612
150.921,1.0,9.752833942572275,0.10000000149011612
150.982,1.0,9.725475216967364,0.10000000149011612
151.021,1.0,9.78038162936767,0.10000000149011612
151.071,1.0,9.780206221321391,0.10000000149011612
151.125,1.0,9.890163696764244,0.10000000149011612
151.172,1.0,9.80778396928476,0.10000000149011612
151.223,1.0,9.780430315786766,0.10000000149011612
151.273,1.0,9.862719603193304,0.10000000149011612
151.325,1.0,9.890293648425075,0.10000000149011612
151.372,1.0,9.725346641884082,0.10000000149011612
151.423,1.0,9.917669822234247,0.10000000149011612
151.475,1.0,9.6979013365176,0.10000000149011612
151.524,1.0,9.86284001984944,0.10000000149011612
151.572,1.0,9.862836677994993,0.10000000149011612
151.629,1.0,9.725352699785597,0.10000000149011612
151.672,1.0,9.862700418010354,0.10000000149011612
151.73,1.0,9.780203095947703,0.10000000149011612
151.773,1.0,9.945196305339534,0.13219444453716278
151.826,1.0,9.780396401219898,0.10000000149011612
151.89,1.0,9.725044414173398,0.10000000149011612
151.929,1.0,9.862683185541796,0.10000000149011612
151.986,1.0,9.83500539223767,0.10000000149011612
152.03,1.0,9.670087691727613,0.10000000149011612
152.104,1.0,9.780357071364092,0.10000000149011612
152.142,1.0,9.862624295697444,0.10000000149011612
152.183,1.0,9.890185371041298,0.10000000149011612
152.236,1.0,9.83524126491199,0.10020684450864792
152.287,1.0,9.697832968499926,0.10000000149011612
152.338,1.0,9.753101861745947,0.10000000149011612
152.385,1.0,9.752788586376441,0.10000000149011612
152.447,1.0,9.752657633854284,0.10000000149011612
152.486,1.0,9.78022304162797,0.10000000149011612
152.537,1.0,9.917764265090227,0.1263621747493744
152.591,1.0,9.670134461339977,0.10000000149011612
152.642,1.0,9.807630796130333,0.10000000149011612
152.69,1.0,9.8350253774888,0.10000000149011612
152.742,1.0,9.780454751228293,0.10103511810302734
152.802,1.0,9.862648728407091,0.10000000149011612
152.84,1.0,9.835449914654923,0.10225095599889755
152.89,1.0,9.670643004712959,0.10000000149011612
152.94,1.0,9.945109113926689,0.11692630499601364
152.991,1.0,9.752777348976169,0.10000000149011612
153.042,1.0,9.83523897667312,0.10000000149011612
153.094,1.0,9.917634474175673,0.10291607677936554
153.147,1.0,9.752783218088249,0.10000000149011612
153.194,1.0,9.835044456273318,0.10000000149011612
153.248,1.0,9.862619825618134,0.10000000149011612
153.295,1.0,9.78040380726258,0.10000000149011612
153.347,1.0,9.890135373940899,0.10054779052734375
153.398,1.0,9.780366894519991,0.10000000149011612
153.446,1.0,9.835260069618622,0.10000000149011612
153.501,1.0,9.862821697505812,0.10000000149011612
153.547,1.0,9.862623602027695,0.10000000149011612
153.603,1.0,9.890162803522415,0.10000000149011612
153.646,1.0,9.890087005061408,0.10000000149011612
153.696,1.0,9.83517034045524,0.10000000149011612
153.747,1.0,9.752645117292802,0.10000000149011612
153.798,1.0,9.835343299330109,0.10000000149011612
153.845,1.0,9.86271031976988,0.10000000149011612
153.896,1.0,9.807941608317197,0.10000000149011612
153.947,1.0,9.588712277242706,0.10000000149011612
153.999,1.0,9.862631367436714,0.10000000149011612
154.048,1.0,9.807572277573248,0.10000000149011612
154.104,1.0,9.890075726538068,0.10000000149011612
154.144,1.0,9.725311029288504,0.10000000149011612
154.198,1.0,9.835136328865257,0.10000000149011612
154.253,1.0,9.835212067763011,0.10000000149011612
154.299,1.0,9.835063401009474,0.10000000149011612
154.355,1.0,9.752708992713856,0.10000000149011612
154.399,1.0,9.725283927946455,0.10000000149011612
154.453,1.0,9.80782541245636,0.10000000149011612
154.499,1.0,9.83533394974139,0.10000000149011612
154.553,1.0,9.615658855251969,0.10000000149011612
154.601,1.0,9.780218354985118,0.10000000149011612
154.651,1.0,9.780148038247393,0.10000000149011612
154.703,1.0,9.780427022423181,0.10000000149011612
154.75,1.0,9.835190729507142,0.10000000149011612
154.8,1.0,9.75292690632244,0.10000000149011612
154.855,1.0,9.697821671412223,0.10000000149011612
154.901,1.0,9.917685606889426,0.10000000149011612
154.95,1.0,9.725512613045673,0.10000000149011612
155.002,1.0,9.862837331762744,0.10000000149011612
155.052,1.0,9.752724676165316,0.10000000149011612
155.1,1.0,9.780249936030144,0.10000000149011612
155.153,1.0,9.807737931898899,0.10000000149011612
155.201,1.0,9.78018119842228,0.10000000149011612
155.255,1.0,9.890000000016556,0.10000000149011612
155.3,1.0,9.753263084135122,0.10000000149011612
155.352,1.0,9.862506855299904,0.10000000149011612
155.4,1.0,9.862563653104008,0.10000000149011612
155.45,1.0,9.752730587331785,0.10000000149011612
155.505,1.0,9.835277801979746,0.10000000149011612
155.55,1.0,9.83515997454524,0.10000000149011612
155.6,1.0,9.642981931091184,0.10000000149011612
155.652,1.0,9.80782161793775,0.10000000149011612
155.701,1.0,9.917646189861827,0.10000000149011612
155.75,1.0,9.835043764362732,0.10000000149011612
155.806,1.0,9.780145144317713,0.10000000149011612
155.851,1.0,9.752566552100083,0.10000000149011612
155.9,1.0,9.917601534724236,0.10000000149011612
155.956,1.0,9.83520264873902,0.10000000149011612
156.002,1.0,9.725261609173483,0.10000000149011612
156.051,1.0,9.807840323924191,0.10000000149011612
156.104,1.0,9.862593189254403,0.10000000149011612
156.154,1.0,9.752765231517454,0.10000000149011612
156.206,1.0,9.917688000678188,0.10000000149011612
156.252,1.0,9.697901198661162,0.10000000149011612
156.305,1.0,9.75271920946737,0.10000000149011612
156.352,1.0,9.780177673366335,0.10000000149011612
156.405,1.0,9.807967785890732,0.10000000149011612
156.466,1.0,9.752685720100999,0.10000000149011612
156.503,1.0,9.752910022685926,0.10000000149011612
156.56,1.0,9.862595047305028,0.10000000149011612
156.605,1.0,9.697874549217522,0.10000000149011612
156.652,1.0,9.807830751418239,0.10000000149011612
156.704,1.0,9.807666011672053,0.10000000149011612
156.755,1.0,9.83526228155113,0.10000000149011612
156.804,1.0,9.752764410297903,0.10000000149011612
156.856,1.0,9.83531217109412,0.10000000149011612
156.912,1.0,9.725321606567336,0.10000000149011612
156.953,1.0,9.83532636620932,0.10000000149011612
157.008,1.0,9.835288505194088,0.10000000149011612
157.059,1.0,9.890242934185597,0.10000000149011612
157.106,1.0,9.862706069027384,0.10000000149011612
157.156,1.0,9.8626009972973,0.10000000149011612
157.205,1.0,9.752795589280625,0.10000000149011612
157.261,1.0,9.835224643535913,0.10000000149011612
157.303,1.0,9.615411738678812,0.10000000149011612
157.352,1.0,9.807807044540015,0.10000000149011612
157.403,1.0,9.83540804175039,0.10000000149011612
157.452,1.0,9.862763932823308,0.10000000149011612
157.509,1.0,9.807653365035852,0.10000000149011612
157.554,1.0,9.78012484624568,0.10000000149011612
157.604,1.0,9.80768326934841,0.10000000149011612
157.653,1.0,9.890156386937532,0.10000000149011612
157.709,1.0,9.835336897853349,0.10000000149011612
157.753,1.0,9.835509909047849,0.10000000149011612
157.803,1.0,9.945128699909482,0.10077442973852158
157.853,1.0,9.807561165632473,0.10000000149011612
157.905,1.0,9.752912478645642,0.10000000149011612
157.953,1.0,9.725302163097593,0.10000000149011612
158.009,1.0,9.807700088475313,0.10000000149011612
158.057,1.0,9.835381523726715,0.10000000149011612
158.102,1.0,9.752727341237996,0.10000000149011612
158.153,1.0,9.835062044486403,0.10000000149011612
158.21,1.0,9.80772684806337,0.10000000149011612
158.253,1.0,9.890317727480497,0.10000000149011612
158.303,1.0,9.862713589395087,0.10000000149011612
158.354,1.0,9.615238659373588,0.10000000149011612
158.403,1.0,9.835243941884901,0.10000000149011612
158.452,1.0,9.780353058481381,0.10000000149011612
158.509,1.0,9.725300192046497,0.10000000149011612
158.565,1.0,9.78018191088405,0.10000000149011612
158.61,1.0,9.807862069147328,0.10000000149011612
158.658,1.0,9.75283294769211,0.10000000149011612
158.709,1.0,9.72535245190892,0.10000000149011612
158.753,1.0,9.807882629562583,0.10000000149011612
158.808,1.0,9.807880759528942,0.10000000149011612
158.858,1.0,9.862791986970437,0.10000000149011612
158.91,1.0,9.835258321029444,0.10000000149011612
158.959,1.0,9.78025808578564,0.10000000149011612
159.012,1.0,9.807579801293711,0.10000000149011612
159.059,1.0,9.780157499036028,0.10000000149011612
159.113,1.0,9.807795821668373,0.10000000149011612
159.166,1.0,9.83536170894901,0.10000000149011612
159.21,1.0,9.752834122710757,0.10000000149011612
159.264,1.0,9.780256118832362,0.10000000149011612
159.309,1.0,9.917615417804983,0.10000000149011612
159.36,1.0,9.945000000008278,0.10000000149011612
159.411,1.0,9.807923243650132,0.10000000149011612
159.459,1.0,9.807766621414986,0.10000000149011612
159.509,1.0,9.725318096992043,0.10000000149011612
159.561,1.0,9.80774807534698,0.10000000149011612
159.608,1.0,9.80776002359473,0.10000000149011612
159.661,1.0,9.670299884594149,0.10000000149011612
159.711,1.0,9.862537386620211,0.10000000149011612
159.766,1.0,9.862687176652253,0.10000000149011612
159.819,1.0,9.835123144152265,0.10000000149011612
159.863,1.0,9.7529481606351,0.10000000149011612
159.913,1.0,9.697980745819708,0.10000000149011612
159.962,1.0,9.670400100739466,0.10000000149011612
160.017,1.0,9.697896687148345,0.10000000149011612
160.064,1.0,9.862634403279259,0.10000000149011612
160.115,1.0,9.72534145946718,0.10000000149011612
160.167,1.0,9.615319015416834,0.10000000149011612
160.218,1.0,9.780258764347268,0.10000000149011612
160.268,1.0,9.642696665724118,0.10000000149011612
160.319,1.0,9.807840996566746,0.10000000149011612
160.367,1.0,9.7529450641945,0.10000000149011612
160.42,1.0,9.615301219974127,0.10000000149011612
160.468,1.0,9.698065389009814,0.10000000149011612
160.52,1.0,9.807691264318095,0.10000000149011612
160.571,1.0,9.670251745420197,0.10000000149011612
160.619,1.0,9.807654112680918,0.10000000149011612
160.668,1.0,9.780012912965484,0.10000000149011612
160.72,1.0,9.72529253721651,0.10000000149011612
160.768,1.0,9.780451723953917,0.10000000149011612
160.818,1.0,9.780261862071024,0.10000000149011612
160.868,1.0,9.807649784493778,0.10000000149011612
160.918,1.0,9.835351932690376,0.10000000149011612
160.973,1.0,9.697653876762423,0.10000000149011612
161.019,1.0,9.862500000020695,0.10000000149011612
161.068,1.0,9.835074530935122,0.10000000149011612
161.119,1.0,9.890209149362313,0.10000000149011612
161.17,1.0,9.78015110850748,0.10000000149011612
161.219,1.0,9.807794983809194,0.10000000149011612
161.268,1.0,9.862680660084719,0.10000000149011612
161.317,1.0,9.807710118157168,0.10000000149011612
161.369,1.0,9.69784038114465,0.10000000149011612
161.42,1.0,9.862677756552067,0.10000000149011612
161.469,1.0,9.862692748589648,0.10000000149011612
161.518,1.0,9.890229804689685,0.10000000149011612
161.569,1.0,9.670393891115156,0.10000000149011612
161.62,1.0,9.780684207607475,0.10000000149011612
161.673,1.0,9.780375973838899,0.10000000149011612
161.725,1.0,9.890095594028631,0.10000000149011612
161.772,1.0,9.835182307888235,0.10000000149011612
161.821,1.0,9.78018612191081,0.10000000149011612
161.874,1.0,9.725308246331082,0.10000000149011612
161.924,1.0,9.890000000016556,0.10000000149011612
161.971,1.0,9.890267529690432,0.10000000149011612
162.02,1.0,9.72512070470386,0.10000000149011612
162.07,1.0,9.807965381091668,0.10000000149011612
162.123,1.0,9.945088384735088,0.10000000149011612
162.171,1.0,9.862766569149162,0.10000000149011612
162.221,1.0,9.945013652824693,0.10000000149011612
162.278,1.0,9.752952016103599,0.10000000149011612
162.326,1.0,9.780256132740114,0.10000000149011612
162.375,1.0,9.72542200088501,0.10000000149011612
162.434,1.0,9.780315454904404,0.10000000149011612
162.475,1.0,9.835022857081558,0.10000000149011612
162.529,1.0,9.917576917592022,0.10000000149011612
162.576,1.0,9.670368889946904,0.10000000149011612
162.633,1.0,9.753055049892929,0.10000000149011612
162.673,1.0,9.807670342259938,0.10000000149011612
162.726,1.0,9.862518086822497,0.10000000149011612
162.776,1.0,9.807807159134084,0.10000000149011612
162.826,1.0,9.780172082988752,0.10000000149011612
162.878,1.0,9.835267847879892,0.10000000149011612
162.926,1.0,9.80770480223,0.10000000149011612
162.976,1.0,9.697939975642496,0.10000000149011612
163.026,1.0,9.780526421860689,0.10000000149011612
163.076,1.0,9.890105652788447,0.10000000149011612
163.126,1.0,9.890170093625784,0.10000000149011612
163.18,1.0,9.835067058044176,0.10000000149011612
163.23,1.0,9.91773910091983,0.11161255836486816
163.279,1.0,9.752712019243175,0.10000000149011612
163.326,1.0,9.670460737020605,0.10000000149011612
163.376,1.0,9.780293504562643,0.10000000149011612
163.425,1.0,9.890102117011944,0.10000000149011612
163.478,1.0,9.6702927103887,0.10000000149011612
163.527,1.0,9.725234322746594,0.10000000149011612
163.577,1.0,9.917614117181964,0.10000000149011612
163.632,1.0,9.890095506132477,0.10000000149011612
163.676,1.0,9.835071618668735,0.10000000149011612
163.735,1.0,9.83521221091764,0.10000000149011612
163.777,1.0,9.533126252889634,0.10000000149011612
163.826,1.0,9.80771830253717,0.10000000149011612
163.877,1.0,9.780322461471789,0.10000000149011612
163.935,1.0,9.752846726940739,0.10000000149011612
163.979,1.0,9.862639546290868,0.10000000149011612
164.031,1.0,9.697942291593385,0.10000000149011612
164.082,1.0,9.725288745202125,0.10000000149011612
164.131,1.0,9.890222643771105,0.10000000149011612
164.185,1.0,9.945000000008278,0.10000000149011612
164.237,1.0,9.917579365811415,0.10000000149011612
164.284,1.0,9.86273219310161,0.11001385748386383
164.341,1.0,9.80761334805025,0.10000000149011612
164.383,1.0,9.780520151659019,0.10000000149011612
164.439,1.0,9.807731043381823,0.10000000149011612
164.492,1.0,9.807995519290367,0.10000000149011612
164.533,1.0,9.890239684449302,0.10000000149011612
164.585,1.0,9.725390123534535,0.10000000149011612
164.637,1.0,9.83511935962985,0.10000000149011612
164.684,1.0,9.862544927704665,0.10000000149011612
164.735,1.0,9.890133292621208,0.10000000149011612
164.784,1.0,9.643038298872609,0.10000000149011612
164.832,1.0,9.698187096623911,0.10000000149011612
164.884,1.0,9.945115325372253,0.11674685031175613
164.94,1.0,9.890223475090332,0.10000000149011612
164.986,1.0,9.862910379821228,0.10000000149011612
165.034,1.0,9.862553548067808,0.10000000149011612
165.086,1.0,9.807824040535424,0.10000000149011612
165.141,1.0,9.835168939394256,0.10000000149011612
165.184,1.0,9.86255852431059,0.10000000149011612
165.24,1.0,9.752671978188058,0.10000000149011612
165.284,1.0,9.835339500837856,0.10000000149011612
165.336,1.0,9.835143270467718,0.10000000149011612
165.385,1.0,9.835225707416733,0.10000000149011612
165.435,1.0,9.725458835582767,0.10000000149011612
165.487,1.0,9.780249728241728,0.10000000149011612
165.535,1.0,9.697918234310217,0.10000000149011612
165.586,1.0,9.945000000008278,0.10000000149011612
165.638,1.0,9.670614624582232,0.10000000149011612
165.684,1.0,9.862550595257845,0.10000000149011612
165.735,1.0,9.780215256081688,0.10000000149011612
165.787,1.0,9.670506678500937,0.10000000149011612
165.839,1.0,9.752778982702228,0.10000000149011612
165.886,1.0,9.835263624808027,0.10000000149011612
165.936,1.0,9.862645915461083,0.10000000149011612
165.987,1.0,9.752794717459215,0.10000000149011612
166.046,1.0,9.807859005323715,0.10000000149011612
166.089,1.0,9.670428093543483,0.10000000149011612
166.141,1.0,9.752811896366378,0.10000000149011612
166.194,1.0,9.725437203215229,0.10000000149011612
166.241,1.0,9.862696891422901,0.10000000149011612
166.295,1.0,9.835096708830033,0.10000000149011612
166.351,1.0,9.752991097213494,0.10000000149011612
166.39,1.0,9.752759835372368,0.10000000149011612
166.441,1.0,9.89008767762118,0.10000000149011612
166.494,1.0,9.75290733774503,0.10000000149011612
166.543,1.0,9.835293125092155,0.10000000149011612
166.592,1.0,9.697875833387176,0.10000000149011612
166.642,1.0,9.835113687420057,0.10000000149011612
166.693,1.0,9.945117639357017,0.10000000149011612
166.743,1.0,9.83509617180874,0.10000000149011612
166.793,1.0,9.807717731263903,0.10000000149011612
166.844,1.0,9.807677461413874,0.10000000149011612
166.892,1.0,9.780748507152829,0.10000000149011612
166.952,1.0,9.862536723787587,0.10000000149011612
167.0,1.0,9.86279354174104,0.10214576870203018
167.051,1.0,9.725335032534268,0.10000000149011612
167.097,1.0,9.69811708084825,0.10000000149011612
167.147,1.0,9.69807967164864,0.10000000149011612
167.197,1.0,9.780178122532865,0.10000000149011612
167.248,1.0,9.72529657708688,0.10000000149011612
167.296,1.0,9.890199171441298,0.10000000149011612
167.348,1.0,9.890077036474313,0.10000000149011612
167.402,1.0,9.752639997398688,0.10000000149011612
167.456,1.0,9.835153496306804,0.10000000149011612
167.5,1.0,9.752641882374883,0.10000000149011612
167.561,1.0,9.80782349773993,0.10000000149011612
167.598,1.0,9.917500000012417,0.10000000149011612
167.652,1.0,9.6428902204045,0.10000000149011612
167.7,1.0,9.835264689226944,0.10000000149011612
167.765,1.0,9.94507301453915,0.10492818802595139
167.806,1.0,9.780346589411298,0.10000000149011612
167.852,1.0,9.780317120109167,0.10000000149011612
167.902,1.0,9.780347355600032,0.10000000149011612
167.974,1.0,9.835135069096253,0.10000000149011612
168.015,1.0,9.890101191836099,0.10000000149011612
168.067,1.0,9.890067726559938,0.10000000149011612
168.12,1.0,9.807847729366687,0.10000000149011612
168.167,1.0,9.86260901523961,0.10000000149011612
168.217,1.0,9.752877055129243,0.10000000149011612
168.267,1.0,9.835288740735916,0.10293025523424149
168.317,1.0,9.615450272398691,0.10000000149011612
168.369,1.0,9.725374524336722,0.10000000149011612
168.411,1.0,9.780157445785072,0.10000000149011612
168.468,1.0,9.862615918347405,0.10000000149011612
168.517,1.0,9.670075664110481,0.10000000149011612
168.569,1.0,9.725186898476547,0.10000000149011612
168.627,1.0,9.890292084651689,0.10000000149011612
168.668,1.0,9.78021857926829,0.10000000149011612
168.723,1.0,9.72512014940795,0.10000000149011612
168.768,1.0,9.807635110865037,0.10000000149011612
168.822,1.0,9.697831357974145,0.10000000149011612
168.87,1.0,9.75276857515176,0.10000000149011612
168.925,1.0,9.72511560699592,0.10000000149011612
168.972,1.0,9.780269398892091,0.10000000149011612
169.022,1.0,9.835091731014352,0.10000000149011612
169.073,1.0,9.917619898377193,0.10000000149011612
169.122,1.0,9.835013890742427,0.10000000149011612
169.174,1.0,9.86266606050647,0.10000000149011612
169.225,1.0,9.862802152604692,0.10000000149011612
169.283,1.0,9.862698178386523,0.10000000149011612
169.326,1.0,9.890123080876139,0.10000000149011612
169.374,1.0,9.807708394734396,0.10000000149011612
169.428,1.0,9.753178110035757,0.10000000149011612
169.474,1.0,9.75277196197874,0.10000000149011612
169.529,1.0,9.807643542149,0.10000000149011612
169.573,1.0,9.697941249174375,0.10000000149011612
169.625,1.0,9.780210964174735,0.10000000149011612
169.673,1.0,9.697795511057807,0.10000000149011612
169.723,1.0,9.862576254519324,0.10000000149011612
169.774,1.0,9.643183642149799,0.10000000149011612
169.823,1.0,9.75280358872066,0.10000000149011612
169.875,1.0,9.835194037896063,0.10000000149011612
169.923,1.0,9.91758711507751,0.10000000149011612
169.974,1.0,9.752786956975857,0.10000000149011612
170.024,1.0,9.835171498523819,0.10000000149011612
170.073,1.0,9.78050930334462,0.10000000149011612
170.123,1.0,9.835163363710874,0.10000000149011612
170.178,1.0,9.890137606817815,0.10000000149011612
170.222,1.0,9.89015996499608,0.10000000149011612
170.273,1.0,9.752811364167266,0.10000000149011612
170.322,1.0,9.697852918195228,0.10000000149011612
170.378,1.0,9.945000000008278,0.10000000149011612
170.424,1.0,9.835183067123095,0.10000000149011612
170.476,1.0,9.780370568566852,0.10000000149011612
170.54,1.0,9.807801370715929,0.10000000149011612
170.574,1.0,9.69780573753847,0.10000000149011612
170.628,1.0,9.64286722427027,0.10000000149011612
170.682,1.0,9.752919094885389,0.10000000149011612
170.721,1.0,9.780508838469784,0.10000000149011612
170.779,1.0,9.64288924758633,0.10000000149011612
170.825,1.0,9.780320019709567,0.10000000149011612
170.878,1.0,9.89011835789101,0.10000000149011612
170.927,1.0,9.835349570690758,0.10000000149011612
170.982,1.0,9.890198596732484,0.10000000149011612
171.027,1.0,9.807659174150062,0.10000000149011612
171.08,1.0,9.725253628215029,0.10000000149011612
171.127,1.0,9.752809844455784,0.10000000149011612
171.177,1.0,9.75276495238973,0.10000000149011612
171.227,1.0,9.890083210770454,0.10000000149011612
171.284,1.0,9.697998250193066,0.10000000149011612
171.329,1.0,9.752557948231697,0.10000000149011612
171.377,1.0,9.725355563850867,0.10000000149011612
171.428,1.0,9.752710336529546,0.10000000149011612
171.477,1.0,9.780277707096603,0.10000000149011612
171.528,1.0,9.890051418584253,0.10000000149011612
171.579,1.0,9.835172201672362,0.10000000149011612
171.627,1.0,9.698170785316163,0.10000000149011612
171.678,1.0,9.725441445348164,0.10000000149011612
171.727,1.0,9.917780566318996,0.11884833127260208
171.777,1.0,9.945000000008278,0.10000000149011612
171.831,1.0,9.752927007919384,0.10000000149011612
171.878,1.0,9.752708889295658,0.10000000149011612
171.928,1.0,9.807832366683417,0.10000000149011612
171.977,1.0,9.753064567223191,0.10000000149011612
172.027,1.0,9.862833909855949,0.1061459630727768
172.077,1.0,9.890139806994961,0.10000000149011612
172.134,1.0,9.780417035789126,0.10000000149011612
172.182,1.0,9.807775783352554,0.10000000149011612
172.23,1.0,9.862684857534866,0.10000000149011612
172.28,1.0,9.670384900540942,0.10000000149011612
172.33,1.0,9.890000000016556,0.10000000149011612
172.384,1.0,9.862663960912162,0.10000000149011612
172.431,1.0,9.725251179064314,0.10000000149011612
172.483,1.0,9.807710054247744,0.10000000149011612
172.536,1.0,9.835118341238962,0.10000000149011612
172.584,1.0,9.862642281668053,0.10000000149011612
172.635,1.0,9.917631460933222,0.10000000149011612
172.687,1.0,9.697820119539069,0.10000000149011612
172.738,1.0,9.862639521020983,0.10000000149011612
172.784,1.0,9.72533175876985,0.10000000149011612
172.836,1.0,9.890084851533175,0.10000000149011612
172.888,1.0,9.697958483360708,0.10000000149011612
172.946,1.0,9.83512978847656,0.10000000149011612
172.989,1.0,9.780038402602077,0.10000000149011612
173.038,1.0,9.835228193799654,0.10000000149011612
173.091,1.0,9.835044090801643,0.10000000149011612
173.139,1.0,9.862617056920296,0.10000000149011612
173.188,1.0,9.917500000012417,0.10000000149011612
173.241,1.0,9.780343284768362,0.10000000149011612
173.289,1.0,9.917691263328823,0.10000000149011612
173.345,1.0,9.725354171958234,0.10000000149011612
173.392,1.0,9.78032887381398,0.10000000149011612
173.44,1.0,9.725334812493788,0.10000000149011612
173.49,1.0,9.835236393950051,0.10000000149011612
173.55,1.0,9.780361496636438,0.10000000149011612
173.59,1.0,9.862512144591246,0.10000000149011612
173.639,1.0,9.890291874338356,0.10000000149011612
173.696,1.0,9.835272644480897,0.10000000149011612
173.741,1.0,9.862722306512296,0.10000000149011612
173.791,1.0,9.8076133026431,0.10000000149011612
173.843,1.0,9.86254203553415,0.10000000149011612
173.894,1.0,9.752652657425237,0.10000000149011612
173.944,1.0,9.725518856404555,0.10000000149011612
173.993,1.0,9.835103370187182,0.10000000149011612
174.045,1.0,9.8903291594651,0.11883325129747391
174.093,1.0,9.752765051979157,0.10000000149011612
174.142,1.0,9.835315969255236,0.10000000149011612
174.196,1.0,9.780160250245697,0.10000000149011612
174.242,1.0,9.670329352716605,0.10000000149011612
174.292,1.0,9.862764841773444,0.10000000149011612
174.342,1.0,9.780474795339009,0.10000000149011612
174.391,1.0,9.890000000016556,0.10000000149011612
174.442,1.0,9.807909631791214,0.10000000149011612
174.496,1.0,9.945052147511806,0.10000000149011612
174.551,1.0,9.917643985835214,0.10000000149011612
174.594,1.0,9.835388021005524,0.10000000149011612
174.641,1.0,9.835168196654154,0.10000000149011612
174.697,1.0,9.725177937973704,0.10000000149011612
174.748,1.0,9.752836278515558,0.10000000149011612
174.801,1.0,9.725358366262581,0.10000000149011612
174.847,1.0,9.752951763570309,0.10000000149011612
174.897,1.0,9.670429211337533,0.10000000149011612
174.951,1.0,9.89017941597849,0.10000000149011612
175.001,1.0,9.807922060063316,0.10000000149011612
175.046,1.0,9.835372244649463,0.10000000149011612
175.092,1.0,9.890008345887892,0.10000000149011612
175.147,1.0,9.807919578688841,0.10000000149011612
175.201,1.0,9.807899986704191,0.10000000149011612
175.246,1.0,9.80765808829003,0.10000000149011612
175.297,1.0,9.917506477981807,0.10000000149011612
175.353,1.0,9.86267580456204,0.10000000149011612
175.402,1.0,9.780224731688698,0.10000000149011612
175.455,1.0,9.835018139125573,0.10000000149011612
175.51,1.0,9.697961091643407,0.10000000149011612
175.558,1.0,9.862631685369545,0.10000000149011612
175.608,1.0,9.862610034892956,0.10000000149011612
175.656,1.0,9.807604840749669,0.10000000149011612
175.707,1.0,9.642884625908401,0.10000000149011612
175.758,1.0,9.752772959611482,0.10000000149011612
175.81,1.0,9.615639558807015,0.10000000149011612
175.86,1.0,9.807715562151538,0.10000000149011612
175.911,1.0,9.86255473341379,0.10000000149011612
175.965,1.0,9.917611910858088,0.10000000149011612
176.011,1.0,9.807823455085357,0.10000000149011612
176.06,1.0,9.697771273905204,0.10000000149011612
176.114,1.0,9.917551980912686,0.10000000149011612
176.161,1.0,9.780243731517759,0.10000000149011612
176.213,1.0,9.807708072972794,0.10000000149011612
176.26,1.0,9.752678079551293,0.10000000149011612
176.311,1.0,9.780399919922154,0.10000000149011612
176.361,1.0,9.890052456864053,0.10000000149011612
176.412,1.0,9.780341318394575,0.10000000149011612
176.464,1.0,9.725380593000187,0.10000000149011612
176.513,1.0,9.862720445564223,0.10000000149011612
176.559,1.0,9.752908762709962,0.10000000149011612
176.613,1.0,9.807836436625156,0.10000000149011612
176.665,1.0,9.862682279758156,0.10000000149011612
176.713,1.0,9.862577350582514,0.10000000149011612
176.765,1.0,9.807728445964555,0.10000000149011612
176.817,1.0,9.89004222833448,0.10000000149011612
176.863,1.0,9.697754623803,0.10000000149011612
176.912,1.0,9.862754840155443,0.10000000149011612
176.967,1.0,9.808019401464197,0.10000000149011612
177.013,1.0,9.752980346998406,0.10000000149011612
177.063,1.0,9.752720437136789,0.10000000149011612
177.113,1.0,9.972500000004139,0.10000000149011612
177.163,1.0,9.890131526792215,0.10000000149011612
177.213,1.0,9.697826760924524,0.10000000149011612
177.263,1.0,9.670471598539088,0.10000000149011612
177.314,1.0,9.752765361198948,0.10000000149011612
177.371,1.0,9.80770810480333,0.10000000149011612
177.418,1.0,9.917676314442522,0.11617278307676315
177.47,1.0,9.94514994683365,0.11865021288394928
177.518,1.0,9.835118178857698,0.10000000149011612
177.569,1.0,9.807814487525158,0.10000000149011612
177.614,1.0,9.698013062982096,0.10000000149011612
177.671,1.0,9.587759724280073,0.10000000149011612
177.717,1.0,9.807801334083909,0.10000000149011612
177.773,1.0,9.780153262118498,0.10000000149011612
177.826,1.0,9.890121810759107,0.10000000149011612
177.872,1.0,9.780342912446294,0.10000000149011612
177.924,1.0,9.752870912229021,0.10000000149011612
177.972,1.0,9.9176455821635,0.10000000149011612
178.023,1.0,9.890191278213429,0.10000000149011612
178.073,1.0,9.752812330093649,0.10000000149011612
178.122,1.0,9.835188560436169,0.10000000149011612
178.171,1.0,9.807834214841327,0.10000000149011612
178.222,1.0,9.75277331891573,0.10000000149011612
178.274,1.0,9.780235880489151,0.10000000149011612
178.322,1.0,9.835221083110405,0.10000000149011612
178.372,1.0,9.725265288208094,0.10000000149011612
178.425,1.0,9.917678931251997,0.10552812367677689
178.479,1.0,9.752808366508948,0.10000000149011612
178.523,1.0,9.75274689698385,0.10000000149011612
178.575,1.0,9.835135905010004,0.10000000149011612
178.632,1.0,9.780309465962151,0.10000000149011612
178.673,1.0,9.807779419380758,0.10000000149011612
178.728,1.0,9.752760927565395,0.10000000149011612
178.774,1.0,9.807814244615535,0.10000000149011612
178.825,1.0,9.862611121767097,0.10000000149011612
178.873,1.0,9.890297079024215,0.1060759425163269
178.922,1.0,9.780133199402028,0.10000000149011612
178.972,1.0,9.670395753346384,0.10000000149011612
179.025,1.0,9.752701754267845,0.10000000149011612
179.072,1.0,9.752736195363104,0.10000000149011612
179.124,1.0,9.752965687505073,0.10000000149011612
179.172,1.0,9.807703038139476,0.10000000149011612
179.224,1.0,9.807766254370412,0.10000000149011612
179.271,1.0,9.725408337368734,0.10000000149011612
179.325,1.0,9.725384761061934,0.10000000149011612
179.373,1.0,9.835345180684493,0.10000000149011612
179.428,1.0,9.67051165772395,0.10000000149011612
179.477,1.0,9.807727830815647,0.10000000149011612
179.529,1.0,9.862697778455914,0.10000000149011612
179.577,1.0,9.75290532199045,0.10000000149011612
179.629,1.0,9.835161017771396,0.10000000149011612
179.677,1.0,9.588132391104267,0.10000000149011612
179.727,1.0,9.752919262668325,0.10000000149011612
179.779,1.0,9.97257485008902,0.12694603204727173
179.827,1.0,9.89012793733014,0.10000000149011612
179.879,1.0,9.835675029456615,0.1309853196144104
179.935,1.0,9.780131038092076,0.10000000149011612
179.98,1.0,9.780358304890493,0.10000000149011612
180.031,1.0,9.752652209396992,0.10000000149011612
180.079,1.0,9.862579826534622,0.10000000149011612
180.128,1.0,9.752901462838054,0.10000000149011612
180.179,1.0,9.83516522521774,0.10000000149011612
180.231,1.0,9.862578520054619,0.10000000149011612
180.28,1.0,9.807693952052958,0.10000000149011612
180.339,1.0,9.890303594474164,0.10000000149011612
180.387,1.0,9.862625189746419,0.10000000149011612
180.439,1.0,9.83525277270625,0.10000000149011612
180.49,1.0,9.835111864407857,0.10000000149011612
180.533,1.0,9.780086182802915,0.10000000149011612
180.593,1.0,9.835177593057354,0.10000000149011612
180.639,1.0,9.835047174162336,0.10000000149011612
180.69,1.0,9.808039163756701,0.10000000149011612
180.739,1.0,9.83510178466224,0.10000000149011612
180.789,1.0,9.670498085311717,0.10000000149011612
180.843,1.0,9.752572971085707,0.10000000149011612
180.891,1.0,9.807683267299499,0.10000000149011612
180.94,1.0,9.807811110694376,0.10000000149011612
180.992,1.0,9.807500000028975,0.10000000149011612
181.039,1.0,9.86258810841375,0.10000000149011612
181.086,1.0,9.807714653905068,0.10000000149011612
181.139,1.0,9.725377407752806,0.10000000149011612
181.188,1.0,9.945000000008278,0.10000000149011612
181.24,1.0,9.670434553196861,0.10000000149011612
181.293,1.0,9.86257036752585,0.10000000149011612
181.339,1.0,9.862943924859994,0.10000000149011612
181.39,1.0,9.835325894773835,0.10000000149011612
181.442,1.0,9.890062042387823,0.10000000149011612
181.491,1.0,9.862711477797065,0.10000000149011612
181.544,1.0,9.75273634807931,0.10000000149011612
181.599,1.0,9.807911867151658,0.10000000149011612
181.643,1.0,9.780376464087102,0.10000000149011612
181.701,1.0,9.862709970006513,0.10000000149011612
181.754,1.0,9.780449116002355,0.10000000149011612
181.798,1.0,9.752846783068446,0.10000000149011612
181.847,1.0,9.725136259529325,0.10000000149011612
181.898,1.0,9.752843849919737,0.10000000149011612
181.949,1.0,9.78035312059025,0.10000000149011612
182.001,1.0,9.780232694724369,0.10000000149011612
182.052,1.0,9.780377846293979,0.10000000149011612
182.103,1.0,9.807743530037502,0.10000000149011612
182.153,1.0,9.725427600120504,0.10000000149011612
182.203,1.0,9.807810834836628,0.10000000149011612
182.257,1.0,9.945085490205221,0.10597240924835205
182.306,1.0,9.862643121803801,0.10000000149011612
182.361,1.0,9.86268433481455,0.10000000149011612
182.416,1.0,9.917686882097687,0.10000000149011612
182.456,1.0,10.0,10.0
182.508,1.0,9.835254008902444,0.10000000149011612
182.565,1.0,9.807789441922473,0.10000000149011612
182.608,1.0,9.945188384461733,0.13150203227996826
182.665,1.0,9.890346834994853,0.10000000149011612
182.707,1.0,9.835165125566224,0.10000000149011612
182.758,1.0,9.78041084845447,0.10000000149011612
182.81,1.0,9.890262966665128,0.10000000149011612
182.867,1.0,9.670485362886554,0.10000000149011612
182.911,1.0,9.670246483675308,0.10000000149011612
182.965,1.0,9.807818234711885,0.10000000149011612
183.016,1.0,9.780198389333155,0.10000000149011612
183.064,1.0,9.890151248416966,0.10000000149011612
183.117,1.0,9.917727199465864,0.10000000149011612
183.167,1.0,9.78010992091149,0.10000000149011612
183.227,1.0,9.862744574372966,0.10000000149011612
183.268,1.0,9.807680469668574,0.10000000149011612
183.32,1.0,9.697974470816552,0.10000000149011612
183.375,1.0,9.862750938534736,0.10000000149011612
183.421,1.0,9.835050773185989,0.10000000149011612
183.474,1.0,9.752608759142458,0.10000000149011612
183.534,1.0,9.780377714253135,0.10000000149011612
183.585,1.0,9.807645729515288,0.10000000149011612
183.626,1.0,9.725183795972002,0.10000000149011612
183.679,1.0,9.83522502368109,0.10000000149011612
183.726,1.0,9.80762631241232,0.10000000149011612
183.778,1.0,9.780341910115547,0.10000000149011612
183.829,1.0,9.780090663602783,0.10000000149011612
183.877,1.0,9.697790138609708,0.10000000149011612
183.927,1.0,9.752532950271334,0.10000000149011612
183.979,1.0,9.835047036781907,0.10000000149011612
184.033,1.0,9.862757433930206,0.10000000149011612
184.078,1.0,9.697949684411288,0.10000000149011612
184.129,1.0,9.917523608832724,0.10000000149011612
184.188,1.0,9.835414839929177,0.10000000149011612
184.237,1.0,9.835260384798877,0.10000000149011612
184.285,1.0,9.89007938042697,0.10000000149011612
184.332,1.0,9.807826749732097,0.10000000149011612
184.392,1.0,9.835131263753606,0.10000000149011612
184.445,1.0,9.807690321757562,0.10000000149011612
184.486,1.0,9.807776341111296,0.10000000149011612
184.537,1.0,9.917618218312661,0.10000000149011612
184.586,1.0,9.752809585817158,0.10000000149011612
184.637,1.0,9.780147126068671,0.10000000149011612
184.691,1.0,9.917620614026156,0.10000000149011612
184.735,1.0,9.890058855774502,0.10000000149011612
184.786,1.0,9.780237442172236,0.10000000149011612
184.838,1.0,9.75302773612655,0.10000000149011612
184.888,1.0,9.725369064778917,0.10000000149011612
184.936,1.0,9.780391579907802,0.10000000149011612
184.985,1.0,9.752718849790593,0.10000000149011612
185.037,1.0,9.862976296846238,0.10000000149011612
185.088,1.0,9.835267717556821,0.10000000149011612
185.139,1.0,9.78030861750659,0.10000000149011612
185.186,1.0,9.862606841139495,0.10000000149011612
185.245,1.0,9.780337242016362,0.10000000149011612
185.286,1.0,9.75282020094908,0.10000000149011612
185.338,1.0,9.752709578039745,0.10000000149011612
185.387,1.0,9.725218879265917,0.10000000149011612
185.442,1.0,9.780369775204194,0.10000000149011612
185.495,1.0,9.80762622312953,0.10000000149011612
185.543,1.0,9.835228513719308,0.10000000149011612
185.594,1.0,9.862713629193603,0.10000000149011612
185.652,1.0,9.835251665405101,0.10000000149011612
185.694,1.0,9.752907579392195,0.10000000149011612
185.744,1.0,9.72545546564377,0.10000000149011612
185.792,1.0,9.917528156418767,0.10000000149011612
185.843,1.0,9.725325462222099,0.10000000149011612
185.896,1.0,9.780184268682367,0.10000000149011612
185.943,1.0,9.945000000008278,0.10000000149011612
185.995,1.0,9.780270666504899,0.10000000149011612
186.043,1.0,9.670222579108344,0.10000000149011612
186.093,1.0,9.698100316421025,0.10000000149011612
186.145,1.0,9.862718409610292,0.10000000149011612
186.197,1.0,9.807644675672055,0.10000000149011612
186.248,1.0,9.78025791057282,0.10000000149011612
186.296,1.0,9.725418539283176,0.10000000149011612
186.346,1.0,9.862787997743322,0.10000000149011612
186.395,1.0,9.862500000020695,0.10000000149011612
186.448,1.0,9.807597464405829,0.10000000149011612
186.499,1.0,9.643061251069108,0.10000000149011612
186.555,1.0,9.725441119902664,0.10000000149011612
186.6,1.0,9.835209572439393,0.10000000149011612
186.651,1.0,9.725472616776823,0.10000000149011612
186.707,1.0,9.890132427567409,0.10000000149011612
186.755,1.0,9.753006359996895,0.10000000149011612
186.8,1.0,9.752563343279892,0.10000000149011612
186.854,1.0,9.697983292324675,0.10000000149011612
186.9,1.0,9.835113130240805,0.10000000149011612
186.95,1.0,9.670572031475604,0.10000000149011612
187.007,1.0,9.83528236951679,0.10000000149011612
187.05,1.0,9.807926940483352,0.10000000149011612
187.1,1.0,9.698033883629574,0.10000000149011612
187.144,1.0,9.835180773089329,0.10000000149011612
187.204,1.0,9.78047333330744,0.10000000149011612
187.251,1.0,9.86260136903988,0.10000000149011612
187.3,1.0,9.835129310956432,0.10000000149011612
187.36,1.0,9.835393120431238,0.10000000149011612
187.401,1.0,9.862638696738415,0.10000000149011612
187.457,1.0,9.862671376143892,0.10000000149011612
187.497,1.0,9.725228755859037,0.10000000149011612
187.556,1.0,9.890168949299389,0.10000000149011612
187.613,1.0,9.862791531408826,0.10000000149011612
187.655,1.0,9.725511481675008,0.10000000149011612
187.707,1.0,9.890102155030602,0.10000000149011612
187.763,1.0,9.83526345367233,0.10000000149011612
187.815,1.0,9.862681559742326,0.10000000149011612
187.857,1.0,9.890140256968637,0.10000000149011612
187.911,1.0,9.83507688353873,0.10000000149011612
187.954,1.0,9.560402755273714,0.10000000149011612
188.007,1.0,9.80793437252028,0.10000000149011612
188.059,1.0,9.835107393086785,0.10000000149011612
188.116,1.0,9.780404991946286,0.10000000149011612
188.158,1.0,9.807889510380726,0.10000000149011612
188.207,1.0,9.725362374364503,0.10000000149011612
188.257,1.0,9.835063271224499,0.10000000149011612
188.307,1.0,9.917543467154934,0.10000000149011612
188.362,1.0,9.807668942399323,0.10000000149011612
188.421,1.0,9.780590752926138,0.10000000149011612
188.46,1.0,9.890052848329974,0.10000000149011612
188.512,1.0,9.752658551558852,0.10000000149011612
188.556,1.0,9.780250918906596,0.10000000149011612
188.609,1.0,9.835087558916873,0.10000000149011612
188.661,1.0,9.752900573280122,0.10000000149011612
188.707,1.0,9.862635659633412,0.10000000149011612
188.76,1.0,9.835154166362353,0.10000000149011612
188.812,1.0,9.807643913643227,0.10000000149011612
188.868,1.0,9.752814339784285,0.10000000149011612
188.911,1.0,9.615548974192805,0.10000000149011612
188.972,1.0,9.642984756599699,0.10000000149011612
189.012,1.0,9.752966536084811,0.10000000149011612
189.062,1.0,9.752720118624469,0.10000000149011612
189.117,1.0,9.780269795138803,0.10000000149011612
189.162,1.0,9.752627943021556,0.10000000149011612
189.213,1.0,9.835028285926414,0.10000000149011612
189.264,1.0,9.752814461373621,0.10000000149011612
189.31,1.0,9.890142206537227,0.10000000149011612
189.362,1.0,9.80773588253392,0.10000000149011612
189.411,1.0,9.780156329770882,0.10000000149011612
189.462,1.0,9.807796877167291,0.10000000149011612
189.512,1.0,9.807673709156612,0.10000000149011612
189.562,1.0,9.807561010846662,0.10000000149011612
189.612,1.0,9.86255415978117,0.10000000149011612
189.666,1.0,9.780397730113732,0.10000000149011612
189.712,1.0,9.725301878071493,0.10000000149011612
189.765,1.0,9.862614287518793,0.10000000149011612
189.814,1.0,9.780226693033343,0.10000000149011612
189.864,1.0,9.725350556294952,0.10000000149011612
189.914,1.0,9.862500000020695,0.10000000149011612
189.963,1.0,9.780056969179876,0.10000000149011612
190.017,1.0,9.917500000012417,0.10000000149011612
