Timestamp,Valid Ratio,Mean Range,Min Range
0.295,1.0,9.83533131401572,0.1090029776096344
0.343,1.0,9.835107361608081,0.10000000149011612
0.392,1.0,9.752891407306823,0.10000000149011612
0.442,1.0,9.72533092641582,0.10000000149011612
0.493,1.0,9.753059893949992,0.10000000149011612
0.542,1.0,9.725474507961836,0.10000000149011612
0.593,1.0,9.80777376085106,0.10000000149011612
0.642,1.0,9.862728848991294,0.10000000149011612
0.693,1.0,9.890073611276845,0.10000000149011612
0.742,1.0,9.807564480789006,0.10000000149011612
0.792,1.0,9.752816391984622,0.10000000149011612
0.842,1.0,9.807966430754297,0.10000000149011612
0.892,1.0,9.807652025504245,0.10000000149011612
0.943,1.0,9.752925407720937,0.10000000149011612
0.992,1.0,9.698057971667085,0.10000000149011612
1.042,1.0,9.89028444043878,0.10000000149011612
1.092,1.0,9.725507153405083,0.10000000149011612
1.142,1.0,9.890169706506034,0.10000000149011612
1.193,1.0,9.807728040756452,0.10000000149011612
1.242,1.0,9.862591020804313,0.10000000149011612
1.292,1.0,9.89004255135854,0.10000000149011612
1.342,1.0,9.862653164193034,0.10000000149011612
1.392,1.0,9.835250756993062,0.10000000149011612
1.443,1.0,9.670470564170843,0.10000000149011612
1.492,1.0,9.83514370009717,0.10000000149011612
1.542,1.0,9.698016247608596,0.10000000149011612
1.592,1.0,9.72534710150212,0.10000000149011612
1.642,1.0,9.807682883304855,0.10000000149011612
1.692,1.0,9.945252296659682,0.14087387919425964
1.742,1.0,9.86257545173996,0.10000000149011612
1.792,1.0,9.807729247026145,0.10000000149011612
1.843,1.0,9.72511444983797,0.10000000149011612
1.892,1.0,9.86261721768727,0.10000000149011612
1.942,1.0,9.917611833744578,0.10000000149011612
1.9929999999999999,1.0,9.862597157516413,0.10000000149011612
2.042,1.0,9.807864915186332,0.10000000149011612
2.092,1.0,9.9176141001905,0.10000000149011612
2.143,1.0,9.670308393674592,0.10000000149011612
2.192,1.0,9.807893178342946,0.10000000149011612
2.242,1.0,9.890360052738753,0.10000000149011612
2.294,1.0,9.917503579995698,0.10000000149011612
2.343,1.0,9.835187894126607,0.10000000149011612
2.392,1.0,9.807700356592735,0.10000000149011612
2.444,1.0,9.752995067876245,0.10000000149011612
2.4939999999999998,1.0,9.862798599360717,0.10000000149011612
2.543,1.0,9.890292103733454,0.11349920928478241
2.593,1.0,9.807739874348044,0.10000000149011612
2.645,1.0,9.780335164670316,0.10000000149011612
2.6959999999999997,1.0,9.835349636793964,0.10000000149011612
2.75,1.0,9.80777953238123,0.10000000149011612
2.794,1.0,9.835207572579383,0.10000000149011612
2.8449999999999998,1.0,9.835263846545583,0.10000000149011612
2.904,1.0,9.670573874707852,0.10000000149011612
2.944,1.0,9.945045807585121,0.10000000149011612
2.996,1.0,9.670245952324734,0.10000000149011612
3.046,1.0,9.725249437718755,0.10000000149011612
3.095,1.0,9.890188032699127,0.10000000149011612
3.149,1.0,9.890000000016556,0.10000000149011612
3.197,1.0,9.75292368342893,0.10000000149011612
3.252,1.0,9.835032176329857,0.10000000149011612
3.301,1.0,9.835201688814495,0.10000000149011612
3.3529999999999998,1.0,9.78044945280999,0.10000000149011612
3.403,1.0,9.917608062136505,0.10000000149011612
3.456,1.0,9.78012270004385,0.10000000149011612
3.503,1.0,9.835365119886895,0.10000000149011612
3.552,1.0,9.890226027038363,0.10000000149011612
3.6029999999999998,1.0,9.725353669457965,0.10000000149011612
3.652,1.0,9.835153750889003,0.10000000149011612
3.701,1.0,9.917659998498857,0.10519521683454514
3.757,1.0,9.752628089570337,0.10000000149011612
3.8129999999999997,1.0,9.807844505376286,0.10000000149011612
3.854,1.0,9.697895918641652,0.10000000149011612
3.907,1.0,9.697679202962252,0.10000000149011612
3.96,1.0,9.75295462941544,0.10000000149011612
4.005,1.0,9.780290289492243,0.10000000149011612
4.059,1.0,9.807759528979659,0.10000000149011612
4.106,1.0,9.725312238290078,0.10000000149011612
4.157,1.0,9.752910631212096,0.10000000149011612
4.207,1.0,9.807966212183237,0.10000000149011612
4.26,1.0,9.752696274676257,0.10000000149011612
4.308,1.0,9.835389013836782,0.10000000149011612
4.361,1.0,9.83518936942435,0.10000000149011612
4.406,1.0,9.862635057419538,0.10000000149011612
4.466,1.0,9.890090450065003,0.10000000149011612
4.509,1.0,9.807705345811943,0.10000000149011612
4.558,1.0,9.780338916099733,0.10000000149011612
4.614,1.0,9.807720423924426,0.10000000149011612
4.658,1.0,9.807697368206249,0.10000000149011612
4.714,1.0,9.752711958665815,0.10000000149011612
4.757,1.0,9.862583046303028,0.10000000149011612
4.8149999999999995,1.0,9.862515984144476,0.10000000149011612
4.869,1.0,9.862587910725011,0.10000000149011612
4.915,1.0,9.752838451725742,0.10000000149011612
4.97,1.0,9.835304843179054,0.10000000149011612
5.014,1.0,9.8075147855406,0.10000000149011612
5.067,1.0,9.780321816168726,0.10000000149011612
5.115,1.0,9.835292680706415,0.10000000149011612
5.165,1.0,9.862752197848426,0.10000000149011612
5.223,1.0,9.835260209937891,0.10000000149011612
5.266,1.0,9.807675760756764,0.10000000149011612
5.317,1.0,9.890264944276876,0.10000000149011612
5.373,1.0,9.917679009565877,0.10000000149011612
5.415,1.0,9.807741116980711,0.10000000149011612
5.466,1.0,9.780213497786058,0.10000000149011612
5.52,1.0,9.670281354896725,0.10000000149011612
5.568,1.0,9.753092077871164,0.10000000149011612
5.62,1.0,9.780276449728344,0.10000000149011612
5.668,1.0,9.780433891258307,0.10000000149011612
5.718,1.0,9.862742509320379,0.10000000149011612
5.782,1.0,9.78005514126271,0.10000000149011612
5.823,1.0,9.670351346044077,0.10000000149011612
5.876,1.0,9.890000000016556,0.10000000149011612
5.923,1.0,9.780325181037188,0.10000000149011612
5.973,1.0,9.862662986831532,0.10000000149011612
6.027,1.0,9.780086411308083,0.10000000149011612
6.085,1.0,9.835367527479926,0.10000000149011612
6.131,1.0,9.807766476956507,0.10000000149011612
6.18,1.0,9.862622059591942,0.10000000149011612
6.227,1.0,9.80794294014987,0.10000000149011612
6.282,1.0,9.725324599879484,0.10000000149011612
6.332,1.0,9.75265895701531,0.10000000149011612
6.384,1.0,9.862823781909213,0.10000000149011612
6.434,1.0,9.807831655980813,0.10000000149011612
6.487,1.0,9.86259246290558,0.10000000149011612
6.54,1.0,9.862569653097953,0.10000000149011612
6.586,1.0,9.780221773890986,0.10000000149011612
6.638,1.0,9.862607068816821,0.10000000149011612
6.686,1.0,9.807728660665452,0.10000000149011612
6.751,1.0,9.752619577095741,0.10000000149011612
6.7940000000000005,1.0,9.807638179924753,0.10000000149011612
6.838,1.0,9.64280994542771,0.10000000149011612
6.897,1.0,9.917521490405003,0.10000000149011612
6.939,1.0,9.725212247462736,0.10000000149011612
6.989,1.0,9.697958170933028,0.10000000149011612
7.048,1.0,9.78022107274996,0.10000000149011612
7.092,1.0,9.780490944120618,0.10000000149011612
7.138,1.0,9.670351965828901,0.10000000149011612
7.195,1.0,9.945034152414236,0.10000000149011612
7.243,1.0,9.80786748069028,0.10000000149011612
7.293,1.0,9.862787463102077,0.10000000149011612
7.349,1.0,9.917658993167182,0.10000000149011612
7.393,1.0,9.862500000020695,0.10000000149011612
7.446,1.0,9.752822609432041,0.10000000149011612
7.493,1.0,9.835267106691996,0.10000000149011612
7.549,1.0,9.7804157241765,0.10000000149011612
7.594,1.0,9.835196864770518,0.10000000149011612
7.643,1.0,9.807815758821866,0.10000000149011612
7.696,1.0,9.697838613287443,0.10000000149011612
7.744,1.0,9.80765462660541,0.10000000149011612
7.797,1.0,9.807819020830923,0.10000000149011612
7.848,1.0,9.670335465855896,0.10000000149011612
7.896,1.0,9.862772154870132,0.10000000149011612
7.945,1.0,9.835087776163386,0.10000000149011612
7.989,1.0,9.86265814045651,0.10000000149011612
8.055,1.0,9.7254234785628,0.10000000149011612
8.102,1.0,9.890207576979366,0.10000000149011612
8.156,1.0,9.807622348662052,0.10000000149011612
8.194,1.0,9.835132940672338,0.10000000149011612
8.246,1.0,9.862669774786466,0.10000000149011612
8.294,1.0,9.725409381815957,0.10000000149011612
8.346,1.0,9.725232547976905,0.10000000149011612
8.397,1.0,9.615548472334114,0.10000000149011612
8.446,1.0,9.752594435049428,0.10000000149011612
8.494,1.0,9.890196721731789,0.10000000149011612
8.547,1.0,9.697950826295548,0.10000000149011612
8.605,1.0,9.807862106959025,0.10000000149011612
8.646,1.0,9.835255149089628,0.10000000149011612
8.696,1.0,9.69771241903719,0.10000000149011612
8.746,1.0,9.69782918797185,0.10000000149011612
8.805,1.0,9.890286513231695,0.10000000149011612
8.849,1.0,9.807775059652824,0.10000000149011612
8.897,1.0,9.835115043053197,0.10000000149011612
8.954,1.0,9.89015656804873,0.10000000149011612
8.999,1.0,9.697959109395743,0.10000000149011612
9.046,1.0,9.945114906753103,0.10935759544372559
9.11,1.0,9.890113861217268,0.10000000149011612
9.151,1.0,9.807731893161932,0.10000000149011612
9.207,1.0,9.80787287240641,0.10000000149011612
9.252,1.0,9.862550624377198,0.10000000149011612
9.303,1.0,9.835277411051923,0.10000000149011612
9.35,1.0,9.835451827136179,0.10000000149011612
9.405,1.0,9.780268371643292,0.10000000149011612
9.453,1.0,9.83539550383058,0.10000000149011612
9.51,1.0,9.917548706361817,0.10000000149011612
9.554,1.0,9.780293742401732,0.10000000149011612
9.602,1.0,9.945125935412943,0.10000000149011612
9.653,1.0,9.69798007702662,0.10000000149011612
9.71,1.0,9.67036988735199,0.10000000149011612
9.758,1.0,9.752880306210782,0.10000000149011612
9.804,1.0,9.807837388664485,0.10000000149011612
9.848,1.0,9.807579426819252,0.10000000149011612
9.903,1.0,9.807710943246882,0.10000000149011612
9.953,1.0,9.753118128577869,0.10000000149011612
10.01,1.0,9.807627747518321,0.10000000149011612
10.059,1.0,9.752951890250875,0.10000000149011612
10.104,1.0,9.862778548316824,0.10000000149011612
10.154,1.0,9.945000000008278,0.10000000149011612
10.205,1.0,9.862741143132249,0.10000000149011612
10.254,1.0,9.780521102394495,0.10000000149011612
10.316,1.0,9.807626972802812,0.10000000149011612
10.355,1.0,9.725336858071387,0.10000000149011612
10.405,1.0,9.725210995682412,0.10000000149011612
10.453,1.0,9.835062045107286,0.10000000149011612
10.502,1.0,9.917500000012417,0.10000000149011612
10.558,1.0,9.752775889055597,0.10000000149011612
10.606,1.0,9.80757671451817,0.10000000149011612
10.659,1.0,9.698020681614677,0.10000000149011612
10.711,1.0,9.752753940700657,0.10000000149011612
10.762,1.0,9.862624893027048,0.10000000149011612
10.804,1.0,9.752681601213084,0.10000000149011612
10.86,1.0,9.780335340835155,0.10000000149011612
10.913,1.0,9.807584523306124,0.10000000149011612
10.958,1.0,9.835263378731906,0.10000000149011612
11.014,1.0,9.835237476622893,0.10000000149011612
11.059,1.0,9.807661105340554,0.10000000149011612
11.11,1.0,9.862601081840694,0.10000000149011612
11.165,1.0,9.67037765901122,0.10000000149011612
11.212,1.0,9.78027440574434,0.10000000149011612
11.261,1.0,9.80773386400607,0.10000000149011612
11.311,1.0,9.697895119111571,0.10000000149011612
11.361,1.0,9.835290513456696,0.10000000149011612
11.406,1.0,9.890087670563824,0.10000000149011612
11.463,1.0,9.807901534127692,0.10000000149011612
11.513,1.0,9.945028773860798,0.10000000149011612
11.567,1.0,9.670316511765122,0.10000000149011612
11.611,1.0,9.697861515233914,0.10000000149011612
11.661,1.0,9.780536410750614,0.10000000149011612
11.714,1.0,9.780398246294094,0.10000000149011612
11.763,1.0,9.780163757378856,0.10000000149011612
11.816,1.0,9.697805588588947,0.10000000149011612
11.861,1.0,9.697989188589984,0.10000000149011612
11.911,1.0,9.862664386961196,0.10000000149011612
11.969,1.0,9.917677139801283,0.10000000149011612
12.015,1.0,9.862608187728458,0.10000000149011612
12.059,1.0,9.670260994860696,0.10000000149011612
12.112,1.0,9.67040361031476,0.10000000149011612
12.162,1.0,9.835204467901754,0.10000000149011612
12.213,1.0,9.752839762965838,0.10000000149011612
12.264,1.0,9.807673184801306,0.10000000149011612
12.315,1.0,9.7526299411224,0.10000000149011612
12.367,1.0,9.780280540076395,0.10000000149011612
12.411,1.0,9.78038876408504,0.10000000149011612
12.461,1.0,9.753002558689978,0.10000000149011612
12.511,1.0,9.7530031317845,0.10000000149011612
12.565,1.0,9.807742649337484,0.10000000149011612
12.613,1.0,9.807589463848206,0.10000000149011612
12.665,1.0,9.86265873192913,0.10000000149011612
12.713,1.0,9.890244865376088,0.10000000149011612
12.766,1.0,9.835516263606648,0.10000000149011612
12.811,1.0,9.80783908466498,0.10000000149011612
12.861,1.0,9.725133419988884,0.10000000149011612
12.917,1.0,9.780425150651071,0.10000000149011612
12.965,1.0,9.80771029136247,0.10000000149011612
13.017,1.0,9.890099758799705,0.10000000149011612
13.067,1.0,9.780195123992032,0.10000000149011612
13.115,1.0,9.862797891762522,0.10000000149011612
13.166,1.0,9.780213366262615,0.10000000149011612
13.223,1.0,9.752633216128581,0.10000000149011612
13.268,1.0,9.69790658166425,0.10000000149011612
13.315,1.0,9.752680982442365,0.10000000149011612
13.368,1.0,9.835237221357723,0.10000000149011612
13.419,1.0,9.835301268245612,0.10000000149011612
13.466,1.0,9.862720178771351,0.10000000149011612
13.513,1.0,9.972534996436702,0.112598717212677
13.567,1.0,9.83504402273231,0.10000000149011612
13.626,1.0,9.752822097432283,0.10000000149011612
13.667,1.0,9.697917915839287,0.10000000149011612
13.717,1.0,9.890187937228216,0.10000000149011612
13.768,1.0,9.862655880012445,0.10000000149011612
13.82,1.0,9.807561439399917,0.10000000149011612
13.876,1.0,9.862771329138841,0.10000000149011612
13.925,1.0,9.697803870422973,0.10000000149011612
13.969,1.0,9.83516417739706,0.10000000149011612
14.027,1.0,9.697911069211033,0.10000000149011612
14.07,1.0,9.75306903966185,0.10000000149011612
14.12,1.0,9.72515520689388,0.10000000149011612
14.172,1.0,9.862689247934355,0.10000000149011612
14.224,1.0,9.807652330709,0.10000000149011612
14.271,1.0,9.835434472457402,0.10000000149011612
14.33,1.0,9.807656083256006,0.10000000149011612
14.378,1.0,9.890113121146957,0.10000000149011612
14.43,1.0,9.807670503295958,0.10000000149011612
14.482,1.0,9.807999781208734,0.10000000149011612
14.529,1.0,9.862596786601676,0.10000000149011612
14.581,1.0,9.72541718311194,0.10000000149011612
14.629,1.0,9.780225915130641,0.10000000149011612
14.682,1.0,9.807624609313077,0.10000000149011612
14.735,1.0,9.807592719565664,0.10000000149011612
14.781,1.0,9.835151639622119,0.10000000149011612
14.831,1.0,9.807788800675835,0.10000000149011612
14.881,1.0,9.835088935163286,0.10000000149011612
14.93,1.0,9.807902866477768,0.10000000149011612
14.983,1.0,9.807708777714934,0.10000000149011612
15.036,1.0,9.945194615009758,0.1263885200023651
15.082,1.0,9.835053150666257,0.10000000149011612
15.135,1.0,9.862554179235465,0.10000000149011612
15.189,1.0,9.835166472072403,0.10000000149011612
15.233,1.0,9.835318869228164,0.10000000149011612
15.289,1.0,9.8626513749568,0.10000000149011612
15.335,1.0,9.78016784120765,0.10000000149011612
15.384,1.0,9.752903207743334,0.10000000149011612
15.434,1.0,9.972567266432776,0.12421591579914093
15.486,1.0,9.890132443006667,0.10000000149011612
15.546,1.0,9.752817130212982,0.10000000149011612
15.585,1.0,9.835369034815166,0.10000000149011612
15.634,1.0,9.807683512754739,0.10000000149011612
15.687,1.0,9.725376920277874,0.10000000149011612
15.733,1.0,9.725238393619657,0.10000000149011612
15.785,1.0,9.78008923439516,0.10000000149011612
15.835,1.0,9.780135970045295,0.10000000149011612
15.882,1.0,9.835090312961903,0.10000000149011612
15.945,1.0,9.78017496847444,0.10000000149011612
16.001,1.0,9.72539763694836,0.10000000149011612
16.039,1.0,9.807808608023656,0.10000000149011612
16.089,1.0,9.780208887615137,0.10000000149011612
16.14,1.0,9.862761787946026,0.10000000149011612
16.194,1.0,9.780342691909109,0.10000000149011612
16.238,1.0,9.83532718486256,0.10000000149011612
16.292,1.0,9.835280206447674,0.10000000149011612
16.339,1.0,9.78003852063169,0.10000000149011612
16.388,1.0,9.945057373183468,0.10488321632146835
16.439,1.0,9.862677859742607,0.10000000149011612
16.488,1.0,9.780217980220915,0.10000000149011612
16.538,1.0,9.862567012156877,0.10000000149011612
16.59,1.0,9.8077411621809,0.10000000149011612
16.639,1.0,9.752785999079546,0.10000000149011612
16.692,1.0,9.752843803622657,0.10000000149011612
16.742,1.0,9.890093960219787,0.10000000149011612
16.79,1.0,9.917561240390771,0.10000000149011612
16.842,1.0,9.835133081715968,0.10000000149011612
16.894,1.0,9.835373341995808,0.10000000149011612
16.94,1.0,9.835265083155699,0.10000000149011612
16.99,1.0,9.89003806706104,0.10000000149011612
17.042,1.0,9.75277288518846,0.10000000149011612
17.093,1.0,9.75302799863534,0.10000000149011612
17.141,1.0,9.862650156228078,0.10000000149011612
17.194,1.0,9.780041075849699,0.10000000149011612
17.24,1.0,9.752828112617134,0.10000000149011612
17.298,1.0,9.69800840003623,0.10000000149011612
17.341,1.0,9.780263993723525,0.10000000149011612
17.392,1.0,9.972500000004139,0.10000000149011612
17.445,1.0,9.752819034374422,0.10000000149011612
17.491,1.0,9.835045014570158,0.10000000149011612
17.546,1.0,9.835112303309142,0.10000000149011612
17.597,1.0,9.78031671570821,0.10000000149011612
17.657,1.0,9.89011271595955,0.10000000149011612
17.7,1.0,9.835196623951196,0.10000000149011612
17.751,1.0,9.752985454578367,0.10000000149011612
17.798000000000002,1.0,9.890222376750575,0.10000000149011612
17.848,1.0,9.752752821664844,0.10000000149011612
17.9,1.0,9.890115892990595,0.10000000149011612
17.949,1.0,9.862777505525285,0.10000000149011612
18.004,1.0,9.807927203178405,0.10000000149011612
18.05,1.0,9.752764233118958,0.10000000149011612
18.095,1.0,9.780198403075337,0.10000000149011612
18.15,1.0,9.835196606276764,0.10000000149011612
18.203,1.0,9.752958415283096,0.10000000149011612
18.252,1.0,9.752907315683034,0.10000000149011612
18.302,1.0,9.807715533239145,0.10000000149011612
18.356,1.0,9.835372580960392,0.10000000149011612
18.4,1.0,9.807807361251777,0.10000000149011612
18.449,1.0,9.780376577004791,0.10000000149011612
18.503,1.0,9.752941115552353,0.10000000149011612
18.551,1.0,9.835304974329969,0.10000000149011612
18.602,1.0,9.780530730862584,0.10000000149011612
18.652,1.0,9.780180949986809,0.10000000149011612
18.703,1.0,9.890136729946567,0.10000000149011612
18.751,1.0,9.752932509262529,0.10000000149011612
18.808,1.0,9.83540434330288,0.10000000149011612
18.859,1.0,9.780505147617724,0.10000000149011612
18.913,1.0,9.917597894784477,0.10000000149011612
18.958,1.0,9.862517436593771,0.10000000149011612
19.008,1.0,9.780441520632142,0.10000000149011612
19.057,1.0,9.67041263692081,0.10000000149011612
19.108,1.0,9.917560155130923,0.10000000149011612
19.168,1.0,9.752762493408389,0.10000000149011612
19.213,1.0,9.670491802671718,0.10000000149011612
19.26,1.0,9.670458775179254,0.10000000149011612
19.311,1.0,9.780150525168413,0.10000000149011612
19.358,1.0,9.835092212942738,0.10000000149011612
19.415,1.0,9.862821012404229,0.10000000149011612
19.462,1.0,9.80779086523172,0.10000000149011612
19.518,1.0,9.862699881361591,0.10000000149011612
19.562,1.0,9.835197936681409,0.10000000149011612
19.616,1.0,9.752746781272192,0.10000000149011612
19.661,1.0,9.807626160979272,0.10000000149011612
19.718,1.0,9.752656240140398,0.10000000149011612
19.767,1.0,9.86265513603058,0.10000000149011612
19.813,1.0,9.780223137223059,0.10000000149011612
19.867,1.0,9.752709651034738,0.10000000149011612
19.914,1.0,9.615916695818305,0.10000000149011612
19.962,1.0,9.835481130166187,0.10000000149011612
20.015,1.0,9.80772563788212,0.10000000149011612
20.064,1.0,9.780320011741585,0.10000000149011612
20.113,1.0,9.72544293846521,0.10000000149011612
20.178,1.0,9.808012227651973,0.10000000149011612
20.219,1.0,9.780144704423018,0.10000000149011612
20.273,1.0,9.890224700876407,0.10000000149011612
20.318,1.0,9.807778294757009,0.10000000149011612
20.371,1.0,9.725550660863519,0.10000000149011612
20.42,1.0,9.917583198638425,0.10000000149011612
20.47,1.0,9.835211853869259,0.10000000149011612
20.531,1.0,9.780202741031017,0.10000000149011612
20.581,1.0,9.780365182831883,0.10000000149011612
20.631,1.0,9.862655546019475,0.10000000149011612
20.689,1.0,9.80772883935521,0.10000000149011612
20.732,1.0,9.780234747690459,0.10000000149011612
20.793,1.0,9.80761203567187,0.10000000149011612
20.832,1.0,9.780256572427849,0.10000000149011612
20.888,1.0,9.807818871902095,0.10000000149011612
20.934,1.0,9.780582227350937,0.10000000149011612
20.986,1.0,9.780242311188744,0.10000000149011612
21.034,1.0,9.945170963555574,0.11496274173259735
21.084,1.0,9.780326464461783,0.10000000149011612
21.133,1.0,9.56053239920487,0.10000000149011612
21.193,1.0,9.643169775812162,0.10000000149011612
21.24,1.0,9.752893065888848,0.10000000149011612
21.295,1.0,9.697768882724146,0.10000000149011612
21.34,1.0,9.917611205122537,0.10000000149011612
21.395,1.0,9.835146124723057,0.10000000149011612
21.444,1.0,9.80760427866545,0.10000000149011612
21.492,1.0,9.80772670968953,0.10000000149011612
21.543,1.0,9.67030620697058,0.10000000149011612
21.596,1.0,9.890157917183306,0.10000000149011612
21.642,1.0,9.862821124763125,0.10000000149011612
21.695,1.0,9.807773253238864,0.10000000149011612
21.745,1.0,9.835297500259346,0.10000000149011612
21.799,1.0,9.807916187908914,0.10000000149011612
21.844,1.0,9.862691260729399,0.10000000149011612
21.895,1.0,9.78003466296941,0.10000000149011612
21.945,1.0,9.835179263167083,0.10000000149011612
21.994,1.0,9.615489774135252,0.10000000149011612
22.047,1.0,9.835133836687438,0.10000000149011612
22.095,1.0,9.780161317706936,0.10000000149011612
22.145,1.0,9.807737734355033,0.10000000149011612
22.205,1.0,9.670392544505496,0.10000000149011612
22.249,1.0,9.725405555922125,0.10000000149011612
22.298,1.0,9.752875739066965,0.10000000149011612
22.349,1.0,9.75281783218185,0.10000000149011612
22.404,1.0,9.807580669720968,0.10000000149011612
22.448,1.0,9.83531998830537,0.10000000149011612
22.498,1.0,9.807753596537642,0.10000000149011612
22.549,1.0,9.807612702602313,0.10000000149011612
22.608,1.0,9.807675686230262,0.10000000149011612
22.652,1.0,9.807638571121627,0.10000000149011612
22.703,1.0,9.86264700283193,0.10000000149011612
22.755,1.0,9.752866639279658,0.10000000149011612
22.802,1.0,9.725367088822855,0.10000000149011612
22.864,1.0,9.780244836769999,0.10000000149011612
22.904,1.0,9.862757823885316,0.10000000149011612
22.96,1.0,9.890104289911687,0.10000000149011612
23.005,1.0,9.83515101135191,0.10000000149011612
23.057,1.0,9.780512070345383,0.10000000149011612
23.107,1.0,9.752768843331271,0.10000000149011612
23.162,1.0,9.78026497496499,0.10000000149011612
23.207,1.0,9.780311165667243,0.10000000149011612
23.262,1.0,9.807804325885243,0.10000000149011612
23.308,1.0,9.780143936454422,0.10000000149011612
23.362,1.0,9.862705311427513,0.10000000149011612
23.408,1.0,9.835135275704992,0.10000000149011612
23.46,1.0,9.807764038774703,0.10000000149011612
23.509,1.0,9.752834135231872,0.10000000149011612
23.563,1.0,9.80771201323304,0.10000000149011612
23.612,1.0,9.917589648481872,0.10000000149011612
23.658,1.0,9.752920716048942,0.10000000149011612
23.714,1.0,9.642773974417812,0.10000000149011612
23.758,1.0,9.752864054362806,0.10000000149011612
23.811,1.0,9.835073772093487,0.10000000149011612
23.859,1.0,9.75292634891553,0.10000000149011612
23.912,1.0,9.83510456573632,0.10000000149011612
23.961,1.0,9.835157446211412,0.10000000149011612
24.009,1.0,9.835124438525074,0.10000000149011612
24.06,1.0,9.86259099120895,0.10000000149011612
24.109,1.0,9.670346061388651,0.10000000149011612
24.165,1.0,9.835203310060832,0.10000000149011612
24.215,1.0,9.780206586420537,0.10000000149011612
24.275,1.0,9.752734905170898,0.10000000149011612
24.316,1.0,9.917504846263263,0.10000000149011612
24.374,1.0,9.86266749004523,0.10000000149011612
24.421,1.0,9.862866298854351,0.10000000149011612
24.471,1.0,9.917712618058754,0.10000000149011612
24.52,1.0,9.670316481197046,0.10000000149011612
24.572,1.0,9.835122662679188,0.10000000149011612
24.621,1.0,9.780433675087988,0.10000000149011612
24.674,1.0,9.78001326372226,0.10000000149011612
24.727,1.0,9.780434898576802,0.10000000149011612
24.772,1.0,9.615651638309162,0.10000000149011612
24.83,1.0,9.807700377206007,0.10000000149011612
24.876,1.0,9.752669195913606,0.10000000149011612
24.927,1.0,9.69785218940427,0.10000000149011612
24.976,1.0,9.890192720666528,0.10000000149011612
25.028,1.0,9.807541400214864,0.10000000149011612
25.073,1.0,9.780324887732665,0.10000000149011612
25.131,1.0,9.917722151449157,0.10128029435873032
25.179,1.0,9.6978734685522,0.10000000149011612
25.224,1.0,9.725549309555856,0.10000000149011612
25.274,1.0,9.725351632696887,0.10000000149011612
25.324,1.0,9.91751534504195,0.10000000149011612
25.381,1.0,9.78022824589991,0.10000000149011612
25.426,1.0,9.752627944615153,0.10000000149011612
25.479,1.0,9.807843982469704,0.10000000149011612
25.533,1.0,9.780311929041313,0.10000000149011612
25.578,1.0,9.72539049355934,0.10000000149011612
25.628,1.0,9.725375108275976,0.10000000149011612
25.678,1.0,9.698009690331917,0.10000000149011612
25.729,1.0,9.697894589416682,0.10000000149011612
25.778,1.0,9.862784610709383,0.10348314046859741
25.826999999999998,1.0,9.862651001392967,0.10000000149011612
25.877,1.0,9.862530148215592,0.10000000149011612
25.928,1.0,9.83520392821067,0.10000000149011612
25.99,1.0,9.89001885580106,0.10000000149011612
26.027,1.0,9.862622566459079,0.10000000149011612
26.074,1.0,9.752690962536468,0.10000000149011612
26.128,1.0,9.86261437477337,0.10000000149011612
26.177,1.0,9.835499071743753,0.10000000149011612
26.227,1.0,9.75289766109652,0.10000000149011612
26.277,1.0,9.835263572240041,0.10000000149011612
26.328,1.0,9.807793485828572,0.10000000149011612
26.385,1.0,9.752778478836019,0.10000000149011612
26.43,1.0,9.78021404772169,0.10000000149011612
26.483,1.0,9.917541058133875,0.10000000149011612
26.53,1.0,9.80777768685172,0.10000000149011612
26.582,1.0,9.697996693352858,0.10000000149011612
26.628,1.0,9.780104644410311,0.10000000149011612
26.677,1.0,9.670441611193949,0.10000000149011612
26.734,1.0,9.780413256440726,0.10000000149011612
26.778,1.0,9.807853389283022,0.10000000149011612
26.831,1.0,9.780159818567336,0.10000000149011612
26.879,1.0,9.945039201403658,0.10000000149011612
26.93,1.0,9.725192162456612,0.10000000149011612
26.983,1.0,9.890126016301414,0.10000000149011612
27.029,1.0,9.75279088349392,0.10000000149011612
27.084,1.0,9.862666866990427,0.10000000149011612
27.129,1.0,9.780291478522122,0.10000000149011612
27.184,1.0,9.780206806212664,0.10000000149011612
27.237,1.0,9.752541807438764,0.10000000149011612
27.283,1.0,9.890167214017776,0.10000000149011612
27.336,1.0,9.862860071327951,0.11286944895982742
27.387,1.0,9.835347227710816,0.10000000149011612
27.434,1.0,9.752718803183072,0.10000000149011612
27.485,1.0,9.862839680868719,0.10000000149011612
27.535,1.0,9.780186451888747,0.10000000149011612
27.585,1.0,9.780234578810632,0.10000000149011612
27.638,1.0,9.697823788618877,0.10000000149011612
27.696,1.0,9.807738680268328,0.10000000149011612
27.741,1.0,9.890076578180823,0.10000000149011612
27.792,1.0,9.890027540011538,0.10000000149011612
27.842,1.0,9.8079755762385,0.11108005046844482
27.893,1.0,9.72528624073085,0.10000000149011612
27.947,1.0,9.780351563853522,0.10000000149011612
27.997,1.0,9.917624885961413,0.10000000149011612
28.056,1.0,9.807719357166853,0.10000000149011612
28.097,1.0,9.807710890678896,0.10000000149011612
28.147,1.0,9.835207064263523,0.10000000149011612
28.197,1.0,9.890057841957443,0.10000000149011612
28.247,1.0,9.780221338756382,0.10000000149011612
28.302,1.0,9.835273321014311,0.10000000149011612
28.349,1.0,9.780373355518613,0.10000000149011612
28.407,1.0,9.835188477900292,0.10000000149011612
28.447,1.0,9.862808107957244,0.10000000149011612
28.496,1.0,9.780143941690524,0.10000000149011612
28.546,1.0,9.945008362560637,0.10000000149011612
28.597,1.0,9.780110204343995,0.10000000149011612
28.648,1.0,9.835081664079594,0.10000000149011612
28.706,1.0,9.835071413570809,0.10000000149011612
28.749,1.0,9.642674797380137,0.10000000149011612
28.802,1.0,9.752881000418629,0.10000000149011612
28.85,1.0,9.807791678566073,0.10000000149011612
28.9,1.0,9.807620055952833,0.10000000149011612
28.951,1.0,9.862675664760172,0.10000000149011612
29.0,1.0,9.890292068736422,0.10112644731998444
29.058,1.0,9.862581151227156,0.10000000149011612
29.101,1.0,9.807758874487545,0.10000000149011612
29.153,1.0,9.835190584965877,0.10000000149011612
29.2,1.0,9.780400209915307,0.10000000149011612
29.25,1.0,9.86250894067602,0.10000000149011612
29.304,1.0,9.862756334452165,0.10000000149011612
29.354,1.0,9.807816061791446,0.10000000149011612
29.413,1.0,9.807622691036926,0.10000000149011612
29.452,1.0,9.807729229144751,0.10000000149011612
29.507,1.0,9.752700942444305,0.10000000149011612
29.553,1.0,9.670297164676917,0.10000000149011612
29.614,1.0,9.75304650724348,0.10000000149011612
29.656,1.0,9.780301507148478,0.10000000149011612
29.713,1.0,9.835352437922523,0.10000000149011612
29.762,1.0,9.86277918047789,0.10268162190914154
29.81,1.0,9.725436146226194,0.10000000149011612
29.863,1.0,9.725296929561429,0.10000000149011612
29.911,1.0,9.670589621033933,0.10000000149011612
29.963,1.0,9.835346329977943,0.10000000149011612
30.01,1.0,9.725197496203085,0.10000000149011612
30.065,1.0,9.780378811454607,0.10000000149011612
30.119,1.0,9.78014545045379,0.10000000149011612
30.167,1.0,9.697929776004619,0.10000000149011612
30.215,1.0,9.725394527841773,0.10000000149011612
30.267,1.0,9.78026629793975,0.10000000149011612
30.315,1.0,9.8628334088251,0.10000000149011612
30.366,1.0,9.835101038776338,0.10000000149011612
30.418,1.0,9.752894946394695,0.10000000149011612
30.472,1.0,9.807847346779372,0.10000000149011612
30.516,1.0,9.780120125040412,0.10000000149011612
30.565,1.0,9.587804864264196,0.10000000149011612
30.616,1.0,9.697810725184778,0.10000000149011612
30.665,1.0,9.862568263750937,0.10000000149011612
30.715,1.0,9.890239231329826,0.10671462118625641
30.77,1.0,9.945000000008278,0.10000000149011612
30.818,1.0,9.725366540770564,0.10000000149011612
30.882,1.0,9.752759643602703,0.10000000149011612
30.919,1.0,9.86265478382508,0.10000000149011612
30.975,1.0,9.83520488459617,0.10000000149011612
31.022,1.0,9.890131718437704,0.10000000149011612
31.083,1.0,9.835151859993736,0.10000000149011612
31.126,1.0,9.67050535287708,0.10000000149011612
31.168,1.0,9.890017600357533,0.10000000149011612
31.223,1.0,9.835123654930955,0.10000000149011612
31.274,1.0,9.807991851121187,0.10000000149011612
31.319,1.0,9.835175364278257,0.10000000149011612
31.37,1.0,9.862661649762757,0.10000000149011612
31.423,1.0,9.780341831863755,0.10000000149011612
31.473,1.0,9.780338024534284,0.10000000149011612
31.522,1.0,9.807689894135628,0.10000000149011612
31.57,1.0,9.862600747909811,0.10000000149011612
31.624,1.0,9.862547496230238,0.10000000149011612
31.671,1.0,9.725106203162836,0.10000000149011612
31.721,1.0,9.72550934486919,0.10000000149011612
31.771,1.0,9.725523934368457,0.10000000149011612
31.82,1.0,9.890000000016556,0.10000000149011612
31.877,1.0,9.697711406627462,0.10000000149011612
31.92,1.0,9.917659440305497,0.10000000149011612
31.973,1.0,9.78030847215818,0.10000000149011612
32.021,1.0,9.862615623118149,0.10000000149011612
32.072,1.0,9.615405258867476,0.10000000149011612
32.12,1.0,9.75270990629991,0.10000000149011612
32.17,1.0,9.807842045608494,0.10000000149011612
32.222,1.0,9.752716436568234,0.10000000149011612
32.263,1.0,9.835163958432775,0.10000000149011612
32.324,1.0,9.78040719843573,0.10000000149011612
32.374,1.0,9.780065727751289,0.10000000149011612
32.421,1.0,9.80774518356969,0.10000000149011612
32.465,1.0,9.890146921368109,0.10000000149011612
32.521,1.0,9.86266545433965,0.10000000149011612
32.574,1.0,9.835370231150753,0.10000000149011612
32.62,1.0,9.83534018393192,0.10000000149011612
32.671,1.0,9.945130621041688,0.10606927424669266
32.725,1.0,9.697852394419412,0.10000000149011612
32.775,1.0,9.725511382375327,0.10000000149011612
32.82,1.0,9.917660291472243,0.10000000149011612
32.869,1.0,9.807841442794436,0.10000000149011612
32.923,1.0,9.890136688016355,0.10000000149011612
32.972,1.0,9.862680946228405,0.10000000149011612
33.018,1.0,9.58792119162778,0.10000000149011612
33.073,1.0,9.807846962805424,0.10000000149011612
33.126,1.0,9.862702952304648,0.10000000149011612
33.173,1.0,9.752864741223554,0.10000000149011612
33.228,1.0,9.83518323811392,0.10000000149011612
33.288,1.0,9.8901213866762,0.10000000149011612
33.326,1.0,9.835133596965008,0.10000000149011612
33.376,1.0,9.890201623282499,0.10000000149011612
33.424,1.0,9.862593970737523,0.10000000149011612
33.472,1.0,9.780377987503178,0.10000000149011612
33.526,1.0,9.725350520697733,0.10000000149011612
33.573,1.0,9.917600538333257,0.10000000149011612
33.626,1.0,9.835161026608613,0.10000000149011612
33.675,1.0,9.890135228654577,0.10000000149011612
33.73,1.0,9.835237408139639,0.10000000149011612
33.782,1.0,9.835365945307744,0.10000000149011612
33.836,1.0,9.835151619070935,0.10000000149011612
33.885,1.0,9.807841030653153,0.10000000149011612
33.936,1.0,9.862806941237714,0.10000000149011612
33.988,1.0,9.780167252280647,0.10000000149011612
34.035,1.0,9.752789894387954,0.10000000149011612
34.092,1.0,9.835090184191035,0.10000000149011612
34.147,1.0,9.80784113071859,0.10000000149011612
34.188,1.0,9.752662615643608,0.10000000149011612
34.237,1.0,9.725358253344893,0.10000000149011612
34.287,1.0,9.835227708973818,0.10000000149011612
34.337,1.0,9.945075164010955,0.10000000149011612
34.389,1.0,9.670153695883023,0.10000000149011612
34.449,1.0,9.807671126971643,0.10000000149011612
34.49,1.0,9.807562175558672,0.10000000149011612
34.537,1.0,9.862599465333753,0.10000000149011612
34.598,1.0,9.80788120739162,0.10000000149011612
34.637,1.0,9.835061447674201,0.10000000149011612
34.688,1.0,9.670353018264803,0.10000000149011612
34.754,1.0,9.83529271055013,0.10000000149011612
34.798,1.0,9.725285428534779,0.10000000149011612
34.843,1.0,9.643242090505858,0.10000000149011612
34.894,1.0,9.752781732028557,0.10000000149011612
34.949,1.0,9.83512166550176,0.10000000149011612
34.992,1.0,9.862500000020695,0.10000000149011612
35.045,1.0,9.78040668670502,0.10000000149011612
35.097,1.0,9.835174184189075,0.10000000149011612
35.142,1.0,9.835241506207321,0.10000000149011612
35.192,1.0,9.890338635755082,0.10000000149011612
35.243,1.0,9.780199876344867,0.10000000149011612
35.299,1.0,9.86251810002658,0.10000000149011612
35.344,1.0,9.725175196429094,0.10000000149011612
35.393,1.0,9.807892203848395,0.10000000149011612
35.45,1.0,9.753143670637574,0.10000000149011612
35.492,1.0,9.725392981204722,0.10000000149011612
35.553,1.0,9.890012693011926,0.10000000149011612
35.593,1.0,9.862623808367385,0.10000000149011612
35.643,1.0,9.835314109031525,0.10000000149011612
35.692,1.0,9.780258793818454,0.10000000149011612
35.743,1.0,9.83516770599203,0.10000000149011612
35.793,1.0,9.698156073834333,0.10000000149011612
35.843,1.0,9.862600737892919,0.10000000149011612
35.899,1.0,9.75275555766291,0.10000000149011612
35.946,1.0,9.807924520017373,0.10000000149011612
35.998,1.0,9.75283393441803,0.10000000149011612
36.048,1.0,9.725225077652269,0.10000000149011612
36.103,1.0,9.752696424577799,0.10000000149011612
36.147,1.0,9.862738915160298,0.10000000149011612
36.21,1.0,9.890056548578043,0.10000000149011612
36.251,1.0,9.83516589347273,0.10000000149011612
36.301,1.0,9.588055161614385,0.10000000149011612
36.351,1.0,9.862680798458557,0.10000000149011612
36.403,1.0,9.890000000016556,0.10000000149011612
36.451,1.0,9.807776180861724,0.10000000149011612
36.499,1.0,9.862555163395074,0.10000000149011612
36.559,1.0,9.835111027107471,0.10000000149011612
36.613,1.0,10.0,10.0
36.652,1.0,9.725240476781295,0.10000000149011612
36.699,1.0,9.780142079873217,0.10000000149011612
36.756,1.0,9.780344689016541,0.10000000149011612
36.814,1.0,9.588229766301811,0.10000000149011612
36.868,1.0,9.890125550888479,0.10000000149011612
36.908,1.0,9.89010928057962,0.10000000149011612
36.971,1.0,9.752758964937595,0.10000000149011612
37.02,1.0,9.752775490615104,0.10000000149011612
37.066,1.0,9.835044714435934,0.10000000149011612
37.116,1.0,9.917597166014215,0.10000000149011612
37.17,1.0,9.780201753311687,0.10000000149011612
37.219,1.0,9.807767555448745,0.10000000149011612
37.265,1.0,9.862711556628346,0.10000000149011612
37.321,1.0,9.780359909145368,0.10000000149011612
37.371,1.0,9.917699831248157,0.10000000149011612
37.419,1.0,9.890273225886954,0.10209439694881439
37.478,1.0,9.835158153292205,0.10000000149011612
37.525,1.0,9.862528905686405,0.10000000149011612
37.576,1.0,9.94505058425582,0.10000000149011612
37.629,1.0,9.890108474654456,0.10000000149011612
37.679,1.0,9.890143958789606,0.10219526290893555
37.721,1.0,9.862714241196711,0.10000000149011612
37.774,1.0,9.67048639158408,0.10000000149011612
37.824,1.0,9.753026908843054,0.10000000149011612
37.873,1.0,9.862603614520696,0.10000000149011612
37.923,1.0,9.780188606658744,0.10000000149011612
37.974,1.0,9.862749256855912,0.10000000149011612
38.027,1.0,9.807891146776576,0.10000000149011612
38.074,1.0,9.752862334458364,0.10000000149011612
38.124,1.0,9.752881987848216,0.10000000149011612
38.174,1.0,9.917500000012417,0.10000000149011612
38.225,1.0,9.83516151994053,0.10000000149011612
38.274,1.0,9.862835954460833,0.10000000149011612
38.323,1.0,9.835246950015426,0.10000000149011612
38.376,1.0,9.890118025864163,0.10000000149011612
38.423,1.0,9.835176153584486,0.10000000149011612
38.465,1.0,9.78011948377308,0.10000000149011612
38.529,1.0,9.807770124781463,0.10000000149011612
38.576,1.0,9.917500000012417,0.10000000149011612
38.627,1.0,9.67029570504609,0.10000000149011612
38.675,1.0,9.862533201815353,0.10000000149011612
38.743,1.0,9.862737649265263,0.10000000149011612
38.784,1.0,9.725208298737805,0.10000000149011612
38.827,1.0,9.725451837024755,0.10000000149011612
38.886,1.0,9.835177303457426,0.10000000149011612
38.934,1.0,9.698177387254933,0.10000000149011612
38.996,1.0,9.752796217199002,0.10000000149011612
39.038,1.0,9.670362523612049,0.10000000149011612
39.085,1.0,9.835116472240124,0.10000000149011612
39.137,1.0,9.862580671451157,0.10000000149011612
39.183,1.0,9.69800893254578,0.10000000149011612
39.242,1.0,9.83519238150782,0.10000000149011612
39.295,1.0,9.725284661538899,0.10000000149011612
39.338,1.0,9.78029015267061,0.10000000149011612
39.388,1.0,9.890256478803025,0.10000000149011612
39.445,1.0,9.807662439139353,0.10000000149011612
39.489,1.0,9.725253148025109,0.10000000149011612
39.547,1.0,9.83528021555394,0.10000000149011612
39.592,1.0,9.780316000555953,0.10000000149011612
39.649,1.0,9.780078782120512,0.10000000149011612
39.692,1.0,9.780328759613136,0.10000000149011612
39.743,1.0,9.862646069294877,0.10000000149011612
39.8,1.0,9.83532466230293,0.10000000149011612
39.842,1.0,9.807831170803142,0.10000000149011612
39.893,1.0,9.72522981568343,0.10000000149011612
39.944,1.0,9.808049953791002,0.10000000149011612
39.993,1.0,9.835393883184427,0.10000000149011612
40.047,1.0,9.780367959000998,0.10000000149011612
40.092,1.0,9.917584157776501,0.10650362819433212
40.152,1.0,9.835260713762707,0.10000000149011612
40.198,1.0,9.890197263182037,0.10000000149011612
40.25,1.0,9.835255638572077,0.10000000149011612
40.305,1.0,9.670311266432206,0.10000000149011612
40.351,1.0,9.8627336980775,0.10000000149011612
40.409,1.0,9.807817945815623,0.10000000149011612
40.458,1.0,9.83525432476567,0.10000000149011612
40.503,1.0,9.835127214880453,0.10000000149011612
40.556,1.0,9.862760233485865,0.10000000149011612
40.603,1.0,9.862712552005219,0.10000000149011612
40.666,1.0,9.697823156478504,0.10000000149011612
40.704,1.0,9.80770500033266,0.10000000149011612
40.757,1.0,9.752600675303903,0.10000000149011612
40.803,1.0,9.807811408779687,0.10000000149011612
40.855,1.0,9.945036713344356,0.10000000149011612
40.908,1.0,9.752815677556727,0.10000000149011612
40.959,1.0,9.807755257851548,0.10000000149011612
41.019,1.0,9.780368445234167,0.10000000149011612
41.062,1.0,9.835165904255376,0.10000000149011612
41.11,1.0,9.917581791058183,0.10000000149011612
41.159,1.0,9.94512010520945,0.10000000149011612
41.21,1.0,9.780212664873236,0.10000000149011612
41.266,1.0,9.670344714985953,0.10000000149011612
41.321,1.0,9.862775912570457,0.10000000149011612
41.362,1.0,9.835321599307159,0.10000000149011612
41.416,1.0,9.807582725563812,0.10000000149011612
41.468,1.0,9.890000000016556,0.10000000149011612
41.515,1.0,9.670425993638734,0.10000000149011612
41.565,1.0,9.862624043598771,0.10000000149011612
41.617,1.0,9.917580272671248,0.10000000149011612
41.667,1.0,9.64299674472875,0.10000000149011612
41.716,1.0,9.670390043469768,0.10000000149011612
41.768,1.0,9.698036531069212,0.10000000149011612
41.816,1.0,9.780575297938453,0.10000000149011612
41.883,1.0,9.75270467069414,0.10000000149011612
41.922,1.0,9.72523798611429,0.10000000149011612
41.981,1.0,9.670296555488473,0.10000000149011612
42.022,1.0,9.807547637675372,0.10000000149011612
42.077,1.0,9.862748292792174,0.10000000149011612
42.123,1.0,9.752676595002413,0.10000000149011612
42.177,1.0,9.807623591004974,0.10000000149011612
42.229,1.0,9.752712507732213,0.10000000149011612
42.275,1.0,9.642940257882906,0.10000000149011612
42.339,1.0,9.835059569672579,0.10000000149011612
42.375,1.0,9.862769621113936,0.10000000149011612
42.424,1.0,9.862556767794821,0.10000000149011612
42.474,1.0,9.972539828738405,0.11433834582567215
42.528,1.0,9.835205726139247,0.10000000149011612
42.574,1.0,9.890059420342247,0.10000000149011612
42.625,1.0,9.89009185253332,0.10000000149011612
42.681,1.0,9.752659868324796,0.10000000149011612
42.725,1.0,9.83506687970625,0.10000000149011612
42.778,1.0,9.670478457088272,0.10000000149011612
42.825,1.0,9.862718005167942,0.10000000149011612
42.875,1.0,9.862961144227949,0.10000000149011612
42.93,1.0,9.835184293054045,0.10000000149011612
42.973,1.0,9.780001184965174,0.10000000149011612
43.026,1.0,9.697897088444895,0.10000000149011612
43.074,1.0,9.835000000024836,0.10000000149011612
43.125,1.0,9.670146721187566,0.10000000149011612
43.184,1.0,9.862637595997917,0.10000000149011612
43.225,1.0,9.807845890252954,0.10000000149011612
43.267,1.0,9.83505890245239,0.10000000149011612
43.318,1.0,9.835138129794764,0.10000000149011612
43.374,1.0,9.917608864895172,0.10000000149011612
43.424,1.0,9.752707665206657,0.10000000149011612
43.48,1.0,9.807871037017968,0.10000000149011612
43.526,1.0,9.807836814721425,0.10000000149011612
43.573,1.0,9.89016000121418,0.10000000149011612
43.627,1.0,9.807643130297462,0.10000000149011612
43.674,1.0,9.890120525099338,0.10000000149011612
43.675,1.0,9.807964347841011,0.10000000149011612
43.675,1.0,9.752785676841935,0.10000000149011612
43.827,1.0,9.725318122820722,0.10000000149011612
43.876,1.0,9.615445875190199,0.10000000149011612
43.925,1.0,9.890111292670998,0.10000000149011612
43.976,1.0,9.890001043325498,0.10000000149011612
44.034,1.0,9.917633366212248,0.10000000149011612
44.079,1.0,9.945073606591258,0.10000000149011612
44.127,1.0,9.835199670017593,0.10000000149011612
44.178,1.0,9.890076512905459,0.10000000149011612
44.227,1.0,9.780049713576833,0.10000000149011612
44.282,1.0,9.697804786099328,0.10000000149011612
44.333,1.0,9.807842628512946,0.10000000149011612
44.391,1.0,9.807846173768242,0.10000000149011612
44.452,1.0,9.725137273987961,0.10000000149011612
44.486,1.0,9.80764940124419,0.10000000149011612
44.54,1.0,9.78018224019971,0.10000000149011612
44.588,1.0,9.945000000008278,0.10000000149011612
44.655,1.0,9.752678044181732,0.10000000149011612
44.688,1.0,9.67063840776682,0.10000000149011612
44.737,1.0,9.862861542527874,0.1055438220500946
44.797,1.0,9.862554481646253,0.10000000149011612
44.838,1.0,9.835210841024915,0.10000000149011612
44.892,1.0,9.780216123101612,0.10000000149011612
44.962,1.0,9.835109253082837,0.10000000149011612
44.991,1.0,9.835153282123308,0.10000000149011612
45.04,1.0,9.807713083695207,0.10000000149011612
45.089,1.0,9.697889429806835,0.10000000149011612
45.145,1.0,9.752935981916057,0.10000000149011612
45.194,1.0,9.72547960202727,0.10000000149011612
45.238,1.0,9.752951573394238,0.10000000149011612
45.287,1.0,9.670551627915767,0.10000000149011612
45.337,1.0,9.752799517475069,0.10000000149011612
45.391,1.0,9.807510635484423,0.10000000149011612
45.437,1.0,9.835336865484715,0.10000000149011612
45.491,1.0,9.890085975101425,0.10000000149011612
45.54,1.0,9.80770573945095,0.10000000149011612
45.591,1.0,9.86260319010665,0.10000000149011612
45.639,1.0,9.670397337981397,0.10000000149011612
45.687,1.0,9.807604305363364,0.10000000149011612
45.737,1.0,9.78026992889742,0.10000000149011612
45.796,1.0,9.780299172695312,0.10000000149011612
45.862,1.0,9.72532404990246,0.10000000149011612
45.891,1.0,9.7526264903653,0.10000000149011612
45.943,1.0,9.80794268724405,0.10000000149011612
45.994,1.0,9.67030147349255,0.10000000149011612
46.044,1.0,9.835309510822926,0.10000000149011612
46.093,1.0,9.807642699219286,0.10000000149011612
46.145,1.0,9.780336549650464,0.10000000149011612
46.2,1.0,9.698145818151534,0.10000000149011612
46.244,1.0,9.75263894022339,0.10000000149011612
46.292,1.0,9.780257075776657,0.10000000149011612
46.343,1.0,9.78022479681919,0.10000000149011612
46.393,1.0,9.89019960285061,0.10000000149011612
46.442,1.0,9.917556300117738,0.10000000149011612
46.493,1.0,9.83532987046573,0.10000000149011612
46.542,1.0,9.835315041099157,0.10000000149011612
46.592,1.0,9.807667044964102,0.10000000149011612
46.644,1.0,9.94511942056318,0.11550113558769226
46.693,1.0,9.752766071632504,0.10000000149011612
46.745,1.0,9.780044461869531,0.10000000149011612
46.793,1.0,9.8626177161932,0.10000000149011612
46.844,1.0,9.917746504727337,0.10387450456619263
46.892,1.0,9.917639687015779,0.10000000149011612
46.943,1.0,9.4780854454471,0.10000000149011612
46.991,1.0,9.780214998105334,0.10000000149011612
47.044,1.0,9.752582162163323,0.10000000149011612
47.094,1.0,9.807611112648415,0.10000000149011612
47.145,1.0,9.862604633470376,0.10000000149011612
47.191,1.0,9.752822898307608,0.10000000149011612
47.243,1.0,9.890112275216314,0.10000000149011612
47.293,1.0,9.725289854055477,0.10000000149011612
47.343,1.0,9.862668266851042,0.10000000149011612
47.396,1.0,9.807538608109786,0.10000000149011612
47.443,1.0,9.862521529301173,0.10000000149011612
47.492,1.0,9.698008609190584,0.10000000149011612
47.544,1.0,9.725091154645714,0.10000000149011612
47.593,1.0,9.752654449476136,0.10000000149011612
47.636,1.0,9.890002664364875,0.10000000149011612
47.694,1.0,9.835123839043082,0.10000000149011612
47.741,1.0,9.780345292906794,0.10000000149011612
47.791,1.0,9.86265034524517,0.10000000149011612
47.844,1.0,9.80790955113868,0.10000000149011612
47.894,1.0,9.697952740535968,0.10000000149011612
47.942,1.0,9.807968159868485,0.10000000149011612
47.998,1.0,9.862777314542068,0.10000000149011612
48.048,1.0,9.835071071133845,0.10000000149011612
48.097,1.0,9.642809963681632,0.10000000149011612
48.15,1.0,9.86251036963529,0.10000000149011612
48.199,1.0,9.807617722907,0.10000000149011612
48.263,1.0,9.862638643942773,0.10000000149011612
48.304,1.0,9.807760028458304,0.10000000149011612
48.35,1.0,9.807713067096968,0.10000000149011612
48.398,1.0,9.7257317169259,0.10000000149011612
48.458,1.0,9.725646270563205,0.10000000149011612
48.503,1.0,9.807669913479023,0.10000000149011612
48.55,1.0,9.807875697231955,0.10000000149011612
48.601,1.0,9.697844863931339,0.10000000149011612
48.642,1.0,9.835169885845648,0.10000000149011612
48.701,1.0,9.890067012173434,0.10000000149011612
48.751,1.0,9.725286152337988,0.10000000149011612
48.8,1.0,9.642905620113016,0.10000000149011612
48.854,1.0,9.587825203769738,0.10000000149011612
48.905,1.0,9.780193492439057,0.10000000149011612
48.955,1.0,9.752750015300181,0.10000000149011612
49.002,1.0,9.807831330535313,0.10000000149011612
49.053,1.0,9.862779839854273,0.10000000149011612
49.11,1.0,9.807809746762116,0.10000000149011612
49.157,1.0,9.780154552828106,0.10000000149011612
49.206,1.0,9.917672837753262,0.10079996287822723
49.262,1.0,9.752871347736153,0.10000000149011612
49.312,1.0,9.780531088076533,0.10000000149011612
49.365,1.0,9.807718207149042,0.10000000149011612
49.413,1.0,9.72573082635386,0.10000000149011612
49.467,1.0,9.86263478220337,0.10000000149011612
49.515,1.0,9.807666929604279,0.10000000149011612
49.562,1.0,9.835253565199674,0.10000000149011612
49.622,1.0,9.862742819243834,0.10000000149011612
49.67,1.0,9.807820716748635,0.10000000149011612
49.724,1.0,9.807654628364576,0.10000000149011612
49.768,1.0,9.807836210976044,0.10000000149011612
49.826,1.0,9.780284364976817,0.10000000149011612
49.877,1.0,9.670315500886904,0.10000000149011612
49.929,1.0,9.72543708924204,0.10000000149011612
49.976,1.0,9.807634508320026,0.10000000149011612
50.028,1.0,9.615584612327318,0.10000000149011612
50.083,1.0,9.890000000016556,0.10000000149011612
50.126,1.0,9.862674365772142,0.10000000149011612
50.19,1.0,9.835188067187037,0.10000000149011612
50.233,1.0,9.862856139573786,0.10000000149011612
50.282,1.0,9.945095404009852,0.10000000149011612
50.338,1.0,9.862651510578063,0.10000000149011612
50.382,1.0,9.89012001734227,0.10000000149011612
50.432,1.0,9.780161768467062,0.10000000149011612
50.486,1.0,9.697605534022053,0.10000000149011612
50.544,1.0,9.835267958769368,0.10000000149011612
50.584,1.0,9.83521008655015,0.10000000149011612
50.633,1.0,9.835034639843636,0.10000000149011612
50.687,1.0,9.780245668854977,0.10000000149011612
50.733,1.0,9.780279647165703,0.10000000149011612
50.793,1.0,9.835192050639954,0.10000000149011612
50.838,1.0,9.890128779866629,0.10000000149011612
50.889,1.0,9.725283506181505,0.10000000149011612
50.939,1.0,9.780197394018371,0.10000000149011612
50.988,1.0,9.80787250087079,0.10000000149011612
51.048,1.0,9.725142561085523,0.10000000149011612
51.09,1.0,9.780035310756002,0.10000000149011612
51.143,1.0,9.643359661599,0.10000000149011612
51.191,1.0,9.807637976358334,0.10000000149011612
51.238,1.0,9.807522946244312,0.10000000149011612
51.289,1.0,9.780438578170207,0.10000000149011612
51.338,1.0,9.972500000004139,0.10000000149011612
51.39,1.0,9.917523345599571,0.10000000149011612
51.446,1.0,9.75291303522471,0.10000000149011612
51.488,1.0,9.862629950584637,0.10000000149011612
51.555,1.0,9.862640188696483,0.10000000149011612
51.592,1.0,9.780250842289792,0.10000000149011612
51.642,1.0,9.835225963220001,0.10000000149011612
51.69,1.0,9.752938022919826,0.10000000149011612
51.738,1.0,9.890121567725307,0.10000000149011612
51.793,1.0,9.807802567030821,0.10000000149011612
51.837,1.0,9.780125448356072,0.10000000149011612
51.886,1.0,9.69804296027869,0.10000000149011612
51.938,1.0,9.835376021328072,0.10000000149011612
51.989,1.0,9.917585281158487,0.10000000149011612
52.045,1.0,9.725357660920256,0.10000000149011612
52.091,1.0,9.725339056199623,0.10000000149011612
52.153,1.0,9.835214008059767,0.10000000149011612
52.191,1.0,9.917614482819205,0.10000000149011612
52.241,1.0,9.835374910653465,0.10000000149011612
52.303,1.0,9.670442961280544,0.10000000149011612
52.342,1.0,9.862775278691617,0.10000000149011612
52.391,1.0,9.835208294126723,0.10000000149011612
52.44,1.0,9.945026312375234,0.10000000149011612
52.5,1.0,9.835185082008442,0.10000000149011612
52.545,1.0,9.780257496092883,0.10000000149011612
52.597,1.0,9.725597711383468,0.10000000149011612
52.649,1.0,9.945034650858078,0.10422645509243011
52.695,1.0,9.752983697069189,0.10000000149011612
52.744,1.0,9.752679924666882,0.10000000149011612
52.791,1.0,9.86252191439271,0.10000000149011612
52.845,1.0,9.752771620742148,0.10000000149011612
52.898,1.0,9.780393175822166,0.10000000149011612
52.945,1.0,9.890160140953958,0.10000000149011612
52.995,1.0,9.780382422109446,0.10000000149011612
53.052,1.0,9.752858454195989,0.10000000149011612
53.1,1.0,9.752835236220724,0.10000000149011612
53.155,1.0,9.835106272519463,0.10000000149011612
53.204,1.0,9.752922341889805,0.10000000149011612
53.253,1.0,9.890193457239205,0.10000000149011612
53.298,1.0,9.835281916666363,0.10000000149011612
53.353,1.0,9.862630428146158,0.10000000149011612
53.399,1.0,9.78025155460669,0.10000000149011612
53.46,1.0,9.835059987505277,0.10000000149011612
53.501,1.0,9.69789094361994,0.10000000149011612
53.55,1.0,9.725439168264469,0.10000000149011612
53.6,1.0,9.780480603770249,0.10000000149011612
53.651,1.0,9.780534116613369,0.10000000149011612
53.71,1.0,9.807866130727861,0.10000000149011612
53.749,1.0,9.807836918615633,0.10000000149011612
53.805,1.0,9.8352593133433,0.10000000149011612
53.851,1.0,9.697937799162334,0.10000000149011612
53.909,1.0,9.835227559403412,0.10000000149011612
53.953,1.0,9.835347717834843,0.10000000149011612
54.003,1.0,9.862718167300853,0.10000000149011612
54.06,1.0,9.807628139398163,0.10000000149011612
54.107,1.0,9.80771653931588,0.10000000149011612
54.156,1.0,9.780362585083479,0.10000000149011612
54.206,1.0,9.835277245214415,0.10000000149011612
54.261,1.0,9.835228877700866,0.10000000149011612
54.311,1.0,9.917655246290895,0.10274434834718704
54.356,1.0,9.780315854483181,0.10000000149011612
54.403,1.0,9.752822063801188,0.10000000149011612
54.458,1.0,9.862509449343715,0.10000000149011612
54.513,1.0,9.752903969047798,0.10000000149011612
54.558,1.0,9.780233799686862,0.10000000149011612
54.62,1.0,9.807977817559408,0.10000000149011612
54.667,1.0,9.752841566710009,0.10000000149011612
54.715,1.0,9.862692629608015,0.10000000149011612
54.762,1.0,9.890111383092073,0.10000000149011612
54.821,1.0,9.86268760541247,0.10000000149011612
54.868,1.0,9.807860434717602,0.10000000149011612
54.913,1.0,9.697766461968422,0.10000000149011612
54.944,1.0,9.78027673398869,0.10000000149011612
55.01,1.0,9.917561000854604,0.10000000149011612
55.061,1.0,9.917519657044775,0.10000000149011612
55.126,1.0,9.890117884592877,0.10000000149011612
55.177,1.0,9.83513938701815,0.10000000149011612
55.21,1.0,9.780189236315588,0.10000000149011612
55.261,1.0,9.917500000012417,0.10000000149011612
55.319,1.0,9.752826732459168,0.10000000149011612
55.365,1.0,9.752883918873138,0.10000000149011612
55.422,1.0,9.587915664952662,0.10000000149011612
55.464,1.0,9.780100014184912,0.10000000149011612
55.512,1.0,9.890256793652144,0.10000000149011612
55.562,1.0,9.890188897608056,0.10000000149011612
55.613,1.0,9.83529332495398,0.10000000149011612
55.664,1.0,9.89016041499045,0.10991527140140533
55.712,1.0,9.67052830155525,0.10000000149011612
55.772,1.0,9.725286269788112,0.10000000149011612
55.817,1.0,9.890037890440889,0.10000000149011612
55.866,1.0,9.862659268246757,0.10000000149011612
55.917,1.0,9.890068301330839,0.10000000149011612
55.964,1.0,9.862824904256398,0.10000000149011612
56.026,1.0,9.780247630137536,0.10000000149011612
56.07,1.0,9.697894491545028,0.10000000149011612
56.124,1.0,9.780490878886647,0.10000000149011612
56.171,1.0,9.890097303109037,0.10000000149011612
56.225,1.0,9.807928634766075,0.10000000149011612
56.27,1.0,9.862846908676955,0.10000000149011612
56.323,1.0,9.780226479532818,0.10000000149011612
56.377,1.0,9.780497161961264,0.10000000149011612
56.422,1.0,9.697716348866622,0.10000000149011612
56.473,1.0,9.862642354849312,0.10000000149011612
56.521,1.0,9.697927445732057,0.10000000149011612
56.584,1.0,9.780677425054213,0.10186510533094406
56.625,1.0,9.917513688964148,0.10000000149011612
56.675,1.0,9.89000912025157,0.10000000149011612
56.724,1.0,9.835290028817123,0.10000000149011612
56.776,1.0,9.862742994808489,0.10000000149011612
56.824,1.0,9.780399340908561,0.10000000149011612
56.873,1.0,9.752660454457832,0.10000000149011612
56.926,1.0,9.780169326791333,0.10000000149011612
56.971,1.0,9.807694343663751,0.10000000149011612
57.025,1.0,9.917632093197769,0.10000000149011612
57.073,1.0,9.725336184083588,0.10000000149011612
57.131,1.0,9.807781294464236,0.10000000149011612
57.177,1.0,9.670497498826848,0.10000000149011612
57.224,1.0,9.890190205743743,0.10000000149011612
57.281,1.0,9.780187378120091,0.10000000149011612
57.325,1.0,9.78040811566429,0.10000000149011612
57.388,1.0,9.807953258024321,0.10000000149011612
57.43,1.0,9.890044550990893,0.10000000149011612
57.481,1.0,9.890103688836097,0.10000000149011612
57.535,1.0,9.752723957267072,0.10000000149011612
57.587,1.0,9.890125472967823,0.10000000149011612
57.632,1.0,9.917626844946708,0.10000000149011612
57.687,1.0,9.807707107253373,0.10000000149011612
57.733,1.0,9.752818661555647,0.10000000149011612
57.783,1.0,9.80759958864914,0.10000000149011612
57.833,1.0,9.890104801352653,0.10000000149011612
57.882,1.0,9.780446964688599,0.10000000149011612
57.932,1.0,9.780179043259057,0.10000000149011612
57.982,1.0,9.725440876703296,0.10000000149011612
58.031,1.0,9.862625617844364,0.10000000149011612
58.084,1.0,9.780272930218942,0.10000000149011612
58.133,1.0,9.78039480689913,0.10000000149011612
58.19,1.0,9.752920020330283,0.10000000149011612
58.24,1.0,9.780328639513916,0.10000000149011612
58.29,1.0,9.807644909206363,0.10000000149011612
58.337,1.0,9.862792360865408,0.10000000149011612
58.391,1.0,9.725555147354802,0.10000000149011612
58.436,1.0,9.917607170984978,0.10000000149011612
58.497,1.0,9.780332827029957,0.10000000149011612
58.539,1.0,9.560805183586975,0.10000000149011612
58.599,1.0,9.862656525005068,0.10000000149011612
58.642,1.0,9.86269420147356,0.10000000149011612
58.694,1.0,9.725519977923897,0.10000000149011612
58.739,1.0,9.698077290318906,0.10000000149011612
58.792,1.0,9.890224189849363,0.10000000149011612
58.841,1.0,9.807917489007943,0.10000000149011612
58.893,1.0,9.725178731232882,0.10000000149011612
58.942,1.0,9.83535265552087,0.10000000149011612
58.99,1.0,9.862651489426693,0.10000000149011612
59.041,1.0,9.835251781282325,0.10000000149011612
59.092,1.0,9.835142528845203,0.10000000149011612
59.142,1.0,9.780414323156906,0.10000000149011612
59.194,1.0,9.642833095644082,0.10000000149011612
59.244,1.0,9.862758449775477,0.10000000149011612
59.294,1.0,9.615566111749246,0.10000000149011612
59.352,1.0,9.835024327971041,0.10000000149011612
59.403,1.0,9.752926478679809,0.10000000149011612
59.452,1.0,9.780158045929339,0.10000000149011612
59.499,1.0,9.862772222194407,0.10000000149011612
59.549,1.0,9.780275377237963,0.10000000149011612
59.598,1.0,9.91759808667832,0.10000000149011612
59.639,1.0,9.753016582566003,0.10000000149011612
59.7,1.0,9.862766311835085,0.10000000149011612
59.749,1.0,9.917729152966704,0.10000000149011612
59.799,1.0,9.780447871879572,0.10000000149011612
59.855,1.0,9.83509369486322,0.10000000149011612
59.898,1.0,9.835148573211498,0.10000000149011612
59.949,1.0,9.835280487334563,0.10000000149011612
59.998,1.0,9.835251275346511,0.10000000149011612
60.051,1.0,9.725353331988057,0.10000000149011612
60.101,1.0,9.86272568915867,0.10000000149011612
60.152,1.0,9.835389353127944,0.10000000149011612
60.206,1.0,9.725328781911069,0.10000000149011612
60.255,1.0,9.835021342854533,0.10000000149011612
60.308,1.0,9.94513838901702,0.10000000149011612
60.358,1.0,9.697782561327848,0.10000000149011612
60.403,1.0,9.807602019732197,0.10000000149011612
60.462,1.0,9.615364392391509,0.10000000149011612
60.505,1.0,9.80767813641578,0.10000000149011612
60.554,1.0,9.862532098446454,0.10000000149011612
60.609,1.0,9.890211718446679,0.10000000149011612
60.659,1.0,9.862650135304365,0.10000000149011612
60.712,1.0,9.807760507716901,0.10000000149011612
60.762,1.0,9.697747038615246,0.10000000149011612
60.825,1.0,9.835342197161582,0.10000000149011612
60.866,1.0,9.752802242607705,0.10000000149011612
60.916,1.0,9.862722986294992,0.10000000149011612
60.96,1.0,9.78019312756757,0.10000000149011612
61.013,1.0,9.80775076037066,0.10000000149011612
61.06,1.0,9.780029268811147,0.10000000149011612
61.122,1.0,9.807723124552933,0.10000000149011612
61.166,1.0,9.945000000008278,0.10000000149011612
61.22,1.0,9.890157415179743,0.10000000149011612
61.263,1.0,9.835169368030297,0.10000000149011612
61.315,1.0,9.890000903358063,0.10000000149011612
61.364,1.0,9.642908507047428,0.10000000149011612
61.414,1.0,9.86286821251528,0.10000000149011612
61.47,1.0,9.83521948941052,0.10000000149011612
61.525,1.0,9.780332398849229,0.10000000149011612
61.567,1.0,9.752652428464756,0.10000000149011612
61.616,1.0,9.835191302705143,0.10000000149011612
61.668,1.0,9.725408100460966,0.10000000149011612
61.719,1.0,9.807786497970422,0.10000000149011612
61.77,1.0,9.780226268867652,0.10000000149011612
61.811,1.0,9.780535957051647,0.10000000149011612
61.867,1.0,9.697823248368998,0.10000000149011612
61.916,1.0,9.780359745501643,0.10000000149011612
61.968,1.0,9.86263455150442,0.10000000149011612
62.019,1.0,9.780000000033114,0.10000000149011612
62.066,1.0,9.890078950093852,0.10000000149011612
62.119,1.0,9.780174423671431,0.10000000149011612
62.181,1.0,9.780265491103961,0.10000000149011612
62.217,1.0,9.670326848804123,0.10000000149011612
62.272,1.0,9.807920727382104,0.10000000149011612
62.329,1.0,9.945000000008278,0.10000000149011612
62.376,1.0,10.0,10.0
62.434,1.0,9.945000000008278,0.10000000149011612
62.479,1.0,9.780218986897832,0.10000000149011612
62.528,1.0,9.780435804277658,0.10000000149011612
62.578,1.0,9.80770999385665,0.10000000149011612
62.628,1.0,9.807652490358386,0.10000000149011612
62.68,1.0,9.780294887224834,0.10000000149011612
62.731,1.0,9.945000000008278,0.10000000149011612
62.779,1.0,9.80772278468228,0.10000000149011612
62.83,1.0,9.835159250038366,0.10000000149011612
62.88,1.0,9.807742787504361,0.10000000149011612
62.942,1.0,9.835302795780201,0.10000000149011612
62.982,1.0,9.807776317248742,0.10000000149011612
63.03,1.0,9.835308804300924,0.10000000149011612
63.083,1.0,9.752899356745184,0.10000000149011612
63.131,1.0,9.752759180321462,0.10000000149011612
63.175,1.0,9.807657363638281,0.10000000149011612
63.233,1.0,9.752683477972944,0.10000000149011612
63.283,1.0,9.807669121916923,0.10000000149011612
63.331,1.0,9.780426248121593,0.10000000149011612
63.382,1.0,9.780419530678127,0.10000000149011612
63.436,1.0,9.807730457435051,0.10000000149011612
63.481,1.0,9.75285302731726,0.10000000149011612
63.536,1.0,9.862645811815229,0.10000000149011612
63.58,1.0,9.780598189598985,0.10000000149011612
63.631,1.0,9.670767986464003,0.10000000149011612
63.681,1.0,9.753050472069946,0.10000000149011612
63.731,1.0,9.835116968883408,0.10000000149011612
63.799,1.0,9.615430879385935,0.10000000149011612
63.834,1.0,9.890240967687633,0.10000000149011612
63.883,1.0,9.725295007249548,0.10000000149011612
63.935,1.0,9.862619909043941,0.10000000149011612
63.983,1.0,9.835281315507988,0.10000000149011612
64.044,1.0,9.780254260160858,0.10000000149011612
64.087,1.0,9.917550005618896,0.10000000149011612
64.137,1.0,9.862637694966462,0.10000000149011612
64.188,1.0,9.725492440039913,0.10000000149011612
64.239,1.0,9.835237797349691,0.10000000149011612
64.288,1.0,9.780275699827406,0.10000000149011612
64.341,1.0,9.890025641748474,0.10000000149011612
64.392,1.0,9.835264046283232,0.10000000149011612
64.437,1.0,9.80798853745477,0.10000000149011612
64.501,1.0,9.917653186909027,0.10000000149011612
64.559,1.0,9.807787618413567,0.10000000149011612
64.587,1.0,9.752941775818666,0.10000000149011612
64.657,1.0,9.807590776516331,0.10000000149011612
64.695,1.0,9.917544462159276,0.10000000149011612
64.75,1.0,9.72530607411431,0.10000000149011612
64.79,1.0,9.83503789804462,0.10000000149011612
64.843,1.0,9.862729788323243,0.10000000149011612
64.891,1.0,9.862570741193162,0.10000000149011612
64.936,1.0,9.835000000024836,0.10000000149011612
64.994,1.0,9.75288749124027,0.10000000149011612
65.039,1.0,9.890087919744353,0.10000000149011612
65.088,1.0,9.780131281912327,0.10000000149011612
65.14,1.0,9.835031765388946,0.10000000149011612
65.189,1.0,9.807516637278928,0.10000000149011612
65.24,1.0,9.835234143998887,0.10000000149011612
65.291,1.0,9.862748544890847,0.10000000149011612
65.352,1.0,9.862715952243242,0.10000000149011612
65.39,1.0,9.862524922212792,0.10000000149011612
65.44,1.0,9.835209531937208,0.10000000149011612
65.491,1.0,9.780255816297398,0.10000000149011612
65.538,1.0,9.862609912662043,0.10000000149011612
65.589,1.0,9.752902875012822,0.10000000149011612
65.648,1.0,9.835281676571402,0.10000000149011612
65.69,1.0,9.78006690657801,0.10000000149011612
65.739,1.0,9.945028100535273,0.10000000149011612
65.796,1.0,9.835241690940327,0.10000000149011612
65.845,1.0,9.835240075737238,0.10000000149011612
65.892,1.0,9.890156658262843,0.10000000149011612
65.945,1.0,9.78020941455745,0.10000000149011612
65.99,1.0,9.670420885148149,0.10000000149011612
66.039,1.0,9.945105688584347,0.11035723239183426
66.101,1.0,9.945000000008278,0.10000000149011612
66.145,1.0,9.807646258672078,0.10000000149011612
66.19,1.0,9.752691999760767,0.10000000149011612
66.24,1.0,9.862818213635022,0.10000000149011612
66.295,1.0,9.86262933831248,0.10000000149011612
66.344,1.0,9.78026050577561,0.10000000149011612
66.401,1.0,9.697839998681513,0.10000000149011612
66.445,1.0,9.752654452042448,0.10000000149011612
66.496,1.0,9.807775091814499,0.10000000149011612
66.547,1.0,9.835454536415636,0.10000000149011612
66.605,1.0,9.835121261763076,0.10000000149011612
66.652,1.0,9.643211438444753,0.10000000149011612
66.698,1.0,9.807760555131567,0.10000000149011612
66.748,1.0,9.670522161718043,0.10000000149011612
66.797,1.0,9.78021779321134,0.10000000149011612
66.851,1.0,9.9176261227164,0.10000000149011612
66.897,1.0,9.80769702994989,0.10000000149011612
66.947,1.0,9.807811655393905,0.10000000149011612
67.004,1.0,9.752925063172976,0.10000000149011612
67.053,1.0,9.752761280433171,0.10000000149011612
67.099,1.0,9.862827863544226,0.10000000149011612
67.155,1.0,9.835308197285567,0.10579105466604233
67.198,1.0,9.835308632026944,0.10000000149011612
67.259,1.0,9.780092411881519,0.10000000149011612
67.299,1.0,9.80768202715036,0.10000000149011612
67.348,1.0,9.75293353686316,0.10000000149011612
67.405,1.0,9.835252183303236,0.10000000149011612
67.45,1.0,9.862669819614126,0.10000000149011612
67.498,1.0,9.67059264536947,0.10000000149011612
67.55,1.0,9.78027569382555,0.10000000149011612
67.597,1.0,9.862569788346688,0.10000000149011612
67.651,1.0,9.752743570196133,0.10000000149011612
67.7,1.0,9.807699011390408,0.10000000149011612
67.75,1.0,9.752719202865329,0.10000000149011612
67.804,1.0,9.862718528902365,0.10000000149011612
67.853,1.0,9.835021491121086,0.10000000149011612
67.903,1.0,9.61532595993744,0.10000000149011612
67.958,1.0,9.807783792561127,0.10000000149011612
68.008,1.0,9.807638402117623,0.10000000149011612
68.055,1.0,9.753111337208086,0.10000000149011612
68.111,1.0,9.945008867440952,0.10000000149011612
68.154,1.0,9.890212891706161,0.10000000149011612
68.208,1.0,9.753005143275692,0.10000000149011612
68.255,1.0,9.697715748246345,0.10000000149011612
68.305,1.0,9.642941381782293,0.10000000149011612
68.353,1.0,9.835224629441898,0.10000000149011612
68.403,1.0,9.94513818876197,0.10000000149011612
68.453,1.0,9.945059349325795,0.10000000149011612
68.504,1.0,9.72537516227199,0.10000000149011612
68.558,1.0,9.780229305310382,0.10000000149011612
68.605,1.0,9.753197029088106,0.10000000149011612
68.653,1.0,9.807729432297249,0.10000000149011612
68.701,1.0,9.780231634092827,0.10000000149011612
68.743,1.0,9.752845258203646,0.10000000149011612
68.805,1.0,9.78027320160634,0.10000000149011612
68.853,1.0,9.752768561285404,0.10000000149011612
68.919,1.0,9.862538191489875,0.10000000149011612
68.957,1.0,9.862829377088282,0.10000000149011612
69.005,1.0,9.890161518380046,0.10000000149011612
69.058,1.0,9.752654585490625,0.10000000149011612
69.117,1.0,9.83518455069926,0.10000000149011612
69.16,1.0,9.972500000004139,0.10000000149011612
69.209,1.0,9.725430292222235,0.10000000149011612
69.259,1.0,9.807605796886815,0.10000000149011612
69.311,1.0,9.917500000012417,0.10000000149011612
69.358,1.0,9.862587264387145,0.10000000149011612
69.409,1.0,9.862639508603348,0.10000000149011612
69.458,1.0,9.835328499620987,0.10000000149011612
69.51,1.0,9.835216168645356,0.10000000149011612
69.563,1.0,9.780318544556698,0.10000000149011612
69.611,1.0,9.807771885581314,0.10000000149011612
69.663,1.0,9.835365959360368,0.10000000149011612
69.712,1.0,9.80776821370754,0.1003570705652237
69.765,1.0,9.752737078525954,0.10000000149011612
69.812,1.0,9.78016032350974,0.10000000149011612
69.864,1.0,9.752788724874456,0.10000000149011612
69.915,1.0,9.890000000016556,0.10000000149011612
69.965,1.0,9.780301846584512,0.10000000149011612
70.016,1.0,9.670354407135811,0.10000000149011612
70.064,1.0,9.807572544448906,0.10000000149011612
70.119,1.0,9.780225371921228,0.10000000149011612
70.165,1.0,9.862831087203489,0.10000000149011612
70.215,1.0,9.725289034160475,0.10000000149011612
70.263,1.0,9.890251628268096,0.10000000149011612
70.314,1.0,9.89010374593652,0.10000000149011612
70.366,1.0,9.83522166516632,0.10000000149011612
70.417,1.0,9.807802867868709,0.10000000149011612
70.463,1.0,9.835181797047456,0.10000000149011612
70.515,1.0,9.780198496662909,0.10000000149011612
70.565,1.0,9.780461485083732,0.10000000149011612
70.613,1.0,9.80760562883483,0.10000000149011612
70.662,1.0,9.725085486740701,0.10000000149011612
70.719,1.0,9.697791546024382,0.10000000149011612
70.763,1.0,9.807873506016202,0.10000000149011612
70.813,1.0,9.945034630244805,0.10000000149011612
70.867,1.0,9.80795881992413,0.10000000149011612
70.915,1.0,9.86261698251797,0.10000000149011612
70.965,1.0,9.89020156144268,0.10000000149011612
71.018,1.0,9.862567672568064,0.10000000149011612
71.065,1.0,9.752673662515978,0.10000000149011612
71.116,1.0,9.807955596513219,0.10000000149011612
71.169,1.0,9.917691708790759,0.10000000149011612
71.214,1.0,9.75270399854829,0.10000000149011612
71.264,1.0,9.780370799824595,0.10000000149011612
71.316,1.0,9.862671478692857,0.10000000149011612
71.365,1.0,9.835087792120046,0.10000000149011612
71.415,1.0,9.725335271159809,0.10000000149011612
71.473,1.0,9.862906254227791,0.10000000149011612
71.519,1.0,9.917500000012417,0.10000000149011612
71.569,1.0,9.83517629235155,0.10000000149011612
71.62,1.0,9.86275972970244,0.10000000149011612
71.67,1.0,9.808009217513932,0.10000000149011612
71.719,1.0,9.780287601219284,0.10000000149011612
71.771,1.0,9.780316658731964,0.10000000149011612
71.824,1.0,9.890076505040957,0.10000000149011612
71.871,1.0,9.9450826505613,0.10000000149011612
71.922,1.0,9.835252956383759,0.10000000149011612
71.973,1.0,9.890050005954173,0.10000000149011612
72.023,1.0,9.807828220807844,0.10000000149011612
72.072,1.0,9.752689378336072,0.10000000149011612
72.121,1.0,9.643167419069343,0.10000000149011612
72.172,1.0,9.86269460765438,0.10000000149011612
72.221,1.0,9.725594668856097,0.10000000149011612
72.272,1.0,9.67018409334123,0.10000000149011612
72.321,1.0,9.945000000008278,0.10000000149011612
72.376,1.0,9.91763409467207,0.10000000149011612
72.423,1.0,9.83540920726955,0.10000000149011612
72.47,1.0,9.725344213491512,0.10000000149011612
72.521,1.0,9.807755313420461,0.10000000149011612
72.573,1.0,9.725257291975948,0.10000000149011612
72.625,1.0,9.752994236205186,0.10000000149011612
72.677,1.0,9.752910025355716,0.10000000149011612
72.721,1.0,9.752844626787637,0.10000000149011612
72.772,1.0,9.75295612571968,0.10000000149011612
72.821,1.0,9.890303838956687,0.11573680490255356
72.872,1.0,9.86284744847152,0.1133299395442009
72.921,1.0,9.835232242527935,0.10000000149011612
72.972,1.0,9.752988697340092,0.10000000149011612
73.022,1.0,9.670597792354723,0.10000000149011612
73.075,1.0,9.752752963681187,0.10000000149011612
73.125,1.0,9.86260314186414,0.10000000149011612
73.172,1.0,9.75284386595918,0.10000000149011612
73.224,1.0,9.86305406310906,0.11933416873216629
73.272,1.0,9.780416902920438,0.10000000149011612
73.322,1.0,9.890135965165165,0.10000000149011612
73.371,1.0,9.83507352558275,0.10000000149011612
73.421,1.0,9.835111859109666,0.10000000149011612
73.473,1.0,9.8902206764453,0.10000000149011612
73.521,1.0,9.890131402615872,0.10000000149011612
73.573,1.0,9.752868343827625,0.10000000149011612
73.622,1.0,9.780419120585753,0.10000000149011612
73.672,1.0,9.725263500089447,0.10000000149011612
73.722,1.0,9.780156584290994,0.10000000149011612
73.772,1.0,9.83507145550102,0.10000000149011612
73.822,1.0,9.835170762075318,0.10000000149011612
73.876,1.0,9.890108712079625,0.10000000149011612
73.927,1.0,9.862708616463674,0.10000000149011612
73.977,1.0,9.78033704161644,0.10000000149011612
74.027,1.0,9.61526462967611,0.10000000149011612
74.076,1.0,9.86264696193652,0.10000000149011612
74.128,1.0,9.945000000008278,0.10000000149011612
74.175,1.0,9.753028553993337,0.10000000149011612
74.227,1.0,9.917500000012417,0.10000000149011612
74.276,1.0,9.780422452299131,0.10000000149011612
74.326,1.0,9.69802018356406,0.10000000149011612
74.38,1.0,9.725115945314368,0.10000000149011612
74.431,1.0,9.8351644958059,0.10000000149011612
74.477,1.0,9.86276602246281,0.10000000149011612
74.528,1.0,9.890105432168477,0.10000000149011612
74.582,1.0,9.67064380403608,0.10000000149011612
74.629,1.0,9.69817343145195,0.10000000149011612
74.674,1.0,9.807501910958026,0.10000000149011612
74.727,1.0,9.752980294057892,0.10000000149011612
74.778,1.0,9.862678070387078,0.10000000149011612
74.828,1.0,9.752896913968854,0.10000000149011612
74.877,1.0,9.862641687360075,0.10000000149011612
74.928,1.0,9.890025400908456,0.10000000149011612
74.981,1.0,9.862559078385432,0.10000000149011612
75.027,1.0,9.835129937384691,0.10000000149011612
75.085,1.0,9.8078374043314,0.10000000149011612
75.128,1.0,9.78036880971243,0.10000000149011612
75.178,1.0,9.835251163877547,0.10000000149011612
75.233,1.0,9.780170649497045,0.10000000149011612
75.287,1.0,9.917554165071083,0.10000000149011612
75.327,1.0,9.807656428135104,0.10000000149011612
75.378,1.0,9.83526396567209,0.10000000149011612
75.428,1.0,9.698006188724603,0.10000000149011612
75.478,1.0,9.642820850821833,0.10000000149011612
75.528,1.0,9.835246786206133,0.10000000149011612
75.585,1.0,9.835159214296274,0.10000000149011612
75.629,1.0,9.780407045409083,0.10000000149011612
75.68,1.0,9.642816742820044,0.10000000149011612
75.731,1.0,9.80781530946907,0.10000000149011612
75.78,1.0,9.725406731603046,0.10000000149011612
75.834,1.0,9.890054980831014,0.10000000149011612
75.884,1.0,9.807802205243044,0.10000000149011612
75.938,1.0,9.697857883800236,0.10000000149011612
75.98,1.0,9.835093439473875,0.10000000149011612
76.036,1.0,9.780452766993808,0.10000000149011612
76.082,1.0,9.670817599942287,0.10000000149011612
76.13,1.0,9.835193458302982,0.10000000149011612
76.18,1.0,9.67057317396005,0.10000000149011612
76.23,1.0,9.835263333552414,0.10000000149011612
76.28,1.0,9.697783605878552,0.10000000149011612
76.33,1.0,9.6703949737673,0.10000000149011612
76.382,1.0,9.862653518799279,0.10000000149011612
76.437,1.0,9.75272654261854,0.10000000149011612
76.482,1.0,9.945000000008278,0.10000000149011612
76.531,1.0,9.862637311654787,0.10000000149011612
76.58,1.0,9.890154054823022,0.10000000149011612
76.632,1.0,9.89010040482713,0.10000000149011612
76.68,1.0,9.670616640005674,0.10000000149011612
76.737,1.0,9.642799824310673,0.10000000149011612
76.784,1.0,9.72539713540011,0.10000000149011612
76.833,1.0,9.67042177863833,0.10000000149011612
76.884,1.0,9.780280293565657,0.10000000149011612
76.934,1.0,9.862676443801158,0.10000000149011612
76.986,1.0,9.78024952252292,0.10000000149011612
77.045,1.0,9.890120660658512,0.10000000149011612
77.089,1.0,9.862587526130179,0.10000000149011612
77.139,1.0,9.780494161219233,0.10000000149011612
77.198,1.0,9.725495003929568,0.10000000149011612
77.241,1.0,9.780253539275792,0.10000000149011612
77.291,1.0,9.862870878084665,0.10914044082164764
77.345,1.0,9.835109826135966,0.10000000149011612
77.395,1.0,9.670362651720643,0.10000000149011612
77.44,1.0,9.72537488500691,0.10000000149011612
77.497,1.0,9.890131256936325,0.10000000149011612
77.54,1.0,9.835086795460018,0.10000000149011612
77.596,1.0,9.752653310013313,0.10000000149011612
77.641,1.0,9.89004208482802,0.10000000149011612
77.691,1.0,9.835161719388433,0.10000000149011612
77.74,1.0,9.862794730895095,0.10000000149011612
77.791,1.0,9.835154151999289,0.10000000149011612
77.85,1.0,9.835176732846433,0.10000000149011612
77.891,1.0,9.835138253826234,0.10000000149011612
77.948,1.0,9.890133597018819,0.10000000149011612
77.993,1.0,9.862617658409807,0.10000000149011612
78.05,1.0,9.862850285797483,0.10000000149011612
78.095,1.0,9.780302858807975,0.10000000149011612
78.146,1.0,9.670325680118468,0.10000000149011612
78.192,1.0,9.807800217076307,0.10000000149011612
78.25,1.0,9.80751314525389,0.10000000149011612
78.294,1.0,9.890194009844627,0.10000000149011612
78.353,1.0,9.862768994230363,0.10000000149011612
78.397,1.0,9.780400254805055,0.10000000149011612
78.449,1.0,9.807821563051807,0.10000000149011612
78.5,1.0,9.89022499985165,0.10000000149011612
78.548,1.0,9.807716563364698,0.10000000149011612
78.599,1.0,9.780242653542922,0.10000000149011612
78.651,1.0,9.835266919268502,0.10000000149011612
78.702,1.0,9.83517920093404,0.10000000149011612
78.749,1.0,9.862707316213184,0.10000000149011612
78.806,1.0,9.807831030504572,0.10000000149011612
78.851,1.0,9.69798474179374,0.10000000149011612
78.91,1.0,9.807610643116965,0.10000000149011612
78.956,1.0,9.697855229448113,0.10000000149011612
79.008,1.0,9.807552362771498,0.10000000149011612
79.056,1.0,9.807879978232085,0.10000000149011612
79.107,1.0,9.67060969306363,0.10000000149011612
79.162,1.0,9.80757389165875,0.10000000149011612
79.205,1.0,9.835279280361203,0.10000000149011612
79.26,1.0,9.808061072789133,0.11074492335319519
79.306,1.0,9.780341287929978,0.10000000149011612
79.354,1.0,9.862660053641433,0.10000000149011612
79.404,1.0,9.835239502684109,0.10000000149011612
79.463,1.0,9.890045599494544,0.10000000149011612
79.509,1.0,9.917537488953934,0.10000000149011612
79.556,1.0,9.752711806073785,0.10000000149011612
79.608,1.0,9.890000000016556,0.10000000149011612
79.66,1.0,9.698212504925,0.10000000149011612
79.712,1.0,9.807916160072718,0.10000000149011612
79.759,1.0,9.670600924785766,0.10000000149011612
79.816,1.0,9.697686495611237,0.10000000149011612
79.859,1.0,9.807686516373522,0.10000000149011612
79.911,1.0,9.8901674794861,0.10000000149011612
79.96,1.0,9.862656073913806,0.10000000149011612
80.014,1.0,9.89013730533835,0.10000000149011612
80.068,1.0,9.862661925413542,0.10000000149011612
80.111,1.0,9.80762735725277,0.10000000149011612
80.159,1.0,9.69798161074933,0.10000000149011612
80.212,1.0,9.862514336345097,0.10000000149011612
80.261,1.0,9.862628326151107,0.10000000149011612
80.311,1.0,9.835148399219745,0.10000000149011612
80.36,1.0,9.69803539816704,0.10000000149011612
80.414,1.0,9.890026902510888,0.10000000149011612
80.46,1.0,9.945000000008278,0.10000000149011612
80.51,1.0,9.89013645535128,0.10000000149011612
80.572,1.0,9.835137762729492,0.10000000149011612
80.614,1.0,9.780179207151134,0.10000000149011612
80.662,1.0,9.862589989147253,0.10000000149011612
80.706,1.0,9.862654488223294,0.10000000149011612
80.761,1.0,9.64280879398187,0.10000000149011612
80.811,1.0,9.835104812412625,0.10000000149011612
80.865,1.0,9.780084873508248,0.10000000149011612
80.91,1.0,9.917597113466925,0.10000000149011612
80.963,1.0,9.807597005698415,0.10000000149011612
81.062,1.0,9.835110424086452,0.10000000149011612
81.12,1.0,9.697673241814805,0.10000000149011612
81.163,1.0,9.752995464681751,0.10000000149011612
81.221,1.0,9.86276610681994,0.10000000149011612
81.267,1.0,9.780158871060443,0.10000000149011612
81.321,1.0,9.752635646549363,0.10000000149011612
81.367,1.0,9.835022564832535,0.10000000149011612
81.418,1.0,9.917500000012417,0.10000000149011612
81.466,1.0,9.807672820302347,0.10000000149011612
81.519,1.0,9.890253928427894,0.10165725648403168
81.567,1.0,9.972500000004139,0.10000000149011612
81.621,1.0,9.780114351751076,0.10000000149011612
81.665,1.0,9.917578649624355,0.10000000149011612
81.718,1.0,9.862773277693325,0.10676369816064835
81.772,1.0,9.725365780397421,0.10000000149011612
81.817,1.0,9.890166951612466,0.10000000149011612
81.866,1.0,9.890154356157614,0.10000000149011612
81.928,1.0,9.698164458655649,0.10000000149011612
81.97,1.0,9.725324469432234,0.10000000149011612
82.02,1.0,9.588094104267658,0.10000000149011612
82.077,1.0,9.752947940263484,0.10000000149011612
82.122,1.0,9.780217647469707,0.10000000149011612
82.172,1.0,9.862600172642205,0.10000000149011612
82.227,1.0,9.807635609246791,0.10000000149011612
82.272,1.0,9.780425207337572,0.10000000149011612
82.326,1.0,9.917580699506733,0.10000000149011612
82.371,1.0,9.835185157404178,0.10000000149011612
82.424,1.0,9.725414748655425,0.10000000149011612
82.474,1.0,9.780285311345425,0.10000000149011612
82.523,1.0,9.972500000004139,0.10000000149011612
82.577,1.0,9.862592652315895,0.10000000149011612
82.622,1.0,9.890287756837077,0.11218155175447464
82.673,1.0,9.752720376538734,0.10000000149011612
82.725,1.0,9.725331430882216,0.10000000149011612
82.773,1.0,9.945064979398417,0.10000000149011612
82.823,1.0,9.752714034314785,0.10000000149011612
82.873,1.0,9.917615595211585,0.10000000149011612
82.926,1.0,9.862571099483304,0.10000000149011612
82.969,1.0,9.862740781530738,0.10000000149011612
83.029,1.0,9.780415017551018,0.10000000149011612
83.078,1.0,9.697979892955885,0.10000000149011612
83.124,1.0,9.752623946799172,0.10000000149011612
83.174,1.0,9.890067052385874,0.10000000149011612
83.224,1.0,9.780311412405636,0.10000000149011612
83.276,1.0,9.917595194652677,0.10000000149011612
83.323,1.0,9.890005400176678,0.10000000149011612
83.386,1.0,9.533239575475454,0.10000000149011612
83.426,1.0,9.725553099252284,0.10000000149011612
83.486,1.0,9.780204862894283,0.10000000149011612
83.527,1.0,9.94500798655467,0.10000000149011612
83.576,1.0,9.807726779994038,0.10000000149011612
83.627,1.0,9.615331789499356,0.10000000149011612
83.678,1.0,9.835071099777188,0.10000000149011612
83.74,1.0,9.862836104176111,0.10000000149011612
83.784,1.0,9.835155228546096,0.10000000149011612
83.834,1.0,9.86277154971742,0.10000000149011612
83.885,1.0,9.862585337460041,0.10000000149011612
83.933,1.0,9.945064629717834,0.10000000149011612
83.985,1.0,9.752932276969982,0.10000000149011612
84.034,1.0,9.862567523308098,0.10000000149011612
84.091,1.0,9.780326802531878,0.10000000149011612
84.134,1.0,9.917680959672564,0.10000000149011612
84.187,1.0,9.862740950948663,0.10000000149011612
84.237,1.0,9.780304720542498,0.10000000149011612
84.285,1.0,9.780451418521503,0.10000000149011612
84.334,1.0,9.835056603948276,0.10000000149011612
84.382,1.0,9.835000000024836,0.10000000149011612
84.434,1.0,9.835126807664832,0.10000000149011612
84.483,1.0,9.890074329512816,0.10000000149011612
84.537,1.0,9.75275741532031,0.10000000149011612
84.587,1.0,9.588027930797802,0.10000000149011612
84.637,1.0,9.69780875340932,0.10000000149011612
84.685,1.0,9.725357411222326,0.10000000149011612
84.73,1.0,9.835324367570381,0.10000000149011612
84.785,1.0,9.835079126411841,0.10000000149011612
84.838,1.0,9.807716495316061,0.10000000149011612
84.886,1.0,9.808079416097867,0.10000000149011612
84.935,1.0,9.862736001962588,0.10000000149011612
84.994,1.0,9.94508556270351,0.10000000149011612
85.035,1.0,9.725234887707565,0.10000000149011612
85.086,1.0,9.890276815680165,0.10000000149011612
85.139,1.0,9.698058028912378,0.10000000149011612
85.186,1.0,9.752893468820387,0.10000000149011612
85.238,1.0,9.725569655456477,0.10000000149011612
85.292,1.0,9.835200173821715,0.10000000149011612
85.339,1.0,9.835153787458937,0.10000000149011612
85.393,1.0,9.917608038336038,0.10000000149011612
85.438,1.0,9.862548641301691,0.10000000149011612
85.489,1.0,9.83536453427126,0.10000000149011612
85.536,1.0,9.670630427863863,0.10000000149011612
85.588,1.0,9.890151157644059,0.10000000149011612
85.64,1.0,9.752825992616515,0.10000000149011612
85.689,1.0,9.67057784969608,0.10000000149011612
85.738,1.0,9.862917308737007,0.10000000149011612
85.788,1.0,9.917500000012417,0.10000000149011612
85.838,1.0,9.725216827127669,0.10000000149011612
85.888,1.0,9.725245812555983,0.10000000149011612
85.941,1.0,9.670450552863379,0.10000000149011612
85.988,1.0,9.91756304576993,0.10000000149011612
86.038,1.0,9.835117344723807,0.10000000149011612
86.087,1.0,9.835223835251398,0.10000000149011612
86.137,1.0,9.697766890894208,0.10000000149011612
86.188,1.0,9.752506917073495,0.10000000149011612
86.237,1.0,9.945108687774175,0.10000000149011612
86.287,1.0,9.780286182442474,0.10000000149011612
86.337,1.0,9.780470928135845,0.10000000149011612
86.389,1.0,9.862843050393794,0.10000000149011612
86.438,1.0,9.835275565832854,0.10000000149011612
86.489,1.0,9.72554508689791,0.10000000149011612
86.538,1.0,9.780121839625968,0.10000000149011612
86.586,1.0,9.862789679380755,0.10000000149011612
86.642,1.0,9.752698713727295,0.10000000149011612
86.687,1.0,9.835397701751855,0.10000000149011612
86.737,1.0,9.83526384335839,0.10000000149011612
86.787,1.0,9.917626793806752,0.10000000149011612
86.847,1.0,9.697986629957127,0.10000000149011612
86.891,1.0,9.588305094569094,0.10000000149011612
86.944,1.0,9.698014027190705,0.10000000149011612
86.989,1.0,9.725709115362001,0.10000000149011612
87.04,1.0,9.780306115456753,0.10000000149011612
87.097,1.0,9.780302189538876,0.10000000149011612
87.141,1.0,9.89000015395383,0.10000000149011612
87.193,1.0,9.780245210002693,0.10000000149011612
87.246,1.0,9.917645644003318,0.10237833112478256
87.29,1.0,9.725593495803574,0.10000000149011612
87.344,1.0,9.698089257503549,0.10000000149011612
87.394,1.0,9.725427217615975,0.10000000149011612
87.44,1.0,9.752611407637596,0.10000000149011612
87.49,1.0,9.752723147740795,0.10000000149011612
87.542,1.0,9.835152541866734,0.10000000149011612
87.59,1.0,9.862500000020695,0.10000000149011612
87.639,1.0,9.69777925055888,0.10000000149011612
87.69,1.0,9.917500000012417,0.10000000149011612
87.742,1.0,9.588254317641258,0.10000000149011612
87.791,1.0,9.697825004926159,0.10000000149011612
87.843,1.0,9.725310298034714,0.10000000149011612
87.891,1.0,9.86276135481894,0.10000000149011612
87.943,1.0,9.890104287614426,0.10000000149011612
87.995,1.0,9.780457979419992,0.10000000149011612
88.043,1.0,9.807646630890668,0.10000000149011612
88.091,1.0,9.835101154922611,0.10000000149011612
88.14,1.0,9.725185746513308,0.10000000149011612
88.194,1.0,9.807818621728156,0.10000000149011612
88.239,1.0,9.697688733413816,0.10000000149011612
88.292,1.0,9.862599700979061,0.10000000149011612
88.343,1.0,9.78026023051805,0.10000000149011612
88.39,1.0,9.807724363998407,0.10000000149011612
88.443,1.0,9.780315257008706,0.10000000149011612
88.49,1.0,9.807564068213106,0.10000000149011612
88.544,1.0,9.835244959510035,0.10000000149011612
88.598,1.0,9.890006042044195,0.10000000149011612
88.643,1.0,9.835215286124084,0.10000000149011612
88.699,1.0,9.780255651701655,0.10000000149011612
88.743,1.0,9.862695762991077,0.10000000149011612
88.797,1.0,9.89017736831059,0.10000000149011612
88.852,1.0,9.725218713925116,0.10000000149011612
88.897,1.0,9.807555575544635,0.10000000149011612
88.949,1.0,9.78032518285844,0.10000000149011612
88.998,1.0,9.890169445342488,0.10000000149011612
89.048,1.0,9.890000000016556,0.10000000149011612
89.099,1.0,9.780380075197254,0.10000000149011612
89.148,1.0,9.725296418741346,0.10000000149011612
89.21,1.0,9.83519006607433,0.10000000149011612
89.252,1.0,9.835198723442025,0.10000000149011612
89.303,1.0,9.972500000004139,0.10000000149011612
89.349,1.0,9.835407588423955,0.10000000149011612
89.406,1.0,9.862761815699438,0.10000000149011612
89.453,1.0,9.643011072671248,0.10000000149011612
89.504,1.0,9.80775945900629,0.10000000149011612
89.552,1.0,9.89013928162555,0.10000000149011612
89.607,1.0,9.780121196744343,0.10000000149011612
89.654,1.0,9.80776475659675,0.10000000149011612
89.701,1.0,9.890118361533515,0.10000000149011612
89.754,1.0,9.890092424551646,0.10000000149011612
89.804,1.0,9.917739459561805,0.10000000149011612
89.854,1.0,9.835149732107917,0.10000000149011612
89.902,1.0,9.670184016786516,0.10000000149011612
89.952,1.0,9.862779481191602,0.10000000149011612
90.005,1.0,9.807709751423035,0.10000000149011612
90.051,1.0,9.72536047221058,0.10000000149011612
90.116,1.0,9.807679311889741,0.10000000149011612
90.152,1.0,9.890053733479645,0.10000000149011612
90.204,1.0,9.670336035866704,0.10000000149011612
90.256,1.0,9.890219154871172,0.10000000149011612
90.303,1.0,9.890308579905993,0.10000000149011612
90.354,1.0,9.835262318617767,0.10000000149011612
90.413,1.0,9.69810967074914,0.10000000149011612
90.459,1.0,9.8351243612253,0.10000000149011612
90.502,1.0,9.752861339205669,0.10000000149011612
90.557,1.0,9.835391810101767,0.10000000149011612
90.605,1.0,9.7801433428915,0.10000000149011612
90.653,1.0,9.697867709977759,0.10000000149011612
90.705,1.0,9.807702517054148,0.10000000149011612
90.753,1.0,9.890093047378791,0.10000000149011612
90.814,1.0,9.697927350902724,0.10000000149011612
90.852,1.0,9.807737774650256,0.10000000149011612
90.91,1.0,9.945001420730518,0.10000000149011612
90.958,1.0,9.808092909885778,0.10000000149011612
91.01,1.0,9.780434029363096,0.10000000149011612
91.059,1.0,9.642689025050236,0.10000000149011612
91.12,1.0,9.807544559385214,0.10000000149011612
91.166,1.0,9.752839466287858,0.10000000149011612
91.219,1.0,9.890067382198241,0.10000000149011612
91.27,1.0,9.972500000004139,0.10000000149011612
91.316,1.0,9.752836547026204,0.10000000149011612
91.367,1.0,9.835084128069381,0.10000000149011612
91.419,1.0,9.917613745956785,0.10000000149011612
91.467,1.0,9.78034855381896,0.10000000149011612
91.518,1.0,9.698006311700576,0.10000000149011612
91.571,1.0,9.862576129204697,0.10000000149011612
91.624,1.0,9.697731339993576,0.10000000149011612
91.666,1.0,9.8079430680722,0.10000000149011612
91.723,1.0,9.972500000004139,0.10000000149011612
91.768,1.0,9.890192735443513,0.10000000149011612
91.817,1.0,9.697956932025651,0.10000000149011612
91.868,1.0,9.917507355639504,0.10000000149011612
91.916,1.0,9.7803905274719,0.10000000149011612
91.975,1.0,9.835143307472269,0.10000000149011612
92.018,1.0,9.697869671674239,0.10000000149011612
92.073,1.0,9.890109696177145,0.10000000149011612
92.116,1.0,9.807617202483945,0.10000000149011612
92.174,1.0,9.752784293662343,0.10000000149011612
92.22,1.0,9.8626828039065,0.10000000149011612
92.265,1.0,9.890121368422276,0.10000000149011612
92.316,1.0,9.862564657214616,0.10000000149011612
92.366,1.0,9.807650992294981,0.10000000149011612
92.416,1.0,9.835159102434085,0.10000000149011612
92.468,1.0,9.72551042046398,0.10000000149011612
92.516,1.0,9.945014175006913,0.10000000149011612
92.565,1.0,9.697858279529544,0.10000000149011612
92.619,1.0,9.807760193012655,0.10000000149011612
92.666,1.0,9.862692274070449,0.10000000149011612
92.722,1.0,9.725279880335762,0.10000000149011612
92.771,1.0,9.807697077488733,0.10000000149011612
92.829,1.0,9.862787839521964,0.10000000149011612
92.874,1.0,9.862500000020695,0.10000000149011612
92.925,1.0,9.725277708077597,0.10000000149011612
92.973,1.0,9.698013542344173,0.10000000149011612
93.026,1.0,9.835110302228067,0.10000000149011612
93.081,1.0,9.807828071133958,0.10000000149011612
93.123,1.0,9.753039640333089,0.10000000149011612
93.174,1.0,9.862649326254097,0.10000000149011612
93.223,1.0,9.807880771843095,0.10000000149011612
93.277,1.0,9.780273288446995,0.10000000149011612
93.324,1.0,9.670711010342671,0.10000000149011612
93.376,1.0,9.862806983292103,0.10000000149011612
93.431,1.0,9.8625590706865,0.10000000149011612
93.48,1.0,9.670580702192254,0.10000000149011612
93.529,1.0,9.807896205327577,0.10000000149011612
93.577,1.0,9.725355618281498,0.10000000149011612
93.647,1.0,9.807713297816614,0.10000000149011612
93.696,1.0,9.752899968851771,0.10000000149011612
93.738,1.0,9.780295354024403,0.10000000149011612
93.788,1.0,9.725415148834388,0.10000000149011612
93.855,1.0,9.945183363929392,0.12714828550815582
93.889,1.0,9.780269919460018,0.10000000149011612
93.941,1.0,9.917641671146784,0.10000000149011612
93.99,1.0,9.890133783697253,0.10000000149011612
94.041,1.0,9.890148628027076,0.10000000149011612
94.091,1.0,9.780323816856576,0.10000000149011612
94.141,1.0,9.808045947137806,0.1186305433511734
94.191,1.0,9.890179811625018,0.10000000149011612
94.246,1.0,9.835000000024836,0.10000000149011612
94.293,1.0,9.807502545995845,0.10000000149011612
94.342,1.0,9.835167374586065,0.10000000149011612
94.392,1.0,9.697749595861469,0.10000000149011612
94.446,1.0,9.752731062430474,0.10000000149011612
94.491,1.0,9.752909837373428,0.10000000149011612
94.541,1.0,9.725153771229088,0.10000000149011612
94.591,1.0,9.78030025098059,0.10000000149011612
94.641,1.0,9.75251662219978,0.10000000149011612
94.703,1.0,9.89009837978002,0.10000000149011612
94.745,1.0,9.83531995881349,0.10000000149011612
94.803,1.0,9.807757238236567,0.10000000149011612
94.847,1.0,9.752991715114977,0.10000000149011612
94.907,1.0,9.807987184201677,0.10000000149011612
94.946,1.0,9.835258986366291,0.10000000149011612
94.995,1.0,9.835421590548423,0.10000000149011612
95.048,1.0,9.78017758048243,0.10000000149011612
95.095,1.0,9.780267661396,0.10000000149011612
95.153,1.0,9.890219607535336,0.10000000149011612
95.198,1.0,9.890244366207884,0.10000000149011612
95.252,1.0,9.780215996296869,0.10000000149011612
95.299,1.0,9.862710985769,0.10000000149011612
95.352,1.0,9.86290032522132,0.10000000149011612
95.4,1.0,9.807586152272092,0.10000000149011612
95.448,1.0,9.890070216481885,0.10000000149011612
95.508,1.0,9.807844007863766,0.10000000149011612
95.549,1.0,9.807509115648767,0.10000000149011612
95.602,1.0,9.862617491164968,0.10000000149011612
95.657,1.0,9.780497444317573,0.10000000149011612
95.703,1.0,9.945042453499305,0.10687065124511719
95.749,1.0,9.75305143451939,0.10000000149011612
95.799,1.0,9.835366532951593,0.10000000149011612
95.856,1.0,9.64291464926468,0.10000000149011612
95.902,1.0,9.890041586466962,0.10000000149011612
95.956,1.0,9.780237823476394,0.10000000149011612
96.003,1.0,9.670298120917545,0.10000000149011612
96.053,1.0,9.94512745162679,0.1013088971376419
96.101,1.0,9.862599675233165,0.10000000149011612
96.151,1.0,9.67037375803209,0.10000000149011612
96.201,1.0,9.807634133141901,0.10000000149011612
96.262,1.0,9.890100172224145,0.10000000149011612
96.304,1.0,9.67016528064592,0.10000000149011612
96.357,1.0,9.780332598897319,0.10000000149011612
96.416,1.0,9.890145190722412,0.10000000149011612
96.461,1.0,9.807802647911013,0.10000000149011612
96.522,1.0,9.780217984918918,0.10000000149011612
96.563,1.0,9.862640023914476,0.10000000149011612
96.612,1.0,9.752924157658384,0.10000000149011612
96.668,1.0,9.75291912721263,0.10000000149011612
96.712,1.0,9.670567305220498,0.10000000149011612
96.76,1.0,9.780304164460135,0.10000000149011612
96.815,1.0,9.835066351191037,0.10000000149011612
96.862,1.0,9.697832238446507,0.10000000149011612
96.912,1.0,9.780220491521888,0.10000000149011612
96.961,1.0,9.807870808678368,0.10000000149011612
97.013,1.0,9.725348833017051,0.10000000149011612
97.066,1.0,9.862680302436154,0.10000000149011612
97.116,1.0,9.807565880235698,0.10000000149011612
97.165,1.0,9.67025305069983,0.10000000149011612
97.224,1.0,9.890137242318856,0.10000000149011612
97.27,1.0,9.862589855657683,0.10000000149011612
97.315,1.0,9.83524089337637,0.10000000149011612
97.365,1.0,9.807623764293062,0.10000000149011612
97.432,1.0,9.698119361926285,0.10000000149011612
97.471,1.0,9.835293941158387,0.10000000149011612
97.526,1.0,9.91756962392893,0.10000000149011612
97.575,1.0,9.725251832832065,0.10000000149011612
97.622,1.0,9.807858730811212,0.10000000149011612
97.671,1.0,9.86278919801116,0.10000000149011612
97.736,1.0,9.780379046147896,0.10000000149011612
97.786,1.0,9.807786744543249,0.10000000149011612
97.835,1.0,9.835118418662912,0.10000000149011612
97.885,1.0,9.917578328483634,0.10000000149011612
97.942,1.0,9.725648572668433,0.10000000149011612
97.986,1.0,9.83508099981894,0.10000000149011612
98.036,1.0,9.780211916731464,0.10000000149011612
98.094,1.0,9.890201853443351,0.11055443435907364
98.139,1.0,9.697851027341352,0.10000000149011612
98.185,1.0,9.752695321498646,0.10000000149011612
98.236,1.0,9.890101762219436,0.10000000149011612
98.291,1.0,9.862618068315916,0.10000000149011612
98.335,1.0,9.862830046274595,0.10975305736064911
98.384,1.0,9.972632707945175,0.1477748602628708
98.439,1.0,9.835193103489777,0.10000000149011612
98.486,1.0,9.61558753579027,0.10000000149011612
98.535,1.0,9.807800512367653,0.10000000149011612
98.587,1.0,9.862616121893128,0.10000000149011612
98.635,1.0,9.862698117747074,0.10000000149011612
98.685,1.0,9.83518831115216,0.10000000149011612
98.738,1.0,9.80770958726191,0.10000000149011612
98.785,1.0,9.780183190562658,0.10000000149011612
98.839,1.0,9.917631691176858,0.10000000149011612
98.894,1.0,9.753058008808228,0.10000000149011612
98.937,1.0,9.78015279525684,0.10000000149011612
98.988,1.0,9.67048970769263,0.10000000149011612
99.038,1.0,9.807807504199445,0.10000000149011612
99.089,1.0,9.807636581982175,0.10000000149011612
99.143,1.0,9.780309833689696,0.10000000149011612
99.188,1.0,9.75299352283279,0.10000000149011612
99.239,1.0,9.835028142357865,0.10000000149011612
99.291,1.0,9.697682193604608,0.10000000149011612
99.339,1.0,9.725379973691371,0.10000000149011612
99.391,1.0,9.945000000008278,0.10000000149011612
99.439,1.0,9.807766840027439,0.10000000149011612
99.5,1.0,9.69795590047207,0.10000000149011612
99.539,1.0,9.753043869054979,0.10000000149011612
99.595,1.0,9.780416844040156,0.10000000149011612
99.645,1.0,9.807706690931486,0.10000000149011612
99.693,1.0,9.8627464827771,0.11084387451410294
99.748,1.0,9.80762270660036,0.10000000149011612
99.793,1.0,9.890090857922203,0.10000000149011612
99.843,1.0,9.890000000016556,0.10000000149011612
99.893,1.0,9.862722835896744,0.10000000149011612
99.948,1.0,9.807584842811856,0.10000000149011612
99.995,1.0,9.835020648191373,0.10000000149011612
100.043,1.0,9.890123499453896,0.10321522504091263
100.096,1.0,9.725054645828076,0.10000000149011612
100.143,1.0,9.807692452126908,0.10000000149011612
100.197,1.0,9.807639140035544,0.10000000149011612
100.246,1.0,9.917500000012417,0.10000000149011612
100.299,1.0,9.780313781793748,0.10000000149011612
100.349,1.0,9.917666661346125,0.10000000149011612
100.395,1.0,9.917500000012417,0.10000000149011612
100.458,1.0,9.807843946789701,0.10000000149011612
100.5,1.0,9.835173613681562,0.10000000149011612
100.548,1.0,9.862500000020695,0.10000000149011612
100.606,1.0,9.807852763061723,0.10000000149011612
100.654,1.0,9.725396150888669,0.10000000149011612
100.715,1.0,9.780253524995512,0.10000000149011612
100.755,1.0,9.643111631419096,0.10000000149011612
100.805,1.0,9.83522619402243,0.10000000149011612
100.854,1.0,9.725283928215504,0.10000000149011612
100.906,1.0,9.752657559617527,0.10000000149011612
100.954,1.0,9.945157265621756,0.12084710597991943
101.009,1.0,9.753176105125911,0.10000000149011612
101.054,1.0,9.725066574042042,0.10000000149011612
101.105,1.0,9.86258490950697,0.10000000149011612
101.154,1.0,9.780072786679698,0.10000000149011612
101.204,1.0,9.835068670370513,0.10000000149011612
101.254,1.0,9.725392260505922,0.10000000149011612
101.307,1.0,9.697846706853145,0.10000000149011612
101.357,1.0,9.752674250097739,0.10000000149011612
101.407,1.0,9.780094358904494,0.10000000149011612
101.458,1.0,9.780168046678106,0.10000000149011612
101.51,1.0,9.890219631170233,0.10000000149011612
101.561,1.0,9.69786537486232,0.10000000149011612
101.61,1.0,9.807692016536992,0.10000000149011612
101.657,1.0,9.917500000012417,0.10000000149011612
101.711,1.0,9.725274064122802,0.10000000149011612
101.767,1.0,9.835199599092205,0.10000000149011612
101.811,1.0,9.80753415475289,0.10000000149011612
101.869,1.0,9.807677183838354,0.10000000149011612
101.915,1.0,9.807937889111539,0.10000000149011612
101.969,1.0,9.890119504224923,0.10000000149011612
102.013,1.0,9.890118826304873,0.10000000149011612
102.065,1.0,9.780426227466927,0.10000000149011612
102.113,1.0,9.670256469150385,0.10000000149011612
102.167,1.0,9.752500000037253,0.10000000149011612
102.218,1.0,9.835141966471241,0.10000000149011612
102.264,1.0,9.72531775838385,0.10000000149011612
102.313,1.0,9.807610663440492,0.10000000149011612
102.364,1.0,9.91756059229374,0.10000000149011612
102.415,1.0,9.807634922158387,0.10000000149011612
102.469,1.0,9.807741079520849,0.10000000149011612
102.522,1.0,9.697988281626667,0.10000000149011612
102.567,1.0,9.89009159528133,0.10000000149011612
102.617,1.0,9.890088518750336,0.10000000149011612
102.665,1.0,9.835230092248983,0.10000000149011612
102.728,1.0,9.780199432849056,0.10000000149011612
102.767,1.0,9.697984163814949,0.10000000149011612
102.814,1.0,9.835244901974995,0.10000000149011612
102.866,1.0,9.780196320824325,0.10000000149011612
102.915,1.0,9.890110679115686,0.10000000149011612
102.967,1.0,9.89013476982299,0.10000000149011612
103.015,1.0,9.890208873752918,0.106585793197155
103.066,1.0,9.862567796475357,0.10000000149011612
103.115,1.0,9.780353258777824,0.10000000149011612
103.166,1.0,9.670589868269033,0.10000000149011612
103.223,1.0,9.807721899139384,0.10000000149011612
103.265,1.0,9.83510477853318,0.10000000149011612
103.316,1.0,9.807753758815428,0.10000000149011612
103.365,1.0,9.725215816539194,0.10000000149011612
103.418,1.0,9.835099183250632,0.10000000149011612
103.466,1.0,9.78023791451835,0.10000000149011612
103.517,1.0,9.807669796918828,0.10000000149011612
103.567,1.0,9.890139599889517,0.10000000149011612
103.62,1.0,9.697765834815801,0.10000000149011612
103.666,1.0,9.587842650442488,0.10000000149011612
103.716,1.0,9.752725159728692,0.10000000149011612
103.757,1.0,9.862664189189672,0.10000000149011612
103.816,1.0,9.780266524727146,0.10000000149011612
103.868,1.0,9.752665212502082,0.10000000149011612
103.919,1.0,9.725555931031703,0.10000000149011612
103.97,1.0,9.752710876882905,0.10000000149011612
104.017,1.0,9.917633562700615,0.10406185686588287
104.075,1.0,9.780125526049071,0.10000000149011612
104.117,1.0,9.917657367202143,0.10000000149011612
104.167,1.0,9.780403750907215,0.10000000149011612
104.217,1.0,9.697876530761521,0.10000000149011612
104.266,1.0,9.69796271458682,0.10000000149011612
104.317,1.0,9.835119955386553,0.10000000149011612
104.369,1.0,9.807725962251425,0.10000000149011612
104.418,1.0,9.862583566726082,0.10000000149011612
104.47,1.0,9.80766736364199,0.10000000149011612
104.516,1.0,9.835129834918511,0.10000000149011612
104.576,1.0,9.780310661573377,0.10000000149011612
104.62,1.0,9.807920448916654,0.10000000149011612
104.671,1.0,9.807514372426603,0.10000000149011612
104.719,1.0,9.835232198714381,0.10000000149011612
104.77,1.0,9.752706628168623,0.10000000149011612
104.822,1.0,9.917519621157812,0.10000000149011612
104.869,1.0,9.752754998496837,0.10000000149011612
104.912,1.0,9.917668440772427,0.10000000149011612
104.967,1.0,9.862643649946484,0.10000000149011612
105.021,1.0,9.835071873995993,0.10000000149011612
105.09,1.0,9.725349654754003,0.10000000149011612
105.121,1.0,9.69804296926078,0.10000000149011612
105.176,1.0,9.780200063644184,0.10000000149011612
105.218,1.0,9.67045122405721,0.10000000149011612
105.273,1.0,9.752846211091512,0.10000000149011612
105.333,1.0,9.725617124740449,0.10000000149011612
105.372,1.0,9.89020291328844,0.10000000149011612
105.427,1.0,9.94510870470355,0.10000000149011612
105.475,1.0,9.890243412740528,0.10000000149011612
105.525,1.0,9.780278753240903,0.10000000149011612
105.583,1.0,9.80789203422351,0.10000000149011612
105.63,1.0,9.917870655366116,0.1420016884803772
105.678,1.0,9.890315690657332,0.11413337290287018
105.73,1.0,9.945077706273231,0.10000000149011612
105.78,1.0,9.753045263617404,0.10000000149011612
105.828,1.0,9.780123063735664,0.10000000149011612
105.883,1.0,9.862637347231308,0.10000000149011612
105.933,1.0,9.807740974550446,0.10000000149011612
105.978,1.0,9.862722776892285,0.10000000149011612
106.028,1.0,9.752744320676559,0.10000000149011612
106.082,1.0,9.89012773188038,0.10000000149011612
106.128,1.0,9.780000000033114,0.10000000149011612
106.178,1.0,9.725231147681674,0.10000000149011612
106.236,1.0,9.725271655391488,0.10000000149011612
106.273,1.0,9.862648291099402,0.10000000149011612
106.334,1.0,9.890211173105572,0.10000000149011612
106.381,1.0,9.670201159972283,0.10000000149011612
106.433,1.0,9.86276802064644,0.10000000149011612
106.484,1.0,9.697845031859146,0.10000000149011612
106.535,1.0,9.752627127824558,0.10000000149011612
106.584,1.0,9.890063706744048,0.10000000149011612
106.63,1.0,9.752928060293197,0.10000000149011612
106.684,1.0,9.697833134503,0.10000000149011612
106.739,1.0,9.862548743333253,0.10000000149011612
106.788,1.0,9.807784091826115,0.10000000149011612
106.836,1.0,9.835098745446238,0.10000000149011612
106.884,1.0,9.807550695662696,0.10000000149011612
106.938,1.0,9.807801064890292,0.10000000149011612
106.984,1.0,9.78025120107664,0.10000000149011612
107.034,1.0,9.835000000024836,0.10000000149011612
107.087,1.0,9.725173684416546,0.10000000149011612
107.136,1.0,9.752655392202238,0.10000000149011612
107.187,1.0,9.807626640444829,0.10000000149011612
107.241,1.0,9.890054428618814,0.10000000149011612
107.287,1.0,9.72541928521047,0.10000000149011612
107.337,1.0,9.61541500174337,0.10000000149011612
107.388,1.0,9.752831639390852,0.10000000149011612
107.437,1.0,9.697761060876978,0.10000000149011612
107.493,1.0,9.86268992724104,0.10000000149011612
107.546,1.0,9.780353560588425,0.10000000149011612
107.589,1.0,9.752705531794991,0.10000000149011612
107.634,1.0,9.835274005329444,0.10000000149011612
107.692,1.0,9.807861152539651,0.10000000149011612
107.743,1.0,9.752979209625886,0.10000000149011612
107.792,1.0,9.780196698382497,0.10000000149011612
107.841,1.0,9.80772814400908,0.10000000149011612
107.89,1.0,9.83524322733283,0.10000000149011612
107.946,1.0,9.670678056362602,0.10000000149011612
107.992,1.0,9.91762796561751,0.10000000149011612
108.045,1.0,9.725190502446559,0.10000000149011612
108.099,1.0,9.8075487996762,0.10000000149011612
108.142,1.0,9.835204282775521,0.10000000149011612
108.195,1.0,9.890303109068837,0.10000000149011612
108.245,1.0,9.80766748264432,0.10000000149011612
108.293,1.0,9.835201534732349,0.10000000149011612
108.345,1.0,9.835321409275963,0.10000000149011612
108.394,1.0,9.780221351546546,0.10000000149011612
108.449,1.0,9.862782912411623,0.10000000149011612
108.492,1.0,9.835209048601488,0.10000000149011612
108.544,1.0,9.725290197092626,0.10000000149011612
108.593,1.0,9.72528664128234,0.10000000149011612
108.647,1.0,9.835201659426094,0.10000000149011612
108.695,1.0,9.890156813338399,0.10000000149011612
108.744,1.0,9.670580788681077,0.10000000149011612
108.794,1.0,9.780268890307182,0.10000000149011612
108.847,1.0,9.697566644992266,0.10000000149011612
108.895,1.0,9.67048701443192,0.10000000149011612
108.944,1.0,9.80764342173934,0.10000000149011612
108.994,1.0,9.835370014028417,0.10000000149011612
109.044,1.0,9.945175595540139,0.12624748051166534
109.093,1.0,9.862697443510923,0.10000000149011612
109.152,1.0,9.807599989614554,0.10000000149011612
109.194,1.0,9.807751383342676,0.10000000149011612
109.249,1.0,9.862690364217592,0.10000000149011612
109.298,1.0,9.752740996765594,0.10000000149011612
109.345,1.0,9.725400343971948,0.10000000149011612
109.395,1.0,9.8076467435807,0.10000000149011612
109.445,1.0,9.807715867149334,0.10000000149011612
109.499,1.0,9.862596107688216,0.10000000149011612
109.544,1.0,9.917710626228816,0.10000000149011612
109.599,1.0,9.835120536449056,0.10000000149011612
109.644,1.0,9.698126263709533,0.10000000149011612
109.696,1.0,9.917568798487386,0.10000000149011612
109.75,1.0,9.917624017472068,0.10580790042877197
109.795,1.0,9.835345744652052,0.10000000149011612
109.847,1.0,9.560489688441157,0.10000000149011612
109.897,1.0,9.890261338050994,0.10000000149011612
109.945,1.0,9.725209626058737,0.10000000149011612
109.993,1.0,9.753027578422593,0.10000000149011612
110.045,1.0,9.917623222163982,0.10000000149011612
110.109,1.0,9.862768688073588,0.10000000149011612
110.147,1.0,9.670275544230309,0.10000000149011612
110.199,1.0,9.917605982845028,0.10000000149011612
110.245,1.0,9.807560295528836,0.10000000149011612
110.298,1.0,9.890197636890743,0.10000000149011612
110.345,1.0,9.752950189800726,0.10000000149011612
110.402,1.0,9.725492202552656,0.10000000149011612
110.445,1.0,9.862727271951735,0.10000000149011612
110.495,1.0,9.835251943746375,0.10000000149011612
110.55,1.0,9.835357791123291,0.10000000149011612
110.595,1.0,9.862586418580678,0.10000000149011612
110.65,1.0,9.972500000004139,0.10000000149011612
110.696,1.0,9.862789238678912,0.10000000149011612
110.752,1.0,9.780238715911077,0.10000000149011612
110.798,1.0,9.780491944650809,0.10000000149011612
110.846,1.0,9.780347003622188,0.10000000149011612
110.899,1.0,9.780314102106624,0.10000000149011612
110.948,1.0,9.835127118705875,0.10000000149011612
111.001,1.0,9.725438930818605,0.10000000149011612
111.048,1.0,9.698000140695108,0.10000000149011612
111.096,1.0,9.917578208115366,0.10000000149011612
111.153,1.0,9.725600973392526,0.10000000149011612
111.198,1.0,9.835134912841022,0.10000000149011612
111.248,1.0,9.835189396329223,0.10000000149011612
111.303,1.0,9.862806298521658,0.10000000149011612
111.348,1.0,9.780406174746652,0.10000000149011612
111.399,1.0,9.780137889997826,0.10000000149011612
111.453,1.0,9.615436196823914,0.10000000149011612
111.498,1.0,9.8901872601774,0.10000000149011612
111.55,1.0,9.807774513794316,0.10000000149011612
111.601,1.0,9.835307101719081,0.10000000149011612
111.652,1.0,9.725557483774093,0.10000000149011612
111.706,1.0,9.670636300432186,0.10000000149011612
111.752,1.0,9.75267206200709,0.10000000149011612
111.806,1.0,9.69787258832819,0.10000000149011612
111.85,1.0,9.752593667846586,0.10000000149011612
111.902,1.0,9.862527483598226,0.10000000149011612
111.95,1.0,9.807605868909095,0.10000000149011612
112.007,1.0,9.835035487885277,0.10000000149011612
112.05,1.0,9.697796035557985,0.10000000149011612
112.107,1.0,9.697932356906433,0.10000000149011612
112.163,1.0,9.807925970604023,0.10000000149011612
112.202,1.0,9.780565463130673,0.10000000149011612
112.252,1.0,9.670392409712075,0.10000000149011612
112.3,1.0,9.670444869705372,0.10000000149011612
112.358,1.0,9.862648500357237,0.10000000149011612
112.405,1.0,9.725159630551934,0.10000000149011612
112.456,1.0,9.807874059408075,0.10000000149011612
112.509,1.0,9.835206031302612,0.10000000149011612
112.557,1.0,9.80788565232522,0.10000000149011612
112.614,1.0,9.780189999855226,0.10000000149011612
112.66,1.0,9.94514211103734,0.10753322392702103
112.71,1.0,9.835225189415118,0.10000000149011612
112.756,1.0,9.780307620991435,0.10000000149011612
112.811,1.0,9.78033981271502,0.10000000149011612
112.857,1.0,9.807686756344305,0.10000000149011612
112.915,1.0,9.780371600617137,0.10000000149011612
112.958,1.0,9.725417098878987,0.10000000149011612
113.008,1.0,9.890127687404553,0.10000000149011612
113.054,1.0,9.86266567233122,0.10000000149011612
113.107,1.0,9.780134237060944,0.10000000149011612
113.157,1.0,9.780427218207883,0.10058072954416275
113.222,1.0,9.807723371539678,0.10000000149011612
113.262,1.0,9.807723370773925,0.10000000149011612
113.329,1.0,9.780405897067652,0.10000000149011612
113.371,1.0,9.917554367168082,0.10000000149011612
113.422,1.0,9.725237195048894,0.10000000149011612
113.471,1.0,9.862500000020695,0.10000000149011612
113.526,1.0,9.86260270708137,0.10000000149011612
113.574,1.0,9.61554906444831,0.10000000149011612
113.626,1.0,9.835063672376176,0.10000000149011612
113.676,1.0,9.697625733953384,0.10000000149011612
113.735,1.0,9.807753101156818,0.10000000149011612
113.776,1.0,9.780315379363795,0.10000000149011612
113.832,1.0,9.670531847058898,0.10000000149011612
113.878,1.0,9.862793700355622,0.10000000149011612
113.927,1.0,9.862534724403586,0.10000000149011612
113.981,1.0,9.807623904591633,0.10000000149011612
114.032,1.0,9.78022565825118,0.10000000149011612
114.079,1.0,9.807734431678222,0.10000000149011612
114.127,1.0,9.697832114249469,0.10000000149011612
114.179,1.0,9.890232754146886,0.10000000149011612
114.226,1.0,9.78030959698889,0.10000000149011612
114.279,1.0,9.917501840450697,0.10000000149011612
114.33,1.0,9.917742693610489,0.10000000149011612
114.377,1.0,9.807754254651567,0.10000000149011612
114.43,1.0,9.835409264514844,0.10000000149011612
114.481,1.0,9.78015694655478,0.10000000149011612
114.527,1.0,9.835167782401873,0.10000000149011612
114.585,1.0,9.780250804333223,0.10000000149011612
114.629,1.0,9.917500000012417,0.10000000149011612
114.683,1.0,9.917500000012417,0.10000000149011612
114.727,1.0,9.780299164251321,0.10000000149011612
114.783,1.0,9.835207114223804,0.10000000149011612
114.831,1.0,9.862690091360774,0.10000000149011612
114.883,1.0,9.780350836055975,0.10000000149011612
114.93,1.0,9.835119515077935,0.10000000149011612
114.98,1.0,9.86269058212638,0.10000000149011612
115.032,1.0,9.835288982196815,0.10000000149011612
115.086,1.0,9.780264197372729,0.10000000149011612
115.131,1.0,9.91755562538488,0.10000000149011612
115.181,1.0,9.972500000004139,0.10000000149011612
115.231,1.0,9.697942884783778,0.10000000149011612
115.284,1.0,9.642752502982814,0.10000000149011612
115.335,1.0,9.697717709135677,0.10000000149011612
115.391,1.0,9.780175900210937,0.10000000149011612
115.435,1.0,9.862604109818736,0.10000000149011612
115.487,1.0,9.670307693257929,0.10000000149011612
115.535,1.0,9.780312105806338,0.10000000149011612
115.585,1.0,9.80783405798591,0.10000000149011612
115.639,1.0,9.917608936834666,0.10000000149011612
115.685,1.0,9.835126040524079,0.10000000149011612
115.735,1.0,9.752773025528425,0.10000000149011612
115.789,1.0,9.917813412493302,0.12294649332761765
115.837,1.0,9.835306209553448,0.10000000149011612
115.887,1.0,9.780331434640619,0.10000000149011612
115.937,1.0,9.780140877163245,0.10000000149011612
115.988,1.0,9.890022171619865,0.10000000149011612
116.045,1.0,9.807709641858107,0.10000000149011612
116.086,1.0,9.725383531695439,0.10000000149011612
116.14,1.0,9.890078972135154,0.10000000149011612
116.189,1.0,9.835066855781609,0.10000000149011612
116.237,1.0,9.752734030659001,0.10000000149011612
116.29,1.0,9.862571685678429,0.10000000149011612
116.339,1.0,9.72511212343557,0.10000000149011612
116.389,1.0,9.725217117141518,0.10000000149011612
116.439,1.0,9.725151053547032,0.10000000149011612
116.49,1.0,9.72529115198801,0.10000000149011612
116.544,1.0,9.835163699131872,0.10000000149011612
116.588,1.0,9.752689268709057,0.10000000149011612
116.64,1.0,9.752922386593289,0.10000000149011612
116.69,1.0,9.752856797745658,0.10000000149011612
116.738,1.0,9.807805087914069,0.10000000149011612
116.792,1.0,9.725622985222273,0.10000000149011612
116.838,1.0,9.780376641721361,0.10000000149011612
116.889,1.0,9.780477058866786,0.10000000149011612
116.94,1.0,9.945000000008278,0.10000000149011612
116.978,1.0,9.698062857240439,0.10000000149011612
117.04,1.0,9.862667047811879,0.10000000149011612
117.096,1.0,9.58825860362914,0.10000000149011612
117.144,1.0,9.725357287977305,0.10000000149011612
117.193,1.0,9.725629624103506,0.10000000149011612
117.242,1.0,9.780153232067823,0.10000000149011612
117.302,1.0,9.807575532442165,0.10000000149011612
117.347,1.0,9.75276569167359,0.10000000149011612
117.393,1.0,9.780257429410186,0.10000000149011612
117.446,1.0,9.835078544355929,0.10000000149011612
117.496,1.0,9.752977264631125,0.10000000149011612
117.546,1.0,9.75272209306972,0.10000000149011612
117.6,1.0,9.835274086375204,0.10000000149011612
117.647,1.0,9.835308379141821,0.10000000149011612
117.701,1.0,9.78022727554457,0.10000000149011612
117.746,1.0,9.752887387428846,0.10000000149011612
117.796,1.0,9.75280196060323,0.10000000149011612
117.845,1.0,9.835221101240151,0.10000000149011612
117.897,1.0,9.835008029805289,0.10000000149011612
117.945,1.0,9.835106372729772,0.10000000149011612
117.994,1.0,9.807901550601754,0.10000000149011612
118.045,1.0,9.835000000024836,0.10000000149011612
118.1,1.0,9.862805194656055,0.1035100594162941
118.148,1.0,9.86264909716944,0.10000000149011612
118.198,1.0,9.67008226364851,0.10000000149011612
118.263,1.0,9.80790159671257,0.10000000149011612
118.297,1.0,9.807817456850575,0.10000000149011612
118.353,1.0,9.862935015000403,0.10000000149011612
118.398,1.0,9.862505487373305,0.10000000149011612
118.449,1.0,9.890007800091471,0.10000000149011612
118.498,1.0,9.8901008984074,0.10000000149011612
118.548,1.0,9.890006042458117,0.10000000149011612
118.598,1.0,9.862732610334124,0.10000000149011612
118.647,1.0,9.890198000706732,0.10000000149011612
118.702,1.0,9.752839653400912,0.10000000149011612
118.751,1.0,9.862682856412398,0.10000000149011612
118.798,1.0,9.72527022479723,0.10000000149011612
118.852,1.0,9.945121762632496,0.10108429938554764
118.909,1.0,9.67028111635397,0.10000000149011612
118.943,1.0,9.78038729261607,0.10000000149011612
118.998,1.0,9.862776262892616,0.10000000149011612
119.05,1.0,9.80772785699616,0.10000000149011612
119.099,1.0,9.61548192459676,0.10000000149011612
119.148,1.0,9.807818017651638,0.10000000149011612
119.201,1.0,9.807521654706862,0.10000000149011612
119.25,1.0,9.780102354639935,0.10000000149011612
119.298,1.0,9.86260433325337,0.10000000149011612
119.348,1.0,9.780038323232697,0.10000000149011612
119.399,1.0,9.780381744893061,0.10000000149011612
119.448,1.0,9.86274507196827,0.10000000149011612
119.499,1.0,9.780290135617058,0.10000000149011612
119.551,1.0,9.753170318053,0.10000000149011612
119.599,1.0,9.780060941684578,0.10000000149011612
119.649,1.0,9.698179392309653,0.10000000149011612
119.699,1.0,9.862531893472704,0.10000000149011612
119.748,1.0,9.862807875871658,0.10000000149011612
119.798,1.0,9.780244068801403,0.10000000149011612
119.849,1.0,9.780200691873,0.10000000149011612
119.903,1.0,9.642762824085851,0.10000000149011612
119.96,1.0,9.725184391149217,0.10000000149011612
119.997,1.0,9.697963088233438,0.10000000149011612
120.056,1.0,9.78031803448167,0.10000000149011612
120.099,1.0,9.917500000012417,0.10000000149011612
120.148,1.0,9.807650640648273,0.10000000149011612
120.198,1.0,9.780084292466443,0.10000000149011612
120.251,1.0,9.780383625502388,0.10000000149011612
120.3,1.0,9.780236668201784,0.10000000149011612
120.35,1.0,9.725157111448546,0.10000000149011612
120.399,1.0,9.780408645897277,0.10000000149011612
120.453,1.0,9.862666741696497,0.10000000149011612
120.498,1.0,9.69767694938928,0.10000000149011612
120.554,1.0,9.807581963245239,0.10000000149011612
120.599,1.0,9.725396248201529,0.10000000149011612
120.651,1.0,9.835271867778566,0.10000000149011612
120.702,1.0,9.890103106842274,0.10000000149011612
120.748,1.0,9.725402718037367,0.10000000149011612
120.804,1.0,9.862529883057707,0.10000000149011612
120.85,1.0,9.862680694357389,0.10000000149011612
120.899,1.0,9.917642001786994,0.10000000149011612
120.949,1.0,9.752731801962687,0.10000000149011612
121.004,1.0,9.642876051242153,0.10000000149011612
121.053,1.0,9.890262450443373,0.10000000149011612
121.108,1.0,9.890102184957101,0.10000000149011612
121.155,1.0,9.725341533331408,0.10000000149011612
121.209,1.0,9.835201382574935,0.10000000149011612
121.256,1.0,9.725284980506533,0.10000000149011612
121.305,1.0,9.67040966618806,0.10000000149011612
121.36,1.0,9.807749921849204,0.10000000149011612
121.409,1.0,9.917500000012417,0.10000000149011612
121.456,1.0,9.86263684189568,0.10000000149011612
121.507,1.0,9.780390893833506,0.10000000149011612
121.564,1.0,9.862698435203896,0.10000000149011612
121.606,1.0,9.835078627367814,0.10000000149011612
121.66,1.0,9.78034315403137,0.10000000149011612
121.705,1.0,9.83528632585787,0.10000000149011612
121.754,1.0,9.862690911255777,0.10000000149011612
121.805,1.0,9.83512019670258,0.10000000149011612
121.86,1.0,9.80777309263746,0.10000000149011612
121.907,1.0,9.780385552822716,0.10000000149011612
121.957,1.0,9.69797645294004,0.10000000149011612
122.01,1.0,9.780360983560483,0.10000000149011612
122.053,1.0,9.807806219533086,0.10000000149011612
122.107,1.0,9.83513742538376,0.10000000149011612
122.157,1.0,9.752762362981835,0.10000000149011612
122.207,1.0,9.890134872703088,0.10000000149011612
122.257,1.0,9.86260814625356,0.10000000149011612
122.307,1.0,9.807500000028975,0.10000000149011612
122.365,1.0,9.835373809499044,0.10000000149011612
122.406,1.0,9.945100304091142,0.10000000149011612
122.463,1.0,9.78042338411841,0.10000000149011612
122.509,1.0,9.890008216744496,0.10000000149011612
122.558,1.0,9.69787623675333,0.10000000149011612
122.609,1.0,9.917504289187491,0.10000000149011612
122.659,1.0,9.752859566029574,0.10000000149011612
122.709,1.0,9.725442653894424,0.10000000149011612
122.772,1.0,9.780438854317698,0.10000000149011612
122.811,1.0,9.780216521190273,0.10000000149011612
122.856,1.0,9.945095983251102,0.10000000149011612
122.909,1.0,9.807573383218712,0.10000000149011612
122.963,1.0,9.807820447948243,0.10000000149011612
123.012,1.0,9.69773464213229,0.10000000149011612
123.062,1.0,9.890235474664305,0.10000000149011612
123.113,1.0,9.835059863101277,0.10000000149011612
123.161,1.0,9.890107312405275,0.10000000149011612
123.21,1.0,9.780239470530715,0.10000000149011612
123.263,1.0,9.80759914173848,0.10000000149011612
123.312,1.0,9.807674265714983,0.10000000149011612
123.362,1.0,9.862500000020695,0.10000000149011612
123.414,1.0,9.862608469360405,0.10000000149011612
123.46,1.0,9.807665548577077,0.10000000149011612
123.51,1.0,9.753071389781931,0.10000000149011612
123.568,1.0,9.890222767078214,0.10000000149011612
123.61,1.0,9.807646118270027,0.10000000149011612
123.661,1.0,9.91751880461557,0.10000000149011612
123.712,1.0,9.78006292976853,0.10000000149011612
123.757,1.0,9.945136397973531,0.10000000149011612
123.81,1.0,9.725263117026124,0.10000000149011612
123.867,1.0,9.862757885890703,0.10000000149011612
123.911,1.0,9.725393478282625,0.10000000149011612
123.96,1.0,9.615381062693066,0.10000000149011612
124.008,1.0,9.86280626244843,0.10000000149011612
124.06,1.0,9.752961320823266,0.10000000149011612
124.12,1.0,9.835128809656535,0.10000000149011612
124.16,1.0,9.89005083396203,0.10000000149011612
124.219,1.0,9.780407200029327,0.10000000149011612
124.258,1.0,9.78044978355368,0.10000000149011612
124.312,1.0,9.835065985533099,0.10000000149011612
124.36,1.0,9.862571450240083,0.10000000149011612
124.41,1.0,9.752708684052859,0.10000000149011612
124.46,1.0,9.78028670543184,0.10000000149011612
124.512,1.0,9.83536701903989,0.10000000149011612
124.557,1.0,9.725094733221663,0.10000000149011612
124.609,1.0,9.752676003302136,0.10000000149011612
124.661,1.0,9.807759171434574,0.10000000149011612
124.709,1.0,9.807733170129358,0.10000000149011612
124.762,1.0,9.862767805573013,0.10000000149011612
124.811,1.0,9.890115558045606,0.10000000149011612
124.859,1.0,9.80766557301912,0.10000000149011612
124.91,1.0,9.917699877855679,0.10000000149011612
124.964,1.0,9.80792669546273,0.10000000149011612
125.007,1.0,9.890032360806233,0.10000000149011612
125.06,1.0,9.725206226006978,0.10000000149011612
125.109,1.0,9.780432585481968,0.10000000149011612
125.161,1.0,9.835016925094855,0.10000000149011612
125.211,1.0,9.780363198452525,0.10000000149011612
125.263,1.0,9.83524641133845,0.10000000149011612
125.312,1.0,9.917606292913357,0.10000000149011612
125.369,1.0,9.890223187911841,0.10000000149011612
125.41,1.0,9.807888744523128,0.10000000149011612
125.46,1.0,9.780271930992603,0.10000000149011612
125.509,1.0,9.862743558382823,0.10000000149011612
125.567,1.0,9.725406404915784,0.10000000149011612
125.615,1.0,9.697716458203892,0.10000000149011612
125.66,1.0,9.835356731899083,0.10000000149011612
125.725,1.0,9.807787396655314,0.10000000149011612
125.764,1.0,9.725189828189711,0.10000000149011612
125.817,1.0,9.83525919570691,0.10000000149011612
125.86,1.0,9.862535473000673,0.10000000149011612
125.915,1.0,9.72529028939704,0.10000000149011612
125.965,1.0,9.89010517520623,0.10000000149011612
126.015,1.0,9.9175703841572,0.10000000149011612
126.064,1.0,9.835455707708995,0.10000000149011612
126.114,1.0,9.697724748837452,0.10000000149011612
126.166,1.0,9.835236534227928,0.10000000149011612
126.217,1.0,9.890156981949177,0.10000000149011612
126.265,1.0,9.780272174895638,0.10000000149011612
126.316,1.0,9.890096203175684,0.10000000149011612
126.364,1.0,9.725326579415963,0.10000000149011612
126.421,1.0,9.835154489365717,0.10000000149011612
126.465,1.0,9.917563076917496,0.10000000149011612
126.515,1.0,9.89010552395549,0.10000000149011612
126.567,1.0,9.835286426668366,0.10000000149011612
126.614,1.0,9.780207252502441,0.10000000149011612
126.664,1.0,9.780505035072565,0.10000000149011612
126.715,1.0,9.890081396512688,0.10000000149011612
126.765,1.0,9.86291578422404,0.11744808405637741
126.819,1.0,9.807604048856431,0.10000000149011612
126.864,1.0,9.780143686777187,0.10000000149011612
126.915,1.0,9.725378615160784,0.10000000149011612
126.97,1.0,9.697771496677564,0.10000000149011612
127.015,1.0,9.835268260228137,0.10000000149011612
127.066,1.0,9.643149255940484,0.10000000149011612
127.118,1.0,9.835210313606593,0.10000000149011612
127.165,1.0,9.807923556677997,0.10000000149011612
127.215,1.0,9.917558685131372,0.10000000149011612
127.274,1.0,9.835099637549785,0.10000000149011612
127.318,1.0,9.752716483506891,0.10000000149011612
127.366,1.0,9.862734736067553,0.10000000149011612
127.417,1.0,9.75258187527458,0.10000000149011612
127.482,1.0,9.725630182503826,0.10000000149011612
127.518,1.0,9.807728143470984,0.10000000149011612
127.567,1.0,9.835311669545868,0.10000000149011612
127.622,1.0,9.807670549386078,0.10000000149011612
127.67,1.0,9.69819100478457,0.10000000149011612
127.726,1.0,9.807874962563316,0.10000000149011612
127.771,1.0,9.83539702432851,0.10000000149011612
127.823,1.0,9.862669436881939,0.10000000149011612
127.879,1.0,9.807681426840524,0.10000000149011612
127.924,1.0,9.670254835610589,0.10000000149011612
127.975,1.0,9.807901919053661,0.10000000149011612
128.024,1.0,9.643282075433268,0.10000000149011612
128.074,1.0,9.862675924930308,0.10000000149011612
128.126,1.0,9.862676929247876,0.10000000149011612
128.179,1.0,9.752645700590477,0.10000000149011612
128.224,1.0,9.86266887359735,0.10000000149011612
128.277,1.0,9.835193421484696,0.10000000149011612
128.317,1.0,9.780490880169802,0.10000000149011612
128.374,1.0,9.917671953079601,0.10000000149011612
128.424,1.0,9.835376857365999,0.10000000149011612
128.477,1.0,9.890274772958623,0.10000000149011612
128.526,1.0,9.89026273101982,0.10000000149011612
128.575,1.0,9.890209782454702,0.1061779037117958
128.625,1.0,9.697916736060547,0.10000000149011612
128.68,1.0,9.807840369662477,0.10000000149011612
128.726,1.0,9.780330748131705,0.10000000149011612
128.781,1.0,9.917500000012417,0.10000000149011612
128.825,1.0,9.807657482868267,0.10000000149011612
128.877,1.0,9.862802629007234,0.10000000149011612
128.925,1.0,9.72528301924467,0.10000000149011612
128.975,1.0,9.835226146649156,0.10000000149011612
129.028,1.0,9.807500000028975,0.10000000149011612
129.074,1.0,9.835223231236968,0.10000000149011612
129.127,1.0,9.752913441405529,0.10000000149011612
129.182,1.0,9.807623857342534,0.10000000149011612
129.233,1.0,9.807840106574197,0.10000000149011612
129.278,1.0,9.862537389621139,0.10000000149011612
129.328,1.0,9.752882674543393,0.10000000149011612
129.378,1.0,9.89002830936677,0.10000000149011612
129.428,1.0,9.917624787634445,0.10000000149011612
129.474,1.0,9.8900844514163,0.10000000149011612
129.528,1.0,9.862560180015862,0.10000000149011612
129.579,1.0,9.835172146765721,0.10000000149011612
129.628,1.0,9.725282719503674,0.10000000149011612
129.678,1.0,9.8901100795923,0.10000000149011612
129.73,1.0,9.780158805226286,0.10000000149011612
129.782,1.0,9.835225704001884,0.10000000149011612
129.828,1.0,9.807699600627853,0.10000000149011612
129.878,1.0,9.86265252482974,0.10000000149011612
129.935,1.0,9.752849841035074,0.10000000149011612
129.978,1.0,9.78015632559028,0.10000000149011612
130.031,1.0,9.862777954815991,0.10000000149011612
130.078,1.0,9.78045807927847,0.10000000149011612
130.131,1.0,9.670328009873629,0.10000000149011612
130.179,1.0,9.862716625444591,0.10000000149011612
130.237,1.0,9.862629756124484,0.10000000149011612
130.279,1.0,9.807636736478242,0.10000000149011612
130.34,1.0,9.698034372097917,0.10000000149011612
130.378,1.0,9.807718736843931,0.10000000149011612
130.433,1.0,9.835218754286567,0.10000000149011612
130.476,1.0,9.86253090960284,0.10000000149011612
130.529,1.0,9.780200015774204,0.10000000149011612
130.583,1.0,9.752667836865617,0.10000000149011612
130.63,1.0,9.862647858862248,0.10000000149011612
130.678,1.0,9.890311330246428,0.11555871367454529
130.731,1.0,9.890113755543199,0.10000000149011612
130.78,1.0,9.807536184498005,0.10000000149011612
130.827,1.0,9.890084501790504,0.10000000149011612
130.878,1.0,9.917684812926584,0.10000000149011612
130.937,1.0,9.670167188925875,0.10000000149011612
130.978,1.0,9.807848442614906,0.10000000149011612
131.03,1.0,9.807617061750756,0.10000000149011612
131.075,1.0,9.725253776253926,0.10000000149011612
131.127,1.0,9.862644222606388,0.10000000149011612
131.179,1.0,9.807702963095572,0.10000000149011612
131.228,1.0,9.862590362566213,0.10000000149011612
131.278,1.0,9.835264798522823,0.10000000149011612
131.334,1.0,9.890163408654432,0.10000000149011612
131.377,1.0,9.643045663109255,0.10000000149011612
131.43,1.0,9.862732588830921,0.10000000149011612
131.478,1.0,9.835204716813234,0.10000000149011612
131.539,1.0,9.835057932862805,0.10000000149011612
131.584,1.0,9.835248888511625,0.10000000149011612
131.633,1.0,9.780108741381103,0.10000000149011612
131.682,1.0,9.89015344168163,0.10000000149011612
131.735,1.0,9.78045160393748,0.10000000149011612
131.786,1.0,9.67022381671187,0.10000000149011612
131.836,1.0,9.780263470630679,0.10000000149011612
131.891,1.0,9.69782737278276,0.10000000149011612
131.933,1.0,9.78029082191901,0.10000000149011612
131.983,1.0,9.807703653329776,0.10000000149011612
132.034,1.0,9.835320530231629,0.10000000149011612
132.088,1.0,9.890090151193242,0.10000000149011612
132.136,1.0,9.890247046285205,0.10000000149011612
132.187,1.0,9.890021293299894,0.10000000149011612
132.236,1.0,9.752926790403823,0.10000000149011612
132.286,1.0,9.780016212268835,0.10000000149011612
132.335,1.0,9.807737093584405,0.10000000149011612
132.386,1.0,9.780533308121893,0.10000000149011612
132.444,1.0,9.89014543706758,0.10000000149011612
132.486,1.0,9.725297299793198,0.10000000149011612
132.537,1.0,9.752776406746772,0.10000000149011612
132.587,1.0,9.670603124693864,0.10000000149011612
132.637,1.0,9.917500000012417,0.10000000149011612
132.688,1.0,9.643109924739434,0.10000000149011612
132.736,1.0,9.890161942504346,0.10000000149011612
132.787,1.0,9.752673180401326,0.10000000149011612
132.837,1.0,9.972500000004139,0.10000000149011612
132.887,1.0,9.725090786173112,0.10000000149011612
132.939,1.0,9.75272089511984,0.10000000149011612
132.992,1.0,9.835058002505038,0.10000000149011612
133.039,1.0,9.780365723040369,0.10000000149011612
133.089,1.0,9.862645085135268,0.10000000149011612
133.144,1.0,9.807996213622392,0.10000000149011612
133.19,1.0,9.752853272110224,0.10000000149011612
133.242,1.0,9.890149326995015,0.10000000149011612
133.289,1.0,9.78006693035778,0.10000000149011612
133.339,1.0,9.752927938683165,0.10000000149011612
133.393,1.0,9.697837185114622,0.10000000149011612
133.44,1.0,9.83522361047152,0.10000000149011612
133.491,1.0,9.835335835731692,0.10000000149011612
133.547,1.0,9.917615480679604,0.10000000149011612
133.589,1.0,9.890317718291449,0.10000000149011612
133.643,1.0,9.862618227799734,0.10000000149011612
133.701,1.0,9.862607153339518,0.10000000149011612
133.749,1.0,9.780377357660068,0.10000000149011612
133.8,1.0,9.807500000028975,0.10000000149011612
133.85,1.0,9.83525268300954,0.10000000149011612
133.908,1.0,9.890127947657472,0.10000000149011612
133.951,1.0,9.835309822091626,0.10000000149011612
134.001,1.0,9.807673353205125,0.10000000149011612
134.061,1.0,9.697695958531565,0.10000000149011612
134.101,1.0,9.83537774015632,0.10000000149011612
134.156,1.0,9.807819477717082,0.10000000149011612
134.211,1.0,9.752986382941405,0.10000000149011612
134.25,1.0,9.615602348041204,0.10000000149011612
134.309,1.0,9.917500000012417,0.10000000149011612
134.35,1.0,9.725212123969364,0.10000000149011612
134.4,1.0,9.890171599532994,0.10155108571052551
134.454,1.0,9.890148949250579,0.10000000149011612
134.503,1.0,9.8902356452826,0.10000000149011612
134.553,1.0,9.725545043560366,0.10000000149011612
134.612,1.0,9.697782199271023,0.10000000149011612
134.656,1.0,9.725302151342232,0.10000000149011612
134.707,1.0,9.862599108657903,0.10000000149011612
134.759,1.0,9.78034235102435,0.10000000149011612
134.81,1.0,9.807713484412266,0.10000000149011612
134.858,1.0,9.807733686909907,0.10000000149011612
134.907,1.0,9.835109384585586,0.10000000149011612
134.957,1.0,9.835260997215906,0.10000000149011612
135.018,1.0,9.972512295717994,0.10442645847797394
135.069,1.0,9.670542830746207,0.10000000149011612
135.106,1.0,9.835281065313353,0.10000000149011612
135.15,1.0,9.835189499374893,0.10000000149011612
135.207,1.0,9.670440208663543,0.10000000149011612
135.257,1.0,9.752813307920263,0.10000000149011612
135.31,1.0,9.835034573823213,0.10000000149011612
135.358,1.0,9.835358665862845,0.10000000149011612
135.408,1.0,9.835168732578556,0.10000000149011612
135.46,1.0,9.752833343711163,0.10000000149011612
135.509,1.0,9.780264011936055,0.10000000149011612
135.561,1.0,9.780248200044865,0.10000000149011612
135.61,1.0,9.7802494150276,0.10000000149011612
135.658,1.0,9.80779070150521,0.10000000149011612
135.711,1.0,9.807865564649303,0.10000000149011612
135.766,1.0,9.752762282929487,0.10000000149011612
135.812,1.0,9.752828242960904,0.10000000149011612
135.863,1.0,9.725340454921954,0.10000000149011612
135.912,1.0,9.807658859135376,0.10000000149011612
135.962,1.0,9.697909305782781,0.10000000149011612
136.02,1.0,9.807886939723458,0.10000000149011612
136.065,1.0,9.890153414880237,0.10000000149011612
136.119,1.0,9.807852917143869,0.10000000149011612
136.165,1.0,9.780331790178186,0.10000000149011612
136.218,1.0,9.78021378705485,0.10000000149011612
136.27,1.0,9.835393848684099,0.10000000149011612
136.318,1.0,9.697928745258185,0.10000000149011612
136.366,1.0,9.835224839796622,0.10000000149011612
136.418,1.0,9.697973765350051,0.10000000149011612
136.466,1.0,9.835029217497341,0.10000000149011612
136.517,1.0,9.780367963222993,0.10000000149011612
136.569,1.0,9.890045724271072,0.10000000149011612
136.622,1.0,9.890115959921644,0.10000000149011612
136.665,1.0,9.862500000020695,0.10000000149011612
136.72,1.0,9.6704150541789,0.10000000149011612
136.77,1.0,9.807660867480768,0.10000000149011612
136.82,1.0,9.75286565017369,0.10000000149011612
136.87,1.0,9.752705554891792,0.10000000149011612
136.923,1.0,9.69814117397699,0.10000000149011612
136.971,1.0,9.807774122121433,0.10000000149011612
137.021,1.0,9.890021251328289,0.10000000149011612
137.072,1.0,9.725525840123494,0.10000000149011612
137.121,1.0,9.752584309089515,0.10000000149011612
137.176,1.0,9.862610308991538,0.10000000149011612
137.221,1.0,9.862583496566447,0.10000000149011612
137.271,1.0,9.807739683923621,0.10000000149011612
137.321,1.0,9.83527696583834,0.10000000149011612
137.371,1.0,9.835254492176075,0.10000000149011612
137.427,1.0,9.835031391121447,0.10000000149011612
137.476,1.0,9.862830725912419,0.11467151343822479
137.526,1.0,9.83525090927465,0.10000000149011612
137.573,1.0,9.835332658079762,0.10000000149011612
137.625,1.0,9.835185855585667,0.10000000149011612
137.674,1.0,9.862608980056311,0.10000000149011612
137.724,1.0,9.89015097282827,0.10000000149011612
137.775,1.0,9.780574787615073,0.10000000149011612
137.826,1.0,9.75300620034751,0.10000000149011612
137.882,1.0,9.835260492790905,0.10000000149011612
137.926,1.0,9.670454014403125,0.10000000149011612
137.976,1.0,9.80784406076289,0.10000000149011612
138.032,1.0,9.698038585070107,0.10000000149011612
138.076,1.0,9.697557025030255,0.10000000149011612
138.126,1.0,9.890153492697412,0.10000000149011612
138.174,1.0,9.835318079259661,0.10000000149011612
138.226,1.0,9.752944294590916,0.10000000149011612
138.277,1.0,9.917521395824021,0.10000000149011612
138.325,1.0,9.780207904614509,0.10000000149011612
138.378,1.0,9.753029929970701,0.10000000149011612
138.428,1.0,9.835292714875605,0.10000000149011612
138.478,1.0,9.835244922712445,0.10000000149011612
138.527,1.0,9.835294149567684,0.10000000149011612
138.577,1.0,9.78025981903904,0.10000000149011612
138.627,1.0,9.835287028861542,0.10211314260959625
138.679,1.0,9.89010516208493,0.10000000149011612
138.735,1.0,9.670604540780186,0.10000000149011612
138.781,1.0,9.780382944353752,0.10000000149011612
138.835,1.0,9.807790177108513,0.10000000149011612
138.884,1.0,9.890073699007432,0.10000000149011612
138.936,1.0,9.972500000004139,0.10000000149011612
138.982,1.0,9.697938404087392,0.10000000149011612
139.032,1.0,9.80790906674746,0.10000000149011612
139.085,1.0,9.890126840170058,0.10000000149011612
139.132,1.0,9.698018237493104,0.10000000149011612
139.182,1.0,9.89014832360877,0.10000000149011612
139.233,1.0,9.862551999919944,0.10000000149011612
139.285,1.0,9.835329383363327,0.10000000149011612
139.339,1.0,9.917595500374834,0.10000000149011612
139.389,1.0,9.86267021505369,0.10000000149011612
139.433,1.0,9.945043266171382,0.10363540053367615
139.483,1.0,9.753038705864714,0.10000000149011612
139.534,1.0,9.587806377208068,0.10000000149011612
139.587,1.0,9.807704328310987,0.10000000149011612
139.635,1.0,9.835194679556622,0.10000000149011612
139.686,1.0,9.89008576652656,0.10000000149011612
139.743,1.0,9.890171760237878,0.10000000149011612
139.785,1.0,9.725452521919376,0.10000000149011612
139.837,1.0,9.835151398595837,0.10000000149011612
139.893,1.0,9.752730114012957,0.10000000149011612
139.936,1.0,9.835117767088944,0.10000000149011612
139.986,1.0,9.945101334154606,0.10807949304580688
140.037,1.0,9.917750198042228,0.10000000149011612
140.088,1.0,9.807740312152438,0.10000000149011612
140.136,1.0,9.697721581512855,0.10000000149011612
140.188,1.0,9.78014057630466,0.10000000149011612
140.241,1.0,9.862682930773332,0.10000000149011612
140.286,1.0,9.917672962860928,0.10000000149011612
140.347,1.0,9.615423522682654,0.10000000149011612
140.387,1.0,9.835285781199733,0.10000000149011612
140.437,1.0,9.752876824037068,0.10000000149011612
140.49,1.0,9.752555435502694,0.10000000149011612
140.546,1.0,9.670464604223769,0.10000000149011612
140.587,1.0,9.72537847974648,0.10000000149011612
140.637,1.0,9.752720504543847,0.10000000149011612
140.687,1.0,9.670325399210883,0.10000000149011612
140.736,1.0,9.780169202387333,0.10000000149011612
140.787,1.0,9.752887920517889,0.10000000149011612
140.848,1.0,9.78021107527117,0.10000000149011612
140.887,1.0,9.835335365972584,0.10000000149011612
140.94,1.0,9.862774323485791,0.10000000149011612
140.996,1.0,9.780123313744035,0.10000000149011612
141.038,1.0,9.86283548966878,0.10000000149011612
141.088,1.0,9.862551392325097,0.10000000149011612
141.138,1.0,9.972500000004139,0.10000000149011612
141.188,1.0,9.862600408991177,0.10000000149011612
141.241,1.0,9.945087807604835,0.10000000149011612
141.287,1.0,9.505723068842457,0.10000000149011612
141.34,1.0,9.725330298083524,0.10000000149011612
141.391,1.0,9.89012479138457,0.10000000149011612
141.44,1.0,9.835411607888009,0.10000000149011612
141.486,1.0,9.807723143572609,0.10000000149011612
141.538,1.0,9.78014137055725,0.10000000149011612
141.589,1.0,9.835142523071005,0.10000000149011612
141.64,1.0,9.725810323572821,0.10000000149011612
141.695,1.0,9.78036403639449,0.10000000149011612
141.739,1.0,9.835352415446605,0.10000000149011612
141.792,1.0,9.835334421921935,0.10000000149011612
141.846,1.0,9.780174162135356,0.10000000149011612
141.889,1.0,9.780408422069417,0.10000000149011612
141.941,1.0,9.78032840817339,0.10000000149011612
141.994,1.0,9.807823314910962,0.10000000149011612
142.04,1.0,9.697930600059529,0.10000000149011612
142.092,1.0,9.780472985365325,0.10000000149011612
142.145,1.0,9.752958124855326,0.10000000149011612
142.195,1.0,9.725378885140849,0.10000000149011612
142.246,1.0,9.835392613522709,0.10000000149011612
142.291,1.0,9.697830950944788,0.10000000149011612
142.349,1.0,9.807659866702226,0.10000000149011612
142.391,1.0,9.835071809031069,0.10000000149011612
142.446,1.0,9.862756387206415,0.10000000149011612
142.491,1.0,9.780363856028352,0.10000000149011612
142.541,1.0,9.862701849122015,0.10000000149011612
142.592,1.0,9.780093670739896,0.10000000149011612
142.642,1.0,9.61565973121259,0.10000000149011612
142.694,1.0,9.835188710730936,0.10000000149011612
142.744,1.0,9.807879727416568,0.10000000149011612
142.79,1.0,9.890000000016556,0.10000000149011612
142.844,1.0,9.752891722818216,0.10000000149011612
142.897,1.0,9.917600944017371,0.10000000149011612
142.947,1.0,9.917662066386805,0.10000000149011612
142.991,1.0,9.807508437666629,0.10000000149011612
143.046,1.0,9.835254158327977,0.10000000149011612
143.094,1.0,9.807745165439943,0.10000000149011612
143.146,1.0,9.86265374697331,0.10000000149011612
143.2,1.0,9.80770785972062,0.10000000149011612
143.244,1.0,9.780226110604902,0.10000000149011612
143.296,1.0,9.945021092581252,0.10000000149011612
143.348,1.0,9.780615868419408,0.10000000149011612
143.399,1.0,9.752856260848542,0.10000000149011612
143.449,1.0,9.807770202267502,0.10000000149011612
143.499,1.0,9.725337280126082,0.10000000149011612
143.551,1.0,9.835078013998766,0.10000000149011612
143.601,1.0,9.807722242962983,0.10000000149011612
143.65,1.0,9.835236685805851,0.10000000149011612
143.702,1.0,9.890233762914107,0.10000000149011612
143.75,1.0,9.80771134150111,0.10000000149011612
143.8,1.0,9.807813115335174,0.10000000149011612
143.851,1.0,9.862827087504169,0.11606383323669434
143.9,1.0,9.890143236000505,0.10000000149011612
143.96,1.0,9.725182544978129,0.10000000149011612
144.003,1.0,9.862672169899774,0.10000000149011612
144.055,1.0,9.862605963316229,0.10000000149011612
144.102,1.0,9.780348915027247,0.10000000149011612
144.159,1.0,9.807762301009562,0.10000000149011612
144.207,1.0,9.862758810383578,0.10000000149011612
144.255,1.0,9.69773107048952,0.10000000149011612
144.311,1.0,9.807828705861336,0.10000000149011612
144.361,1.0,9.835330627837942,0.10000000149011612
144.412,1.0,9.752885342182385,0.10000000149011612
144.46,1.0,9.835165741087662,0.10000000149011612
144.512,1.0,9.917503435868356,0.10000000149011612
144.567,1.0,9.86274812227736,0.10000000149011612
144.614,1.0,9.835256283626789,0.10000000149011612
144.664,1.0,9.890060667258998,0.10000000149011612
144.715,1.0,9.697877346517311,0.10000000149011612
144.766,1.0,9.917693633192943,0.10460738837718964
144.813,1.0,9.917500000012417,0.10000000149011612
144.863,1.0,9.917558454867038,0.10000000149011612
144.912,1.0,9.780280580185353,0.10000000149011612
144.963,1.0,9.890051481396787,0.10000000149011612
145.011,1.0,9.890303669435282,0.10000000149011612
145.061,1.0,9.86273544991596,0.10000000149011612
145.114,1.0,9.752704438939691,0.10000000149011612
145.167,1.0,9.862716359500256,0.10000000149011612
145.212,1.0,9.72531601296117,0.10000000149011612
145.264,1.0,9.89031273300449,0.10000000149011612
145.312,1.0,9.67043500257035,0.10000000149011612
145.363,1.0,9.807801626457108,0.10000000149011612
145.413,1.0,9.75276235776643,0.10000000149011612
145.462,1.0,9.752773369062279,0.10000000149011612
145.514,1.0,9.725402774951524,0.10000000149011612
145.563,1.0,9.780430759820673,0.10000000149011612
145.613,1.0,9.725311844216453,0.10000000149011612
145.663,1.0,9.75274934127099,0.10000000149011612
145.725,1.0,9.80782036466731,0.10000000149011612
145.765,1.0,9.862703891636597,0.10000000149011612
145.816,1.0,9.752723304285771,0.10000000149011612
145.865,1.0,9.807604956337148,0.10000000149011612
145.913,1.0,9.835236251623266,0.10000000149011612
145.966,1.0,9.808112409545316,0.10000000149011612
146.013,1.0,9.807740941995547,0.10000000149011612
146.066,1.0,9.807634874329798,0.10000000149011612
146.12,1.0,9.835101131908596,0.10000000149011612
146.163,1.0,9.752787013538182,0.10000000149011612
146.213,1.0,9.890282190591098,0.10227468609809875
146.276,1.0,9.890128071957992,0.10000000149011612
146.313,1.0,9.753062857459817,0.10000000149011612
146.363,1.0,9.697932894072599,0.10000000149011612
146.415,1.0,9.807825070619582,0.10000000149011612
146.462,1.0,9.69794768906302,0.10000000149011612
146.513,1.0,9.945013780891895,0.10000000149011612
146.563,1.0,9.752740486069685,0.10000000149011612
146.613,1.0,9.642859844904807,0.10000000149011612
146.667,1.0,9.862510619188349,0.10000000149011612
146.714,1.0,9.752685700419049,0.10000000149011612
146.768,1.0,9.725656796867648,0.10000000149011612
146.813,1.0,9.780273121057284,0.10000000149011612
146.863,1.0,9.917678598418004,0.10000000149011612
146.915,1.0,9.67046998159753,0.10000000149011612
146.974,1.0,9.588061608187854,0.10000000149011612
147.015,1.0,9.890097176345686,0.10000000149011612
147.068,1.0,9.752684970903728,0.10000000149011612
147.11,1.0,9.835222681177159,0.10000000149011612
147.164,1.0,9.780223774682316,0.10000000149011612
147.214,1.0,9.807787992308537,0.10000000149011612
147.264,1.0,9.807769023088944,0.10000000149011612
147.313,1.0,9.890047186447514,0.10000000149011612
147.364,1.0,9.835201489821904,0.10000000149011612
147.424,1.0,9.780340619902644,0.10000000149011612
147.461,1.0,9.890000000016556,0.10000000149011612
147.514,1.0,9.780372897804611,0.10000000149011612
147.562,1.0,9.835209650753272,0.10000000149011612
147.614,1.0,9.752774803547396,0.10000000149011612
147.671,1.0,9.91762536344015,0.10000000149011612
147.721,1.0,9.72552870462338,0.10000000149011612
147.772,1.0,9.917668310242394,0.10282878577709198
147.817,1.0,9.807564606662426,0.10000000149011612
147.864,1.0,9.890091229706174,0.10000000149011612
147.917,1.0,9.725255350354646,0.10000000149011612
147.967,1.0,9.7802337118321,0.10000000149011612
148.02,1.0,9.752791970512932,0.10000000149011612
148.069,1.0,9.725582859478891,0.10000000149011612
148.118,1.0,9.862824215905533,0.11521925032138824
148.171,1.0,9.780479612015188,0.10000000149011612
148.219,1.0,9.835035318446655,0.10000000149011612
148.271,1.0,9.862859253875083,0.10913396626710892
148.318,1.0,9.808043565745983,0.101161427795887
148.372,1.0,9.780145976133644,0.10000000149011612
148.417,1.0,9.807764730705983,0.10000000149011612
148.467,1.0,9.917500000012417,0.10000000149011612
148.522,1.0,9.835313365173837,0.10000000149011612
148.57,1.0,9.75268591236737,0.10000000149011612
148.623,1.0,9.752946634383665,0.10000000149011612
148.671,1.0,9.862707957708173,0.10000000149011612
148.72,1.0,9.670397014026012,0.10000000149011612
148.771,1.0,9.862770441443557,0.10000000149011612
148.83,1.0,9.753005220409896,0.10000000149011612
148.876,1.0,9.835000000024836,0.10000000149011612
148.925,1.0,9.752934717945754,0.10000000149011612
148.98,1.0,9.780279221220148,0.10000000149011612
149.025,1.0,9.752855013269517,0.10000000149011612
149.076,1.0,9.780130689218641,0.10000000149011612
149.124,1.0,9.807719281791814,0.10000000149011612
149.174,1.0,9.780455764258901,0.10000000149011612
149.224,1.0,9.670390212246113,0.10000000149011612
149.273,1.0,9.670640552064611,0.10000000149011612
149.328,1.0,9.780546474146346,0.10000000149011612
149.376,1.0,9.752798674110737,0.10000000149011612
149.424,1.0,9.7802619136456,0.10000000149011612
149.482,1.0,9.835068892770343,0.10000000149011612
149.524,1.0,9.862590223302444,0.10000000149011612
149.574,1.0,9.917500000012417,0.10000000149011612
149.63,1.0,9.862812167861396,0.10000000149011612
149.675,1.0,9.780192241134744,0.10000000149011612
149.726,1.0,9.83556188657466,0.10000000149011612
149.775,1.0,9.780378815717995,0.10000000149011612
149.826,1.0,9.862846793813837,0.10000000149011612
149.874,1.0,9.725394831452933,0.10000000149011612
149.925,1.0,9.753024209497703,0.10000000149011612
149.973,1.0,9.725351596292523,0.10000000149011612
150.029,1.0,9.752670856958462,0.10000000149011612
150.078,1.0,9.835071108014219,0.10000000149011612
150.125,1.0,9.862717609852552,0.10000000149011612
150.173,1.0,9.615366125996742,0.10000000149011612
150.222,1.0,9.807731835792461,0.10000000149011612
150.274,1.0,9.862634314306908,0.10000000149011612
150.332,1.0,9.752775267490911,0.10000000149011612
150.378,1.0,9.835127980717354,0.10000000149011612
150.432,1.0,9.807705181298985,0.10000000149011612
150.478,1.0,9.725433411552673,0.10000000149011612
150.53,1.0,9.780149409754408,0.10000000149011612
150.581,1.0,9.752711512769261,0.10000000149011612
150.626,1.0,9.780310841256545,0.10000000149011612
150.677,1.0,9.780234363944166,0.10000000149011612
150.733,1.0,9.835216507522595,0.10000000149011612
150.777,1.0,9.890117209342618,0.10000000149011612
150.828,1.0,9.917621533655458,0.10000000149011612
150.883,1.0,9.725328880776134,0.10000000149011612
150.934,1.0,9.862896115353537,0.10000000149011612
150.979,1.0,9.725298703254925,0.10000000149011612
151.032,1.0,9.945095978615184,0.10000000149011612
151.078,1.0,9.807695377928516,0.10000000149011612
151.132,1.0,9.752833102891843,0.10000000149011612
151.186,1.0,9.890068728042145,0.10000000149011612
151.237,1.0,9.972633048229747,0.1478973627090454
151.284,1.0,9.780011211004522,0.10000000149011612
151.335,1.0,9.807667206082908,0.10000000149011612
151.387,1.0,9.780017971330219,0.10000000149011612
151.437,1.0,9.72516244513293,0.10000000149011612
151.484,1.0,9.835062237125303,0.10000000149011612
151.537,1.0,9.917766231815849,0.11889534443616867
151.587,1.0,9.69792091494633,0.10000000149011612
151.646,1.0,9.807826065872279,0.10000000149011612
151.686,1.0,9.780217417826256,0.10000000149011612
151.737,1.0,9.807625962400602,0.10000000149011612
151.794,1.0,9.75255617675268,0.10000000149011612
151.836,1.0,9.917532582456866,0.10000000149011612
151.887,1.0,9.807628803927866,0.10000000149011612
151.934,1.0,9.835169313061568,0.10000000149011612
151.986,1.0,9.8626077922475,0.10000000149011612
152.049,1.0,9.725652466383245,0.10000000149011612
152.087,1.0,9.835128963717985,0.10000000149011612
152.138,1.0,9.835122036995987,0.10000000149011612
152.188,1.0,9.807727747265663,0.10000000149011612
152.239,1.0,9.780227298206754,0.10000000149011612
152.291,1.0,9.807856089994312,0.10000000149011612
152.338,1.0,9.835316769861512,0.10000000149011612
152.389,1.0,9.862552239456111,0.10000000149011612
152.441,1.0,9.862663708399568,0.10000000149011612
152.496,1.0,9.917623313309418,0.10000000149011612
152.539,1.0,9.835067373762529,0.10000000149011612
152.595,1.0,9.8352376923172,0.10000000149011612
152.64,1.0,9.752773395015133,0.10000000149011612
152.692,1.0,9.862836946774689,0.10000000149011612
152.743,1.0,9.890046667162743,0.10000000149011612
152.79,1.0,9.807610626063413,0.10000000149011612
152.84,1.0,9.807647539902892,0.10000000149011612
152.891,1.0,9.862713776177003,0.10000000149011612
152.946,1.0,9.862672408090697,0.10000000149011612
152.991,1.0,9.725510416924953,0.10000000149011612
153.04,1.0,9.725261184925007,0.10000000149011612
153.09,1.0,9.89016713582807,0.10000000149011612
153.145,1.0,9.862674133169154,0.10000000149011612
153.195,1.0,9.862671395122177,0.10000000149011612
153.254,1.0,9.725363376446897,0.10000000149011612
153.301,1.0,9.807689350119068,0.10000000149011612
153.35,1.0,9.835084118921724,0.10000000149011612
153.401,1.0,9.862500000020695,0.10000000149011612
153.447,1.0,9.670426042957438,0.10000000149011612
153.5,1.0,9.752935233525932,0.10000000149011612
153.55,1.0,9.80773323583934,0.10000000149011612
153.602,1.0,9.835132293444541,0.10000000149011612
153.647,1.0,9.86266138514297,0.10000000149011612
153.7,1.0,9.890052231877215,0.10000000149011612
153.752,1.0,9.945047524343762,0.10000000149011612
153.802,1.0,9.807668098765943,0.10000000149011612
153.856,1.0,9.780146037476758,0.10000000149011612
153.908,1.0,9.807764104795124,0.10000000149011612
153.954,1.0,9.862593911215663,0.10000000149011612
154.005,1.0,9.835091968770657,0.10000000149011612
154.058,1.0,9.89033107055972,0.11361124366521835
154.107,1.0,9.890199809148907,0.10000000149011612
154.157,1.0,9.83540155266722,0.10000000149011612
154.208,1.0,9.890091898685528,0.10000000149011612
154.257,1.0,9.862764538514117,0.10000000149011612
154.307,1.0,9.615423917894562,0.10000000149011612
154.359,1.0,9.835257297361062,0.10000000149011612
154.415,1.0,9.80762129953752,0.10000000149011612
154.463,1.0,9.862767517132063,0.10000000149011612
154.514,1.0,9.807672403276795,0.10000000149011612
154.563,1.0,9.752799541482496,0.10000000149011612
154.613,1.0,9.862687311114536,0.10000000149011612
154.663,1.0,9.807605859885614,0.10000000149011612
154.713,1.0,9.752641063224939,0.10000000149011612
154.764,1.0,9.835392703860999,0.10000000149011612
154.815,1.0,9.862500227635934,0.10000000149011612
154.863,1.0,9.862698787637054,0.10000000149011612
154.915,1.0,9.89017999695821,0.10000000149011612
154.963,1.0,9.80777150473247,0.10000000149011612
155.014,1.0,9.890172687110802,0.10000000149011612
155.063,1.0,9.890204250440002,0.10000000149011612
155.113,1.0,9.835124412841267,0.10000000149011612
155.162,1.0,9.807919883686635,0.10000000149011612
155.228,1.0,9.807647817685373,0.10000000149011612
155.264,1.0,9.780152440650596,0.10000000149011612
155.314,1.0,9.780397990966836,0.10000000149011612
155.376,1.0,9.862877312095629,0.10000000149011612
155.413,1.0,9.862722085809542,0.10000000149011612
155.464,1.0,9.78026718540738,0.10000000149011612
155.516,1.0,9.89012777387268,0.10000000149011612
155.564,1.0,9.753190751953257,0.10000000149011612
155.622,1.0,9.807789874780509,0.10000000149011612
155.664,1.0,9.807755087233252,0.10000000149011612
155.713,1.0,9.75274992748681,0.10000000149011612
155.767,1.0,9.780365639614562,0.10000000149011612
155.813,1.0,9.807745667443507,0.10000000149011612
155.867,1.0,9.83541103715284,0.10000000149011612
155.918,1.0,9.725347014288936,0.10000000149011612
155.968,1.0,9.780345836116208,0.10000000149011612
156.016,1.0,9.972632460296154,0.147685706615448
156.07,1.0,9.725404107591345,0.10000000149011612
156.118,1.0,9.72546253796253,0.10000000149011612
156.169,1.0,9.972500000004139,0.10000000149011612
156.219,1.0,9.917587730329897,0.10000000149011612
156.267,1.0,9.75278548207134,0.10000000149011612
156.32,1.0,9.807649790950947,0.10000000149011612
156.377,1.0,9.862612484850818,0.10000000149011612
156.417,1.0,9.670340941122008,0.10000000149011612
156.467,1.0,9.725305997973514,0.10000000149011612
156.518,1.0,9.835159542452958,0.10000000149011612
156.573,1.0,9.752810250533123,0.10000000149011612
156.621,1.0,9.890013198802869,0.10000000149011612
156.673,1.0,9.807910433183942,0.10000000149011612
156.722,1.0,9.83528613926222,0.10000000149011612
156.771,1.0,9.835096401597063,0.10000000149011612
156.823,1.0,9.725250729773608,0.10000000149011612
156.878,1.0,9.862734863969187,0.10000000149011612
156.923,1.0,9.75286550881962,0.10000000149011612
156.973,1.0,9.835072837356064,0.10000000149011612
157.028,1.0,9.890056858998205,0.10099926590919495
157.073,1.0,9.86281106227802,0.10000000149011612
157.123,1.0,9.807956229398648,0.10000000149011612
157.177,1.0,9.835089331306516,0.10000000149011612
157.223,1.0,9.807714948285785,0.10000000149011612
157.282,1.0,9.780175567004417,0.10000000149011612
157.326,1.0,9.752907780268126,0.10000000149011612
157.383,1.0,9.75298565655119,0.10117162019014359
157.427,1.0,9.725199583255582,0.10000000149011612
157.481,1.0,9.890066278311942,0.10000000149011612
157.528,1.0,9.835082938170267,0.10000000149011612
157.581,1.0,9.752835247934692,0.10000000149011612
157.626,1.0,9.890139120858576,0.1012858971953392
157.677,1.0,9.753097393425803,0.10000000149011612
157.724,1.0,9.697700646623142,0.10000000149011612
157.775,1.0,9.752986036323838,0.10000000149011612
157.828,1.0,9.725329962993662,0.10000000149011612
157.876,1.0,9.725176025782194,0.10000000149011612
157.926,1.0,9.835281103021568,0.10000000149011612
157.979,1.0,9.890204489562247,0.10000000149011612
158.032,1.0,9.807723191566765,0.10000000149011612
158.087,1.0,9.835307496765422,0.10000000149011612
158.145,1.0,9.780434217738609,0.10000000149011612
158.182,1.0,9.808014156483114,0.10012266039848328
158.231,1.0,9.862767749714354,0.10000000149011612
158.281,1.0,9.862670989251798,0.10000000149011612
158.332,1.0,9.780330322082673,0.10000000149011612
158.381,1.0,9.862701417174604,0.10000000149011612
158.434,1.0,9.8626412625735,0.10000000149011612
158.481,1.0,9.643009669726922,0.10000000149011612
158.539,1.0,9.835206820567448,0.10000000149011612
158.583,1.0,9.835040130259262,0.10000000149011612
158.633,1.0,9.862821829277609,0.10000000149011612
158.676,1.0,9.80771778507365,0.10000000149011612
158.733,1.0,9.752756311392618,0.10000000149011612
158.784,1.0,9.972601798342334,0.13664740324020386
158.833,1.0,9.91762063857168,0.10000000149011612
158.889,1.0,9.78048619058811,0.10366341471672058
158.93,1.0,9.807555911689997,0.10000000149011612
158.987,1.0,9.862614997621211,0.10000000149011612
159.032,1.0,9.807796890681816,0.10000000149011612
159.085,1.0,9.697999209682974,0.10000000149011612
159.135,1.0,9.69820928575678,0.10000000149011612
159.185,1.0,9.670390718533762,0.10000000149011612
159.235,1.0,9.890173300666113,0.10000000149011612
159.287,1.0,9.862602041289211,0.10000000149011612
159.334,1.0,9.807869012136425,0.10000000149011612
159.385,1.0,9.80767970273478,0.10000000149011612
159.435,1.0,9.78024533579333,0.10000000149011612
159.486,1.0,9.862809613078005,0.10016555339097977
159.541,1.0,9.697916573679281,0.10000000149011612
159.593,1.0,9.890039425695107,0.10000000149011612
159.642,1.0,9.890201463384761,0.10000000149011612
159.689,1.0,9.91765797978474,0.10000000149011612
159.739,1.0,9.807699832879006,0.10000000149011612
159.789,1.0,9.80762606083105,0.10000000149011612
159.84,1.0,9.807917752675712,0.10000000149011612
159.892,1.0,9.807796922512352,0.10000000149011612
159.938,1.0,9.780275727663604,0.10000000149011612
159.991,1.0,9.80774304655691,0.10000000149011612
160.045,1.0,9.753257041155464,0.10000000149011612
160.09,1.0,9.945036462528838,0.10000000149011612
160.14,1.0,9.86281390827563,0.10000000149011612
160.193,1.0,9.670228416451977,0.10000000149011612
160.243,1.0,9.780521780066191,0.10000000149011612
160.3,1.0,9.9725161207012,0.10580345243215561
160.349,1.0,9.780373752489686,0.10000000149011612
160.393,1.0,9.72526264294154,0.10000000149011612
160.449,1.0,9.752845475450158,0.10000000149011612
160.5,1.0,9.862633600168758,0.10000000149011612
160.543,1.0,9.89013465444247,0.10000000149011612
160.593,1.0,9.862672592347694,0.10000000149011612
160.644,1.0,9.80772068347368,0.10000000149011612
160.694,1.0,9.890083076701396,0.10000000149011612
160.747,1.0,9.752844208478928,0.10000000149011612
160.797,1.0,9.917544375360013,0.10000000149011612
160.843,1.0,9.835150511148903,0.10000000149011612
160.893,1.0,9.917770764852564,0.12533995509147644
160.945,1.0,9.587871294861866,0.10000000149011612
160.993,1.0,9.945076734386385,0.10000000149011612
161.057,1.0,9.862537699006499,0.10000000149011612
161.094,1.0,9.86293085238172,0.10768741369247437
161.151,1.0,9.835326841970284,0.10000000149011612
161.193,1.0,9.890214903321532,0.10000000149011612
161.255,1.0,9.807951715816227,0.10000000149011612
161.297,1.0,9.862556525713039,0.10000000149011612
161.354,1.0,9.835332617494796,0.10000000149011612
161.4,1.0,9.807930390474697,0.10000000149011612
161.453,1.0,9.890071139174204,0.10000000149011612
161.506,1.0,9.890021386846072,0.10000000149011612
161.553,1.0,9.780340438377525,0.10000000149011612
161.601,1.0,9.890258213960463,0.10000000149011612
161.651,1.0,9.862707899862693,0.10000000149011612
161.704,1.0,9.752932136981851,0.10000000149011612
161.758,1.0,9.752623944253557,0.10000000149011612
161.802,1.0,9.862650850601494,0.10000000149011612
161.856,1.0,9.917624107582702,0.10000000149011612
161.911,1.0,9.807905395970577,0.10000000149011612
161.957,1.0,9.807846531830728,0.10000000149011612
162.007,1.0,9.807768290841745,0.10000000149011612
162.056,1.0,9.7527877162935,0.10000000149011612
162.107,1.0,9.69763912997312,0.10000000149011612
162.157,1.0,9.75284283850342,0.10000000149011612
162.206,1.0,9.807884713448583,0.10000000149011612
162.256,1.0,9.917623198591173,0.10000000149011612
162.306,1.0,9.807707293559279,0.10000000149011612
162.36,1.0,9.752802373717229,0.10000000149011612
162.414,1.0,9.835182540118694,0.10000000149011612
162.454,1.0,9.890064003277157,0.10000000149011612
162.509,1.0,9.780259253457189,0.10000000149011612
162.558,1.0,9.835308859559397,0.10000000149011612
162.615,1.0,9.725663198489283,0.10000000149011612
162.66,1.0,9.698165052611795,0.10000000149011612
162.71,1.0,9.753126035444438,0.10000000149011612
162.769,1.0,9.752990845259692,0.10000000149011612
162.809,1.0,9.725257939017482,0.10000000149011612
162.862,1.0,9.752839842769834,0.10000000149011612
162.912,1.0,9.917658448860877,0.10000000149011612
162.964,1.0,9.862626089921427,0.10000000149011612
163.011,1.0,9.725129072740675,0.10000000149011612
163.063,1.0,9.780126215703785,0.10000000149011612
163.109,1.0,9.807500000028975,0.10000000149011612
163.159,1.0,9.862734811856514,0.10000000149011612
163.213,1.0,9.642934894230631,0.10000000149011612
163.264,1.0,9.670502466998167,0.10000000149011612
163.313,1.0,9.697842991289994,0.10000000149011612
163.364,1.0,9.752952678501606,0.10000000149011612
163.413,1.0,9.697931098420586,0.10000000149011612
163.463,1.0,9.78026741600285,0.10000000149011612
163.516,1.0,9.752652566383283,0.10000000149011612
163.567,1.0,9.780128825062679,0.10000000149011612
163.613,1.0,9.835115904816323,0.10000000149011612
163.662,1.0,9.753068448023663,0.10000000149011612
163.711,1.0,9.835160331428051,0.10000000149011612
163.763,1.0,9.86260304318534,0.10000000149011612
163.819,1.0,9.862645039438373,0.10000000149011612
163.861,1.0,9.725352859248718,0.10000000149011612
163.911,1.0,9.890173741098907,0.10000000149011612
163.963,1.0,9.780401905605363,0.10000000149011612
164.012,1.0,9.560577218275931,0.10000000149011612
164.063,1.0,9.780310816648933,0.10000000149011612
164.112,1.0,9.807853518695467,0.10000000149011612
164.16,1.0,9.890398065000772,0.12881673872470856
164.212,1.0,9.780402544264993,0.10000000149011612
164.262,1.0,9.75316785859565,0.10000000149011612
164.319,1.0,9.890220015972025,0.10091537982225418
164.37,1.0,9.807597192790773,0.10000000149011612
164.418,1.0,9.862510499834187,0.10000000149011612
164.468,1.0,9.725452623723282,0.10000000149011612
164.52,1.0,9.835504300519824,0.10000000149011612
164.566,1.0,9.8075220040977,0.10000000149011612
164.617,1.0,9.917500000012417,0.10000000149011612
164.667,1.0,9.670248811340166,0.10000000149011612
164.719,1.0,9.752935746146573,0.10000000149011612
164.763,1.0,9.862922705647845,0.10000000149011612
164.817,1.0,9.78038303328471,0.10000000149011612
164.867,1.0,9.807863065496916,0.10000000149011612
164.918,1.0,9.862502778776818,0.10000000149011612
164.968,1.0,9.835315382004612,0.10000000149011612
165.018,1.0,9.835240144199796,0.10000000149011612
165.068,1.0,9.780360717367795,0.10000000149011612
165.122,1.0,9.835219283815887,0.10000000149011612
165.178,1.0,9.75260476792852,0.10000000149011612
165.218,1.0,9.615350463117162,0.10000000149011612
165.268,1.0,9.752820202004578,0.10000000149011612
165.321,1.0,9.807725447519786,0.10000000149011612
165.371,1.0,9.725322538241745,0.10000000149011612
165.421,1.0,9.780167747661471,0.10000000149011612
165.47,1.0,9.807975180219445,0.10000000149011612
165.522,1.0,9.89009677492496,0.10000000149011612
165.578,1.0,9.780024671099252,0.10000000149011612
165.62,1.0,9.807651590059201,0.10000000149011612
165.664,1.0,9.807559932085375,0.10000000149011612
165.726,1.0,9.80766265431626,0.10000000149011612
165.775,1.0,9.80794164041678,0.10000000149011612
165.828,1.0,9.780541071254346,0.10000000149011612
165.878,1.0,9.917528136157328,0.10000000149011612
165.929,1.0,9.917500573169026,0.10000000149011612
165.981,1.0,9.752818651704324,0.10000000149011612
166.028,1.0,9.807807587459683,0.10000000149011612
166.078,1.0,9.862633663271037,0.10000000149011612
166.13,1.0,9.725163660053578,0.10000000149011612
166.182,1.0,9.862576417169636,0.10000000149011612
166.229,1.0,9.890238805239399,0.10000000149011612
166.279,1.0,9.890165466856626,0.10000000149011612
166.33,1.0,9.75301418542448,0.10000000149011612
166.381,1.0,9.780168056301772,0.10000000149011612
166.428,1.0,9.83516310788691,0.10000000149011612
166.48,1.0,9.835164903228481,0.10000000149011612
166.534,1.0,9.780371560860011,0.10000000149011612
166.58,1.0,9.780187635268602,0.10000000149011612
166.636,1.0,9.780110982991754,0.10000000149011612
166.681,1.0,9.72526534822666,0.10000000149011612
166.732,1.0,9.752614652862151,0.10000000149011612
166.782,1.0,9.780386841255758,0.10000000149011612
166.834,1.0,9.697665767143999,0.10000000149011612
166.882,1.0,9.835114105314844,0.10000000149011612
166.932,1.0,9.862650119037264,0.10000000149011612
166.983,1.0,9.835229282826186,0.10000000149011612
167.035,1.0,9.670394278566043,0.10000000149011612
167.083,1.0,9.807692120824424,0.10000000149011612
167.132,1.0,9.807592170830402,0.10000000149011612
167.183,1.0,9.72528415719668,0.10000000149011612
167.233,1.0,9.862544432054792,0.10000000149011612
167.286,1.0,9.807851638851893,0.10000000149011612
167.338,1.0,9.835129383682377,0.10000000149011612
167.381,1.0,9.83514817537119,0.10000000149011612
167.444,1.0,9.725432473959195,0.10000000149011612
167.486,1.0,9.670513530282511,0.10000000149011612
167.536,1.0,9.862731441213853,0.10000000149011612
167.591,1.0,9.945199886047178,0.1315445452928543
167.637,1.0,9.890044730094571,0.10000000149011612
167.689,1.0,9.835089356038306,0.10000000149011612
167.738,1.0,9.862500000020695,0.10000000149011612
167.795,1.0,9.725182956560618,0.10000000149011612
167.846,1.0,9.945054517024094,0.10060443729162216
167.887,1.0,9.807745469278759,0.10000000149011612
167.938,1.0,9.69805746531735,0.10000000149011612
167.993,1.0,9.780456453851528,0.10000000149011612
168.038,1.0,9.752760621491406,0.10000000149011612
168.088,1.0,9.835311221496926,0.10000000149011612
168.139,1.0,9.807876279246475,0.10000000149011612
168.188,1.0,9.862771172490385,0.10000000149011612
168.249,1.0,9.725491909827623,0.10000000149011612
168.287,1.0,9.917568925374912,0.10000000149011612
168.337,1.0,9.890093898711106,0.10000000149011612
168.39,1.0,9.808035641122196,0.10000000149011612
168.442,1.0,9.86261789014356,0.10000000149011612
168.491,1.0,9.752948068289292,0.10000000149011612
168.537,1.0,9.780506034091943,0.10000000149011612
168.588,1.0,9.780363454835282,0.10000000149011612
168.636,1.0,9.890239409605663,0.10000000149011612
168.685,1.0,9.807930730800662,0.10000000149011612
168.738,1.0,9.725518023636607,0.10000000149011612
168.787,1.0,9.725377199219333,0.10000000149011612
168.835,1.0,9.725295627841518,0.10000000149011612
168.886,1.0,9.807784706064396,0.10000000149011612
168.937,1.0,9.752662167077263,0.10000000149011612
168.988,1.0,9.753010331860018,0.10000000149011612
169.037,1.0,9.807914524318443,0.10000000149011612
169.089,1.0,9.917561834181349,0.10000000149011612
169.137,1.0,9.835038539518912,0.10000000149011612
169.187,1.0,9.91760794389993,0.10000000149011612
169.237,1.0,9.862791098985408,0.10000000149011612
169.288,1.0,9.862628270313143,0.10000000149011612
169.346,1.0,9.835255075556537,0.10000000149011612
169.387,1.0,9.890165630521047,0.10000000149011612
169.438,1.0,9.780287174859808,0.10000000149011612
169.488,1.0,9.862645964365866,0.10000000149011612
169.54,1.0,9.752828070831795,0.10000000149011612
169.588,1.0,9.780057371014522,0.10000000149011612
169.642,1.0,9.807753784540626,0.10000000149011612
169.687,1.0,9.890148795002865,0.10000000149011612
169.742,1.0,9.862653827750021,0.10000000149011612
169.788,1.0,9.752747606879307,0.10000000149011612
169.839,1.0,9.945050761724511,0.10000000149011612
169.891,1.0,9.807755107080771,0.10000000149011612
169.939,1.0,9.835296634708842,0.10000000149011612
169.987,1.0,9.752798418928352,0.10000000149011612
170.038,1.0,9.725257870492836,0.10000000149011612
170.088,1.0,9.86268914124618,0.10000000149011612
170.138,1.0,9.752790436024467,0.10000000149011612
170.196,1.0,9.7802988194964,0.10000000149011612
170.247,1.0,9.835489783477453,0.10000000149011612
170.292,1.0,9.752707205278178,0.10000000149011612
170.347,1.0,9.753159439708623,0.10000000149011612
170.405,1.0,9.862530397520297,0.10000000149011612
170.446,1.0,9.780328033761018,0.10000000149011612
170.509,1.0,9.752722565995322,0.10000000149011612
170.547,1.0,9.890259083256954,0.10000000149011612
170.601,1.0,9.835262203195857,0.10000000149011612
170.651,1.0,9.752778237975306,0.10000000149011612
170.7,1.0,9.725465516145858,0.10000000149011612
170.755,1.0,9.807621120682192,0.10000000149011612
170.801,1.0,9.972521155182687,0.1076158657670021
170.853,1.0,9.697858878494136,0.10000000149011612
170.904,1.0,9.697988694533706,0.10000000149011612
170.952,1.0,9.807909432177743,0.10000000149011612
171.007,1.0,9.808077145243685,0.10000000149011612
171.053,1.0,9.890245940080947,0.10000000149011612
171.109,1.0,9.807803222599128,0.10000000149011612
171.163,1.0,9.807708522408372,0.10000000149011612
171.204,1.0,9.862711418275204,0.10000000149011612
171.253,1.0,9.862666169098683,0.10000000149011612
171.305,1.0,9.752849009984898,0.10000000149011612
171.353,1.0,9.725357471716901,0.10000000149011612
171.403,1.0,9.643183761814402,0.10000000149011612
171.455,1.0,9.725112619395885,0.10000000149011612
171.511,1.0,9.780222712395092,0.10000000149011612
171.546,1.0,9.862692161401112,0.10000000149011612
171.603,1.0,9.945000000008278,0.10000000149011612
171.655,1.0,9.835195898864832,0.10000000149011612
171.704,1.0,9.807956427563395,0.11576247215270996
171.757,1.0,9.9451862419645,0.12656988203525543
171.813,1.0,9.78026915366451,0.10000000149011612
171.858,1.0,9.835231601198513,0.10000000149011612
171.908,1.0,9.752957561591433,0.10000000149011612
171.958,1.0,9.890084819826814,0.10000000149011612
172.007,1.0,9.835288628770245,0.10151348263025284
172.061,1.0,9.80754826604906,0.10000000149011612
172.107,1.0,9.835090902199347,0.10000000149011612
172.16,1.0,9.807964596193697,0.10000000149011612
172.208,1.0,9.780462763624058,0.10000000149011612
172.258,1.0,9.752809892139501,0.10000000149011612
172.311,1.0,9.890009410120546,0.10000000149011612
172.363,1.0,9.780432593656911,0.10000000149011612
172.413,1.0,9.9175794404207,0.10000000149011612
172.462,1.0,9.753142152147161,0.10000000149011612
172.511,1.0,9.89029446904444,0.1077641174197197
172.563,1.0,9.89008447173983,0.10000000149011612
172.611,1.0,9.780259391893114,0.10000000149011612
172.663,1.0,9.753015937407811,0.10000000149011612
172.719,1.0,9.780393834639755,0.10000000149011612
172.762,1.0,9.862666839795809,0.10000000149011612
172.817,1.0,9.80792040264027,0.10000000149011612
172.866,1.0,9.643005148135126,0.10000000149011612
172.916,1.0,9.725198089579742,0.10000000149011612
172.965,1.0,9.807720493007865,0.10000000149011612
173.016,1.0,9.753093969594273,0.10000000149011612
173.067,1.0,9.752562976318101,0.10000000149011612
173.118,1.0,9.807747682866951,0.10000000149011612
173.165,1.0,9.807717356065082,0.10000000149011612
173.226,1.0,9.835196014700664,0.10000000149011612
173.266,1.0,9.78052070753442,0.10000000149011612
173.316,1.0,9.835118190095656,0.10000000149011612
173.369,1.0,9.752914410974416,0.10000000149011612
173.415,1.0,9.780398110527958,0.10000000149011612
173.468,1.0,9.835119547136127,0.10000000149011612
173.524,1.0,9.83513765444772,0.10000000149011612
173.566,1.0,9.725485789568888,0.10000000149011612
173.617,1.0,9.670284326002001,0.10000000149011612
173.667,1.0,9.780174375718666,0.10000000149011612
173.717,1.0,9.780301177211934,0.10000000149011612
173.766,1.0,9.89012675601989,0.10000000149011612
173.819,1.0,9.780188080006175,0.10000000149011612
173.865,1.0,9.807958710483378,0.10000000149011612
173.916,1.0,9.725374817475677,0.10000000149011612
173.969,1.0,9.835056645981968,0.10000000149011612
174.019,1.0,9.862764907235073,0.10000000149011612
174.066,1.0,9.80781715458466,0.10000000149011612
174.117,1.0,9.75276066424946,0.10000000149011612
174.167,1.0,9.807613389814893,0.10000000149011612
174.215,1.0,9.807718768695162,0.10000000149011612
174.266,1.0,9.75291380515943,0.10000000149011612
174.315,1.0,9.807761437901192,0.10000000149011612
174.366,1.0,9.807672168376545,0.10000000149011612
174.425,1.0,9.890351901886364,0.10000000149011612
174.467,1.0,9.75287266406748,0.10000000149011612
174.517,1.0,9.7803638809671,0.10000000149011612
174.57,1.0,9.752771499339078,0.10000000149011612
174.618,1.0,9.835356907256775,0.10000000149011612
174.668,1.0,9.780224348045886,0.10000000149011612
174.723,1.0,9.752961578033865,0.10000000149011612
174.764,1.0,9.752686216247579,0.10000000149011612
174.817,1.0,9.835295567951269,0.10000000149011612
174.867,1.0,9.8076564701481,0.10000000149011612
174.917,1.0,9.725370482313965,0.10000000149011612
174.971,1.0,9.80774778669907,0.10000000149011612
175.021,1.0,9.862708103346328,0.10000000149011612
175.069,1.0,9.945124980414079,0.10000000149011612
175.119,1.0,9.917509322261644,0.10000000149011612
175.171,1.0,9.94503228113883,0.10000000149011612
175.218,1.0,9.725439622605013,0.10000000149011612
175.269,1.0,9.780239054208828,0.10000000149011612
175.321,1.0,9.86259616807931,0.10000000149011612
175.372,1.0,9.780269779223534,0.10000000149011612
175.426,1.0,9.835119980946184,0.10000000149011612
175.468,1.0,9.835404469548829,0.10000000149011612
175.52,1.0,9.862649567176899,0.10000000149011612
175.571,1.0,9.725303714184298,0.10000000149011612
175.625,1.0,9.698141322781643,0.10000000149011612
175.67,1.0,9.753083132372963,0.10000000149011612
175.724,1.0,9.78025949916078,0.10000000149011612
175.774,1.0,9.862629120672743,0.10000000149011612
175.826,1.0,9.752875598892569,0.10000000149011612
175.874,1.0,9.75285293319159,0.10000000149011612
175.928,1.0,9.917755168034798,0.1194811537861824
175.978,1.0,9.780278252147966,0.10000000149011612
176.026,1.0,9.862692203538286,0.10000000149011612
176.076,1.0,9.752755347535842,0.10000000149011612
176.125,1.0,9.835167826691436,0.10000000149011612
176.177,1.0,9.725300746825006,0.10000000149011612
176.227,1.0,9.862708409482407,0.10000000149011612
176.276,1.0,9.83535306368851,0.10000000149011612
176.326,1.0,9.945000000008278,0.10000000149011612
176.375,1.0,9.890122413242029,0.10000000149011612
176.428,1.0,9.75276754465368,0.10000000149011612
176.48,1.0,9.86257435509728,0.10000000149011612
176.527,1.0,9.780236918148066,0.10000000149011612
176.578,1.0,9.807738734968007,0.10000000149011612
176.632,1.0,9.862847572440902,0.10000000149011612
176.679,1.0,9.725693982674017,0.10000000149011612
176.728,1.0,9.862671643309294,0.10000000149011612
176.778,1.0,9.945155908063882,0.12413918226957321
176.829,1.0,9.698028366888563,0.10000000149011612
176.881,1.0,9.890160802441338,0.10000000149011612
176.931,1.0,9.80793181206617,0.10000000149011612
176.98,1.0,9.890254879308243,0.10000000149011612
177.03,1.0,9.808016262948513,0.10000000149011612
177.082,1.0,9.862604558012551,0.10000000149011612
177.136,1.0,9.807706654651298,0.10000000149011612
177.188,1.0,9.835198743641376,0.10000000149011612
177.229,1.0,9.835151943502327,0.10000000149011612
177.28,1.0,9.807743981998,0.10000000149011612
177.336,1.0,9.780329203522868,0.10000000149011612
177.388,1.0,9.862732870152428,0.10000000149011612
177.435,1.0,9.780280881995957,0.10000000149011612
177.487,1.0,9.780177044330372,0.10000000149011612
177.536,1.0,9.835133666069144,0.10000000149011612
177.586,1.0,9.78012362068726,0.10000000149011612
177.64,1.0,9.752774208846192,0.10000000149011612
177.686,1.0,9.670294682391816,0.10000000149011612
177.737,1.0,9.807606030524605,0.10000000149011612
177.786,1.0,9.752818112985956,0.10000000149011612
177.837,1.0,9.890143793076277,0.10000000149011612
177.885,1.0,9.80771988408847,0.10000000149011612
177.949,1.0,9.780323994014825,0.10000000149011612
177.985,1.0,9.835090795386996,0.10000000149011612
178.038,1.0,9.615705406086313,0.10000000149011612
178.089,1.0,9.642939545503921,0.10000000149011612
178.137,1.0,9.752850328158173,0.10000000149011612
178.187,1.0,9.890129914176132,0.10000000149011612
178.238,1.0,9.67063104591022,0.10000000149011612
178.287,1.0,9.643029312437607,0.10000000149011612
178.347,1.0,9.615469414078527,0.10000000149011612
178.389,1.0,9.807803052622411,0.10000000149011612
178.437,1.0,9.7528565550223,0.10000000149011612
178.488,1.0,9.862609877789186,0.10000000149011612
178.537,1.0,9.86276668175641,0.10000000149011612
178.586,1.0,9.862757443657351,0.10000000149011612
178.643,1.0,9.8352882085575,0.10000000149011612
178.687,1.0,9.780368125252426,0.10000000149011612
178.737,1.0,9.6979133259712,0.10000000149011612
178.793,1.0,9.78049263364325,0.10000000149011612
178.838,1.0,9.917636148714356,0.10000000149011612
178.895,1.0,9.807635909650061,0.10000000149011612
178.937,1.0,9.78032244414919,0.10000000149011612
178.997,1.0,9.72537060595221,0.10000000149011612
179.038,1.0,9.725633197815881,0.10000000149011612
179.088,1.0,9.725254516034491,0.10000000149011612
179.144,1.0,9.670705585554241,0.10000000149011612
179.193,1.0,9.835129721400639,0.10000000149011612
179.244,1.0,9.615932784270909,0.10000000149011612
179.293,1.0,9.835219796809058,0.10000000149011612
179.347,1.0,9.86253958961202,0.10000000149011612
179.405,1.0,9.725145870819688,0.10000000149011612
179.433,1.0,9.862612045846051,0.10000000149011612
179.5,1.0,9.862557960798343,0.10000000149011612
179.543,1.0,9.862751793447469,0.10000000149011612
179.601,1.0,9.945108577091661,0.10000000149011612
179.645,1.0,9.807728458547757,0.10000000149011612
179.697,1.0,9.725329830683767,0.10000000149011612
179.744,1.0,9.725187728905844,0.10000000149011612
179.806,1.0,9.780328915433751,0.10000000149011612
179.847,1.0,9.725241280988687,0.10000000149011612
179.895,1.0,9.862719070228438,0.10000000149011612
179.948,1.0,9.835335396002565,0.10000000149011612
179.999,1.0,9.835131598119107,0.10000000149011612
180.045,1.0,9.69798589317749,0.10000000149011612
180.095,1.0,9.835250687909623,0.10000000149011612
180.145,1.0,9.752912218972213,0.10000000149011612
180.197,1.0,9.835197874882983,0.10000000149011612
180.244,1.0,9.862778669388758,0.10000000149011612
180.295,1.0,9.862710022533106,0.10000000149011612
180.346,1.0,9.835333964104453,0.10000000149011612
180.4,1.0,9.862602148246435,0.10000000149011612
180.45,1.0,9.752955009912451,0.10000000149011612
180.501,1.0,9.862749737356271,0.10000000149011612
180.548,1.0,9.807951761099199,0.10000000149011612
180.598,1.0,9.835159051873617,0.10000000149011612
180.65,1.0,9.752678817986615,0.10000000149011612
180.7,1.0,9.862795336854955,0.10000000149011612
180.748,1.0,9.725541209263934,0.10000000149011612
180.797,1.0,9.835264072856969,0.10000000149011612
180.853,1.0,9.780289388572177,0.10000000149011612
180.899,1.0,9.642833540919755,0.10000000149011612
180.958,1.0,9.725193564324742,0.10000000149011612
180.999,1.0,9.835458034483922,0.10000000149011612
181.05,1.0,9.697959414476323,0.10000000149011612
181.099,1.0,9.862696794544657,0.10000000149011612
181.145,1.0,9.835000926918454,0.10000000149011612
181.2,1.0,9.807702187034819,0.10000000149011612
181.25,1.0,9.752655440568924,0.10000000149011612
181.299,1.0,9.75269163729002,0.10000000149011612
181.36,1.0,9.780276942936082,0.10000000149011612
181.405,1.0,9.862795265888174,0.10000000149011612
181.458,1.0,9.780246619135141,0.10000000149011612
181.506,1.0,9.807683456088935,0.10000000149011612
181.555,1.0,9.697722777662177,0.10000000149011612
181.611,1.0,9.69771562177274,0.10000000149011612
181.655,1.0,9.752799105437266,0.10000000149011612
181.713,1.0,9.752799395658077,0.10000000149011612
181.757,1.0,9.835086595453323,0.10000000149011612
181.805,1.0,9.64270297187484,0.10000000149011612
181.856,1.0,9.80763228357666,0.10000000149011612
181.906,1.0,9.80760860329287,0.10000000149011612
181.957,1.0,9.780362039680282,0.10000000149011612
182.005,1.0,9.807634818326267,0.10000000149011612
182.056,1.0,9.862697164755728,0.10000000149011612
182.106,1.0,9.807797017362383,0.10000000149011612
182.161,1.0,9.780157688135903,0.10000000149011612
182.213,1.0,9.807861439573268,0.10000000149011612
182.259,1.0,9.835157536363436,0.10000000149011612
182.315,1.0,9.862573254232606,0.10000000149011612
182.363,1.0,9.807758290175762,0.10000000149011612
182.411,1.0,9.807923578512337,0.10000000149011612
182.462,1.0,9.862756568586661,0.10000000149011612
182.511,1.0,9.780557865359716,0.10000000149011612
182.565,1.0,9.725662984119522,0.10000000149011612
182.611,1.0,9.835351871450742,0.10000000149011612
182.664,1.0,9.862778320122096,0.10000000149011612
182.713,1.0,9.807696991351744,0.10000000149011612
182.77,1.0,9.67035922019018,0.10000000149011612
182.816,1.0,9.917594747948979,0.10000000149011612
182.869,1.0,9.670556458727352,0.10000000149011612
182.915,1.0,9.698169170154465,0.10000000149011612
182.966,1.0,9.862702636234463,0.10000000149011612
183.015,1.0,9.780459307527376,0.10000000149011612
183.065,1.0,9.69790980718616,0.10000000149011612
183.127,1.0,9.83537769075483,0.10000000149011612
183.171,1.0,9.752893545995985,0.10000000149011612
183.222,1.0,9.89001504915456,0.10000000149011612
183.27,1.0,9.807748175577984,0.10000000149011612
183.324,1.0,9.835235513519082,0.10000000149011612
183.371,1.0,9.835271793107191,0.10000000149011612
183.428,1.0,9.642888151440356,0.10000000149011612
183.471,1.0,9.862662806051473,0.10000000149011612
183.518,1.0,9.83542787215362,0.10000000149011612
183.571,1.0,9.917500000012417,0.10000000149011612
183.622,1.0,9.835192379955616,0.10000000149011612
183.671,1.0,9.752683023466831,0.10000000149011612
183.723,1.0,9.862657745058337,0.10000000149011612
183.772,1.0,9.752876798498134,0.10000000149011612
183.821,1.0,9.780184367713002,0.10000000149011612
183.872,1.0,9.945209457435542,0.1260460615158081
183.912,1.0,9.86260324317134,0.10000000149011612
183.97,1.0,9.642800167451302,0.10000000149011612
184.019,1.0,9.75274187243647,0.10000000149011612
184.071,1.0,9.698036003857851,0.10000000149011612
184.121,1.0,9.780281113191611,0.10000000149011612
184.176,1.0,9.752858865219686,0.10000000149011612
184.222,1.0,9.862718702335325,0.10000000149011612
184.276,1.0,9.807574676784377,0.10000000149011612
184.327,1.0,9.890066691736381,0.10000000149011612
184.376,1.0,9.862611669095026,0.10000000149011612
184.427,1.0,9.725360072342058,0.10000000149011612
184.476,1.0,9.807764176444875,0.10000000149011612
184.537,1.0,9.835138003838559,0.10000000149011612
184.59,1.0,9.917568238617646,0.10000000149011612
184.632,1.0,9.807776259982752,0.10000000149011612
184.683,1.0,9.89007739731007,0.10000000149011612
184.732,1.0,9.807786691126724,0.10000000149011612
184.786,1.0,9.835134448028272,0.10000000149011612
184.833,1.0,9.780177710163924,0.10000000149011612
184.889,1.0,9.835279645108514,0.10000000149011612
184.935,1.0,9.780386608901123,0.10000000149011612
184.983,1.0,9.697785899187956,0.10000000149011612
185.037,1.0,9.643016446299024,0.10000000149011612
185.084,1.0,9.7802763339546,0.10000000149011612
185.135,1.0,9.780223446918859,0.10000000149011612
185.185,1.0,9.83519363446782,0.10000000149011612
185.246,1.0,9.862784698998762,0.1004335805773735
185.295,1.0,9.807799279151691,0.10000000149011612
185.348,1.0,9.61568718670557,0.10000000149011612
185.393,1.0,9.752969425026741,0.10000000149011612
185.446,1.0,9.61548725966778,0.10000000149011612
185.5,1.0,9.670403080288734,0.10000000149011612
185.546,1.0,9.862676417061852,0.10000000149011612
185.595,1.0,9.725104333191283,0.10000000149011612
185.647,1.0,9.835212746179765,0.10000000149011612
185.697,1.0,9.917558312892085,0.10000000149011612
185.75,1.0,9.890302161561946,0.11634273082017899
185.799,1.0,9.807718673369124,0.10000000149011612
185.854,1.0,9.917708585721751,0.10000000149011612
185.903,1.0,9.917599213578635,0.10000000149011612
185.952,1.0,9.752903159335256,0.10000000149011612
186.004,1.0,9.835177859436307,0.10000000149011612
186.061,1.0,9.862750509339902,0.10000000149011612
186.104,1.0,9.780251442703108,0.10000000149011612
186.152,1.0,9.807585526713067,0.10000000149011612
186.208,1.0,9.725387187302113,0.10000000149011612
186.257,1.0,9.807896726888915,0.10000000149011612
186.31,1.0,9.670333265699446,0.10000000149011612
186.358,1.0,9.835184143359463,0.10000000149011612
186.408,1.0,9.807593875005841,0.10000000149011612
186.459,1.0,9.752672284613881,0.10000000149011612
186.511,1.0,9.80774391728143,0.10000000149011612
186.561,1.0,9.86263372177879,0.10000000149011612
186.609,1.0,9.835410861877932,0.10000000149011612
186.661,1.0,9.670342197227809,0.10000000149011612
186.71,1.0,9.752939197421075,0.10000000149011612
186.759,1.0,9.615478837407297,0.10000000149011612
186.815,1.0,9.807670404534374,0.10000000149011612
186.862,1.0,9.780353841516707,0.10000000149011612
186.911,1.0,9.890119273774326,0.10000000149011612
186.96,1.0,9.862576452352934,0.10000000149011612
187.013,1.0,9.80755976724128,0.10000000149011612
187.062,1.0,9.917564872052107,0.10000000149011612
187.109,1.0,9.835216277009911,0.10000000149011612
187.159,1.0,9.780185826660858,0.10000000149011612
187.209,1.0,9.780139321171575,0.10000000149011612
187.263,1.0,9.780120156187978,0.10000000149011612
187.312,1.0,9.780231058680348,0.10000000149011612
187.362,1.0,9.835018870855372,0.10000000149011612
187.414,1.0,9.862699734854202,0.10000000149011612
187.466,1.0,9.780536567274895,0.10000000149011612
187.511,1.0,9.835052733723488,0.10000000149011612
187.563,1.0,9.89003187954012,0.10000000149011612
187.618,1.0,9.835243356807364,0.10000000149011612
187.659,1.0,9.780418857973483,0.10000000149011612
187.715,1.0,9.697772033967906,0.10000000149011612
187.764,1.0,9.75283476613048,0.10000000149011612
187.813,1.0,9.807744198644327,0.10000000149011612
187.864,1.0,9.890032678759761,0.10000000149011612
187.915,1.0,9.862874904626773,0.10000000149011612
187.963,1.0,9.780234835317565,0.10000000149011612
188.015,1.0,9.807626664679912,0.10000000149011612
188.057,1.0,9.670469773767723,0.10000000149011612
188.114,1.0,9.807530940096411,0.10000000149011612
188.164,1.0,9.643230624227888,0.10000000149011612
188.215,1.0,9.697836655812958,0.10000000149011612
188.268,1.0,9.835309556499123,0.10000000149011612
188.314,1.0,9.835145087912679,0.10000000149011612
188.365,1.0,9.83511539236125,0.10000000149011612
188.415,1.0,9.835046266660923,0.10000000149011612
188.466,1.0,9.917819049167964,0.1318882405757904
188.521,1.0,9.835164648066792,0.10000000149011612
188.566,1.0,9.862592093687919,0.10000000149011612
188.616,1.0,9.807729451855023,0.10000000149011612
188.666,1.0,9.862659604578383,0.10000000149011612
188.716,1.0,9.890007102634344,0.10000000149011612
188.766,1.0,9.67043309300724,0.10000000149011612
188.817,1.0,9.835025785345998,0.10000000149011612
188.871,1.0,9.917583358908693,0.10000000149011612
188.926,1.0,9.725158263308307,0.10000000149011612
188.966,1.0,9.697795999546846,0.10000000149011612
189.016,1.0,9.780393845381008,0.10000000149011612
189.066,1.0,9.780202670188414,0.10000000149011612
189.116,1.0,9.862606972621547,0.10000000149011612
189.177,1.0,9.807702627302044,0.10000000149011612
189.218,1.0,9.80776672752367,0.10000000149011612
189.272,1.0,9.890222850110796,0.10000000149011612
189.309,1.0,9.862721443610887,0.10000000149011612
189.37,1.0,9.560513040878707,0.10000000149011612
189.416,1.0,9.917536249860293,0.10000000149011612
189.47,1.0,9.780104245452417,0.10000000149011612
189.519,1.0,9.91760723448048,0.10000000149011612
189.569,1.0,9.890156177079511,0.10000000149011612
189.621,1.0,9.78010154352006,0.10000000149011612
189.678,1.0,9.697769620331625,0.10000000149011612
189.719,1.0,9.835227460186514,0.10000000149011612
189.768,1.0,9.945181335322559,0.11744711548089981
189.823,1.0,9.697892859412564,0.10000000149011612
189.873,1.0,9.862641292769048,0.10000000149011612
189.919,1.0,9.835175564284954,0.10000000149011612
189.969,1.0,9.807622959671749,0.10000000149011612
190.02,1.0,9.69773761967404,0.10000000149011612
