Timestamp,Valid Ratio,Mean Range,Min Range
0.221,1.0,9.780140554180576,0.10000000149011612
0.272,1.0,9.890131119514505,0.10000000149011612
0.32,1.0,9.752757224544055,0.10000000149011612
0.371,1.0,9.697813045150705,0.10000000149011612
0.42,1.0,9.75281698902448,0.10000000149011612
0.471,1.0,9.835242232349184,0.10000000149011612
0.52,1.0,9.725068759442204,0.10000000149011612
0.571,1.0,9.780084194760356,0.10000000149011612
0.62,1.0,9.835121985131668,0.10000000149011612
0.671,1.0,9.725313329220645,0.10000000149011612
0.72,1.0,9.835161191100875,0.10000000149011612
0.771,1.0,9.862649983974794,0.10000000149011612
0.82,1.0,9.807768118298716,0.10000000149011612
0.871,1.0,9.753043980089327,0.10000000149011612
0.921,1.0,9.80757654392057,0.10000000149011612
0.971,1.0,9.835137153561744,0.10000000149011612
1.021,1.0,9.697925404148798,0.10000000149011612
1.071,1.0,9.862767588885294,0.10000000149011612
1.121,1.0,9.862501357764833,0.10000000149011612
1.171,1.0,9.807674736219148,0.10000000149011612
1.22,1.0,9.862621636254092,0.10000000149011612
1.271,1.0,9.890156958831682,0.10000000149011612
1.32,1.0,9.862877058465447,0.10000000149011612
1.371,1.0,9.835209425662955,0.10000000149011612
1.42,1.0,9.752887395417524,0.10000000149011612
1.471,1.0,9.697730628442432,0.10000000149011612
1.52,1.0,9.89010043407066,0.10000000149011612
1.571,1.0,9.725138520201048,0.10000000149011612
1.62,1.0,9.780329582591852,0.10000000149011612
1.671,1.0,9.75276434287015,0.10000000149011612
1.72,1.0,9.862613711381952,0.10000000149011612
1.771,1.0,9.697663545794786,0.10000000149011612
1.8199999999999998,1.0,9.86274856440723,0.10000000149011612
1.871,1.0,9.725217541224426,0.10000000149011612
1.92,1.0,9.780274501318733,0.10000000149011612
1.971,1.0,9.725164645123813,0.10000000149011612
2.02,1.0,9.780425453993182,0.10000000149011612
2.07,1.0,9.697734168399538,0.10000000149011612
2.12,1.0,9.862730827120442,0.10000000149011612
2.171,1.0,9.862576968760955,0.10000000149011612
2.221,1.0,9.86260021328926,0.10000000149011612
2.271,1.0,9.752819259547525,0.10000000149011612
2.32,1.0,9.835117137908108,0.10000000149011612
2.371,1.0,9.80778605091489,0.10000000149011612
2.42,1.0,9.807998542032308,0.10000000149011612
2.471,1.0,9.835409127796689,0.10000000149011612
2.52,1.0,9.917597205150459,0.10000000149011612
2.5709999999999997,1.0,9.835144520137046,0.10000000149011612
2.62,1.0,9.780532961152494,0.10000000149011612
2.6710000000000003,1.0,9.917570299800072,0.10000000149011612
2.721,1.0,9.807589022773836,0.10000000149011612
2.771,1.0,9.917587112676767,0.10000000149011612
2.8209999999999997,1.0,9.752768002346986,0.10000000149011612
2.871,1.0,9.72520705266959,0.10000000149011612
2.92,1.0,9.86281733494252,0.10533367097377777
2.971,1.0,9.835212564716736,0.10000000149011612
3.021,1.0,9.83502167539878,0.10000000149011612
3.07,1.0,9.752598253471984,0.10000000149011612
3.121,1.0,9.75287143368688,0.10000000149011612
3.171,1.0,9.78008168950263,0.10000000149011612
3.22,1.0,9.835212433648605,0.10000000149011612
3.271,1.0,9.862557347284422,0.10000000149011612
3.321,1.0,9.807671758698092,0.10000000149011612
3.371,1.0,9.697906703108714,0.10000000149011612
3.42,1.0,9.780269523130523,0.10000000149011612
3.472,1.0,9.80783863707135,0.10000000149011612
3.521,1.0,9.780342758860852,0.10000000149011612
3.5709999999999997,1.0,9.862690177621941,0.10000000149011612
3.621,1.0,9.752722441301577,0.10000000149011612
3.6710000000000003,1.0,9.835129706602958,0.10000000149011612
3.7199999999999998,1.0,9.780206035098267,0.10000000149011612
3.771,1.0,9.697775959471862,0.10000000149011612
3.82,1.0,9.725553706578083,0.10000000149011612
3.871,1.0,9.807745002127357,0.10000000149011612
3.92,1.0,9.807691929282413,0.10000000149011612
3.971,1.0,9.835292661562562,0.10000000149011612
4.02,1.0,9.725187884809243,0.10000000149011612
4.071,1.0,9.890128684581981,0.10000000149011612
4.12,1.0,9.807714846461183,0.10000000149011612
4.171,1.0,9.890050382601718,0.10000000149011612
4.22,1.0,9.8352740853404,0.10000000149011612
4.271,1.0,9.697835419968598,0.10000000149011612
4.321,1.0,9.83530982285738,0.10000000149011612
4.371,1.0,9.835260864367916,0.10000000149011612
4.42,1.0,9.807689864995579,0.10000000149011612
4.471,1.0,9.7801854133399,0.10000000149011612
4.52,1.0,9.835289318487048,0.10000000149011612
4.571,1.0,9.75260969441798,0.10000000149011612
4.621,1.0,9.807658836266233,0.10000000149011612
4.671,1.0,9.780464580820666,0.10000000149011612
4.72,1.0,9.862829696842367,0.10000000149011612
4.771,1.0,9.670399267888731,0.10000000149011612
4.82,1.0,9.890213148275183,0.1011684238910675
4.871,1.0,9.725308244944447,0.10000000149011612
4.92,1.0,9.807669539418486,0.10000000149011612
4.971,1.0,9.835288649838832,0.10000000149011612
5.02,1.0,9.697956447468863,0.10000000149011612
5.071,1.0,9.862638205931418,0.10000000149011612
5.12,1.0,9.89006207001706,0.10000000149011612
5.171,1.0,9.807918985270792,0.10000000149011612
5.22,1.0,9.917520181876089,0.10000000149011612
5.27,1.0,9.697781136176653,0.10000000149011612
5.32,1.0,9.807989697924091,0.10000000149011612
5.371,1.0,9.80782769355509,0.10000000149011612
5.42,1.0,9.697917257973717,0.10000000149011612
5.471,1.0,9.72545932084322,0.10000000149011612
5.52,1.0,9.835340091979338,0.10000000149011612
5.571,1.0,9.862673307706912,0.10000000149011612
5.62,1.0,9.642989183134503,0.10000000149011612
5.671,1.0,9.807729186759227,0.10000000149011612
5.72,1.0,9.69792509490831,0.10000000149011612
5.771,1.0,9.890000000016556,0.10000000149011612
5.82,1.0,9.780303096916112,0.10000000149011612
5.871,1.0,9.835308923199772,0.10000000149011612
5.92,1.0,9.890127479202217,0.10000000149011612
5.971,1.0,9.698072179655234,0.10000000149011612
6.02,1.0,9.75306176274187,0.10000000149011612
6.071,1.0,9.835126370046702,0.10000000149011612
6.12,1.0,9.780241614062753,0.10000000149011612
6.171,1.0,9.725458230305877,0.10000000149011612
6.22,1.0,9.835379346770544,0.10000000149011612
6.27,1.0,9.780259677684969,0.10000000149011612
6.32,1.0,9.862615447180966,0.10000000149011612
6.37,1.0,9.725278638613721,0.10000000149011612
6.42,1.0,9.752903041553994,0.10000000149011612
6.47,1.0,9.835167488911086,0.10000000149011612
6.52,1.0,9.753009771017565,0.10000000149011612
6.571,1.0,9.83507524141007,0.10000000149011612
6.62,1.0,9.972638458054927,0.14984489977359772
6.67,1.0,9.752742742333147,0.10000000149011612
6.72,1.0,9.890137029004594,0.10000000149011612
6.77,1.0,9.835260656000012,0.10000000149011612
6.82,1.0,9.835242358988358,0.10000000149011612
6.871,1.0,9.807737579652004,0.10000000149011612
6.92,1.0,9.917500000012417,0.10000000149011612
6.971,1.0,9.752606047689914,0.10000000149011612
7.02,1.0,9.917501921806899,0.10000000149011612
7.071,1.0,9.862848268076778,0.10000000149011612
7.12,1.0,9.862612273895905,0.10000000149011612
7.17,1.0,9.752623542563782,0.10000000149011612
7.22,1.0,9.780411933093434,0.10000000149011612
7.271,1.0,9.890086115089556,0.10000000149011612
7.32,1.0,9.807734126556252,0.10000000149011612
7.371,1.0,9.752921196135382,0.10000000149011612
7.42,1.0,9.725457273920377,0.10000000149011612
7.47,1.0,9.5329375407762,0.10000000149011612
7.52,1.0,9.780287517545124,0.10000000149011612
7.571,1.0,9.835124942474067,0.10000000149011612
7.62,1.0,9.807628662615187,0.10000000149011612
7.67,1.0,9.752893713240821,0.10000000149011612
7.72,1.0,9.807727091097169,0.10000000149011612
7.771,1.0,9.780288882781234,0.10000000149011612
7.82,1.0,9.807811149789227,0.10000000149011612
7.871,1.0,9.64316042965899,0.10000000149011612
7.92,1.0,9.780160872286393,0.10000000149011612
7.97,1.0,9.890282479052741,0.10000000149011612
8.02,1.0,9.642838237496713,0.10000000149011612
8.071,1.0,9.752894715178344,0.10000000149011612
8.12,1.0,9.862635482764906,0.10000000149011612
8.171,1.0,9.78029141496453,0.10000000149011612
8.22,1.0,9.780498491869205,0.10000000149011612
8.27,1.0,9.780233025136921,0.10000000149011612
8.32,1.0,9.752748362430268,0.10000000149011612
8.371,1.0,9.780226752534508,0.10000000149011612
8.42,1.0,9.835328842927185,0.10000000149011612
8.471,1.0,9.86263697159787,0.10000000149011612
8.52,1.0,9.780464943229324,0.10000000149011612
8.571,1.0,9.78027765399052,0.10000000149011612
8.62,1.0,9.890064536055757,0.10000000149011612
8.671,1.0,9.835162889336546,0.10000000149011612
8.72,1.0,9.917571222575175,0.10000000149011612
8.771,1.0,9.780290343984962,0.10000000149011612
8.82,1.0,9.83515247164501,0.10000000149011612
8.87,1.0,9.835145095446043,0.10000000149011612
8.92,1.0,9.862665065833264,0.10000000149011612
8.971,1.0,9.890000000016556,0.10000000149011612
9.02,1.0,9.78038648520079,0.10000000149011612
9.071,1.0,9.807589737284514,0.10000000149011612
9.12,1.0,9.807799615586797,0.10000000149011612
9.171,1.0,9.862648325434161,0.10000000149011612
9.22,1.0,9.945226066269809,0.13532128930091858
9.271,1.0,9.78021304855744,0.10000000149011612
9.32,1.0,9.835092301397689,0.10000000149011612
9.371,1.0,9.752885280404653,0.10000000149011612
9.42,1.0,9.835494015862544,0.10000000149011612
9.471,1.0,9.807721655339831,0.10000000149011612
9.52,1.0,9.752794090078936,0.10000000149011612
9.571,1.0,9.835474853672915,0.10000000149011612
9.62,1.0,9.835250062164333,0.10000000149011612
9.671,1.0,9.807910491422646,0.10000000149011612
9.72,1.0,9.862548039563828,0.10000000149011612
9.771,1.0,9.780215045706266,0.10000000149011612
9.82,1.0,9.807855220097634,0.10000000149011612
9.871,1.0,9.835434216778312,0.10000000149011612
9.92,1.0,9.780118298489187,0.10000000149011612
9.971,1.0,9.725177379449208,0.10000000149011612
10.02,1.0,9.78046286964996,0.10000000149011612
10.071,1.0,9.807735136710107,0.10000000149011612
10.12,1.0,9.835309800360765,0.10000000149011612
10.171,1.0,9.725203658868042,0.10000000149011612
10.22,1.0,9.697660357318819,0.10000000149011612
10.271,1.0,9.72537018172443,0.10000000149011612
10.32,1.0,9.807862326875329,0.10000000149011612
10.37,1.0,9.807791231696804,0.10000000149011612
10.42,1.0,9.752678500778146,0.10000000149011612
10.47,1.0,9.725461334942116,0.10000000149011612
10.52,1.0,9.862625732231471,0.10000000149011612
10.571,1.0,9.752805336833829,0.10000000149011612
10.62,1.0,9.725500181275937,0.10000000149011612
10.671,1.0,9.890034503427644,0.10000000149011612
10.72,1.0,9.780197453126311,0.10000000149011612
10.771,1.0,9.780292273685337,0.10000000149011612
10.82,1.0,9.890131204927133,0.10000000149011612
10.87,1.0,9.752786006840568,0.10000000149011612
10.92,1.0,9.83517060511642,0.10000000149011612
10.971,1.0,9.807682699999875,0.10000000149011612
11.02,1.0,9.780019523099893,0.10000000149011612
11.071,1.0,9.862730201685594,0.10000000149011612
11.12,1.0,9.780443013749188,0.10000000149011612
11.171,1.0,9.697768100040655,0.10000000149011612
11.22,1.0,9.780451612981658,0.10000000149011612
11.271,1.0,9.917502090831597,0.10000000149011612
11.32,1.0,9.808003147153391,0.10000000149011612
11.371,1.0,9.725330174652239,0.10000000149011612
11.42,1.0,9.917749080848363,0.11304837465286255
11.471,1.0,9.890129772366748,0.10000000149011612
11.52,1.0,9.780183026670581,0.10000000149011612
11.571,1.0,9.91762604655491,0.10000000149011612
11.62,1.0,9.670472900279695,0.10000000149011612
11.671,1.0,9.89010121503638,0.10000000149011612
11.72,1.0,9.725207722932101,0.10000000149011612
11.77,1.0,9.890000000016556,0.10000000149011612
11.82,1.0,9.753052998520435,0.10000000149011612
11.871,1.0,9.780191534509262,0.10000000149011612
11.92,1.0,9.8077791456754,0.10000000149011612
11.971,1.0,9.83514323213862,0.10000000149011612
12.02,1.0,9.86267689998365,0.10000000149011612
12.07,1.0,9.835214567184448,0.10000000149011612
12.12,1.0,9.752832075063553,0.10000000149011612
12.171,1.0,9.698160413921707,0.10000000149011612
12.22,1.0,9.835327749099168,0.10000000149011612
12.271,1.0,9.725326136065027,0.10000000149011612
12.32,1.0,9.80771910848303,0.10000000149011612
12.371,1.0,9.890287357610132,0.10000000149011612
12.42,1.0,9.917559373275273,0.10000000149011612
12.471,1.0,9.890062455481125,0.10000000149011612
12.52,1.0,9.780385801258186,0.10000000149011612
12.571,1.0,9.75252934522513,0.10000000149011612
12.62,1.0,9.862787309723595,0.10000000149011612
12.671,1.0,9.835196959268716,0.10000000149011612
12.72,1.0,9.862602186244395,0.10000000149011612
12.77,1.0,9.835186136596732,0.10000000149011612
12.82,1.0,9.835251500995623,0.10000000149011612
12.871,1.0,9.83534639061739,0.10000000149011612
12.92,1.0,9.725301102197005,0.10000000149011612
12.971,1.0,9.670312915328477,0.10000000149011612
13.02,1.0,9.780055310680634,0.10000000149011612
13.071,1.0,9.890222918883794,0.10235508531332016
13.12,1.0,9.862626827590995,0.10000000149011612
13.171,1.0,9.835292219970789,0.10000000149011612
13.22,1.0,9.835171617733108,0.10000000149011612
13.271,1.0,9.807529729521937,0.10000000149011612
13.32,1.0,9.752920631195108,0.10000000149011612
13.371,1.0,9.945000000008278,0.10000000149011612
13.42,1.0,9.807860518598723,0.10000000149011612
13.471,1.0,9.67011728860024,0.10000000149011612
13.52,1.0,9.862707450199458,0.10000000149011612
13.571,1.0,9.78034247946408,0.10000000149011612
13.62,1.0,9.725489737217625,0.10000000149011612
13.671,1.0,9.78028203687734,0.10000000149011612
13.72,1.0,9.780347118154168,0.10000000149011612
13.771,1.0,9.917500000012417,0.10000000149011612
13.82,1.0,9.615516801675161,0.10000000149011612
13.871,1.0,9.807801755828162,0.10000000149011612
13.92,1.0,9.945000000008278,0.10000000149011612
13.971,1.0,9.780423529011507,0.10000000149011612
14.02,1.0,9.670328546894922,0.10000000149011612
14.071,1.0,9.862658199067745,0.10000000149011612
14.12,1.0,9.780245814865662,0.10000000149011612
14.17,1.0,9.69792401685069,0.10000000149011612
14.22,1.0,9.72515763303058,0.10000000149011612
14.271,1.0,9.72541808158987,0.10000000149011612
14.32,1.0,9.890194354082148,0.10000000149011612
14.371,1.0,9.725282346436547,0.10000000149011612
14.42,1.0,9.8628063586644,0.10238013416528702
14.471,1.0,9.917631055414677,0.10000000149011612
14.52,1.0,9.917641243442064,0.10000000149011612
14.571,1.0,9.697581457781295,0.10000000149011612
14.62,1.0,9.78025544014656,0.10000000149011612
14.671,1.0,9.780103355025252,0.10000000149011612
14.72,1.0,9.835210200626817,0.10000000149011612
14.77,1.0,9.725235452999671,0.10000000149011612
14.82,1.0,9.78027102858242,0.10000000149011612
14.871,1.0,9.752576412591669,0.10000000149011612
14.92,1.0,9.752718842733238,0.10000000149011612
14.97,1.0,9.807699739291436,0.10000000149011612
15.02,1.0,9.642833870194025,0.10000000149011612
15.071,1.0,9.91766412438204,0.11229011416435242
15.121,1.0,9.780216569039556,0.10000000149011612
15.171,1.0,9.807616584251324,0.10000000149011612
15.221,1.0,9.835363979575535,0.10000000149011612
15.271,1.0,9.890035510249437,0.10000000149011612
15.321,1.0,9.780410038348702,0.10000000149011612
15.371,1.0,9.780369045067992,0.10000000149011612
15.42,1.0,10.0,10.0
15.471,1.0,9.807645694870088,0.10000000149011612
15.52,1.0,9.83504058017085,0.10000000149011612
15.571,1.0,9.752892587064869,0.10000000149011612
15.62,1.0,9.697718916026254,0.10000000149011612
15.67,1.0,9.835192954126331,0.10000000149011612
15.72,1.0,9.752735567672385,0.10000000149011612
15.771,1.0,9.78043690406614,0.10000000149011612
15.82,1.0,9.78019682413174,0.10000000149011612
15.871,1.0,9.83518830773731,0.10000000149011612
15.92,1.0,9.7527612141437,0.10000000149011612
15.971,1.0,9.917651820741593,0.10000000149011612
16.02,1.0,9.753031159751117,0.10000000149011612
16.071,1.0,9.862622509441442,0.10000000149011612
16.12,1.0,9.752743533295062,0.10000000149011612
16.171,1.0,9.890101799844867,0.10361846536397934
16.22,1.0,9.835190179654294,0.10000000149011612
16.271,1.0,9.890237190864152,0.10000000149011612
16.321,1.0,9.780263937078416,0.10000000149011612
16.371,1.0,9.670451065525413,0.10000000149011612
16.42,1.0,9.53308460401992,0.10000000149011612
16.471,1.0,9.862581439833674,0.10000000149011612
16.52,1.0,9.862841584802501,0.10000000149011612
16.571,1.0,9.862542348210182,0.10000000149011612
16.62,1.0,9.945023639707102,0.10000000149011612
16.671,1.0,9.83514355180992,0.10000000149011612
16.72,1.0,9.890248985091846,0.10000000149011612
16.771,1.0,9.780317160776919,0.10000000149011612
16.82,1.0,9.917656637997263,0.10000000149011612
16.871,1.0,9.725151414982975,0.10000000149011612
16.92,1.0,9.807835144466823,0.10000000149011612
16.971,1.0,9.835175548121333,0.10000000149011612
17.02,1.0,9.807840886173977,0.10000000149011612
17.07,1.0,9.835393286579185,0.10000000149011612
17.12,1.0,9.807686684094369,0.10000000149011612
17.171,1.0,9.890164554284679,0.10000000149011612
17.22,1.0,9.835103768172363,0.10000000149011612
17.271,1.0,9.725773004214798,0.10000000149011612
17.32,1.0,9.807712383092278,0.10000000149011612
17.37,1.0,9.835014627418584,0.10000000149011612
17.42,1.0,9.807651199462514,0.10000000149011612
17.47,1.0,9.75262276161876,0.10000000149011612
17.52,1.0,9.752786140764753,0.10000000149011612
17.57,1.0,9.862711896664566,0.10000000149011612
17.62,1.0,9.890277969443964,0.10000000149011612
17.67,1.0,9.752726848050951,0.10000000149011612
17.72,1.0,9.725250946254366,0.10000000149011612
17.771,1.0,9.67021590181523,0.10000000149011612
17.82,1.0,9.780258498444326,0.10000000149011612
17.871,1.0,9.752842106980582,0.10000000149011612
17.92,1.0,9.917506808352966,0.10000000149011612
17.971,1.0,9.807806193807886,0.10000000149011612
18.02,1.0,9.862750633247197,0.10000000149011612
18.071,1.0,9.807921588006947,0.10000000149011612
18.12,1.0,9.752770784538653,0.10000000149011612
18.171,1.0,9.780158740737372,0.10000000149011612
18.22,1.0,9.80776431258354,0.10000000149011612
18.271,1.0,9.752913414459261,0.10000000149011612
18.32,1.0,9.80777070298791,0.10000000149011612
18.371,1.0,9.862577380695276,0.10000000149011612
18.42,1.0,9.862884078505967,0.10000000149011612
18.471,1.0,9.752611951757636,0.10000000149011612
18.52,1.0,9.753018596520027,0.10000000149011612
18.571,1.0,9.835306659568515,0.10000000149011612
18.62,1.0,9.807630406775408,0.10000000149011612
18.671,1.0,9.835160671360791,0.10000000149011612
18.72,1.0,9.807778877785637,0.10000000149011612
18.771,1.0,9.91763749755919,0.10000000149011612
18.82,1.0,9.725290569000775,0.10000000149011612
18.871,1.0,9.835136701932385,0.10000000149011612
18.92,1.0,9.780260253656241,0.10000000149011612
18.971,1.0,9.890145617185368,0.10000000149011612
19.02,1.0,9.862500000020695,0.10000000149011612
19.071,1.0,9.8077805849827,0.10000000149011612
19.12,1.0,9.862671295656925,0.10000000149011612
19.171,1.0,9.807684679018955,0.10000000149011612
19.22,1.0,9.890268650630283,0.11002364009618759
19.27,1.0,9.890128898455037,0.10000000149011612
19.32,1.0,9.780354936213957,0.10000000149011612
19.371,1.0,9.807747245083252,0.10000000149011612
19.42,1.0,9.670375954794387,0.10000000149011612
19.471,1.0,9.780004575931363,0.10000000149011612
19.52,1.0,9.862730813874967,0.10000000149011612
19.571,1.0,9.835282120584614,0.10000000149011612
19.62,1.0,9.780222898307773,0.10000000149011612
19.67,1.0,9.780277784417073,0.10000000149011612
19.72,1.0,9.917589727458026,0.10000000149011612
19.771,1.0,9.890052284776337,0.10000000149011612
19.82,1.0,9.86256193516569,0.10000000149011612
19.871,1.0,9.752763866571089,0.10000000149011612
19.92,1.0,9.72527023781505,0.10000000149011612
19.971,1.0,9.835118390247226,0.10000000149011612
20.021,1.0,9.835183392941124,0.10000000149011612
20.071,1.0,9.835241432591445,0.10000000149011612
20.12,1.0,9.945175402156181,0.12933003902435303
20.171,1.0,9.835053918986684,0.10000000149011612
20.22,1.0,9.752771574196716,0.10000000149011612
20.27,1.0,9.807720015984442,0.10000000149011612
20.32,1.0,9.72540922595395,0.10000000149011612
20.37,1.0,9.725418781758183,0.10000000149011612
20.42,1.0,9.78016481022868,0.10000000149011612
20.471,1.0,9.835105521418154,0.10000000149011612
20.52,1.0,9.807825970504847,0.10000000149011612
20.57,1.0,9.753024738964935,0.10000000149011612
20.62,1.0,9.890164164971146,0.10000000149011612
20.67,1.0,9.807668656710948,0.10000000149011612
20.72,1.0,9.807734731688267,0.10000000149011612
20.77,1.0,9.862679355819193,0.10000000149011612
20.82,1.0,9.807675741343862,0.10000000149011612
20.87,1.0,9.80786269189169,0.10000000149011612
20.92,1.0,9.752968649835223,0.10000000149011612
20.971,1.0,9.917500000012417,0.10000000149011612
21.02,1.0,9.780220070191556,0.10000000149011612
21.07,1.0,9.61530592708538,0.10000000149011612
21.12,1.0,9.835114835492439,0.10000000149011612
21.171,1.0,9.80773354228586,0.10000000149011612
21.22,1.0,9.670459440495405,0.10000000149011612
21.271,1.0,9.835017964988946,0.10000000149011612
21.32,1.0,9.862500000020695,0.10000000149011612
21.371,1.0,9.835051155545646,0.10000000149011612
21.42,1.0,9.862623930142986,0.10000000149011612
21.471,1.0,9.780216314271092,0.10000000149011612
21.52,1.0,9.780269732098613,0.10000000149011612
21.57,1.0,9.69788722867767,0.10000000149011612
21.62,1.0,9.67042066682544,0.10000000149011612
21.671,1.0,9.780154407686657,0.10000000149011612
21.72,1.0,9.753045575258632,0.10000000149011612
21.771,1.0,9.752699607051909,0.10000000149011612
21.82,1.0,9.945202375782861,0.12988457083702087
21.87,1.0,9.72540820406543,0.10000000149011612
21.92,1.0,9.83506754891326,0.10000000149011612
21.971,1.0,9.917667531160017,0.10072455555200577
22.02,1.0,9.725257307146158,0.10000000149011612
22.07,1.0,9.780368053540588,0.10000000149011612
22.12,1.0,9.807691397807664,0.10000000149011612
22.171,1.0,9.643184390188091,0.10000000149011612
22.22,1.0,9.72531997381399,0.10000000149011612
22.27,1.0,9.780136693144838,0.10000000149011612
22.32,1.0,9.917618125594325,0.10000000149011612
22.37,1.0,9.698047291487455,0.10000000149011612
22.42,1.0,9.917711713392702,0.10000000149011612
22.471,1.0,9.807668299848835,0.10000000149011612
22.52,1.0,9.78022575604005,0.10000000149011612
22.571,1.0,9.83526763971895,0.10000000149011612
22.62,1.0,9.835062673998376,0.10000000149011612
22.671,1.0,9.780301207717923,0.10000000149011612
22.72,1.0,9.807749916385445,0.10000000149011612
22.771,1.0,9.807854258062111,0.10000000149011612
22.82,1.0,9.945098825606207,0.10000000149011612
22.871,1.0,9.725419964558549,0.10000000149011612
22.92,1.0,9.697866095892257,0.10000000149011612
22.971,1.0,9.807632397053142,0.10000000149011612
23.02,1.0,9.807851213092606,0.10000000149011612
23.071,1.0,9.835161353668404,0.10000000149011612
23.12,1.0,9.835218395665288,0.10000000149011612
23.171,1.0,9.642932508430548,0.10000000149011612
23.22,1.0,9.862718674271472,0.10000000149011612
23.271,1.0,9.89017342813313,0.10296736657619476
23.32,1.0,9.835135879512462,0.10000000149011612
23.371,1.0,9.890016694718765,0.10000000149011612
23.42,1.0,9.8900482987985,0.10000000149011612
23.471,1.0,9.752997804867725,0.10000000149011612
23.52,1.0,9.725414691927533,0.10000000149011612
23.571,1.0,9.862630198047393,0.10000000149011612
23.62,1.0,9.780217820261088,0.10000000149011612
23.671,1.0,9.780171147651142,0.10000000149011612
23.72,1.0,9.86254963680274,0.10000000149011612
23.77,1.0,9.945038361350695,0.10000000149011612
23.82,1.0,9.80783665859037,0.10000000149011612
23.87,1.0,9.807686256203386,0.10000000149011612
23.92,1.0,9.862803497537971,0.10000000149011612
23.97,1.0,9.72525117006153,0.10000000149011612
24.02,1.0,9.8900910925741,0.10000000149011612
24.071,1.0,9.862717895644407,0.10000000149011612
24.12,1.0,9.89020937052038,0.10000000149011612
24.171,1.0,9.835096750201451,0.10000000149011612
24.22,1.0,9.780007581888801,0.10000000149011612
24.271,1.0,9.807890408072208,0.10000000149011612
24.32,1.0,9.752607055898341,0.10000000149011612
24.371,1.0,9.890060447197822,0.10000000149011612
24.42,1.0,9.752607690936161,0.10000000149011612
24.471,1.0,9.725221083851324,0.10000000149011612
24.52,1.0,9.835044813218216,0.10000000149011612
24.571,1.0,9.80797758710881,0.10000000149011612
24.62,1.0,9.917669601283139,0.10000000149011612
24.67,1.0,9.890275751861433,0.10000000149011612
24.72,1.0,9.83512925149666,0.10000000149011612
24.771,1.0,9.780144515881936,0.10000000149011612
24.82,1.0,9.890198867354128,0.10000000149011612
24.871,1.0,9.807861389840642,0.10000000149011612
24.92,1.0,9.890096001264949,0.10000000149011612
24.971,1.0,9.835194499004219,0.10000000149011612
25.02,1.0,9.835307098035184,0.10000000149011612
25.071,1.0,9.835091960699193,0.10000000149011612
25.12,1.0,9.753032941412595,0.10000000149011612
25.17,1.0,9.807618541291191,0.10000000149011612
25.22,1.0,9.835281655171679,0.10000000149011612
25.271,1.0,9.80799003963669,0.10000000149011612
25.32,1.0,9.725113190441496,0.10000000149011612
25.37,1.0,9.835223754329814,0.10000000149011612
25.42,1.0,9.780309303767151,0.10000000149011612
25.47,1.0,9.588050357086791,0.10000000149011612
25.52,1.0,9.670519099508722,0.10000000149011612
25.571,1.0,9.780282503304383,0.10000000149011612
25.62,1.0,9.80788688905951,0.10000000149011612
25.671,1.0,9.8077435594466,0.10000000149011612
25.72,1.0,9.862660625390708,0.10000000149011612
25.771,1.0,9.862734956563347,0.10000000149011612
25.82,1.0,9.698088292425705,0.10000000149011612
25.871,1.0,9.64270420078602,0.10000000149011612
25.92,1.0,9.835106961346336,0.10000000149011612
25.971,1.0,9.752887082265483,0.10000000149011612
26.02,1.0,9.725677831015654,0.10000000149011612
26.071,1.0,9.835254924247662,0.10000000149011612
26.12,1.0,9.890309986906747,0.10000000149011612
26.171,1.0,9.752680995087657,0.10000000149011612
26.22,1.0,9.75293140353428,0.10000000149011612
26.271,1.0,9.752940144845182,0.10000000149011612
26.32,1.0,9.917618396133184,0.10000000149011612
26.371,1.0,9.862761047751539,0.10000000149011612
26.42,1.0,9.835125597607759,0.10000000149011612
26.471,1.0,9.780288496882552,0.10000000149011612
26.52,1.0,9.890079932928913,0.10000000149011612
26.571,1.0,9.835214321811995,0.10000000149011612
26.62,1.0,9.835134666330285,0.10000000149011612
26.671,1.0,9.807874115142557,0.10000000149011612
26.72,1.0,9.725261462293565,0.10000000149011612
26.771,1.0,9.807712395572,0.10000000149011612
26.82,1.0,9.835000376196371,0.10000000149011612
26.871,1.0,9.890016454520325,0.10000000149011612
26.92,1.0,9.862804514956142,0.10000000149011612
26.971,1.0,9.890143357920978,0.10000000149011612
27.02,1.0,9.945128484794663,0.10000000149011612
27.071,1.0,9.835326705603963,0.10000000149011612
27.12,1.0,9.83512545403921,0.10000000149011612
27.171,1.0,9.835287359439665,0.10000000149011612
27.22,1.0,9.835263585713175,0.10000000149011612
27.271,1.0,9.752637202541033,0.10000000149011612
27.32,1.0,9.835108725333379,0.10000000149011612
27.371,1.0,9.862547615460224,0.10000000149011612
27.42,1.0,9.89019368775189,0.10000000149011612
27.47,1.0,9.862570976590117,0.10000000149011612
27.52,1.0,9.890051003421346,0.10000000149011612
27.571,1.0,9.780226536219319,0.10000000149011612
27.62,1.0,9.91760012888246,0.10000000149011612
27.671,1.0,9.835209395198358,0.10000000149011612
27.72,1.0,9.835359903528458,0.10000000149011612
27.771,1.0,9.807868202775717,0.10000000149011612
27.82,1.0,9.890159000497725,0.10000000149011612
27.871,1.0,9.862723469258183,0.10000000149011612
27.92,1.0,9.807642497494816,0.10000000149011612
27.971,1.0,9.78051500103126,0.10000000149011612
28.02,1.0,9.890067183930013,0.10000000149011612
28.07,1.0,9.752745803424881,0.10000000149011612
28.12,1.0,9.75292006869697,0.10000000149011612
28.171,1.0,9.780107773654162,0.10000000149011612
28.221,1.0,9.697903177452584,0.10000000149011612
28.271,1.0,9.752657805714342,0.10000000149011612
28.32,1.0,9.780357859552735,0.10000000149011612
28.37,1.0,9.835099141568774,0.10000000149011612
28.42,1.0,9.69779883759717,0.10000000149011612
28.471,1.0,9.862720881340405,0.10000000149011612
28.52,1.0,9.890217581867343,0.10000000149011612
28.571,1.0,9.890000000016556,0.10000000149011612
28.62,1.0,9.670523156515426,0.10000000149011612
28.671,1.0,9.752836851258245,0.10000000149011612
28.72,1.0,9.752869401147796,0.10000000149011612
28.771,1.0,9.862721982349951,0.10000000149011612
28.82,1.0,9.780293106349806,0.10000000149011612
28.871,1.0,9.752786524842183,0.10000000149011612
28.92,1.0,9.75288584637973,0.10000000149011612
28.971,1.0,9.725357854511175,0.10000000149011612
29.02,1.0,9.725455435593094,0.10000000149011612
29.07,1.0,9.807762575170232,0.10000000149011612
29.12,1.0,9.72531562724875,0.10000000149011612
29.171,1.0,9.80780076895737,0.10000000149011612
29.22,1.0,9.780086138699618,0.10000000149011612
29.271,1.0,9.917578402554824,0.10000000149011612
29.32,1.0,9.862726721250349,0.10000000149011612
29.371,1.0,9.75285155709005,0.10000000149011612
29.42,1.0,9.835206747820807,0.10000000149011612
29.471,1.0,9.807625314800276,0.10000000149011612
29.52,1.0,9.697668420875239,0.10000000149011612
29.571,1.0,9.835214430797432,0.10000000149011612
29.621,1.0,9.780298039648269,0.10000000149011612
29.671,1.0,9.835041857200364,0.10000000149011612
29.72,1.0,9.752959545805222,0.10000000149011612
29.771,1.0,9.80768832171129,0.10000000149011612
29.82,1.0,9.807890914318461,0.10000000149011612
29.871,1.0,9.725590859705376,0.10000000149011612
29.92,1.0,9.807826384053461,0.10000000149011612
29.971,1.0,9.75270747995625,0.10000000149011612
30.021,1.0,9.83528108747883,0.10000000149011612
30.071,1.0,9.698213994151189,0.10000000149011612
30.12,1.0,9.835343605445491,0.10000000149011612
30.171,1.0,9.7255483088394,0.10000000149011612
30.22,1.0,9.807886478387648,0.10000000149011612
30.271,1.0,9.725301995873451,0.10000000149011612
30.32,1.0,9.972500000004139,0.10000000149011612
30.371,1.0,9.917661887034773,0.10000000149011612
30.42,1.0,9.725448763929307,0.10000000149011612
30.471,1.0,9.835175511033999,0.10000000149011612
30.52,1.0,9.697960726647741,0.10000000149011612
30.571,1.0,9.780350701945524,0.10000000149011612
30.62,1.0,9.807922303697302,0.10000000149011612
30.671,1.0,9.862762857870095,0.10000000149011612
30.72,1.0,9.862571109872725,0.10000000149011612
30.771,1.0,9.835228025520014,0.10000000149011612
30.82,1.0,9.835082031620873,0.10000000149011612
30.871,1.0,9.697963055078354,0.10000000149011612
30.92,1.0,9.697990648883085,0.10000000149011612
30.97,1.0,9.807610500583218,0.10000000149011612
31.02,1.0,9.890263066482213,0.10000000149011612
31.071,1.0,9.862778029715022,0.10000000149011612
31.12,1.0,9.862573609128594,0.10000000149011612
31.171,1.0,9.697917410938276,0.10000000149011612
31.22,1.0,9.697845341099633,0.10000000149011612
31.271,1.0,9.945201834663749,0.12775710225105286
31.32,1.0,9.890010097188254,0.10000000149011612
31.371,1.0,9.752699638985925,0.10000000149011612
31.42,1.0,9.890201036466493,0.10000000149011612
31.471,1.0,9.72545866817236,0.10000000149011612
31.52,1.0,9.86269586539517,0.10000000149011612
31.571,1.0,9.835279420908126,0.10000000149011612
31.62,1.0,9.642895429540012,0.10000000149011612
31.671,1.0,9.917500000012417,0.10000000149011612
31.72,1.0,9.807654045915438,0.10000000149011612
31.771,1.0,9.862734768850109,0.10000000149011612
31.82,1.0,9.862566905261742,0.10000000149011612
31.87,1.0,9.69812578416119,0.10000000149011612
31.92,1.0,9.780220383840303,0.10000000149011612
31.97,1.0,9.615365977626707,0.10000000149011612
32.02,1.0,9.862635091940563,0.10000000149011612
32.071,1.0,9.945026888574164,0.10000000149011612
32.12,1.0,9.807806126048995,0.10000000149011612
32.171,1.0,9.917603916881813,0.10000000149011612
32.221,1.0,9.780139350042575,0.10000000149011612
32.271,1.0,9.807833968082235,0.10000000149011612
32.32,1.0,9.945069773598677,0.10000000149011612
32.371,1.0,9.862658174066908,0.10000000149011612
32.42,1.0,9.780376876952747,0.10000000149011612
32.47,1.0,9.862700686645177,0.10000000149011612
32.52,1.0,9.807704998780455,0.10000000149011612
32.571,1.0,9.807501936579744,0.10000000149011612
32.62,1.0,9.835344951454964,0.10000000149011612
32.671,1.0,9.890334077841706,0.10000000149011612
32.72,1.0,9.807696197264724,0.10000000149011612
32.771,1.0,9.615216969615883,0.10000000149011612
32.82,1.0,9.697900352316598,0.10000000149011612
32.871,1.0,9.780161123846968,0.10000000149011612
32.92,1.0,9.752797716069553,0.10000000149011612
32.971,1.0,9.807574407425191,0.10000000149011612
33.02,1.0,9.917500000012417,0.10000000149011612
33.071,1.0,9.807644772094985,0.10000000149011612
33.121,1.0,9.807831828668714,0.10000000149011612
33.171,1.0,9.86269229963008,0.10000000149011612
33.221,1.0,9.862807019116978,0.10000000149011612
33.27,1.0,9.643238918214209,0.10000000149011612
33.32,1.0,9.8625856421267,0.10000000149011612
33.371,1.0,9.86272512357682,0.10000000149011612
33.42,1.0,9.862598861505587,0.10000000149011612
33.471,1.0,9.862894630659785,0.10000000149011612
33.52,1.0,9.780463526356552,0.10000000149011612
33.571,1.0,9.780075500698553,0.10000000149011612
33.62,1.0,9.890147772265806,0.10000000149011612
33.671,1.0,9.697747314928307,0.10000000149011612
33.72,1.0,9.890189700490899,0.10000000149011612
33.77,1.0,9.780309345200658,0.10000000149011612
33.82,1.0,9.69781868139075,0.10000000149011612
33.871,1.0,9.780209573565259,0.10000000149011612
33.92,1.0,9.807548287117648,0.10000000149011612
33.97,1.0,9.890180073657797,0.10247013717889786
34.02,1.0,9.642919423306981,0.10000000149011612
34.071,1.0,9.8078561425416,0.10000000149011612
34.12,1.0,9.862636894339488,0.10000000149011612
34.171,1.0,9.725358265555567,0.10000000149011612
34.22,1.0,9.67031995192584,0.10000000149011612
34.271,1.0,9.697901124176052,0.10000000149011612
34.32,1.0,9.862825282828675,0.10000000149011612
34.371,1.0,9.697884964880844,0.10000000149011612
34.42,1.0,9.780246417762505,0.10000000149011612
34.471,1.0,9.835168162381484,0.10000000149011612
34.52,1.0,9.75265333491067,0.10000000149011612
34.571,1.0,9.890215561290582,0.10000000149011612
34.62,1.0,9.642715380713344,0.10000000149011612
34.671,1.0,9.807810588036146,0.10000000149011612
34.72,1.0,9.8352887261245,0.10000000149011612
34.77,1.0,9.862591141793462,0.10000000149011612
34.82,1.0,9.807861412068208,0.10000000149011612
34.871,1.0,9.89012465806057,0.10000000149011612
34.92,1.0,9.835119566010933,0.10000000149011612
34.97,1.0,9.835111766205065,0.10000000149011612
35.02,1.0,9.890095475792057,0.10000000149011612
35.071,1.0,9.807801659218967,0.10000000149011612
35.12,1.0,9.752751365780002,0.10000000149011612
35.17,1.0,9.86268566639887,0.10000000149011612
35.22,1.0,9.862620846823686,0.10000000149011612
35.271,1.0,9.670341464856433,0.10000000149011612
35.32,1.0,9.890061812868549,0.10000000149011612
35.371,1.0,9.78023726526234,0.10000000149011612
35.42,1.0,9.890000000016556,0.10000000149011612
35.47,1.0,9.835307555231783,0.10000000149011612
35.52,1.0,9.835501776470078,0.10000000149011612
35.571,1.0,9.67039371257027,0.10000000149011612
35.62,1.0,9.725297511120637,0.10000000149011612
35.671,1.0,9.80785995806671,0.10000000149011612
35.72,1.0,9.780290137686663,0.10000000149011612
35.771,1.0,9.807612249296572,0.10000000149011612
35.82,1.0,9.697770680880382,0.10000000149011612
35.871,1.0,9.725659285361568,0.10000000149011612
35.92,1.0,9.83523990124878,0.10000000149011612
35.97,1.0,9.835058846573036,0.10000000149011612
36.02,1.0,9.725305727641615,0.10000000149011612
36.071,1.0,9.698114046744175,0.10000000149011612
36.12,1.0,9.698017266868717,0.10000000149011612
36.171,1.0,9.780148094126748,0.10000000149011612
36.22,1.0,9.780077902475993,0.10000000149011612
36.27,1.0,9.780302748808431,0.10000000149011612
36.32,1.0,9.753107497137453,0.10000000149011612
36.371,1.0,9.78005742273397,0.10000000149011612
36.42,1.0,9.862737794323928,0.10000000149011612
36.471,1.0,9.780384212028649,0.10000000149011612
36.521,1.0,9.670361064477927,0.10000000149011612
36.571,1.0,9.75275102245311,0.10000000149011612
36.62,1.0,9.780219722684059,0.10000000149011612
36.671,1.0,9.917587928556733,0.10000000149011612
36.72,1.0,9.80776481549773,0.10000000149011612
36.771,1.0,9.917507695737813,0.10000000149011612
36.82,1.0,9.67029062613017,0.10000000149011612
36.87,1.0,9.890040381977128,0.10000000149011612
36.92,1.0,9.807713627422022,0.10000000149011612
36.971,1.0,9.835275726247993,0.10000000149011612
37.02,1.0,9.587962813344266,0.10000000149011612
37.071,1.0,9.752699644553164,0.10000000149011612
37.12,1.0,9.945140076035427,0.11549586802721024
37.17,1.0,9.80776370084948,0.10000000149011612
37.22,1.0,9.890034374780953,0.10000000149011612
37.271,1.0,9.752876087402305,0.10000000149011612
37.32,1.0,9.890076544860172,0.10000000149011612
37.371,1.0,9.807756707465483,0.10000000149011612
37.42,1.0,9.807742182744875,0.10000000149011612
37.47,1.0,9.945000000008278,0.10000000149011612
37.52,1.0,9.725378633973499,0.10000000149011612
37.571,1.0,9.835274954222971,0.10000000149011612
37.62,1.0,9.78055993248191,0.10000000149011612
37.671,1.0,9.780170168520677,0.10000000149011612
37.72,1.0,9.945056393970217,0.10155031085014343
37.77,1.0,9.835235487090216,0.10000000149011612
37.82,1.0,9.890081423914268,0.10000000149011612
37.871,1.0,9.835317733573417,0.10000000149011612
37.92,1.0,9.80783204059634,0.10000000149011612
37.97,1.0,9.752961237087018,0.10000000149011612
38.02,1.0,9.890272071005569,0.10000000149011612
38.071,1.0,9.862619978148077,0.10000000149011612
38.12,1.0,9.72531019623081,0.10000000149011612
38.17,1.0,9.752613253022234,0.10000000149011612
38.22,1.0,9.752770792941252,0.10000000149011612
38.271,1.0,9.80781859010458,0.10000000149011612
38.32,1.0,9.780306471739378,0.10000000149011612
38.371,1.0,9.807651160119308,0.10000000149011612
38.42,1.0,9.780277794102828,0.10000000149011612
38.471,1.0,9.807680983986291,0.10000000149011612
38.52,1.0,9.807909971227248,0.10000000149011612
38.571,1.0,9.670609092215697,0.10000000149011612
38.62,1.0,9.752845730446278,0.10000000149011612
38.671,1.0,9.725534212920401,0.10000000149011612
38.72,1.0,9.725324236249758,0.10000000149011612
38.771,1.0,9.862862558890548,0.10534214228391647
38.82,1.0,9.835020585627191,0.10000000149011612
38.871,1.0,9.80768126534919,0.10000000149011612
38.92,1.0,9.752944731132851,0.10000000149011612
38.971,1.0,9.945037197611398,0.10000000149011612
39.02,1.0,9.752683199466103,0.10000000149011612
39.071,1.0,9.890057502480017,0.10000000149011612
39.12,1.0,9.80762633461919,0.10000000149011612
39.171,1.0,9.725279373799761,0.10000000149011612
39.22,1.0,9.807800924136407,0.10000000149011612
39.271,1.0,9.780262410164708,0.10000000149011612
39.32,1.0,9.835164964136977,0.10000000149011612
39.371,1.0,9.780040201896595,0.10000000149011612
39.42,1.0,9.917682522017923,0.10000000149011612
39.471,1.0,9.945000000008278,0.10000000149011612
39.52,1.0,9.807508899726802,0.10000000149011612
39.571,1.0,9.752673695567582,0.10000000149011612
39.62,1.0,9.69791407790035,0.10000000149011612
39.671,1.0,9.78047591334002,0.10000000149011612
39.72,1.0,9.725325487823122,0.10000000149011612
39.771,1.0,9.78026150326348,0.10000000149011612
39.82,1.0,9.862500000020695,0.10000000149011612
39.871,1.0,9.807853544917371,0.10000000149011612
39.92,1.0,9.862561822496355,0.10000000149011612
39.971,1.0,9.890356176450021,0.11100457608699799
40.02,1.0,9.972520144635604,0.10725206881761551
40.071,1.0,9.752931701122886,0.10000000149011612
40.12,1.0,9.642847148784332,0.10000000149011612
40.171,1.0,9.807839276269078,0.10000000149011612
40.22,1.0,9.890250264646278,0.1001754105091095
40.271,1.0,9.643119081399506,0.10000000149011612
40.32,1.0,9.780315222798123,0.10000000149011612
40.371,1.0,9.835185012345512,0.10000000149011612
40.42,1.0,9.75281744485514,0.10000000149011612
40.471,1.0,9.862595377489924,0.10000000149011612
40.52,1.0,9.780320673022006,0.10000000149011612
40.571,1.0,9.835177456835906,0.10000000149011612
40.62,1.0,9.862709586963886,0.10000000149011612
40.671,1.0,9.917720885160897,0.11170709878206253
40.72,1.0,9.69780283978002,0.10000000149011612
40.77,1.0,9.862629803311494,0.10000000149011612
40.82,1.0,9.807886576673223,0.10000000149011612
40.871,1.0,9.780296409606105,0.10000000149011612
40.92,1.0,9.835313531114823,0.10000000149011612
40.971,1.0,9.807749161558847,0.10000000149011612
41.02,1.0,9.862824399686522,0.10000000149011612
41.071,1.0,9.67031176413099,0.10000000149011612
41.12,1.0,9.752704336556295,0.10000000149011612
41.171,1.0,9.8625219065696,0.10000000149011612
41.22,1.0,9.835302873431809,0.10000000149011612
41.27,1.0,9.862575734054877,0.10000000149011612
41.32,1.0,9.890068142323031,0.10000000149011612
41.371,1.0,9.83524550538924,0.10000000149011612
41.42,1.0,9.80782200317416,0.10000000149011612
41.471,1.0,9.835074147768319,0.10000000149011612
41.52,1.0,9.780408414970669,0.10000000149011612
41.57,1.0,9.808012972523768,0.10000000149011612
41.62,1.0,9.807753985023332,0.10000000149011612
41.671,1.0,9.890220071913468,0.10000000149011612
41.72,1.0,9.698069912712608,0.10000000149011612
41.771,1.0,9.72536057724307,0.10000000149011612
41.82,1.0,9.862802917655143,0.10000000149011612
41.871,1.0,9.670103684274686,0.10000000149011612
41.92,1.0,9.807778764557508,0.10000000149011612
41.97,1.0,9.69794206418511,0.10000000149011612
42.02,1.0,9.780310471231738,0.10000000149011612
42.071,1.0,9.86263290476054,0.10000000149011612
42.12,1.0,9.725171593286925,0.10000000149011612
42.171,1.0,9.807672336780362,0.10000000149011612
42.22,1.0,9.862633769628074,0.10000000149011612
42.271,1.0,9.75279353606618,0.10000000149011612
42.32,1.0,9.89008503769421,0.10000000149011612
42.371,1.0,9.890095115908318,0.10000000149011612
42.42,1.0,9.83513911873516,0.10000000149011612
42.471,1.0,9.807671239910027,0.10000000149011612
42.52,1.0,9.72539016418159,0.10000000149011612
42.571,1.0,9.80788945251455,0.10000000149011612
42.62,1.0,9.780153757313059,0.10000000149011612
42.671,1.0,9.725175567964714,0.10000000149011612
42.72,1.0,9.80799875193172,0.10115320980548859
42.771,1.0,9.752779732147852,0.10000000149011612
42.82,1.0,9.862665175998377,0.10000000149011612
42.871,1.0,9.862890478947925,0.10000000149011612
42.92,1.0,9.835372164804074,0.10000000149011612
42.971,1.0,9.917718866053555,0.10268804430961609
43.02,1.0,9.780189852747652,0.10000000149011612
43.071,1.0,9.86268944527126,0.10000000149011612
43.12,1.0,9.807715799949236,0.10000000149011612
43.171,1.0,9.917595006111595,0.10000000149011612
43.22,1.0,9.890120079968538,0.10000000149011612
43.271,1.0,9.890330966458553,0.12395346909761429
43.32,1.0,9.725339370883173,0.10000000149011612
43.371,1.0,9.725460918827189,0.10000000149011612
43.42,1.0,9.670323687750432,0.10000000149011612
43.471,1.0,9.917609293924437,0.10000000149011612
43.52,1.0,9.725620321825975,0.10000000149011612
43.571,1.0,9.78021960005992,0.10000000149011612
43.62,1.0,9.725489003604485,0.10000000149011612
43.671,1.0,9.83536721697698,0.10000000149011612
43.72,1.0,9.697788338797787,0.10000000149011612
43.771,1.0,9.780235655398833,0.10000000149011612
43.82,1.0,9.862770064754619,0.10000000149011612
43.871,1.0,9.835325830119352,0.10000000149011612
43.92,1.0,9.752875109348032,0.10000000149011612
43.97,1.0,9.835211891639563,0.10000000149011612
44.02,1.0,9.83505957470172,0.10000000149011612
44.07,1.0,9.835243757689993,0.10000000149011612
44.12,1.0,9.780223900866178,0.10000000149011612
44.171,1.0,9.83512617231657,0.10000000149011612
44.22,1.0,9.670478178746999,0.10000000149011612
44.271,1.0,9.917859835591582,0.1408081352710724
44.32,1.0,9.725277324414087,0.10000000149011612
44.371,1.0,9.890139643454717,0.10000000149011612
44.42,1.0,9.917500000012417,0.10000000149011612
44.471,1.0,9.89033983418097,0.11784329265356064
44.52,1.0,9.807680056037174,0.10000000149011612
44.571,1.0,9.835330390371382,0.10000000149011612
44.62,1.0,9.807500000028975,0.10000000149011612
44.67,1.0,9.862607027921412,0.10000000149011612
44.72,1.0,9.862698822758263,0.10000000149011612
44.77,1.0,9.752899724948737,0.10000000149011612
44.82,1.0,9.890153738856316,0.10000000149011612
44.871,1.0,9.835234702068071,0.10000000149011612
44.92,1.0,9.78032314400706,0.10000000149011612
44.971,1.0,9.890047997463908,0.10000000149011612
45.02,1.0,9.862771581506564,0.10000000149011612
45.071,1.0,9.835336079469158,0.10000000149011612
45.12,1.0,9.890206732228398,0.10000000149011612
45.171,1.0,9.835251337579555,0.10000000149011612
45.22,1.0,9.862681186571717,0.10000000149011612
45.271,1.0,9.835142048903638,0.10000000149011612
45.32,1.0,9.780503349399401,0.10000000149011612
45.371,1.0,9.752605071684552,0.10000000149011612
45.42,1.0,9.83521646041837,0.10000000149011612
45.471,1.0,9.8902187059323,0.10000000149011612
45.52,1.0,9.80774538601852,0.10000000149011612
45.57,1.0,9.725340234301985,0.10000000149011612
45.62,1.0,9.890206841751933,0.10000000149011612
45.67,1.0,9.862577945387198,0.10000000149011612
45.72,1.0,9.807775315911405,0.10000000149011612
45.77,1.0,9.890253120971222,0.10000000149011612
45.82,1.0,9.862762037747435,0.10000000149011612
45.871,1.0,9.780195279667774,0.10000000149011612
45.92,1.0,9.835418105146124,0.10000000149011612
45.971,1.0,9.752864164796968,0.10000000149011612
46.02,1.0,9.917564887284405,0.10000000149011612
46.071,1.0,9.80765944622043,0.10000000149011612
46.12,1.0,9.89000349332475,0.10000000149011612
46.171,1.0,9.862684002249605,0.10000000149011612
46.22,1.0,9.835418613192935,0.10000000149011612
46.271,1.0,9.862637536496752,0.10000000149011612
46.32,1.0,9.890017951135006,0.10000000149011612
46.371,1.0,9.725697756393089,0.10000000149011612
46.42,1.0,9.807705230845345,0.10000000149011612
46.47,1.0,9.807738679916495,0.10000000149011612
46.52,1.0,9.752814069079855,0.10000000149011612
46.57,1.0,9.807615749537945,0.10000000149011612
46.62,1.0,9.917500000012417,0.10000000149011612
46.671,1.0,9.835115668032731,0.10000000149011612
46.72,1.0,9.56046100029101,0.10000000149011612
46.771,1.0,9.807643619241814,0.10000000149011612
46.82,1.0,9.752625510738127,0.10000000149011612
46.871,1.0,9.697719292239183,0.10000000149011612
46.92,1.0,9.862988532603614,0.10000000149011612
46.971,1.0,9.752846980053517,0.10000000149011612
47.02,1.0,9.83508329147266,0.10000000149011612
47.07,1.0,9.697704032746454,0.10000000149011612
47.12,1.0,9.835055800506638,0.10000000149011612
47.171,1.0,9.807610752143793,0.10000000149011612
47.22,1.0,9.835043723984725,0.10000000149011612
47.271,1.0,9.835201626891891,0.10000000149011612
47.32,1.0,9.862746879396338,0.10000000149011612
47.371,1.0,9.890228791369331,0.10000000149011612
47.42,1.0,9.8077835717135,0.10000000149011612
47.471,1.0,9.725419306444625,0.10000000149011612
47.52,1.0,9.835230139435993,0.10000000149011612
47.571,1.0,9.917500000012417,0.10000000149011612
47.62,1.0,9.780155566334724,0.10000000149011612
47.671,1.0,9.835284846255348,0.10000000149011612
47.72,1.0,9.725290189952487,0.10000000149011612
47.771,1.0,9.64287011857248,0.10000000149011612
47.82,1.0,9.835107377192212,0.10000000149011612
47.871,1.0,9.69775753221992,0.10000000149011612
47.92,1.0,9.67038730142845,0.10000000149011612
47.971,1.0,9.835330816751553,0.10000000149011612
48.02,1.0,9.862784363991684,0.10000000149011612
48.071,1.0,9.807665441205932,0.10000000149011612
48.12,1.0,9.698042683551709,0.10000000149011612
48.171,1.0,9.862831816470457,0.10000000149011612
48.22,1.0,9.780146267782483,0.10000000149011612
48.27,1.0,9.862762992891172,0.10000000149011612
48.32,1.0,9.862630338118308,0.10000000149011612
48.37,1.0,9.835170671385196,0.10000000149011612
48.42,1.0,9.697867524748046,0.10000000149011612
48.471,1.0,9.862614157402682,0.10000000149011612
48.52,1.0,9.725650126342144,0.10000000149011612
48.571,1.0,9.780250851520234,0.10000000149011612
48.62,1.0,9.7527255113754,0.10000000149011612
48.671,1.0,9.752661442052986,0.10000000149011612
48.72,1.0,9.780082538889515,0.10000000149011612
48.771,1.0,9.753022662695084,0.10000000149011612
48.82,1.0,9.725326618055503,0.10000000149011612
48.87,1.0,9.807906608945794,0.10000000149011612
48.92,1.0,9.807784566697148,0.10000000149011612
48.971,1.0,9.890258838608862,0.10000000149011612
49.02,1.0,9.697784608271387,0.10000000149011612
49.07,1.0,9.72531073420412,0.10000000149011612
49.12,1.0,9.890077672671113,0.10000000149011612
49.171,1.0,9.807541419731246,0.10000000149011612
49.22,1.0,9.807624598302775,0.10000000149011612
49.271,1.0,9.752621385165387,0.10000000149011612
49.32,1.0,9.697814225943553,0.10000000149011612
49.371,1.0,9.7253844798853,0.10000000149011612
49.42,1.0,9.807791025232937,0.10000000149011612
49.47,1.0,9.725384577405121,0.10000000149011612
49.52,1.0,9.725425227503809,0.10000000149011612
49.571,1.0,9.807734260542524,0.10000000149011612
49.62,1.0,9.807761101279821,0.10000000149011612
49.671,1.0,9.807942705394494,0.10000000149011612
49.72,1.0,9.780374558394154,0.10000000149011612
49.771,1.0,9.69782549465696,0.10000000149011612
49.82,1.0,9.670247909944091,0.10000000149011612
49.871,1.0,9.780052991149326,0.10000000149011612
49.92,1.0,9.780317164854043,0.10000000149011612
49.971,1.0,9.862988794843355,0.12018318474292755
50.02,1.0,9.835140003201863,0.10000000149011612
50.071,1.0,9.835110641208788,0.10000000149011612
50.12,1.0,9.890120351004104,0.10000000149011612
50.171,1.0,9.862811187116636,0.10000000149011612
50.221,1.0,9.807618170417845,0.10000000149011612
50.271,1.0,9.78037324897531,0.10000000149011612
50.32,1.0,9.80779108254032,0.10000000149011612
50.371,1.0,9.725467550982204,0.10000000149011612
50.42,1.0,9.862972531902294,0.10000000149011612
50.471,1.0,9.780207292383743,0.10000000149011612
50.52,1.0,9.835170632373128,0.10000000149011612
50.57,1.0,9.83519756678078,0.10000000149011612
50.62,1.0,9.890207221296926,0.10000000149011612
50.671,1.0,9.807807305434512,0.10000000149011612
50.72,1.0,9.862763925186462,0.10000000149011612
50.77,1.0,9.807761995659934,0.10000000149011612
50.82,1.0,9.642836128030385,0.10000000149011612
50.871,1.0,9.89008527967251,0.10000000149011612
50.92,1.0,9.835362794270946,0.10000000149011612
50.971,1.0,9.862713606779774,0.10000000149011612
51.02,1.0,9.780194707421792,0.10000000149011612
51.07,1.0,9.86279320611308,0.10000000149011612
51.12,1.0,9.807736380398273,0.10000000149011612
51.17,1.0,9.780177717200583,0.10000000149011612
51.22,1.0,9.835207511608798,0.10000000149011612
51.27,1.0,9.752950583108598,0.10000000149011612
51.32,1.0,9.780000000033114,0.10000000149011612
51.371,1.0,9.752594592753384,0.10000000149011612
51.42,1.0,9.862679550527698,0.10000000149011612
51.471,1.0,9.890000000016556,0.10000000149011612
51.52,1.0,9.807676970399916,0.10000000149011612
51.571,1.0,9.780241085837284,0.10000000149011612
51.62,1.0,9.835270598013368,0.10000000149011612
51.67,1.0,9.862764646278487,0.10000000149011612
51.72,1.0,9.780263350759116,0.10000000149011612
51.771,1.0,9.807703309133649,0.10000000149011612
51.82,1.0,9.862639780363274,0.10000000149011612
51.87,1.0,9.780323126953508,0.10000000149011612
51.92,1.0,9.642790625037419,0.10000000149011612
51.971,1.0,9.725188084050185,0.10000000149011612
52.02,1.0,9.752864907102452,0.10000000149011612
52.071,1.0,9.807587929132085,0.10000000149011612
52.12,1.0,9.945164271050857,0.11763810366392136
52.171,1.0,9.80780167836282,0.10000000149011612
52.22,1.0,9.917651129989988,0.10000000149011612
52.271,1.0,9.752754271961749,0.10000000149011612
52.32,1.0,9.890269460673961,0.10687326639890671
52.371,1.0,9.752659023284084,0.10000000149011612
52.42,1.0,9.807717073005106,0.10000000149011612
52.471,1.0,9.752775797806681,0.10000000149011612
52.52,1.0,9.807801088007787,0.10000000149011612
52.571,1.0,9.807783896724382,0.10000000149011612
52.62,1.0,9.642579795461561,0.10000000149011612
52.671,1.0,9.560578808167742,0.10000000149011612
52.72,1.0,9.807823332150777,0.10000000149011612
52.771,1.0,9.615444863856666,0.10000000149011612
52.82,1.0,9.67041383056591,0.10000000149011612
52.871,1.0,9.780300726410415,0.10000000149011612
52.92,1.0,9.807669741391308,0.10000000149011612
52.971,1.0,9.72540027902772,0.10000000149011612
53.02,1.0,9.86259820361932,0.10000000149011612
53.071,1.0,9.780410565394494,0.10000000149011612
53.12,1.0,9.890149529029925,0.10000000149011612
53.17,1.0,9.890064927976992,0.10000000149011612
53.22,1.0,9.862593231702016,0.10000000149011612
53.27,1.0,9.780373195558786,0.10000000149011612
53.32,1.0,9.807691587155892,0.10000000149011612
53.37,1.0,9.890006949442128,0.10000000149011612
53.42,1.0,9.80767082447807,0.10000000149011612
53.471,1.0,9.752833604005476,0.10000000149011612
53.52,1.0,9.752844377503626,0.10000000149011612
53.571,1.0,9.862500000020695,0.10000000149011612
53.62,1.0,9.835099133787056,0.10000000149011612
53.67,1.0,9.725332427128322,0.10000000149011612
53.72,1.0,9.807769339552356,0.10000000149011612
53.771,1.0,9.698241504136886,0.10000000149011612
53.82,1.0,9.83527894978308,0.10000000149011612
53.871,1.0,9.807727782635226,0.10000000149011612
53.92,1.0,9.91763831379099,0.10893586277961731
53.971,1.0,9.72519209070338,0.10000000149011612
54.02,1.0,9.89024274289194,0.10000000149011612
54.07,1.0,9.83527383475254,0.10000000149011612
54.12,1.0,9.807706396198935,0.10000000149011612
54.17,1.0,9.725329149452348,0.10000000149011612
54.22,1.0,9.890302379656998,0.10248653590679169
54.271,1.0,9.862705774977803,0.10000000149011612
54.32,1.0,9.917642858024273,0.10000000149011612
54.371,1.0,9.72519673212535,0.10000000149011612
54.42,1.0,9.835059730501639,0.10000000149011612
54.47,1.0,9.780265953350398,0.10000000149011612
54.52,1.0,9.890109611281918,0.10000000149011612
54.571,1.0,9.835169344291918,0.10000000149011612
54.62,1.0,9.807777659988238,0.10000000149011612
54.671,1.0,9.807719224753479,0.10000000149011612
54.72,1.0,9.890031548030674,0.10000000149011612
54.771,1.0,9.780193553554515,0.10000000149011612
54.82,1.0,9.643080464315911,0.10000000149011612
54.871,1.0,9.807740609389212,0.10000000149011612
54.92,1.0,9.780226776955857,0.10000000149011612
54.971,1.0,9.835256377566193,0.10000000149011612
55.02,1.0,9.80772046097037,0.10000000149011612
55.071,1.0,9.91763695118328,0.10000000149011612
55.12,1.0,9.835300901925399,0.10000000149011612
55.171,1.0,9.835000000024836,0.10000000149011612
55.22,1.0,9.890086404089299,0.10000000149011612
55.271,1.0,9.75264334221267,0.10000000149011612
55.32,1.0,9.917501783246795,0.10000000149011612
55.371,1.0,9.835134445606835,0.10000000149011612
55.42,1.0,9.835211341372794,0.10000000149011612
55.47,1.0,9.862852789813445,0.10000000149011612
55.52,1.0,9.725498860143125,0.10000000149011612
55.57,1.0,9.862674932285316,0.10000000149011612
55.62,1.0,9.807643465283844,0.10000000149011612
55.671,1.0,9.75293301904781,0.10000000149011612
55.72,1.0,9.807902386660377,0.10000000149011612
55.771,1.0,9.862590919393632,0.10000000149011612
55.82,1.0,9.780238401393095,0.10000000149011612
55.871,1.0,9.780290976083942,0.10000000149011612
55.92,1.0,9.86252004518691,0.10000000149011612
55.971,1.0,9.862720232291354,0.10000000149011612
56.02,1.0,9.670274712911082,0.10000000149011612
56.071,1.0,9.697712706153592,0.10000000149011612
56.12,1.0,9.807847608232663,0.10000000149011612
56.171,1.0,9.807750273868441,0.10000000149011612
56.22,1.0,9.725331033124691,0.10000000149011612
56.271,1.0,9.80785754867312,0.10000000149011612
56.32,1.0,9.753094337652955,0.10000000149011612
56.371,1.0,9.807777278497815,0.10000000149011612
56.42,1.0,9.780308346367544,0.10000000149011612
56.471,1.0,9.890239302834702,0.1030663549900055
56.521,1.0,9.835364301275048,0.10000000149011612
56.571,1.0,9.725162428162164,0.10000000149011612
56.62,1.0,9.80768455285579,0.10000000149011612
56.671,1.0,9.780273049945633,0.10000000149011612
56.72,1.0,9.78012973488205,0.10000000149011612
56.77,1.0,9.780351563894914,0.10000000149011612
56.82,1.0,9.780399109257592,0.10000000149011612
56.87,1.0,9.808034485123224,0.10000000149011612
56.92,1.0,9.83507571561883,0.10000000149011612
56.97,1.0,9.780104003329244,0.10000000149011612
57.021,1.0,9.780211983207199,0.10000000149011612
57.071,1.0,9.835189203462667,0.10000000149011612
57.12,1.0,9.835190389284657,0.10000000149011612
57.171,1.0,9.69773624818772,0.10000000149011612
57.22,1.0,9.725288829269509,0.10000000149011612
57.27,1.0,9.752696906982196,0.10000000149011612
57.32,1.0,9.752767759520147,0.10000000149011612
57.371,1.0,9.83518948170046,0.10000000149011612
57.42,1.0,9.725379821347694,0.10000000149011612
57.471,1.0,9.780191234457824,0.10000000149011612
57.52,1.0,9.835012471013599,0.10000000149011612
57.571,1.0,9.807777476973003,0.10000000149011612
57.62,1.0,9.780288968669872,0.10000000149011612
57.671,1.0,9.807604676692023,0.10000000149011612
57.72,1.0,9.890199101861153,0.10000000149011612
57.771,1.0,9.862646886292431,0.10000000149011612
57.82,1.0,9.917579509545531,0.10000000149011612
57.871,1.0,9.80764490912358,0.10000000149011612
57.92,1.0,9.72546044567393,0.10000000149011612
57.971,1.0,9.835283586651915,0.10000000149011612
58.02,1.0,9.725262246446476,0.10000000149011612
58.07,1.0,9.807684580029713,0.10000000149011612
58.12,1.0,9.862654867851072,0.10000000149011612
58.171,1.0,9.890078907894592,0.10000000149011612
58.22,1.0,9.972605178463791,0.13786424696445465
58.271,1.0,9.670464936726622,0.10000000149011612
58.32,1.0,9.80760852307495,0.10000000149011612
58.371,1.0,9.780241560315092,0.10000000149011612
58.42,1.0,9.86271098450654,0.10000000149011612
58.471,1.0,9.835077362259229,0.10000000149011612
58.52,1.0,9.780333854444326,0.10000000149011612
58.571,1.0,9.83528947395583,0.10000000149011612
58.62,1.0,9.890029392970932,0.10000000149011612
58.671,1.0,9.72529270907657,0.10000000149011612
58.72,1.0,9.86261099514862,0.10000000149011612
58.771,1.0,9.697743390728203,0.10000000149011612
58.82,1.0,9.780529788695276,0.10000000149011612
58.871,1.0,9.862799310435852,0.10000000149011612
58.92,1.0,9.862654974456463,0.10000000149011612
58.971,1.0,9.78022192776617,0.10000000149011612
59.021,1.0,9.642962413281202,0.10000000149011612
59.071,1.0,9.752945041449534,0.10000000149011612
59.12,1.0,9.862761431601312,0.10000000149011612
59.17,1.0,9.807563435700205,0.10000000149011612
59.22,1.0,9.807724566219582,0.10000000149011612
59.271,1.0,9.862701313984063,0.10000000149011612
59.32,1.0,9.807959170887868,0.10000000149011612
59.371,1.0,9.780452217989497,0.10000000149011612
59.42,1.0,9.83517550929553,0.10000000149011612
59.471,1.0,9.807808519361748,0.10000000149011612
59.52,1.0,9.807870462081498,0.10000000149011612
59.571,1.0,9.917640325778889,0.10000000149011612
59.62,1.0,9.69798856286539,0.10000000149011612
59.67,1.0,9.725114891616007,0.10000000149011612
59.72,1.0,9.862817169994944,0.10000000149011612
59.771,1.0,9.862752298886578,0.10000000149011612
59.82,1.0,9.725316430876653,0.10000000149011612
59.871,1.0,9.835261913616623,0.10000000149011612
59.92,1.0,9.862609395053651,0.10000000149011612
59.971,1.0,9.86281797128419,0.10000000149011612
60.021,1.0,9.835038228581348,0.10000000149011612
60.071,1.0,9.862711810631057,0.10000000149011612
60.12,1.0,9.780349925056928,0.10000000149011612
60.171,1.0,9.670700505106813,0.10000000149011612
60.22,1.0,9.752949816505943,0.10000000149011612
60.271,1.0,9.835195664212936,0.10000000149011612
60.32,1.0,9.807753096727861,0.10000000149011612
60.371,1.0,9.86270258333534,0.10000000149011612
60.42,1.0,9.835181436584227,0.10000000149011612
60.471,1.0,9.752835117797884,0.10000000149011612
60.52,1.0,9.835414951253268,0.10000000149011612
60.571,1.0,9.807726998565098,0.10000000149011612
60.62,1.0,9.780469084282716,0.10000000149011612
60.671,1.0,9.807627918633322,0.10000000149011612
60.72,1.0,9.835113091911706,0.10000000149011612
60.771,1.0,9.890128435132404,0.10000000149011612
60.82,1.0,9.643124075358113,0.10000000149011612
60.871,1.0,9.835336745054358,0.10000000149011612
60.92,1.0,9.835215077093906,0.10000000149011612
60.971,1.0,9.807677431011365,0.10000000149011612
61.02,1.0,9.83515370140473,0.10000000149011612
61.071,1.0,9.752911603926785,0.10000000149011612
61.12,1.0,9.752910065381892,0.10000000149011612
61.171,1.0,9.752933867213626,0.10000000149011612
61.22,1.0,9.780264730296201,0.10000000149011612
61.271,1.0,9.862745529082087,0.10000000149011612
61.32,1.0,9.725355015881359,0.10000000149011612
61.371,1.0,9.917606695327494,0.10000000149011612
61.42,1.0,9.862708470763431,0.10000000149011612
61.47,1.0,9.752769422820872,0.10000000149011612
61.52,1.0,9.780255559935338,0.10000000149011612
61.571,1.0,9.75281851283378,0.10000000149011612
61.621,1.0,9.780248057531814,0.10000000149011612
61.671,1.0,9.753125311972367,0.10000000149011612
61.72,1.0,9.807773373420869,0.10000000149011612
61.771,1.0,9.670384088013735,0.10000000149011612
61.82,1.0,9.753025827743112,0.10000000149011612
61.871,1.0,9.917569035208887,0.10000000149011612
61.92,1.0,9.75275700520724,0.10000000149011612
61.971,1.0,9.83524646187822,0.10000000149011612
62.02,1.0,9.780407508193619,0.10000000149011612
62.071,1.0,9.862831677413649,0.10000000149011612
62.12,1.0,9.752542445808649,0.10000000149011612
62.171,1.0,9.725574780835046,0.10000000149011612
62.22,1.0,9.8353731289299,0.10000000149011612
62.271,1.0,9.6429678555578,0.10000000149011612
62.32,1.0,9.642966379701264,0.10000000149011612
62.371,1.0,9.807750862754054,0.10000000149011612
62.42,1.0,9.917559391053187,0.10000000149011612
62.471,1.0,9.697962906584143,0.10000000149011612
62.52,1.0,9.8076942064075,0.10000000149011612
62.57,1.0,9.835011846613552,0.10000000149011612
62.62,1.0,9.807562500714427,0.10000000149011612
62.67,1.0,9.862753746472299,0.10000000149011612
62.72,1.0,9.835276883695688,0.10000000149011612
62.771,1.0,9.780353134311735,0.10000000149011612
62.82,1.0,9.86261688247323,0.10000000149011612
62.871,1.0,9.642897928651008,0.10000000149011612
62.921,1.0,9.697858656777276,0.10000000149011612
62.971,1.0,9.780264624663525,0.10000000149011612
63.02,1.0,9.752918523425857,0.10000000149011612
63.071,1.0,9.780553427379992,0.10000000149011612
63.12,1.0,9.725293830989136,0.10000000149011612
63.171,1.0,9.697601537592709,0.10000000149011612
63.22,1.0,9.78056790156083,0.10000000149011612
63.271,1.0,9.890133253133131,0.10000000149011612
63.32,1.0,9.725608969769544,0.10000000149011612
63.371,1.0,9.752951262580853,0.10000000149011612
63.42,1.0,9.945000000008278,0.10000000149011612
63.471,1.0,9.862721326885124,0.10000000149011612
63.52,1.0,9.780281042555968,0.10000000149011612
63.571,1.0,9.835084803485207,0.10000000149011612
63.62,1.0,9.862515077222552,0.10000000149011612
63.671,1.0,9.615454013604257,0.10000000149011612
63.72,1.0,9.752774531332156,0.10000000149011612
63.771,1.0,9.80777349739025,0.10000000149011612
63.82,1.0,9.780225012182362,0.10000000149011612
63.871,1.0,9.890140753425658,0.10000000149011612
63.92,1.0,9.697749358663957,0.10000000149011612
63.971,1.0,9.697982743920551,0.10000000149011612
64.02,1.0,9.862500000020695,0.10000000149011612
64.071,1.0,9.807697121095327,0.10000000149011612
64.12,1.0,9.862644017446373,0.10000000149011612
64.171,1.0,9.835213342619438,0.10000000149011612
64.22,1.0,9.69791490714997,0.10000000149011612
64.271,1.0,9.615564398922855,0.10000000149011612
64.32,1.0,9.807826405887802,0.10000000149011612
64.371,1.0,9.780228317735924,0.10000000149011612
64.42,1.0,9.752602080773148,0.10000000149011612
64.471,1.0,9.807848050238357,0.10000000149011612
64.52,1.0,9.69827912663006,0.10000000149011612
64.571,1.0,9.752814029260643,0.10000000149011612
64.62,1.0,9.835170987579557,0.10000000149011612
64.671,1.0,9.753030133288767,0.10000000149011612
64.72,1.0,9.780126458365057,0.10000000149011612
64.771,1.0,9.780104767448373,0.10000000149011612
64.82,1.0,9.807780589204695,0.10000000149011612
64.87,1.0,9.890102452846865,0.10000000149011612
64.92,1.0,9.862725941112473,0.10000000149011612
64.971,1.0,9.862835852180918,0.10000000149011612
65.02,1.0,9.807714582834807,0.10000000149011612
65.071,1.0,9.780347225939234,0.10000000149011612
65.121,1.0,9.67037691368411,0.10000000149011612
65.171,1.0,9.780301245653796,0.10000000149011612
65.22,1.0,9.698021586425602,0.10000000149011612
65.271,1.0,9.807614564378229,0.10000000149011612
65.32,1.0,9.917680665333238,0.10000000149011612
65.371,1.0,9.807716051075193,0.10000000149011612
65.421,1.0,9.917593828009235,0.10000000149011612
65.47,1.0,9.917611489424274,0.10445529967546463
65.52,1.0,9.835277488869098,0.10000000149011612
65.571,1.0,9.807602960864703,0.10000000149011612
65.62,1.0,9.890102217511998,0.10000000149011612
65.67,1.0,9.890185598801407,0.10000000149011612
65.72,1.0,9.78048864485075,0.10000000149011612
65.771,1.0,9.752748611321051,0.10000000149011612
65.82,1.0,9.725226524182492,0.10000000149011612
65.87,1.0,9.807817629952398,0.10000000149011612
65.92,1.0,9.67058091989408,0.10000000149011612
65.971,1.0,9.917582172238165,0.10000000149011612
66.021,1.0,9.807656510112187,0.10000000149011612
66.071,1.0,9.86271741061161,0.10000000149011612
66.121,1.0,9.780359013316533,0.10000000149011612
66.171,1.0,9.780363296551837,0.10000000149011612
66.22,1.0,9.752661877353159,0.10000000149011612
66.271,1.0,9.945068675714234,0.10000000149011612
66.32,1.0,9.807593690479795,0.10000000149011612
66.371,1.0,9.780059757456183,0.10000000149011612
66.42,1.0,9.890043183974921,0.10000000149011612
66.471,1.0,9.807838393934071,0.10000000149011612
66.52,1.0,9.835266839981907,0.10000000149011612
66.57,1.0,9.780126146578954,0.10000000149011612
66.62,1.0,9.725278487987817,0.10000000149011612
66.671,1.0,9.697959577147332,0.10000000149011612
66.72,1.0,9.890143435469104,0.10000000149011612
66.771,1.0,9.752679880915416,0.10000000149011612
66.82,1.0,9.917573156932162,0.10000000149011612
66.871,1.0,9.83508949962755,0.10000000149011612
66.92,1.0,9.8076850672149,0.10000000149011612
66.971,1.0,9.835000000024836,0.10000000149011612
67.02,1.0,9.780011018572582,0.10000000149011612
67.071,1.0,9.862590291288992,0.10000000149011612
67.12,1.0,9.697906278860238,0.10000000149011612
67.171,1.0,9.780284952289529,0.10000000149011612
67.221,1.0,9.835251554474235,0.10000000149011612
67.271,1.0,9.862637827317748,0.10000000149011612
67.32,1.0,9.752781109035842,0.10000000149011612
67.371,1.0,9.862684092360238,0.10000000149011612
67.42,1.0,9.808006819937791,0.10000000149011612
67.471,1.0,9.753021308283012,0.10000000149011612
67.52,1.0,9.752578396598498,0.10000000149011612
67.57,1.0,9.780369527637959,0.10000000149011612
67.62,1.0,9.835246439340214,0.10000000149011612
67.671,1.0,9.835271375315886,0.10000000149011612
67.72,1.0,9.725497711263596,0.10000000149011612
67.771,1.0,9.780273796969817,0.10000000149011612
67.82,1.0,9.917741962708533,0.1202373281121254
67.87,1.0,9.752910310630169,0.10000000149011612
67.92,1.0,9.72512582625366,0.10000000149011612
67.971,1.0,9.75273140248739,0.10000000149011612
68.02,1.0,9.917798876017333,0.11571945250034332
68.071,1.0,9.862500000020695,0.10000000149011612
68.12,1.0,9.862820873264637,0.10000000149011612
68.171,1.0,9.862548378979167,0.10000000149011612
68.22,1.0,9.725518767701255,0.10000000149011612
68.271,1.0,9.862761815368302,0.10000000149011612
68.32,1.0,9.752912841178476,0.10000000149011612
68.371,1.0,9.752717739219467,0.10000000149011612
68.42,1.0,9.6978775623151,0.10000000149011612
68.471,1.0,9.862500000020695,0.10000000149011612
68.52,1.0,9.890224438181354,0.10254810005426407
68.571,1.0,9.752789852250782,0.10000000149011612
68.62,1.0,9.835025773218108,0.10000000149011612
68.671,1.0,9.890140437045032,0.10000000149011612
68.72,1.0,9.69786228241606,0.10000000149011612
68.771,1.0,9.780232766891519,0.10000000149011612
68.82,1.0,9.752500000037253,0.10000000149011612
68.871,1.0,9.83524956347214,0.10000000149011612
68.92,1.0,9.78021675017145,0.10000000149011612
68.971,1.0,9.780076189070112,0.10000000149011612
69.02,1.0,9.917691561455529,0.11275110393762589
69.071,1.0,9.835231878608464,0.10000000149011612
69.12,1.0,9.972500000004139,0.10000000149011612
69.171,1.0,9.80771834032817,0.10000000149011612
69.22,1.0,9.89038448199216,0.10000000149011612
69.271,1.0,9.890133789802592,0.10000000149011612
69.32,1.0,9.86255178362545,0.10000000149011612
69.371,1.0,9.807800185535516,0.10000000149011612
69.421,1.0,9.807671775917212,0.10000000149011612
69.471,1.0,9.835200202258097,0.10000000149011612
69.52,1.0,9.698046986199916,0.10000000149011612
69.571,1.0,9.725313177063233,0.10000000149011612
69.62,1.0,9.78027801517811,0.10000000149011612
69.671,1.0,9.890125429174967,0.10000000149011612
69.721,1.0,9.807546411847902,0.10000000149011612
69.771,1.0,9.807625353646776,0.10000000149011612
69.82,1.0,9.752960438798699,0.10000000149011612
69.871,1.0,9.807766708359122,0.10000000149011612
69.921,1.0,9.697806518649061,0.10000000149011612
69.971,1.0,9.697835916880932,0.10000000149011612
70.021,1.0,9.725367231584258,0.10000000149011612
70.071,1.0,9.69796918876883,0.10000000149011612
70.12,1.0,9.890073858387769,0.10000000149011612
70.171,1.0,9.670329016136627,0.10000000149011612
70.221,1.0,9.75293634161353,0.10000000149011612
70.271,1.0,9.835197543145881,0.10000000149011612
70.321,1.0,9.862772758160201,0.10000000149011612
70.37,1.0,9.725199218591055,0.10000000149011612
70.42,1.0,9.780579879610903,0.10000000149011612
70.471,1.0,9.862742114149862,0.10000000149011612
70.52,1.0,9.80786768241475,0.10000000149011612
70.571,1.0,9.807640258388387,0.10000000149011612
70.621,1.0,9.862605374554793,0.10000000149011612
70.671,1.0,9.615367195279234,0.10000000149011612
70.72,1.0,9.78018997359193,0.10000000149011612
70.771,1.0,9.807671842579213,0.10000000149011612
70.82,1.0,9.890112431264585,0.10000000149011612
70.871,1.0,9.835033183296522,0.10000000149011612
70.92,1.0,9.972564630334576,0.12326692044734955
70.971,1.0,9.862738848456907,0.10000000149011612
71.02,1.0,9.83508133708189,0.10000000149011612
71.07,1.0,9.807797354128626,0.10000000149011612
71.12,1.0,9.780246911963655,0.10000000149011612
71.171,1.0,9.862888876866135,0.10592295229434967
71.22,1.0,9.862725903238687,0.10000000149011612
71.27,1.0,9.725385347091489,0.10000000149011612
71.32,1.0,9.835301488720708,0.10000000149011612
71.371,1.0,9.753089077211916,0.10000000149011612
71.421,1.0,9.725299889884061,0.10000000149011612
71.471,1.0,9.725432033174569,0.10000000149011612
71.521,1.0,9.78019010786795,0.10000000149011612
71.571,1.0,9.807586833544903,0.10000000149011612
71.62,1.0,9.807678291387855,0.10000000149011612
71.671,1.0,9.780074127370284,0.10000000149011612
71.72,1.0,9.80776563955264,0.10000000149011612
71.771,1.0,9.780297235709925,0.10000000149011612
71.82,1.0,9.862581194481916,0.10000000149011612
71.871,1.0,9.862784399009414,0.10000000149011612
71.92,1.0,9.835260057842566,0.10000000149011612
71.971,1.0,9.752936060705947,0.10000000149011612
72.021,1.0,9.80778689208544,0.10000000149011612
72.071,1.0,9.697762171717153,0.10000000149011612
72.12,1.0,9.862539289063877,0.10000000149011612
72.171,1.0,9.835375524188082,0.10000000149011612
72.22,1.0,9.835269983257685,0.10000000149011612
72.271,1.0,9.835175970941782,0.10000000149011612
72.32,1.0,9.835322976753943,0.10000000149011612
72.371,1.0,9.780180472342504,0.10000000149011612
72.42,1.0,9.807794525722663,0.10000000149011612
72.471,1.0,9.780450053637226,0.10000000149011612
72.52,1.0,9.780218227518102,0.10000000149011612
72.571,1.0,9.75307927477277,0.10000000149011612
72.621,1.0,9.83519313931465,0.10000000149011612
72.671,1.0,9.890000000016556,0.10000000149011612
72.72,1.0,9.752679232218199,0.10000000149011612
72.771,1.0,9.835185072736607,0.10000000149011612
72.82,1.0,9.75284337155107,0.10000000149011612
72.871,1.0,9.835098956111405,0.10000000149011612
72.921,1.0,9.862719688150618,0.10000000149011612
72.971,1.0,9.75288257667174,0.10000000149011612
73.02,1.0,9.725304856627352,0.10000000149011612
73.071,1.0,9.615404264504711,0.10000000149011612
73.12,1.0,9.807612722739577,0.10000000149011612
73.171,1.0,9.780322128182483,0.10000000149011612
73.22,1.0,9.890211268410914,0.10000000149011612
73.271,1.0,9.780326355745395,0.10000000149011612
73.321,1.0,9.725177330316768,0.10000000149011612
73.371,1.0,9.835221146833565,0.10000000149011612
73.42,1.0,9.752797871703903,0.10000000149011612
73.471,1.0,9.643049844582048,0.10000000149011612
73.52,1.0,9.752939223953419,0.10000000149011612
73.571,1.0,9.7530082008284,0.10000000149011612
73.62,1.0,9.917539101218184,0.10000000149011612
73.671,1.0,9.725488989945088,0.10000000149011612
73.72,1.0,9.862581125812397,0.10000000149011612
73.77,1.0,9.862666918130385,0.10000000149011612
73.82,1.0,9.670497615490522,0.10000000149011612
73.871,1.0,9.86252903663036,0.10000000149011612
73.92,1.0,9.725262705381546,0.10000000149011612
73.971,1.0,9.862580014848048,0.10000000149011612
74.02,1.0,9.752770595459474,0.10000000149011612
74.071,1.0,9.807822761457,0.10000000149011612
74.12,1.0,9.862505894795888,0.10000000149011612
74.171,1.0,9.642991194418736,0.10000000149011612
74.22,1.0,9.642980745662417,0.10000000149011612
74.271,1.0,9.862546362189782,0.10000000149011612
74.32,1.0,9.807916200140284,0.10000000149011612
74.371,1.0,9.698019747663704,0.10000000149011612
74.42,1.0,9.807700814037688,0.10000000149011612
74.471,1.0,9.697628330729074,0.10000000149011612
74.52,1.0,9.917639067355129,0.10000000149011612
74.571,1.0,9.835093297995627,0.10000000149011612
74.62,1.0,9.917505003760258,0.10000000149011612
74.671,1.0,9.807812539446685,0.10000000149011612
74.72,1.0,9.807691644049353,0.10000000149011612
74.771,1.0,9.725183807189266,0.10000000149011612
74.82,1.0,9.807699339981708,0.10000000149011612
74.871,1.0,9.890201496374276,0.10000000149011612
74.92,1.0,9.917566110152338,0.10000000149011612
74.971,1.0,9.862759320417211,0.10000000149011612
75.021,1.0,9.780399642615683,0.10000000149011612
75.071,1.0,9.725366734713315,0.10000000149011612
75.12,1.0,9.670278228012224,0.10000000149011612
75.171,1.0,9.835405538086262,0.10000000149011612
75.221,1.0,9.780144375790325,0.10000000149011612
75.271,1.0,9.80781052781062,0.10000000149011612
75.32,1.0,9.862672909287115,0.10000000149011612
75.37,1.0,9.807763906464809,0.10000000149011612
75.42,1.0,9.89010640875333,0.10000000149011612
75.471,1.0,9.83517445406566,0.10000000149011612
75.52,1.0,9.698065553895301,0.10000000149011612
75.571,1.0,9.89025583387249,0.10000000149011612
75.62,1.0,9.835320831400653,0.10000000149011612
75.671,1.0,9.69773316486842,0.10000000149011612
75.72,1.0,9.807811355363164,0.10000000149011612
75.771,1.0,9.807515377096005,0.10000000149011612
75.82,1.0,9.807870235190624,0.10000000149011612
75.871,1.0,9.780348257554902,0.10000000149011612
75.92,1.0,9.642803483746118,0.10000000149011612
75.971,1.0,9.835166233281294,0.10000000149011612
76.02,1.0,9.890000000016556,0.10000000149011612
76.071,1.0,9.835118042222328,0.10000000149011612
76.12,1.0,9.780166402521234,0.10000000149011612
76.171,1.0,9.890267877487673,0.10000000149011612
76.221,1.0,9.780056941778296,0.10000000149011612
76.271,1.0,9.807633246729772,0.10000000149011612
76.32,1.0,9.835332003235816,0.10000000149011612
76.371,1.0,9.890174442840118,0.10000000149011612
76.42,1.0,9.835198526125815,0.10000000149011612
76.471,1.0,9.780269468761981,0.10000000149011612
76.52,1.0,9.807762135441104,0.10000000149011612
76.571,1.0,9.835355184123747,0.10000000149011612
76.62,1.0,9.69783298484981,0.10000000149011612
76.67,1.0,9.780324507711661,0.10000000149011612
76.72,1.0,9.725154404880271,0.10000000149011612
76.771,1.0,9.890154819645815,0.10000000149011612
76.82,1.0,9.835391537845135,0.10000000149011612
76.871,1.0,9.780404724573923,0.10426792502403259
76.92,1.0,9.725330486707389,0.10000000149011612
76.971,1.0,9.835326566961076,0.10000000149011612
77.02,1.0,9.725373241243263,0.10000000149011612
77.071,1.0,9.807848761872284,0.10000000149011612
77.12,1.0,9.835338216792378,0.10000000149011612
77.171,1.0,9.780321603620218,0.10000000149011612
77.221,1.0,9.780334881900085,0.10000000149011612
77.271,1.0,9.725483774766326,0.10000000149011612
77.32,1.0,9.780202106510599,0.10000000149011612
77.371,1.0,9.862581752737363,0.10000000149011612
77.421,1.0,9.86270395171725,0.10000000149011612
77.471,1.0,9.862586980106101,0.10000000149011612
77.52,1.0,9.752840053248736,0.10000000149011612
77.571,1.0,9.83502327228586,0.10000000149011612
77.621,1.0,9.725345743281974,0.10000000149011612
77.671,1.0,9.807899020012055,0.10000000149011612
77.721,1.0,9.862657576923569,0.10000000149011612
77.771,1.0,9.835116437967454,0.10000000149011612
77.82,1.0,9.945171126599114,0.11570371687412262
77.871,1.0,9.890000000016556,0.10000000149011612
77.921,1.0,9.835272316862312,0.10000000149011612
77.971,1.0,9.835326101092829,0.10000000149011612
78.02,1.0,9.807982217644652,0.10000000149011612
78.071,1.0,9.752741011045874,0.10000000149011612
78.12,1.0,9.917699645087122,0.10000000149011612
78.172,1.0,9.75280253779557,0.10000000149011612
78.22,1.0,9.780288500918282,0.10000000149011612
78.271,1.0,9.835171470708318,0.10000000149011612
78.32,1.0,9.725256889251371,0.10000000149011612
78.371,1.0,9.780383432842791,0.10000000149011612
78.42,1.0,9.862748658491505,0.10000000149011612
78.471,1.0,9.807794104619987,0.10000000149011612
78.52,1.0,9.807670717479454,0.10000000149011612
78.571,1.0,9.835000000024836,0.10000000149011612
78.62,1.0,9.862565087961654,0.10000000149011612
78.671,1.0,9.862500000020695,0.10000000149011612
78.72,1.0,9.725435118791129,0.10000000149011612
78.771,1.0,9.835273622017768,0.10000000149011612
78.82,1.0,9.780270908938514,0.10000000149011612
78.874,1.0,9.807534283068446,0.10000000149011612
78.922,1.0,9.753021309773127,0.10000000149011612
78.971,1.0,9.752751775479151,0.10000000149011612
79.022,1.0,9.972500000004139,0.10000000149011612
79.072,1.0,9.91751143189354,0.10000000149011612
79.157,1.0,9.917575552107559,0.10000000149011612
79.172,1.0,9.807716779017614,0.10000000149011612
79.222,1.0,9.862757493265802,0.10000000149011612
79.272,1.0,9.890000000016556,0.10000000149011612
79.322,1.0,9.752720722990732,0.10000000149011612
79.372,1.0,9.835083121144109,0.10000000149011612
79.422,1.0,9.862731670898695,0.10000000149011612
79.472,1.0,9.780295302905142,0.10000000149011612
79.522,1.0,9.807649224272204,0.10000000149011612
79.572,1.0,9.83527624965128,0.10000000149011612
79.622,1.0,9.917635612148377,0.10000000149011612
79.674,1.0,9.807950810984606,0.10000000149011612
79.722,1.0,9.835284642978674,0.10000000149011612
79.772,1.0,9.862612675171759,0.10000000149011612
79.821,1.0,9.862652204434077,0.10000000149011612
79.872,1.0,9.80759377721697,0.10000000149011612
79.921,1.0,9.890202777191169,0.10000000149011612
79.971,1.0,9.91767373877681,0.10000000149011612
80.022,1.0,9.807955862126416,0.10000000149011612
80.071,1.0,9.862500000020695,0.10000000149011612
80.122,1.0,9.752774872589443,0.10000000149011612
80.171,1.0,9.807775335696837,0.10000000149011612
80.222,1.0,9.835277224332094,0.10000000149011612
80.272,1.0,9.80771279875189,0.10000000149011612
80.321,1.0,9.835157281305227,0.10000000149011612
80.371,1.0,9.862682776111695,0.10000000149011612
80.421,1.0,9.78016231343564,0.10000000149011612
80.471,1.0,9.890194063509504,0.10000000149011612
80.521,1.0,9.752794425872464,0.10000000149011612
80.571,1.0,9.91756165129029,0.10000000149011612
80.622,1.0,9.67039119762679,0.10000000149011612
80.671,1.0,9.807841367998885,0.10000000149011612
80.722,1.0,9.835181513076854,0.10000000149011612
80.772,1.0,9.670498367026449,0.10000000149011612
80.822,1.0,9.808043651200004,0.10905739665031433
80.871,1.0,9.835245639396211,0.10000000149011612
80.921,1.0,9.78022512110571,0.10000000149011612
80.972,1.0,9.75268818837487,0.10000000149011612
81.022,1.0,9.890154085453187,0.10000000149011612
81.072,1.0,9.69783176937037,0.10000000149011612
81.122,1.0,9.752578807249666,0.10000000149011612
81.172,1.0,9.83520878329873,0.10000000149011612
81.222,1.0,9.75257888601886,0.10000000149011612
81.271,1.0,9.807700965615611,0.10000000149011612
81.321,1.0,9.835093028367394,0.10000000149011612
81.371,1.0,9.752864382333225,0.10000000149011612
81.421,1.0,9.752750945298208,0.10000000149011612
81.472,1.0,9.780292221986585,0.10000000149011612
81.522,1.0,9.780278422393733,0.10000000149011612
81.571,1.0,9.862746398585537,0.10000000149011612
81.622,1.0,9.752580565897127,0.10000000149011612
81.671,1.0,9.835483379413684,0.11118284612894058
81.721,1.0,9.917750345149802,0.11979352682828903
81.772,1.0,9.80760195840978,0.10000000149011612
81.822,1.0,9.835282376884587,0.10000000149011612
81.872,1.0,9.725179823218948,0.10000000149011612
81.921,1.0,9.862764417483575,0.10000000149011612
81.972,1.0,9.670329771708284,0.10000000149011612
82.021,1.0,9.780217355055113,0.10000000149011612
82.072,1.0,9.835168613969453,0.10000000149011612
82.121,1.0,9.807518380942444,0.10000000149011612
82.172,1.0,9.862681286616457,0.10000000149011612
82.222,1.0,9.835245817609959,0.10000000149011612
82.271,1.0,9.780199094509912,0.10000000149011612
82.321,1.0,9.642971933281256,0.10000000149011612
82.372,1.0,9.862806347260873,0.10542307049036026
82.422,1.0,9.67040252375106,0.10000000149011612
82.471,1.0,9.890240754021539,0.10000000149011612
82.521,1.0,9.780187386936612,0.10000000149011612
82.571,1.0,9.80771662272099,0.10000000149011612
82.622,1.0,9.890009703673423,0.10000000149011612
82.671,1.0,9.7803245054144,0.10000000149011612
82.722,1.0,9.807810484059155,0.10000000149011612
82.771,1.0,9.8078074802955,0.10000000149011612
82.822,1.0,9.752929102960561,0.10000000149011612
82.871,1.0,9.862710171461933,0.10000000149011612
82.922,1.0,9.862791155154506,0.10000000149011612
82.972,1.0,9.69786901012477,0.10000000149011612
83.021,1.0,9.835147711117234,0.10000000149011612
83.071,1.0,9.807728504389525,0.10000000149011612
83.122,1.0,9.83523585939159,0.10000000149011612
83.171,1.0,9.862722283270625,0.10000000149011612
83.221,1.0,9.752759899323186,0.10000000149011612
83.271,1.0,9.64292050867031,0.10000000149011612
83.321,1.0,9.86259784847498,0.10000000149011612
83.371,1.0,9.780382584573495,0.10000000149011612
83.422,1.0,9.835027707533705,0.10000000149011612
83.472,1.0,9.8075258186087,0.10000000149011612
83.522,1.0,9.807743105457888,0.10000000149011612
83.572,1.0,9.835285667330027,0.10000000149011612
83.621,1.0,9.890000000016556,0.10000000149011612
83.671,1.0,9.890273772366346,0.10000000149011612
83.721,1.0,9.780308562972479,0.10000000149011612
83.771,1.0,9.862670770763524,0.10000000149011612
83.821,1.0,9.7803955135867,0.10000000149011612
83.872,1.0,9.80770840599305,0.10000000149011612
83.921,1.0,9.780131037347019,0.10000000149011612
83.971,1.0,9.8352172428949,0.10000000149011612
84.021,1.0,9.780435717105865,0.10000000149011612
84.071,1.0,9.890120907231337,0.10000000149011612
84.121,1.0,9.75306206105484,0.10000000149011612
84.171,1.0,9.780184279278748,0.10000000149011612
84.221,1.0,9.808067232577336,0.10026436299085617
84.271,1.0,9.752876742370427,0.10000000149011612
84.322,1.0,9.835089444907176,0.10000000149011612
84.372,1.0,9.807912086840306,0.10000000149011612
84.421,1.0,9.752883625796272,0.10000000149011612
84.471,1.0,9.75269140795701,0.10000000149011612
84.522,1.0,9.835412660199735,0.10000000149011612
84.572,1.0,9.807700154495736,0.10000000149011612
84.621,1.0,9.86264588172651,0.10000000149011612
84.671,1.0,9.862606642271082,0.10000000149011612
84.721,1.0,9.835100264433358,0.10000000149011612
84.771,1.0,9.697925087913044,0.10000000149011612
84.821,1.0,9.862760963477195,0.10000000149011612
84.871,1.0,9.725421093590558,0.10000000149011612
84.922,1.0,9.753177051184078,0.10000000149011612
84.971,1.0,9.78012351743463,0.10000000149011612
85.022,1.0,9.86256157654441,0.10000000149011612
85.072,1.0,9.862619768393536,0.10000000149011612
85.122,1.0,9.807743023377325,0.10000000149011612
85.172,1.0,9.725408325509893,0.10000000149011612
85.221,1.0,9.64290892177572,0.10000000149011612
85.271,1.0,9.752834104891452,0.10000000149011612
85.322,1.0,9.643017152510584,0.10000000149011612
85.372,1.0,9.862694751574761,0.10000000149011612
85.421,1.0,9.698166392474539,0.10000000149011612
85.472,1.0,9.780314412216345,0.10000000149011612
85.522,1.0,9.752677584356732,0.10000000149011612
85.572,1.0,9.725346585238974,0.10000000149011612
85.622,1.0,9.72538534924388,0.10000000149011612
85.671,1.0,9.780307043157517,0.10000000149011612
85.722,1.0,9.75298382571588,0.10000000149011612
85.771,1.0,9.725426080595287,0.10000000149011612
85.821,1.0,9.725149466200834,0.10000000149011612
85.871,1.0,9.835162102513843,0.10000000149011612
85.922,1.0,9.807676523344384,0.10000000149011612
85.972,1.0,9.917580780345533,0.10000000149011612
86.023,1.0,9.64272956709481,0.10000000149011612
86.071,1.0,9.862523750981524,0.10000000149011612
86.122,1.0,9.83520070856644,0.10000000149011612
86.172,1.0,9.588286574391855,0.10000000149011612
86.221,1.0,9.670259252997736,0.10000000149011612
86.272,1.0,9.752879222668707,0.10000000149011612
86.322,1.0,9.890141772768564,0.10000000149011612
86.371,1.0,9.890027372435563,0.10000000149011612
86.422,1.0,9.697882001205452,0.10000000149011612
86.472,1.0,9.835119636108479,0.10000000149011612
86.522,1.0,9.917564597332643,0.10000000149011612
86.572,1.0,9.80785637040519,0.10000000149011612
86.622,1.0,9.752820526146227,0.10000000149011612
86.671,1.0,9.753042729612854,0.10000000149011612
86.721,1.0,9.807850517891348,0.10000000149011612
86.771,1.0,9.835225721096826,0.10000000149011612
86.822,1.0,9.835230193514791,0.10000000149011612
86.872,1.0,9.697736397696039,0.10000000149011612
86.921,1.0,9.725446991498272,0.10000000149011612
86.971,1.0,9.75285633881059,0.10000000149011612
87.021,1.0,9.752778435829613,0.10000000149011612
87.071,1.0,9.862794523872434,0.10000000149011612
87.121,1.0,9.80783239574068,0.10000000149011612
87.172,1.0,9.807775921105511,0.10000000149011612
87.222,1.0,9.835000000024836,0.10000000149011612
87.272,1.0,9.835139727344115,0.10000000149011612
87.322,1.0,9.83525725863874,0.10000000149011612
87.371,1.0,9.780219105982946,0.10000000149011612
87.422,1.0,9.780539450546106,0.10000000149011612
87.471,1.0,9.917506875656546,0.10000000149011612
87.522,1.0,9.69787708396713,0.10000000149011612
87.572,1.0,9.807633364200592,0.10000000149011612
87.621,1.0,9.72548197855552,0.10000000149011612
87.672,1.0,9.83512800902956,0.10000000149011612
87.722,1.0,9.78039566932453,0.10000000149011612
87.772,1.0,9.835333558130596,0.10000000149011612
87.822,1.0,9.780453623251782,0.10000000149011612
87.872,1.0,9.697700965652864,0.10000000149011612
87.922,1.0,9.917546723762321,0.10000000149011612
87.972,1.0,9.752735307957563,0.10000000149011612
88.022,1.0,9.642875368106697,0.10000000149011612
88.071,1.0,9.945000000008278,0.10000000149011612
88.122,1.0,9.917547680954966,0.10000000149011612
88.171,1.0,9.862821076727576,0.10000000149011612
88.222,1.0,9.917616455298331,0.10000000149011612
88.272,1.0,9.807773246967958,0.10000000149011612
88.321,1.0,9.807941853751739,0.10000000149011612
88.372,1.0,9.945000000008278,0.10000000149011612
88.421,1.0,9.807874131513138,0.10000000149011612
88.472,1.0,9.807644045332239,0.10000000149011612
88.522,1.0,9.835122808710569,0.10000000149011612
88.571,1.0,9.725226843170821,0.10000000149011612
88.621,1.0,9.80775656166176,0.10000000149011612
88.672,1.0,9.917632603169315,0.11076580733060837
88.722,1.0,9.725502892852658,0.10000000149011612
88.771,1.0,9.752852484501071,0.10000000149011612
88.822,1.0,9.780223781491319,0.10000000149011612
88.871,1.0,9.697793005531032,0.10000000149011612
88.922,1.0,9.890102666637135,0.10000000149011612
88.972,1.0,9.807536176985337,0.10000000149011612
89.021,1.0,9.862676366066767,0.10000000149011612
89.072,1.0,9.780238334379263,0.10000000149011612
89.121,1.0,9.890216471047864,0.10015618801116943
89.171,1.0,9.8903473108386,0.10000000149011612
89.222,1.0,9.917674960444371,0.10000000149011612
89.272,1.0,9.862864001923137,0.10000000149011612
89.321,1.0,9.917500000012417,0.10000000149011612
89.371,1.0,9.752766188358267,0.10000000149011612
89.421,1.0,9.752783795425461,0.10000000149011612
89.472,1.0,9.697717665156556,0.10000000149011612
89.521,1.0,9.862565928552714,0.10000000149011612
89.571,1.0,9.86263102783511,0.10000000149011612
89.621,1.0,9.945103856155441,0.10000000149011612
89.671,1.0,9.75286492065837,0.10000000149011612
89.722,1.0,9.862662974641555,0.10000000149011612
89.772,1.0,9.780336543648607,0.10000000149011612
89.821,1.0,9.89005517270416,0.10000000149011612
89.871,1.0,9.862735009110636,0.10000000149011612
89.921,1.0,9.697949415528113,0.10000000149011612
89.972,1.0,9.725519426891374,0.10000000149011612
90.022,1.0,9.83528807407452,0.10000000149011612
90.072,1.0,9.890250437706708,0.10000000149011612
90.122,1.0,9.780426946923965,0.10000000149011612
90.172,1.0,9.670337580040925,0.10000000149011612
90.222,1.0,9.890097873388893,0.10000000149011612
90.271,1.0,9.807808104467888,0.10000000149011612
90.322,1.0,9.697622985330721,0.10000000149011612
90.372,1.0,9.780166312493384,0.10000000149011612
90.421,1.0,9.862711923486657,0.10000000149011612
90.472,1.0,9.780109472779763,0.10000000149011612
90.522,1.0,9.807626685169009,0.10000000149011612
90.571,1.0,9.780387401042713,0.10000000149011612
90.622,1.0,9.807881318384574,0.10000000149011612
90.671,1.0,9.72524298514343,0.10000000149011612
90.721,1.0,9.835221801677513,0.10000000149011612
90.771,1.0,9.752799680021901,0.10000000149011612
90.822,1.0,9.835326855940123,0.10332594066858292
90.871,1.0,9.643058491581016,0.10000000149011612
90.921,1.0,9.780167831439112,0.10000000149011612
90.971,1.0,9.643139567184779,0.10000000149011612
91.022,1.0,9.972630061623123,0.14682218432426453
91.071,1.0,9.917600951633519,0.10000000149011612
91.122,1.0,9.89027303620759,0.10000000149011612
91.171,1.0,9.752875131492813,0.10000000149011612
91.222,1.0,9.64305164443536,0.10000000149011612
91.272,1.0,9.752673979745143,0.10000000149011612
91.322,1.0,9.53300089167638,0.10000000149011612
91.372,1.0,9.780536825106376,0.10000000149011612
91.422,1.0,9.780352277308703,0.10000000149011612
91.472,1.0,9.780219615064562,0.10000000149011612
91.521,1.0,9.752756708239515,0.10000000149011612
91.571,1.0,9.780417405524188,0.10000000149011612
91.621,1.0,9.890271898234884,0.10000000149011612
91.671,1.0,9.780473877406783,0.10000000149011612
91.721,1.0,9.862500000020695,0.10000000149011612
91.771,1.0,9.807719990797342,0.10000000149011612
91.822,1.0,9.780257241241634,0.10000000149011612
91.871,1.0,9.83511355150905,0.10000000149011612
91.921,1.0,9.780382689254152,0.10000000149011612
91.971,1.0,9.890066529375812,0.10000000149011612
92.022,1.0,9.780315099760061,0.10000000149011612
92.071,1.0,9.80790062515686,0.10000000149011612
92.122,1.0,9.862627864111628,0.10000000149011612
92.171,1.0,9.862705728370283,0.10000000149011612
92.222,1.0,9.862626147725516,0.10000000149011612
92.271,1.0,9.752942546353571,0.10000000149011612
92.322,1.0,9.86267823777679,0.10000000149011612
92.372,1.0,9.94502691258159,0.10000000149011612
92.422,1.0,9.752853144746688,0.10000000149011612
92.471,1.0,9.725159415664772,0.10000000149011612
92.522,1.0,9.890236269910302,0.10000000149011612
92.572,1.0,9.807686021178961,0.10000000149011612
92.621,1.0,9.835158561542631,0.10000000149011612
92.672,1.0,9.972588210552932,0.1317557990550995
92.722,1.0,9.615439930827254,0.10000000149011612
92.771,1.0,9.72516334882627,0.10000000149011612
92.822,1.0,9.835285762573282,0.10000000149011612
92.872,1.0,9.69774136895107,0.10000000149011612
92.922,1.0,9.890124543487198,0.10000000149011612
92.971,1.0,9.780119353574182,0.10000000149011612
93.021,1.0,9.83525892742392,0.10000000149011612
93.071,1.0,9.807718830162452,0.10000000149011612
93.121,1.0,9.780164115358557,0.10000000149011612
93.172,1.0,9.72524641710851,0.10000000149011612
93.221,1.0,9.72546137592031,0.10000000149011612
93.271,1.0,9.86259670994348,0.10000000149011612
93.321,1.0,9.643051460985507,0.10000000149011612
93.372,1.0,9.807984915148053,0.10000000149011612
93.421,1.0,9.835281822602782,0.10000000149011612
93.471,1.0,9.752805570782058,0.10000000149011612
93.522,1.0,9.725434740218851,0.10000000149011612
93.572,1.0,9.725073790115614,0.10000000149011612
93.621,1.0,9.945000000008278,0.10000000149011612
93.671,1.0,9.725380201368695,0.10000000149011612
93.722,1.0,9.835413443069491,0.10000000149011612
93.772,1.0,9.780371016615796,0.10000000149011612
93.821,1.0,9.807578413623075,0.10000000149011612
93.872,1.0,9.725188963736096,0.10000000149011612
93.922,1.0,9.615376157168713,0.10000000149011612
93.972,1.0,9.752884564900564,0.10000000149011612
94.022,1.0,9.862647751739456,0.10000000149011612
94.071,1.0,9.725459661148488,0.10000000149011612
94.121,1.0,9.78013689275831,0.10000000149011612
94.172,1.0,9.780598784196709,0.10000000149011612
94.222,1.0,9.807840281352401,0.10000000149011612
94.272,1.0,9.807752026451958,0.10000000149011612
94.322,1.0,9.89017414090534,0.10000000149011612
94.371,1.0,9.862850387787653,0.10000000149011612
94.421,1.0,9.75275892275903,0.10000000149011612
94.471,1.0,9.643031706723074,0.10000000149011612
94.522,1.0,9.890128609600167,0.10000000149011612
94.572,1.0,9.862748894736999,0.10000000149011612
94.621,1.0,9.835132776718172,0.10000000149011612
94.671,1.0,9.890001825077666,0.10000000149011612
94.721,1.0,9.642965845329066,0.10000000149011612
94.771,1.0,9.835460584445132,0.10323944687843323
94.821,1.0,9.752732794317934,0.10000000149011612
94.871,1.0,9.862713509342736,0.10000000149011612
94.922,1.0,9.890094560239877,0.10000000149011612
94.972,1.0,9.80776785194046,0.10000000149011612
95.022,1.0,9.86280883209159,0.10000000149011612
95.071,1.0,9.862996482352417,0.12286414206027985
95.122,1.0,9.642770646326245,0.10000000149011612
95.171,1.0,9.862806910359197,0.10000000149011612
95.223,1.0,9.890169526553816,0.10255603492259979
95.272,1.0,9.94506949879643,0.10000000149011612
95.322,1.0,9.752733692961435,0.10000000149011612
95.371,1.0,9.698162162759237,0.10000000149011612
95.422,1.0,9.752658290685051,0.10000000149011612
95.472,1.0,9.67046460856994,0.10000000149011612
95.522,1.0,9.780206206751366,0.10000000149011612
95.572,1.0,9.69806083291769,0.10000000149011612
95.622,1.0,9.752824375178252,0.10000000149011612
95.672,1.0,9.80777936950326,0.10000000149011612
95.722,1.0,9.752759103973707,0.10000000149011612
95.771,1.0,9.752752581031785,0.10000000149011612
95.821,1.0,9.835300179032815,0.10000000149011612
95.872,1.0,9.835234628824724,0.10000000149011612
95.922,1.0,9.807824078181552,0.10000000149011612
95.971,1.0,9.835208498996993,0.10000000149011612
96.022,1.0,9.780502026362552,0.10000000149011612
96.072,1.0,9.807936637103557,0.10000000149011612
96.122,1.0,9.670583308301866,0.10000000149011612
96.171,1.0,9.890241908820139,0.10000000149011612
96.221,1.0,9.83530714083463,0.10000000149011612
96.272,1.0,9.752813476634522,0.10000000149011612
96.322,1.0,9.835219659387237,0.10000000149011612
96.371,1.0,9.588069573065473,0.10000000149011612
96.422,1.0,9.917690999329919,0.10000000149011612
96.472,1.0,9.752936077386968,0.10000000149011612
96.521,1.0,9.80780691065722,0.10000000149011612
96.572,1.0,9.697997044585644,0.10000000149011612
96.621,1.0,9.890208331888749,0.10000000149011612
96.671,1.0,9.835080697780683,0.10000000149011612
96.721,1.0,9.91759348395798,0.10000000149011612
96.772,1.0,9.752546684319775,0.10000000149011612
96.821,1.0,9.725642403649788,0.10000000149011612
96.871,1.0,9.917608977481724,0.10000000149011612
96.922,1.0,9.753046439339718,0.10000000149011612
96.972,1.0,9.75264631766412,0.10000000149011612
97.021,1.0,9.643105901550088,0.10000000149011612
97.072,1.0,9.725156316657861,0.10000000149011612
97.122,1.0,9.80765176943193,0.10000000149011612
97.171,1.0,9.780259180420803,0.10000000149011612
97.222,1.0,9.752950466217266,0.10000000149011612
97.271,1.0,9.862621011067596,0.10000000149011612
97.322,1.0,9.780242814930777,0.10000000149011612
97.372,1.0,9.89001343285458,0.10000000149011612
97.421,1.0,9.890000000016556,0.10000000149011612
97.471,1.0,9.725470748978356,0.10000000149011612
97.522,1.0,9.862684611831273,0.10000000149011612
97.572,1.0,9.89010982784546,0.10000000149011612
97.622,1.0,9.752719528372918,0.10000000149011612
97.672,1.0,9.8626496401305,0.10000000149011612
97.721,1.0,9.835380630878111,0.10000000149011612
97.771,1.0,9.917732376419007,0.10000000149011612
97.822,1.0,9.835361246681876,0.10000000149011612
97.871,1.0,9.890256341588167,0.10000000149011612
97.922,1.0,9.725244475921823,0.10000000149011612
97.972,1.0,9.670218433005115,0.10000000149011612
98.022,1.0,9.75279044546187,0.10000000149011612
98.071,1.0,9.752851754654612,0.10000000149011612
98.122,1.0,9.780278297658596,0.10000000149011612
98.172,1.0,9.80782652064744,0.10000000149011612
98.222,1.0,9.670580090520282,0.10000000149011612
98.271,1.0,9.752687755206393,0.10000000149011612
98.322,1.0,9.725116629381146,0.10000000149011612
98.372,1.0,9.890145118058555,0.10000000149011612
98.422,1.0,9.807727658520971,0.10000000149011612
98.471,1.0,9.83526635153426,0.10000000149011612
98.521,1.0,9.945082439171772,0.10000000149011612
98.571,1.0,9.725219415645633,0.10000000149011612
98.622,1.0,9.697750565658014,0.10000000149011612
98.671,1.0,9.725143956682748,0.10000000149011612
98.722,1.0,9.862584618789453,0.10000000149011612
98.772,1.0,9.807617609927224,0.10000000149011612
98.821,1.0,9.725138925078015,0.10000000149011612
98.871,1.0,9.670483737294045,0.10000000149011612
98.922,1.0,9.835334630952113,0.10000000149011612
98.971,1.0,9.862743629142642,0.10000000149011612
99.022,1.0,9.670424040965736,0.10000000149011612
99.071,1.0,9.86270030223661,0.10009176284074783
99.122,1.0,9.807843098872238,0.10000000149011612
99.171,1.0,9.725687638980647,0.10000000149011612
99.222,1.0,9.807947730935282,0.10000000149011612
99.271,1.0,9.780321543891397,0.10000000149011612
99.322,1.0,9.780395222641527,0.10000000149011612
99.372,1.0,9.780250872712996,0.10000000149011612
99.421,1.0,9.835083724496265,0.10000000149011612
99.471,1.0,9.835247417932584,0.10000000149011612
99.521,1.0,9.807864757275416,0.10000000149011612
99.572,1.0,9.862580683537656,0.10000000149011612
99.622,1.0,9.64312514582028,0.10000000149011612
99.671,1.0,9.807708459616535,0.10000000149011612
99.721,1.0,9.72546351587193,0.10000000149011612
99.771,1.0,9.91755900606513,0.10000000149011612
99.822,1.0,9.807630069615941,0.10000000149011612
99.872,1.0,9.780508582376772,0.10000000149011612
99.921,1.0,9.752769112442103,0.10000000149011612
99.971,1.0,9.835251973941922,0.10000000149011612
100.022,1.0,9.752657238518198,0.10000000149011612
100.071,1.0,9.807535083612635,0.10000000149011612
100.122,1.0,9.807721573114396,0.10000000149011612
100.172,1.0,9.807603862343562,0.10000000149011612
100.222,1.0,9.945125132757756,0.11132562160491943
100.271,1.0,9.78022254527443,0.10000000149011612
100.322,1.0,9.80784070837415,0.10000000149011612
100.371,1.0,9.917674532946613,0.10000000149011612
100.422,1.0,9.890078962449397,0.10000000149011612
100.472,1.0,9.835140508164962,0.10000000149011612
100.521,1.0,9.807500000028975,0.10000000149011612
100.571,1.0,9.835329955174691,0.10000000149011612
100.622,1.0,9.752817165313495,0.10000000149011612
100.671,1.0,9.752646173743738,0.10000000149011612
100.722,1.0,9.835187824712031,0.10000000149011612
100.771,1.0,9.835140856645173,0.10000000149011612
100.822,1.0,9.890161196846101,0.10000000149011612
100.871,1.0,9.752773348283437,0.10000000149011612
100.921,1.0,9.86251074038446,0.10000000149011612
100.972,1.0,9.780189662178357,0.10000000149011612
101.022,1.0,9.753030898711748,0.10000000149011612
101.072,1.0,9.890110753455923,0.10000000149011612
101.122,1.0,9.862651423282093,0.10000000149011612
101.172,1.0,9.94510404759397,0.10000000149011612
101.222,1.0,9.725560293284556,0.10000000149011612
101.272,1.0,9.80759368530578,0.10000000149011612
101.321,1.0,9.890216447040439,0.10000000149011612
101.372,1.0,9.83507756381813,0.10000000149011612
101.422,1.0,9.780315341158873,0.10000000149011612
101.471,1.0,9.780260537254314,0.10000000149011612
101.522,1.0,9.835297033749521,0.10000000149011612
101.571,1.0,9.780225161773464,0.10000000149011612
101.622,1.0,9.780286463143097,0.10000000149011612
101.672,1.0,9.725026732124388,0.10000000149011612
101.722,1.0,9.807520283510287,0.10000000149011612
101.772,1.0,9.80794208103584,0.10000000149011612
101.822,1.0,9.807578002475202,0.10000000149011612
101.871,1.0,9.890160169742174,0.10000000149011612
101.922,1.0,9.807724684538941,0.10000000149011612
101.971,1.0,9.807531719220181,0.10000000149011612
102.022,1.0,9.835294540081588,0.10000000149011612
102.071,1.0,9.89013917915937,0.10000000149011612
102.122,1.0,9.698009448581272,0.10000000149011612
102.172,1.0,9.835299523381723,0.10000000149011612
102.222,1.0,9.725562425350978,0.10000000149011612
102.272,1.0,9.670163349476125,0.10000000149011612
102.322,1.0,9.670540259509451,0.10000000149011612
102.372,1.0,9.945013521135682,0.10000000149011612
102.422,1.0,9.780157090764906,0.10000000149011612
102.471,1.0,9.835072571867043,0.10000000149011612
102.521,1.0,9.780260734943052,0.10000000149011612
102.572,1.0,9.917545960595211,0.10000000149011612
102.622,1.0,9.69791414298945,0.10000000149011612
102.672,1.0,9.807713957089517,0.10000000149011612
102.721,1.0,9.752755186520517,0.10000000149011612
102.771,1.0,9.697751546692517,0.10000000149011612
102.821,1.0,9.725375999696553,0.10000000149011612
102.872,1.0,9.890135804129143,0.10000000149011612
102.921,1.0,9.72506909703629,0.10000000149011612
102.972,1.0,9.533156112167571,0.10000000149011612
103.021,1.0,9.807654642934601,0.10000000149011612
103.072,1.0,9.752660959876247,0.10000000149011612
103.121,1.0,9.725352446796993,0.10000000149011612
103.171,1.0,9.697901812630395,0.10000000149011612
103.222,1.0,9.75288688302454,0.10000000149011612
103.274,1.0,9.807830856906044,0.10000000149011612
103.321,1.0,9.780319428712957,0.10000000149011612
103.372,1.0,9.780144166242746,0.10000000149011612
103.422,1.0,9.862722522951662,0.10000000149011612
103.472,1.0,9.69784089219239,0.10000000149011612
103.521,1.0,9.835284858486718,0.10000000149011612
103.571,1.0,9.780395808070898,0.10000000149011612
103.621,1.0,9.917521215540667,0.10000000149011612
103.671,1.0,9.917500000012417,0.10000000149011612
103.721,1.0,9.780443723127245,0.10000000149011612
103.772,1.0,9.917573069305055,0.10000000149011612
103.822,1.0,9.725187546821932,0.10000000149011612
103.872,1.0,9.780069065135386,0.10000000149011612
103.922,1.0,9.80763035758088,0.10000000149011612
103.971,1.0,9.862661973863013,0.10000000149011612
104.022,1.0,9.807698101157115,0.10000000149011612
104.071,1.0,9.752738005336788,0.10000000149011612
104.122,1.0,9.91769471431358,0.10000000149011612
104.172,1.0,9.917643510695132,0.10000000149011612
104.222,1.0,9.64282405850374,0.10000000149011612
104.272,1.0,9.862661260552704,0.10000000149011612
104.321,1.0,9.807542978496187,0.10000000149011612
104.372,1.0,9.835205704429084,0.10000000149011612
104.422,1.0,9.945185669221813,0.1287705898284912
104.472,1.0,9.72518206961039,0.10000000149011612
104.522,1.0,9.8350498020442,0.10000000149011612
104.572,1.0,9.917632375243638,0.10000000149011612
104.621,1.0,9.807748251905045,0.10000000149011612
104.671,1.0,9.890079443839689,0.10000000149011612
104.721,1.0,9.670600407135984,0.10000000149011612
104.772,1.0,9.725192487757239,0.10000000149011612
104.821,1.0,9.807738943439391,0.10000000149011612
104.872,1.0,9.862688146676454,0.10000000149011612
104.922,1.0,9.807774058770802,0.10000000149011612
104.972,1.0,9.862748501015206,0.10000000149011612
105.022,1.0,9.835058971101212,0.10000000149011612
105.072,1.0,9.917563345241877,0.10000000149011612
105.122,1.0,9.615541208431953,0.10000000149011612
105.171,1.0,9.835225214374562,0.10000000149011612
105.221,1.0,9.78015196180592,0.10000000149011612
105.271,1.0,9.835150847666794,0.10000000149011612
105.322,1.0,9.752839767581058,0.10000000149011612
105.371,1.0,9.835312753067248,0.10000000149011612
105.421,1.0,9.780511396129926,0.10000000149011612
105.471,1.0,9.725325462594629,0.10000000149011612
105.521,1.0,9.862688619705539,0.10000000149011612
105.571,1.0,10.0,10.0
105.621,1.0,9.807797583316763,0.10000000149011612
105.671,1.0,9.807808972046606,0.10000000149011612
105.722,1.0,9.835252719103462,0.10000000149011612
105.771,1.0,9.862566152525444,0.10000000149011612
105.822,1.0,9.72530427215,0.10000000149011612
105.872,1.0,9.780476198159159,0.10000000149011612
105.921,1.0,9.807725609756178,0.10000000149011612
105.971,1.0,9.80765300600065,0.10000000149011612
106.022,1.0,9.807576097879146,0.10000000149011612
106.071,1.0,9.835021586343647,0.10000000149011612
106.122,1.0,9.917500000012417,0.10000000149011612
106.172,1.0,9.670565775119597,0.10000000149011612
106.221,1.0,9.862626867782739,0.10000000149011612
106.271,1.0,9.670539480468465,0.10000000149011612
106.321,1.0,9.835221087084049,0.10000000149011612
106.371,1.0,9.80791352538185,0.10000000149011612
106.421,1.0,9.752845909653438,0.10000000149011612
106.471,1.0,9.752939343142012,0.10000000149011612
106.522,1.0,9.890000000016556,0.10000000149011612
106.571,1.0,9.807822384788759,0.10000000149011612
106.622,1.0,9.890021028783586,0.10000000149011612
106.671,1.0,9.780263683986332,0.10000000149011612
106.721,1.0,9.917642355482611,0.10000000149011612
106.771,1.0,9.807592848791844,0.10000000149011612
106.822,1.0,9.917550739625263,0.10000000149011612
106.871,1.0,9.753044775769942,0.10000000149011612
106.921,1.0,9.725422639006542,0.10000000149011612
106.972,1.0,9.917540230126017,0.10000000149011612
107.022,1.0,9.862624423992303,0.10000000149011612
107.072,1.0,9.917748492645721,0.10012083500623703
107.122,1.0,9.753089359340569,0.10000000149011612
107.172,1.0,9.917747315992084,0.10000000149011612
107.221,1.0,9.807628114997513,0.10000000149011612
107.271,1.0,9.643116253469554,0.10000000149011612
107.321,1.0,9.835057130642236,0.10000000149011612
107.371,1.0,9.780218553191258,0.10000000149011612
107.421,1.0,9.725306633176903,0.10000000149011612
107.471,1.0,9.945000000008278,0.10000000149011612
107.522,1.0,9.670172684846653,0.10000000149011612
107.572,1.0,9.835405030639635,0.10000000149011612
107.622,1.0,9.752612771155933,0.10000000149011612
107.671,1.0,9.780136196977562,0.10000000149011612
107.722,1.0,9.697881480596132,0.10000000149011612
107.772,1.0,9.917500000012417,0.10000000149011612
107.822,1.0,9.835190495269167,0.10000000149011612
107.871,1.0,9.807734673118425,0.10000000149011612
107.922,1.0,9.890084721251494,0.10000000149011612
107.971,1.0,9.752644848285449,0.10000000149011612
108.021,1.0,9.69786509749376,0.10000000149011612
108.072,1.0,9.917554043109218,0.10000000149011612
108.121,1.0,9.69777261869361,0.10000000149011612
108.172,1.0,9.862576356136964,0.10000000149011612
108.222,1.0,9.615625698429843,0.10000000149011612
108.271,1.0,9.862688213483327,0.10000000149011612
108.321,1.0,9.862734767173727,0.10000000149011612
108.371,1.0,9.890250100567936,0.10000000149011612
108.421,1.0,9.698076302951408,0.10000000149011612
108.471,1.0,9.835188840826353,0.10000000149011612
108.522,1.0,9.835012400005427,0.10000000149011612
108.571,1.0,9.862589804621207,0.10000000149011612
108.622,1.0,9.83515992835164,0.10000000149011612
108.672,1.0,9.890288820614417,0.10000000149011612
108.721,1.0,9.972500000004139,0.10000000149011612
108.771,1.0,9.752649016492068,0.10000000149011612
108.822,1.0,9.780258957669139,0.10000000149011612
108.872,1.0,9.862635263842012,0.10000000149011612
108.921,1.0,9.752948061459595,0.10000000149011612
108.972,1.0,9.83518209117982,0.10000000149011612
109.021,1.0,9.752634787890646,0.10000000149011612
109.072,1.0,9.752658709759514,0.10000000149011612
109.122,1.0,9.780311408473386,0.10000000149011612
109.171,1.0,9.80763707852198,0.10000000149011612
109.221,1.0,9.80782812082519,0.10000000149011612
109.273,1.0,9.725428762224814,0.10000000149011612
109.322,1.0,9.807699537856712,0.10000000149011612
109.371,1.0,9.807743228392468,0.10000000149011612
109.422,1.0,9.862682123544316,0.10000000149011612
109.471,1.0,9.890071359607909,0.10000000149011612
109.522,1.0,9.890186362423831,0.10000000149011612
109.571,1.0,9.835315519095294,0.10000000149011612
109.621,1.0,9.835223238377107,0.10000000149011612
109.672,1.0,9.890273365088635,0.10000000149011612
109.722,1.0,9.89008324191802,0.10095594823360443
109.771,1.0,9.91757890428934,0.10000000149011612
109.822,1.0,9.917626598974069,0.10000000149011612
109.872,1.0,9.835090157782865,0.10000000149011612
109.921,1.0,9.752682577735849,0.10000000149011612
109.972,1.0,9.807626287059652,0.10000000149011612
110.021,1.0,9.86263677308129,0.10000000149011612
110.072,1.0,9.862952179151277,0.12163923680782318
110.122,1.0,9.86259690699064,0.10000000149011612
110.172,1.0,9.725395942417284,0.10000000149011612
110.221,1.0,9.945000000008278,0.10000000149011612
110.272,1.0,9.89012151091463,0.10000000149011612
110.322,1.0,9.807500000794729,0.10000000149011612
110.372,1.0,9.890151054598391,0.10000000149011612
110.422,1.0,9.752935093206665,0.10000000149011612
110.471,1.0,9.890123358099824,0.10000000149011612
110.522,1.0,9.780198768071003,0.10000000149011612
110.572,1.0,9.75294348643058,0.10000000149011612
110.622,1.0,9.752872498602503,0.10000000149011612
110.672,1.0,9.862544752719502,0.10000000149011612
110.722,1.0,9.945190002376007,0.12282634526491165
110.772,1.0,9.83529462100317,0.10000000149011612
110.822,1.0,9.780486581557327,0.10000000149011612
110.871,1.0,9.862542898228599,0.10000000149011612
110.921,1.0,9.807672837231722,0.10000000149011612
110.971,1.0,9.917609804454777,0.10000000149011612
111.022,1.0,9.80755124443935,0.10000000149011612
111.072,1.0,9.752807062760823,0.10000000149011612
111.122,1.0,9.80779400991483,0.10000000149011612
111.171,1.0,9.835336978961196,0.10000000149011612
111.222,1.0,9.807814195897016,0.10000000149011612
111.271,1.0,9.807634212738938,0.10000000149011612
111.322,1.0,9.725415175925527,0.10000000149011612
111.371,1.0,9.698023738877641,0.10000000149011612
111.421,1.0,9.835177430055207,0.10000000149011612
111.471,1.0,9.7800949410018,0.10000000149011612
111.522,1.0,9.697835071674652,0.10000000149011612
111.572,1.0,9.835317038517031,0.10000000149011612
111.622,1.0,9.8901475429121,0.10000000149011612
111.672,1.0,9.807524771346815,0.10000000149011612
111.721,1.0,9.835361378950378,0.10000000149011612
111.771,1.0,9.780268829440077,0.10000000149011612
111.822,1.0,9.725202861593829,0.10000000149011612
111.871,1.0,9.75281968874236,0.10000000149011612
111.922,1.0,9.725210505144464,0.10000000149011612
111.971,1.0,9.835236430582073,0.10000000149011612
112.022,1.0,9.780220144821538,0.10000000149011612
112.072,1.0,9.807704887642629,0.10000000149011612
112.121,1.0,9.725274305086996,0.10000000149011612
112.171,1.0,9.752911611584326,0.10000000149011612
112.221,1.0,9.7803083025126,0.10000000149011612
112.271,1.0,9.835048150271177,0.10000000149011612
112.321,1.0,9.807618449338609,0.10000000149011612
112.371,1.0,9.807842806561126,0.10000000149011612
112.422,1.0,9.780350245618157,0.10000000149011612
112.471,1.0,9.807707209740247,0.10000000149011612
112.522,1.0,9.945117070049875,0.10000000149011612
112.572,1.0,9.670549530535936,0.10000000149011612
112.622,1.0,9.835084803236855,0.10000000149011612
112.672,1.0,9.615266435634759,0.10000000149011612
112.722,1.0,9.862585678779416,0.10000000149011612
112.772,1.0,9.807882664663095,0.10000000149011612
112.822,1.0,9.725416999206775,0.10000000149011612
112.872,1.0,9.780357185564934,0.10000000149011612
112.921,1.0,9.807732388977374,0.10000000149011612
112.971,1.0,9.697857150042223,0.10000000149011612
113.022,1.0,9.697967349986236,0.10000000149011612
113.072,1.0,9.78030461470286,0.10000000149011612
113.121,1.0,9.835304990886813,0.10000000149011612
113.171,1.0,9.807585740420553,0.10000000149011612
113.221,1.0,9.917797832729088,0.12934501469135284
113.272,1.0,9.890280427804424,0.10694608092308044
113.322,1.0,9.890210261568427,0.10000000149011612
113.372,1.0,9.75262472263227,0.10000000149011612
113.421,1.0,9.697845616253714,0.10000000149011612
113.471,1.0,9.697766642851962,0.10000000149011612
113.522,1.0,9.835210711260636,0.10000000149011612
113.571,1.0,9.917608066896598,0.10000000149011612
113.621,1.0,9.807640798120863,0.10000000149011612
113.671,1.0,9.91752865653899,0.10000000149011612
113.722,1.0,9.94513743472182,0.10596451908349991
113.772,1.0,9.807824303582311,0.10000000149011612
113.821,1.0,9.862752212708195,0.10000000149011612
113.871,1.0,9.862710239531266,0.10000000149011612
113.921,1.0,9.807510475710862,0.10000000149011612
113.972,1.0,9.86253538651185,0.10000000149011612
114.022,1.0,9.780379324799611,0.10000000149011612
114.072,1.0,9.780449425429106,0.10281980037689209
114.121,1.0,9.780347235231764,0.10000000149011612
114.171,1.0,9.835267529491748,0.10000000149011612
114.221,1.0,9.80768033021854,0.10000000149011612
114.272,1.0,9.80777516749998,0.10000000149011612
114.321,1.0,9.725376367030872,0.10000000149011612
114.372,1.0,9.862603814775746,0.10000000149011612
114.421,1.0,9.862767452891502,0.10000000149011612
114.471,1.0,9.8076964650924,0.10000000149011612
114.521,1.0,9.752812554666566,0.10000000149011612
114.572,1.0,9.725424685991472,0.10000000149011612
114.622,1.0,9.83524188540048,0.10000000149011612
114.671,1.0,9.862742915418412,0.10000000149011612
114.721,1.0,9.725457037923237,0.10000000149011612
114.771,1.0,9.780617873784568,0.10275678336620331
114.822,1.0,9.862535403275656,0.10000000149011612
114.872,1.0,9.752754451913965,0.10000000149011612
114.922,1.0,9.807795437301198,0.10000000149011612
114.971,1.0,9.725253910571336,0.10000000149011612
115.021,1.0,9.835197143629193,0.10000000149011612
115.071,1.0,9.862569864156345,0.10000000149011612
115.122,1.0,9.835383953029911,0.10000000149011612
115.172,1.0,9.80777166262269,0.10000000149011612
115.222,1.0,9.835159168268243,0.10000000149011612
115.272,1.0,9.670288611451785,0.10000000149011612
115.322,1.0,9.725602836306724,0.10000000149011612
115.371,1.0,9.835259930810167,0.10000000149011612
115.422,1.0,9.862946906747917,0.10000000149011612
115.471,1.0,9.86283348403457,0.10000000149011612
115.522,1.0,9.945088830383288,0.10810045897960663
115.572,1.0,9.862658328604367,0.10000000149011612
115.622,1.0,9.75270166668213,0.10000000149011612
115.672,1.0,9.917627567342587,0.10000000149011612
115.722,1.0,9.807662715845638,0.10000000149011612
115.771,1.0,9.862655162480142,0.10000000149011612
115.822,1.0,9.835075515446563,0.10000000149011612
115.871,1.0,9.725227910031874,0.10000000149011612
115.921,1.0,9.807787362134292,0.10000000149011612
115.971,1.0,9.835072475071582,0.10000000149011612
116.022,1.0,9.670668373256921,0.10000000149011612
116.071,1.0,9.780289895294441,0.10000000149011612
116.122,1.0,9.862721506257852,0.10000000149011612
116.172,1.0,9.835120809223088,0.10000000149011612
116.222,1.0,9.670560425913168,0.10000000149011612
116.271,1.0,9.862854241890211,0.10000000149011612
116.322,1.0,9.698051324507428,0.10000000149011612
116.372,1.0,9.890015175193549,0.10000000149011612
116.421,1.0,9.752582141136129,0.10000000149011612
116.472,1.0,9.642970926086935,0.10000000149011612
116.521,1.0,9.83547333371308,0.10000000149011612
116.571,1.0,9.917712083396813,0.10240360349416733
116.621,1.0,9.697850103138222,0.10000000149011612
116.672,1.0,9.725529714694453,0.10000000149011612
116.722,1.0,9.780460928463274,0.10000000149011612
116.771,1.0,9.945053586260313,0.10309826582670212
116.822,1.0,9.890125852885346,0.10000000149011612
116.872,1.0,9.752534655212528,0.10000000149011612
116.922,1.0,9.807644481874174,0.10000000149011612
116.972,1.0,9.835102200487421,0.10000000149011612
117.022,1.0,9.780162000449167,0.10000000149011612
117.071,1.0,9.725462461262941,0.10000000149011612
117.122,1.0,9.97260894940959,0.13922178745269775
117.171,1.0,9.752630227203998,0.10000000149011612
117.222,1.0,9.835084702157312,0.10000000149011612
117.271,1.0,9.807836828215255,0.10000000149011612
117.322,1.0,9.780372891906236,0.10000000149011612
117.371,1.0,9.725237075591252,0.10000000149011612
117.421,1.0,9.91770609072927,0.11172489076852798
117.472,1.0,9.780155979448722,0.10000000149011612
117.521,1.0,9.780222838392689,0.10000000149011612
117.572,1.0,9.917512606394787,0.10000000149011612
117.622,1.0,9.917529929615558,0.10000000149011612
117.671,1.0,9.72547330022272,0.10000000149011612
117.722,1.0,9.835221604568263,0.10000000149011612
117.772,1.0,9.7802992331278,0.10000000149011612
117.822,1.0,9.697894657692975,0.10000000149011612
117.872,1.0,9.890000000016556,0.10000000149011612
117.921,1.0,9.807628043161499,0.10000000149011612
117.972,1.0,9.697762277991407,0.10000000149011612
118.021,1.0,9.725439850344426,0.10000000149011612
118.072,1.0,9.835143296089438,0.10000000149011612
118.122,1.0,9.752647649455401,0.10000000149011612
118.172,1.0,9.807679880886441,0.10000000149011612
118.221,1.0,9.91772022013449,0.10000000149011612
118.272,1.0,9.835128298070696,0.10000000149011612
118.322,1.0,9.780195460861755,0.10000000149011612
118.372,1.0,9.725238670739863,0.10000000149011612
118.422,1.0,9.780116782399515,0.10000000149011612
118.472,1.0,9.697912607507574,0.10000000149011612
118.522,1.0,9.83519099942512,0.10000000149011612
118.572,1.0,9.780233953644832,0.10000000149011612
118.622,1.0,9.78020968430986,0.10000000149011612
118.673,1.0,9.807770300884213,0.10000000149011612
118.722,1.0,9.83507738256206,0.10000000149011612
118.772,1.0,9.807624825048778,0.10000000149011612
118.822,1.0,9.862543005103038,0.10000000149011612
118.872,1.0,9.862698331413169,0.10000000149011612
118.921,1.0,9.725427540702125,0.10000000149011612
118.972,1.0,9.862740534999304,0.10000000149011612
119.023,1.0,9.862637542105384,0.10000000149011612
119.073,1.0,9.862637056182656,0.10000000149011612
119.122,1.0,9.78034010949648,0.10000000149011612
119.172,1.0,9.75274830944836,0.10000000149011612
119.222,1.0,9.807544736936688,0.10000000149011612
119.271,1.0,9.89020200367603,0.10000000149011612
119.322,1.0,9.862682430777285,0.10000000149011612
119.372,1.0,9.697938945227198,0.10000000149011612
119.422,1.0,9.780196273099218,0.10000000149011612
119.472,1.0,9.642827666447394,0.10000000149011612
119.522,1.0,9.835129889990721,0.10000000149011612
119.572,1.0,9.807628932408988,0.10000000149011612
119.622,1.0,9.75265552751306,0.10000000149011612
119.672,1.0,9.80757312145498,0.10000000149011612
119.722,1.0,9.917650200426579,0.10664360225200653
119.772,1.0,9.890251888810761,0.10000000149011612
119.821,1.0,9.780105500212974,0.10000000149011612
119.872,1.0,9.835082791290349,0.10000000149011612
119.921,1.0,9.862551997395025,0.10000000149011612
119.972,1.0,9.80757542554703,0.10000000149011612
120.022,1.0,9.752986685931683,0.10000000149011612
120.072,1.0,9.807664319934945,0.10000000149011612
120.121,1.0,9.807818086900644,0.10000000149011612
120.172,1.0,9.890124966556,0.10000000149011612
120.222,1.0,9.69773338035577,0.10000000149011612
120.272,1.0,9.752705113300019,0.10000000149011612
120.321,1.0,9.80813058382935,0.10000000149011612
120.371,1.0,9.698071473422978,0.10000000149011612
120.422,1.0,9.780121534876525,0.10000000149011612
120.471,1.0,9.835235500687526,0.10000000149011612
120.522,1.0,9.752766821988756,0.10000000149011612
120.572,1.0,9.835139645449818,0.10000000149011612
120.622,1.0,9.83537516064114,0.10000000149011612
120.672,1.0,9.725405623474055,0.10000000149011612
120.722,1.0,9.752719913112621,0.10000000149011612
120.772,1.0,9.862607176726064,0.10000000149011612
120.822,1.0,9.615688796527683,0.10000000149011612
120.872,1.0,9.83515239312417,0.10000000149011612
120.922,1.0,9.780251734041505,0.10000000149011612
120.972,1.0,9.835052797363865,0.10000000149011612
121.021,1.0,9.698212442650563,0.10000000149011612
121.072,1.0,9.780102915937702,0.10000000149011612
121.122,1.0,9.780262297309108,0.10000000149011612
121.171,1.0,9.862669732256068,0.10000000149011612
121.222,1.0,9.862706861686375,0.10000000149011612
121.272,1.0,9.75250082773467,0.10000000149011612
121.322,1.0,9.91773904721356,0.10000000149011612
121.371,1.0,9.94509057317757,0.10000000149011612
121.422,1.0,9.835088758584526,0.10000000149011612
121.472,1.0,9.807678947307997,0.10000000149011612
121.521,1.0,9.807562454769181,0.10000000149011612
121.572,1.0,9.862778193048305,0.10000000149011612
121.621,1.0,9.752668050511016,0.10000000149011612
121.672,1.0,9.890270793541438,0.10000000149011612
121.722,1.0,9.835125031632682,0.10000000149011612
121.771,1.0,9.69768116383089,0.10000000149011612
121.822,1.0,9.8351796688305,0.10000000149011612
121.872,1.0,9.725424313752187,0.10000000149011612
121.921,1.0,9.890205212558309,0.10000000149011612
121.972,1.0,9.725468816214965,0.10000000149011612
122.022,1.0,9.807711586914957,0.10000000149011612
122.072,1.0,9.697724057009651,0.10000000149011612
122.121,1.0,9.890157231543627,0.10000000149011612
122.171,1.0,9.862613109209471,0.10000000149011612
122.222,1.0,9.725797464284632,0.10000000149011612
122.272,1.0,9.890044390596449,0.10000000149011612
122.322,1.0,9.752796161029902,0.10000000149011612
122.372,1.0,9.862785325944424,0.10000000149011612
122.422,1.0,9.862754506058991,0.10000000149011612
122.471,1.0,9.80765699957394,0.10000000149011612
122.522,1.0,9.83536803525769,0.10000000149011612
122.573,1.0,9.917695865304106,0.10000000149011612
122.622,1.0,9.725472166430619,0.10000000149011612
122.672,1.0,9.862678814410335,0.10000000149011612
122.722,1.0,9.752905227326684,0.10000000149011612
122.772,1.0,9.835051312214798,0.10000000149011612
122.822,1.0,9.78027983231263,0.10000000149011612
122.871,1.0,9.807739324391717,0.10000000149011612
122.922,1.0,9.78025247928583,0.10000000149011612
122.972,1.0,9.780172762647272,0.10000000149011612
123.022,1.0,9.615192018780444,0.10000000149011612
123.071,1.0,9.725485042668879,0.10000000149011612
123.121,1.0,9.862829241446322,0.10000000149011612
123.172,1.0,9.807577384594413,0.10000000149011612
123.222,1.0,9.780234821037286,0.10000000149011612
123.271,1.0,9.643001234200266,0.10000000149011612
123.322,1.0,9.697819012217224,0.10000000149011612
123.371,1.0,9.890119515980283,0.10000000149011612
123.422,1.0,9.697753573395312,0.10000000149011612
123.472,1.0,9.862638518959283,0.10000000149011612
123.522,1.0,9.725264087733295,0.10000000149011612
123.572,1.0,9.835124771690204,0.10000000149011612
123.622,1.0,9.86273860136668,0.10000000149011612
123.672,1.0,9.75277422176053,0.10000000149011612
123.722,1.0,9.835344876452453,0.10000000149011612
123.772,1.0,9.862723931276964,0.10000000149011612
123.822,1.0,9.7802792671447,0.10000000149011612
123.872,1.0,9.862591016809974,0.10000000149011612
123.922,1.0,9.862566235930556,0.10000000149011612
123.971,1.0,9.807803707466357,0.10000000149011612
124.022,1.0,9.89011831569175,0.10000000149011612
124.072,1.0,9.78018583841622,0.10000000149011612
124.122,1.0,9.835132888766626,0.10000000149011612
124.171,1.0,9.697832806346318,0.10000000149011612
124.222,1.0,9.8627580281554,0.10734014213085175
124.272,1.0,9.917662866206634,0.10000000149011612
124.322,1.0,9.8625523313673,0.10000000149011612
124.371,1.0,9.780205645805431,0.10000000149011612
124.421,1.0,9.670471522625949,0.10000000149011612
124.472,1.0,9.807936519984569,0.10000000149011612
124.522,1.0,9.917641608520514,0.10000000149011612
124.572,1.0,9.752769241730372,0.10000000149011612
124.622,1.0,9.917525413321952,0.10000000149011612
124.671,1.0,9.835182228849995,0.10000000149011612
124.722,1.0,9.807750580314961,0.10000000149011612
124.771,1.0,9.780288327009314,0.10000000149011612
124.822,1.0,9.725000000041392,0.10000000149011612
124.871,1.0,9.752949312412076,0.10000000149011612
124.921,1.0,9.83553614721944,0.10000000149011612
124.971,1.0,9.807846285299295,0.10000000149011612
125.022,1.0,9.945000000008278,0.10000000149011612
125.072,1.0,9.835285884845588,0.10000000149011612
125.121,1.0,9.80775145675159,0.10000000149011612
125.171,1.0,9.86256508200119,0.10000000149011612
125.221,1.0,9.945112805378933,0.10000000149011612
125.272,1.0,9.890144978029033,0.10000000149011612
125.321,1.0,9.80769270853036,0.10000000149011612
125.372,1.0,9.725311268576318,0.10000000149011612
125.422,1.0,9.835188963450491,0.10000000149011612
125.472,1.0,9.670574686345127,0.10000000149011612
125.522,1.0,9.835138626065518,0.10000000149011612
125.572,1.0,9.835143995843827,0.10000000149011612
125.622,1.0,9.780288296172188,0.10000000149011612
125.672,1.0,9.917510976414714,0.10000000149011612
125.722,1.0,9.835260047246184,0.10000000149011612
125.772,1.0,9.862554703342418,0.10000000149011612
125.822,1.0,9.642999486894244,0.10000000149011612
125.871,1.0,9.862675983148316,0.10000000149011612
125.922,1.0,9.835302530353268,0.10000000149011612
125.972,1.0,9.725015327955285,0.10000000149011612
126.022,1.0,9.80784244125502,0.10000000149011612
126.072,1.0,9.807694849620264,0.10000000149011612
126.122,1.0,9.752980777000387,0.10000000149011612
126.172,1.0,9.752851891579727,0.10000000149011612
126.222,1.0,9.835399506903357,0.10000000149011612
126.271,1.0,9.780385992696715,0.10000000149011612
126.321,1.0,9.917570415056414,0.10000000149011612
126.372,1.0,9.78021419501553,0.10000000149011612
126.422,1.0,9.89019406913883,0.10000000149011612
126.472,1.0,9.862712802096373,0.10000000149011612
126.522,1.0,9.725321217233109,0.10000000149011612
126.572,1.0,9.890203999727964,0.10000000149011612
126.621,1.0,9.83514580666605,0.10000000149011612
126.672,1.0,9.807807678294678,0.10000000149011612
126.722,1.0,9.697816930690573,0.10000000149011612
126.772,1.0,9.725314076969193,0.10000000149011612
126.822,1.0,9.780150404406918,0.10000000149011612
126.872,1.0,9.752754588218199,0.10000000149011612
126.921,1.0,9.752668285183608,0.10000000149011612
126.971,1.0,9.670456318453782,0.10000000149011612
127.022,1.0,9.80758824393981,0.10000000149011612
127.072,1.0,9.807708626343972,0.10000000149011612
127.121,1.0,9.75255621727556,0.10000000149011612
127.171,1.0,9.835043729241523,0.10000000149011612
127.222,1.0,9.780384036463996,0.10000000149011612
127.271,1.0,9.917666436793903,0.10000000149011612
127.322,1.0,9.807651609244447,0.10000000149011612
127.372,1.0,9.780094057321548,0.10000000149011612
127.422,1.0,9.807657936443057,0.10000000149011612
127.472,1.0,9.917514922469854,0.10000000149011612
127.522,1.0,9.890231350395414,0.10000000149011612
127.572,1.0,9.697943748968344,0.10000000149011612
127.621,1.0,9.890197302028536,0.10000000149011612
127.672,1.0,9.752964766344263,0.10000000149011612
127.722,1.0,9.752922622176508,0.10000000149011612
127.772,1.0,9.862532266188,0.10000000149011612
127.822,1.0,9.807815874554217,0.10000000149011612
127.871,1.0,9.890128236077725,0.10000000149011612
127.922,1.0,9.780200561073919,0.10000000149011612
127.972,1.0,9.725144558130866,0.10000000149011612
128.021,1.0,9.67033957965258,0.10000000149011612
128.071,1.0,9.807634785792066,0.10000000149011612
128.121,1.0,9.780232891647351,0.10000000149011612
128.172,1.0,9.890000000016556,0.10000000149011612
128.222,1.0,9.862691357711123,0.10000000149011612
128.271,1.0,9.835129250730905,0.10000000149011612
128.321,1.0,9.780137056360642,0.10000000149011612
128.372,1.0,9.835124914203252,0.10000000149011612
128.422,1.0,9.807621730864048,0.10000000149011612
128.472,1.0,9.86290654150976,0.10000000149011612
128.522,1.0,9.752778671681881,0.10000000149011612
128.572,1.0,9.945190343612598,0.11879578977823257
128.622,1.0,9.862745228678817,0.10000000149011612
128.672,1.0,9.780301486204069,0.10000000149011612
128.722,1.0,9.862682476556964,0.10000000149011612
128.772,1.0,9.78053007680509,0.10000000149011612
128.822,1.0,9.890139464889135,0.10000000149011612
128.871,1.0,9.780338562176459,0.10000000149011612
128.921,1.0,9.615407187760704,0.10000000149011612
128.972,1.0,9.83515555297749,0.10000000149011612
129.021,1.0,9.78016142743743,0.10000000149011612
129.071,1.0,9.83502280022949,0.10000000149011612
129.121,1.0,9.780183594177167,0.10000000149011612
129.172,1.0,9.807684653831853,0.10000000149011612
129.222,1.0,9.670557608869341,0.10000000149011612
129.272,1.0,9.780440096474356,0.10000000149011612
129.321,1.0,9.807981621474028,0.10000000149011612
129.372,1.0,9.807720432947907,0.10000000149011612
129.422,1.0,9.917736477135785,0.10000000149011612
129.471,1.0,9.807766932393942,0.10000000149011612
129.522,1.0,9.807658176972634,0.10000000149011612
129.572,1.0,9.83506208445049,0.10000000149011612
129.622,1.0,9.752900525223877,0.10000000149011612
129.672,1.0,9.835005330335763,0.10000000149011612
129.722,1.0,9.752864050016635,0.10000000149011612
129.772,1.0,9.890199532214966,0.10000000149011612
129.822,1.0,9.725128746922646,0.10000000149011612
129.872,1.0,9.69819700581332,0.10000000149011612
129.921,1.0,9.917550195422438,0.10000000149011612
129.971,1.0,9.807997273715834,0.10000000149011612
130.022,1.0,9.807789834712942,0.10000000149011612
130.072,1.0,9.697937475703657,0.10000000149011612
130.122,1.0,9.697821714273758,0.10000000149011612
130.172,1.0,9.862613518784444,0.10000000149011612
130.224,1.0,9.67033959188395,0.10000000149011612
130.272,1.0,9.752798466425803,0.10000000149011612
130.322,1.0,9.945097895484004,0.10000000149011612
130.371,1.0,9.890001197386947,0.10000000149011612
130.422,1.0,9.835349496288432,0.10450778156518936
130.472,1.0,9.807787842489779,0.10000000149011612
130.522,1.0,9.725190155042542,0.10000000149011612
130.572,1.0,9.615505795511934,0.10000000149011612
130.622,1.0,9.725352616504663,0.10000000149011612
130.672,1.0,9.670454965366257,0.10000000149011612
130.722,1.0,9.807571056816313,0.10000000149011612
130.772,1.0,9.862558891603516,0.10000000149011612
130.822,1.0,9.83521561279065,0.10000000149011612
130.872,1.0,9.780216581208839,0.10000000149011612
130.921,1.0,9.780304063359896,0.10000000149011612
130.971,1.0,9.752864775434137,0.10000000149011612
131.021,1.0,9.780306189155413,0.10000000149011612
131.071,1.0,9.752814723158048,0.10000000149011612
131.122,1.0,9.725639828832612,0.10000000149011612
131.171,1.0,10.0,10.0
131.221,1.0,9.807748196936316,0.10000000149011612
131.271,1.0,9.835422690047158,0.10000000149011612
131.322,1.0,9.862945741187367,0.12151958793401718
131.372,1.0,9.72535429412706,0.10000000149011612
131.422,1.0,9.78024927996513,0.10000000149011612
131.472,1.0,9.8352707295989,0.10000000149011612
131.522,1.0,9.78019770298981,0.10000000149011612
131.572,1.0,9.862648052204815,0.10000000149011612
131.622,1.0,9.835252486086555,0.10000000149011612
131.672,1.0,9.780234385136929,0.10000000149011612
131.722,1.0,9.89010020777997,0.10000000149011612
131.771,1.0,9.752949098787374,0.10000000149011612
131.822,1.0,9.697949615886643,0.10000000149011612
131.872,1.0,9.643140053355859,0.10000000149011612
131.922,1.0,9.890176944848564,0.10436965525150299
131.971,1.0,9.80773985888809,0.10000000149011612
132.021,1.0,9.917500000012417,0.10000000149011612
132.072,1.0,9.807604061232674,0.10000000149011612
132.122,1.0,9.862713181082572,0.10000000149011612
132.171,1.0,9.835125146557887,0.10000000149011612
132.222,1.0,9.862685860341621,0.10000000149011612
132.272,1.0,9.725697619405885,0.10000000149011612
132.322,1.0,9.6705001194237,0.10000000149011612
132.371,1.0,9.780230684330066,0.10000000149011612
132.422,1.0,9.862637543098794,0.10000000149011612
132.471,1.0,9.780234330892563,0.10000000149011612
132.522,1.0,9.64275995294253,0.10000000149011612
132.572,1.0,9.807815555151965,0.10000000149011612
132.622,1.0,9.83532232588364,0.10000000149011612
132.671,1.0,9.725541200840638,0.10000000149011612
132.722,1.0,9.807580491879747,0.10000000149011612
132.771,1.0,9.835460794882643,0.11411011964082718
132.821,1.0,9.835174951247042,0.10000000149011612
132.871,1.0,9.780398984688023,0.10000000149011612
132.921,1.0,9.807642029970884,0.10000000149011612
132.971,1.0,9.807785286092097,0.10000000149011612
133.021,1.0,9.80751068621046,0.10000000149011612
133.071,1.0,9.807578914612531,0.10000000149011612
133.122,1.0,9.807625230546627,0.10000000149011612
133.172,1.0,9.697892653052177,0.10000000149011612
133.222,1.0,9.835244559827778,0.10000000149011612
133.272,1.0,9.835254679951403,0.1004064604640007
133.322,1.0,9.89019812192354,0.10000000149011612
133.371,1.0,9.890249678057929,0.10000000149011612
133.422,1.0,9.725464818792211,0.10000000149011612
133.472,1.0,9.807779558789399,0.10000000149011612
133.521,1.0,9.69794136710051,0.10000000149011612
133.572,1.0,9.725418374418384,0.10000000149011612
133.621,1.0,9.890073960709076,0.10000000149011612
133.671,1.0,9.862538564826052,0.10000000149011612
133.722,1.0,9.75275088434832,0.10000000149011612
133.771,1.0,9.835263697968589,0.10000000149011612
133.822,1.0,9.75283623697857,0.10000000149011612
133.871,1.0,9.835234984258811,0.10000000149011612
133.921,1.0,9.917558229983682,0.10000000149011612
133.971,1.0,9.835199659255643,0.10000000149011612
134.022,1.0,9.862500000020695,0.10000000149011612
134.072,1.0,9.945022778357897,0.10000000149011612
134.121,1.0,9.807625435085761,0.10000000149011612
134.171,1.0,9.75304262538751,0.10000000149011612
134.222,1.0,9.697947281640436,0.10000000149011612
134.272,1.0,9.807691248237258,0.10000000149011612
134.322,1.0,9.89018416804158,0.10000000149011612
134.371,1.0,9.752741169991593,0.10000000149011612
134.422,1.0,9.698488326826029,0.10000000149011612
134.471,1.0,9.780282710803052,0.10000000149011612
134.521,1.0,9.917592062614858,0.10000000149011612
134.571,1.0,9.69764017023974,0.10000000149011612
134.622,1.0,9.780375963532263,0.10000000149011612
134.672,1.0,9.862523456062707,0.10000000149011612
134.721,1.0,9.917701643870936,0.10000000149011612
134.771,1.0,9.75267934196939,0.10000000149011612
134.821,1.0,9.890117114451197,0.10000000149011612
134.871,1.0,9.807842435749869,0.10000000149011612
134.922,1.0,9.890059621507923,0.10000000149011612
134.972,1.0,9.890115825852586,0.10000000149011612
135.022,1.0,9.807766937050555,0.10000000149011612
135.072,1.0,9.835145413420266,0.10000000149011612
135.122,1.0,9.67056073465695,0.10000000149011612
135.171,1.0,9.72536576822814,0.10000000149011612
135.222,1.0,9.807702755865952,0.10000000149011612
135.272,1.0,9.89004004413469,0.10000000149011612
135.322,1.0,9.807591878560682,0.10000000149011612
135.371,1.0,9.780323964274592,0.10000000149011612
135.422,1.0,9.752934638783335,0.10000000149011612
135.472,1.0,9.780200755058063,0.10000000149011612
135.521,1.0,9.835143691984316,0.10000000149011612
135.572,1.0,9.835077509470285,0.10000000149011612
135.622,1.0,9.780402818818887,0.10000000149011612
135.671,1.0,9.753032435932093,0.10000000149011612
135.721,1.0,9.835214845960339,0.10000000149011612
135.771,1.0,9.808020712973343,0.10000000149011612
135.821,1.0,9.753049761222469,0.10000000149011612
135.871,1.0,9.862592243920599,0.10000000149011612
135.921,1.0,9.917574508446787,0.10000000149011612
135.971,1.0,9.80778469702022,0.10000000149011612
136.021,1.0,9.890000000016556,0.10000000149011612
136.071,1.0,9.725326055557364,0.10000000149011612
136.122,1.0,9.890000000016556,0.10000000149011612
136.171,1.0,9.7802304915049,0.10000000149011612
136.222,1.0,9.780170869475437,0.10000000149011612
136.272,1.0,9.807820207646323,0.10000000149011612
136.322,1.0,9.917540704872874,0.10000000149011612
136.372,1.0,9.890000000016556,0.10000000149011612
136.421,1.0,9.807560712575084,0.10000000149011612
136.472,1.0,9.862701806798578,0.10000000149011612
136.521,1.0,9.835111690892113,0.10000000149011612
136.572,1.0,9.80777355308334,0.10000000149011612
136.622,1.0,9.835378017380005,0.10000000149011612
136.671,1.0,9.83505755269693,0.10000000149011612
136.722,1.0,9.890036552668446,0.10000000149011612
136.771,1.0,9.697899194413589,0.10000000149011612
136.822,1.0,9.862670313380658,0.10000000149011612
136.871,1.0,9.780176414797703,0.10000000149011612
136.922,1.0,9.780555901986856,0.10000000149011612
136.972,1.0,9.697867909736104,0.10000000149011612
137.022,1.0,9.78009622577164,0.10000000149011612
137.071,1.0,9.780333261605765,0.10000000149011612
137.122,1.0,9.9176246346078,0.10000000149011612
137.172,1.0,9.725323660195702,0.10000000149011612
137.222,1.0,9.890056800800894,0.10000000149011612
137.272,1.0,9.643067628476356,0.10000000149011612
137.322,1.0,9.780244494829741,0.10000000149011612
137.372,1.0,9.807780289753444,0.10000000149011612
137.422,1.0,9.670282321568164,0.10000000149011612
137.471,1.0,9.890209939289424,0.10000000149011612
137.522,1.0,9.807652834223376,0.10000000149011612
137.571,1.0,9.83519708443847,0.10000000149011612
137.622,1.0,9.780183744740983,0.10000000149011612
137.671,1.0,9.752791236134039,0.10000000149011612
137.722,1.0,9.752716462500393,0.10000000149011612
137.771,1.0,9.807708302595548,0.10000000149011612
137.822,1.0,9.80799602870312,0.10000000149011612
137.872,1.0,9.807852067343063,0.10000000149011612
137.922,1.0,9.642642368852265,0.10000000149011612
137.972,1.0,9.642880362872448,0.10000000149011612
138.022,1.0,9.835288937824467,0.10000000149011612
138.071,1.0,9.725299763948554,0.10000000149011612
138.122,1.0,9.780296827335324,0.10000000149011612
138.172,1.0,9.642717749252915,0.10000000149011612
138.222,1.0,9.752875855958296,0.10000000149011612
138.271,1.0,9.807559128850698,0.10000000149011612
138.321,1.0,9.69797041790767,0.10000000149011612
138.371,1.0,9.862866036697394,0.10000000149011612
138.422,1.0,9.78043836603562,0.10000000149011612
138.471,1.0,9.890008434218664,0.10000000149011612
138.521,1.0,9.670507731743985,0.10000000149011612
138.571,1.0,9.78018962012397,0.10000000149011612
138.622,1.0,9.725480705623825,0.10000000149011612
138.671,1.0,9.890156683718992,0.10000000149011612
138.722,1.0,9.780151962530281,0.10000000149011612
138.771,1.0,9.83501955792308,0.10000000149011612
138.822,1.0,9.780333704356519,0.10000000149011612
138.871,1.0,9.862508838665153,0.10000000149011612
138.922,1.0,9.91769430997471,0.10839170217514038
138.972,1.0,9.78056603283104,0.10000000149011612
139.022,1.0,9.862633636780084,0.10000000149011612
139.071,1.0,9.670259470264945,0.10000000149011612
139.121,1.0,9.807797192885644,0.10000000149011612
139.171,1.0,9.752969189733268,0.10000000149011612
139.222,1.0,9.807830007270807,0.10000000149011612
139.271,1.0,9.972625303930707,0.1451094150543213
139.322,1.0,9.78036791144146,0.10000000149011612
139.371,1.0,9.725451613693602,0.10000000149011612
139.421,1.0,9.780113645270466,0.10000000149011612
139.472,1.0,9.80785358612322,0.10000000149011612
139.521,1.0,9.72534466046426,0.10000000149011612
139.572,1.0,9.725503190855186,0.10000000149011612
139.622,1.0,9.780075996617477,0.10000000149011612
139.672,1.0,9.69774896759126,0.10000000149011612
139.722,1.0,9.862604223005473,0.10000000149011612
139.771,1.0,9.725341213453147,0.10000000149011612
139.821,1.0,9.780169646317761,0.10000000149011612
139.872,1.0,9.752817680893672,0.10000000149011612
139.922,1.0,9.752653815721471,0.10000000149011612
139.971,1.0,9.752918842724627,0.10000000149011612
140.021,1.0,9.917500000012417,0.10000000149011612
140.072,1.0,9.835270220103363,0.10000000149011612
140.122,1.0,9.890168252463143,0.10000000149011612
140.172,1.0,9.780165843789776,0.10000000149011612
140.222,1.0,9.807796447931064,0.10000000149011612
140.272,1.0,9.75289157188187,0.10000000149011612
140.322,1.0,9.752667456430693,0.10000000149011612
140.371,1.0,9.807532280186813,0.10000000149011612
140.422,1.0,9.725452247965666,0.10000000149011612
140.472,1.0,9.86260658674356,0.10000000149011612
140.522,1.0,9.780454364625944,0.10000000149011612
140.572,1.0,9.69794317183809,0.10000000149011612
140.621,1.0,9.890000000016556,0.10000000149011612
140.671,1.0,9.83523229232265,0.10000000149011612
140.721,1.0,9.725195034758912,0.10000000149011612
140.772,1.0,9.752774049527943,0.10000000149011612
140.822,1.0,9.835243548494246,0.10000000149011612
140.872,1.0,9.752921960834,0.10000000149011612
140.921,1.0,9.780250938816202,0.10000000149011612
140.971,1.0,9.752850191129578,0.10000000149011612
141.022,1.0,9.807546721274655,0.10000000149011612
141.071,1.0,9.86262850455112,0.10000000149011612
141.121,1.0,9.807815633921159,0.10000000149011612
141.171,1.0,9.890054905352493,0.10000000149011612
141.222,1.0,9.698012271689045,0.10000000149011612
141.272,1.0,9.862644674918718,0.10000000149011612
141.321,1.0,9.780096201329595,0.10000000149011612
141.372,1.0,9.890078980454968,0.10000000149011612
141.422,1.0,9.752744999176098,0.10000000149011612
141.472,1.0,9.752786859476732,0.10000000149011612
141.522,1.0,9.807773789018393,0.10000000149011612
141.571,1.0,9.752555271941755,0.10000000149011612
141.622,1.0,9.725239904266264,0.10000000149011612
141.671,1.0,9.972500000004139,0.10000000149011612
141.722,1.0,9.752855424189733,0.10000000149011612
141.772,1.0,9.91751104976154,0.10000000149011612
141.821,1.0,9.780265252685382,0.10000000149011612
141.872,1.0,9.697885863586432,0.10000000149011612
141.922,1.0,9.835105427644319,0.10000000149011612
141.971,1.0,9.890203494102591,0.10000000149011612
142.022,1.0,9.890219412785438,0.10000000149011612
142.072,1.0,9.752880669219627,0.10000000149011612
142.122,1.0,9.807738600919643,0.10000000149011612
142.172,1.0,9.780314305341905,0.10000000149011612
142.222,1.0,9.835322334306936,0.10000000149011612
142.271,1.0,9.807893964089454,0.10000000149011612
142.322,1.0,9.58788902329074,0.10000000149011612
142.371,1.0,9.72536161877215,0.10000000149011612
142.422,1.0,9.945154541337656,0.10594112426042557
142.472,1.0,9.78025297936466,0.10000000149011612
142.522,1.0,9.80778550936116,0.10000000149011612
142.572,1.0,9.753007631728218,0.10000000149011612
142.621,1.0,9.78031147275534,0.10000000149011612
142.671,1.0,9.725280620882081,0.10000000149011612
142.721,1.0,9.78036200000594,0.10000000149011612
142.771,1.0,9.890217553741403,0.10000000149011612
142.822,1.0,9.64306402725892,0.10000000149011612
142.871,1.0,9.890166708682147,0.10000000149011612
142.922,1.0,9.697686140984297,0.10000000149011612
142.971,1.0,9.725348329771723,0.10000000149011612
143.022,1.0,9.862717736284766,0.10000000149011612
143.072,1.0,9.807645960193542,0.10000000149011612
143.122,1.0,9.807776721049514,0.10000000149011612
143.172,1.0,9.83528058661355,0.10000000149011612
143.221,1.0,9.78017870845894,0.10000000149011612
143.272,1.0,9.890086914164325,0.10000000149011612
143.322,1.0,9.835192580479715,0.10000000149011612
143.371,1.0,9.698067995616132,0.10000000149011612
143.422,1.0,9.83521493145575,0.10000000149011612
143.472,1.0,9.807702248771157,0.10000000149011612
143.522,1.0,9.945000000008278,0.10000000149011612
143.572,1.0,9.890352810608844,0.10000000149011612
143.622,1.0,9.780339963879022,0.10000000149011612
143.672,1.0,9.72538419759108,0.10000000149011612
143.722,1.0,9.8626685793822,0.10000000149011612
143.772,1.0,9.945113411442273,0.11817505955696106
143.821,1.0,9.75277017655058,0.10000000149011612
143.871,1.0,9.72537026601947,0.10000000149011612
143.922,1.0,9.780244328123,0.10000000149011612
143.971,1.0,9.752993139955732,0.10000000149011612
144.021,1.0,9.835218532404138,0.10000000149011612
144.071,1.0,9.69767321081211,0.10000000149011612
144.121,1.0,9.862598922579652,0.10000000149011612
144.172,1.0,9.917528177011345,0.10000000149011612
144.222,1.0,9.69774036647545,0.10000000149011612
144.272,1.0,9.862697208486498,0.10000000149011612
144.322,1.0,9.780281942544711,0.10000000149011612
144.371,1.0,9.835166162107553,0.10000000149011612
144.422,1.0,9.835250508598984,0.10000000149011612
144.471,1.0,9.72548773545358,0.10000000149011612
144.522,1.0,9.835110256262123,0.10000000149011612
144.571,1.0,9.862839287002053,0.10554666817188263
144.622,1.0,9.862743742246595,0.10000000149011612
144.672,1.0,9.725370500795544,0.10000000149011612
144.721,1.0,9.752765070481432,0.10000000149011612
144.772,1.0,9.807554712229305,0.10000000149011612
144.821,1.0,9.643205615133047,0.10000000149011612
144.872,1.0,9.752614100008374,0.10000000149011612
144.921,1.0,9.917562990987467,0.10000000149011612
144.971,1.0,9.8626346313912,0.10000000149011612
145.022,1.0,9.807715627447598,0.10000000149011612
145.071,1.0,9.835160498797066,0.10000000149011612
145.122,1.0,9.670146497670148,0.10000000149011612
145.172,1.0,9.807936804658837,0.10000000149011612
145.222,1.0,9.725307567127876,0.10000000149011612
145.272,1.0,9.80773696820769,0.10000000149011612
145.322,1.0,9.890288280261059,0.10000000149011612
145.372,1.0,9.807801142831643,0.10000000149011612
145.422,1.0,9.862546476804548,0.10000000149011612
145.472,1.0,9.83520040932215,0.10000000149011612
145.521,1.0,9.8077667667427,0.10000000149011612
145.572,1.0,9.807649734843936,0.10000000149011612
145.621,1.0,9.890000000016556,0.10000000149011612
145.671,1.0,9.890045939882596,0.10000000149011612
145.722,1.0,9.807638629505204,0.10000000149011612
145.772,1.0,9.780372018553317,0.10000000149011612
145.822,1.0,9.807688586744998,0.10000000149011612
145.872,1.0,9.86253931708634,0.10000000149011612
145.922,1.0,9.615360939212971,0.10000000149011612
145.971,1.0,9.83513348425428,0.10000000149011612
146.022,1.0,9.725456134788692,0.10000000149011612
146.072,1.0,9.807643768501778,0.10000000149011612
146.121,1.0,9.835120577592816,0.10000000149011612
146.172,1.0,9.890208555799392,0.10245916247367859
146.222,1.0,9.807765171925228,0.10000000149011612
146.272,1.0,9.78028122426735,0.10000000149011612
146.322,1.0,9.917656216066744,0.10000000149011612
146.372,1.0,9.917566374130548,0.10000000149011612
146.421,1.0,9.80758542811705,0.10000000149011612
146.472,1.0,9.890076989349392,0.10000000149011612
146.522,1.0,9.780193695632947,0.10000000149011612
146.572,1.0,9.835142530252536,0.10000000149011612
146.621,1.0,9.807725171268814,0.10000000149011612
146.672,1.0,9.725485165003274,0.10000000149011612
146.721,1.0,9.780372626789742,0.10000000149011612
146.772,1.0,9.917645369904736,0.10000000149011612
146.821,1.0,9.89008497643388,0.10000000149011612
146.872,1.0,9.83515292973154,0.10000000149011612
146.921,1.0,9.835278217039175,0.10000000149011612
146.971,1.0,9.725252359774377,0.10000000149011612
147.022,1.0,9.780152876613041,0.10000000149011612
147.072,1.0,9.725012106324236,0.10000000149011612
147.121,1.0,9.725459413002763,0.10000000149011612
147.171,1.0,9.835414799344209,0.10000000149011612
147.221,1.0,9.890136663284567,0.10000000149011612
147.272,1.0,9.807631228946978,0.10000000149011612
147.322,1.0,9.917677809049685,0.10000000149011612
147.372,1.0,9.752766297281616,0.10000000149011612
147.421,1.0,9.780358217201298,0.10000000149011612
147.472,1.0,9.862660235290726,0.10000000149011612
147.521,1.0,9.80785841325091,0.10000000149011612
147.572,1.0,9.753073049378063,0.10000000149011612
147.621,1.0,9.780188509594236,0.10000000149011612
147.671,1.0,9.862684875105819,0.10000000149011612
147.722,1.0,9.780220209310452,0.10000000149011612
147.771,1.0,9.835391791785757,0.10000000149011612
147.822,1.0,9.780395299361812,0.10000000149011612
147.872,1.0,9.780378161929548,0.10000000149011612
147.921,1.0,9.75302472292549,0.10000000149011612
147.971,1.0,9.807747171074151,0.10000000149011612
148.021,1.0,9.83517852274494,0.10000000149011612
148.072,1.0,9.86254978854623,0.10000000149011612
148.122,1.0,9.83537571599914,0.10000000149011612
148.172,1.0,9.807805157535606,0.10000000149011612
148.222,1.0,9.835121105714805,0.10000000149011612
148.271,1.0,9.94511640212602,0.11668866872787476
148.322,1.0,9.780333971542616,0.10000000149011612
148.372,1.0,9.725164071035882,0.10000000149011612
148.422,1.0,9.752676212208138,0.10000000149011612
148.472,1.0,9.780502058731185,0.10000000149011612
148.522,1.0,9.917522495550413,0.10000000149011612
148.572,1.0,9.945035363299151,0.10000000149011612
148.621,1.0,9.835145203582943,0.10000000149011612
148.672,1.0,9.862797775119542,0.10000000149011612
148.722,1.0,9.835184457856748,0.10000000149011612
148.772,1.0,9.835326733626426,0.10000000149011612
148.821,1.0,9.69761278403716,0.10000000149011612
148.872,1.0,9.890154176164005,0.10000000149011612
148.921,1.0,9.670516610642274,0.10000000149011612
148.971,1.0,9.862544211269253,0.10000000149011612
149.022,1.0,9.752618331400056,0.10000000149011612
149.071,1.0,9.75296166907582,0.10000000149011612
149.122,1.0,9.80766787154393,0.10000000149011612
149.172,1.0,9.83508063039432,0.10000000149011612
149.222,1.0,9.945028357331951,0.10000000149011612
149.271,1.0,9.752773678654599,0.10000000149011612
149.322,1.0,9.752617854976819,0.10000000149011612
149.371,1.0,9.890046096613837,0.10000000149011612
149.421,1.0,9.752631523894767,0.10000000149011612
149.472,1.0,9.83513492250608,0.10000000149011612
149.522,1.0,9.697911902910306,0.10000000149011612
149.571,1.0,9.64305492732674,0.10000000149011612
149.622,1.0,9.862846079510119,0.10000000149011612
149.671,1.0,9.780255640670656,0.10000000149011612
149.721,1.0,9.890188951065971,0.10000000149011612
149.772,1.0,9.86274617349522,0.10000000149011612
149.821,1.0,9.890206318017508,0.10000000149011612
149.872,1.0,9.835256185154948,0.10000000149011612
149.921,1.0,9.89014852694753,0.10000000149011612
149.972,1.0,9.807682089155747,0.10000000149011612
150.022,1.0,9.670352398749028,0.10000000149011612
150.072,1.0,9.890099011071854,0.10000000149011612
150.122,1.0,9.807654368297921,0.10000000149011612
150.172,1.0,9.835267892065975,0.10000000149011612
150.221,1.0,9.890094593022432,0.10000000149011612
150.272,1.0,9.752913052423132,0.10000000149011612
150.321,1.0,9.780319504667487,0.10000000149011612
150.372,1.0,9.780324936161438,0.10000000149011612
150.421,1.0,9.697771702189412,0.10000000149011612
150.471,1.0,9.780326268594298,0.10000000149011612
150.522,1.0,9.725310089128714,0.10000000149011612
150.572,1.0,9.862686125582291,0.10000000149011612
150.621,1.0,9.80775806380229,0.10000000149011612
150.671,1.0,9.780462190570931,0.10000000149011612
150.722,1.0,9.752886962994106,0.10000000149011612
150.771,1.0,9.780105773752762,0.10000000149011612
150.821,1.0,9.670495382737782,0.10000000149011612
150.872,1.0,9.86284046197931,0.10000000149011612
150.922,1.0,9.835156836671134,0.10000000149011612
150.972,1.0,9.807746871271068,0.10000000149011612
151.022,1.0,9.807692882729073,0.10000000149011612
151.071,1.0,9.807650868801607,0.10000000149011612
151.121,1.0,9.972586654292213,0.1311955451965332
151.171,1.0,9.780302319613595,0.10000000149011612
151.221,1.0,9.917611477896571,0.10000000149011612
151.271,1.0,9.89007773194462,0.10000000149011612
151.322,1.0,9.697722566727963,0.10000000149011612
151.372,1.0,9.78020046431985,0.10000000149011612
151.421,1.0,9.862514068827862,0.10000000149011612
151.472,1.0,9.86270081030412,0.10000000149011612
151.522,1.0,9.945031786296102,0.10000000149011612
151.572,1.0,9.753032453068428,0.10000000149011612
151.621,1.0,9.643347119167448,0.10000000149011612
151.671,1.0,9.835156972685622,0.10000000149011612
151.721,1.0,9.890185383831462,0.10000000149011612
151.772,1.0,9.945056177572244,0.10000000149011612
151.822,1.0,9.890073146608968,0.10000000149011612
151.872,1.0,9.752798312343657,0.10000000149011612
151.921,1.0,9.86279419168002,0.10000000149011612
151.971,1.0,9.807729562910067,0.10000000149011612
152.022,1.0,9.780422010997103,0.10000000149011612
152.071,1.0,9.890199968094628,0.10000000149011612
152.121,1.0,9.917570119847854,0.10000000149011612
152.172,1.0,9.835342577948339,0.10000000149011612
152.222,1.0,9.725369171818926,0.10000000149011612
152.272,1.0,9.890401419852342,0.10000000149011612
152.322,1.0,9.780049102173912,0.10000000149011612
152.372,1.0,9.80781223455237,0.10000000149011612
152.422,1.0,9.862705460149382,0.10000000149011612
152.471,1.0,9.807749427275525,0.10000000149011612
152.522,1.0,9.752771946787835,0.10000000149011612
152.572,1.0,9.752939251727527,0.10000000149011612
152.622,1.0,9.780319675430656,0.10000000149011612
152.672,1.0,9.69788957664536,0.10000000149011612
152.722,1.0,9.835379449857605,0.10000000149011612
152.772,1.0,9.83519141347044,0.10000000149011612
152.822,1.0,9.890094401956432,0.10000000149011612
152.871,1.0,9.835073906555772,0.10000000149011612
152.922,1.0,9.917627817413045,0.10000000149011612
152.972,1.0,9.725132128285866,0.10000000149011612
153.021,1.0,9.780243723756737,0.10000000149011612
153.071,1.0,9.75258862628705,0.10000000149011612
153.121,1.0,9.835116636049417,0.10000000149011612
153.171,1.0,9.752679243352677,0.10000000149011612
153.222,1.0,9.780204829656416,0.10000000149011612
153.271,1.0,9.917504978366196,0.10000000149011612
153.322,1.0,9.862807472298543,0.10000000149011612
153.371,1.0,9.835261626686487,0.10000000149011612
153.422,1.0,9.917606435219447,0.10000000149011612
153.472,1.0,9.752794018263618,0.10000000149011612
153.522,1.0,9.780310502793226,0.10000000149011612
153.572,1.0,9.752845149714913,0.10000000149011612
153.622,1.0,9.725385902221833,0.10000000149011612
153.671,1.0,9.86275871898979,0.10000000149011612
153.722,1.0,9.835156378212075,0.10000000149011612
153.772,1.0,9.835350738176041,0.10000000149011612
153.821,1.0,9.780259626793365,0.10000000149011612
153.872,1.0,9.807759629686673,0.10000000149011612
153.922,1.0,9.807671588307453,0.10000000149011612
153.971,1.0,9.752934336248371,0.10000000149011612
154.021,1.0,9.780110797368819,0.10000000149011612
154.072,1.0,9.890138890387284,0.10000000149011612
154.122,1.0,9.807755994051695,0.10000000149011612
154.172,1.0,9.725116843171417,0.10000000149011612
154.222,1.0,9.862852335969608,0.10000000149011612
154.272,1.0,9.75286034281469,0.10000000149011612
154.322,1.0,9.67030318364915,0.10000000149011612
154.371,1.0,9.697842929884791,0.10000000149011612
154.422,1.0,9.86260952208605,0.10000000149011612
154.472,1.0,9.917635866337353,0.10000000149011612
154.522,1.0,9.89006515511622,0.10000000149011612
154.572,1.0,9.86269280521406,0.10000000149011612
154.622,1.0,9.835067338413662,0.10000000149011612
154.672,1.0,9.67047822723786,0.10000000149011612
154.722,1.0,9.697688976033694,0.10000000149011612
154.772,1.0,9.807794944238331,0.10000000149011612
154.821,1.0,9.890121567332082,0.10000000149011612
154.871,1.0,9.72552638453328,0.10000000149011612
154.922,1.0,9.807591052725911,0.10000000149011612
154.972,1.0,9.835000000024836,0.10000000149011612
155.021,1.0,9.890038836085134,0.10000000149011612
155.071,1.0,9.80800324531479,0.10000000149011612
155.122,1.0,9.7254580438344,0.10000000149011612
155.172,1.0,9.80767839014944,0.10000000149011612
155.222,1.0,9.835072744906777,0.10000000149011612
155.271,1.0,9.752980607416895,0.10000000149011612
155.321,1.0,9.752781083869438,0.10000000149011612
155.372,1.0,9.807628238118356,0.10000000149011612
155.422,1.0,9.862831859414776,0.10000000149011612
155.471,1.0,9.80784101181974,0.10000000149011612
155.522,1.0,9.780623551023503,0.10000000149011612
155.572,1.0,9.835297375234465,0.10000000149011612
155.622,1.0,9.807868026300437,0.10000000149011612
155.672,1.0,9.91773017766989,0.10000000149011612
155.722,1.0,9.890321731381118,0.10000000149011612
155.772,1.0,9.807941766517859,0.10000000149011612
155.822,1.0,9.807867681317859,0.10000000149011612
155.871,1.0,9.835150349719656,0.10000000149011612
155.922,1.0,9.807617500486474,0.10000000149011612
155.971,1.0,9.753054460220866,0.10000000149011612
156.022,1.0,9.780122829000984,0.10000000149011612
156.072,1.0,9.835109392056863,0.10000000149011612
156.122,1.0,9.780424614912933,0.10000000149011612
156.172,1.0,9.725234036085507,0.10000000149011612
156.222,1.0,9.86271367551138,0.10000000149011612
156.272,1.0,9.86270543947402,0.10000000149011612
156.322,1.0,9.807622162956331,0.10000000149011612
156.372,1.0,9.835209556896654,0.10000000149011612
156.421,1.0,9.862843319835763,0.11323833465576172
156.472,1.0,9.83508887504124,0.10000000149011612
156.521,1.0,9.807766503219803,0.10000000149011612
156.572,1.0,9.862660980038346,0.10000000149011612
156.622,1.0,9.835000000024836,0.10000000149011612
156.672,1.0,9.725080141197477,0.10000000149011612
156.722,1.0,9.807860227239628,0.10000000149011612
156.772,1.0,9.890172400077184,0.10000000149011612
156.822,1.0,9.752965493169096,0.10000000149011612
156.872,1.0,9.83535185367283,0.10000000149011612
156.921,1.0,9.752744619900154,0.10000000149011612
156.972,1.0,9.862696974972884,0.10000000149011612
157.022,1.0,9.835177824211618,0.10000000149011612
157.072,1.0,9.8627431579969,0.10000000149011612
157.122,1.0,9.89014856931236,0.10000000149011612
157.172,1.0,9.835110522868733,0.10000000149011612
157.221,1.0,9.752964038236273,0.10000000149011612
157.271,1.0,9.86269921242363,0.10000000149011612
157.322,1.0,9.697797483185099,0.10000000149011612
157.372,1.0,9.80776916305638,0.10000000149011612
157.422,1.0,9.890179251920845,0.10000000149011612
157.471,1.0,9.642864095171293,0.10000000149011612
157.522,1.0,9.807807625312773,0.10000000149011612
157.572,1.0,9.80769674649669,0.10000000149011612
157.621,1.0,9.780094375192292,0.10000000149011612
157.671,1.0,9.807798566400177,0.10000000149011612
157.722,1.0,9.780233187559578,0.10000000149011612
157.771,1.0,9.862860875907872,0.10000000149011612
157.821,1.0,9.752813539716104,0.10000000149011612
157.872,1.0,9.862771787784165,0.10000000149011612
157.921,1.0,9.80772664391746,0.10000000149011612
157.971,1.0,9.862563632056117,0.10000000149011612
158.022,1.0,9.80777294991745,0.10000000149011612
158.071,1.0,9.835264116794699,0.10000000149011612
158.122,1.0,9.835247204639018,0.10000000149011612
158.172,1.0,9.780531003388266,0.10000000149011612
158.222,1.0,9.945070373784336,0.10000000149011612
158.271,1.0,9.862586999829444,0.10000000149011612
158.322,1.0,9.835298376199272,0.10000000149011612
158.372,1.0,9.89009440522641,0.10000000149011612
158.421,1.0,9.780247404923042,0.10000000149011612
158.471,1.0,9.862713587035735,0.10000000149011612
158.521,1.0,9.835075128720039,0.10000000149011612
158.572,1.0,9.862790239974856,0.10000000149011612
158.622,1.0,9.72562266799311,0.10000000149011612
158.672,1.0,9.862625255394313,0.10000000149011612
158.722,1.0,9.725366382569902,0.10000000149011612
158.771,1.0,9.890075205887358,0.10000000149011612
158.821,1.0,9.752873586863279,0.10000000149011612
158.872,1.0,9.752951619463662,0.10000000149011612
158.922,1.0,9.588148113215963,0.10000000149011612
158.972,1.0,9.807567644098567,0.10000000149011612
159.022,1.0,9.752759757596586,0.10000000149011612
159.072,1.0,9.83531200674673,0.10000000149011612
159.122,1.0,9.91762678310689,0.10000000149011612
159.171,1.0,9.807831305493083,0.10000000149011612
159.222,1.0,9.780248089590007,0.10000000149011612
159.272,1.0,9.917736647091806,0.10000000149011612
159.322,1.0,9.835236821158064,0.10000000149011612
159.371,1.0,9.945083528488047,0.10000000149011612
159.422,1.0,9.807692683777875,0.10000000149011612
159.472,1.0,9.752724547932546,0.10000000149011612
159.522,1.0,9.890000000016556,0.10000000149011612
159.571,1.0,9.670369923590785,0.10000000149011612
159.622,1.0,9.835256316533519,0.10000000149011612
159.672,1.0,9.807948595264719,0.10000000149011612
159.722,1.0,9.807657348261111,0.10000000149011612
159.772,1.0,9.780202701729205,0.10000000149011612
159.822,1.0,9.807843755289085,0.10000000149011612
159.872,1.0,9.807782037742436,0.10000000149011612
159.922,1.0,9.807733457949427,0.10000000149011612
159.971,1.0,9.780032839377721,0.10000000149011612
160.022,1.0,9.752743721318742,0.10000000149011612
160.072,1.0,9.752817606180907,0.10000000149011612
160.121,1.0,9.835469443164765,0.10000000149011612
160.172,1.0,9.945051826495263,0.10881692171096802
160.222,1.0,9.835181256714794,0.10000000149011612
160.272,1.0,9.835166570999556,0.10000000149011612
160.322,1.0,9.890108671556744,0.10000000149011612
160.371,1.0,9.890335199754272,0.10000000149011612
160.422,1.0,9.780436975322663,0.10000000149011612
160.472,1.0,9.752741328978704,0.10000000149011612
160.522,1.0,9.670495040052467,0.10000000149011612
160.572,1.0,9.752774980684949,0.10000000149011612
160.622,1.0,9.67049584750914,0.10000000149011612
160.671,1.0,9.697867127238876,0.10000000149011612
160.722,1.0,9.780257450851302,0.10000000149011612
160.771,1.0,9.890092393362687,0.10000000149011612
160.822,1.0,9.72539728252838,0.10000000149011612
160.872,1.0,9.780357059525947,0.10000000149011612
160.922,1.0,9.862582810947465,0.10000000149011612
160.971,1.0,9.917500000012417,0.10000000149011612
161.022,1.0,9.78024630304426,0.10000000149011612
161.072,1.0,9.670129831114577,0.10000000149011612
161.122,1.0,9.670456229895354,0.10000000149011612
161.172,1.0,9.780162411058942,0.10000000149011612
161.222,1.0,9.725321171349949,0.10000000149011612
161.271,1.0,9.752759580334855,0.10000000149011612
161.322,1.0,9.780150886832011,0.10000000149011612
161.371,1.0,9.752925888014337,0.10000000149011612
161.422,1.0,9.64312269166112,0.10000000149011612
161.472,1.0,9.697727638979753,0.10000000149011612
161.522,1.0,9.862754476505021,0.10000000149011612
161.572,1.0,9.752855218367444,0.10000000149011612
161.621,1.0,9.75266860038456,0.10000000149011612
161.672,1.0,9.835160228961872,0.10000000149011612
161.722,1.0,9.862602880162497,0.10000000149011612
161.772,1.0,9.835105598924889,0.10000000149011612
161.822,1.0,9.890286533099909,0.10579410940408707
161.871,1.0,9.780468878563907,0.10000000149011612
161.921,1.0,9.807640305492614,0.10000000149011612
161.972,1.0,9.862848961663742,0.10000000149011612
162.022,1.0,9.698117001023558,0.10000000149011612
162.072,1.0,9.752834940391283,0.10000000149011612
162.122,1.0,9.697925885559783,0.10000000149011612
162.172,1.0,9.862767666971518,0.10000000149011612
162.222,1.0,9.780170599122842,0.10000000149011612
162.271,1.0,9.725444844178856,0.10000000149011612
162.322,1.0,9.890122336728705,0.10000000149011612
162.372,1.0,9.835304329771962,0.10000000149011612
162.422,1.0,9.697902454435825,0.10000000149011612
162.472,1.0,9.752986696093446,0.10000000149011612
162.521,1.0,9.80750809620238,0.10000000149011612
162.571,1.0,9.780214692279696,0.10000000149011612
162.621,1.0,9.780339473548034,0.10000000149011612
162.671,1.0,9.835311317505935,0.10000000149011612
162.722,1.0,9.780293577743901,0.10000000149011612
162.771,1.0,9.725473684507111,0.10000000149011612
162.822,1.0,9.807649335658384,0.10000000149011612
162.872,1.0,9.807834259110193,0.10000000149011612
162.922,1.0,9.752746221319669,0.10000000149011612
162.972,1.0,9.835181361871461,0.10000000149011612
163.022,1.0,9.835097804872525,0.10000000149011612
163.072,1.0,9.807721546892491,0.10000000149011612
163.122,1.0,9.917555827585359,0.10000000149011612
163.172,1.0,9.862643321872586,0.10000000149011612
163.221,1.0,9.670334836509493,0.10000000149011612
163.271,1.0,9.807664085303744,0.10000000149011612
163.322,1.0,9.807705978490413,0.10000000149011612
163.372,1.0,9.807920505541066,0.10000000149011612
163.421,1.0,9.75282706659701,0.10000000149011612
163.471,1.0,9.807871155606376,0.10000000149011612
163.521,1.0,9.835269067105319,0.10000000149011612
163.571,1.0,9.917586195882823,0.10000000149011612
163.622,1.0,9.807792630957232,0.10000000149011612
163.672,1.0,9.83518965356052,0.10000000149011612
163.722,1.0,9.835148669862084,0.10000000149011612
163.772,1.0,9.835138737368915,0.10000000149011612
163.822,1.0,9.807744995090697,0.10000000149011612
163.872,1.0,9.670385394266082,0.10000000149011612
163.922,1.0,9.807802213066154,0.10000000149011612
163.971,1.0,9.807724714175695,0.10000000149011612
164.022,1.0,9.752713142231935,0.10000000149011612
164.071,1.0,9.9175623955619,0.10000000149011612
164.122,1.0,9.587865290128523,0.10000000149011612
164.171,1.0,9.835261584714884,0.10000000149011612
164.222,1.0,9.890268650299145,0.10000000149011612
164.272,1.0,9.78024711654418,0.10000000149011612
164.322,1.0,9.80767922718078,0.10000000149011612
164.371,1.0,9.835241725875271,0.10000000149011612
164.421,1.0,9.83527081768132,0.10000000149011612
164.472,1.0,9.835354936288462,0.10000000149011612
164.522,1.0,9.890146595281031,0.10000000149011612
164.572,1.0,9.7801387977062,0.10000000149011612
164.622,1.0,9.862564179301263,0.10000000149011612
164.671,1.0,9.587887536961999,0.10000000149011612
164.722,1.0,9.862761632560028,0.10000000149011612
164.771,1.0,9.752850019124647,0.10000000149011612
164.821,1.0,9.697926675072974,0.10000000149011612
164.872,1.0,9.835124827445382,0.10000000149011612
164.922,1.0,9.862540972232818,0.10000000149011612
164.971,1.0,9.807926610360543,0.10000000149011612
165.022,1.0,9.835273531596695,0.10000000149011612
165.072,1.0,9.835161835907234,0.10000000149011612
165.122,1.0,9.807604936758677,0.10000000149011612
165.172,1.0,9.835334076815181,0.10000000149011612
165.222,1.0,9.862533482474586,0.10000000149011612
165.272,1.0,9.86264433208853,0.10000000149011612
165.321,1.0,9.78038551521798,0.10000000149011612
165.372,1.0,9.780265623310374,0.10000000149011612
165.421,1.0,9.83505084282822,0.10000000149011612
165.471,1.0,9.8901863804294,0.10000000149011612
165.521,1.0,9.807685556345517,0.10000000149011612
165.571,1.0,9.917529698709647,0.10000000149011612
165.621,1.0,9.86269598143796,0.10000000149011612
165.671,1.0,9.86268125993924,0.10000000149011612
165.721,1.0,9.807801981063353,0.10000000149011612
165.771,1.0,9.725428133623467,0.10000000149011612
165.821,1.0,9.835368659367992,0.10000000149011612
165.871,1.0,9.752704860332111,0.10000000149011612
165.922,1.0,9.780101413817869,0.10000000149011612
165.971,1.0,9.752727608796622,0.10000000149011612
166.021,1.0,9.807623422973686,0.10000000149011612
166.072,1.0,9.890193231672876,0.10000000149011612
166.121,1.0,9.83518674917933,0.10000000149011612
166.172,1.0,9.807644162223571,0.10000000149011612
166.221,1.0,9.83542668045395,0.10000000149011612
166.272,1.0,9.780317985121574,0.10000000149011612
166.321,1.0,9.642952295868762,0.10000000149011612
166.372,1.0,9.780267466894454,0.10000000149011612
166.422,1.0,9.780237258887952,0.10000000149011612
166.471,1.0,9.752903962321579,0.10000000149011612
166.521,1.0,9.752791483534708,0.10000000149011612
166.572,1.0,9.835323331546451,0.10000000149011612
166.622,1.0,9.670176330622699,0.10000000149011612
166.672,1.0,9.807718557367723,0.10000000149011612
166.722,1.0,9.835127558683356,0.10000000149011612
166.771,1.0,9.835347372728089,0.10000000149011612
166.822,1.0,9.86273956021501,0.10000000149011612
166.873,1.0,9.807708423212171,0.10000000149011612
166.922,1.0,9.752653672256404,0.10000000149011612
166.972,1.0,9.697789847333398,0.10000000149011612
167.021,1.0,9.835169222019612,0.10000000149011612
167.072,1.0,9.780000000033114,0.10000000149011612
167.121,1.0,9.835275558527146,0.10000000149011612
167.171,1.0,9.807660049758852,0.10000000149011612
167.222,1.0,9.670294481681452,0.10000000149011612
167.271,1.0,9.862728487513959,0.10000000149011612
167.321,1.0,9.807841911187602,0.10000000149011612
167.371,1.0,9.835102843803664,0.10000000149011612
167.421,1.0,9.8076949612341,0.10000000149011612
167.471,1.0,9.807759590095117,0.10000000149011612
167.521,1.0,9.75280788782984,0.10000000149011612
167.571,1.0,9.807880456828409,0.10000000149011612
167.622,1.0,9.835182785780894,0.10000000149011612
167.672,1.0,9.835138391661975,0.10000000149011612
167.721,1.0,9.752848668189513,0.10000000149011612
167.771,1.0,9.835138773048918,0.10000000149011612
167.822,1.0,9.835054201073945,0.10000000149011612
167.871,1.0,9.862983428666162,0.10000000149011612
167.922,1.0,9.670214899691443,0.10000000149011612
167.971,1.0,9.725301817701094,0.10000000149011612
168.022,1.0,9.752817282329003,0.10000000149011612
168.071,1.0,9.835210195432106,0.10000000149011612
168.122,1.0,9.917644750844273,0.10000000149011612
168.171,1.0,9.725434940018587,0.10000000149011612
168.222,1.0,9.752926996619337,0.10000000149011612
168.272,1.0,9.972501670817534,0.10060149431228638
168.321,1.0,10.0,10.0
168.371,1.0,9.835264435700244,0.10000000149011612
168.421,1.0,9.890063969211447,0.10000000149011612
168.472,1.0,9.835178362950682,0.10000000149011612
168.521,1.0,9.780248296633363,0.10000000149011612
168.572,1.0,9.698081430130534,0.10000000149011612
168.621,1.0,9.725409195303088,0.10000000149011612
168.671,1.0,9.862646501821777,0.10000000149011612
168.722,1.0,9.890221044483285,0.10000000149011612
168.772,1.0,9.753071315897008,0.10000000149011612
168.821,1.0,9.670540554242002,0.10000000149011612
168.872,1.0,9.807745632508563,0.10000000149011612
168.922,1.0,9.78033500690427,0.10000000149011612
168.971,1.0,9.780112375360396,0.10000000149011612
169.022,1.0,9.753025201232068,0.10000000149011612
169.071,1.0,9.725406925028397,0.10000000149011612
169.121,1.0,9.807690701074899,0.10000000149011612
169.171,1.0,9.862617312247554,0.10000000149011612
169.222,1.0,9.807772735920217,0.10000000149011612
169.271,1.0,9.725344590428803,0.10000000149011612
169.322,1.0,9.780181824912628,0.10000000149011612
169.371,1.0,9.890061052660975,0.10000000149011612
169.421,1.0,9.752728318629993,0.10000000149011612
169.471,1.0,9.697971891611814,0.10000000149011612
169.521,1.0,9.780508928207887,0.10000000149011612
169.571,1.0,9.917603738399016,0.10000000149011612
169.622,1.0,9.807781641744077,0.10000000149011612
169.672,1.0,9.725308495346043,0.10000000149011612
169.721,1.0,9.835253461553819,0.10000000149011612
169.772,1.0,9.807703763888114,0.10000000149011612
169.822,1.0,9.752687123562726,0.10000000149011612
169.871,1.0,9.807923740769427,0.10311110317707062
169.921,1.0,9.752845797687769,0.10000000149011612
169.971,1.0,9.835151950559682,0.10000000149011612
170.022,1.0,9.890322810639109,0.10000000149011612
170.072,1.0,9.89002968163954,0.10000000149011612
170.121,1.0,9.835280282050372,0.10000000149011612
170.172,1.0,9.807744786453744,0.10000000149011612
170.222,1.0,9.752710637077689,0.10000000149011612
170.271,1.0,9.780119095328782,0.10000000149011612
170.321,1.0,9.725706611615088,0.10000000149011612
170.371,1.0,9.862625638705989,0.10000000149011612
170.422,1.0,9.807772780292565,0.10000000149011612
170.471,1.0,9.807678378352689,0.10000000149011612
170.521,1.0,9.752814955347114,0.10000000149011612
170.571,1.0,9.670215615423189,0.10000000149011612
170.621,1.0,9.780283266802629,0.10000000149011612
170.672,1.0,9.917539523645408,0.10000000149011612
170.722,1.0,9.890080946663188,0.10000000149011612
170.771,1.0,9.91772648524493,0.10000000149011612
170.821,1.0,9.780418252779377,0.10000000149011612
170.871,1.0,9.697954005251328,0.10000000149011612
170.921,1.0,9.780482652659218,0.10000000149011612
170.971,1.0,9.725598717770643,0.10000000149011612
171.021,1.0,9.835146540072229,0.10000000149011612
171.071,1.0,9.917500000012417,0.10000000149011612
171.121,1.0,9.697770958207547,0.10000000149011612
171.171,1.0,9.725274601392448,0.10000000149011612
171.221,1.0,9.780322625094819,0.10000000149011612
171.271,1.0,9.642846964941256,0.10000000149011612
171.321,1.0,9.72536992041601,0.10000000149011612
171.371,1.0,9.807746295320491,0.10000000149011612
171.422,1.0,9.835277758911252,0.10000000149011612
171.471,1.0,9.83507750754555,0.10000000149011612
171.522,1.0,9.862729788323243,0.10000000149011612
171.571,1.0,9.835246971560021,0.10000000149011612
171.621,1.0,9.807700672042039,0.10000000149011612
171.671,1.0,9.862684807822935,0.10000000149011612
171.722,1.0,9.780531812955935,0.10000000149011612
171.771,1.0,9.917636618163023,0.10931534320116043
171.822,1.0,9.890165458516114,0.10000000149011612
171.872,1.0,9.835394402055277,0.10000000149011612
171.921,1.0,9.890009683887993,0.10000000149011612
171.971,1.0,9.780289883766738,0.10000000149011612
172.021,1.0,9.725448467582464,0.10000000149011612
172.071,1.0,9.83511295982947,0.10000000149011612
172.122,1.0,9.752847382985056,0.10000000149011612
172.172,1.0,9.78045105567823,0.10000000149011612
172.222,1.0,9.862572956043813,0.10000000149011612
172.271,1.0,9.698098519775602,0.10000000149011612
172.322,1.0,9.83515695662548,0.10000000149011612
172.371,1.0,9.753036781979931,0.10000000149011612
172.422,1.0,9.862543306955033,0.10000000149011612
172.472,1.0,9.80791624430567,0.10254596173763275
172.521,1.0,9.725428333257636,0.10000000149011612
172.571,1.0,9.72543752125154,0.10000000149011612
172.622,1.0,9.725588284515672,0.10000000149011612
172.671,1.0,9.780165278952982,0.10000000149011612
172.722,1.0,9.72513978615817,0.10000000149011612
172.771,1.0,9.64335856963363,0.10000000149011612
172.822,1.0,9.670541403587494,0.10000000149011612
172.872,1.0,9.780257053549091,0.10000000149011612
172.921,1.0,9.780349790925781,0.10000000149011612
172.972,1.0,9.807628371649319,0.10000000149011612
173.021,1.0,9.807682524497311,0.10000000149011612
173.072,1.0,9.890021229162812,0.10000000149011612
173.122,1.0,9.862598207386004,0.10000000149011612
173.171,1.0,9.725376869986455,0.10000000149011612
173.221,1.0,9.862694111859632,0.10000000149011612
173.272,1.0,9.807654850019349,0.10000000149011612
173.322,1.0,9.835167988265555,0.10000000149011612
173.372,1.0,9.86273453043153,0.10000000149011612
173.422,1.0,9.780275919826494,0.10000000149011612
173.472,1.0,9.862634114341603,0.10000000149011612
173.522,1.0,9.752702899525563,0.10000000149011612
173.572,1.0,9.752780152960783,0.10000000149011612
173.622,1.0,9.917605553319056,0.10000000149011612
173.672,1.0,9.807741731281082,0.10000000149011612
173.722,1.0,9.807819784080817,0.10000000149011612
173.771,1.0,9.807571922739347,0.10000000149011612
173.822,1.0,9.945077983062301,0.10000000149011612
173.872,1.0,9.80797286019143,0.10000000149011612
173.922,1.0,9.697630965171589,0.10000000149011612
173.972,1.0,9.80772152085685,0.10000000149011612
174.021,1.0,9.697782488870953,0.10000000149011612
174.072,1.0,9.752784248648418,0.10000000149011612
174.122,1.0,9.862689799629152,0.10000000149011612
174.172,1.0,9.917569250116745,0.10000000149011612
174.221,1.0,9.835143770732813,0.10000000149011612
174.271,1.0,9.890115380990837,0.10000000149011612
174.321,1.0,9.862714197093414,0.10000000149011612
174.372,1.0,9.725371579536134,0.10000000149011612
174.422,1.0,9.835180001064307,0.10000000149011612
174.472,1.0,9.752885913124516,0.10000000149011612
174.521,1.0,9.917626612385114,0.10000000149011612
174.571,1.0,9.725237698066566,0.10000000149011612
174.621,1.0,9.725156352441344,0.10000000149011612
174.671,1.0,9.890284405669405,0.10000000149011612
174.721,1.0,9.807565991683967,0.10000000149011612
174.772,1.0,9.89013353159858,0.10000000149011612
174.822,1.0,9.862654685601592,0.10000000149011612
174.872,1.0,9.78030134961009,0.10000000149011612
174.922,1.0,9.697593427635729,0.10000000149011612
174.972,1.0,9.862711751026412,0.10000000149011612
175.022,1.0,9.752811548424264,0.10000000149011612
175.072,1.0,9.56036041174084,0.10000000149011612
175.122,1.0,9.752826509604024,0.10000000149011612
175.172,1.0,9.862536952706675,0.10000000149011612
175.221,1.0,9.835307715688314,0.10000000149011612
175.272,1.0,9.835470767733124,0.10000000149011612
175.321,1.0,9.890211167890165,0.10000000149011612
175.371,1.0,9.780438211001456,0.10000000149011612
175.421,1.0,9.862564011787375,0.10000000149011612
175.471,1.0,9.89017870604164,0.10000000149011612
175.522,1.0,9.835139125440683,0.10000000149011612
175.572,1.0,9.698093805648387,0.10000000149011612
175.622,1.0,9.91765813773705,0.1049279272556305
175.671,1.0,9.69762527445952,0.10000000149011612
175.722,1.0,9.862871103609601,0.10000000149011612
175.772,1.0,9.69783999580476,0.10000000149011612
175.822,1.0,9.945138315132095,0.10000000149011612
175.872,1.0,9.917679461112453,0.10000000149011612
175.922,1.0,9.780246854883929,0.10000000149011612
175.971,1.0,9.807781236370404,0.10000000149011612
176.021,1.0,9.91767121621718,0.10000000149011612
176.072,1.0,9.752942979087432,0.10000000149011612
176.122,1.0,9.752787737465567,0.10000000149011612
176.171,1.0,9.890137022402552,0.10000000149011612
176.222,1.0,9.615502283867034,0.10000000149011612
176.271,1.0,9.862639507465065,0.10000000149011612
176.322,1.0,9.642794344988134,0.10000000149011612
176.371,1.0,9.862532443532514,0.10000000149011612
176.422,1.0,9.780117138454484,0.10000000149011612
176.472,1.0,9.862627805624571,0.10000000149011612
176.521,1.0,9.835030757863489,0.10000000149011612
176.571,1.0,9.642868744002449,0.10000000149011612
176.621,1.0,9.752891337229974,0.10000000149011612
176.671,1.0,9.862855485454201,0.10000000149011612
176.722,1.0,9.753047504358822,0.10000000149011612
176.771,1.0,9.697938346780008,0.10000000149011612
176.821,1.0,9.917523682262335,0.10000000149011612
176.872,1.0,9.835148696642783,0.10000000149011612
176.921,1.0,9.780361395825942,0.10000000149011612
176.972,1.0,9.917556612648898,0.10000000149011612
177.022,1.0,9.862697547674179,0.10000000149011612
177.071,1.0,9.752617181920343,0.10000000149011612
177.122,1.0,9.835333066826893,0.10000000149011612
177.172,1.0,9.917621653485629,0.10000000149011612
177.222,1.0,9.94509456060413,0.10000000149011612
177.271,1.0,9.725505049961308,0.10000000149011612
177.322,1.0,9.807626489198043,0.10000000149011612
177.372,1.0,9.862673263458742,0.10000000149011612
177.422,1.0,9.780307309267421,0.10000000149011612
177.472,1.0,9.72578744530264,0.10000000149011612
177.522,1.0,9.862669334022534,0.10000000149011612
177.571,1.0,9.725715600926844,0.10000000149011612
177.621,1.0,9.807581045188838,0.10000000149011612
177.671,1.0,9.78020510731472,0.10000000149011612
177.722,1.0,9.752770326141682,0.10000000149011612
177.772,1.0,9.75292796610544,0.10000000149011612
177.821,1.0,9.780396762262615,0.10000000149011612
177.872,1.0,9.835104011475211,0.10000000149011612
177.921,1.0,9.835431229447325,0.10000000149011612
177.971,1.0,9.890233723053502,0.10000000149011612
178.021,1.0,9.89006754592475,0.10000000149011612
178.071,1.0,9.862818592269388,0.10000000149011612
178.122,1.0,9.835059366333816,0.10000000149011612
178.171,1.0,9.835051506281728,0.10000000149011612
178.222,1.0,9.862699668792386,0.10000000149011612
178.272,1.0,9.890138061613673,0.10000000149011612
178.322,1.0,9.807812896267407,0.10000000149011612
178.371,1.0,9.86264212137709,0.10000000149011612
178.421,1.0,9.890113134661483,0.10000000149011612
178.471,1.0,9.78023732362522,0.10000000149011612
178.522,1.0,9.780165625508461,0.10000000149011612
178.572,1.0,9.862744032819238,0.10000000149011612
178.622,1.0,9.615365973611672,0.10000000149011612
178.671,1.0,9.890078038329051,0.10000000149011612
178.722,1.0,9.807748586436112,0.10000000149011612
178.772,1.0,9.72555172642072,0.10000000149011612
178.822,1.0,9.780176835072536,0.10000000149011612
178.871,1.0,9.725454045852853,0.10000000149011612
178.922,1.0,9.752590488373405,0.10000000149011612
178.971,1.0,9.780377547235952,0.10000000149011612
179.021,1.0,9.780120771274799,0.10000000149011612
179.072,1.0,9.807793749061723,0.10000000149011612
179.122,1.0,9.972524031437933,0.10865131765604019
179.172,1.0,9.807753176800906,0.10000000149011612
179.222,1.0,9.835162358275719,0.10000000149011612
179.272,1.0,9.780298547881346,0.10000000149011612
179.322,1.0,9.670695020361906,0.10000000149011612
179.372,1.0,9.835267000252173,0.10000000149011612
179.421,1.0,9.835299396121668,0.10000000149011612
179.472,1.0,9.780305018607113,0.10000000149011612
179.522,1.0,9.698303089290857,0.10000000149011612
179.572,1.0,9.807788967879283,0.10000000149011612
179.622,1.0,9.945128345427413,0.1023343876004219
179.671,1.0,9.78018930233601,0.10000000149011612
179.721,1.0,9.86268091764715,0.10000000149011612
179.772,1.0,9.807851324727137,0.10000000149011612
179.822,1.0,9.670692526590493,0.10000000149011612
179.871,1.0,9.807754640157023,0.10000000149011612
179.921,1.0,9.75273556659619,0.10000000149011612
179.972,1.0,9.752620309736166,0.10000000149011612
180.022,1.0,9.725381335367759,0.10000000149011612
180.072,1.0,9.862609150012334,0.10000000149011612
180.121,1.0,9.780232224365076,0.10000000149011612
180.171,1.0,9.64294610845132,0.10000000149011612
180.222,1.0,9.807764074164961,0.10000000149011612
180.272,1.0,9.917638042486375,0.10000000149011612
180.321,1.0,9.835100799322957,0.10000000149011612
180.372,1.0,9.807830722940464,0.10000000149011612
180.422,1.0,9.80757323861536,0.10000000149011612
180.472,1.0,9.862500000020695,0.10000000149011612
180.522,1.0,9.780190213604106,0.10000000149011612
180.572,1.0,9.862623561339246,0.10000000149011612
180.622,1.0,9.862739506922662,0.10000000149011612
180.672,1.0,9.807990424417786,0.10000000149011612
180.722,1.0,9.725281077271534,0.10000000149011612
180.772,1.0,9.890098744485941,0.10000000149011612
180.822,1.0,9.78011218537059,0.10000000149011612
180.872,1.0,9.697749182623294,0.10000000149011612
180.922,1.0,9.780150069151487,0.10000000149011612
180.972,1.0,9.89010751903471,0.10000000149011612
181.022,1.0,9.972569963046245,0.12518669664859772
181.072,1.0,9.752640266116295,0.10000000149011612
181.121,1.0,9.69773510708991,0.10000000149011612
181.172,1.0,9.807508265785874,0.10000000149011612
181.222,1.0,9.862796885106299,0.10000000149011612
181.272,1.0,9.752796776716908,0.10000000149011612
181.322,1.0,9.86268707724909,0.10000000149011612
181.371,1.0,9.807696817608344,0.10000000149011612
181.422,1.0,9.725458155034318,0.10000000149011612
181.472,1.0,9.917817005680668,0.1311476230621338
181.522,1.0,9.917532990583116,0.10000000149011612
181.572,1.0,9.780196797620091,0.10000000149011612
181.622,1.0,9.752906392970019,0.10000000149011612
181.672,1.0,9.753057151805196,0.10000000149011612
181.721,1.0,9.862596168327663,0.10000000149011612
181.771,1.0,9.890307623417014,0.10000000149011612
181.822,1.0,9.8900453698097,0.10000000149011612
181.871,1.0,9.862773576192557,0.11007864028215408
181.922,1.0,9.780044668250614,0.10000000149011612
181.971,1.0,9.725470404802925,0.10000000149011612
182.022,1.0,9.862500000020695,0.10000000149011612
182.072,1.0,9.917500000012417,0.10000000149011612
182.122,1.0,9.890172388032079,0.10000000149011612
182.171,1.0,9.862547331427534,0.10000000149011612
182.222,1.0,9.752543506398798,0.10000000149011612
182.272,1.0,9.642961560231116,0.10000000149011612
182.322,1.0,9.83524558517254,0.10000000149011612
182.372,1.0,9.725186270227034,0.10000000149011612
182.422,1.0,9.86271969669809,0.10000000149011612
182.471,1.0,9.752654727672537,0.10000000149011612
182.522,1.0,9.83533414637463,0.10000000149011612
182.572,1.0,9.862651726562117,0.10000000149011612
182.622,1.0,9.780367546176745,0.10000000149011612
182.671,1.0,9.890059567242862,0.10000000149011612
182.722,1.0,9.8627581005916,0.10000000149011612
182.772,1.0,9.807718876335356,0.10000000149011612
182.822,1.0,9.862809021253552,0.10000000149011612
182.872,1.0,9.835132329103848,0.10000000149011612
182.922,1.0,9.835168371328876,0.10000000149011612
182.971,1.0,9.80775272163252,0.10000000149011612
183.022,1.0,9.835394443468088,0.10000000149011612
183.071,1.0,9.780250009045833,0.10000000149011612
183.121,1.0,9.807791662216186,0.10000000149011612
183.172,1.0,9.890096745888393,0.10000000149011612
183.222,1.0,9.807586638815701,0.10000000149011612
183.271,1.0,9.835379595847593,0.10000000149011612
183.322,1.0,9.972500000004139,0.10000000149011612
183.372,1.0,9.780028873268101,0.10000000149011612
183.422,1.0,9.835032359841797,0.10000000149011612
183.471,1.0,9.862665672310525,0.10000000149011612
183.522,1.0,9.807765399395592,0.10000000149011612
183.571,1.0,9.72545636581878,0.10000000149011612
183.622,1.0,9.725459281479319,0.10000000149011612
183.672,1.0,9.780195153752963,0.10000000149011612
183.721,1.0,9.835176569947766,0.10000000149011612
183.772,1.0,9.917610384689437,0.10000000149011612
183.821,1.0,9.752827653413018,0.10000000149011612
183.872,1.0,9.780289606315394,0.10000000149011612
183.921,1.0,9.752821605776747,0.10000000149011612
183.972,1.0,9.697768385708333,0.10000000149011612
184.022,1.0,9.91755780770133,0.10000000149011612
184.072,1.0,9.83543127251582,0.10000000149011612
184.122,1.0,9.862639005378716,0.10000000149011612
184.172,1.0,9.835116288459135,0.10000000149011612
184.221,1.0,9.835119082861477,0.10000000149011612
184.272,1.0,9.835339967720211,0.10000000149011612
184.322,1.0,9.835112130331497,0.10000000149011612
184.372,1.0,9.725268800887797,0.10000000149011612
184.422,1.0,9.86258343073229,0.10000000149011612
184.472,1.0,9.8076576044783,0.10000000149011612
184.522,1.0,9.890152460150421,0.10000000149011612
184.572,1.0,9.780326231610443,0.10000000149011612
184.622,1.0,9.697819578544133,0.10000000149011612
184.672,1.0,9.835297046808734,0.10000000149011612
184.722,1.0,9.72533663049754,0.10000000149011612
184.772,1.0,9.83519551296615,0.10000000149011612
184.821,1.0,9.697836308802168,0.10000000149011612
184.872,1.0,9.83515466797269,0.10000000149011612
184.921,1.0,9.890078539670341,0.10000000149011612
184.971,1.0,9.80766122761286,0.10000000149011612
185.022,1.0,9.807658571108348,0.10000000149011612
185.071,1.0,9.807698066429131,0.10000000149011612
185.122,1.0,9.890000000016556,0.10000000149011612
185.171,1.0,9.807856678672962,0.10000000149011612
185.222,1.0,9.642960227177374,0.10000000149011612
185.272,1.0,9.725468688665165,0.10000000149011612
185.322,1.0,9.835214988763134,0.10000000149011612
185.372,1.0,9.807525394029087,0.10000000149011612
185.422,1.0,9.80781973697659,0.10000000149011612
185.471,1.0,9.807636457909313,0.10000000149011612
185.522,1.0,9.862545756395493,0.10000000149011612
185.572,1.0,9.615671658991939,0.10000000149011612
185.621,1.0,9.835130020996763,0.10000000149011612
185.671,1.0,9.835000000024836,0.10000000149011612
185.721,1.0,9.862690587941971,0.10000000149011612
185.772,1.0,9.91758720965849,0.10000000149011612
185.821,1.0,9.780263428017497,0.10000000149011612
185.872,1.0,9.725337952561677,0.10000000149011612
185.922,1.0,9.86267950437549,0.10000000149011612
185.971,1.0,9.807643092961776,0.10000000149011612
186.022,1.0,9.91757216606703,0.10000000149011612
186.072,1.0,9.780223062386115,0.10000000149011612
186.121,1.0,9.75267369457417,0.10000000149011612
186.171,1.0,9.917517032536368,0.10000000149011612
186.222,1.0,9.807673558696276,0.10000000149011612
186.271,1.0,9.807746683764789,0.10000000149011612
186.322,1.0,9.835332939773798,0.10000000149011612
186.372,1.0,9.80777101473262,0.10000000149011612
186.422,1.0,9.807693554812836,0.10000000149011612
186.472,1.0,9.642788119138116,0.10000000149011612
186.522,1.0,9.945114713431233,0.10000000149011612
186.571,1.0,9.835142111881739,0.10000000149011612
186.621,1.0,9.643152526372837,0.10000000149011612
186.672,1.0,9.862525642476976,0.10000000149011612
186.721,1.0,9.78031300507072,0.10000000149011612
186.771,1.0,9.890161686266461,0.10000000149011612
186.822,1.0,9.780245319815974,0.10000000149011612
186.871,1.0,9.780275269080366,0.10000000149011612
186.922,1.0,9.670269204469191,0.10000000149011612
186.971,1.0,9.862789068660803,0.10000000149011612
187.021,1.0,9.835264710833629,0.10000000149011612
187.072,1.0,9.780203946038252,0.10000000149011612
187.121,1.0,9.697974051183296,0.10000000149011612
187.171,1.0,9.780342314826946,0.10000000149011612
187.221,1.0,9.807797011194957,0.10000000149011612
187.271,1.0,9.80792420361605,0.10000000149011612
187.321,1.0,9.835232794926398,0.10000000149011612
187.371,1.0,9.807751702744927,0.10000000149011612
187.421,1.0,9.780172781666948,0.10000000149011612
187.471,1.0,9.807643986576133,0.10000000149011612
187.522,1.0,9.725227130494185,0.10000000149011612
187.572,1.0,9.780577705407309,0.10000000149011612
187.621,1.0,9.890055560279224,0.10000000149011612
187.671,1.0,9.72524664476514,0.10000000149011612
187.721,1.0,9.862839299978482,0.10000000149011612
187.771,1.0,9.643036932870746,0.10000000149011612
187.821,1.0,9.807891075333787,0.10000000149011612
187.871,1.0,9.752611315829887,0.10000000149011612
187.921,1.0,9.86274523726768,0.10000000149011612
187.971,1.0,9.807689056918026,0.10000000149011612
188.021,1.0,9.808126725359923,0.10000000149011612
188.071,1.0,9.807876655707757,0.10000000149011612
188.121,1.0,9.752746552746329,0.10000000149011612
188.171,1.0,9.697710786097579,0.10000000149011612
188.221,1.0,9.862753326300945,0.10000000149011612
188.271,1.0,9.835202613928251,0.10000000149011612
188.321,1.0,9.752690986440413,0.10000000149011612
188.371,1.0,9.753212540389763,0.10243912041187286
188.421,1.0,9.835235767749449,0.10000000149011612
188.471,1.0,9.64272360071126,0.10000000149011612
188.522,1.0,9.807574372883472,0.10000000149011612
188.571,1.0,9.83528360389173,0.10000000149011612
188.621,1.0,9.7252106561222,0.10000000149011612
188.672,1.0,9.917556676454842,0.10000000149011612
188.721,1.0,9.80768432215684,0.10000000149011612
188.771,1.0,9.890064058680501,0.10000000149011612
188.821,1.0,9.917500000012417,0.10000000149011612
188.871,1.0,9.890263360179961,0.10000000149011612
188.921,1.0,9.752842927662035,0.10000000149011612
188.971,1.0,9.752799495661424,0.10000000149011612
189.021,1.0,9.890075674259828,0.10000000149011612
189.071,1.0,9.780349248192376,0.10000000149011612
189.121,1.0,9.890120891792078,0.10000000149011612
189.171,1.0,9.587749822893077,0.10000000149011612
189.222,1.0,9.752929427184993,0.10000000149011612
189.271,1.0,9.807743358115355,0.10000000149011612
189.322,1.0,9.725295589057108,0.10000000149011612
189.371,1.0,9.780170680727396,0.10000000149011612
189.421,1.0,9.670601022574637,0.10000000149011612
189.471,1.0,9.917566610024208,0.10000000149011612
189.521,1.0,9.725412543511226,0.10000000149011612
189.571,1.0,9.917654630231361,0.10000000149011612
189.621,1.0,9.835142515889473,0.10000000149011612
189.671,1.0,9.7802401687329,0.10000000149011612
189.721,1.0,9.588025490877529,0.10000000149011612
189.771,1.0,9.862762699234818,0.10000000149011612
189.821,1.0,9.725429882709351,0.10000000149011612
189.871,1.0,9.698054343896608,0.10000000149011612
189.922,1.0,9.78052049121923,0.10000000149011612
189.971,1.0,9.780101949990623,0.10000000149011612
190.021,1.0,9.725315861196982,0.10000000149011612
190.071,1.0,9.780415536214909,0.10000000149011612
190.121,1.0,9.807739851892823,0.10000000149011612
190.171,1.0,9.83525250169138,0.10000000149011612
190.221,1.0,9.86273606500278,0.10000000149011612
190.271,1.0,9.862873374381,0.11646246165037155
190.321,1.0,9.780303201948604,0.10000000149011612
190.371,1.0,9.807884648504357,0.10000000149011612
190.421,1.0,9.780026782635186,0.10000000149011612
190.471,1.0,9.670339998685652,0.10000000149011612
190.521,1.0,9.835283162569006,0.10000000149011612
190.571,1.0,9.835090886801481,0.10000000149011612
190.621,1.0,9.83535902676069,0.10000000149011612
190.671,1.0,9.890036597827242,0.10000000149011612
190.721,1.0,9.80795494777461,0.10368239879608154
190.771,1.0,9.835031785112289,0.10000000149011612
190.821,1.0,9.917589189319147,0.10000000149011612
190.871,1.0,9.780395200889972,0.10000000149011612
190.921,1.0,9.752999798518916,0.10000000149011612
190.971,1.0,9.752839100857576,0.10000000149011612
191.021,1.0,9.862542872751753,0.10000000149011612
191.071,1.0,9.78044851269159,0.10000000149011612
191.121,1.0,9.670541298968924,0.10000000149011612
191.171,1.0,9.835176400509145,0.10000000149011612
191.221,1.0,9.780406679233742,0.10000000149011612
191.271,1.0,9.725448074667819,0.10000000149011612
191.321,1.0,9.835335908726686,0.10000000149011612
191.371,1.0,9.725430028244025,0.10000000149011612
191.421,1.0,9.75262761151211,0.10000000149011612
191.471,1.0,9.807763278794786,0.10000000149011612
191.521,1.0,9.862612407654524,0.10000000149011612
191.571,1.0,9.697968562257786,0.10000000149011612
191.621,1.0,9.725385157577694,0.10000000149011612
191.671,1.0,9.697763707012767,0.10000000149011612
191.721,1.0,9.807592915971245,0.10000000149011612
191.771,1.0,9.752760383755797,0.10000000149011612
191.821,1.0,9.917516857220066,0.10000000149011612
191.871,1.0,9.670423250748879,0.10000000149011612
191.921,1.0,9.72558117484053,0.10000000149011612
191.971,1.0,9.972568880166445,0.12479685992002487
192.021,1.0,9.75264816298667,0.10000000149011612
192.071,1.0,9.835257159070009,0.10000000149011612
192.121,1.0,9.835019962737958,0.10000000149011612
192.171,1.0,9.917571568157937,0.10000000149011612
192.221,1.0,9.752982804468937,0.10000000149011612
192.271,1.0,9.780172072620028,0.10000000149011612
192.321,1.0,9.890042827919954,0.10000000149011612
192.371,1.0,9.752661841735243,0.10000000149011612
192.421,1.0,9.780379620856708,0.10000000149011612
192.471,1.0,9.752821292210784,0.10000000149011612
192.521,1.0,9.725239838038881,0.10000000149011612
192.571,1.0,9.642946511920956,0.10000000149011612
192.621,1.0,9.917548141525023,0.10000000149011612
192.671,1.0,9.752667662170198,0.10000000149011612
192.721,1.0,9.780197914751868,0.10000000149011612
192.771,1.0,9.697770005671515,0.10000000149011612
192.821,1.0,9.862619741323094,0.10000000149011612
192.871,1.0,9.725291808570425,0.10000000149011612
192.921,1.0,9.670626323359707,0.10000000149011612
192.971,1.0,9.917543854688605,0.10000000149011612
193.021,1.0,9.835270759525399,0.10000000149011612
193.071,1.0,9.835191020183265,0.10000000149011612
193.121,1.0,9.807851065819461,0.10000000149011612
193.171,1.0,9.83513974779182,0.10000000149011612
193.221,1.0,9.890149062188963,0.10000000149011612
193.271,1.0,9.780279600496094,0.10000000149011612
193.321,1.0,9.807884789734251,0.10000000149011612
193.371,1.0,9.807942388351593,0.10000000149011612
193.421,1.0,9.752793542481959,0.10000000149011612
193.471,1.0,9.835134381614626,0.10000000149011612
193.521,1.0,9.890000000016556,0.10000000149011612
193.572,1.0,9.807592027096284,0.10000000149011612
193.622,1.0,9.670472678935361,0.10000000149011612
193.671,1.0,9.780067164409491,0.10000000149011612
193.721,1.0,9.862652996348011,0.10000000149011612
193.771,1.0,9.698124346033566,0.10000000149011612
193.821,1.0,9.83524732068181,0.10000000149011612
193.871,1.0,9.725265192882054,0.10000000149011612
193.921,1.0,9.890000000016556,0.10000000149011612
193.971,1.0,9.917566436177326,0.10000000149011612
194.021,1.0,9.807683305193981,0.10000000149011612
194.071,1.0,9.890370060275826,0.10000000149011612
194.121,1.0,9.862601067705286,0.10000000149011612
194.171,1.0,9.807600733865467,0.10000000149011612
194.221,1.0,9.697899664276177,0.10000000149011612
194.271,1.0,9.890177320771746,0.10000000149011612
194.321,1.0,9.780037909104593,0.10000000149011612
194.371,1.0,9.725313439137405,0.10000000149011612
194.421,1.0,9.78009502744923,0.10000000149011612
194.471,1.0,9.91778770647943,0.12608188390731812
194.522,1.0,9.752803812341558,0.10000000149011612
194.572,1.0,9.890010320643585,0.10000000149011612
194.621,1.0,9.807856668863032,0.10000000149011612
194.671,1.0,9.917691653159757,0.10000000149011612
194.721,1.0,9.807825477090146,0.10000000149011612
194.771,1.0,9.780223944327897,0.10000000149011612
194.821,1.0,9.780273694151806,0.10000000149011612
194.871,1.0,9.752668182551862,0.10000000149011612
194.921,1.0,9.890368548842767,0.10000000149011612
194.971,1.0,9.752599180965788,0.10000000149011612
195.021,1.0,9.807742070675724,0.10000000149011612
195.071,1.0,9.780279157869519,0.10000000149011612
195.121,1.0,9.752879633444051,0.10000000149011612
195.171,1.0,9.780151302719283,0.10000000149011612
195.221,1.0,9.890173922003143,0.10000000149011612
195.271,1.0,9.807778482946256,0.10000000149011612
195.321,1.0,9.890000000016556,0.10000000149011612
195.371,1.0,9.807793404886292,0.10000000149011612
195.422,1.0,9.835270911144713,0.10000000149011612
195.471,1.0,9.890082671969301,0.10000000149011612
195.521,1.0,9.917602938868933,0.10000000149011612
195.571,1.0,9.752993209722142,0.10000000149011612
195.621,1.0,9.697658605335487,0.10000000149011612
195.671,1.0,9.752560921923981,0.10000000149011612
195.723,1.0,9.80784156728122,0.10000000149011612
195.771,1.0,9.780128947024544,0.10000000149011612
195.821,1.0,9.697907175723877,0.10000000149011612
195.871,1.0,9.587991646221942,0.10000000149011612
195.922,1.0,9.835280743675927,0.10000000149011612
195.971,1.0,9.86263267406159,0.10000000149011612
196.021,1.0,9.862669505737722,0.10000000149011612
196.072,1.0,9.807691987334854,0.10000000149011612
196.122,1.0,9.835098718686236,0.10000000149011612
196.171,1.0,9.725341254079508,0.10000000149011612
196.221,1.0,9.835227213013503,0.10000000149011612
196.272,1.0,9.8625530546945,0.10000000149011612
196.322,1.0,9.945122133547233,0.10000000149011612
196.371,1.0,9.835263849277464,0.10000000149011612
196.422,1.0,9.752804962442154,0.10000000149011612
196.472,1.0,9.698099990830654,0.10000000149011612
196.522,1.0,9.80774112480382,0.10000000149011612
196.572,1.0,9.642812853575581,0.10000000149011612
196.621,1.0,9.697995967004035,0.10000000149011612
196.672,1.0,9.835071926377713,0.10000000149011612
196.722,1.0,9.97262589223683,0.14532120525836945
196.772,1.0,9.917641170053846,0.10735703259706497
196.822,1.0,9.807899130239255,0.10000000149011612
196.872,1.0,9.725061787623499,0.10000000149011612
196.922,1.0,9.752549260006182,0.10000000149011612
196.971,1.0,9.862752320638133,0.10000000149011612
197.022,1.0,9.835383307788934,0.10000000149011612
197.072,1.0,9.780353755793637,0.10000000149011612
197.121,1.0,9.807870041537615,0.10000000149011612
197.172,1.0,9.835225340434247,0.10000000149011612
197.222,1.0,9.807635031288697,0.10000000149011612
197.272,1.0,9.807684297259483,0.10000000149011612
197.321,1.0,9.83515637997124,0.10000000149011612
197.372,1.0,9.807879703802367,0.10000000149011612
197.421,1.0,9.807726311725046,0.10000000149011612
197.472,1.0,9.78033607037117,0.10000000149011612
197.522,1.0,9.835147463406125,0.10000000149011612
197.571,1.0,9.835231194500293,0.10000000149011612
197.621,1.0,9.917611900468668,0.10000000149011612
197.672,1.0,9.807624301376443,0.10000000149011612
197.721,1.0,9.890000000016556,0.10000000149011612
197.772,1.0,9.752603665387465,0.10000000149011612
197.822,1.0,9.835343404507471,0.10000000149011612
197.872,1.0,9.835138787287805,0.10000000149011612
197.922,1.0,9.752614727140301,0.10000000149011612
197.972,1.0,9.69781185603804,0.10000000149011612
198.021,1.0,9.835210765173866,0.10000000149011612
198.071,1.0,9.862694833882982,0.10000000149011612
198.122,1.0,9.752883492141134,0.10000000149011612
198.171,1.0,9.917523156727354,0.10000000149011612
198.222,1.0,9.753098669317033,0.10000000149011612
198.271,1.0,9.780447237835162,0.10000000149011612
198.322,1.0,9.835199909119142,0.10000000149011612
198.371,1.0,9.697780990559194,0.10000000149011612
198.422,1.0,9.780263538906972,0.10000000149011612
198.471,1.0,9.917543816856211,0.10000000149011612
198.522,1.0,9.835098515989053,0.10000000149011612
198.571,1.0,9.835155772148735,0.10000000149011612
198.622,1.0,9.890082147075898,0.10000000149011612
198.671,1.0,9.8351218448124,0.10000000149011612
198.722,1.0,9.807842190170454,0.10000000149011612
198.772,1.0,9.8625916791045,0.10000000149011612
198.822,1.0,9.945000000008278,0.10000000149011612
198.872,1.0,9.725203986610804,0.10000000149011612
198.922,1.0,9.835362447881037,0.10000000149011612
198.972,1.0,9.835502870401575,0.11707619577646255
199.022,1.0,9.807733631610043,0.10000000149011612
199.072,1.0,9.890198138273425,0.10000000149011612
199.121,1.0,9.86286041368213,0.10000000149011612
199.172,1.0,9.780157222888535,0.10000000149011612
199.222,1.0,9.807573361922469,0.10000000149011612
199.272,1.0,9.8900170063393,0.10000000149011612
199.322,1.0,9.890118897209565,0.10000000149011612
199.372,1.0,9.752762921920253,0.10000000149011612
199.421,1.0,9.917506754750178,0.10000000149011612
199.471,1.0,9.86296257349766,0.10000000149011612
199.522,1.0,9.78035630668617,0.10000000149011612
199.572,1.0,9.752674668137399,0.10000000149011612
199.621,1.0,9.807735831869973,0.10000000149011612
199.671,1.0,9.72515778876841,0.10000000149011612
199.721,1.0,9.78032807432529,0.10000000149011612
199.771,1.0,9.835207165922556,0.10000000149011612
199.822,1.0,9.643051554428206,0.10000000149011612
199.872,1.0,9.75301146246493,0.10000000149011612
199.922,1.0,9.78027273286134,0.10000000149011612
199.972,1.0,9.807745279764964,0.10000000149011612
200.022,1.0,9.917511228575474,0.10000000149011612
200.072,1.0,9.80753090305047,0.10000000149011612
200.122,1.0,9.835321374692851,0.10000000149011612
200.172,1.0,9.862611319662797,0.10000000149011612
200.222,1.0,9.780200410799848,0.10000000149011612
200.272,1.0,9.725280083074338,0.10000000149011612
200.321,1.0,9.917562559888594,0.10000000149011612
200.372,1.0,9.588120803050696,0.10000000149011612
200.421,1.0,9.780365984783405,0.10000000149011612
200.472,1.0,9.752743682968948,0.10000000149011612
200.522,1.0,9.780336401735743,0.10000000149011612
200.572,1.0,9.807721170762347,0.10000000149011612
200.621,1.0,9.725301543995737,0.10000000149011612
200.671,1.0,9.890049734483991,0.10000000149011612
200.722,1.0,9.780347048098015,0.10000000149011612
200.771,1.0,9.752827170905139,0.10000000149011612
200.822,1.0,9.807626495365467,0.10000000149011612
200.872,1.0,9.945057067688968,0.10000000149011612
200.922,1.0,9.75296382860591,0.10000000149011612
200.971,1.0,9.78026424880243,0.10000000149011612
201.022,1.0,9.807736990869873,0.10000000149011612
201.072,1.0,9.862807432520722,0.10000000149011612
201.122,1.0,9.835050762775872,0.10000000149011612
201.172,1.0,9.862637904969354,0.10000000149011612
201.222,1.0,9.890169492529498,0.10000000149011612
201.271,1.0,9.835148284128971,0.10000000149011612
201.322,1.0,9.752605785077645,0.10000000149011612
201.372,1.0,9.752879425821204,0.10000000149011612
201.422,1.0,9.725689675410589,0.10000000149011612
201.472,1.0,9.72542358175334,0.10000000149011612
201.521,1.0,9.807728968788352,0.10000000149011612
201.571,1.0,9.670653035015695,0.10000000149011612
201.622,1.0,9.61558461551451,0.10000000149011612
201.672,1.0,9.835017913662725,0.10000000149011612
201.722,1.0,9.862500000020695,0.10000000149011612
201.772,1.0,9.917602193396952,0.10000000149011612
201.822,1.0,9.725235116937094,0.10000000149011612
201.872,1.0,9.945113943496512,0.10000000149011612
201.922,1.0,9.89017489084767,0.10000000149011612
201.972,1.0,9.80784958286418,0.10000000149011612
202.022,1.0,9.807770815636548,0.10000000149011612
202.072,1.0,9.862500000020695,0.10000000149011612
202.122,1.0,9.807868564604885,0.10000000149011612
202.172,1.0,9.835248334457477,0.10000000149011612
202.222,1.0,9.835020602308214,0.10000000149011612
202.272,1.0,9.835283827098708,0.10000000149011612
202.322,1.0,9.835220321226451,0.10000000149011612
202.372,1.0,9.780222775931987,0.10000000149011612
202.422,1.0,9.780409856968456,0.10000000149011612
202.472,1.0,9.83531286575728,0.10000000149011612
202.522,1.0,9.780201500012643,0.10000000149011612
202.572,1.0,9.917635920126404,0.10000000149011612
202.622,1.0,9.890379099692735,0.1128983274102211
202.672,1.0,9.670459286226995,0.10000000149011612
202.722,1.0,9.862572599285178,0.10000000149011612
202.772,1.0,9.807524964420331,0.10000000149011612
202.822,1.0,9.725409650926789,0.10000000149011612
202.871,1.0,9.807551675538223,0.10000000149011612
202.921,1.0,9.670158781587249,0.10000000149011612
202.971,1.0,9.752741991459496,0.10000000149011612
203.022,1.0,9.862625533673498,0.10000000149011612
203.072,1.0,9.835253700531192,0.10000000149011612
203.122,1.0,9.890024877422386,0.10000000149011612
203.171,1.0,9.835060656236278,0.10000000149011612
203.221,1.0,9.752576885413792,0.10000000149011612
203.272,1.0,9.890324993245304,0.10000000149011612
203.322,1.0,9.725400031771924,0.10000000149011612
203.372,1.0,9.972552200655143,0.11879223585128784
203.421,1.0,9.835087859527105,0.10000000149011612
203.471,1.0,9.862636729702354,0.10000000149011612
203.522,1.0,9.86259570473598,0.10000000149011612
203.572,1.0,9.835350761603978,0.10000000149011612
203.622,1.0,9.75295545398775,0.10000000149011612
203.673,1.0,9.752581656041245,0.10000000149011612
203.722,1.0,9.670542294014659,0.10000000149011612
203.772,1.0,9.697660150854952,0.10000000149011612
203.821,1.0,9.835266360164516,0.10000000149011612
203.871,1.0,9.697880754640533,0.10000000149011612
203.921,1.0,9.725095186672277,0.10000000149011612
203.972,1.0,9.835179296529127,0.10000000149011612
204.022,1.0,9.72517470775379,0.10000000149011612
204.072,1.0,9.780251145135198,0.10000000149011612
204.122,1.0,9.807514931385716,0.10000000149011612
204.172,1.0,9.94509463933193,0.10000000149011612
204.221,1.0,9.83517075466613,0.10000000149011612
204.272,1.0,9.807758930242723,0.10000000149011612
204.322,1.0,9.89002097921653,0.10000000149011612
204.372,1.0,9.890000000016556,0.10000000149011612
204.422,1.0,9.83508817559729,0.10000000149011612
204.472,1.0,9.752876226231455,0.10000000149011612
204.521,1.0,9.697918436841832,0.10000000149011612
204.572,1.0,9.725424020985763,0.10000000149011612
204.622,1.0,9.835041385909749,0.10000000149011612
204.672,1.0,9.80778499411212,0.10000000149011612
204.722,1.0,9.835261968481872,0.10000000149011612
204.772,1.0,9.862500000020695,0.10000000149011612
204.821,1.0,9.86287376338409,0.10000000149011612
204.872,1.0,9.835206924834186,0.10000000149011612
204.922,1.0,9.725253374688327,0.10000000149011612
204.972,1.0,9.917709983636936,0.1018974632024765
205.022,1.0,9.862659182378815,0.10000000149011612
205.072,1.0,9.862708172740208,0.10000000149011612
205.122,1.0,9.752824529219005,0.10000000149011612
205.172,1.0,9.862762060844236,0.10000000149011612
205.222,1.0,9.862827541203135,0.10000000149011612
205.271,1.0,9.698245031158958,0.10000000149011612
205.322,1.0,9.780284936767485,0.10000000149011612
205.371,1.0,9.862625131093793,0.10000000149011612
205.422,1.0,9.890114653358857,0.10000000149011612
205.472,1.0,9.75254505806499,0.10000000149011612
205.522,1.0,9.807972214867672,0.10390998423099518
205.571,1.0,9.862661937562129,0.10000000149011612
205.622,1.0,9.835220787053307,0.10000000149011612
205.671,1.0,9.780212212395337,0.10000000149011612
205.721,1.0,9.80762725993991,0.10000000149011612
205.772,1.0,9.835331930033863,0.10000000149011612
205.822,1.0,9.697855911259023,0.10000000149011612
205.872,1.0,9.807571156385045,0.10000000149011612
205.921,1.0,9.752694450029068,0.10000000149011612
205.972,1.0,9.807865046130287,0.10000000149011612
206.021,1.0,9.780191390920017,0.10000000149011612
206.071,1.0,9.86269928312136,0.10000000149011612
206.122,1.0,9.862745883812506,0.10000000149011612
206.171,1.0,9.752863933435744,0.10000000149011612
206.222,1.0,9.725246649773585,0.10000000149011612
206.272,1.0,9.917625307912628,0.10000000149011612
206.322,1.0,9.780201784045332,0.10000000149011612
206.371,1.0,9.752742870959143,0.10000000149011612
206.422,1.0,9.752923941757116,0.10000000149011612
206.472,1.0,9.890247971129915,0.10000000149011612
206.522,1.0,9.862813534504838,0.10000000149011612
206.571,1.0,9.917714847934743,0.10000000149011612
206.622,1.0,9.752874076138768,0.10000000149011612
206.671,1.0,9.725081327640348,0.10000000149011612
206.722,1.0,9.780284128006961,0.10000000149011612
206.772,1.0,9.642691750017304,0.10000000149011612
206.822,1.0,9.862867094638448,0.10000000149011612
206.871,1.0,9.697686306697626,0.10000000149011612
206.921,1.0,9.862608118748499,0.10000000149011612
206.972,1.0,9.807817800239556,0.10000000149011612
207.021,1.0,9.835092830450998,0.10000000149011612
207.071,1.0,9.808033057633374,0.10000000149011612
207.122,1.0,9.642890536391901,0.10000000149011612
207.172,1.0,9.780128148570657,0.10000000149011612
207.221,1.0,9.862766788072056,0.10000000149011612
207.272,1.0,9.698221982332567,0.10000000149011612
207.322,1.0,9.80780187557555,0.10000000149011612
207.372,1.0,9.808078292115695,0.11204349249601364
207.422,1.0,9.64314733437366,0.10000000149011612
207.472,1.0,9.835231569740507,0.10000000149011612
207.522,1.0,9.752761638454265,0.10000000149011612
207.572,1.0,9.69790087133232,0.10000000149011612
207.622,1.0,9.725490423892108,0.10000000149011612
207.672,1.0,9.862649621255695,0.10000000149011612
207.722,1.0,9.807680328190326,0.10000000149011612
207.772,1.0,9.807596854203277,0.10000000149011612
207.822,1.0,9.752857539430261,0.10000000149011612
207.872,1.0,9.862574939678113,0.10000000149011612
207.922,1.0,9.752717924304307,0.10000000149011612
207.972,1.0,9.945000000008278,0.10000000149011612
208.021,1.0,9.835109465921091,0.10000000149011612
208.072,1.0,9.862708983611729,0.10000000149011612
208.122,1.0,9.862759499417411,0.10000000149011612
208.172,1.0,9.835124449100759,0.10000000149011612
208.222,1.0,9.780478296553095,0.10000000149011612
208.272,1.0,9.780186163406405,0.10000000149011612
208.322,1.0,9.780399420236547,0.10000000149011612
208.371,1.0,9.807876209024753,0.10000000149011612
208.422,1.0,9.807933115400374,0.10000000149011612
208.472,1.0,9.807689754085409,0.10000000149011612
208.522,1.0,9.752904379905926,0.10000000149011612
208.572,1.0,9.862590144760906,0.10000000149011612
208.621,1.0,9.780498414424558,0.10000000149011612
208.672,1.0,9.917500000012417,0.10000000149011612
208.722,1.0,9.835492746138739,0.10000000149011612
208.772,1.0,9.670255572721363,0.10000000149011612
208.822,1.0,9.752812244722413,0.10000000149011612
208.872,1.0,9.752924834440153,0.10000000149011612
208.921,1.0,9.890093377004895,0.10000000149011612
208.972,1.0,9.780478994155096,0.10000000149011612
209.022,1.0,9.69790381886479,0.10000000149011612
209.072,1.0,9.752861419278714,0.10000000149011612
209.121,1.0,9.862738340037565,0.10000000149011612
209.172,1.0,9.890062886124683,0.10000000149011612
209.221,1.0,9.752563890938957,0.10000000149011612
209.272,1.0,9.862600896424718,0.10000000149011612
209.321,1.0,9.917738534779184,0.11029592901468277
209.372,1.0,9.697902940172288,0.10000000149011612
209.422,1.0,9.698094651537637,0.10000000149011612
209.471,1.0,9.862851879393888,0.10000000149011612
209.522,1.0,9.725587426353659,0.10000000149011612
209.572,1.0,9.780135346680051,0.10000000149011612
209.621,1.0,9.807601024458807,0.10000000149011612
209.672,1.0,9.780582990062733,0.1110728308558464
209.722,1.0,9.86272692711403,0.10000000149011612
209.772,1.0,9.780527564759057,0.10000000149011612
209.821,1.0,9.807799489630593,0.10000000149011612
209.872,1.0,9.78014366303881,0.10000000149011612
209.922,1.0,9.807869101315736,0.10000000149011612
209.972,1.0,9.725296393864685,0.10000000149011612
210.021,1.0,9.752851440447072,0.10000000149011612
210.072,1.0,9.945057724271383,0.10000000149011612
210.122,1.0,9.862500000020695,0.10000000149011612
210.171,1.0,9.86262902410494,0.10000000149011612
210.222,1.0,9.862793384554486,0.10000000149011612
210.272,1.0,9.890130258289476,0.10000000149011612
210.321,1.0,9.78035334770878,0.10000000149011612
210.372,1.0,9.670452181249857,0.10000000149011612
210.422,1.0,9.835121221198804,0.10000000149011612
210.471,1.0,9.780368279003435,0.10000000149011612
210.521,1.0,9.78016899952458,0.10000000149011612
210.572,1.0,9.807562236984571,0.10000000149011612
210.622,1.0,9.807629465166894,0.10000000149011612
210.671,1.0,9.945063958751659,0.10000000149011612
210.722,1.0,9.780215153470635,0.10000000149011612
210.771,1.0,9.835459864056773,0.10722862929105759
210.821,1.0,9.890099200440778,0.10000000149011612
210.871,1.0,9.752867543200653,0.10000000149011612
210.921,1.0,9.780287828544775,0.10000000149011612
210.972,1.0,9.835000000024836,0.10000000149011612
211.021,1.0,9.807574623367852,0.10000000149011612
211.071,1.0,9.725233412492607,0.10000000149011612
211.121,1.0,9.725351686506636,0.10000000149011612
211.171,1.0,9.670262400516206,0.10000000149011612
211.221,1.0,9.807628039808737,0.10000000149011612
211.271,1.0,9.835289384466078,0.10000000149011612
211.321,1.0,9.8628841539224,0.10753433406352997
211.371,1.0,9.780287041411631,0.10000000149011612
211.422,1.0,9.917623820528387,0.10000000149011612
211.472,1.0,9.890162165669931,0.10000000149011612
211.522,1.0,9.67033303860161,0.10000000149011612
211.571,1.0,9.64306779017465,0.10000000149011612
211.621,1.0,9.80789336707029,0.10000000149011612
211.672,1.0,9.78035599750777,0.10000000149011612
211.721,1.0,9.588012366410759,0.10000000149011612
211.772,1.0,9.780000000033114,0.10000000149011612
211.822,1.0,9.890174690985845,0.10000000149011612
211.872,1.0,9.862727835588156,0.10000000149011612
211.922,1.0,9.80786037457486,0.10000000149011612
211.972,1.0,9.7530806126073,0.10000000149011612
212.022,1.0,9.80788457966927,0.10000000149011612
212.072,1.0,9.835218287404214,0.10000000149011612
212.122,1.0,9.725254981654386,0.10000000149011612
212.172,1.0,9.780312674699559,0.10000000149011612
212.222,1.0,9.780267174790303,0.10000000149011612
212.272,1.0,9.835442269821133,0.10000000149011612
212.322,1.0,9.642858023631076,0.10000000149011612
212.372,1.0,9.807966394184364,0.10000000149011612
212.422,1.0,9.862622031900617,0.10000000149011612
212.472,1.0,9.752808399622639,0.10000000149011612
212.522,1.0,9.972611419980725,0.14011119306087494
212.572,1.0,9.862608560547233,0.10000000149011612
212.621,1.0,9.862624238948856,0.10000000149011612
212.672,1.0,9.917572327827413,0.10000000149011612
212.722,1.0,9.945099687183069,0.1130085214972496
212.772,1.0,9.72506880528397,0.10000000149011612
212.822,1.0,9.670316873118281,0.10000000149011612
212.871,1.0,9.807692503411737,0.10000000149011612
212.921,1.0,9.697804571853744,0.10000000149011612
212.972,1.0,9.670468003613253,0.10000000149011612
213.022,1.0,9.862608865917556,0.10000000149011612
213.071,1.0,9.780291397559147,0.10000000149011612
213.122,1.0,9.807706380387147,0.10000000149011612
213.171,1.0,9.615355760417879,0.10000000149011612
213.222,1.0,9.80764812282804,0.10000000149011612
213.271,1.0,9.780099774503874,0.10000000149011612
213.321,1.0,9.86256428948707,0.10000000149011612
213.372,1.0,9.780136762455934,0.10000000149011612
213.422,1.0,9.807774581842953,0.10000000149011612
213.471,1.0,9.752992041305536,0.10000000149011612
213.521,1.0,9.780152605846524,0.10000000149011612
213.571,1.0,9.75275170047664,0.10000000149011612
213.621,1.0,9.752785632573069,0.10000000149011612
213.671,1.0,9.835424672543175,0.10195459425449371
213.722,1.0,9.862598084492816,0.10000000149011612
213.772,1.0,9.725469939679735,0.10000000149011612
213.822,1.0,9.642729471375544,0.10000000149011612
213.872,1.0,9.725370172700949,0.10000000149011612
213.922,1.0,9.780154798221258,0.10000000149011612
213.972,1.0,9.862812733815776,0.10307372361421585
214.022,1.0,9.890012913197278,0.10000000149011612
214.072,1.0,9.725488141986231,0.10000000149011612
214.122,1.0,9.780470402249032,0.10000000149011612
214.172,1.0,9.83518949635327,0.10000000149011612
214.222,1.0,9.752840441237721,0.10000000149011612
214.272,1.0,9.890161600729657,0.10000000149011612
214.322,1.0,9.752825369810065,0.10000000149011612
214.372,1.0,9.752822329497171,0.10000000149011612
214.421,1.0,9.835044356456233,0.10000000149011612
214.472,1.0,9.862648520266845,0.10000000149011612
214.522,1.0,9.890103154857126,0.10000000149011612
214.572,1.0,9.945000000008278,0.10000000149011612
214.621,1.0,9.725280507115855,0.10000000149011612
214.671,1.0,9.807711467229657,0.10000000149011612
214.721,1.0,9.725411363194386,0.10000000149011612
214.771,1.0,9.807994257286191,0.10000000149011612
214.822,1.0,9.780288711273007,0.10000000149011612
214.872,1.0,9.780420175339612,0.10000000149011612
214.921,1.0,9.7801178721918,0.10000000149011612
214.971,1.0,9.862627609653606,0.10000000149011612
215.022,1.0,9.725355251919892,0.10000000149011612
215.072,1.0,9.752682861954801,0.10000000149011612
215.122,1.0,9.780414137782323,0.10000000149011612
215.172,1.0,9.780396442881061,0.10000000149011612
215.221,1.0,9.67073472144289,0.10000000149011612
215.272,1.0,9.835193854363428,0.10000000149011612
215.322,1.0,9.642868340118891,0.10000000149011612
215.371,1.0,9.807706641157468,0.10000000149011612
215.421,1.0,9.890206027403474,0.1095501184463501
215.472,1.0,9.862520996770925,0.10000000149011612
215.522,1.0,9.725131672641469,0.10000000149011612
215.572,1.0,9.835319001620842,0.10000000149011612
215.622,1.0,9.83520695861015,0.10000000149011612
215.672,1.0,9.890226118245886,0.10000000149011612
215.721,1.0,9.972514132286111,0.10508762300014496
215.771,1.0,9.697994503937661,0.10000000149011612
215.822,1.0,9.862555709543328,0.10000000149011612
215.872,1.0,9.890090996171866,0.10000000149011612
215.922,1.0,9.780480008489556,0.10000000149011612
215.971,1.0,9.725284449445704,0.10000000149011612
216.022,1.0,9.807771255489852,0.10000000149011612
216.072,1.0,9.8351042398769,0.10000000149011612
216.121,1.0,9.752937268755502,0.10000000149011612
216.172,1.0,9.752754458992017,0.10000000149011612
216.221,1.0,9.725295194569561,0.10000000149011612
216.271,1.0,9.862791579920385,0.10000000149011612
216.322,1.0,9.725388188763626,0.10000000149011612
216.372,1.0,9.752807862497866,0.10000000149011612
216.421,1.0,9.807691841199993,0.10000000149011612
216.472,1.0,9.80778876747936,0.10000000149011612
216.522,1.0,9.780312177331911,0.10000000149011612
216.572,1.0,9.78026921496623,0.10000000149011612
216.622,1.0,9.862731848263905,0.10000000149011612
216.672,1.0,9.835104498846663,0.10000000149011612
216.722,1.0,9.780468023589087,0.10000000149011612
216.772,1.0,9.752933835465875,0.10000000149011612
216.822,1.0,9.80766630358994,0.10000000149011612
216.872,1.0,9.917570305822624,0.10000000149011612
216.922,1.0,9.917732291565173,0.10000000149011612
216.971,1.0,9.917618696308798,0.10000000149011612
217.022,1.0,9.862658007960352,0.10000000149011612
217.071,1.0,9.780264562616745,0.10000000149011612
217.121,1.0,9.89021900350021,0.10000000149011612
217.172,1.0,9.780217850601508,0.10000000149011612
217.221,1.0,9.72541327252984,0.10000000149011612
217.272,1.0,9.945000000008278,0.10000000149011612
217.321,1.0,9.917692220066156,0.10000000149011612
217.372,1.0,9.862711600876517,0.10000000149011612
217.421,1.0,9.780482139417694,0.10000000149011612
217.472,1.0,9.780335642997589,0.10000000149011612
217.521,1.0,9.807864422061376,0.10000000149011612
217.572,1.0,9.890045701650282,0.10000000149011612
217.622,1.0,9.835294983370437,0.10000000149011612
217.671,1.0,9.725462934747338,0.10000000149011612
217.721,1.0,9.7255292236598,0.10000000149011612
217.771,1.0,9.86264889774223,0.10000000149011612
217.822,1.0,9.862766998509565,0.10000000149011612
217.872,1.0,9.752718621119858,0.10000000149011612
217.921,1.0,9.835069751636022,0.10000000149011612
217.972,1.0,9.642818902308742,0.10000000149011612
218.022,1.0,9.83506605192605,0.10000000149011612
218.072,1.0,9.862522571658095,0.10000000149011612
218.122,1.0,9.835211568905248,0.10000000149011612
218.171,1.0,9.61563346605334,0.10000000149011612
218.222,1.0,9.807846779376268,0.10000000149011612
218.272,1.0,9.725417120796111,0.10000000149011612
218.322,1.0,9.725566404706074,0.10000000149011612
218.371,1.0,9.7252957192767,0.10000000149011612
218.422,1.0,9.807755671793387,0.10000000149011612
218.472,1.0,9.807832174210084,0.10000000149011612
218.522,1.0,9.725459550569456,0.10000000149011612
218.572,1.0,9.945000000008278,0.10000000149011612
218.622,1.0,9.917730736711787,0.10000000149011612
218.671,1.0,9.725282762592865,0.10000000149011612
218.722,1.0,9.780373870333035,0.10000000149011612
218.772,1.0,9.890211854854392,0.10000000149011612
218.822,1.0,9.862692460914452,0.10000000149011612
218.871,1.0,9.64282348787205,0.10000000149011612
218.922,1.0,9.780350475696226,0.10000000149011612
218.972,1.0,9.780430989815956,0.10000000149011612
219.021,1.0,9.890240738830633,0.10000000149011612
219.072,1.0,9.807576466248268,0.10000000149011612
219.122,1.0,9.698055349518027,0.10000000149011612
219.171,1.0,9.697730999895269,0.10000000149011612
219.222,1.0,9.945137051058312,0.10000000149011612
219.272,1.0,9.890000000016556,0.10000000149011612
219.321,1.0,9.75268068379826,0.10000000149011612
219.371,1.0,9.780542507664197,0.10000000149011612
219.422,1.0,9.780425055118071,0.10000000149011612
219.472,1.0,9.725200278167096,0.10000000149011612
219.522,1.0,9.83504554455479,0.10000000149011612
219.572,1.0,9.80774715733197,0.10000000149011612
219.622,1.0,9.862869541926516,0.10000000149011612
219.672,1.0,9.725571982376277,0.10000000149011612
219.722,1.0,9.86277286445515,0.10000000149011612
219.771,1.0,9.835157259015574,0.10000000149011612
219.822,1.0,9.862709697315262,0.10000000149011612
219.872,1.0,9.807742048386071,0.10000000149011612
219.922,1.0,9.862630699036849,0.10000000149011612
219.972,1.0,9.725304074771703,0.10000000149011612
220.022,1.0,9.78028333582398,0.10000000149011612
220.072,1.0,9.83510589075999,0.10000000149011612
220.122,1.0,9.917571210799117,0.10000000149011612
220.172,1.0,9.835216203870045,0.10000000149011612
220.222,1.0,9.780198135268357,0.10000000149011612
220.272,1.0,9.807812664782007,0.10000000149011612
220.322,1.0,9.890048719590737,0.10000000149011612
220.372,1.0,9.78033363889489,0.10000000149011612
220.422,1.0,9.890260151049329,0.10000000149011612
220.471,1.0,9.890186785389151,0.10000000149011612
220.522,1.0,9.697673122502035,0.10000000149011612
220.572,1.0,9.890046219527722,0.10000000149011612
220.622,1.0,9.725535078222553,0.10000000149011612
220.672,1.0,9.835044542886317,0.10000000149011612
220.722,1.0,9.890044411892692,0.10000000149011612
220.772,1.0,9.807760038247539,0.10000000149011612
220.822,1.0,9.725201878655287,0.10000000149011612
220.871,1.0,9.890284553335773,0.10000000149011612
220.922,1.0,9.780131384937299,0.10000000149011612
220.971,1.0,9.780097878786425,0.10000000149011612
221.021,1.0,9.91753049267249,0.10000000149011612
221.071,1.0,9.835245935515397,0.10000000149011612
221.122,1.0,9.835117579148047,0.10000000149011612
221.172,1.0,9.862685740594234,0.10000000149011612
221.222,1.0,9.78041260337664,0.10000000149011612
221.272,1.0,9.752900385215051,0.10000000149011612
221.322,1.0,9.725349110592571,0.10000000149011612
221.372,1.0,9.807953415542013,0.10000000149011612
221.422,1.0,9.780150729479889,0.10000000149011612
221.472,1.0,9.780445211711857,0.10000000149011612
221.522,1.0,9.780322741220395,0.10000000149011612
221.571,1.0,9.670553671879073,0.10000000149011612
221.622,1.0,9.807737933575279,0.10000000149011612
221.672,1.0,9.75306951250467,0.10000000149011612
221.722,1.0,9.890113082031409,0.10000000149011612
221.772,1.0,9.64273240789771,0.10000000149011612
221.821,1.0,9.780295494778288,0.10000000149011612
221.872,1.0,9.78033334515575,0.10000000149011612
221.922,1.0,9.835116653516888,0.10000000149011612
221.972,1.0,9.780248519447115,0.10000000149011612
222.022,1.0,9.862529006538292,0.10000000149011612
222.072,1.0,9.835237994127803,0.10000000149011612
222.122,1.0,9.862778753269877,0.10000000149011612
222.171,1.0,9.917500000012417,0.10000000149011612
222.222,1.0,9.835285021592345,0.10000000149011612
222.271,1.0,9.890174714165429,0.10000000149011612
222.321,1.0,9.945118578875231,0.10000000149011612
222.371,1.0,9.752895295247436,0.10000000149011612
222.422,1.0,9.780166377354828,0.10000000149011612
222.471,1.0,9.752949342110918,0.10000000149011612
222.521,1.0,9.78030097198983,0.10000000149011612
222.572,1.0,9.8076139808322,0.10000000149011612
222.621,1.0,9.78042511176318,0.10000000149011612
222.671,1.0,9.725136688206758,0.10000000149011612
222.721,1.0,9.752932163348628,0.10000000149011612
222.771,1.0,9.75278556322058,0.10000000149011612
222.822,1.0,9.890067070536315,0.10000000149011612
222.872,1.0,9.780256259379287,0.10000000149011612
222.921,1.0,9.862692005911635,0.10000000149011612
222.972,1.0,9.752713763713837,0.10000000149011612
223.022,1.0,9.752679059757954,0.10000000149011612
223.072,1.0,9.862631276891463,0.10000000149011612
223.121,1.0,9.780209514498711,0.10000000149011612
223.171,1.0,9.808040103399092,0.10000000149011612
223.222,1.0,9.862720175770422,0.10000000149011612
223.271,1.0,9.862687423349255,0.10000000149011612
223.322,1.0,9.780377655517723,0.10000000149011612
223.371,1.0,9.780259669944645,0.10000000149011612
223.421,1.0,9.807882295548916,0.10000000149011612
223.471,1.0,9.94501549164868,0.10000000149011612
223.522,1.0,9.753021728888982,0.10000000149011612
223.571,1.0,9.807832655331326,0.10000000149011612
223.622,1.0,9.807527095182902,0.10000000149011612
223.672,1.0,9.86259973914259,0.10000000149011612
223.721,1.0,9.862659767187305,0.10000000149011612
223.772,1.0,10.0,10.0
223.821,1.0,9.780132656772103,0.10000000149011612
223.872,1.0,9.75285226561957,0.10000000149011612
223.922,1.0,9.725185658058358,0.10000000149011612
223.972,1.0,9.890221481356356,0.10000000149011612
224.022,1.0,9.780190131130318,0.10000000149011612
224.071,1.0,9.807789932191373,0.10000000149011612
224.122,1.0,9.835132318134937,0.10000000149011612
224.171,1.0,9.807743822141655,0.10000000149011612
224.221,1.0,9.890376788853771,0.10855432599782944
224.272,1.0,9.752813099635144,0.10000000149011612
224.321,1.0,9.945103452685807,0.10730567574501038
224.371,1.0,9.75291789919138,0.10000000149011612
224.421,1.0,9.835195402449203,0.10000000149011612
224.471,1.0,9.752973786306878,0.10000000149011612
224.522,1.0,9.75286668278277,0.10000000149011612
224.572,1.0,9.697783050913777,0.10000000149011612
224.622,1.0,9.835206596180797,0.10000000149011612
224.671,1.0,9.698011150459449,0.10000000149011612
224.721,1.0,9.752723874876068,0.10000000149011612
224.771,1.0,9.615601534375713,0.10000000149011612
224.821,1.0,9.780471357454855,0.10000000149011612
224.872,1.0,9.752829294155042,0.10000000149011612
224.921,1.0,9.86273512436698,0.10000000149011612
224.971,1.0,9.862508955908318,0.10000000149011612
225.022,1.0,9.890062567301923,0.10000000149011612
225.071,1.0,9.725486888612311,0.10000000149011612
225.122,1.0,9.80755795021024,0.10000000149011612
225.172,1.0,9.643316493473119,0.10000000149011612
225.221,1.0,9.752886907114751,0.10000000149011612
225.272,1.0,9.835147456410859,0.10000000149011612
225.321,1.0,9.780048205144704,0.10000000149011612
225.371,1.0,9.725285782230397,0.10000000149011612
225.421,1.0,9.945111222089166,0.10000000149011612
225.472,1.0,9.86280165289839,0.10000000149011612
225.521,1.0,9.83516704796089,0.10000000149011612
225.572,1.0,9.890000000016556,0.10000000149011612
225.622,1.0,9.835179039794538,0.10000000149011612
225.671,1.0,9.780252706859674,0.10000000149011612
225.722,1.0,9.725468560949796,0.10000000149011612
225.772,1.0,9.807867600892981,0.10000000149011612
225.822,1.0,9.72523239687499,0.10000000149011612
225.871,1.0,9.752986567508843,0.10000000149011612
225.922,1.0,9.835421200200088,0.10000000149011612
225.972,1.0,9.835489390397237,0.10000000149011612
226.022,1.0,9.752509114953378,0.10000000149011612
226.072,1.0,9.862500000020695,0.10000000149011612
226.122,1.0,9.80770486317989,0.10000000149011612
226.171,1.0,9.780623460147115,0.11199655383825302
226.222,1.0,9.780241554375324,0.10000000149011612
226.272,1.0,9.752936212035516,0.10000000149011612
226.321,1.0,9.697882387642231,0.10000000149011612
226.372,1.0,9.945027845580544,0.10000000149011612
226.421,1.0,9.890187752784954,0.10000000149011612
226.471,1.0,9.670458224208819,0.10000000149011612
226.521,1.0,9.780445795961553,0.10000000149011612
226.571,1.0,9.752778142028385,0.10000000149011612
226.622,1.0,9.80777600651814,0.10000000149011612
226.672,1.0,9.890083848415978,0.10000000149011612
226.722,1.0,9.752808866856826,0.10000000149011612
226.771,1.0,9.670259336423543,0.10000000149011612
226.822,1.0,9.807678165886966,0.10000000149011612
226.872,1.0,9.780186072012617,0.10000000149011612
226.921,1.0,9.835073788443374,0.10000000149011612
226.971,1.0,9.80750740878284,0.10000000149011612
227.022,1.0,9.862635292754405,0.10000000149011612
227.072,1.0,9.78015864301059,0.10000000149011612
227.121,1.0,9.835155429297851,0.10000000149011612
227.172,1.0,9.725330582695703,0.10000000149011612
227.221,1.0,9.807845408572918,0.10000000149011612
227.271,1.0,9.780422895567284,0.10000000149011612
227.322,1.0,9.80776513957729,0.10000000149011612
227.372,1.0,9.807750325029096,0.10000000149011612
227.421,1.0,9.6978745283352,0.10000000149011612
227.471,1.0,9.78022907730192,0.10000000149011612
227.521,1.0,9.670463810674846,0.10000000149011612
227.571,1.0,9.8627582701337,0.10000000149011612
227.622,1.0,9.945067419484257,0.10000000149011612
227.672,1.0,9.752938592951331,0.10000000149011612
227.721,1.0,9.86270735019611,0.10000000149011612
227.772,1.0,9.86274636965245,0.10091055929660797
227.821,1.0,9.862592333224084,0.10000000149011612
227.871,1.0,9.72557985627403,0.10000000149011612
227.922,1.0,9.86272088771479,0.10000000149011612
227.972,1.0,9.670363171584905,0.10000000149011612
228.022,1.0,9.862525769923296,0.10000000149011612
228.072,1.0,9.752842195187178,0.10000000149011612
228.121,1.0,9.890000000016556,0.10000000149011612
228.172,1.0,9.835269945301116,0.10000000149011612
228.222,1.0,9.697700460482803,0.10000000149011612
228.272,1.0,9.752870092416803,0.10000000149011612
228.322,1.0,9.643083905863266,0.10000000149011612
228.372,1.0,9.835329036994112,0.10000000149011612
228.422,1.0,9.698120161352886,0.10000000149011612
228.472,1.0,9.890072893206444,0.10000000149011612
228.522,1.0,9.64311584300465,0.10000000149011612
228.571,1.0,9.697821528174812,0.10000000149011612
228.621,1.0,9.807698647739986,0.10000000149011612
228.672,1.0,9.780179440581964,0.10000000149011612
228.722,1.0,9.752787354091803,0.10000000149011612
228.772,1.0,9.643170267571177,0.10000000149011612
228.822,1.0,9.917530329359902,0.10000000149011612
228.872,1.0,9.835266175369421,0.10000000149011612
228.921,1.0,9.725218791969949,0.10000000149011612
228.971,1.0,9.862629994791416,0.10000000149011612
229.021,1.0,9.83519798150907,0.10000000149011612
229.072,1.0,9.67047435047312,0.10000000149011612
229.121,1.0,9.890221670952936,0.10000000149011612
229.172,1.0,9.725298080096643,0.10000000149011612
229.222,1.0,9.78028088590751,0.10000000149011612
229.272,1.0,9.807699093139833,0.10000000149011612
229.321,1.0,9.862615670926042,0.10000000149011612
229.371,1.0,9.753085432656937,0.10000000149011612
229.422,1.0,9.890000000016556,0.10000000149011612
229.471,1.0,9.835169694282943,0.10000000149011612
229.522,1.0,9.89023752955513,0.10000000149011612
229.572,1.0,9.80782714455078,0.10000000149011612
229.622,1.0,9.72526441121267,0.10000000149011612
229.672,1.0,9.862606315935652,0.10000000149011612
229.722,1.0,9.807674479939871,0.10000000149011612
229.771,1.0,9.835243948942257,0.10000000149011612
229.822,1.0,9.917571431936489,0.10000000149011612
229.872,1.0,9.83534461506125,0.10000000149011612
229.922,1.0,9.917727925690512,0.10000000149011612
229.971,1.0,9.807810297711855,0.10000000149011612
230.021,1.0,9.78040642614166,0.10000000149011612
230.072,1.0,9.6978293766785,0.10000000149011612
230.122,1.0,9.835100968409744,0.10000000149011612
230.172,1.0,9.780243806271917,0.10000000149011612
230.222,1.0,9.945160951341192,0.12747862935066223
230.271,1.0,9.752657989495331,0.10000000149011612
230.322,1.0,9.752757127210497,0.10000000149011612
230.371,1.0,9.752842581375605,0.10000000149011612
230.422,1.0,9.807870617508888,0.10000000149011612
230.471,1.0,9.697816286753449,0.10000000149011612
230.522,1.0,9.890064688896139,0.10000000149011612
230.571,1.0,9.862500000020695,0.10000000149011612
230.621,1.0,9.697702959345447,0.10000000149011612
230.672,1.0,9.80767035163525,0.10000000149011612
230.721,1.0,9.862531642284658,0.10000000149011612
230.771,1.0,9.725220978736049,0.10000000149011612
230.822,1.0,9.780436609354284,0.10000000149011612
230.871,1.0,9.752911489850117,0.10000000149011612
230.922,1.0,9.807961181116601,0.10000000149011612
230.972,1.0,9.807722063507471,0.10000000149011612
231.021,1.0,9.752795287490718,0.10000000149011612
231.072,1.0,9.890192542432082,0.10000000149011612
231.122,1.0,9.752559395217233,0.10000000149011612
231.171,1.0,9.835012457188633,0.10000000149011612
231.222,1.0,9.780237272464566,0.10000000149011612
231.271,1.0,9.643013733708196,0.10000000149011612
231.322,1.0,9.670365851186215,0.10000000149011612
231.372,1.0,9.780034039583471,0.10000000149011612
231.421,1.0,9.862506170136234,0.10000000149011612
231.471,1.0,9.807788949956496,0.10000000149011612
231.521,1.0,9.670432249911958,0.10000000149011612
231.572,1.0,9.972500000004139,0.10000000149011612
231.622,1.0,9.725255200970505,0.10000000149011612
231.672,1.0,9.835391441194547,0.10000000149011612
231.721,1.0,9.835269590529302,0.10000000149011612
231.772,1.0,9.780064390351376,0.10000000149011612
231.822,1.0,9.807871197391716,0.10000000149011612
231.871,1.0,9.862743940349255,0.10000000149011612
231.921,1.0,9.808075468262864,0.11144057661294937
231.971,1.0,9.835131219464044,0.10000000149011612
232.022,1.0,9.725260802358388,0.10000000149011612
232.071,1.0,9.807773971185089,0.10000000149011612
232.121,1.0,9.752828091879685,0.10000000149011612
232.172,1.0,9.862619307844176,0.10000000149011612
232.222,1.0,9.780261151057978,0.10000000149011612
232.271,1.0,9.807696293418607,0.10000000149011612
232.321,1.0,9.807817228055663,0.10000000149011612
232.371,1.0,9.807812789455056,0.10000000149011612
232.421,1.0,9.890243035927416,0.10000000149011612
232.472,1.0,9.862846269396444,0.10000000149011612
232.522,1.0,9.780381426463524,0.10000000149011612
232.572,1.0,9.91756727507131,0.10000000149011612
232.622,1.0,9.890097758856912,0.10000000149011612
232.671,1.0,9.835098327220313,0.10000000149011612
232.722,1.0,9.86279789250758,0.10000000149011612
232.772,1.0,9.807676660766203,0.10000000149011612
232.822,1.0,9.807660907879471,0.10000000149011612
232.871,1.0,9.862500000020695,0.10000000149011612
232.921,1.0,9.835291978158057,0.10000000149011612
232.971,1.0,9.780249085960289,0.10000000149011612
233.021,1.0,9.890318868950837,0.10000000149011612
233.071,1.0,9.780141448829736,0.10000000149011612
233.121,1.0,9.862611561951537,0.10000000149011612
233.171,1.0,9.780223513663643,0.10000000149011612
233.222,1.0,9.890034880282151,0.10000000149011612
233.271,1.0,9.835066891109777,0.10000000149011612
233.321,1.0,9.862550423149433,0.10000000149011612
233.371,1.0,9.862698427111738,0.10000000149011612
233.422,1.0,9.780233715267645,0.10000000149011612
233.471,1.0,9.78037341479212,0.10000000149011612
233.522,1.0,9.862715911534098,0.10000000149011612
233.571,1.0,9.697980352842974,0.10000000149011612
233.621,1.0,9.89013457784636,0.10000000149011612
233.672,1.0,9.835117795214884,0.10000000149011612
233.721,1.0,9.725474185289608,0.10000000149011612
233.772,1.0,9.725424652422468,0.10000000149011612
233.821,1.0,9.91763096232381,0.10297183692455292
233.872,1.0,9.835018817707896,0.10000000149011612
233.921,1.0,9.752964391186833,0.10000000149011612
233.971,1.0,9.862566813060807,0.10000000149011612
234.021,1.0,9.91750489162902,0.10000000149011612
234.071,1.0,9.780468862669336,0.10000000149011612
234.122,1.0,9.725351385730836,0.10000000149011612
234.172,1.0,9.807860572387774,0.10000000149011612
234.221,1.0,9.780434041056369,0.10000000149011612
234.272,1.0,9.80786980845862,0.10000000149011612
234.321,1.0,9.86256140027609,0.10000000149011612
234.372,1.0,9.670204308835997,0.10000000149011612
234.421,1.0,9.862785140549143,0.10000000149011612
234.472,1.0,9.807669569883082,0.10000000149011612
234.522,1.0,9.697788328491152,0.10000000149011612
234.571,1.0,9.89010761562321,0.10000000149011612
234.622,1.0,9.835090578037004,0.10000000149011612
234.672,1.0,9.72520332388166,0.10000000149011612
234.722,1.0,9.835315420954592,0.10000000149011612
234.771,1.0,9.780259711688592,0.10000000149011612
234.822,1.0,9.780075955535803,0.10000000149011612
234.871,1.0,9.91760223329895,0.10000000149011612
234.922,1.0,9.780371598071522,0.10000000149011612
234.971,1.0,9.753016789857712,0.10000000149011612
235.021,1.0,9.835172170276444,0.10000000149011612
235.071,1.0,9.780519431891541,0.10000000149011612
235.122,1.0,9.75293790269643,0.10000000149011612
235.172,1.0,9.752973674837914,0.10000000149011612
235.222,1.0,9.835178983501262,0.10000000149011612
235.271,1.0,9.752847445963157,0.10000000149011612
235.322,1.0,9.835134698926575,0.10000000149011612
235.371,1.0,9.890099069683089,0.10000000149011612
235.421,1.0,9.835262500556807,0.10000000149011612
235.472,1.0,9.80762328033646,0.10000000149011612
235.522,1.0,9.835261082297398,0.10000000149011612
235.571,1.0,9.89029494014879,0.10000000149011612
235.621,1.0,9.86260792720649,0.10000000149011612
235.672,1.0,9.725398152176705,0.10000000149011612
235.722,1.0,9.807606116040713,0.10000000149011612
235.772,1.0,9.780271951026387,0.10000000149011612
235.821,1.0,9.807882764521572,0.10000000149011612
235.871,1.0,9.752760704172154,0.10000000149011612
235.921,1.0,9.780254888120625,0.10000000149011612
235.972,1.0,9.917627869525717,0.10000000149011612
236.022,1.0,9.807855664731727,0.10000000149011612
236.071,1.0,9.670505672610469,0.10000000149011612
236.121,1.0,9.862630288882388,0.10000000149011612
236.172,1.0,9.862757749607166,0.10000000149011612
236.221,1.0,9.91758145617528,0.10000000149011612
236.271,1.0,9.83535589635786,0.10000000149011612
236.322,1.0,9.75268468817489,0.10000000149011612
236.371,1.0,9.75287802937544,0.10000000149011612
236.421,1.0,9.807621550104685,0.10000000149011612
236.472,1.0,9.917500000012417,0.10000000149011612
236.522,1.0,9.86263556399693,0.10000000149011612
236.571,1.0,9.807827079130544,0.10000000149011612
236.622,1.0,9.862806338485743,0.10000000149011612
236.671,1.0,9.835086298092373,0.10000000149011612
236.722,1.0,9.862631817451781,0.10000000149011612
236.771,1.0,9.917500000012417,0.10000000149011612
236.821,1.0,9.835173458978534,0.10000000149011612
236.871,1.0,9.670457811115517,0.10000000149011612
236.922,1.0,9.807758512679074,0.10000000149011612
236.972,1.0,9.807591036665771,0.10000000149011612
237.021,1.0,9.862916208555301,0.10000000149011612
237.072,1.0,9.835173382651474,0.10000000149011612
237.121,1.0,9.752810384333134,0.10000000149011612
237.172,1.0,9.752626806973582,0.10000000149011612
237.222,1.0,9.807722064935499,0.10000000149011612
237.272,1.0,9.917532711703744,0.10000000149011612
237.322,1.0,9.890140405566328,0.10000000149011612
237.371,1.0,9.862736050060226,0.10000000149011612
237.422,1.0,9.890254227568706,0.10000000149011612
237.472,1.0,9.80756929365711,0.10000000149011612
237.521,1.0,9.752759578679171,0.10000000149011612
237.573,1.0,9.890205860469077,0.10000000149011612
237.622,1.0,9.835138304635054,0.10000000149011612
237.671,1.0,9.643145219091739,0.10000000149011612
237.721,1.0,9.69803754399634,0.10000000149011612
237.772,1.0,9.890107766042153,0.10000000149011612
237.822,1.0,9.862578482843107,0.10000000149011612
237.872,1.0,9.835206135776307,0.10000000149011612
237.922,1.0,9.83528206433273,0.10000000149011612
237.971,1.0,9.862619760259985,0.10000000149011612
238.022,1.0,9.780285736049215,0.10000000149011612
238.072,1.0,9.890078807456625,0.10000000149011612
238.121,1.0,9.862622644069294,0.10000000149011612
238.172,1.0,9.807705268532866,0.10000000149011612
238.222,1.0,9.753166959745188,0.10000000149011612
238.271,1.0,9.835157551264597,0.10000000149011612
238.322,1.0,9.972603309485647,0.13719141483306885
238.371,1.0,9.807748017170363,0.10000000149011612
238.421,1.0,9.835302563508352,0.10000000149011612
238.471,1.0,9.752770781206587,0.10000000149011612
238.522,1.0,9.780119990288384,0.10000000149011612
238.571,1.0,9.835246818905903,0.10000000149011612
238.622,1.0,9.670628835654092,0.10000000149011612
238.673,1.0,9.780300044765076,0.10000000149011612
238.722,1.0,9.807795908778077,0.10000000149011612
238.771,1.0,9.945000000008278,0.10000000149011612
238.822,1.0,9.670331201909317,0.10000000149011612
238.872,1.0,9.862624431091051,0.10000000149011612
238.922,1.0,9.890260538769265,0.10000000149011612
238.971,1.0,9.862685909453365,0.10000000149011612
239.022,1.0,9.780321352411475,0.10000000149011612
239.071,1.0,9.80779731762078,0.10000000149011612
239.122,1.0,9.698056612267262,0.10000000149011612
239.171,1.0,9.835000000024836,0.10000000149011612
239.221,1.0,9.807671827015778,0.10000000149011612
239.272,1.0,9.697733996415304,0.10000000149011612
239.321,1.0,9.807620062968796,0.10000000149011612
239.372,1.0,9.89013397037569,0.10000000149011612
239.422,1.0,9.725223882703318,0.10000000149011612
239.472,1.0,9.807865183158881,0.10000000149011612
239.522,1.0,9.917657001150978,0.10000000149011612
239.571,1.0,9.780211583028237,0.10000000149011612
239.621,1.0,9.89009673508505,0.10000000149011612
239.671,1.0,9.807929712409775,0.10000000149011612
239.721,1.0,9.862506460936533,0.10000000149011612
239.772,1.0,9.725136086593071,0.10000000149011612
239.821,1.0,9.862694106023344,0.10000000149011612
239.871,1.0,9.75279263175196,0.10000000149011612
239.922,1.0,9.91765177866651,0.10000000149011612
239.972,1.0,9.780038708593283,0.10000000149011612
240.021,1.0,9.862500326583783,0.10000000149011612
240.072,1.0,9.835159442615177,0.10000000149011612
240.122,1.0,9.807849386148154,0.10000000149011612
240.172,1.0,9.862831111459268,0.10000000149011612
240.222,1.0,9.780239069254861,0.10000000149011612
240.272,1.0,9.890123814861807,0.10000000149011612
240.322,1.0,9.752750030449695,0.10000000149011612
240.372,1.0,9.835122141262723,0.10000000149011612
240.422,1.0,9.78032451617635,0.10000000149011612
240.472,1.0,9.753206423152651,0.10000000149011612
240.522,1.0,9.835142534515924,0.10000000149011612
240.571,1.0,9.725490069761872,0.10000000149011612
240.622,1.0,9.917500000012417,0.10000000149011612
240.672,1.0,9.7528686137663,0.10000000149011612
240.722,1.0,9.835019738020168,0.10000000149011612
240.771,1.0,9.780156811264654,0.10000000149011612
240.822,1.0,9.560643573374383,0.10000000149011612
240.871,1.0,9.835334602805476,0.10000000149011612
240.921,1.0,9.752538079747723,0.10000000149011612
240.972,1.0,9.698225553892552,0.10000000149011612
241.022,1.0,9.862682927275698,0.10000000149011612
241.071,1.0,9.890007931532132,0.10000000149011612
241.121,1.0,9.835273745904367,0.10000000149011612
241.171,1.0,9.807759800843067,0.10000000149011612
241.222,1.0,9.725364715481797,0.10000000149011612
241.271,1.0,9.752814388068186,0.10000000149011612
241.322,1.0,9.752785714012052,0.10000000149011612
241.371,1.0,9.890105831271244,0.10000000149011612
241.422,1.0,9.862810715329315,0.10000000149011612
241.471,1.0,9.807641077000234,0.10000000149011612
241.522,1.0,9.91761198790951,0.10141124576330185
241.572,1.0,9.807755088723368,0.10000000149011612
241.622,1.0,9.725624112308854,0.10000000149011612
241.672,1.0,9.890077970984082,0.10000000149011612
241.722,1.0,9.588223393427,0.10000000149011612
241.772,1.0,9.862700306003292,0.10000000149011612
241.821,1.0,9.945071809614698,0.11219365149736404
241.871,1.0,9.725554238859978,0.10000000149011612
241.922,1.0,9.587881957656807,0.10000000149011612
241.972,1.0,9.862738813873793,0.10000000149011612
242.021,1.0,9.835256852271657,0.10000000149011612
242.072,1.0,9.725338010055323,0.10000000149011612
242.121,1.0,9.890233635033171,0.10000000149011612
242.171,1.0,9.8628219101578,0.10000000149011612
242.222,1.0,9.807697890036636,0.10000000149011612
242.271,1.0,9.86268825698644,0.10000000149011612
242.322,1.0,9.835301438698338,0.10000000149011612
242.372,1.0,9.862729911340608,0.10000000149011612
242.422,1.0,9.83523735853119,0.10000000149011612
242.472,1.0,9.642698133798937,0.10000000149011612
242.522,1.0,9.862507531026171,0.10000000149011612
242.571,1.0,9.807722326699231,0.10000000149011612
242.622,1.0,9.780308220100899,0.10000000149011612
242.671,1.0,9.862626819147003,0.10000000149011612
242.721,1.0,9.780621920691596,0.10000000149011612
242.771,1.0,9.807646929224331,0.10000000149011612
242.822,1.0,9.8627552009912,0.10000000149011612
242.872,1.0,9.917516755354074,0.10000000149011612
242.921,1.0,9.642586997151374,0.10000000149011612
242.972,1.0,9.86272866429968,0.10000000149011612
243.022,1.0,9.945115298591555,0.10000000149011612
243.072,1.0,9.780425965661804,0.10000000149011612
243.121,1.0,9.890386827083098,0.11035829782485962
243.171,1.0,9.835155440659987,0.10000000149011612
243.222,1.0,9.835211408966117,0.10000000149011612
243.272,1.0,9.752813277848892,0.10000000149011612
243.321,1.0,9.670413643183808,0.10000000149011612
243.372,1.0,9.807759686269694,0.10000000149011612
243.422,1.0,9.890044570610755,0.10000000149011612
243.472,1.0,9.80788463074714,0.10000000149011612
243.522,1.0,9.780242524979014,0.10000000149011612
243.572,1.0,9.697603299013442,0.10000000149011612
243.622,1.0,9.670573811853926,0.10000000149011612
243.672,1.0,9.835343001058533,0.10000000149011612
243.721,1.0,9.83539884098702,0.10000000149011612
243.771,1.0,9.89001013301313,0.10000000149011612
243.821,1.0,9.835222521714039,0.10000000149011612
243.871,1.0,9.972580390547712,0.12894059717655182
243.921,1.0,9.862929329627917,0.10000000149011612
243.971,1.0,9.86264868873275,0.10000000149011612
244.022,1.0,9.752707925583753,0.10000000149011612
244.071,1.0,9.862500000020695,0.10000000149011612
244.122,1.0,9.752605669759214,0.10000000149011612
244.172,1.0,9.917500000012417,0.10000000149011612
244.222,1.0,9.72509536596222,0.10000000149011612
244.271,1.0,9.862673778418038,0.10000000149011612
244.322,1.0,9.752637812950544,0.10000000149011612
244.372,1.0,9.94509513322264,0.10000000149011612
244.422,1.0,9.807740381773975,0.10000000149011612
244.472,1.0,9.780292105364303,0.10000000149011612
244.521,1.0,9.835000000024836,0.10000000149011612
244.571,1.0,9.835098685882986,0.10000000149011612
244.621,1.0,9.615567926565806,0.10000000149011612
244.672,1.0,9.72536378606326,0.10000000149011612
244.721,1.0,9.780291301570832,0.10000000149011612
244.771,1.0,9.835127925251921,0.10000000149011612
244.822,1.0,9.75279495295965,0.10000000149011612
244.872,1.0,9.862970268540085,0.10982102900743484
244.922,1.0,9.835316766819192,0.10000000149011612
244.971,1.0,9.643039764505293,0.10000000149011612
245.022,1.0,9.835022001692819,0.10000000149011612
245.072,1.0,9.78035159746392,0.10000000149011612
245.122,1.0,9.835191420010394,0.10000000149011612
245.172,1.0,9.615530243350399,0.10000000149011612
245.222,1.0,9.780001548243066,0.10000000149011612
245.272,1.0,9.780155211645695,0.10000000149011612
245.322,1.0,9.725356573570107,0.10000000149011612
245.372,1.0,9.560407228767872,0.10000000149011612
245.421,1.0,9.807605572210418,0.10000000149011612
245.472,1.0,9.862944855644471,0.10000000149011612
245.522,1.0,9.807676521461044,0.10000000149011612
245.571,1.0,9.780273093469441,0.10000000149011612
245.621,1.0,9.643142035872572,0.10000000149011612
245.671,1.0,9.835380835086108,0.10000000149011612
245.722,1.0,9.862528446647856,0.10000000149011612
245.772,1.0,9.780147450396584,0.10000000149011612
245.821,1.0,9.807751029233138,0.10000000149011612
245.872,1.0,9.835228812342717,0.10000000149011612
245.922,1.0,9.835127133793302,0.10000000149011612
245.972,1.0,9.725446269164483,0.10000000149011612
246.022,1.0,9.807584184118443,0.10000000149011612
246.072,1.0,9.807711431301302,0.10000000149011612
246.122,1.0,9.725381932738754,0.10000000149011612
246.172,1.0,9.917674022105833,0.10000000149011612
246.221,1.0,9.725449063214992,0.10000000149011612
246.272,1.0,9.697773247460525,0.10000000149011612
246.321,1.0,9.752685306055678,0.10000000149011612
246.372,1.0,9.53287883311924,0.10000000149011612
246.422,1.0,9.807810873082943,0.10000000149011612
246.472,1.0,9.75266572671632,0.10000000149011612
246.521,1.0,9.752659596482085,0.10000000149011612
246.572,1.0,9.835111666367286,0.10000000149011612
246.621,1.0,9.533120017043418,0.10000000149011612
246.671,1.0,9.835182287419835,0.10000000149011612
246.721,1.0,9.862706805041267,0.10000000149011612
246.771,1.0,9.725380715438062,0.10000000149011612
246.821,1.0,9.670317498801483,0.10000000149011612
246.872,1.0,9.780273141256638,0.10000000149011612
246.922,1.0,9.780046641350621,0.10000000149011612
246.972,1.0,9.835072252878712,0.10000000149011612
247.021,1.0,9.835112622400953,0.10000000149011612
247.071,1.0,9.890114751644433,0.10000000149011612
247.121,1.0,9.835130977961752,0.10000000149011612
247.172,1.0,9.862758098066681,0.10000000149011612
247.222,1.0,9.862556825081507,0.10000000149011612
247.272,1.0,9.945014045615164,0.10064617544412613
247.322,1.0,9.835260044141776,0.10000000149011612
247.371,1.0,9.917810640939408,0.12605468928813934
247.421,1.0,9.697593984483845,0.10000000149011612
247.472,1.0,9.752818361835347,0.10000000149011612
247.522,1.0,9.807739759029614,0.10000000149011612
247.572,1.0,9.80770967364725,0.10000000149011612
247.622,1.0,9.917562825853626,0.10000000149011612
247.672,1.0,9.780311446905964,0.10000000149011612
247.721,1.0,9.643097725220853,0.10000000149011612
247.772,1.0,9.835324436550339,0.10000000149011612
247.821,1.0,9.862659723725583,0.10000000149011612
247.871,1.0,9.752828836068511,0.10000000149011612
247.922,1.0,9.807850548273159,0.10000000149011612
247.971,1.0,9.697660585410064,0.10000000149011612
248.022,1.0,9.670339032138388,0.10000000149011612
248.072,1.0,9.780304558078448,0.10000000149011612
248.122,1.0,9.807844979274604,0.10000000149011612
248.171,1.0,9.725317366317743,0.10000000149011612
248.221,1.0,9.862595676051246,0.10000000149011612
248.271,1.0,9.862820138244166,0.10000000149011612
248.321,1.0,9.75306679635412,0.10000000149011612
248.372,1.0,9.725280788044135,0.10000000149011612
248.422,1.0,9.670777894390953,0.10000000149011612
248.471,1.0,10.0,10.0
248.521,1.0,9.835093392266167,0.10000000149011612
248.572,1.0,9.752747408528295,0.10000000149011612
248.621,1.0,9.72512530936963,0.10000000149011612
248.671,1.0,9.862701927332415,0.10000000149011612
248.722,1.0,9.780264501397808,0.10000000149011612
248.772,1.0,9.807757644313906,0.10000000149011612
248.822,1.0,9.83502048049122,0.10000000149011612
248.872,1.0,9.835186599877973,0.10000000149011612
248.922,1.0,9.697776140210529,0.10000000149011612
248.972,1.0,9.752879942705233,0.10000000149011612
249.022,1.0,9.807859154562983,0.10000000149011612
249.071,1.0,9.862638393706746,0.10000000149011612
249.121,1.0,9.8629249357101,0.10000000149011612
249.172,1.0,9.807878155902856,0.10000000149011612
249.222,1.0,9.725210592233472,0.10000000149011612
249.272,1.0,9.835301068073345,0.10000000149011612
249.321,1.0,9.890129866885642,0.10000000149011612
249.371,1.0,9.890141112212506,0.10000000149011612
249.421,1.0,9.725558049873346,0.10000000149011612
249.471,1.0,9.862890320830047,0.1066979318857193
249.521,1.0,9.807669479668968,0.10000000149011612
249.572,1.0,9.725317027440502,0.10000000149011612
249.622,1.0,9.835236690772904,0.10000000149011612
249.672,1.0,9.752744342966212,0.10000000149011612
249.721,1.0,9.752800936955545,0.10000000149011612
249.771,1.0,9.890069323447015,0.10000000149011612
249.821,1.0,9.862737755022115,0.10000000149011612
249.872,1.0,9.780299735752244,0.10000000149011612
249.922,1.0,9.862817463361555,0.10000000149011612
249.971,1.0,9.862692600198917,0.10000000149011612
250.022,1.0,9.752898216785656,0.10000000149011612
250.072,1.0,9.890177567489445,0.10000000149011612
250.122,1.0,9.642939862174293,0.10000000149011612
250.172,1.0,9.7527097892844,0.10000000149011612
250.222,1.0,9.835164846169452,0.10000000149011612
250.271,1.0,9.91754456921998,0.10000000149011612
250.321,1.0,9.890124109201134,0.10000000149011612
250.371,1.0,9.807642930187285,0.10000000149011612
250.422,1.0,9.75268340224607,0.10000000149011612
250.471,1.0,9.780058268706004,0.10000000149011612
250.522,1.0,9.753038083203137,0.10000000149011612
250.572,1.0,9.862696169813473,0.10000000149011612
250.622,1.0,9.697860231519574,0.10000000149011612
250.671,1.0,9.917500000012417,0.10000000149011612
250.721,1.0,9.780222720507947,0.10000000149011612
250.772,1.0,9.780400206831594,0.10000000149011612
250.822,1.0,9.86263531351255,0.10000000149011612
250.871,1.0,9.917624992049403,0.10000000149011612
250.922,1.0,9.780445350768666,0.10000000149011612
250.972,1.0,9.862579207743208,0.10000000149011612
251.022,1.0,9.807922441119121,0.10000000149011612
251.072,1.0,9.670430126682751,0.10000000149011612
251.122,1.0,9.835109983757139,0.10000000149011612
251.171,1.0,9.835215079701609,0.10000000149011612
251.222,1.0,9.753080896764166,0.10000000149011612
251.271,1.0,9.7253763826357,0.10000000149011612
251.321,1.0,9.780085213958388,0.10000000149011612
251.371,1.0,9.807793940334685,0.10000000149011612
251.421,1.0,9.835389717709687,0.10000000149011612
251.472,1.0,9.862500000020695,0.10000000149011612
251.521,1.0,9.835177778121498,0.10000000149011612
251.572,1.0,9.725557106816106,0.10000000149011612
251.622,1.0,9.890083030880325,0.10000000149011612
251.672,1.0,9.780338374007908,0.10000000149011612
251.722,1.0,9.835170145001676,0.10000000149011612
251.772,1.0,9.807674987593458,0.10000000149011612
251.821,1.0,9.780311954869992,0.10000000149011612
251.873,1.0,9.83536532426046,0.10000000149011612
251.922,1.0,9.780120440634589,0.10000000149011612
251.971,1.0,9.807692574461301,0.10000000149011612
252.022,1.0,9.780233448992172,0.10000000149011612
252.071,1.0,9.752752481194007,0.10000000149011612
252.122,1.0,9.80771538462076,0.10000000149011612
252.172,1.0,9.917645212449134,0.10000000149011612
252.222,1.0,9.835312305245962,0.10000000149011612
252.272,1.0,9.89021106287837,0.10000000149011612
252.322,1.0,9.780212986055348,0.10000000149011612
252.371,1.0,9.80780303078807,0.10000000149011612
252.421,1.0,9.972500000004139,0.10000000149011612
252.471,1.0,9.835305019447373,0.10000000149011612
252.522,1.0,9.725236911719872,0.10000000149011612
252.572,1.0,9.807882187701761,0.10000000149011612
252.621,1.0,9.780140528413984,0.10000000149011612
252.672,1.0,9.67068864599698,0.10000000149011612
252.722,1.0,9.945000000008278,0.10000000149011612
252.772,1.0,9.80779317787124,0.10000000149011612
252.822,1.0,9.835162279630701,0.10000000149011612
252.871,1.0,9.862761107004351,0.10000000149011612
252.922,1.0,9.752866702650984,0.10000000149011612
252.972,1.0,9.697757996784317,0.10000000149011612
253.022,1.0,9.835121706852483,0.10000000149011612
253.072,1.0,9.698206754918727,0.10000000149011612
253.121,1.0,9.807874210841126,0.10000000149011612
253.173,1.0,9.835346066889663,0.10000000149011612
253.222,1.0,9.862608706992534,0.10000000149011612
253.272,1.0,9.807737804556059,0.10000000149011612
253.322,1.0,9.752813700669341,0.10000000149011612
253.372,1.0,9.86259275296082,0.10000000149011612
253.422,1.0,9.890146348542638,0.10000000149011612
253.471,1.0,9.890116315852437,0.10000000149011612
253.521,1.0,9.890225057945484,0.10000000149011612
253.571,1.0,9.780219645425678,0.10000000149011612
253.622,1.0,9.75281048203922,0.10000000149011612
253.672,1.0,9.780180688305862,0.10000000149011612
253.721,1.0,9.835069291231532,0.10000000149011612
253.772,1.0,9.862587662123971,0.10000000149011612
253.821,1.0,9.807896225609714,0.10000000149011612
253.871,1.0,9.835138110588822,0.10000000149011612
253.921,1.0,9.725331028923392,0.10000000149011612
253.972,1.0,9.643017768590814,0.10000000149011612
254.022,1.0,9.780680835329823,0.10000000149011612
254.072,1.0,9.780347069311473,0.10000000149011612
254.122,1.0,9.670200740856428,0.10000000149011612
254.171,1.0,9.807767353455226,0.10000000149011612
254.221,1.0,9.862616408471432,0.10000000149011612
254.271,1.0,9.8352970795292,0.10000000149011612
254.321,1.0,9.890068233158026,0.10000000149011612
254.371,1.0,9.780196568287082,0.10000000149011612
254.421,1.0,9.862727818389734,0.10000000149011612
254.471,1.0,9.725357100367546,0.10000000149011612
254.522,1.0,9.725404355737071,0.10000000149011612
254.571,1.0,9.752800031834179,0.10000000149011612
254.621,1.0,9.945104499471684,0.10000000149011612
254.672,1.0,9.835331971177624,0.10000000149011612
254.722,1.0,9.697773888065583,0.10000000149011612
254.771,1.0,9.835131985156073,0.10000000149011612
254.822,1.0,9.972500000004139,0.10000000149011612
254.871,1.0,9.83527227046175,0.10000000149011612
254.921,1.0,9.725221321773198,0.10000000149011612
254.972,1.0,9.588058631639514,0.10000000149011612
255.021,1.0,9.75280351874729,0.10000000149011612
255.071,1.0,9.89022422424621,0.10000000149011612
255.122,1.0,9.752881731072234,0.10000000149011612
255.172,1.0,9.807839663657877,0.10000000149011612
255.222,1.0,9.862667192435927,0.10000000149011612
255.271,1.0,9.725592894500329,0.10000000149011612
255.321,1.0,9.807916557167967,0.10000000149011612
255.371,1.0,9.890142726318704,0.10000000149011612
255.421,1.0,9.752669537957344,0.10000000149011612
255.471,1.0,9.807794828650852,0.10000000149011612
255.521,1.0,9.835418354223172,0.10000000149011612
255.571,1.0,9.752910484497745,0.10000000149011612
255.622,1.0,9.862746198785802,0.10000000149011612
255.672,1.0,9.807774839198423,0.10000000149011612
255.722,1.0,9.807684541390174,0.10000000149011612
255.772,1.0,9.725478677037689,0.10000000149011612
255.822,1.0,9.780394679494202,0.10000000149011612
255.872,1.0,9.807896267188092,0.10000000149011612
255.921,1.0,9.643167276680469,0.10000000149011612
255.971,1.0,9.807700474311908,0.10000000149011612
256.022,1.0,9.725616894414028,0.10000000149011612
256.072,1.0,9.725395118051933,0.10000000149011612
256.122,1.0,9.890134624246922,0.10000000149011612
256.171,1.0,9.86272109090868,0.10000000149011612
256.221,1.0,9.807665355544952,0.10000000149011612
256.272,1.0,9.835000000024836,0.10000000149011612
256.321,1.0,9.725307863495416,0.10000000149011612
256.371,1.0,9.835146368501915,0.10000000149011612
256.422,1.0,9.835141120995912,0.10000000149011612
256.472,1.0,9.6977788137272,0.10000000149011612
256.522,1.0,9.890186761443813,0.10000000149011612
256.571,1.0,9.752873055740363,0.10000000149011612
256.622,1.0,9.78020098236286,0.10000000149011612
256.672,1.0,9.862536451427474,0.10000000149011612
256.721,1.0,9.80778993351592,0.10000000149011612
256.771,1.0,9.862598523269925,0.10000000149011612
256.822,1.0,9.917659507484899,0.10000000149011612
256.872,1.0,9.697826161359748,0.10000000149011612
256.922,1.0,9.86268610616939,0.10000000149011612
256.972,1.0,9.752647965049578,0.10000000149011612
257.022,1.0,9.752713839357925,0.10000000149011612
257.071,1.0,9.670214353087875,0.10000000149011612
257.121,1.0,9.862583547830582,0.10000000149011612
257.172,1.0,9.725462243933645,0.10000000149011612
257.222,1.0,9.780219471102788,0.10000000149011612
257.271,1.0,9.835140454872615,0.10000000149011612
257.321,1.0,9.807980313669477,0.10000000149011612
257.371,1.0,9.83535187082986,0.10000000149011612
257.422,1.0,9.862714723476934,0.10000000149011612
257.472,1.0,9.862645159848034,0.10000000149011612
257.522,1.0,9.780230661440227,0.10000000149011612
257.571,1.0,9.780169609665043,0.10000000149011612
257.622,1.0,9.78034490717368,0.10000000149011612
257.671,1.0,9.835000000024836,0.10000000149011612
257.722,1.0,9.725675479984945,0.10000000149011612
257.772,1.0,9.752598831305901,0.10000000149011612
257.822,1.0,9.862633649011453,0.10000000149011612
257.871,1.0,9.725651504471898,0.10000000149011612
257.922,1.0,9.780345690084829,0.10000000149011612
257.972,1.0,9.807557280092604,0.10000000149011612
258.022,1.0,9.697996113883953,0.10000000149011612
258.072,1.0,9.780303270928561,0.10000000149011612
258.122,1.0,9.697973405342136,0.10000000149011612
258.171,1.0,9.917760297718148,0.10000000149011612
258.222,1.0,9.835377559935052,0.10000000149011612
258.272,1.0,9.807755873993868,0.10000000149011612
258.322,1.0,9.890145194965104,0.10000000149011612
258.372,1.0,9.890155037802954,0.10000000149011612
258.422,1.0,9.752875413828425,0.10000000149011612
258.472,1.0,9.835288922302425,0.10000000149011612
258.521,1.0,9.780263268388808,0.10000000149011612
258.572,1.0,9.835385685000155,0.10000000149011612
258.622,1.0,9.780399968516495,0.10000000149011612
258.672,1.0,9.807720465295844,0.10000000149011612
258.721,1.0,9.80789967680143,0.10000000149011612
258.771,1.0,9.752820450108912,0.10000000149011612
258.822,1.0,9.670733229402039,0.10000000149011612
258.871,1.0,9.725094010763698,0.10000000149011612
258.922,1.0,9.780150014037888,0.10000000149011612
258.972,1.0,9.697780401818454,0.10000000149011612
259.022,1.0,9.807650375925004,0.10000000149011612
259.072,1.0,9.752919315070741,0.10000000149011612
259.122,1.0,9.807653981281652,0.10000000149011612
259.172,1.0,9.725420059491363,0.10000000149011612
259.222,1.0,9.86268636321442,0.10000000149011612
259.272,1.0,9.890035836191641,0.10000000149011612
259.322,1.0,9.807583892800741,0.10000000149011612
259.372,1.0,9.835292918835249,0.10000000149011612
259.422,1.0,9.945000000008278,0.10000000149011612
259.472,1.0,9.835251270772682,0.10000000149011612
259.522,1.0,9.835219699620373,0.10000000149011612
259.572,1.0,9.807716238581472,0.10000000149011612
259.622,1.0,9.862670763871735,0.10000000149011612
259.672,1.0,9.75278287784507,0.10000000149011612
259.722,1.0,9.670558700917496,0.10000000149011612
259.771,1.0,9.725486584049133,0.10000000149011612
259.822,1.0,9.835191714970602,0.10000000149011612
259.872,1.0,9.807783155867623,0.10000000149011612
259.922,1.0,9.862516090749866,0.10000000149011612
259.972,1.0,9.697593808174133,0.10000000149011612
260.022,1.0,9.780344627942476,0.10000000149011612
260.072,1.0,9.945121933830281,0.10000000149011612
260.122,1.0,9.890090161996584,0.10000000149011612
260.172,1.0,9.780434800994893,0.10000000149011612
260.221,1.0,9.890177771987187,0.10000000149011612
260.272,1.0,9.698015348509783,0.10000000149011612
260.322,1.0,9.917574255644448,0.10476454347372055
260.372,1.0,9.835245402178003,0.10000000149011612
260.422,1.0,9.862817534907824,0.10000000149011612
260.472,1.0,9.697739447694685,0.10000000149011612
260.521,1.0,9.862660076282918,0.10000000149011612
260.572,1.0,9.697774591938488,0.10000000149011612
260.622,1.0,9.862728229165077,0.10000000149011612
260.672,1.0,9.890158589391245,0.10000000149011612
260.721,1.0,9.862757698011896,0.10000000149011612
260.772,1.0,9.862689424078498,0.10000000149011612
260.822,1.0,9.862833410956794,0.10000000149011612
260.871,1.0,9.83532038991236,0.10000000149011612
260.922,1.0,9.780421933511064,0.10000000149011612
260.972,1.0,9.835353966243565,0.10000000149011612
261.022,1.0,9.835133116154207,0.10000000149011612
261.072,1.0,9.697878360562026,0.10000000149011612
261.122,1.0,9.862598055621817,0.10000000149011612
261.171,1.0,9.862654192642205,0.10000000149011612
261.221,1.0,9.780277057240406,0.10000000149011612
261.272,1.0,9.72516857288364,0.10000000149011612
261.322,1.0,9.862700826964444,0.10000000149011612
261.372,1.0,9.835374200137124,0.102058045566082
261.422,1.0,9.862637569237915,0.10000000149011612
261.472,1.0,9.862752179077102,0.10000000149011612
261.522,1.0,9.890108341951336,0.10000000149011612
261.572,1.0,9.69791976550801,0.10000000149011612
261.622,1.0,9.725259684253897,0.10000000149011612
261.671,1.0,9.835067187228965,0.10000000149011612
261.722,1.0,9.862792263386979,0.10000000149011612
261.771,1.0,9.972592079225514,0.13314852118492126
261.821,1.0,9.835292966974277,0.10000000149011612
261.872,1.0,9.835132707883087,0.10000000149011612
261.922,1.0,9.780476590618491,0.10000000149011612
261.971,1.0,9.725361722190346,0.10000000149011612
262.021,1.0,9.83537539407197,0.10000000149011612
262.071,1.0,9.780279245062006,0.10000000149011612
262.121,1.0,9.807750369960235,0.10000000149011612
262.171,1.0,9.890016105646888,0.10000000149011612
262.221,1.0,9.752677596629495,0.10000000149011612
262.272,1.0,9.697997791009644,0.10000000149011612
262.322,1.0,9.807764519171583,0.10000000149011612
262.372,1.0,9.615544965387219,0.10000000149011612
262.421,1.0,9.75277282949537,0.10000000149011612
262.471,1.0,9.80769864378704,0.10000000149011612
262.522,1.0,9.83517155378229,0.10000000149011612
262.571,1.0,9.780535473798713,0.10735510289669037
262.622,1.0,9.725103552432524,0.10000000149011612
262.671,1.0,9.917725805027617,0.11690618097782135
262.722,1.0,9.862575921664636,0.10000000149011612
262.772,1.0,9.917763093651997,0.11179934442043304
262.822,1.0,9.8901551530386,0.10000000149011612
262.872,1.0,9.862646907774938,0.10000000149011612
262.922,1.0,9.917577774636447,0.10000000149011612
262.972,1.0,9.587887099675006,0.10000000149011612
263.022,1.0,9.890186155318386,0.10000000149011612
263.071,1.0,9.780632376174133,0.10000000149011612
263.122,1.0,9.725298424955044,0.10000000149011612
263.171,1.0,9.862713829738398,0.10000000149011612
263.222,1.0,9.642999008215137,0.10000000149011612
263.272,1.0,9.725258157009051,0.10000000149011612
263.322,1.0,9.890096230142646,0.10000000149011612
263.372,1.0,9.807750093874832,0.10000000149011612
263.422,1.0,9.890214162319898,0.10330524295568466
263.471,1.0,9.807638554378515,0.10000000149011612
263.521,1.0,9.780502070796986,0.10000000149011612
263.571,1.0,9.807764820050862,0.10000000149011612
263.621,1.0,9.807725592205921,0.10000000149011612
263.672,1.0,9.835212442630695,0.10000000149011612
263.722,1.0,9.807812918101748,0.10000000149011612
263.772,1.0,9.807950255833566,0.10000000149011612
263.822,1.0,9.780194254881806,0.10000000149011612
263.872,1.0,9.807737297606137,0.10000000149011612
263.921,1.0,9.725182965232266,0.10000000149011612
263.971,1.0,9.725281794658965,0.10000000149011612
264.022,1.0,9.80773738614387,0.10000000149011612
264.071,1.0,9.69794245943841,0.10000000149011612
264.122,1.0,9.670461650109953,0.10000000149011612
264.172,1.0,9.862730440145565,0.10000000149011612
264.222,1.0,9.642930566664372,0.10000000149011612
264.272,1.0,9.642816274985671,0.10000000149011612
264.322,1.0,9.807670975207454,0.10000000149011612
264.372,1.0,9.917500000012417,0.10000000149011612
264.422,1.0,9.890170717860261,0.10000000149011612
264.471,1.0,9.725180576224293,0.10000000149011612
264.522,1.0,9.725270215318435,0.10000000149011612
264.571,1.0,9.725129499162238,0.10000000149011612
264.621,1.0,9.945000000008278,0.10000000149011612
264.671,1.0,9.75287069471346,0.10000000149011612
264.722,1.0,9.697531449525721,0.10000000149011612
264.772,1.0,9.697651127477487,0.10000000149011612
264.822,1.0,9.642701492748326,0.10000000149011612
264.872,1.0,9.83533286700646,0.10000000149011612
264.922,1.0,9.670559242988626,0.10000000149011612
264.971,1.0,9.80771963948177,0.10000000149011612
265.022,1.0,9.69791274054183,0.10000000149011612
265.071,1.0,9.752863415020208,0.10000000149011612
265.122,1.0,9.807624001221525,0.10000000149011612
265.171,1.0,9.78034196636743,0.10000000149011612
265.222,1.0,9.8625707577914,0.10000000149011612
265.271,1.0,9.890097771502203,0.10000000149011612
265.321,1.0,9.807582985133761,0.10000000149011612
265.372,1.0,9.862536203757756,0.10000000149011612
265.422,1.0,9.780206661857665,0.10000000149011612
265.472,1.0,9.697895693592727,0.10000000149011612
265.522,1.0,9.780207727952964,0.10000000149011612
265.572,1.0,9.862736220223209,0.10000000149011612
265.621,1.0,9.862649556270076,0.10000000149011612
265.672,1.0,9.890000000016556,0.10000000149011612
265.722,1.0,9.643053129211896,0.10000000149011612
265.772,1.0,9.86266435192277,0.10000000149011612
265.821,1.0,9.780378828756511,0.10000000149011612
265.872,1.0,9.807778407591913,0.10000000149011612
265.922,1.0,9.807697869444059,0.10000000149011612
265.972,1.0,9.862597220225467,0.10000000149011612
266.021,1.0,9.752658962437676,0.10000000149011612
266.072,1.0,9.890230940447914,0.10000000149011612
266.122,1.0,9.725480403026772,0.10000000149011612
266.172,1.0,9.835137392518421,0.10000000149011612
266.222,1.0,9.890163577886092,0.10000000149011612
266.271,1.0,9.752943545186685,0.10000000149011612
266.322,1.0,9.752719322033226,0.10000000149011612
266.372,1.0,9.752817769369317,0.10000000149011612
266.422,1.0,9.835297061440846,0.10000000149011612
266.472,1.0,9.807895539431936,0.10000000149011612
266.522,1.0,9.807936512699557,0.10000000149011612
266.571,1.0,9.780049689631495,0.10000000149011612
266.622,1.0,9.835269373324182,0.10000000149011612
266.671,1.0,9.78038928752972,0.10000000149011612
266.722,1.0,9.72518635692282,0.10000000149011612
266.772,1.0,9.890051796038945,0.10000000149011612
266.822,1.0,9.7256992077041,0.10000000149011612
266.871,1.0,9.780113039186432,0.10000000149011612
266.922,1.0,9.752805508031614,0.10000000149011612
266.972,1.0,9.642888878058228,0.10000000149011612
267.021,1.0,9.697764518857003,0.10000000149011612
267.072,1.0,9.945121792807347,0.11031430214643478
267.122,1.0,9.89001198992547,0.10000000149011612
267.171,1.0,9.642900788018274,0.10000000149011612
267.222,1.0,9.780193092094528,0.10000000149011612
267.272,1.0,9.752570452251367,0.10000000149011612
267.322,1.0,9.890000000016556,0.10000000149011612
267.372,1.0,9.780393332470622,0.10000000149011612
267.421,1.0,9.64290744991352,0.10000000149011612
267.471,1.0,9.61553748678416,0.10000000149011612
267.522,1.0,9.725136039530238,0.10000000149011612
267.571,1.0,9.862621351579826,0.10000000149011612
267.622,1.0,9.917626190123459,0.10000000149011612
267.672,1.0,9.83518531796419,0.10000000149011612
267.721,1.0,9.725676364658607,0.10000000149011612
267.772,1.0,9.835271479148004,0.10000000149011612
267.822,1.0,9.807710918432308,0.10000000149011612
267.872,1.0,9.780115414058997,0.10000000149011612
267.922,1.0,9.615501155166163,0.10000000149011612
267.971,1.0,9.72550971880555,0.10000000149011612
268.022,1.0,9.75270841529386,0.10000000149011612
268.071,1.0,9.80753391014619,0.10000000149011612
268.122,1.0,9.615304519691401,0.10000000149011612
268.172,1.0,9.7803439202408,0.10000000149011612
268.222,1.0,9.945000000008278,0.10000000149011612
268.272,1.0,9.835218663016954,0.10000000149011612
268.322,1.0,9.890003148342172,0.10000000149011612
268.372,1.0,9.89005771511131,0.10000000149011612
268.422,1.0,9.835443242597911,0.10000000149011612
268.471,1.0,9.72545584326403,0.10000000149011612
268.522,1.0,9.725159704974956,0.10000000149011612
268.572,1.0,9.945042629498575,0.10000000149011612
268.622,1.0,9.753019533140792,0.10000000149011612
268.671,1.0,9.697870868030522,0.10000000149011612
268.722,1.0,9.890060864285463,0.10000000149011612
268.771,1.0,9.862681616987619,0.10000000149011612
268.822,1.0,9.835277775695754,0.10000000149011612
268.872,1.0,9.67052094342394,0.10000000149011612
268.921,1.0,9.862645281540852,0.10000000149011612
268.972,1.0,9.72527710424943,0.10000000149011612
269.022,1.0,9.890179523949822,0.10000000149011612
269.072,1.0,9.83512539072997,0.10000000149011612
269.122,1.0,9.862511190358136,0.10000000149011612
269.172,1.0,9.807691266491181,0.10000000149011612
269.222,1.0,9.725382426463895,0.10000000149011612
269.272,1.0,9.862598680063254,0.10000000149011612
269.321,1.0,9.780371293653216,0.10000000149011612
269.371,1.0,9.807741413969133,0.10000000149011612
269.422,1.0,9.780284329979784,0.10000000149011612
269.471,1.0,9.917662292325662,0.10000000149011612
269.521,1.0,9.807862902577552,0.10000000149011612
269.571,1.0,9.725359159790807,0.10000000149011612
269.622,1.0,9.807601936534047,0.10000000149011612
269.671,1.0,9.835014309361577,0.10000000149011612
269.722,1.0,9.862672439569401,0.10000000149011612
269.771,1.0,9.807591107404894,0.10000000149011612
269.822,1.0,9.780172756086621,0.10000000149011612
269.871,1.0,9.862580870298876,0.10000000149011612
269.922,1.0,9.725271176608901,0.10000000149011612
269.972,1.0,9.835317567922175,0.10000000149011612
270.022,1.0,9.78023532860809,0.10000000149011612
270.072,1.0,9.807871314469311,0.10000000149011612
270.122,1.0,9.890136949904264,0.10000000149011612
270.172,1.0,9.835258394045134,0.10000000149011612
270.222,1.0,9.780097957700491,0.10000000149011612
270.272,1.0,9.890205449776516,0.10000000149011612
270.322,1.0,9.697843340598046,0.10000000149011612
270.372,1.0,9.890045702374644,0.10000000149011612
270.422,1.0,9.780498964670631,0.10000000149011612
270.472,1.0,9.7526400482489,0.10000000149011612
270.522,1.0,9.642984659307533,0.10000000149011612
270.572,1.0,9.89012975545807,0.10000000149011612
270.622,1.0,9.807690968240301,0.10000000149011612
270.672,1.0,9.75284454787357,0.10000000149011612
270.722,1.0,9.86283181955417,0.10000000149011612
270.771,1.0,9.835512517640987,0.10000000149011612
270.821,1.0,9.808089174640676,0.10000000149011612
270.872,1.0,9.862587974758611,0.10000000149011612
270.922,1.0,9.670576098499199,0.10000000149011612
270.972,1.0,9.670665075567861,0.10000000149011612
271.021,1.0,9.835411645244394,0.10000000149011612
271.072,1.0,9.890019719054301,0.10000000149011612
271.122,1.0,9.917673456047972,0.10000000149011612
271.172,1.0,9.670499264179833,0.10000000149011612
271.221,1.0,9.807572346015109,0.10000000149011612
271.271,1.0,9.890104898706907,0.10000000149011612
271.322,1.0,9.697931530574957,0.10000000149011612
271.371,1.0,9.862872618374725,0.10000000149011612
271.422,1.0,9.835268854080804,0.10000000149011612
271.472,1.0,9.862587183962265,0.10000000149011612
271.522,1.0,9.725288629117939,0.10000000149011612
271.572,1.0,9.862723309505316,0.10000000149011612
271.622,1.0,9.835170091957682,0.10000000149011612
271.671,1.0,9.807605835898883,0.10000000149011612
271.722,1.0,9.835104292237924,0.10000000149011612
271.772,1.0,9.862560430789987,0.10000000149011612
271.822,1.0,9.75280251921051,0.10000000149011612
271.872,1.0,9.890083173020846,0.10000000149011612
271.922,1.0,9.697798083081013,0.10000000149011612
271.972,1.0,9.67062376011163,0.10000000149011612
272.022,1.0,9.807637197669182,0.10000000149011612
272.071,1.0,9.83526401327302,0.10000000149011612
272.122,1.0,9.890030790161756,0.10000000149011612
272.172,1.0,9.752966822290587,0.10000000149011612
272.221,1.0,9.835056571890082,0.10000000149011612
272.271,1.0,9.89026733233283,0.10000000149011612
272.322,1.0,9.753058813057011,0.10000000149011612
272.372,1.0,9.835232179963754,0.10000000149011612
272.422,1.0,9.890240135995878,0.10000000149011612
272.471,1.0,9.862749027916127,0.10000000149011612
272.522,1.0,9.890063538629976,0.10000000149011612
272.572,1.0,9.835150600700743,0.10000000149011612
272.622,1.0,9.807834790398678,0.10000000149011612
272.671,1.0,9.862569681223896,0.10000000149011612
272.722,1.0,9.807760316319763,0.10000000149011612
272.771,1.0,9.697805324817697,0.10000000149011612
272.822,1.0,9.86276073337843,0.10000000149011612
272.872,1.0,9.917575348458357,0.10000000149011612
272.921,1.0,9.807788723189798,0.10000000149011612
272.971,1.0,9.862671755647494,0.10000000149011612
273.022,1.0,9.752500000037253,0.10000000149011612
273.072,1.0,9.862714055056374,0.10000000149011612
273.121,1.0,9.807810572990112,0.10000000149011612
273.172,1.0,9.835041436201168,0.10000000149011612
273.222,1.0,9.725315913268261,0.10000000149011612
273.271,1.0,9.917540055927303,0.10000000149011612
273.322,1.0,9.862530596305927,0.10000000149011612
273.372,1.0,9.83507646245675,0.10000000149011612
273.421,1.0,9.862686328838269,0.10000000149011612
273.472,1.0,9.780367962395152,0.10000000149011612
273.522,1.0,9.780265744568574,0.10000000149011612
273.572,1.0,9.83528962911417,0.10000000149011612
273.621,1.0,9.752744482995736,0.10000000149011612
273.672,1.0,9.890054467154874,0.10000000149011612
273.721,1.0,9.807747889082465,0.10000000149011612
273.771,1.0,9.670468895406358,0.10000000149011612
273.821,1.0,9.697843991282086,0.10000000149011612
273.872,1.0,9.780135439605349,0.10000000149011612
273.922,1.0,9.752724076517755,0.10000000149011612
273.972,1.0,9.835339770942099,0.10000000149011612
274.022,1.0,9.807674372837775,0.10000000149011612
274.072,1.0,9.862703134471344,0.10000000149011612
274.121,1.0,9.725518775110443,0.10000000149011612
274.172,1.0,9.835149648019836,0.10000000149011612
274.222,1.0,9.780284761513274,0.10000000149011612
274.272,1.0,9.862577033229172,0.10000000149011612
274.322,1.0,9.807918475568295,0.10000000149011612
274.372,1.0,9.89018294836084,0.10000000149011612
274.421,1.0,9.78006645054039,0.10000000149011612
274.472,1.0,9.807631850035655,0.10000000149011612
274.522,1.0,9.780370565152003,0.10000000149011612
274.571,1.0,9.835286968905065,0.10000000149011612
274.622,1.0,9.780391041417088,0.10000000149011612
274.672,1.0,9.670572656889757,0.10000000149011612
274.722,1.0,9.75291731858419,0.10000000149011612
274.771,1.0,9.807993831423422,0.10000000149011612
274.822,1.0,9.862720257519848,0.10000000149011612
274.872,1.0,9.83526190188196,0.10000000149011612
274.921,1.0,9.780135546728141,0.10000000149011612
274.971,1.0,9.835143580039341,0.10000000149011612
275.022,1.0,9.862500000020695,0.10000000149011612
275.072,1.0,9.945128833647404,0.10000000149011612
275.121,1.0,9.697823611708978,0.10000000149011612
275.172,1.0,9.862560596399836,0.10000000149011612
275.222,1.0,9.725401924985151,0.10000000149011612
275.272,1.0,9.890030418295,0.10000000149011612
275.321,1.0,9.862706980254087,0.10000000149011612
275.372,1.0,9.835135186070369,0.10000000149011612
275.421,1.0,9.697909834753307,0.10000000149011612
275.472,1.0,9.780173334479333,0.10000000149011612
275.522,1.0,9.807689075296123,0.10000000149011612
275.572,1.0,9.890206525433396,0.10000000149011612
275.622,1.0,9.835211033084326,0.10000000149011612
275.672,1.0,9.752774870333573,0.10000000149011612
275.721,1.0,9.80766659869502,0.10000000149011612
275.771,1.0,9.862819261766143,0.10669462382793427
275.822,1.0,9.752830383678278,0.10000000149011612
275.872,1.0,9.945056600641045,0.10000000149011612
275.922,1.0,9.670434666114549,0.10000000149011612
275.972,1.0,9.917658847922253,0.10000000149011612
276.021,1.0,9.862616183650163,0.10000000149011612
276.072,1.0,9.835273291356861,0.10000000149011612
276.122,1.0,9.835139963258472,0.10000000149011612
276.172,1.0,9.862684629567795,0.10000000149011612
276.222,1.0,9.83513555839244,0.10000000149011612
276.272,1.0,9.752638336146871,0.10000000149011612
276.321,1.0,9.7529091472634,0.10000000149011612
276.371,1.0,9.752834658200543,0.10000000149011612
276.422,1.0,9.862616136090622,0.10000000149011612
276.471,1.0,9.7803229978722,0.10000000149011612
276.522,1.0,9.835015559569001,0.10000000149011612
276.572,1.0,9.697802076902654,0.10000000149011612
276.622,1.0,9.807989806930225,0.10000000149011612
276.672,1.0,9.945000000008278,0.10000000149011612
276.722,1.0,9.75274032495088,0.10000000149011612
276.772,1.0,9.835289940403568,0.10000000149011612
276.822,1.0,9.862666897020405,0.10000000149011612
276.872,1.0,9.753067171511551,0.10000000149011612
276.922,1.0,9.862828933282032,0.10000000149011612
276.972,1.0,9.725359319750634,0.10000000149011612
277.022,1.0,9.835105225774978,0.10000000149011612
277.072,1.0,9.890134762951897,0.10000000149011612
277.122,1.0,9.890046458298134,0.10000000149011612
277.171,1.0,9.67062231041491,0.10000000149011612
277.222,1.0,9.80770473594053,0.10000000149011612
277.272,1.0,9.807634408399462,0.10000000149011612
277.322,1.0,9.862664328163696,0.10000000149011612
277.372,1.0,9.780054089944397,0.10000000149011612
277.422,1.0,9.917636791451109,0.10000000149011612
277.471,1.0,9.917535968869924,0.10000000149011612
277.522,1.0,9.725196173207628,0.10000000149011612
277.572,1.0,9.752774868760671,0.10000000149011612
277.622,1.0,9.807726283247272,0.10000000149011612
277.672,1.0,9.835311321976285,0.10000000149011612
277.722,1.0,9.807953204214574,0.10000000149011612
277.772,1.0,9.587981187076204,0.10000000149011612
277.822,1.0,9.835000000024836,0.10000000149011612
277.872,1.0,9.835377908787793,0.10000000149011612
277.922,1.0,9.80784053347177,0.10000000149011612
277.971,1.0,9.807573081718552,0.10000000149011612
278.022,1.0,9.78025958765712,0.10000000149011612
278.072,1.0,9.807953055596187,0.10000000149011612
278.122,1.0,9.917627115464873,0.10000000149011612
278.172,1.0,9.697724102085663,0.10000000149011612
278.222,1.0,9.890215958116784,0.10000000149011612
278.272,1.0,9.890167567216688,0.10000000149011612
278.322,1.0,9.862505743259357,0.10000000149011612
278.371,1.0,9.835165220892264,0.10000000149011612
278.422,1.0,9.75282853918357,0.10000000149011612
278.472,1.0,9.890000000016556,0.10000000149011612
278.521,1.0,9.78039831550171,0.10000000149011612
278.572,1.0,9.890052190319532,0.10000000149011612
278.621,1.0,9.862606596243051,0.10000000149011612
278.671,1.0,9.862826982885599,0.10000000149011612
278.722,1.0,9.697969950011206,0.10000000149011612
278.772,1.0,9.807665593942835,0.10000000149011612
278.821,1.0,9.83519454014798,0.10000000149011612
278.872,1.0,9.752880935039785,0.10000000149011612
278.922,1.0,9.725116564188566,0.10000000149011612
278.971,1.0,9.862574137043621,0.10000000149011612
279.021,1.0,9.80766187467509,0.10000000149011612
279.072,1.0,9.670215282195972,0.10000000149011612
279.121,1.0,9.670496609186133,0.10000000149011612
279.172,1.0,9.752935277712014,0.10000000149011612
279.221,1.0,9.780306876450776,0.10000000149011612
279.272,1.0,9.780465644763575,0.10000000149011612
279.322,1.0,9.862887015421357,0.10000000149011612
279.372,1.0,9.752935085507731,0.10000000149011612
279.422,1.0,9.862519889697433,0.10000000149011612
279.471,1.0,9.890121366518239,0.10000000149011612
279.522,1.0,9.862500000020695,0.10000000149011612
279.572,1.0,9.890035322122277,0.10000000149011612
279.622,1.0,9.862580308173266,0.10000000149011612
279.671,1.0,9.725331122324699,0.10000000149011612
279.722,1.0,9.890084995888174,0.10000000149011612
279.771,1.0,9.835261374546421,0.10000000149011612
279.822,1.0,9.890205481234524,0.10000000149011612
279.871,1.0,9.80770698591239,0.10000000149011612
279.921,1.0,9.86270002602703,0.10000000149011612
279.972,1.0,9.780492283486657,0.10000000149011612
280.021,1.0,9.753059920751387,0.10000000149011612
280.072,1.0,9.75279115461227,0.10000000149011612
280.122,1.0,9.862504821105135,0.10000000149011612
280.172,1.0,9.670446463839875,0.10000000149011612
280.222,1.0,9.890378205685153,0.11576586961746216
280.271,1.0,9.697784967078931,0.10000000149011612
280.322,1.0,9.862664819695055,0.10000000149011612
280.371,1.0,9.725181551939912,0.10000000149011612
280.421,1.0,9.807703893466128,0.10000000149011612
280.472,1.0,9.835126898872355,0.10000000149011612
280.522,1.0,9.78025532240669,0.10000000149011612
280.572,1.0,9.917523976477485,0.10000000149011612
280.622,1.0,9.890121419127617,0.10000000149011612
280.672,1.0,9.83537006040828,0.10000000149011612
280.721,1.0,9.835108207331764,0.10000000149011612
280.771,1.0,9.697807043335503,0.10000000149011612
280.822,1.0,9.725324968083036,0.10000000149011612
280.871,1.0,9.835304282833304,0.10000000149011612
280.921,1.0,9.945015495560236,0.10000000149011612
280.971,1.0,9.917506869820256,0.10000000149011612
281.021,1.0,9.890066874627438,0.10000000149011612
281.072,1.0,9.780244777061872,0.10000000149011612
281.121,1.0,9.94503634814173,0.10000000149011612
281.171,1.0,9.752892305205267,0.10000000149011612
281.222,1.0,9.89027655048089,0.1062403991818428
281.271,1.0,9.835299065647026,0.10000000149011612
281.321,1.0,9.835060031939712,0.10000000149011612
281.371,1.0,9.807672058190736,0.10000000149011612
281.422,1.0,9.697810706951552,0.10000000149011612
281.472,1.0,9.917585064905385,0.10000000149011612
281.522,1.0,9.670576124307182,0.10000000149011612
281.572,1.0,9.890050935227837,0.10000000149011612
281.621,1.0,9.725331503856513,0.10000000149011612
281.672,1.0,9.752946576207048,0.10000000149011612
281.722,1.0,9.86254849406994,0.10000000149011612
281.771,1.0,9.917688181789385,0.10938017815351486
281.822,1.0,9.780131086707115,0.10000000149011612
281.872,1.0,9.945124000579947,0.10000000149011612
281.922,1.0,9.862695184453495,0.10000000149011612
281.972,1.0,9.725277645140887,0.10000000149011612
282.022,1.0,9.862672664535543,0.10000000149011612
282.072,1.0,9.780160008991759,0.10000000149011612
282.122,1.0,9.835142658402523,0.10000000149011612
282.171,1.0,9.972500000004139,0.10000000149011612
282.222,1.0,9.697919032557143,0.10000000149011612
282.271,1.0,9.780208535968429,0.10000000149011612
282.322,1.0,9.697874975763261,0.10000000149011612
282.372,1.0,9.835234042712385,0.10000000149011612
282.421,1.0,9.807761922789117,0.10000000149011612
282.472,1.0,9.945160011098617,0.1092289611697197
282.521,1.0,9.862542695324453,0.10000000149011612
282.572,1.0,9.67038688160893,0.10000000149011612
282.622,1.0,9.752827414787477,0.10000000149011612
282.672,1.0,9.780279255927438,0.10000000149011612
282.722,1.0,9.75280578798718,0.10000000149011612
282.772,1.0,9.72540326985634,0.10000000149011612
282.821,1.0,9.86260807812214,0.10000000149011612
282.872,1.0,9.807793871892823,0.10000000149011612
282.921,1.0,9.835000000024836,0.10000000149011612
282.971,1.0,9.807607701275911,0.10000000149011612
283.021,1.0,9.807609562203288,0.10000000149011612
283.071,1.0,9.807899728748534,0.10000000149011612
283.122,1.0,9.752634413250618,0.10000000149011612
283.171,1.0,9.64273144989792,0.10000000149011612
283.222,1.0,9.807854359576272,0.10000000149011612
283.271,1.0,9.945094753719038,0.11459309607744217
283.322,1.0,9.835149968891509,0.10000000149011612
283.371,1.0,9.835078415667844,0.10000000149011612
283.421,1.0,9.69812045271198,0.10000000149011612
283.472,1.0,9.670195672060881,0.10000000149011612
283.521,1.0,9.890012972284522,0.10000000149011612
283.572,1.0,9.835180636412568,0.10000000149011612
283.622,1.0,9.862653270901905,0.10000000149011612
283.671,1.0,9.890148726291955,0.10000000149011612
283.721,1.0,9.835126359367536,0.10000000149011612
283.772,1.0,9.752752512486445,0.10000000149011612
283.822,1.0,9.862618768091004,0.10000000149011612
283.871,1.0,9.83515732911312,0.10000000149011612
283.921,1.0,9.835095799445279,0.10000000149011612
283.971,1.0,9.862600513299306,0.10000000149011612
284.021,1.0,9.725376530819469,0.10000000149011612
284.071,1.0,9.75279361669802,0.10000000149011612
284.121,1.0,9.917689319906962,0.10000000149011612
284.172,1.0,9.890000000016556,0.10000000149011612
284.222,1.0,9.697630023542377,0.10000000149011612
284.271,1.0,9.835143329637747,0.10000000149011612
284.321,1.0,9.917574568672313,0.10000000149011612
284.372,1.0,9.890117480274704,0.10000000149011612
284.421,1.0,9.780175211528936,0.10000000149011612
284.471,1.0,9.807674922318094,0.10000000149011612
284.522,1.0,9.835205758487184,0.10000000149011612
284.572,1.0,9.862711491559942,0.10000000149011612
284.622,1.0,9.862730346992612,0.10000000149011612
284.671,1.0,9.835244685928854,0.10000000149011612
284.722,1.0,9.780272983221543,0.10000000149011612
284.772,1.0,9.807856289504302,0.10000000149011612
284.822,1.0,9.752760797614853,0.10000000149011612
284.872,1.0,9.862526875982683,0.10000000149011612
284.922,1.0,9.697754564984805,0.10000000149011612
284.972,1.0,9.835096116177738,0.10000000149011612
285.022,1.0,10.0,10.0
285.072,1.0,9.752820970490575,0.10000000149011612
285.122,1.0,9.835042060497734,0.10000000149011612
285.172,1.0,9.835036094900634,0.10000000149011612
285.221,1.0,9.69773859143671,0.10000000149011612
285.271,1.0,9.725227968063619,0.10000000149011612
285.321,1.0,9.945102018221386,0.10000000149011612
285.372,1.0,9.807720327625672,0.10000000149011612
285.422,1.0,9.753089782740506,0.10000000149011612
285.471,1.0,9.725618858987259,0.10000000149011612
285.521,1.0,9.752635132397215,0.10000000149011612
285.572,1.0,9.835313962317175,0.10000000149011612
285.622,1.0,9.752754677273334,0.10000000149011612
285.671,1.0,9.725194295847581,0.10000000149011612
285.722,1.0,9.780164067343705,0.10000000149011612
285.771,1.0,9.807742635512518,0.10000000149011612
285.822,1.0,9.862828904079894,0.10736079514026642
285.872,1.0,9.835000000024836,0.10000000149011612
285.922,1.0,9.78048677953581,0.10000000149011612
285.972,1.0,9.780656210891902,0.10000000149011612
286.022,1.0,9.780250936270589,0.10000000149011612
286.072,1.0,9.64287833414144,0.10000000149011612
286.121,1.0,9.862895837902196,0.10000000149011612
286.171,1.0,9.89002528027114,0.10000000149011612
286.222,1.0,9.75271616704348,0.10000000149011612
286.271,1.0,9.862801917683747,0.10000000149011612
286.321,1.0,9.780362018032207,0.10000000149011612
286.371,1.0,9.807558382882013,0.10000000149011612
286.422,1.0,9.58802276758684,0.10000000149011612
286.472,1.0,9.807923580395679,0.10000000149011612
286.521,1.0,9.835246845769385,0.10000000149011612
286.571,1.0,9.862760320719746,0.10000000149011612
286.622,1.0,9.752961300044424,0.10000000149011612
286.672,1.0,9.83532032844507,0.10000000149011612
286.721,1.0,9.780317667623361,0.10000000149011612
286.772,1.0,9.835214627761808,0.10000000149011612
286.822,1.0,9.808093912320004,0.10000000149011612
286.871,1.0,9.890076413895521,0.10000000149011612
286.922,1.0,9.862785382217004,0.10000000149011612
286.972,1.0,9.78021616904686,0.10000000149011612
287.021,1.0,9.780219035761224,0.10000000149011612
287.071,1.0,9.752631239510245,0.10000000149011612
287.122,1.0,9.75276605286118,0.10000000149011612
287.171,1.0,9.890153171577387,0.10000000149011612
287.222,1.0,9.752951087781952,0.10000000149011612
287.272,1.0,9.862633336087068,0.10000000149011612
287.321,1.0,9.752865869469113,0.10000000149011612
287.372,1.0,9.807665005843672,0.10000000149011612
287.422,1.0,9.69812811780721,0.10000000149011612
287.472,1.0,9.917667365177637,0.10000000149011612
287.522,1.0,9.752611693077617,0.10000000149011612
287.571,1.0,9.807615087843603,0.10000000149011612
287.622,1.0,9.835121733260651,0.10000000149011612
287.671,1.0,9.890231793787745,0.10000000149011612
287.722,1.0,9.807734567568534,0.10000000149011612
287.772,1.0,9.890112592693832,0.10000000149011612
287.822,1.0,9.80772041235533,0.10000000149011612
287.871,1.0,9.862868572357629,0.10000000149011612
287.921,1.0,9.83533331695944,0.10000000149011612
287.972,1.0,9.862803069502116,0.10000000149011612
288.021,1.0,9.945012216539018,0.10000000149011612
288.072,1.0,9.835126729578608,0.10000000149011612
288.122,1.0,9.780495423388977,0.10000000149011612
288.172,1.0,9.890088927228417,0.10000000149011612
288.221,1.0,9.725072597132788,0.10000000149011612
288.271,1.0,9.807504432855382,0.10000000149011612
288.322,1.0,9.780314607628517,0.10000000149011612
288.372,1.0,9.835187412653532,0.10000000149011612
288.422,1.0,9.725214481540025,0.10000000149011612
288.472,1.0,9.752822606017192,0.10000000149011612
288.521,1.0,9.725227727058034,0.10000000149011612
288.571,1.0,9.75307134826564,0.10000000149011612
288.622,1.0,9.78010135843522,0.10000000149011612
288.671,1.0,9.917600341741409,0.10000000149011612
288.722,1.0,9.780199299980369,0.10000000149011612
288.772,1.0,9.890184935347902,0.10000000149011612
288.821,1.0,9.917670496967103,0.10000000149011612
288.872,1.0,9.697921321520376,0.10000000149011612
288.922,1.0,9.835244183801114,0.10000000149011612
288.971,1.0,9.588085670044853,0.10000000149011612
289.021,1.0,9.670465595978829,0.10000000149011612
289.071,1.0,9.945000000008278,0.10000000149011612
289.121,1.0,9.972629639671908,0.14667028188705444
289.172,1.0,9.725567322017419,0.10000000149011612
289.221,1.0,9.89013061190231,0.10000000149011612
289.271,1.0,9.862813093637426,0.10000000149011612
289.321,1.0,9.862500000020695,0.10000000149011612
289.372,1.0,9.890281525378425,0.11414067447185516
289.422,1.0,9.945015403690437,0.10000000149011612
289.472,1.0,9.780232261038488,0.10000000149011612
289.521,1.0,9.80762761409084,0.10000000149011612
289.571,1.0,9.835175311958624,0.10000000149011612
289.622,1.0,9.752726902502278,0.10000000149011612
289.671,1.0,9.835097648348246,0.10000000149011612
289.721,1.0,9.807802040171293,0.10000000149011612
289.771,1.0,9.725365858400862,0.10000000149011612
289.821,1.0,9.835207585183282,0.10000000149011612
289.872,1.0,9.862678892807,0.10000000149011612
289.921,1.0,9.862871183993088,0.10000000149011612
289.972,1.0,9.862688603873055,0.10000000149011612
290.021,1.0,9.862811751125587,0.10000000149011612
290.072,1.0,9.945000000008278,0.10000000149011612
290.122,1.0,9.752815240849223,0.10000000149011612
290.171,1.0,9.890048396421804,0.10000000149011612
290.222,1.0,9.697751003234751,0.10000000149011612
290.271,1.0,9.670455453193021,0.10000000149011612
290.322,1.0,9.752676829695702,0.10000000149011612
290.371,1.0,9.917604801141554,0.10000000149011612
290.421,1.0,9.697987284801073,0.10000000149011612
290.471,1.0,9.807676487416028,0.10000000149011612
290.521,1.0,9.807606392540038,0.10000000149011612
290.572,1.0,9.780235892699825,0.10000000149011612
290.622,1.0,9.86277422596597,0.10000000149011612
290.672,1.0,9.807711095756126,0.10000000149011612
290.721,1.0,9.642862477381197,0.10000000149011612
290.772,1.0,9.835207956532637,0.10000000149011612
290.822,1.0,9.697890736783544,0.10000000149011612
290.871,1.0,9.835147282150057,0.10000000149011612
290.922,1.0,9.807598782392839,0.10000000149011612
290.972,1.0,9.753015148432718,0.10000000149011612
291.022,1.0,9.780203791376618,0.10000000149011612
291.072,1.0,9.75275267029388,0.10000000149011612
291.121,1.0,9.862500000020695,0.10000000149011612
291.172,1.0,9.835075414015186,0.10000000149011612
291.221,1.0,9.697994710360136,0.10000000149011612
291.271,1.0,9.972617104070054,0.14215746521949768
291.322,1.0,9.670583348762658,0.10000000149011612
291.372,1.0,9.80773076172918,0.10000000149011612
291.422,1.0,9.8625724333028,0.10000000149011612
291.471,1.0,9.890170014525454,0.10000000149011612
291.522,1.0,9.808020910682778,0.10485811531543732
291.571,1.0,9.945000000008278,0.10000000149011612
291.622,1.0,9.80781231443915,0.10000000149011612
291.672,1.0,9.780237110435134,0.10000000149011612
291.722,1.0,9.890179569377667,0.10000000149011612
291.771,1.0,9.807671698493262,0.10000000149011612
291.822,1.0,9.67050088993791,0.10000000149011612
291.871,1.0,9.862642267015245,0.10000000149011612
291.922,1.0,9.75283452630457,0.10000000149011612
291.971,1.0,9.752934270993704,0.10000000149011612
292.021,1.0,9.917577109465169,0.10000000149011612
292.072,1.0,9.917581190955307,0.10000000149011612
292.122,1.0,9.86251538188921,0.10000000149011612
292.171,1.0,9.780358881441256,0.10000000149011612
292.222,1.0,9.725564169759553,0.10000000149011612
292.272,1.0,9.862672746554017,0.10000000149011612
292.322,1.0,9.752838989223044,0.10000000149011612
292.372,1.0,9.697888175874121,0.10000000149011612
292.422,1.0,9.807682259070377,0.10000000149011612
292.472,1.0,9.807796091876096,0.10000000149011612
292.522,1.0,9.780595784179038,0.10000000149011612
292.572,1.0,9.835207066436608,0.10000000149011612
292.621,1.0,9.890191417435805,0.10000000149011612
292.671,1.0,9.725490628410544,0.10000000149011612
292.722,1.0,9.890084070733025,0.10000000149011612
292.771,1.0,9.780326263254715,0.10000000149011612
292.821,1.0,9.890123725372057,0.10000000149011612
292.871,1.0,9.835140711483028,0.10000000149011612
292.922,1.0,9.80775013210045,0.10000000149011612
292.972,1.0,9.945199501348867,0.13220572471618652
293.022,1.0,9.945125486660334,0.12196402996778488
293.072,1.0,9.835158956361314,0.10000000149011612
293.122,1.0,9.807877716546257,0.10000000149011612
293.172,1.0,9.725208983901474,0.10000000149011612
293.222,1.0,9.890053224646383,0.10000000149011612
293.272,1.0,9.835088588607809,0.10000000149011612
293.322,1.0,9.890236764401198,0.10000000149011612
293.372,1.0,9.807859682188266,0.10000000149011612
293.422,1.0,9.862718514332341,0.10000000149011612
293.472,1.0,9.807587436296874,0.10000000149011612
293.522,1.0,9.835248139210874,0.10000000149011612
293.572,1.0,9.945074973772797,0.10094093531370163
293.622,1.0,9.642813924679325,0.10000000149011612
293.672,1.0,9.697999046701524,0.10000000149011612
293.722,1.0,9.780145073143972,0.10000000149011612
293.772,1.0,9.780387253334952,0.10000000149011612
293.822,1.0,9.807767105723421,0.10000000149011612
293.872,1.0,9.862823549968502,0.10000000149011612
293.922,1.0,9.83535618233598,0.10000000149011612
293.972,1.0,9.890000000016556,0.10000000149011612
294.022,1.0,9.725527134744658,0.10000000149011612
294.072,1.0,9.835061212856736,0.10000000149011612
294.122,1.0,9.75272690285411,0.10000000149011612
294.171,1.0,9.698061166144907,0.10000000149011612
294.221,1.0,9.917643593893283,0.10000000149011612
294.272,1.0,9.752814129822784,0.10000000149011612
294.322,1.0,9.835213449762927,0.10000000149011612
294.371,1.0,9.835213380224175,0.10000000149011612
294.422,1.0,9.780039383574492,0.10000000149011612
294.472,1.0,9.862608091326223,0.10000000149011612
294.522,1.0,9.862768610008061,0.10000000149011612
294.572,1.0,9.890154318759839,0.10000000149011612
294.621,1.0,9.86257971384459,0.10000000149011612
294.671,1.0,9.78026763310449,0.10000000149011612
294.722,1.0,9.78036391991708,0.10000000149011612
294.772,1.0,9.917591884525287,0.10000000149011612
294.822,1.0,9.752805713398589,0.10000000149011612
294.872,1.0,9.697740247907738,0.10000000149011612
294.921,1.0,9.752753901460933,0.10000000149011612
294.972,1.0,9.86270145635224,0.10000000149011612
295.021,1.0,9.72574100424018,0.10000000149011612
295.071,1.0,9.890139508702688,0.10000000149011612
295.122,1.0,9.835094687653084,0.10000000149011612
295.172,1.0,9.780489494154851,0.10000000149011612
295.222,1.0,9.862532706600096,0.10000000149011612
295.272,1.0,9.697857887380653,0.10000000149011612
295.322,1.0,9.835243493587607,0.10000000149011612
295.372,1.0,9.780319262171785,0.10000000149011612
295.421,1.0,9.752778459692166,0.10000000149011612
295.472,1.0,9.945202229585913,0.12557843327522278
295.522,1.0,9.862638096759717,0.10000000149011612
295.571,1.0,9.753023850772944,0.10000000149011612
295.621,1.0,9.807700313855376,0.10000000149011612
295.672,1.0,9.890269758034911,0.10000000149011612
295.722,1.0,9.752880403420164,0.10000000149011612
295.772,1.0,9.780368972404135,0.10000000149011612
295.822,1.0,9.78032127995458,0.10000000149011612
295.871,1.0,9.835387228429317,0.10000000149011612
295.922,1.0,9.917704288516607,0.10000000149011612
295.972,1.0,9.835329651439356,0.10000000149011612
296.022,1.0,9.752864592729344,0.10000000149011612
296.072,1.0,9.835059191245172,0.10000000149011612
296.122,1.0,9.725185796163148,0.10000000149011612
296.172,1.0,9.835241834032868,0.10000000149011612
296.222,1.0,9.83526156761994,0.10000000149011612
296.272,1.0,9.890075657289062,0.10000000149011612
296.322,1.0,9.807744821947482,0.10000000149011612
296.372,1.0,9.807892717358966,0.10000000149011612
296.422,1.0,9.78041637810982,0.10000000149011612
296.472,1.0,9.780138518785437,0.10000000149011612
296.521,1.0,9.697820479091671,0.10000000149011612
296.571,1.0,9.75289231909232,0.10000000149011612
296.621,1.0,9.67065154446496,0.10000000149011612
296.672,1.0,9.835221187522015,0.10000000149011612
296.722,1.0,9.890119158704248,0.10000000149011612
296.772,1.0,9.835280765054954,0.10000000149011612
296.822,1.0,9.670408795401453,0.10000000149011612
296.872,1.0,9.697873852629629,0.10000000149011612
296.922,1.0,9.807799228984448,0.10000000149011612
296.972,1.0,9.807568126337395,0.10000000149011612
297.021,1.0,9.807803427138262,0.10000000149011612
297.072,1.0,9.890078558317489,0.10000000149011612
297.122,1.0,9.917500000012417,0.10000000149011612
297.172,1.0,9.862500000020695,0.10000000149011612
297.222,1.0,9.697692370207774,0.10000000149011612
297.272,1.0,9.780063215995,0.10000000149011612
297.322,1.0,9.835119960746832,0.10000000149011612
297.372,1.0,9.807725545846754,0.10000000149011612
297.422,1.0,9.86264825893773,0.10000000149011612
297.472,1.0,9.890083280267815,0.10000000149011612
297.522,1.0,9.91750078426881,0.10000000149011612
297.572,1.0,9.697938734479248,0.10000000149011612
297.622,1.0,9.697824408755535,0.10000000149011612
297.672,1.0,9.835097606418033,0.10000000149011612
297.721,1.0,9.725551027328605,0.10000000149011612
297.772,1.0,9.890000000016556,0.10000000149011612
297.822,1.0,9.807860936576294,0.10000000149011612
297.872,1.0,9.890250763069425,0.10000000149011612
297.921,1.0,9.8078383118949,0.10000000149011612
297.972,1.0,9.725356471993857,0.10000000149011612
298.022,1.0,9.752862146082851,0.10000000149011612
298.071,1.0,9.670392172224819,0.10000000149011612
298.122,1.0,9.780338120212157,0.10000000149011612
298.172,1.0,9.890230207310783,0.10000000149011612
298.222,1.0,9.835172685380611,0.10000000149011612
298.272,1.0,9.890093502961099,0.10000000149011612
298.321,1.0,9.697949839176403,0.10000000149011612
298.371,1.0,9.670393432759576,0.10000000149011612
298.422,1.0,9.670441037126713,0.10000000149011612
298.472,1.0,9.780349762054781,0.10000000149011612
298.522,1.0,9.862982005832924,0.12998409569263458
298.571,1.0,9.862531605259411,0.10000000149011612
298.622,1.0,9.697773082616429,0.10000000149011612
298.671,1.0,9.752714690193534,0.10000000149011612
298.722,1.0,9.752918894609643,0.10000000149011612
298.772,1.0,9.587675196222133,0.10000000149011612
298.822,1.0,9.83516216420879,0.10000000149011612
298.871,1.0,9.835123080884417,0.10000000149011612
298.922,1.0,9.780382856726646,0.10000000149011612
298.972,1.0,9.725184349198308,0.10000000149011612
299.022,1.0,9.862516889286537,0.10000000149011612
299.071,1.0,9.835157620348037,0.10000000149011612
299.122,1.0,9.752894686576393,0.10000000149011612
299.171,1.0,9.807912574936118,0.10000000149011612
299.221,1.0,9.670306421630084,0.10000000149011612
299.272,1.0,9.670417264165978,0.10000000149011612
299.322,1.0,9.890214520734217,0.10000000149011612
299.372,1.0,9.697869111287098,0.10000000149011612
299.422,1.0,9.780172192346718,0.10000000149011612
299.472,1.0,9.780430408277445,0.10000000149011612
299.521,1.0,9.670450611267652,0.10000000149011612
299.571,1.0,9.807945796474815,0.10000000149011612
299.622,1.0,9.862659668135974,0.10000000149011612
299.672,1.0,9.835119438399044,0.10000000149011612
299.722,1.0,9.862791584535605,0.10000000149011612
299.772,1.0,9.72551475038959,0.10000000149011612
299.822,1.0,9.835410357163184,0.10585517436265945
299.872,1.0,9.835169023730689,0.10000000149011612
299.922,1.0,9.862780727653039,0.10000000149011612
299.972,1.0,9.835282714892593,0.10000000149011612
300.022,1.0,9.89012236394402,0.10000000149011612
300.071,1.0,9.752787755471136,0.10000000149011612
300.122,1.0,9.780246451041764,0.10000000149011612
300.171,1.0,9.835216072160337,0.10000000149011612
300.222,1.0,9.78032715026703,0.10000000149011612
300.271,1.0,9.697769973427057,0.10000000149011612
300.322,1.0,9.643202857155767,0.10000000149011612
300.371,1.0,9.807575739630394,0.10000000149011612
300.422,1.0,9.862643667413957,0.10000000149011612
300.472,1.0,9.780075959261094,0.10000000149011612
300.521,1.0,9.752809858611888,0.10000000149011612
300.572,1.0,9.807701198756694,0.10000000149011612
300.622,1.0,9.862631897524826,0.10000000149011612
300.671,1.0,9.780302003626193,0.10000000149011612
300.721,1.0,9.835539327189327,0.11021751165390015
300.771,1.0,9.697882923566633,0.10000000149011612
300.821,1.0,9.725541868805886,0.10000000149011612
300.871,1.0,9.862783012249404,0.10198381543159485
300.921,1.0,9.890000000016556,0.10000000149011612
300.971,1.0,9.890306527105471,0.110934317111969
301.022,1.0,9.83517685658816,0.10000000149011612
301.071,1.0,9.807759758850766,0.10000000149011612
301.121,1.0,9.890248116726676,0.10000000149011612
301.172,1.0,9.862645937978394,0.10000000149011612
301.221,1.0,9.72525970403933,0.10000000149011612
301.271,1.0,9.945000000008278,0.10000000149011612
301.322,1.0,9.725174440381428,0.10000000149011612
301.371,1.0,9.78058626713852,0.10000000149011612
301.421,1.0,9.72550653188179,0.10000000149011612
301.471,1.0,9.780398941247,0.10000000149011612
301.522,1.0,9.835097981306413,0.10000000149011612
301.571,1.0,9.862559292361968,0.10000000149011612
301.621,1.0,9.725370241618819,0.10000000149011612
301.672,1.0,9.862847518589762,0.10000000149011612
301.722,1.0,9.780339420690305,0.10000000149011612
301.771,1.0,9.780224910068016,0.10000000149011612
301.822,1.0,9.862846250500944,0.11075299233198166
301.871,1.0,9.945031372230087,0.10000000149011612
301.921,1.0,9.780327267241146,0.10000000149011612
301.971,1.0,9.75271708994276,0.10000000149011612
302.021,1.0,9.780282774339948,0.10000000149011612
302.071,1.0,9.697936839051545,0.10000000149011612
302.122,1.0,9.725319538907044,0.10000000149011612
302.171,1.0,9.807706901058555,0.10000000149011612
302.221,1.0,9.835208485378987,0.10000000149011612
302.271,1.0,9.725431130867864,0.10000000149011612
302.321,1.0,9.807941259319584,0.10000000149011612
302.371,1.0,9.697708028948142,0.10000000149011612
302.421,1.0,9.642740960605442,0.10000000149011612
302.471,1.0,9.78018001669811,0.10000000149011612
302.521,1.0,9.917589246605834,0.10000000149011612
302.571,1.0,9.725421979340414,0.10000000149011612
302.621,1.0,9.80750704407692,0.10000000149011612
302.671,1.0,9.807730337066783,0.10000000149011612
302.722,1.0,9.780271857190463,0.10000000149011612
302.771,1.0,9.890220283427173,0.10000000149011612
302.822,1.0,9.807705541368987,0.10000000149011612
302.871,1.0,9.890114688148929,0.10000000149011612
302.921,1.0,9.83508300760554,0.10000000149011612
302.971,1.0,9.89000025064581,0.10000000149011612
303.021,1.0,9.917500000012417,0.10000000149011612
303.071,1.0,9.752748770887653,0.10000000149011612
303.121,1.0,9.89004345929457,0.10000000149011612
303.171,1.0,9.697809359348483,0.10000000149011612
303.221,1.0,9.725454244162474,0.10000000149011612
303.271,1.0,9.588051818228431,0.10000000149011612
303.322,1.0,9.917597794822521,0.10000000149011612
303.371,1.0,9.78049180155827,0.10000000149011612
303.421,1.0,9.862698308585419,0.10000000149011612
303.471,1.0,9.780154563900497,0.10000000149011612
303.521,1.0,9.78027205231289,0.10000000149011612
303.571,1.0,9.752723739358286,0.10000000149011612
303.621,1.0,9.862602283722824,0.10000000149011612
303.672,1.0,9.807866737805307,0.10000000149011612
303.722,1.0,9.780392876826227,0.10000000149011612
303.771,1.0,9.862641961893274,0.10000000149011612
303.822,1.0,9.780121548887756,0.10000000149011612
303.871,1.0,9.917693219851289,0.10000000149011612
303.921,1.0,9.835026175963382,0.10000000149011612
303.972,1.0,9.89014037642628,0.10000000149011612
304.021,1.0,9.697810449658169,0.10000000149011612
304.071,1.0,9.752861318551004,0.10000000149011612
304.121,1.0,9.697774510333936,0.10000000149011612
304.171,1.0,9.78028719574213,0.10000000149011612
304.221,1.0,9.69785702087813,0.10000000149011612
304.271,1.0,9.890159693608682,0.10000000149011612
304.321,1.0,9.835257960007423,0.10000000149011612
304.371,1.0,9.890109515852398,0.10000000149011612
304.421,1.0,9.725222712051536,0.10000000149011612
304.471,1.0,9.835234219580888,0.10000000149011612
304.521,1.0,9.807810445709361,0.10000000149011612
304.571,1.0,9.807902352429098,0.10000000149011612
304.621,1.0,9.89013873870588,0.10000000149011612
304.671,1.0,9.807715727430251,0.10000000149011612
304.721,1.0,9.890000000016556,0.10000000149011612
304.771,1.0,9.725242846210797,0.10000000149011612
304.821,1.0,9.807731534851094,0.10000000149011612
304.871,1.0,9.780512955784797,0.10000000149011612
304.921,1.0,9.697985984447103,0.10000000149011612
304.971,1.0,9.752707456342048,0.10000000149011612
305.021,1.0,9.80776958933307,0.10000000149011612
305.071,1.0,9.725125986937847,0.10000000149011612
305.122,1.0,9.890000000016556,0.10000000149011612
305.171,1.0,9.780451787118283,0.10000000149011612
305.221,1.0,9.752954432388975,0.10000000149011612
305.271,1.0,9.807676358086367,0.10000000149011612
305.321,1.0,9.588221823651757,0.10000000149011612
305.371,1.0,9.835259663148058,0.10000000149011612
305.421,1.0,9.862620738438434,0.10000000149011612
305.471,1.0,9.752865170687437,0.10000000149011612
305.521,1.0,9.697775450431639,0.10000000149011612
305.571,1.0,9.807812646528085,0.10000000149011612
305.621,1.0,9.835297739174631,0.10000000149011612
305.671,1.0,9.725426148912973,0.10000000149011612
305.721,1.0,9.917540457989606,0.10000000149011612
305.771,1.0,9.835334235202108,0.10000000149011612
305.821,1.0,9.69773448811223,0.10000000149011612
305.871,1.0,9.780453234704005,0.10000000149011612
305.921,1.0,9.780201567812925,0.10000000149011612
305.971,1.0,9.615715261259012,0.10000000149011612
306.021,1.0,9.75281178208275,0.10000000149011612
306.071,1.0,9.725573946452803,0.10000000149011612
306.121,1.0,9.835384986591007,0.10000000149011612
306.171,1.0,9.862682722695173,0.10000000149011612
306.221,1.0,9.807718929337959,0.10000000149011612
306.271,1.0,9.807778565068212,0.10000000149011612
306.321,1.0,9.862705618536307,0.10000000149011612
306.371,1.0,9.862649201643135,0.10000000149011612
306.421,1.0,9.890087919558088,0.10000000149011612
306.471,1.0,9.725437170080841,0.10000000149011612
306.521,1.0,9.72550467070606,0.10000000149011612
306.571,1.0,9.69751230561071,0.10000000149011612
306.621,1.0,9.862842758993308,0.10000000149011612
306.671,1.0,9.917512725893822,0.10000000149011612
306.722,1.0,9.807919928824736,0.10000000149011612
306.771,1.0,9.752659772274395,0.10000000149011612
306.821,1.0,9.862659180205728,0.10000000149011612
306.871,1.0,9.835068679559562,0.10000000149011612
306.921,1.0,9.643118295756478,0.10000000149011612
306.971,1.0,9.780203452768426,0.10000000149011612
307.021,1.0,9.80781886159546,0.10000000149011612
307.071,1.0,9.725404479623668,0.10000000149011612
307.121,1.0,9.835057600422038,0.10000000149011612
307.171,1.0,9.72532485920108,0.10000000149011612
307.221,1.0,9.890141807268892,0.10000000149011612
307.271,1.0,9.807810805882845,0.10000000149011612
307.321,1.0,9.86272221977512,0.10000000149011612
307.371,1.0,9.890067956058516,0.10000000149011612
307.421,1.0,9.835211638837224,0.10000000149011612
307.471,1.0,9.835050396931669,0.10000000149011612
307.521,1.0,9.862750337148706,0.10000000149011612
307.571,1.0,9.917638469446036,0.10000000149011612
307.621,1.0,9.890000000016556,0.10000000149011612
307.671,1.0,9.78033760436293,0.10000000149011612
307.721,1.0,9.835210120843517,0.10000000149011612
307.771,1.0,9.972593075989021,0.1335073560476303
307.821,1.0,9.780137343828876,0.10000000149011612
307.871,1.0,9.807562784933381,0.10000000149011612
307.922,1.0,9.643053296311862,0.10000000149011612
307.971,1.0,9.780274871819548,0.10000000149011612
308.021,1.0,9.862689055295455,0.10000000149011612
308.071,1.0,9.890046099118061,0.10000000149011612
308.121,1.0,9.862692062536048,0.10000000149011612
308.171,1.0,9.780345331008236,0.10000000149011612
308.221,1.0,9.642829470460613,0.10000000149011612
308.271,1.0,9.862532599435912,0.10000000149011612
308.321,1.0,9.725071977368659,0.10000000149011612
308.371,1.0,9.917713840864598,0.10000000149011612
308.421,1.0,9.890047791558835,0.10000000149011612
308.472,1.0,9.835328135825694,0.10000000149011612
308.521,1.0,9.780379852590462,0.10000000149011612
308.571,1.0,9.862672739351789,0.10000000149011612
308.621,1.0,9.807871452491316,0.10000000149011612
308.671,1.0,9.780247063624362,0.10000000149011612
308.722,1.0,9.72548824178262,0.10000000149011612
308.771,1.0,9.862657695325712,0.10000000149011612
308.821,1.0,9.80764084642546,0.10000000149011612
308.871,1.0,9.890214554179046,0.10000000149011612
308.921,1.0,9.83511640696476,0.10000000149011612
308.971,1.0,9.752701475698915,0.10000000149011612
309.021,1.0,9.807562564023668,0.10000000149011612
309.071,1.0,9.945037810214691,0.10000000149011612
309.121,1.0,9.780136859396265,0.10000000149011612
309.171,1.0,9.890085066378944,0.10000000149011612
309.221,1.0,9.862596591768993,0.10000000149011612
309.271,1.0,9.862756970069475,0.10000000149011612
309.322,1.0,9.807902941459583,0.10000000149011612
309.371,1.0,9.780155671884616,0.10000000149011612
309.421,1.0,9.835454279308518,0.10000000149011612
309.471,1.0,9.835256905150082,0.10000000149011612
309.521,1.0,9.890138142680128,0.10000000149011612
309.571,1.0,9.780340932764942,0.10000000149011612
309.621,1.0,9.945000000008278,0.10000000149011612
309.671,1.0,9.780245510364573,0.10000000149011612
309.721,1.0,9.835374104769693,0.10000000149011612
309.771,1.0,9.835290786147945,0.10000000149011612
309.821,1.0,9.835302017856803,0.10000000149011612
309.871,1.0,9.917582322243188,0.10000000149011612
309.921,1.0,9.725478870752784,0.10000000149011612
309.971,1.0,9.752686856728461,0.10000000149011612
310.021,1.0,9.86254463346882,0.10000000149011612
310.072,1.0,9.670616280018455,0.10000000149011612
310.121,1.0,9.807807253114879,0.10000000149011612
310.171,1.0,9.780120602912373,0.10000000149011612
310.222,1.0,9.78011077814218,0.10000000149011612
310.271,1.0,9.890063967597154,0.10000000149011612
310.322,1.0,9.725270511561797,0.10000000149011612
310.371,1.0,9.807824329762823,0.10000000149011612
310.421,1.0,9.86262742202315,0.10000000149011612
310.472,1.0,9.807928508830567,0.10000000149011612
310.522,1.0,9.697871682378981,0.10000000149011612
310.572,1.0,9.725305549924572,0.10000000149011612
310.621,1.0,9.917588328901264,0.10000000149011612
310.671,1.0,9.917534494524201,0.10000000149011612
310.721,1.0,9.807758215525084,0.10000000149011612
310.771,1.0,9.917581773052612,0.10039874166250229
310.821,1.0,9.862749314722087,0.10000000149011612
310.871,1.0,9.780113914298514,0.10000000149011612
310.922,1.0,9.752665744804673,0.10000000149011612
310.971,1.0,9.835066578868362,0.10000000149011612
311.022,1.0,9.862879549960295,0.10000000149011612
311.071,1.0,9.835335615877476,0.10000000149011612
311.122,1.0,9.8076810999463,0.10000000149011612
311.172,1.0,9.697971816216079,0.10000000149011612
311.222,1.0,9.697629636215668,0.10000000149011612
311.271,1.0,9.780254522297117,0.10000000149011612
311.322,1.0,9.862864420956207,0.10000000149011612
311.371,1.0,9.890238469673527,0.10490717738866806
311.421,1.0,9.862750168931154,0.10000000149011612
311.471,1.0,9.917565272831254,0.10000000149011612
311.521,1.0,9.807712620062132,0.10000000149011612
311.571,1.0,9.807788140347434,0.10000000149011612
311.622,1.0,9.862778462304009,0.10000000149011612
311.671,1.0,9.725378333487445,0.10000000149011612
311.722,1.0,9.780162141078875,0.10000000149011612
311.772,1.0,9.807815748680797,0.10000000149011612
311.822,1.0,9.862778545522856,0.10000000149011612
311.872,1.0,9.917586662247777,0.10000000149011612
311.921,1.0,9.8900249214429,0.10000000149011612
311.972,1.0,9.835178803756005,0.10000000149011612
312.022,1.0,9.697678854026728,0.10000000149011612
312.072,1.0,9.862698000669479,0.10000000149011612
312.125,1.0,9.890114818989403,0.10000000149011612
312.171,1.0,9.67032142120103,0.10000000149011612
312.221,1.0,9.890001708745128,0.10000000149011612
312.272,1.0,9.835016767246028,0.10000000149011612
312.322,1.0,9.89014919238786,0.10000000149011612
312.372,1.0,9.780177193321288,0.10000000149011612
312.422,1.0,9.890195383959346,0.10000000149011612
312.472,1.0,9.642845952448745,0.10000000149011612
312.522,1.0,9.780346244635682,0.10000000149011612
312.572,1.0,9.89016847184135,0.10000000149011612
312.622,1.0,9.725274526203671,0.10000000149011612
312.672,1.0,9.835261762866544,0.10000000149011612
312.722,1.0,9.697811834472748,0.10000000149011612
312.772,1.0,9.835103104511896,0.10000000149011612
312.821,1.0,9.752963756231798,0.10000000149011612
312.872,1.0,9.725521855697863,0.10000000149011612
312.922,1.0,9.725090206435157,0.10000000149011612
312.971,1.0,9.72530385175099,0.10000000149011612
313.022,1.0,9.835172915996777,0.10000000149011612
313.071,1.0,9.80769682996389,0.10000000149011612
313.121,1.0,9.780251711110274,0.10000000149011612
313.172,1.0,9.72534271420704,0.10000000149011612
313.222,1.0,9.7803553065699,0.10000000149011612
313.271,1.0,9.862562559979658,0.10000000149011612
313.321,1.0,9.75287967020025,0.10000000149011612
313.372,1.0,9.835096089231472,0.10000000149011612
313.422,1.0,9.807751665926641,0.10000000149011612
313.471,1.0,9.725554583883948,0.10000000149011612
313.521,1.0,9.945148518143428,0.1054157018661499
313.571,1.0,9.753140994264848,0.10000000149011612
313.621,1.0,9.780398713466194,0.10000000149011612
313.671,1.0,9.725227584896816,0.10000000149011612
313.721,1.0,9.780225359710554,0.10000000149011612
313.771,1.0,9.890083940803176,0.10000000149011612
313.822,1.0,9.725535113364458,0.10000000149011612
313.871,1.0,9.670771407936183,0.10000000149011612
313.922,1.0,9.917596975051694,0.10000000149011612
313.971,1.0,9.862712287488911,0.10000000149011612
314.022,1.0,9.835068023556637,0.10000000149011612
314.071,1.0,9.780020282976329,0.10000000149011612
314.122,1.0,9.862711424111492,0.10000000149011612
314.171,1.0,9.807877539657056,0.10000000149011612
314.221,1.0,9.83525192975584,0.10000000149011612
314.272,1.0,9.835168871469795,0.10000000149011612
314.322,1.0,9.97260826875766,0.13897675275802612
314.372,1.0,9.86265079718497,0.10000000149011612
314.422,1.0,9.697966996083657,0.10000000149011612
314.472,1.0,9.725378348885311,0.10000000149011612
314.522,1.0,9.752558889281419,0.10000000149011612
314.572,1.0,9.862709459165732,0.10000000149011612
314.621,1.0,9.807646718828215,0.10000000149011612
314.672,1.0,9.945000000008278,0.10000000149011612
314.722,1.0,9.780281283106241,0.10000000149011612
314.771,1.0,9.780491366796195,0.10000000149011612
314.822,1.0,9.89006814799375,0.10000000149011612
314.872,1.0,9.670825360384253,0.10000000149011612
314.921,1.0,9.752770544836919,0.10000000149011612
314.972,1.0,9.917664767946635,0.10389935225248337
315.022,1.0,9.86265683621168,0.10000000149011612
315.072,1.0,9.835106227484841,0.10000000149011612
315.121,1.0,9.697696407284173,0.10000000149011612
315.172,1.0,9.807707416142026,0.10000000149011612
315.222,1.0,9.835178973505066,0.10000000149011612
315.272,1.0,9.917599089816212,0.10000000149011612
315.322,1.0,9.780221924392713,0.10000000149011612
315.371,1.0,9.697772068509625,0.10000000149011612
315.421,1.0,9.807769089709554,0.10000000149011612
315.471,1.0,9.862851567048994,0.10000000149011612
315.521,1.0,9.86282467448877,0.10368035733699799
315.572,1.0,9.780127950737047,0.10000000149011612
315.622,1.0,9.725109335076478,0.10000000149011612
315.671,1.0,9.917667317038608,0.10000000149011612
315.722,1.0,9.917767666880454,0.12015783041715622
315.771,1.0,9.725205850083794,0.10000000149011612
315.821,1.0,9.890155096020964,0.10000000149011612
315.871,1.0,9.890000000016556,0.10000000149011612
315.921,1.0,9.862582835720644,0.10000000149011612
315.971,1.0,9.725368415688475,0.10000000149011612
316.022,1.0,9.752938830707636,0.10000000149011612
316.071,1.0,9.835184997485744,0.10000000149011612
316.122,1.0,9.6703029356276,0.10000000149011612
316.172,1.0,9.780262911609478,0.10000000149011612
316.221,1.0,9.697748116755651,0.10000000149011612
316.272,1.0,9.807777961177958,0.10000000149011612
316.322,1.0,9.862527497919897,0.10000000149011612
316.372,1.0,9.835009422318803,0.10000000149011612
316.421,1.0,9.752726497501135,0.10000000149011612
316.472,1.0,9.752883715265327,0.10000000149011612
316.522,1.0,9.78007800432129,0.10000000149011612
316.571,1.0,9.862814248291155,0.10208125412464142
316.621,1.0,9.917632678006258,0.10000000149011612
316.672,1.0,9.752717736528979,0.10000000149011612
316.721,1.0,9.807668030820787,0.10000000149011612
316.771,1.0,9.83517236403293,0.10000000149011612
316.821,1.0,9.835112278101345,0.10000000149011612
316.872,1.0,9.807750837339295,0.10000000149011612
316.922,1.0,9.835374900698662,0.10000000149011612
316.971,1.0,9.835271028367181,0.10000000149011612
317.022,1.0,9.835313655787871,0.10000000149011612
317.071,1.0,9.698006804991099,0.10000000149011612
317.122,1.0,9.890000000016556,0.10000000149011612
317.171,1.0,9.752707380511694,0.10000000149011612
317.221,1.0,9.780137175756197,0.10000000149011612
317.271,1.0,9.890077645269534,0.10000000149011612
317.322,1.0,9.835175054685937,0.10000000149011612
317.371,1.0,9.862746479362249,0.10000000149011612
317.421,1.0,9.698104593902826,0.10000000149011612
317.472,1.0,9.862587470375,0.10000000149011612
317.521,1.0,9.835069139632914,0.10000000149011612
317.572,1.0,9.725215043189625,0.10000000149011612
317.622,1.0,9.862654527587194,0.10000000149011612
317.672,1.0,9.835259712715116,0.10000000149011612
317.722,1.0,9.807830352729393,0.10000000149011612
317.772,1.0,9.807828880784411,0.10000000149011612
317.822,1.0,9.697951490680376,0.10000000149011612
317.871,1.0,9.807590210437775,0.10000000149011612
317.922,1.0,9.697903337453802,0.10000000149011612
317.971,1.0,9.807696495722565,0.10000000149011612
318.022,1.0,9.780276392131215,0.10000000149011612
318.072,1.0,9.72564916877697,0.10000000149011612
318.122,1.0,9.697776981236206,0.10000000149011612
318.171,1.0,9.780333794653416,0.10000000149011612
318.222,1.0,9.752703790490825,0.10000000149011612
318.271,1.0,9.83533575218171,0.10000000149011612
318.321,1.0,9.890000000016556,0.10000000149011612
318.371,1.0,9.753018044183651,0.10000000149011612
318.421,1.0,9.972500000004139,0.10000000149011612
318.471,1.0,9.862633499544527,0.10000000149011612
318.521,1.0,9.78030608445406,0.10000000149011612
318.571,1.0,9.83526592819641,0.10000000149011612
318.622,1.0,9.752908789035347,0.10000000149011612
318.672,1.0,9.642603238796195,0.10000000149011612
318.721,1.0,9.835300188449521,0.10000000149011612
318.772,1.0,9.890000000016556,0.10000000149011612
318.822,1.0,9.752592628656162,0.10000000149011612
318.871,1.0,9.807516680140463,0.10000000149011612
318.922,1.0,9.780264469774233,0.10000000149011612
318.972,1.0,9.807634775506125,0.10000000149011612
319.022,1.0,9.835000000024836,0.10000000149011612
319.071,1.0,9.725353299102022,0.10000000149011612
319.122,1.0,9.917540430857075,0.10000000149011612
319.172,1.0,9.835557714332309,0.11325711756944656
319.222,1.0,9.807562573481764,0.10000000149011612
319.272,1.0,9.89018354502817,0.10000000149011612
319.322,1.0,9.890031720594399,0.10000000149011612
319.371,1.0,9.862616834665339,0.10000000149011612
319.421,1.0,9.697933005852004,0.10000000149011612
319.472,1.0,9.89007467062523,0.10000000149011612
319.522,1.0,9.945124632306397,0.10000000149011612
319.572,1.0,9.862698215846386,0.10000000149011612
319.622,1.0,9.780184218991135,0.10000000149011612
319.672,1.0,9.835176713930236,0.10000000149011612
319.722,1.0,9.780126941017807,0.10000000149011612
319.772,1.0,9.64296840487255,0.10000000149011612
319.822,1.0,9.807682978320454,0.10000000149011612
319.872,1.0,9.697844132987989,0.10000000149011612
319.922,1.0,9.83512537299345,0.10000000149011612
319.971,1.0,9.835127770735157,0.10000000149011612
320.022,1.0,9.862662192351289,0.10000000149011612
320.072,1.0,9.752785032304624,0.10000000149011612
320.122,1.0,9.725355334579945,0.10000000149011612
320.172,1.0,9.835251257154678,0.10000000149011612
320.222,1.0,9.615388285989562,0.10000000149011612
320.272,1.0,9.835232802956469,0.10000000149011612
320.322,1.0,9.8627298541574,0.10000000149011612
320.372,1.0,9.780544383968744,0.10000000149011612
320.422,1.0,9.890171749703587,0.10000000149011612
320.472,1.0,9.835199110499687,0.10000000149011612
320.522,1.0,9.780194381396804,0.10000000149011612
320.571,1.0,9.780351453026135,0.10000000149011612
320.621,1.0,9.752980652679172,0.10000000149011612
320.671,1.0,9.69767583327161,0.10000000149011612
320.721,1.0,9.61543435824828,0.10000000149011612
320.771,1.0,9.835347040225233,0.10000000149011612
320.822,1.0,9.698044331516657,0.10000000149011612
320.872,1.0,9.807606218444805,0.10000000149011612
320.922,1.0,9.697691304153865,0.10000000149011612
320.972,1.0,9.752568119060662,0.10000000149011612
321.023,1.0,9.83510186608053,0.10000000149011612
321.071,1.0,9.835220269258652,0.10000000149011612
321.121,1.0,9.890189075138833,0.10000000149011612
321.172,1.0,9.862744271672435,0.10000000149011612
321.221,1.0,9.752650374960568,0.10000000149011612
321.271,1.0,9.83526480363475,0.10000000149011612
321.322,1.0,9.80764921154413,0.10000000149011612
321.372,1.0,9.807695134625666,0.10000000149011612
321.421,1.0,9.807810550410714,0.10000000149011612
321.471,1.0,9.835009180361197,0.10000000149011612
321.522,1.0,9.835323885476424,0.10000000149011612
321.571,1.0,9.67009114422318,0.10000000149011612
321.622,1.0,9.890123237069282,0.10000000149011612
321.671,1.0,9.917614824179974,0.10000000149011612
321.722,1.0,9.835283759691649,0.10000000149011612
321.772,1.0,9.945068659033213,0.10000000149011612
321.822,1.0,9.890112206029395,0.10000000149011612
321.872,1.0,9.890080187345545,0.10000000149011612
321.922,1.0,9.807861589454115,0.10000000149011612
321.972,1.0,9.917500000012417,0.10000000149011612
322.022,1.0,9.780283521032995,0.10000000149011612
322.071,1.0,9.83515917033785,0.10000000149011612
322.121,1.0,9.835264223731226,0.10000000149011612
322.171,1.0,9.862622529288961,0.10000000149011612
322.222,1.0,9.89021974766834,0.10000000149011612
322.271,1.0,9.8353588466636,0.10000000149011612
322.321,1.0,9.807531557501191,0.10000000149011612
322.372,1.0,9.69795402838952,0.10000000149011612
322.422,1.0,9.780134681881302,0.10000000149011612
322.472,1.0,9.80785047625088,0.10000000149011612
322.522,1.0,9.83514068302595,0.10000000149011612
322.572,1.0,9.835027201080488,0.10000000149011612
322.622,1.0,9.75268031704343,0.10000000149011612
322.671,1.0,9.807503024509383,0.10000000149011612
322.722,1.0,9.780055383799805,0.10000000149011612
322.771,1.0,9.917500000012417,0.10000000149011612
322.821,1.0,9.807722490881051,0.10000000149011612
322.872,1.0,9.808008379675448,0.10000000149011612
322.921,1.0,9.67053432032052,0.10000000149011612
322.972,1.0,9.91761835631397,0.10000000149011612
323.022,1.0,9.807784285354945,0.10000000149011612
323.072,1.0,9.780340688592858,0.10000000149011612
323.121,1.0,9.725739043330153,0.10000000149011612
323.172,1.0,9.78026469219476,0.10000000149011612
323.221,1.0,9.780401582995223,0.10000000149011612
323.272,1.0,9.890256888667743,0.10000000149011612
323.322,1.0,9.752695507494112,0.10000000149011612
323.371,1.0,9.8900891115682,0.10000000149011612
323.422,1.0,9.917641198924846,0.10000000149011612
323.472,1.0,9.890000000016556,0.10000000149011612
323.521,1.0,9.7801941121411,0.10000000149011612
323.572,1.0,9.75291664964623,0.10000000149011612
323.622,1.0,9.890086389312314,0.10000000149011612
323.672,1.0,9.75253443484091,0.10000000149011612
323.722,1.0,9.725301944940455,0.10000000149011612
323.771,1.0,9.835255401747094,0.10000000149011612
323.821,1.0,9.752825279782217,0.10000000149011612
323.871,1.0,9.780059972860746,0.10000000149011612
323.922,1.0,9.890137870133751,0.10000000149011612
323.971,1.0,9.945110675754647,0.10000000149011612
324.022,1.0,9.890186401518683,0.10000000149011612
324.071,1.0,9.862811053999597,0.10000000149011612
324.122,1.0,9.862614208232198,0.10000000149011612
324.172,1.0,9.862513396102521,0.10000000149011612
324.222,1.0,9.86266884793424,0.10000000149011612
324.272,1.0,9.615351735386584,0.10000000149011612
324.321,1.0,9.862780145762695,0.10235843062400818
324.371,1.0,9.862655466774271,0.10000000149011612
324.421,1.0,9.670261795818806,0.10000000149011612
324.472,1.0,9.917500000012417,0.10000000149011612
324.521,1.0,9.752710983840128,0.10000000149011612
324.572,1.0,9.890000000016556,0.10000000149011612
324.622,1.0,9.835258283569582,0.10000000149011612
324.671,1.0,9.725266382594903,0.10000000149011612
324.722,1.0,9.835295464926295,0.10000000149011612
324.771,1.0,9.780335400563976,0.10000000149011612
324.822,1.0,9.670516156322426,0.10000000149011612
324.871,1.0,9.890188604282836,0.10000000149011612
324.922,1.0,9.752702442101306,0.10000000149011612
324.971,1.0,9.670330384684105,0.10000000149011612
325.022,1.0,9.8625596932239,0.10000000149011612
325.072,1.0,9.752956705043713,0.10000000149011612
325.121,1.0,9.890129076544609,0.10000000149011612
325.171,1.0,9.890000000016556,0.10000000149011612
325.222,1.0,9.835035025742318,0.10000000149011612
325.271,1.0,9.807881956050794,0.10000000149011612
325.321,1.0,9.725291238766577,0.10000000149011612
325.371,1.0,9.69810735390832,0.10000000149011612
325.421,1.0,9.725344896751146,0.10000000149011612
325.472,1.0,9.75277954062654,0.10000000149011612
325.521,1.0,9.86260725174927,0.10000000149011612
325.572,1.0,9.862630726893743,0.10000000149011612
325.622,1.0,9.807667375914752,0.10000000149011612
325.672,1.0,9.835086908253531,0.10000000149011612
325.722,1.0,9.78037949870858,0.10000000149011612
325.771,1.0,9.780130955990817,0.10000000149011612
325.822,1.0,9.697990332688722,0.10000000149011612
325.872,1.0,9.807626877311204,0.10000000149011612
325.922,1.0,9.780119557388955,0.10000000149011612
325.971,1.0,9.615278708251815,0.10000000149011612
326.022,1.0,9.807537916426858,0.10000000149011612
326.071,1.0,9.807768645613558,0.10000000149011612
326.121,1.0,9.725407277689213,0.10000000149011612
326.172,1.0,9.945005724413527,0.10000000149011612
326.222,1.0,9.972500000004139,0.10000000149011612
326.272,1.0,9.890144817717374,0.10000000149011612
326.321,1.0,9.725189243588183,0.10000000149011612
326.371,1.0,9.835236136077178,0.10000000149011612
326.422,1.0,9.753320806307926,0.10992135107517242
326.471,1.0,9.862615595737266,0.10000000149011612
326.521,1.0,9.807635018229485,0.10000000149011612
326.572,1.0,9.697984300988416,0.10000000149011612
326.622,1.0,9.670337284314964,0.10000000149011612
326.672,1.0,9.80786157105532,0.10000000149011612
326.722,1.0,9.835231782909897,0.10000000149011612
326.772,1.0,9.725440256297588,0.10000000149011612
326.822,1.0,9.835435749176476,0.10000000149011612
326.872,1.0,9.835049472066263,0.10000000149011612
326.921,1.0,9.94513351091494,0.10000000149011612
326.971,1.0,9.670233505922887,0.10000000149011612
327.022,1.0,9.72540962756094,0.10000000149011612
327.071,1.0,9.752643401010168,0.10000000149011612
327.121,1.0,9.862642442290154,0.10000000149011612
327.172,1.0,9.780509928469028,0.10000000149011612
327.221,1.0,9.75299166807284,0.10000000149011612
327.271,1.0,9.862734106907414,0.10000000149011612
327.322,1.0,9.890008903315497,0.10000000149011612
327.371,1.0,9.89013808026082,0.10000000149011612
327.421,1.0,9.835197522511912,0.10000000149011612
327.471,1.0,9.780268962826167,0.10000000149011612
327.522,1.0,9.752584891104036,0.10000000149011612
327.572,1.0,9.670028349612322,0.10000000149011612
327.621,1.0,9.67044535515209,0.10000000149011612
327.671,1.0,9.890070708634125,0.10000000149011612
327.722,1.0,9.835293778715034,0.10000000149011612
327.772,1.0,9.835170529223978,0.10000000149011612
327.821,1.0,9.69770511161122,0.10000000149011612
327.871,1.0,9.643091253956987,0.10000000149011612
327.922,1.0,9.588176310662593,0.10000000149011612
327.971,1.0,9.807573304718566,0.10000000149011612
328.021,1.0,9.807694754107958,0.10000000149011612
328.072,1.0,9.752949947822426,0.10000000149011612
328.121,1.0,9.752809971032871,0.10000000149011612
328.172,1.0,9.780380251672533,0.10000000149011612
328.222,1.0,9.945205744521486,0.13024713099002838
328.271,1.0,9.862500000020695,0.10000000149011612
328.321,1.0,9.697735776462489,0.10000000149011612
328.372,1.0,9.835351120866836,0.10000000149011612
328.422,1.0,9.780291946459975,0.10000000149011612
328.472,1.0,9.917616533488035,0.10000000149011612
328.521,1.0,9.75272424597707,0.10000000149011612
328.572,1.0,9.862544897985128,0.10000000149011612
328.622,1.0,9.86261026751664,0.10000000149011612
328.672,1.0,9.78040754492912,0.10000000149011612
328.721,1.0,9.725569842217697,0.10000000149011612
328.772,1.0,9.780281812739041,0.10000000149011612
328.822,1.0,9.807788064827522,0.10000000149011612
328.871,1.0,9.835502047650516,0.10000000149011612
328.921,1.0,9.780358760969506,0.10000000149011612
328.972,1.0,9.835253060464229,0.10000000149011612
329.021,1.0,9.8626941666214,0.10000000149011612
329.071,1.0,9.835057139810589,0.10000000149011612
329.122,1.0,9.86261738507698,0.10000000149011612
329.172,1.0,9.86269571212017,0.10000000149011612
329.222,1.0,9.807742722435957,0.10000000149011612
329.272,1.0,9.69793911917756,0.10000000149011612
329.321,1.0,9.862668644098772,0.10000000149011612
329.371,1.0,9.780457057928045,0.10000000149011612
329.421,1.0,9.780056581315067,0.10000000149011612
329.471,1.0,9.752617359057897,0.10000000149011612
329.521,1.0,9.835268460793628,0.10000000149011612
329.571,1.0,9.917553133662377,0.10000000149011612
329.622,1.0,9.835284362878237,0.10000000149011612
329.671,1.0,9.862559652142227,0.10000000149011612
329.721,1.0,9.75277538748665,0.10000000149011612
329.771,1.0,9.890063549040093,0.10000000149011612
329.822,1.0,9.752927307536204,0.10000000149011612
329.872,1.0,9.725133080097537,0.10000000149011612
329.922,1.0,9.835356747172773,0.10000000149011612
329.972,1.0,9.697980135327413,0.10000000149011612
330.022,1.0,9.780208184777035,0.10000000149011612
330.071,1.0,9.780261508168445,0.10000000149011612
330.122,1.0,9.890100611394478,0.10000000149011612
330.172,1.0,9.945000000008278,0.10000000149011612
330.222,1.0,9.807853283298511,0.10000000149011612
330.272,1.0,9.8077411385667,0.10000000149011612
330.322,1.0,9.780470185064607,0.10000000149011612
330.371,1.0,9.725273884957035,0.10000000149011612
330.422,1.0,9.752600637823344,0.10000000149011612
330.471,1.0,9.752849058662024,0.10000000149011612
330.522,1.0,9.780305866214137,0.10000000149011612
330.572,1.0,9.670546781457961,0.10000000149011612
330.622,1.0,9.752933033245306,0.10000000149011612
330.672,1.0,9.862661375995312,0.10000000149011612
330.721,1.0,9.780340946879651,0.10000000149011612
330.772,1.0,9.862678843343424,0.10000000149011612
330.822,1.0,9.69783320594579,0.10000000149011612
330.872,1.0,9.807656668788857,0.10000000149011612
330.922,1.0,9.890066340648465,0.10000000149011612
330.971,1.0,9.697737129819062,0.10000000149011612
331.022,1.0,9.752772733010351,0.10000000149011612
331.072,1.0,9.780205070289473,0.10000000149011612
331.122,1.0,9.780202362003426,0.10000000149011612
331.172,1.0,9.725405920069251,0.10000000149011612
331.222,1.0,9.835015940583414,0.10000000149011612
331.272,1.0,9.807642326007286,0.10000000149011612
331.322,1.0,9.807626965766152,0.10000000149011612
331.371,1.0,9.752864489124882,0.10000000149011612
331.422,1.0,9.835218417023619,0.10000000149011612
331.472,1.0,9.862517295736406,0.10000000149011612
331.522,1.0,9.615297357986371,0.10000000149011612
331.571,1.0,9.697998906920354,0.10000000149011612
331.622,1.0,9.86270157057378,0.10000000149011612
331.672,1.0,9.615513539334966,0.10000000149011612
331.722,1.0,9.670493162030148,0.10000000149011612
331.772,1.0,9.752534753663673,0.10000000149011612
331.821,1.0,9.862716745047106,0.10000000149011612
331.872,1.0,9.807614742509193,0.10000000149011612
331.921,1.0,9.807708631021281,0.10000000149011612
331.971,1.0,9.670401563081477,0.10000000149011612
332.021,1.0,9.642856809186439,0.10000000149011612
332.071,1.0,9.91751122780972,0.10000000149011612
332.121,1.0,9.807922300903334,0.10000000149011612
332.172,1.0,9.890001718948286,0.10000000149011612
332.222,1.0,9.807561308393876,0.10000000149011612
332.271,1.0,9.835176437927617,0.10000000149011612
332.322,1.0,9.752876095266807,0.10000000149011612
332.371,1.0,9.862530740785102,0.10000000149011612
332.422,1.0,9.780108452567625,0.10000000149011612
332.472,1.0,9.725112687899834,0.10000000149011612
332.522,1.0,9.69783973818024,0.10000000149011612
332.572,1.0,9.725236734540927,0.10000000149011612
332.622,1.0,9.835146550585826,0.10000000149011612
332.671,1.0,9.752894756446283,0.10000000149011612
332.722,1.0,9.83525960493005,0.10000000149011612
332.772,1.0,9.780135654947824,0.10000000149011612
332.822,1.0,9.78037901510381,0.10000000149011612
332.872,1.0,9.75286835477584,0.10000000149011612
332.921,1.0,9.807793175863724,0.10000000149011612
332.972,1.0,9.835274356748496,0.10000000149011612
333.022,1.0,9.862685379054811,0.10000000149011612
333.071,1.0,9.890124257012374,0.10000000149011612
333.122,1.0,9.807818122766912,0.10000000149011612
333.172,1.0,9.83524130270299,0.10000000149011612
333.222,1.0,9.780199379536013,0.10000000149011612
333.272,1.0,9.725499009423785,0.10000000149011612
333.322,1.0,9.862698642019597,0.10000000149011612
333.371,1.0,9.835204713833,0.10000000149011612
333.421,1.0,9.835005569313136,0.10000000149011612
333.471,1.0,9.807695959322155,0.10000000149011612
333.522,1.0,9.752937974967063,0.10000000149011612
333.571,1.0,9.725400036428537,0.10000000149011612
333.622,1.0,9.807779731767045,0.10000000149011612
333.672,1.0,9.86272813733667,0.10000000149011612
333.721,1.0,9.835360758896503,0.10000000149011612
333.772,1.0,9.780274373706844,0.10000000149011612
333.822,1.0,9.752742696739734,0.10000000149011612
333.871,1.0,9.780293980158037,0.10000000149011612
333.921,1.0,9.890000000016556,0.10000000149011612
333.972,1.0,9.807789566533433,0.10000000149011612
334.022,1.0,9.835136509790189,0.10000000149011612
334.072,1.0,9.615292526864343,0.10000000149011612
334.122,1.0,9.890111115429963,0.10000000149011612
334.172,1.0,9.807692108634445,0.10000000149011612
334.221,1.0,9.945044954948955,0.10000000149011612
334.272,1.0,9.890306867555612,0.10425141453742981
334.322,1.0,9.862740019708871,0.10000000149011612
334.372,1.0,9.86264397667514,0.10000000149011612
334.421,1.0,9.945000000008278,0.10000000149011612
334.472,1.0,9.780282028619613,0.10000000149011612
334.522,1.0,9.807776599046257,0.10000000149011612
334.572,1.0,9.752704520544244,0.10000000149011612
334.622,1.0,9.78026564721432,0.10000000149011612
334.672,1.0,9.780498790761662,0.10000000149011612
334.722,1.0,9.862552500309215,0.10000000149011612
334.772,1.0,9.78018480816649,0.10000000149011612
334.822,1.0,9.753152083295086,0.10000000149011612
334.872,1.0,9.862610643501911,0.10000000149011612
334.922,1.0,9.725204142596986,0.10000000149011612
334.971,1.0,9.670476486595968,0.10000000149011612
335.022,1.0,9.69788291286677,0.10000000149011612
335.071,1.0,9.75283033988542,0.10000000149011612
335.121,1.0,9.972500000004139,0.10000000149011612
335.172,1.0,9.807635094184015,0.10000000149011612
335.222,1.0,9.642779981841644,0.10000000149011612
335.272,1.0,9.752854879510899,0.10000000149011612
335.322,1.0,9.807723256241944,0.10000000149011612
335.372,1.0,9.80784093969398,0.10000000149011612
335.422,1.0,9.807804192850988,0.10000000149011612
335.472,1.0,9.835357940341863,0.10000000149011612
335.521,1.0,9.725457186541623,0.10000000149011612
335.572,1.0,9.945007420724465,0.10000000149011612
335.622,1.0,9.835235312850111,0.10000000149011612
335.672,1.0,9.752873056795861,0.10000000149011612
335.722,1.0,9.835239429192411,0.10000000149011612
335.772,1.0,9.890254142052598,0.10000000149011612
335.822,1.0,9.835131896680428,0.10000000149011612
335.871,1.0,9.780234399582778,0.10000000149011612
335.921,1.0,9.807784075848758,0.10000000149011612
335.971,1.0,9.89007309904943,0.10000000149011612
336.021,1.0,9.890059542407592,0.10000000149011612
336.072,1.0,9.835412613799175,0.10000000149011612
336.122,1.0,9.862636502252684,0.10000000149011612
336.171,1.0,9.835205364806784,0.10000000149011612
336.221,1.0,9.807776085659862,0.10000000149011612
336.272,1.0,9.80798340820604,0.10000000149011612
336.321,1.0,9.780137194465432,0.10000000149011612
336.372,1.0,9.890209906341301,0.10000000149011612
336.422,1.0,9.752927114876607,0.10000000149011612
336.472,1.0,9.890000000016556,0.10000000149011612
336.522,1.0,9.752700992114843,0.10000000149011612
336.571,1.0,9.862500000020695,0.10000000149011612
336.622,1.0,9.725174346110887,0.10000000149011612
336.671,1.0,9.780487850598163,0.10000000149011612
336.721,1.0,9.835098048527207,0.10000000149011612
336.772,1.0,9.862594850485523,0.10000000149011612
336.822,1.0,9.835219737597638,0.10000000149011612
336.872,1.0,9.890098292504748,0.10000000149011612
336.922,1.0,9.8902455177779,0.10000000149011612
336.972,1.0,9.752925047692326,0.10000000149011612
337.022,1.0,9.780116795934736,0.10000000149011612
337.072,1.0,9.890043905046252,0.10000000149011612
337.122,1.0,9.780397513115572,0.10000000149011612
337.171,1.0,9.780292098907132,0.10000000149011612
337.222,1.0,9.835076412972477,0.10000000149011612
337.272,1.0,9.753003775597447,0.10000000149011612
337.322,1.0,9.780000000033114,0.10000000149011612
337.372,1.0,9.807623822697336,0.10000000149011612
337.422,1.0,9.835276504626705,0.10000000149011612
337.471,1.0,9.670637697146999,0.10000000149011612
337.522,1.0,9.835162104873193,0.10000000149011612
337.571,1.0,9.835126807437176,0.10000000149011612
337.621,1.0,9.862563180840677,0.10000000149011612
337.672,1.0,9.890352871165508,0.10000000149011612
337.722,1.0,9.80768826107184,0.10000000149011612
337.772,1.0,9.725377740690277,0.10000000149011612
337.822,1.0,9.835202467255295,0.10000000149011612
337.872,1.0,9.78012454898821,0.10000000149011612
337.922,1.0,9.89002564166569,0.10000000149011612
337.971,1.0,9.835006333225303,0.10000000149011612
338.021,1.0,9.835093374281294,0.10000000149011612
338.071,1.0,9.752736213285889,0.10000000149011612
338.122,1.0,9.835172638545433,0.10000000149011612
338.172,1.0,9.808084661886095,0.10000000149011612
338.221,1.0,9.698023293684754,0.10000000149011612
338.272,1.0,9.945110632251534,0.11571524292230606
338.322,1.0,9.862697557049493,0.10000000149011612
338.372,1.0,9.780094713738395,0.10000000149011612
338.422,1.0,9.725379843285515,0.10000000149011612
338.472,1.0,9.917500000012417,0.10000000149011612
338.522,1.0,9.945093634414176,0.10978858172893524
338.571,1.0,9.917589374403986,0.10000000149011612
338.621,1.0,9.890210697054863,0.10000000149011612
338.672,1.0,9.752714440599084,0.10000000149011612
338.722,1.0,9.697631852142512,0.10000000149011612
338.772,1.0,9.890253953035508,0.10000000149011612
338.822,1.0,9.725292576663197,0.10000000149011612
338.872,1.0,9.862571952512695,0.10000000149011612
338.922,1.0,9.615368745351832,0.10000000149011612
338.972,1.0,9.917510442166693,0.10000000149011612
339.022,1.0,9.835303616358175,0.10000000149011612
339.072,1.0,9.807602514016132,0.10000000149011612
339.122,1.0,9.917500000012417,0.10000000149011612
339.171,1.0,9.780436641722918,0.10000000149011612
339.222,1.0,9.780120995971892,0.10000000149011612
339.272,1.0,9.780503185072707,0.10000000149011612
339.322,1.0,9.725138638561798,0.10000000149011612
339.372,1.0,9.752686438647409,0.10000000149011612
339.422,1.0,9.752819934777088,0.10000000149011612
339.471,1.0,9.780088430084287,0.10000000149011612
339.522,1.0,9.86262575481087,0.10000000149011612
339.571,1.0,9.890112827469904,0.10000000149011612
339.622,1.0,9.642791999731626,0.10000000149011612
339.672,1.0,9.862635956539048,0.10000000149011612
339.722,1.0,9.697901717945934,0.10000000149011612
339.771,1.0,9.862725786181787,0.10000000149011612
339.822,1.0,9.725463749323454,0.10000000149011612
339.871,1.0,9.890172178877725,0.10000000149011612
339.921,1.0,9.807625182904303,0.10000000149011612
339.972,1.0,9.780307088419795,0.10000000149011612
340.022,1.0,9.86284666477392,0.10000000149011612
340.072,1.0,9.89021262091895,0.10000000149011612
340.121,1.0,9.752975751169854,0.10000000149011612
340.172,1.0,9.890245256821315,0.10000000149011612
340.221,1.0,9.890126048628655,0.10000000149011612
340.271,1.0,9.890205292113952,0.10000000149011612
340.321,1.0,9.862583634112443,0.10000000149011612
340.371,1.0,9.725256723248297,0.10000000149011612
340.422,1.0,9.862675709298088,0.10000000149011612
340.471,1.0,9.752736726196275,0.10000000149011612
340.521,1.0,9.835008256716861,0.10000000149011612
340.572,1.0,9.780272144575914,0.10000000149011612
340.622,1.0,9.807713398916853,0.10000000149011612
340.671,1.0,9.588031253425612,0.10000000149011612
340.722,1.0,9.890094884174566,0.10000000149011612
340.772,1.0,9.80771581793411,0.10000000149011612
340.822,1.0,9.835292994127505,0.10000000149011612
340.871,1.0,9.890255176607106,0.10000000149011612
340.922,1.0,9.807860253647798,0.10000000149011612
340.972,1.0,9.69778087368856,0.10000000149011612
341.022,1.0,9.6154968743316,0.10000000149011612
341.071,1.0,9.807614116329287,0.10000000149011612
341.122,1.0,9.890000000016556,0.10000000149011612
341.172,1.0,9.86264980720977,0.10000000149011612
341.221,1.0,9.890168770485454,0.10000000149011612
341.272,1.0,9.670487365850972,0.10000000149011612
341.322,1.0,9.752856656474371,0.10000000149011612
341.371,1.0,9.890055389847193,0.10000000149011612
341.421,1.0,9.890136825231215,0.10000000149011612
341.471,1.0,9.83521617791719,0.10000000149011612
341.522,1.0,9.725295004848805,0.10000000149011612
341.572,1.0,9.75254173140145,0.10000000149011612
341.622,1.0,9.917500000012417,0.10000000149011612
341.672,1.0,9.752782732455266,0.10000000149011612
341.721,1.0,9.862633575623233,0.10000000149011612
341.771,1.0,9.80765895973891,0.10000000149011612
341.822,1.0,9.835364838213556,0.10000000149011612
341.871,1.0,9.91754943113774,0.10000000149011612
341.921,1.0,9.89003359656781,0.10000000149011612
341.972,1.0,9.725510004038613,0.10000000149011612
342.022,1.0,9.725458454961577,0.10000000149011612
342.072,1.0,9.917574840349456,0.10769332200288773
342.122,1.0,9.780454113044673,0.10000000149011612
342.171,1.0,9.807586778514088,0.10000000149011612
342.222,1.0,9.752758389007713,0.10000000149011612
342.271,1.0,9.862675897797777,0.10000000149011612
342.321,1.0,9.835180133436289,0.10000000149011612
342.372,1.0,9.835275618773368,0.10000000149011612
342.422,1.0,9.807745119494696,0.10000000149011612
342.471,1.0,9.835115650027163,0.10000000149011612
342.522,1.0,9.752982494504087,0.10000000149011612
342.572,1.0,9.807521070684825,0.10000000149011612
342.622,1.0,9.807512169434792,0.10000000149011612
342.672,1.0,9.780545438908868,0.10000000149011612
342.721,1.0,9.807748038632175,0.10000000149011612
342.771,1.0,9.670588785016703,0.10000000149011612
342.822,1.0,9.80791947003454,0.10000000149011612
342.872,1.0,9.945128243520028,0.1189453974366188
342.922,1.0,9.835397733520303,0.10000000149011612
342.971,1.0,9.807604105563627,0.10000000149011612
343.022,1.0,9.725306111243036,0.10000000149011612
343.072,1.0,9.835213562411566,0.10000000149011612
343.121,1.0,9.835341296738221,0.10000000149011612
343.171,1.0,9.835008451549543,0.10000000149011612
343.222,1.0,9.780239138317604,0.10000000149011612
343.271,1.0,9.862642840999696,0.10000000149011612
343.321,1.0,9.725154141005543,0.10000000149011612
343.371,1.0,9.780038253673249,0.10000000149011612
343.421,1.0,9.835173604223463,0.10000000149011612
343.472,1.0,9.835064599538843,0.10000000149011612
343.521,1.0,9.780235427783595,0.10000000149011612
343.572,1.0,9.780288874771859,0.10000000149011612
343.622,1.0,9.890000000016556,0.10000000149011612
343.671,1.0,9.807740244372852,0.10000000149011612
343.721,1.0,9.835238841362298,0.10000000149011612
343.772,1.0,9.835230137387084,0.10000000149011612
343.821,1.0,9.670500603690744,0.10000000149011612
343.871,1.0,9.835280640050769,0.10000000149011612
343.922,1.0,9.780403047965633,0.10000000149011612
343.972,1.0,9.780400031142765,0.10000000149011612
344.022,1.0,9.807720156034662,0.10000000149011612
344.072,1.0,9.835336274446712,0.10000000149011612
344.122,1.0,9.807822593342927,0.10000000149011612
344.172,1.0,9.807863394709097,0.10000000149011612
344.222,1.0,9.725343886928426,0.10000000149011612
344.272,1.0,9.835286512929532,0.10000000149011612
344.322,1.0,9.917728692189687,0.10000000149011612
344.372,1.0,9.780278350909551,0.10000000149011612
344.421,1.0,9.807832922827867,0.10000000149011612
344.472,1.0,9.780282925669518,0.10000000149011612
344.522,1.0,9.807535876623458,0.10000000149011612
344.572,1.0,9.67040711198416,0.10000000149011612
344.622,1.0,9.725133556334509,0.10000000149011612
344.671,1.0,9.835073100299471,0.10000000149011612
344.721,1.0,9.917500000012417,0.10000000149011612
344.772,1.0,9.698146469435757,0.10000000149011612
344.821,1.0,9.917558843311337,0.10000000149011612
344.872,1.0,9.780379781975514,0.10000000149011612
344.921,1.0,9.835149370547798,0.10000000149011612
344.971,1.0,9.725333653369711,0.10000000149011612
345.022,1.0,9.697703037949072,0.10000000149011612
345.071,1.0,9.835108185704383,0.10000000149011612
345.121,1.0,9.807893686162101,0.10000000149011612
345.171,1.0,9.780296957886053,0.10000000149011612
345.222,1.0,9.890023528722425,0.10000000149011612
345.272,1.0,9.807747697271406,0.10000000149011612
345.322,1.0,9.670320270541641,0.10000000149011612
345.372,1.0,9.780175599186785,0.10000000149011612
345.421,1.0,9.862623440970976,0.10000000149011612
345.472,1.0,9.862516925070022,0.10000000149011612
345.522,1.0,9.752673022966418,0.10000000149011612
345.571,1.0,9.807723275592757,0.10000000149011612
345.622,1.0,9.698147938359115,0.10000000149011612
345.672,1.0,9.862700115806527,0.10000000149011612
345.721,1.0,9.752825785345502,0.10000000149011612
345.772,1.0,9.670754520781339,0.10000000149011612
345.822,1.0,9.752744410725104,0.10000000149011612
345.872,1.0,9.725388658026027,0.10000000149011612
345.922,1.0,9.807638962028754,0.10000000149011612
345.972,1.0,9.72544351456066,0.10000000149011612
346.022,1.0,9.725345943537024,0.10000000149011612
346.071,1.0,9.835206996897856,0.10000000149011612
346.122,1.0,9.807599899586704,0.10000000149011612
346.172,1.0,9.725368929261135,0.10000000149011612
346.222,1.0,9.752892238481177,0.10000000149011612
346.272,1.0,9.697964696275692,0.10000000149011612
346.321,1.0,9.807722810386784,0.10000000149011612
346.372,1.0,9.835016454818348,0.10000000149011612
346.422,1.0,9.67070124639819,0.10000000149011612
346.471,1.0,9.725291006287767,0.10000000149011612
346.521,1.0,9.862656162927548,0.10000000149011612
346.571,1.0,9.862812399346796,0.10000000149011612
346.621,1.0,9.835069728104605,0.10000000149011612
346.671,1.0,9.752711429674592,0.10000000149011612
346.721,1.0,9.78020624137587,0.10000000149011612
346.772,1.0,9.807669397153788,0.10000000149011612
346.822,1.0,9.83521818290982,0.10000000149011612
346.871,1.0,9.725354679632519,0.10000000149011612
346.922,1.0,9.862745178884103,0.10000000149011612
346.972,1.0,9.807783677553138,0.10000000149011612
347.021,1.0,9.917600153386593,0.10000000149011612
347.072,1.0,9.890109469948543,0.10000000149011612
347.122,1.0,9.835142341856328,0.10000000149011612
347.171,1.0,9.807694753921695,0.10000000149011612
347.221,1.0,9.780239993499386,0.10000000149011612
347.272,1.0,9.780358736527463,0.10000000149011612
347.322,1.0,9.835057252645493,0.10000000149011612
347.371,1.0,9.835028858813974,0.10000000149011612
347.421,1.0,9.862765812708272,0.10000000149011612
347.472,1.0,9.780434012143976,0.10000000149011612
347.521,1.0,9.80775288771838,0.10000000149011612
347.571,1.0,9.807910408597026,0.10000000149011612
347.622,1.0,9.780418566324645,0.10000000149011612
347.672,1.0,9.862763648086952,0.10000000149011612
347.721,1.0,9.807635184667177,0.10000000149011612
347.772,1.0,9.835088456732532,0.10000000149011612
347.822,1.0,9.670454922173587,0.10000000149011612
347.871,1.0,9.697820071089598,0.10000000149011612
347.922,1.0,9.862564386406707,0.10000000149011612
347.971,1.0,9.807610372040006,0.10000000149011612
348.021,1.0,9.83529903145714,0.10000000149011612
348.071,1.0,9.835064217758676,0.10000000149011612
348.122,1.0,9.835399293361439,0.10000000149011612
348.172,1.0,9.862760176654492,0.10000000149011612
348.222,1.0,9.752664675335918,0.10000000149011612
348.272,1.0,9.780309650819335,0.10000000149011612
348.321,1.0,9.752719324558145,0.10000000149011612
348.371,1.0,9.780216837260458,0.10000000149011612
348.422,1.0,9.835110160066849,0.10000000149011612
348.472,1.0,9.835126826601725,0.10000000149011612
348.522,1.0,9.83509236636261,0.10000000149011612
348.571,1.0,9.917589444749884,0.10000000149011612
348.621,1.0,9.670345890108083,0.10000000149011612
348.672,1.0,9.752754307455486,0.10000000149011612
348.721,1.0,9.78039540760219,0.10000000149011612
348.772,1.0,9.807549941043058,0.10000000149011612
348.822,1.0,9.917663916262487,0.10000000149011612
348.871,1.0,9.780268600976301,0.10000000149011612
348.922,1.0,9.780259684183532,0.10000000149011612
348.971,1.0,9.670400393630068,0.10000000149011612
349.021,1.0,9.725218304122487,0.10000000149011612
349.071,1.0,9.75260357922978,0.10000000149011612
349.122,1.0,9.75275291202383,0.10000000149011612
349.172,1.0,9.945101859689586,0.10000000149011612
349.222,1.0,9.945134595636691,0.10000000149011612
349.271,1.0,9.807737144455313,0.10000000149011612
349.321,1.0,9.917594185409447,0.10014420002698898
349.372,1.0,9.835117552719183,0.10000000149011612
349.422,1.0,9.835171086858544,0.10000000149011612
349.471,1.0,9.697711464576424,0.10000000149011612
349.521,1.0,9.835044859515296,0.10000000149011612
349.572,1.0,9.670288569211133,0.10000000149011612
349.622,1.0,9.752625010742081,0.10000000149011612
349.671,1.0,9.725481031172805,0.10000000149011612
349.721,1.0,9.945000000008278,0.10000000149011612
349.772,1.0,9.725165440804428,0.10000000149011612
349.821,1.0,9.780296592103939,0.10000000149011612
349.872,1.0,9.752858907005026,0.10000000149011612
349.922,1.0,9.80757639348093,0.10000000149011612
349.971,1.0,9.862720694165263,0.10000000149011612
350.022,1.0,9.752878154607282,0.10000000149011612
350.071,1.0,9.862615512890947,0.10000000149011612
350.122,1.0,9.78033022046503,0.10000000149011612
350.172,1.0,9.835317889580296,0.10000000149011612
350.221,1.0,9.61544288997021,0.10000000149011612
350.272,1.0,9.80782847052647,0.10000000149011612
350.322,1.0,9.86276756324288,0.10000000149011612
350.372,1.0,9.615493751689792,0.10000000149011612
350.421,1.0,9.780296523786253,0.10000000149011612
350.472,1.0,9.752771960840457,0.10000000149011612
350.521,1.0,9.83517005758153,0.10000000149011612
350.572,1.0,9.807687061383492,0.10000000149011612
350.621,1.0,9.807718699591028,0.10000000149011612
350.671,1.0,9.862500000020695,0.10000000149011612
350.721,1.0,9.835318123155998,0.10000000149011612
350.772,1.0,9.890101545531717,0.10000000149011612
350.821,1.0,9.890046071281864,0.10000000149011612
350.871,1.0,9.83529443666339,0.10000000149011612
350.921,1.0,9.78026313080142,0.10000000149011612
350.972,1.0,9.835196873835391,0.10000000149011612
351.022,1.0,9.697855914880831,0.10000000149011612
351.072,1.0,9.78021730987562,0.10000000149011612
351.121,1.0,9.780159577789407,0.10000000149011612
351.171,1.0,9.807655573843254,0.10000000149011612
351.221,1.0,9.835086029830078,0.10000000149011612
351.271,1.0,9.780081897498006,0.10000000149011612
351.321,1.0,9.835098739589254,0.10000000149011612
351.372,1.0,9.780174743466906,0.10000000149011612
351.421,1.0,9.807831440058846,0.10000000149011612
351.472,1.0,9.752805874041385,0.10000000149011612
351.522,1.0,9.75276760591401,0.10000000149011612
351.571,1.0,9.890180798350936,0.10000000149011612
351.622,1.0,9.835236100831793,0.10000000149011612
351.672,1.0,9.78013362572011,0.10000000149011612
351.721,1.0,9.862726520001889,0.10000000149011612
351.771,1.0,9.890077998592622,0.10000000149011612
351.822,1.0,9.835204409932096,0.10000000149011612
351.871,1.0,9.725482901496191,0.10000000149011612
351.922,1.0,9.862715228377946,0.10000000149011612
351.972,1.0,9.69764911170221,0.10000000149011612
352.021,1.0,9.86255533264743,0.10000000149011612
352.072,1.0,9.780142133248349,0.10000000149011612
352.122,1.0,9.807790333984627,0.10000000149011612
352.171,1.0,9.835169104900626,0.10000000149011612
352.222,1.0,9.752578671669795,0.10000000149011612
352.272,1.0,9.862558545896576,0.10000000149011612
352.322,1.0,9.807715138192806,0.10000000149011612
352.372,1.0,9.80795789723181,0.10000000149011612
352.422,1.0,9.917500000012417,0.10000000149011612
352.472,1.0,9.807827138673101,0.10000000149011612
352.521,1.0,9.835367654222582,0.10000000149011612
352.572,1.0,9.835252520835233,0.10000000149011612
352.622,1.0,9.890080595244136,0.10000000149011612
352.671,1.0,9.917500000012417,0.10000000149011612
352.721,1.0,9.862738367997938,0.10000000149011612
352.772,1.0,9.807953760234845,0.10473499447107315
352.822,1.0,9.835277376572291,0.10000000149011612
352.871,1.0,9.890074049743513,0.10000000149011612
352.921,1.0,9.7528272797664,0.10000000149011612
352.972,1.0,9.780351225369506,0.10000000149011612
353.022,1.0,9.835217085253033,0.10000000149011612
353.072,1.0,9.835176251642405,0.10000000149011612
353.121,1.0,9.697883138039874,0.10000000149011612
353.171,1.0,9.890000000016556,0.10000000149011612
353.221,1.0,9.697775984596875,0.10000000149011612
353.271,1.0,9.75320391267952,0.10000000149011612
353.321,1.0,9.75290127084073,0.10000000149011612
353.371,1.0,9.752807230254014,0.10000000149011612
353.422,1.0,9.780517902846137,0.10000000149011612
353.471,1.0,9.807892402985857,0.10000000149011612
353.521,1.0,9.83518563049535,0.10000000149011612
353.571,1.0,9.725565970564881,0.10000000149011612
353.621,1.0,9.89011894363082,0.10000000149011612
353.671,1.0,9.807624326729112,0.10000000149011612
353.722,1.0,9.835175723706682,0.10000000149011612
353.772,1.0,9.917502566799522,0.10000000149011612
353.821,1.0,9.862721582274471,0.10000000149011612
353.872,1.0,9.807702088500891,0.10000000149011612
353.921,1.0,9.698000202038221,0.10000000149011612
353.971,1.0,9.835473524634208,0.10000000149011612
354.021,1.0,9.697929113834268,0.10000000149011612
354.072,1.0,9.67034413450294,0.10000000149011612
354.122,1.0,9.835199826293522,0.10000000149011612
354.172,1.0,9.807752478122712,0.10000000149011612
354.221,1.0,9.807652243557904,0.10000000149011612
354.272,1.0,9.972539117228653,0.1140822023153305
354.322,1.0,9.752780861593783,0.10000000149011612
354.372,1.0,9.752840242183042,0.10000000149011612
354.421,1.0,9.890005585323605,0.10000000149011612
354.472,1.0,9.807719424987832,0.10000000149011612
354.521,1.0,9.752903998208543,0.10000000149011612
354.571,1.0,9.807501055258843,0.10000000149011612
354.622,1.0,9.780306110303435,0.10000000149011612
354.672,1.0,9.670203950421678,0.10000000149011612
354.721,1.0,9.61523065438701,0.10000000149011612
354.772,1.0,9.835205402763354,0.10000000149011612
354.821,1.0,9.835409078105457,0.10000000149011612
354.872,1.0,9.835168839308123,0.10000000149011612
354.922,1.0,9.752905489276682,0.10000000149011612
354.972,1.0,9.75283343369762,0.10000000149011612
355.022,1.0,9.725669109572967,0.10000000149011612
355.072,1.0,9.80766336305274,0.10000000149011612
355.122,1.0,9.835193469520245,0.10000000149011612
355.172,1.0,9.89004685661445,0.10000000149011612
355.222,1.0,9.835433432956536,0.10000000149011612
355.272,1.0,9.89015468739801,0.10000000149011612
355.322,1.0,9.807595569040213,0.10000000149011612
355.372,1.0,9.780391972408527,0.10000000149011612
355.422,1.0,9.642696970390777,0.10000000149011612
355.472,1.0,9.862545457503034,0.10000000149011612
355.521,1.0,9.725031015608046,0.10000000149011612
355.571,1.0,9.89017606785314,0.10000000149011612
355.622,1.0,9.725217740713722,0.10000000149011612
355.671,1.0,9.890022756614618,0.10000000149011612
355.722,1.0,9.862543971277773,0.10000000149011612
355.772,1.0,9.890075153981646,0.10000000149011612
355.822,1.0,9.890000000016556,0.10000000149011612
355.871,1.0,9.752922832220793,0.10000000149011612
355.921,1.0,9.670447160862386,0.10000000149011612
355.972,1.0,9.697833381820884,0.10000000149011612
356.021,1.0,9.807630473623673,0.10000000149011612
356.071,1.0,9.86259428229597,0.10000000149011612
356.122,1.0,9.670375022581881,0.10000000149011612
356.171,1.0,9.752900251456433,0.10000000149011612
356.221,1.0,9.697942385305133,0.10000000149011612
356.272,1.0,9.725354108566211,0.10000000149011612
356.322,1.0,9.890390110409093,0.10000000149011612
356.371,1.0,9.890132786726786,0.10000000149011612
356.421,1.0,9.862675033406251,0.10000000149011612
356.472,1.0,9.862500000020695,0.10000000149011612
356.522,1.0,9.835187545542915,0.10000000149011612
356.571,1.0,9.917719183531073,0.10110408067703247
356.622,1.0,9.890172081088854,0.10000000149011612
356.672,1.0,9.780196693229179,0.10000000149011612
356.721,1.0,9.752866902512809,0.10000000149011612
356.771,1.0,9.78018757208354,0.10000000149011612
356.822,1.0,9.780217855713433,0.10000000149011612
356.871,1.0,9.752926366859013,0.10000000149011612
356.922,1.0,9.807837738262283,0.10000000149011612
356.971,1.0,9.945000000008278,0.10000000149011612
357.021,1.0,9.807719879038633,0.10000000149011612
357.072,1.0,9.86279302785794,0.10000000149011612
357.122,1.0,9.91766049404525,0.10000000149011612
357.172,1.0,9.780495221271282,0.10000000149011612
357.222,1.0,9.725173053310977,0.10000000149011612
357.271,1.0,9.725092892990345,0.10000000149011612
357.322,1.0,9.89019377840062,0.10000000149011612
357.371,1.0,9.670573973779877,0.10000000149011612
357.421,1.0,9.890146505584319,0.10000000149011612
357.472,1.0,9.862762672454119,0.10000000149011612
357.522,1.0,9.753179324873619,0.10000000149011612
357.572,1.0,9.862751427334215,0.10000000149011612
357.622,1.0,9.725299306420816,0.10000000149011612
357.671,1.0,9.780297864145703,0.10000000149011612
357.721,1.0,9.862790752512714,0.10000000149011612
357.771,1.0,9.753006639372972,0.10000000149011612
357.821,1.0,9.862768782178561,0.10000000149011612
357.871,1.0,9.697919915306072,0.10000000149011612
357.922,1.0,9.862636225132478,0.10000000149011612
357.972,1.0,9.75282642595056,0.10000000149011612
358.021,1.0,9.835066145720582,0.10000000149011612
358.072,1.0,9.890000000016556,0.10000000149011612
358.121,1.0,9.697874838031,0.10000000149011612
358.171,1.0,9.835190003365279,0.10000000149011612
358.222,1.0,9.72525865568055,0.10000000149011612
358.272,1.0,9.835201144549583,0.10000000149011612
358.321,1.0,9.64278966592004,0.10000000149011612
358.372,1.0,9.862533701480263,0.10000000149011612
358.422,1.0,9.945000000008278,0.10000000149011612
358.471,1.0,9.78047585963375,0.10000000149011612
358.522,1.0,9.83532898047318,0.10000000149011612
358.572,1.0,9.862645473538173,0.10000000149011612
358.622,1.0,9.862500000020695,0.10000000149011612
358.672,1.0,9.835241959057749,0.10000000149011612
358.722,1.0,9.752965023016763,0.10000000149011612
358.771,1.0,9.80775390362574,0.10000000149011612
358.822,1.0,9.72536118881156,0.10000000149011612
358.872,1.0,9.725420696371131,0.10000000149011612
358.921,1.0,9.835227695459293,0.10000000149011612
358.971,1.0,9.780201252818935,0.10000000149011612
359.021,1.0,9.780343069343104,0.10000000149011612
359.071,1.0,9.752856345391935,0.10000000149011612
359.122,1.0,9.83515273777561,0.10000000149011612
359.172,1.0,9.752931325965458,0.10000000149011612
359.222,1.0,9.725258839420146,0.10000000149011612
359.271,1.0,9.780032529888881,0.10000000149011612
359.321,1.0,9.752859961303573,0.10000000149011612
359.372,1.0,9.807891723803348,0.10000000149011612
359.422,1.0,9.835274822803008,0.10000000149011612
359.471,1.0,9.69816211875942,0.10000000149011612
359.522,1.0,9.917656479651729,0.10225190967321396
359.572,1.0,9.83532177352657,0.10000000149011612
359.621,1.0,9.780005974343254,0.10000000149011612
359.672,1.0,9.917566872760654,0.10000000149011612
359.722,1.0,9.83525520844592,0.10000000149011612
359.772,1.0,9.862730159548422,0.10000000149011612
359.821,1.0,9.89025017482539,0.10000000149011612
359.872,1.0,9.945090015480917,0.11071981489658356
359.921,1.0,9.697986558555728,0.10000000149011612
359.972,1.0,9.725345565026833,0.10000000149011612
360.021,1.0,9.917532856576145,0.10000000149011612
360.072,1.0,9.807600784384542,0.10000000149011612
360.121,1.0,9.835358835363554,0.10000000149011612
360.172,1.0,9.780317547751798,0.10000000149011612
360.222,1.0,9.89013047116912,0.10000000149011612
360.272,1.0,9.78018149373432,0.10000000149011612
360.322,1.0,9.862575082749956,0.10000000149011612
360.372,1.0,9.697688938635919,0.10000000149011612
360.422,1.0,9.862699001385934,0.10000000149011612
360.472,1.0,9.862764138562811,0.10000000149011612
360.521,1.0,9.752686762209567,0.10000000149011612
360.571,1.0,9.725278851865895,0.10000000149011612
360.621,1.0,9.780237374102903,0.10000000149011612
360.671,1.0,9.945000000008278,0.10000000149011612
360.721,1.0,9.725281630622016,0.10000000149011612
360.772,1.0,9.670411074016657,0.10000000149011612
360.822,1.0,9.807773657619125,0.10000000149011612
360.871,1.0,9.80773967343072,0.10000000149011612
360.922,1.0,9.780354827580352,0.10000000149011612
360.972,1.0,9.7801262560404,0.10000000149011612
361.022,1.0,9.642687205266622,0.10000000149011612
361.072,1.0,9.670715824597412,0.10000000149011612
361.122,1.0,9.862736736796796,0.10000000149011612
361.171,1.0,9.807667002309527,0.10000000149011612
361.222,1.0,9.862865025860568,0.10000000149011612
361.272,1.0,9.725260611106124,0.10000000149011612
361.322,1.0,9.835031434024375,0.10000000149011612
361.372,1.0,9.835227872389886,0.10000000149011612
361.422,1.0,9.780182370833225,0.10000000149011612
361.471,1.0,9.807868595607578,0.10000000149011612
361.521,1.0,9.697830037296646,0.10000000149011612
361.571,1.0,9.835341405206256,0.10000000149011612
361.622,1.0,9.835317357236313,0.10000000149011612
361.672,1.0,9.752961438149214,0.10000000149011612
361.722,1.0,9.698162183579472,0.10000000149011612
361.772,1.0,9.780158204895754,0.10000000149011612
361.822,1.0,9.780440969930755,0.10000000149011612
361.871,1.0,9.697923745711645,0.10000000149011612
361.922,1.0,9.615648688707086,0.10000000149011612
361.971,1.0,9.835194703646833,0.10000000149011612
362.021,1.0,9.643000210387012,0.10000000149011612
362.071,1.0,9.890152985995842,0.10000000149011612
362.122,1.0,9.780077550208404,0.10000000149011612
362.171,1.0,9.697826377964683,0.10000000149011612
362.222,1.0,9.835248093617459,0.10000000149011612
362.271,1.0,9.752798558026551,0.10000000149011612
362.322,1.0,9.643100967382392,0.10000000149011612
362.371,1.0,9.807857496436272,0.10000000149011612
362.422,1.0,9.835122555701268,0.10000000149011612
362.472,1.0,9.83509598293652,0.10000000149011612
362.522,1.0,9.807789743733075,0.10000000149011612
362.571,1.0,9.697655900071064,0.10000000149011612
362.622,1.0,9.725039565915035,0.10000000149011612
362.671,1.0,9.862639034870599,0.10000000149011612
362.722,1.0,9.698021809694668,0.10000000149011612
362.771,1.0,9.807851229587364,0.10000000149011612
362.822,1.0,9.807823317870497,0.10000000149011612
362.871,1.0,9.890000000016556,0.10000000149011612
362.922,1.0,9.75277477691157,0.10000000149011612
362.972,1.0,9.917526487074792,0.10000000149011612
363.022,1.0,9.89000703315768,0.10000000149011612
363.071,1.0,9.862666651834216,0.10000000149011612
363.122,1.0,9.698187808733847,0.10000000149011612
363.172,1.0,9.752950938149459,0.10000000149011612
363.222,1.0,9.835226832868324,0.10000000149011612
363.272,1.0,9.83540742430422,0.10000000149011612
363.322,1.0,9.945010154094133,0.10000000149011612
363.371,1.0,9.752646819357242,0.10000000149011612
363.422,1.0,9.78008116674092,0.10000000149011612
363.471,1.0,9.86264701694664,0.10000000149011612
363.521,1.0,9.86261742177109,0.10000000149011612
363.571,1.0,9.6977003628595,0.10000000149011612
363.622,1.0,9.697949050180615,0.10000000149011612
363.672,1.0,9.835202239950497,0.10000000149011612
363.721,1.0,9.752789579414658,0.10000000149011612
363.771,1.0,9.862920498661698,0.1204696074128151
363.822,1.0,9.862675797421899,0.10000000149011612
363.872,1.0,9.917617762440608,0.10000000149011612
363.921,1.0,9.890244050158394,0.10000000149011612
363.972,1.0,9.89024402813779,0.10000000149011612
364.022,1.0,9.697714415979053,0.10000000149011612
364.071,1.0,9.7803064417094,0.10000000149011612
364.122,1.0,9.8625749869893,0.10000000149011612
364.172,1.0,9.835239264244835,0.10000000149011612
364.222,1.0,9.697979208827018,0.10000000149011612
364.272,1.0,9.752756310523385,0.10000000149011612
364.321,1.0,9.917753754618268,0.10294530540704727
364.371,1.0,9.643170426061584,0.10000000149011612
364.421,1.0,9.862774657520156,0.10000000149011612
364.471,1.0,9.91757364924997,0.10000000149011612
364.522,1.0,9.725293822896978,0.10000000149011612
364.572,1.0,9.862657613907423,0.10000000149011612
364.621,1.0,9.807789019950562,0.10000000149011612
364.672,1.0,9.835111772206922,0.10000000149011612
364.722,1.0,9.697828948435683,0.10000000149011612
364.772,1.0,9.67045357591576,0.10000000149011612
364.822,1.0,9.972500000004139,0.10000000149011612
364.872,1.0,9.780042287997073,0.10000000149011612
364.922,1.0,9.807818715853823,0.10000000149011612
364.972,1.0,9.780419595932795,0.10000000149011612
365.022,1.0,9.780170982765656,0.10000000149011612
365.071,1.0,9.89005759604689,0.10000000149011612
365.122,1.0,9.807579577279588,0.10000000149011612
365.172,1.0,9.807870324618287,0.10000000149011612
365.222,1.0,9.807598913709322,0.10000000149011612
365.271,1.0,9.752694966023167,0.10000000149011612
365.321,1.0,9.835193052287732,0.10000000149011612
365.372,1.0,9.670513424753315,0.10000000149011612
365.421,1.0,9.697596845651667,0.10000000149011612
365.472,1.0,9.725258629872567,0.10000000149011612
365.521,1.0,9.807643323991861,0.10000000149011612
365.571,1.0,9.807776827861865,0.10000000149011612
365.622,1.0,9.725261871019999,0.10000000149011612
365.671,1.0,9.78019759679834,0.10000000149011612
365.722,1.0,9.89025760686232,0.10000000149011612
365.772,1.0,9.725467195279068,0.10000000149011612
365.821,1.0,9.890178708649344,0.10000000149011612
365.871,1.0,9.670457293507125,0.10000000149011612
365.922,1.0,9.835204558509092,0.10000000149011612
365.971,1.0,9.807889196111097,0.10000000149011612
366.022,1.0,9.807800733132495,0.10000000149011612
366.072,1.0,9.78016623293774,0.10000000149011612
366.121,1.0,9.945122004507317,0.10801936686038971
366.171,1.0,9.835500796801513,0.10000000149011612
366.222,1.0,9.890130688933034,0.10000000149011612
366.272,1.0,9.807679743650887,0.10000000149011612
366.322,1.0,9.862822008236416,0.10000000149011612
366.371,1.0,9.69804816291564,0.10000000149011612
366.422,1.0,9.752772448356781,0.10000000149011612
366.471,1.0,9.752989361745616,0.10000000149011612
366.521,1.0,9.780197719608744,0.10000000149011612
366.572,1.0,9.808042009588744,0.10000000149011612
366.622,1.0,9.917618266907002,0.10000000149011612
366.671,1.0,9.72518896781322,0.10000000149011612
366.722,1.0,9.862670099383427,0.10000000149011612
366.772,1.0,9.862690918354524,0.10000000149011612
366.822,1.0,9.862574260971613,0.10000000149011612
366.871,1.0,9.780279587788714,0.10000000149011612
366.921,1.0,9.697825179580185,0.10000000149011612
366.971,1.0,9.862556690370871,0.10000000149011612
367.022,1.0,9.752764523650209,0.10000000149011612
367.072,1.0,9.807539470535186,0.10000000149011612
367.121,1.0,9.643383746428622,0.10000000149011612
367.172,1.0,9.780436691910856,0.10000000149011612
367.222,1.0,9.862707006579472,0.10000000149011612
367.272,1.0,9.835039046903452,0.10000000149011612
367.321,1.0,9.835097409060431,0.10000000149011612
367.372,1.0,9.917625410565071,0.10000000149011612
367.421,1.0,9.835216089027623,0.10000000149011612
367.472,1.0,9.835186365039812,0.10000000149011612
367.521,1.0,9.697827963758673,0.10000000149011612
367.572,1.0,9.89029775928292,0.10000000149011612
367.621,1.0,9.752818716586464,0.10000000149011612
367.672,1.0,9.890143369841907,0.10000000149011612
367.722,1.0,9.807649909394483,0.10000000149011612
367.771,1.0,9.69790071077231,0.10000000149011612
367.822,1.0,9.670367664078043,0.10000000149011612
367.872,1.0,9.725173073489632,0.10000000149011612
367.921,1.0,9.835384192193548,0.10000000149011612
367.971,1.0,9.862584092633591,0.10000000149011612
368.022,1.0,9.86269516746203,0.10000000149011612
368.071,1.0,9.780162288890116,0.10000000149011612
368.121,1.0,9.807988780323003,0.10000000149011612
368.171,1.0,9.807858437113463,0.10000000149011612
368.222,1.0,9.862697965506879,0.10000000149011612
368.272,1.0,9.753000568991734,0.10000000149011612
368.322,1.0,9.807568280729983,0.10000000149011612
368.372,1.0,9.8077896338991,0.10000000149011612
368.421,1.0,9.835097996869848,0.10000000149011612
368.471,1.0,9.725450842951735,0.10000000149011612
368.522,1.0,9.807599762661589,0.10000000149011612
368.572,1.0,9.862776670294503,0.10000000149011612
368.622,1.0,9.835198334480326,0.10000000149011612
368.672,1.0,9.780144537757668,0.10000000149011612
368.721,1.0,9.725525894988742,0.10000000149011612
368.771,1.0,9.890252773091197,0.10000000149011612
368.822,1.0,9.780170225517617,0.10000000149011612
368.872,1.0,9.642923413010108,0.10000000149011612
368.921,1.0,9.752958193483453,0.10000000149011612
368.972,1.0,9.83550094469554,0.10000000149011612
369.021,1.0,9.862865699806974,0.10000000149011612
369.072,1.0,9.780179558259745,0.10000000149011612
369.121,1.0,9.725616315648788,0.10000000149011612
369.172,1.0,9.917549957479867,0.10000000149011612
369.222,1.0,9.807653608690533,0.10000000149011612
369.272,1.0,9.780132589365046,0.10000000149011612
369.321,1.0,9.862638794941207,0.10000000149011612
369.372,1.0,9.725302916723821,0.10000000149011612
369.422,1.0,9.835253225556679,0.10000000149011612
369.472,1.0,9.807890070892043,0.10000000149011612
369.521,1.0,9.835399752420683,0.10000000149011612
369.572,1.0,9.725215126698215,0.10000000149011612
369.621,1.0,9.807657308938603,0.10000000149011612
369.672,1.0,9.780304445657466,0.10000000149011612
369.721,1.0,9.753015340864659,0.10000000149011612
369.772,1.0,9.72513273641881,0.10000000149011612
369.822,1.0,9.890064902169009,0.10000000149011612
369.872,1.0,9.807758255323602,0.10000000149011612
369.921,1.0,9.807745543205076,0.10000000149011612
369.972,1.0,9.890000000016556,0.10000000149011612
370.021,1.0,9.890133301479121,0.10000000149011612
370.072,1.0,9.780251264447967,0.10000000149011612
370.121,1.0,9.835343489278522,0.10000000149011612
370.171,1.0,9.835152120081087,0.10000000149011612
370.222,1.0,9.890000000016556,0.10000000149011612
370.271,1.0,9.752857282633583,0.10000000149011612
370.322,1.0,9.890070159277982,0.10000000149011612
370.372,1.0,9.698018892875147,0.10000000149011612
370.422,1.0,9.780267208731837,0.10000000149011612
370.471,1.0,9.725634722246063,0.10000000149011612
370.522,1.0,9.917564282814661,0.10000000149011612
370.571,1.0,9.752603134802646,0.10000000149011612
370.621,1.0,9.890217791001001,0.10000000149011612
370.672,1.0,9.890076725867887,0.10000000149011612
370.722,1.0,9.78011356174118,0.10000000149011612
370.771,1.0,9.890120880636903,0.10000000149011612
370.821,1.0,9.80779243486209,0.10000000149011612
370.872,1.0,9.7802835614317,0.10000000149011612
370.922,1.0,9.753002321223418,0.10000000149011612
370.972,1.0,9.725083071572913,0.10000000149011612
371.021,1.0,9.752867493840556,0.10000000149011612
371.071,1.0,9.890267776470218,0.10000000149011612
371.122,1.0,9.807904120989972,0.10000000149011612
371.172,1.0,9.835189092469712,0.10000000149011612
371.221,1.0,9.890251583730182,0.10000000149011612
371.271,1.0,9.807882824084825,0.10000000149011612
371.322,1.0,9.780385202541947,0.10000000149011612
371.372,1.0,9.807661260519591,0.10000000149011612
371.422,1.0,9.83520321291354,0.10000000149011612
371.471,1.0,9.725251758429739,0.10000000149011612
371.522,1.0,9.83517455584887,0.10000000149011612
371.572,1.0,9.94514534605874,0.11347095668315887
371.622,1.0,9.752789646801022,0.10000000149011612
371.671,1.0,9.835458781590892,0.10156161338090897
371.721,1.0,9.807722796665297,0.10000000149011612
371.772,1.0,9.780205283293293,0.10000000149011612
371.822,1.0,9.835186399850581,0.10000000149011612
371.872,1.0,9.780234965412982,0.10000000149011612
371.922,1.0,9.725102799220217,0.10000000149011612
371.971,1.0,9.835189145699971,0.10000000149011612
372.021,1.0,9.697723367375632,0.10000000149011612
372.071,1.0,9.8077323185073,0.10000000149011612
372.121,1.0,9.642907064490847,0.10000000149011612
372.171,1.0,9.615782270063129,0.10000000149011612
372.222,1.0,9.862692137414383,0.10000000149011612
372.271,1.0,9.725429994199011,0.10000000149011612
372.322,1.0,9.67033278360549,0.10000000149011612
372.372,1.0,9.835324921065734,0.10000000149011612
372.422,1.0,9.725342701623838,0.10000000149011612
372.472,1.0,9.808060906020303,0.10017993301153183
372.521,1.0,9.80777660370287,0.10000000149011612
372.572,1.0,9.835309227680167,0.10000000149011612
372.622,1.0,9.752997519510489,0.10000000149011612
372.672,1.0,9.725624804881711,0.10000000149011612
372.721,1.0,9.780379505828023,0.10000000149011612
372.771,1.0,9.725231347150272,0.10000000149011612
372.821,1.0,9.86263876673248,0.10000000149011612
372.871,1.0,9.835025511537161,0.10000000149011612
372.922,1.0,9.835181050789025,0.10000000149011612
372.971,1.0,9.752757304844756,0.10000000149011612
373.021,1.0,9.89010457880795,0.10000000149011612
373.072,1.0,9.835175912206372,0.10000000149011612
373.121,1.0,9.725453735411994,0.10000000149011612
373.172,1.0,9.780429445952176,0.10000000149011612
373.221,1.0,9.80771264611847,0.10000000149011612
373.272,1.0,9.890267988708285,0.10000000149011612
373.321,1.0,9.835400710937877,0.10000000149011612
373.371,1.0,9.753041467236148,0.10000000149011612
373.421,1.0,9.725238518975676,0.10000000149011612
373.472,1.0,9.835224154757128,0.10000000149011612
373.522,1.0,9.945000000008278,0.10000000149011612
373.572,1.0,9.780208306614723,0.10000000149011612
373.621,1.0,9.835098608189988,0.10000000149011612
373.672,1.0,9.807658297175335,0.10000000149011612
373.722,1.0,9.862500345893205,0.10000000149011612
373.772,1.0,9.890218778409892,0.10000000149011612
373.822,1.0,9.83516778246396,0.10000000149011612
373.871,1.0,9.697691951485144,0.10000000149011612
373.922,1.0,9.8625783280366,0.10000000149011612
373.971,1.0,9.835118339873022,0.10000000149011612
374.022,1.0,9.780296768455042,0.10000000149011612
374.071,1.0,9.917584897081058,0.10000000149011612
374.122,1.0,9.890027424010137,0.10000000149011612
374.171,1.0,9.697644532699552,0.10000000149011612
374.222,1.0,9.80761414371017,0.10000000149011612
374.271,1.0,9.835249819503062,0.10000000149011612
374.322,1.0,9.780329774547782,0.10000000149011612
374.371,1.0,9.69785398054454,0.10000000149011612
374.422,1.0,9.752799997375243,0.10000000149011612
374.471,1.0,9.725212901313272,0.10000000149011612
374.521,1.0,9.780454030591581,0.10000000149011612
374.571,1.0,9.780099085387256,0.10000000149011612
374.621,1.0,9.862721546884213,0.10000000149011612
374.671,1.0,9.670241120188601,0.10000000149011612
374.721,1.0,9.862951412093308,0.10000000149011612
374.772,1.0,9.72519233684159,0.10000000149011612
374.821,1.0,9.807824877152841,0.10000000149011612
374.871,1.0,9.725441901758312,0.10000000149011612
374.922,1.0,9.807721192079287,0.10000000149011612
374.972,1.0,9.89004113196085,0.10000000149011612
375.022,1.0,9.807750996222927,0.10000000149011612
375.071,1.0,9.917618414842421,0.10000000149011612
375.122,1.0,9.67058226445483,0.10000000149011612
375.172,1.0,9.725521796734796,0.10000000149011612
375.221,1.0,9.725405441369448,0.10000000149011612
375.271,1.0,9.78026640864296,0.10000000149011612
375.321,1.0,9.835193343543343,0.10000000149011612
375.371,1.0,9.69808400136729,0.10000000149011612
375.422,1.0,9.835113241896034,0.10000000149011612
375.471,1.0,9.890061378561787,0.10000000149011612
375.521,1.0,9.835286494054728,0.10000000149011612
375.571,1.0,9.7251496978725,0.10000000149011612
375.622,1.0,9.78039330697308,0.10000000149011612
375.672,1.0,9.752764344153304,0.10000000149011612
375.721,1.0,9.862652169644004,0.10000000149011612
375.772,1.0,9.78030019880583,0.10000000149011612
375.822,1.0,9.725243740301165,0.10000000149011612
375.872,1.0,9.835122005662157,0.10000000149011612
375.921,1.0,9.862667720930444,0.10000000149011612
375.972,1.0,9.890219659937753,0.10000000149011612
376.022,1.0,9.697527211594085,0.10000000149011612
376.071,1.0,9.642937220860686,0.10000000149011612
376.121,1.0,9.890246201886072,0.10000000149011612
376.172,1.0,9.643147770170536,0.10000000149011612
376.222,1.0,9.807601526503761,0.10000000149011612
376.272,1.0,9.835249127199253,0.10000000149011612
376.322,1.0,9.917500000012417,0.10000000149011612
376.371,1.0,9.80773798674345,0.10000000149011612
376.421,1.0,9.697747948124176,0.10000000149011612
376.471,1.0,9.780265323258936,0.10000000149011612
376.522,1.0,9.780339400946266,0.10000000149011612
376.571,1.0,9.86276283769144,0.10000000149011612
376.622,1.0,9.835225063065687,0.10000000149011612
376.672,1.0,9.862696032329566,0.10000000149011612
376.721,1.0,9.780323424024715,0.10000000149011612
376.772,1.0,9.835202596481476,0.10000000149011612
376.822,1.0,9.75275846976373,0.10000000149011612
376.872,1.0,9.835319968747596,0.10000000149011612
376.922,1.0,9.670071423095134,0.10000000149011612
376.972,1.0,9.807652714972695,0.10000000149011612
377.022,1.0,9.80774232422312,0.10000000149011612
377.072,1.0,9.780478297008408,0.10000000149011612
377.121,1.0,9.835130221334596,0.10000000149011612
377.172,1.0,9.725301410878698,0.10000000149011612
377.222,1.0,9.752707204595207,0.10000000149011612
377.273,1.0,9.807500000028975,0.10000000149011612
377.322,1.0,9.890151278177898,0.10000000149011612
377.371,1.0,9.807948442755475,0.10000000149011612
377.421,1.0,9.890177902103298,0.10000000149011612
377.471,1.0,9.697978697323965,0.10000000149011612
377.522,1.0,9.80769232797126,0.10000000149011612
377.571,1.0,9.835178313342233,0.10000000149011612
377.622,1.0,9.807931612618267,0.10000000149011612
377.671,1.0,9.807733721037705,0.10000000149011612
377.721,1.0,9.807797404647701,0.10000000149011612
377.771,1.0,9.752614627902707,0.10000000149011612
377.821,1.0,9.698014306007988,0.10000000149011612
377.871,1.0,9.862668507070177,0.10000000149011612
377.921,1.0,9.780272286343905,0.10000000149011612
377.971,1.0,9.725493638031185,0.10000000149011612
378.022,1.0,9.780224888357852,0.10000000149011612
378.071,1.0,9.917572285027967,0.10000000149011612
378.122,1.0,9.890061373056637,0.10000000149011612
378.171,1.0,9.698171564067403,0.10000000149011612
378.221,1.0,9.697909302678372,0.10000000149011612
378.271,1.0,9.780183780565858,0.10000000149011612
378.322,1.0,9.862693005220757,0.10000000149011612
378.371,1.0,9.780155246187416,0.10000000149011612
378.421,1.0,9.725318885594607,0.10000000149011612
378.472,1.0,9.807886585551831,0.10000000149011612
378.522,1.0,9.75284416553461,0.10000000149011612
378.572,1.0,9.835327462520864,0.10000000149011612
378.622,1.0,9.780295455145339,0.10000000149011612
378.672,1.0,9.835329659055505,0.10000000149011612
378.722,1.0,9.780274470647177,0.10000000149011612
378.771,1.0,9.780379229266611,0.10000000149011612
378.822,1.0,9.835299135247867,0.10000000149011612
378.871,1.0,9.835248948468102,0.10000000149011612
378.921,1.0,9.835224816058245,0.10000000149011612
378.971,1.0,9.862752611045208,0.10000000149011612
379.022,1.0,9.780353234459957,0.10000000149011612
379.072,1.0,9.752686679963436,0.10000000149011612
379.122,1.0,9.862603153391845,0.10000000149011612
379.172,1.0,9.890329201209049,0.10000000149011612
379.222,1.0,9.780203511027826,0.10000000149011612
379.272,1.0,9.807685661626358,0.10000000149011612
379.322,1.0,9.752642234745952,0.10000000149011612
379.372,1.0,9.752642552740872,0.10000000149011612
379.422,1.0,9.780499495069186,0.10000000149011612
379.471,1.0,9.780425839291679,0.10000000149011612
379.522,1.0,9.780287970023023,0.10000000149011612
379.571,1.0,9.835217094752524,0.10000000149011612
379.621,1.0,9.752772506926622,0.10000000149011612
379.671,1.0,9.752773265685473,0.10000000149011612
379.721,1.0,9.835185627225373,0.10000000149011612
379.771,1.0,9.835219004977908,0.10000000149011612
379.822,1.0,9.835166843442453,0.10000000149011612
379.871,1.0,9.807755556992358,0.10000000149011612
379.922,1.0,9.862689149607387,0.10000000149011612
379.972,1.0,9.89011351124694,0.10000000149011612
380.022,1.0,9.862845106133156,0.10000000149011612
380.072,1.0,9.917551067223151,0.10000000149011612
380.121,1.0,9.807837048793832,0.10000000149011612
380.171,1.0,9.780279094270535,0.10000000149011612
380.221,1.0,9.780337741722663,0.10000000149011612
380.272,1.0,9.752703377335436,0.10000000149011612
380.322,1.0,9.780144117896755,0.10000000149011612
380.371,1.0,9.587995064962241,0.10000000149011612
380.422,1.0,9.752725061670773,0.10000000149011612
380.471,1.0,9.698129164075686,0.10000000149011612
380.521,1.0,9.835247193380363,0.10000000149011612
380.572,1.0,9.917616095766425,0.10000000149011612
380.621,1.0,9.725139655607443,0.10000000149011612
380.672,1.0,9.725214124139812,0.10000000149011612
380.722,1.0,9.6429576014479,0.10000000149011612
380.772,1.0,9.780228317632444,0.10000000149011612
380.822,1.0,9.780375538414551,0.10000000149011612
380.872,1.0,9.670380464030636,0.10000000149011612
380.921,1.0,9.86273435426669,0.10000000149011612
380.972,1.0,9.752577678942018,0.10000000149011612
381.021,1.0,9.7527840508562,0.10000000149011612
381.071,1.0,9.8351486813277,0.10000000149011612
381.121,1.0,9.80793242516617,0.10000000149011612
381.172,1.0,9.78039020564821,0.10000000149011612
381.221,1.0,9.890099611774914,0.10000000149011612
381.272,1.0,9.917587423283193,0.10000000149011612
381.321,1.0,9.780116847426527,0.10000000149011612
381.372,1.0,9.752774381037387,0.10000000149011612
381.421,1.0,9.835211224088239,0.10000000149011612
381.472,1.0,9.83500961156355,0.10000000149011612
381.521,1.0,9.807645356013543,0.10000000149011612
381.571,1.0,9.752667393866513,0.10000000149011612
381.621,1.0,9.642911792712079,0.10000000149011612
381.671,1.0,9.670413468240035,0.10000000149011612
381.721,1.0,9.945032395070626,0.10000000149011612
381.772,1.0,9.945048249864744,0.10000000149011612
381.822,1.0,9.72530486618893,0.10000000149011612
381.872,1.0,9.725422589998278,0.10000000149011612
381.921,1.0,9.780108116918967,0.10000000149011612
381.971,1.0,9.697627840936184,0.10000000149011612
382.022,1.0,9.807667440714107,0.10000000149011612
382.071,1.0,9.83509597927332,0.10000000149011612
382.121,1.0,9.835234318383867,0.10000000149011612
382.171,1.0,9.725321120375561,0.10000000149011612
382.221,1.0,9.8901836818705,0.10000000149011612
382.273,1.0,9.807596086110506,0.10000000149011612
382.322,1.0,9.807720420737233,0.10000000149011612
382.371,1.0,9.807726151806612,0.10000000149011612
382.422,1.0,9.890190591787299,0.10000000149011612
382.472,1.0,9.78012928288016,0.10000000149011612
382.522,1.0,9.862708665865163,0.10000000149011612
382.571,1.0,9.807697056440844,0.10000000149011612
382.622,1.0,9.697811494188176,0.10000000149011612
382.671,1.0,9.780214997939765,0.10000000149011612
382.722,1.0,9.83516007622497,0.10000000149011612
382.772,1.0,9.670645100312928,0.10000000149011612
382.822,1.0,9.835183826109601,0.10000000149011612
382.872,1.0,9.725497501902282,0.10000000149011612
382.922,1.0,9.752671141963866,0.10000000149011612
382.972,1.0,9.835312779206369,0.10000000149011612
383.022,1.0,9.67029652947353,0.10000000149011612
383.072,1.0,9.752811144933933,0.10000000149011612
383.122,1.0,9.725282301401926,0.10000000149011612
383.172,1.0,9.917640923708678,0.1003464013338089
383.222,1.0,9.752847642058299,0.10000000149011612
383.272,1.0,9.725582753515077,0.10000000149011612
383.322,1.0,9.75279683108545,0.10000000149011612
383.371,1.0,9.752704378072586,0.10000000149011612
383.421,1.0,9.725355397288999,0.10000000149011612
383.472,1.0,9.725368600152432,0.10000000149011612
383.522,1.0,9.945000000008278,0.10000000149011612
383.572,1.0,9.890160603738494,0.10000000149011612
383.621,1.0,9.807804163214232,0.10000000149011612
383.672,1.0,9.670198917181956,0.10000000149011612
383.722,1.0,9.615639494938982,0.10000000149011612
383.771,1.0,9.807648314866755,0.10000000149011612
383.822,1.0,9.80801505787919,0.10000000149011612
383.871,1.0,9.890127786849108,0.10000000149011612
383.922,1.0,9.835295203638573,0.10000000149011612
383.972,1.0,9.780221483815048,0.10000000149011612
384.022,1.0,9.807596745569672,0.10000000149011612
384.072,1.0,9.75266148791545,0.10000000149011612
384.122,1.0,9.80762140336964,0.10000000149011612
384.172,1.0,9.670336953674754,0.10000000149011612
384.222,1.0,9.890072338883247,0.10000000149011612
384.272,1.0,9.8077613260597,0.10000000149011612
384.322,1.0,9.80777631993923,0.10000000149011612
384.372,1.0,9.835039904858503,0.10000000149011612
384.422,1.0,9.8626241221817,0.10000000149011612
384.472,1.0,9.835196393893824,0.10000000149011612
384.522,1.0,9.780340029299259,0.10000000149011612
384.571,1.0,9.807547740990088,0.10000000149011612
384.622,1.0,9.807731047334771,0.10000000149011612
384.671,1.0,9.725261402357784,0.10000000149011612
384.722,1.0,9.780307275926074,0.10000000149011612
384.772,1.0,9.78024483366559,0.10000000149011612
384.822,1.0,9.752885639915863,0.10000000149011612
384.872,1.0,9.807819934354889,0.10000000149011612
384.921,1.0,9.780174136824078,0.10000000149011612
384.971,1.0,9.752993537402816,0.10000000149011612
385.022,1.0,9.807849824821783,0.10000000149011612
385.072,1.0,9.835511125789749,0.1021028682589531
385.121,1.0,9.75307866645356,0.10000000149011612
385.171,1.0,9.752802062572705,0.10000000149011612
385.221,1.0,9.862742582874166,0.10000000149011612
385.271,1.0,9.780215870340665,0.10000000149011612
385.321,1.0,9.835208679756356,0.10000000149011612
385.371,1.0,9.89007723743303,0.10000000149011612
385.421,1.0,9.780366163266201,0.10000000149011612
385.472,1.0,9.807584010747572,0.10000000149011612
385.522,1.0,9.890229901257488,0.10947036743164062
385.572,1.0,9.917858063222633,0.1363506019115448
385.621,1.0,9.80786707730343,0.10000000149011612
385.672,1.0,9.862626416836347,0.10000000149011612
385.722,1.0,9.835157482450207,0.10000000149011612
385.771,1.0,9.752969378170867,0.10000000149011612
385.822,1.0,9.835261851549149,0.10000000149011612
385.872,1.0,9.725120290886197,0.10000000149011612
385.922,1.0,9.642859579788315,0.10000000149011612
385.971,1.0,9.78018185119662,0.10000000149011612
386.021,1.0,9.862823994126584,0.10000000149011612
386.072,1.0,9.807635767240491,0.10000000149011612
386.122,1.0,9.86262705406795,0.10000000149011612
386.172,1.0,9.835212004971172,0.10000000149011612
386.221,1.0,9.780173440236185,0.10000000149011612
386.272,1.0,9.835216778537465,0.10000000149011612
386.321,1.0,9.835360728349123,0.10000000149011612
386.372,1.0,9.835000000024836,0.10000000149011612
386.422,1.0,9.752741001028982,0.10000000149011612
386.472,1.0,9.890092425917585,0.10000000149011612
386.522,1.0,9.862547214225762,0.10000000149011612
386.571,1.0,9.752815675466424,0.10000000149011612
386.621,1.0,9.780427908442087,0.10000000149011612
386.672,1.0,9.890129889444344,0.10000000149011612
386.722,1.0,9.72523074363255,0.10000000149011612
386.772,1.0,9.807706645006935,0.10000000149011612
386.821,1.0,9.80755705293268,0.10000000149011612
386.872,1.0,9.698025874503784,0.10000000149011612
386.922,1.0,9.697861311315663,0.10000000149011612
386.971,1.0,9.835113390307459,0.10000000149011612
387.022,1.0,9.835246940784984,0.10000000149011612
387.071,1.0,9.560512817816601,0.10000000149011612
387.122,1.0,9.807667229490148,0.10000000149011612
387.171,1.0,9.835217086142963,0.10000000149011612
387.221,1.0,9.670240751364165,0.10000000149011612
387.272,1.0,9.780039885309007,0.10000000149011612
387.322,1.0,9.890236584055755,0.10000000149011612
387.372,1.0,9.725470444891188,0.10000000149011612
387.422,1.0,9.862592251598835,0.10000000149011612
387.471,1.0,9.835175363553894,0.10000000149011612
387.522,1.0,9.807617386016581,0.10000000149011612
387.572,1.0,9.835029636137188,0.10000000149011612
387.622,1.0,9.80775437394364,0.10000000149011612
387.672,1.0,9.72549945122252,0.10000000149011612
387.721,1.0,9.862591582660874,0.10000000149011612
387.772,1.0,9.697852152689464,0.10000000149011612
387.822,1.0,9.917631832303272,0.10000000149011612
387.872,1.0,9.725327376110686,0.10000000149011612
387.921,1.0,9.862678168941702,0.10000000149011612
387.971,1.0,9.64261269405898,0.10000000149011612
388.022,1.0,9.835322459021377,0.10000000149011612
388.072,1.0,9.780174440973335,0.10000000149011612
388.122,1.0,9.89025603669385,0.1112513542175293
388.172,1.0,9.725202976974348,0.10000000149011612
388.222,1.0,9.835242386783163,0.10000000149011612
388.272,1.0,9.917664982688924,0.10000000149011612
388.322,1.0,9.91776781340854,0.10000000149011612
388.372,1.0,9.725494450972311,0.10000000149011612
388.422,1.0,9.862566488277581,0.10000000149011612
388.471,1.0,9.697768002603617,0.10000000149011612
388.522,1.0,9.670171382319596,0.10000000149011612
388.571,1.0,9.945141283422709,0.12419208884239197
388.622,1.0,9.670326620464524,0.10000000149011612
388.672,1.0,9.890000000016556,0.10000000149011612
388.721,1.0,9.725440954147942,0.10000000149011612
388.772,1.0,9.835378052956528,0.10000000149011612
388.822,1.0,9.780312805229592,0.10000000149011612
388.872,1.0,9.807946083529128,0.10000000149011612
388.921,1.0,9.697990657637517,0.10000000149011612
388.971,1.0,9.725177245773375,0.10000000149011612
389.021,1.0,9.697976896187498,0.10000000149011612
389.072,1.0,9.807732720466124,0.10000000149011612
389.122,1.0,9.835129186200598,0.10000000149011612
389.172,1.0,9.8077915980998,0.10000000149011612
389.222,1.0,9.83534631073061,0.10000000149011612
389.272,1.0,9.86257838950389,0.10000000149011612
389.321,1.0,9.780211485073798,0.10000000149011612
389.371,1.0,9.780291995033622,0.10000000149011612
389.421,1.0,9.780215532249874,0.10000000149011612
389.471,1.0,9.725117055057652,0.10000000149011612
389.522,1.0,9.780236757401791,0.10000000149011612
389.571,1.0,9.862688046341969,0.10000000149011612
389.621,1.0,9.752710578569936,0.10000000149011612
389.672,1.0,9.780068516607086,0.10000000149011612
389.722,1.0,9.8901730235873,0.10000000149011612
389.772,1.0,9.835336466982133,0.10000000149011612
389.822,1.0,9.698193915250402,0.10000000149011612
389.872,1.0,9.862520298858483,0.10000000149011612
389.921,1.0,9.698080716054474,0.10000000149011612
389.972,1.0,9.69776759143505,0.10000000149011612
390.021,1.0,9.670758308822082,0.10000000149011612
